rocket_id,regime_label,regime_code,boundary_distance,p_unstable,servo_slew_deg_s,max_gimbal_deg,best_u_max_frac,best_Kp,best_Kd,nominal_success_rate,under_success_rate,over_success_rate,robustness,mass,Iyy,static_margin,Cm_alpha,control_effectiveness,thrust,deadband,backlash,latency_steps,wind_strength,nominal_servo_slew_deg_s,nominal_max_gimbal_deg,design_id
R0001,EASY,2,2.26287015451722,0.441388854212445,93.7439005207043,10.0074196065162,0.667161307101081,20,8,1,1,1,1,1.81271004682865,0.0301470580457273,0.0553999641773891,-36.9723515162606,13.9341002294701,27.8735155219467,0.0546811439540159,0.0462833258533795,5,0.261988816718031,93.7439005207043,10.0074196065162,1
R0002,INFEASIBLE,0,-1.66508427206459,0.684209601162738,46.159305757592,9.40178736326807,0.626785824217872,20,32,0,0,0,0,1.67260668873046,0.0193169147202039,0.100970707606448,-41.7274340653931,7.94706989411083,49.0814277510698,0.142715347759522,0.117313786667329,2,0.302517554294677,46.159305757592,9.40178736326807,2
R0003,INFEASIBLE,0,-1.77626852383885,0.503001622142429,41.8405813086407,9.47249608847142,0.631499739231428,20,32,0,0,0,0,0.98575579362534,0.0373519954675657,0.059910104544926,-42.4270155009749,6.33148993961315,33.0527581697589,0.137173205501234,0.24727054952588,4,0.159151827926813,41.8405813086407,9.47249608847142,3
R0004,EASY,2,2.27365865267971,0.689012783874128,109.398299432357,10.8246500324254,0.721643335495029,20,8,1,1,1,1,1.86543816556375,0.0365471550809134,0.0853675553436372,-41.0079909534073,8.05386716811932,33.4140773047215,0.123047714092491,0.057392709820752,3,0.228028163447768,109.398299432357,10.8246500324254,4
R0005,EASY,2,1.754363045125,1.19938436671167,30.0026068023538,8.83795803839496,0.589197202559664,20,16,1,1,1,1,1.79331043182861,0.0174023232586942,0.160127384172173,-39.4717152020351,7.54749615964442,35.9457711484664,0.0175994226028478,0.00895147320632883,4,0.442057815118713,30.0026068023538,8.83795803839496,5
R0006,FRAGILE,1,0,0.829735514007218,79.8962088372627,10.8098426882024,0.720656179213493,20,32,1,1,1,1,1.95124718809804,0.0373305976923969,0.080596551888793,-48.3414713869755,11.8283499525465,28.5400449854355,0.0564146725744233,0.209578889103885,5,0.181804601443928,79.8962088372627,10.8098426882024,6
R0007,EASY,2,2.67045788640601,1.60612545656604,118.347183735117,9.33833020027904,0.62255534668527,20,16,1,1,1,1,0.94941260653112,0.0317746259231077,0.228858741302987,-35.7533446908193,6.38057181811749,33.594701588335,0.0585350788395538,0.0290364670103973,5,0.325376903678207,118.347183735117,9.33833020027904,7
R0008,INFEASIBLE,0,-1.70832122079064,1.58490164867255,25.050235900846,10.2215898002244,0.681439320014963,20,32,0,0,0,0,0.916891222684164,0.0210287713441137,0.174360294169268,-43.7858890150097,10.0644880145635,30.0344893675809,0.0669190755994681,0.116680873371933,4,0.256850303762696,25.050235900846,10.2215898002244,8
R0009,INFEASIBLE,0,-1.25932008988403,0.826915833894756,39.8489842491799,10.7378250558643,0.715855003724287,20,32,0,1,0,0.333333333333333,1.78923308895481,0.0245633819490671,0.113394374070889,-39.0703555381879,8.22373239955575,37.1549331254306,0.0818801156048036,0.122678518985722,4,0.227231918203584,39.8489842491799,10.7378250558643,9
R0010,EASY,2,2.16521636653409,1.40805797836092,46.8709440633859,12.1957494845683,0.813049965637886,20,32,1,1,1,1,1.03367886834452,0.0206113852838756,0.178556432524055,-38.9046477387026,13.5135687348463,31.5046208243412,0.00695615223812123,0.0415158310617478,3,0.216940519117479,46.8709440633859,12.1957494845683,10
R0011,INFEASIBLE,0,-1.80237479643266,1.91610014432287,82.3921923412353,10.0519593884017,0.670130625893446,20,32,0,0,0,0,1.37693288999698,0.0305866038175138,0.215734675792647,-49.5144540466078,10.8605853316253,40.2280380581438,0.0279212459066291,0.151813674855205,3,0.30094758630102,82.3921923412353,10.0519593884017,11
R0012,FRAGILE,1,0,3.17682184627741,69.6501317649029,10.1477720237308,0.676518134915385,20,16,1,1,0,0.666666666666667,1.76308478823103,0.0211733615210336,0.22475622548058,-65.1034056415261,5.76477685630672,27.4603780044132,0.0980946176458941,0.0985300510481565,4,0.220599237919121,69.6501317649029,10.1477720237308,12
R0013,EASY,2,1.97022104998698,1.18515269221331,52.3577405781828,10.7316296551949,0.715441977012993,20,32,1,1,1,1,1.7518061074257,0.0332193474320263,0.0962758832759233,-61.9041986413971,8.73529598512105,32.7331633389797,0.0244032898891748,0.0697669792557301,4,0.442416551093728,52.3577405781828,10.7316296551949,13
R0014,FRAGILE,1,0,1.10335197867376,63.4339340140773,9.83558209358302,0.655705472905535,20,32,1,1,0,0.666666666666667,1.47442633982206,0.0304361113624717,0.0789958909047319,-68.6601887377482,7.95651848772686,31.2789516877107,0.0413121570179609,0.142349215785664,3,0.291460375669709,63.4339340140773,9.83558209358302,14
R0015,INFEASIBLE,0,-2.2407330950458,1.15822694982872,56.0606122036524,14.7895861720262,0.985972411468411,20,32,0,0,0,0,1.74882211925144,0.0213300551071609,0.102874644158959,-61.0224629137011,7.51990075722759,38.0250839400534,0.0985429936584579,0.136017977791313,2,0.069829769440083,56.0606122036524,14.7895861720262,15
R0016,EASY,2,2.13447512168313,1.88338254295098,116.570310868343,9.09357038450305,0.606238025633537,20,8,1,1,1,1,0.968913174475852,0.0317887765053864,0.147131283932352,-67.6199201313368,5.98715702287332,36.1196582398784,0.08816165988335,0.0905049676476769,1,0.255474133647892,116.570310868343,9.09357038450305,16
R0017,INFEASIBLE,0,-1.94057274238421,0.812894402791447,44.3586824332301,13.521973804701,0.901464920313399,20,32,0,0,0,0,1.63168833836342,0.0333629816597603,0.0894088993221549,-52.8709915006766,8.72808140879421,43.771305254507,0.0283804897412742,0.17144610382977,3,0.146903504147174,44.3586824332301,13.521973804701,17
R0018,INFEASIBLE,0,-1.9871820696298,0.441242681666306,78.7979571610385,14.6643307401289,0.977622049341925,20,32,0,0,0,0,1.24673284687845,0.038661588983897,0.0751327451075902,-33.4439315187459,11.0484856200272,41.9758492036401,0.00227485250710736,0.2232598779348,4,0.362028778268709,78.7979571610385,14.6643307401289,18
R0019,INFEASIBLE,0,-1.79679254687144,1.69315262889969,109.063408732673,8.61084219057303,0.574056146038202,20,32,0,0,0,0,1.05713616580299,0.0345376909024144,0.233795221702822,-43.6575992743618,10.1746304974168,47.0392188058628,0.146290892432712,0.193353548624855,2,0.20379889206317,109.063408732673,8.61084219057303,19
R0020,EASY,2,1.81441526100158,0.993019637650526,67.5813993707575,8.70738668520767,0.580492445680512,20,32,1,1,1,1,1.40612317715442,0.0236724732520204,0.143064858607776,-34.2750268251693,6.58817473360415,31.5621972496669,0.0631378515123513,0.112314430914887,3,0.165266137335875,67.5813993707575,8.70738668520767,20
R0021,INFEASIBLE,0,-2.31165587615639,2.00320269470904,68.055677659282,8.00334211235733,0.533556140823822,20,32,0,0,0,0,1.66017777160951,0.0212507071082218,0.239892667553275,-45.7719052279996,11.6773050035921,38.8904969923472,0.0438436360801012,0.155998057430125,6,0.297403835159018,68.055677659282,8.00334211235733,21
R0022,INFEASIBLE,0,-2.56009579726965,1.19359599770936,40.8507856462934,12.0747348420114,0.804982322800762,20,32,0,0,0,0,1.2003220756046,0.0148930044221018,0.17612321918271,-31.6688123785038,13.1836726110733,28.2646383687244,0.127815161713513,0.219005643193849,5,0.343974805727439,40.8507856462934,12.0747348420114,22
R0023,EASY,2,1.85803347061141,0.532776391754598,23.940771361256,14.3822869298751,0.958819128658341,20,32,1,1,1,1,1.32995211191129,0.0104800587486417,0.0778020377643266,-33.341075341467,6.44259561971302,30.6840415716223,0.090188048081388,0.0672844086653053,2,0.161260211636687,23.940771361256,14.3822869298751,23
R0024,INFEASIBLE,0,-1.69434115661679,1.13347933911323,40.4711601412367,12.9589859623725,0.863932397491503,20,32,0,0,0,0,1.62188816998853,0.0147044861057974,0.1063583118549,-57.2462127105907,10.7914934391347,37.3482735791801,0.112724913589416,0.200005524526937,3,0.297874618211186,40.4711601412367,12.9589859623725,24
R0025,INFEASIBLE,0,-2.35594791864956,0.693378665668142,21.70121853584,9.65347443404677,0.643564962269785,20,32,0,0,0,0,1.71847222513617,0.0176668703444234,0.046583757816475,-68.5450404407594,13.7964051539446,27.4499476065412,0.138498028005018,0.226432387624643,5,0.302960696813013,21.70121853584,9.65347443404677,25
R0026,EASY,2,2.54936974537186,0.381459653741745,20.2678752716016,8.58878669654839,0.572585779769893,20,32,1,1,1,1,1.83431078628791,0.0276670615496076,0.0491085637742054,-35.7326979493732,13.4099925902608,27.3911470283928,0.12606095962293,0.0301367227232174,2,0.0716899352843473,20.2678752716016,8.58878669654839,26
R0027,INFEASIBLE,0,-2.01803518396597,1.36271695582472,58.691677966677,10.7326649518814,0.715510996792096,20,32,0,0,0,0,1.1768353369292,0.0211648635034648,0.151376455501596,-43.7442202096958,9.11835004089613,30.5638500158592,0.0496410556695543,0.226283829188021,6,0.209719450254823,58.691677966677,10.7326649518814,27
R0028,INFEASIBLE,0,-2.39276402059754,1.22225364702963,31.3169222608363,8.53638744309014,0.569092496206009,20,32,0,0,0,0,1.58448060840973,0.0265867749615228,0.19213435187908,-39.2282524534853,6.10319240194217,49.2205696850351,0.0982782162821612,0.218961528428913,3,0.402661881435057,31.3169222608363,8.53638744309014,28
R0029,INFEASIBLE,0,-1.95414845196942,1.31632632079598,76.6375359151638,12.7079362574324,0.847195750495491,20,32,0,0,0,0,1.1662170880689,0.0210593743842433,0.199195225871664,-39.3747804653449,12.1500585060714,45.9545341544031,0.0558425215847367,0.134892327881066,3,0.394290561399849,76.6375359151638,12.7079362574324,29
R0030,INFEASIBLE,0,-2.54077462626284,1.59022500406727,36.1267235974995,12.8361082554837,0.855740550365578,20,32,0,0,0,0,2.0136749189545,0.029464901405276,0.124722818423844,-67.124623603059,9.02609728820427,35.8756485424609,0.000344620296808515,0.203656121371679,6,0.340409440546571,36.1267235974995,12.8361082554837,30
R0031,INFEASIBLE,0,-2.17943032626936,1.72203193601102,28.8693857891535,12.7707110221285,0.851380734808566,20,32,0,0,0,0,1.33019733518479,0.0264960177652315,0.221310964590274,-42.1432932005447,9.7857078809432,37.9701012890528,0.0371172963909078,0.246392717193976,1,0.315901534664214,28.8693857891535,12.7707110221285,31
R0032,INFEASIBLE,0,-1.75259700858793,0.641903486338625,77.7368760570495,9.15878027467212,0.610585351644808,20,32,0,0,0,0,1.62645738211936,0.0375885454527166,0.0775771325393748,-44.3047313480693,12.9282973756582,37.1098798985882,0.104765744927884,0.230516593369028,5,0.250227976052487,77.7368760570495,9.15878027467212,32
R0033,EASY,2,2.41218631492073,1.72420520063334,112.416546480007,10.8791970734213,0.725279804894755,20,8,1,1,1,1,1.99320984784396,0.0387145224810193,0.158537102497354,-52.0874654264497,13.5494312190592,29.6901053883592,0.021144865309279,0.0731738208272526,5,0.272341514839377,112.416546480007,10.8791970734213,33
R0034,EASY,2,2.12368899169981,1.62094626635395,58.7653778836251,8.28224185229026,0.552149456819351,20,32,1,1,1,1,1.37064445864067,0.0395111054982964,0.181034211938064,-54.6831847197644,7.58649424387091,48.2784180806947,0.120794729039677,0.108724641439881,2,0.15799630326545,58.7653778836251,8.28224185229026,34
R0035,INFEASIBLE,0,-2.13117917691241,0.435578104452962,34.9356489644998,8.71875392196064,0.581250261464042,20,32,0,0,0,0,1.94954465891116,0.0155592321559373,0.0422779131950365,-53.7816776333703,10.5558664488641,35.2715911517279,0.119924925318498,0.147170124160438,2,0.230442104920857,34.9356489644998,8.71875392196064,35
R0036,EASY,2,2.33173215429847,0.510903313543585,69.0085033722457,14.7877510383939,0.985850069226261,20,32,1,1,1,1,1.65474160945144,0.0372576327613693,0.0474443865783599,-57.6369419927388,7.60483864460598,37.0813427050879,0.0126743677994055,0.0828466065496097,3,0.421951158251789,69.0085033722457,14.7877510383939,36
R0037,INFEASIBLE,0,-2.28604114734061,0.734860066754429,28.1302237550389,8.27801695077021,0.551867796718014,20,32,0,0,0,0,0.974416710406744,0.0365323933181651,0.101237157279113,-37.8734106110798,10.5610088608272,35.2371501889955,0.0817064903714855,0.242503208697018,4,0.180893914400333,28.1302237550389,8.27801695077021,37
R0038,INFEASIBLE,0,-2.55716596904965,0.407763362036294,83.8098455290753,8.50489351745648,0.566992901163765,20,32,0,0,0,0,1.46434815883493,0.0177482863753262,0.0496295448107564,-50.3558426235577,6.47613088058266,48.6211552351202,0.0340072352150428,0.228118575671946,6,0.0822616720824932,83.8098455290753,8.50489351745648,38
R0039,INFEASIBLE,0,-1.73584836041794,0.605972588757201,29.4893061157561,13.0937478628195,0.872916524187969,20,32,0,0,0,0,1.81869018318976,0.0329217981489407,0.0886306729260787,-41.77342201476,10.9497986518473,48.3196298661602,0.111990407721708,0.178009812189695,6,0.348609144789444,29.4893061157561,13.0937478628195,39
R0040,EASY,2,1.90289573173802,0.789307191379997,28.336013262756,9.20972722217884,0.613981814811923,20,32,1,1,1,1,1.46309043991615,0.0259489113668846,0.153465063729929,-30.7385150707459,7.17347236154845,46.2332105559605,0.06807539064973,0.0923547237096174,5,0.132985320284777,28.336013262756,9.20972722217884,40
R0041,INFEASIBLE,0,-2.17499541376536,0.534347618779375,59.2380355953639,14.4226776540332,0.961511843602212,20,32,0,0,0,0,1.103606430591,0.0298183653698659,0.0431717885405444,-61.9231109024482,10.6906136152305,32.3980756698243,0.00167549107590931,0.168387442179824,2,0.260301032298121,59.2380355953639,14.4226776540332,41
R0042,INFEASIBLE,0,-1.6718250340856,0.780619232709866,62.0994383547925,11.8431124558671,0.789540830391142,20,32,0,0,0,0,1.81641102627397,0.0115489023733182,0.0640426098746491,-65.2550033685066,10.9356169169444,37.0978328221607,0.0888835152698606,0.0783974349067806,4,0.28122187419744,62.0994383547925,11.8431124558671,42
R0043,INFEASIBLE,0,-1.49142933142708,1.26516716036354,59.4761870107845,8.66427178938132,0.577618119292088,20,32,0,0,0,0,1.02546380394444,0.0163792167506811,0.180932309321546,-41.8221312091152,10.3491700627763,46.3031043755981,0.123950546088547,0.143189631111974,2,0.318160276225512,59.4761870107845,8.66427178938132,43
R0044,INFEASIBLE,0,-1.88327564266812,0.94288470032655,103.125200553647,9.97561174255585,0.665040782837057,20,32,0,0,0,0,1.93994837028403,0.0136103739747098,0.118659080123877,-48.8717502884941,6.66594874453091,48.9623123705768,0.0757121478775548,0.166293139434456,4,0.421612878803387,103.125200553647,9.97561174255585,44
R0045,FRAGILE,1,0,0.792460043936788,64.6666520068221,8.71237171940263,0.580824781293508,20,32,1,1,1,1,1.76381968951077,0.0247608183689094,0.057685556408787,-67.7532628246082,11.5418729965818,31.484819641742,0.0463327399618933,0.14065790312875,2,0.172312781303343,64.6666520068221,8.71237171940263,45
R0046,EASY,2,2.00488227724223,1.56570736331572,47.0442401290607,8.78948669687402,0.585965779791601,20,32,1,1,1,1,1.95254634499927,0.0394145154534394,0.157109343747256,-51.0830565537198,9.4482777216935,34.0093200319395,0.101525361025174,0.103680836801445,2,0.0759849139003024,47.0442401290607,8.78948669687402,46
R0047,FRAGILE,1,0,0.419690653450709,84.7886869413424,9.5749467565792,0.638329783771947,20,8,1,1,0,0.666666666666667,1.03804781852695,0.0107218643830619,0.0663346359639702,-30.3176624981733,12.1959079966346,29.7217851356466,0.009932696335009,0.0199761025252711,3,0.351983734279101,84.7886869413424,9.5749467565792,47
R0048,INFEASIBLE,0,-2.31681375966402,1.46540815268894,117.290033435313,13.2934734714972,0.886231564766477,20,32,0,0,0,0,0.946215661254367,0.0157875429152556,0.218980463010771,-32.8471616970888,8.46649567176729,31.1853474106169,0.110804320559568,0.170297695032392,4,0.233406345135958,117.290033435313,13.2934734714972,48
R0049,EASY,2,2.1422671477949,2.55895911405403,61.4926364409715,12.5138726892429,0.834258179282857,20,32,1,1,1,1,1.86331188686573,0.039234069114564,0.186867288644567,-66.1080579613578,13.3627701931587,30.1654653924539,0.0548997174643066,0.0513566856239336,1,0.291084446577338,61.4926364409715,12.5138726892429,49
R0050,EASY,2,2.22453300756504,2.14493928652138,54.581845810303,14.9936553596922,0.999577023979482,20,32,1,1,1,1,1.55572537604702,0.0169476089526004,0.145733603577033,-66.7366456688236,12.1677133953089,26.6121220051205,0.0362492871690835,0.0479261437588839,4,0.303596596307734,54.581845810303,14.9936553596922,50
R0051,INFEASIBLE,0,-1.9609697229593,0.397248137441419,47.4891237598574,12.6522289065673,0.843481927104484,20,32,0,0,0,0,1.3385661607562,0.0103778537476131,0.0537305070749061,-39.3683439551787,11.3980796713405,36.7006527857645,0.0242325009924216,0.128114879065497,4,0.206427870657798,47.4891237598574,12.6522289065673,51
R0052,EASY,2,2.43955736719583,0.460319265344133,88.1790670809888,8.55827460357281,0.570551640238187,20,16,1,1,1,1,1.97648589798783,0.037543576157243,0.0446939526396527,-52.1322594215202,8.17535932690812,33.1629898969442,0.0858811173984263,0.0365872829677194,2,0.412807797942566,88.1790670809888,8.55827460357281,52
R0053,EASY,2,1.8680212242474,1.21227966652919,104.336356958506,10.5675029761772,0.704500198411815,20,32,1,1,1,1,0.985351669565881,0.0280698396339429,0.113463584756428,-55.3076688880203,13.4203498187143,34.6848183810425,0.102834268584809,0.0480513236610381,2,0.236497698883635,104.336356958506,10.5675029761772,53
R0054,INFEASIBLE,0,-2.07852238877574,2.54031264395083,95.587412229074,13.3685770273882,0.891238468492545,20,32,0,0,0,0,1.32010227457336,0.018690384122937,0.185431263595261,-66.8538216504988,8.48571280305248,30.8251649886136,0.118977762640052,0.144528984300514,3,0.190370617655641,95.587412229074,13.3685770273882,54
R0055,INFEASIBLE,0,-2.14902045091697,1.93084486970385,72.4663193201081,11.1917034966551,0.746113566443671,20,32,0,0,0,0,2.05441891456133,0.0161176576193715,0.141706710807811,-62.4127508770577,11.3527499029862,27.1577681750458,0.10964867718468,0.126458060010891,5,0.103898778058559,72.4663193201081,11.1917034966551,55
R0056,INFEASIBLE,0,-1.58497800308482,1.31263860842549,104.556509932212,11.6754892230645,0.778365948204301,20,32,0,1,0,0.333333333333333,1.27042473601772,0.0228506551465037,0.145982847272877,-46.1832549613809,9.08570140856249,34.1463074152518,0.0731020946167542,0.129036212644974,5,0.0554147393019568,104.556509932212,11.6754892230645,56
R0057,INFEASIBLE,0,-2.09753799942311,0.498302226950243,82.8296781596072,12.6242478312321,0.841616522082138,20,32,0,0,0,0,0.904498599384816,0.021923813640863,0.084927391432845,-31.0499451694899,8.75135122747577,36.2487425553409,0.129582229193284,0.24308670566183,2,0.445785712855095,82.8296781596072,12.6242478312321,57
R0058,INFEASIBLE,0,-1.69631630025941,2.10703469761442,22.2167686137878,10.6863967636009,0.712426450906726,20,32,0,0,0,0,1.52914104759782,0.0154248347778211,0.223851201830562,-51.711634158197,6.28162465979,39.0672973112934,0.0157121247449952,0.0951959260916889,5,0.284420143099591,22.2167686137878,10.6863967636009,58
R0059,FRAGILE,1,0,0.366840448019467,78.1179816997451,14.2780886562636,0.951872577084243,45,16,1,0,0,0.333333333333333,1.96730934280398,0.0316043395718272,0.0413251458984503,-40.8170991060111,8.18065821060863,27.3665461354688,0.114607644091465,0.214223620506835,1,0.415746527643975,78.1179816997451,14.2780886562636,59
R0060,EASY,2,2.188076789131,2.30108102461018,112.358267323305,8.38119113058231,0.558746075372154,20,8,1,1,1,1,1.44284447813144,0.0267705790720008,0.186204946423722,-58.3487484678783,7.22781752507048,28.8564600003708,0.13487726945052,0.14844103155288,2,0.333454526512027,112.358267323305,8.38119113058231,60
R0061,INFEASIBLE,0,-1.79833245585015,1.32288222045931,92.7218457066511,13.1928089614932,0.879520597432879,20,32,0,0,0,0,1.29834953592968,0.0231303554609936,0.139161074681732,-43.3419041219661,9.7673958931552,26.9073247289472,0.0811066685528914,0.229235465144958,5,0.380607008703792,92.7218457066511,13.1928089614932,61
R0062,EASY,2,1.73339973672146,1.79224328784635,111.662921268082,12.6784444020686,0.845229626804576,20,32,1,1,1,1,1.43588988704267,0.019972114177416,0.166044843908536,-55.0846869431931,8.30410405365871,33.7116486228662,0.0823811221785111,0.120536876693263,5,0.302636153891393,111.662921268082,12.6784444020686,62
R0063,INFEASIBLE,0,-2.16859172534282,0.766096590444573,80.6484122053616,8.08371810193611,0.538914540129074,20,32,0,0,0,0,1.10746720537435,0.0180537472781812,0.0610719623151678,-65.8777383818797,10.546370243906,35.6989473007906,0.133800347236182,0.169493215238615,2,0.210796354439118,80.6484122053616,8.08371810193611,63
R0064,INFEASIBLE,0,-2.48522276564793,0.763706903174838,66.6760905128368,14.3338185277904,0.955587901852693,20,32,0,0,0,0,1.29689354541577,0.0106654509735597,0.0960001032137509,-37.08566604641,13.7156094904484,28.1295957504453,0.035551397036244,0.242923843940862,4,0.251916671164898,66.6760905128368,14.3338185277904,64
R0065,EASY,2,2.35885263601778,0.610532681740514,108.795112821449,13.8303609075139,0.922024060500927,20,32,1,1,1,1,2.05763108905865,0.0139867277283195,0.053381568756453,-58.5449922819323,12.4552137438537,33.9160834372921,0.0742790650666994,0.0665790058938943,2,0.386844418966494,108.795112821449,13.8303609075139,65
R0066,EASY,2,2.03725863418849,0.300316438530725,92.6276998880261,12.86291433476,0.857527622317334,20,32,1,1,1,1,1.04625884632488,0.0291120425534896,0.0423246390708852,-40.5836077444765,5.38465427398874,42.3439118727878,0.0787716604510595,0.154137448979876,5,0.113719453925404,92.6276998880261,12.86291433476,66
R0067,INFEASIBLE,0,-2.36506273143528,1.53948967545052,107.185720375505,14.5929370325738,0.972862468838256,20,32,0,0,0,0,1.20769435854444,0.0144100450946129,0.126534748597908,-64.6237204859066,10.6407289013099,36.5183648811664,0.034303182382759,0.187567512819899,4,0.080176826817247,107.185720375505,14.5929370325738,67
R0068,EASY,2,2.01025357200158,0.625745056403933,118.217296682863,10.8651215699248,0.724341437994986,20,32,1,1,1,1,1.71075137196193,0.0304565589614011,0.0659700053527976,-53.4698909106543,11.2623922199069,41.1318399641348,0.0123950470303149,0.0926074657310084,2,0.0629508771227381,118.217296682863,10.8651215699248,68
R0069,INFEASIBLE,0,-2.08700407280395,1.86133296582369,55.0736052331936,12.1990624644133,0.813270830960884,80,32,0,0,0,0,1.60836432989026,0.0295140976120576,0.219409869585282,-41.1778184409051,10.3645623653764,30.4966549619039,0.146050935725713,0.20627525176081,3,0.201395343190472,55.0736052331936,12.1990624644133,69
R0070,FRAGILE,1,0,2.27417767073627,55.6191684426062,13.8186997491389,0.921246649942592,20,8,1,0,0,0.333333333333333,1.45746810151702,0.0317131759103955,0.232480501790628,-51.6049221562637,5.52630456375198,36.0220063311608,0.11476896737952,0.190871506288107,5,0.0809683275932251,55.6191684426062,13.8186997491389,70
R0071,FRAGILE,1,0,0.345639409144851,64.4840289547134,11.7561815701239,0.783745438008257,20,32,1,1,1,1,1.78328644647473,0.0314854721814904,0.0405089874862204,-52.8499118203101,11.3838204303855,49.6599364507764,0.0377659194948951,0.110968659780961,3,0.303087222247623,64.4840289547134,11.7561815701239,71
R0072,INFEASIBLE,0,-1.73787829785017,2.60954708677597,67.233949842431,12.3847285024417,0.825648566829446,20,32,0,0,0,0,1.41139210761549,0.0247862411173055,0.220937396343042,-57.9322518537361,9.58897336655723,31.139408963465,0.131822751133394,0.134825257416991,4,0.398802910209395,67.233949842431,12.3847285024417,72
R0073,INFEASIBLE,0,-2.30528162058752,1.05765009763106,49.3485544884127,8.89237836806847,0.592825224537898,20,32,0,0,0,0,1.53578665238563,0.0259710531912288,0.183672528733972,-31.0898442389104,12.0315863890074,37.7313924087831,0.00416348877521223,0.219794725745656,1,0.311475887176622,49.3485544884127,8.89237836806847,73
R0074,INFEASIBLE,0,-1.8584723407955,1.34080304544983,67.3459578866445,9.52018443342961,0.634678962228641,20,32,0,0,0,0,1.15056559761384,0.0319492462369098,0.15939316338761,-43.8305619431798,13.1247265014765,35.1418676547169,0.0930210508429945,0.205120691983821,5,0.166195933443384,67.3459578866445,9.52018443342961,74
R0075,INFEASIBLE,0,-2.0266436672236,0.556549753753921,70.8046081492846,11.6026691316937,0.77351127544625,20,32,0,0,0,0,1.47738936587682,0.0284029304611977,0.0511167191589462,-60.0783071020025,13.4400103010282,39.4107485236563,0.0249987792131441,0.185566406991151,2,0.328366829254268,70.8046081492846,11.6026691316937,75
R0076,INFEASIBLE,0,-1.77476744005648,1.74929305742502,75.6883000603256,12.6057644754313,0.840384298362086,20,32,0,0,0,0,1.29900295831971,0.0308103042624146,0.23306170849186,-42.1726086691682,9.43475374414655,40.8638231048422,0.115663191607175,0.140613985863749,5,0.364694739079001,75.6883000603256,12.6057644754313,76
R0077,INFEASIBLE,0,-1.88921718301733,0.614816126785615,73.893477641399,9.26282538554561,0.617521692369707,20,32,0,0,0,0,1.5605107449955,0.0257591738840543,0.0783058289722703,-45.3071869613438,12.407269314946,43.1015844821479,0.0266335658065518,0.129868007301727,2,0.196722780707006,73.893477641399,9.26282538554561,77
R0078,INFEASIBLE,0,-2.60774338315707,1.24357808345029,118.673411901252,9.9777940567711,0.665186270451407,20,32,0,0,0,0,1.18221555213302,0.0101645074528785,0.21069590533147,-35.972526401363,5.11037803081343,48.0805369654428,0.0564673200523887,0.214661464915228,2,0.0945616621748906,118.673411901252,9.9777940567711,78
R0079,INFEASIBLE,0,-1.49250800801472,2.01769176783435,53.8909484839264,12.8437922266055,0.85625281510703,20,32,0,0,0,0,1.48149312960412,0.0327782291165619,0.208163622053141,-49.4430757578548,6.04759106938047,33.6800202567097,0.115169403166118,0.199925492474952,3,0.255771015876957,53.8909484839264,12.8437922266055,79
R0080,EASY,2,1.95069548917801,1.34906198723776,82.1688877498239,13.6085165893618,0.907234439290786,20,32,1,1,1,1,1.62848561478343,0.0278626964318273,0.191014765150244,-38.4052452831476,6.6834200894134,38.2747630336635,0.00942428442928758,0.100590431574155,3,0.23356413542831,82.1688877498239,13.6085165893618,80
R0081,INFEASIBLE,0,-2.32634879411808,0.917413842247102,110.38595231147,10.083962035469,0.672264135697931,20,32,0,0,0,0,1.02578454830535,0.0130374624410109,0.142010508665218,-36.1125886846116,8.28300143086008,40.4472490014857,0.0652479201468324,0.233695052536605,2,0.156793948456709,110.38595231147,10.083962035469,81
R0082,EASY,2,1.86536599460027,0.871346954996015,66.124753513177,9.00022259257892,0.600014839505261,20,32,1,1,1,1,1.48610040142729,0.036431739229994,0.100162664493677,-49.1709733360272,8.96916042166549,41.3531379080368,0.108641029441108,0.107704946924515,3,0.312575693208107,66.124753513177,9.00022259257892,82
R0083,INFEASIBLE,0,-1.75499966381225,0.655526078767608,93.0217968877068,12.0649923698711,0.804332824658072,20,32,0,0,0,0,1.55429577863502,0.0207315275378533,0.0957193110156558,-35.2326648678725,8.60622288357725,34.2587507903251,0.100421385048885,0.240619961461338,3,0.18207065357814,93.0217968877068,12.0649923698711,83
R0084,INFEASIBLE,0,-1.87768345832473,1.18924979827849,91.1957518659684,9.80697855601815,0.65379857040121,20,32,0,0,0,0,1.09184871728173,0.0134594814680812,0.112844104359048,-62.2625532068484,10.3977735448962,45.1779773942784,0.112222998516342,0.12256339812033,2,0.130072487578105,91.1957518659684,9.80697855601815,84
R0085,EASY,2,2.11482878053166,1.04027875604305,119.044457345123,9.98322177767152,0.665548118511435,20,8,1,1,1,1,1.07431914816195,0.0329714740568679,0.0903861689042391,-58.0174169408035,13.0796808503224,32.8914207850038,0.0600448128595715,0.0466111869385081,3,0.173241118582803,119.044457345123,9.98322177767152,85
R0086,INFEASIBLE,0,-2.22037358173688,2.6014921693009,106.056388721347,11.293928919391,0.752928594626069,20,8,0,0,0,0,1.70927780097251,0.0160882404379411,0.23341725612762,-64.5242179868535,12.0945784858179,43.3838140179645,0.0824486935905474,0.224327318126935,4,0.285834555185513,106.056388721347,11.293928919391,86
R0087,INFEASIBLE,0,-1.99637290249148,1.34457752074182,54.7497654477028,9.52665329138973,0.635110219425982,20,32,0,0,0,0,1.03657405532565,0.0141822516685837,0.157757357051387,-46.9131117416623,6.00314260160932,39.2154668402034,0.147266229411521,0.18053370100259,5,0.13449650549931,54.7497654477028,9.52665329138973,87
R0088,INFEASIBLE,0,-2.08889135606195,0.885400599934797,96.2642256816083,14.4161498151365,0.96107665434243,20,32,0,0,0,0,1.186727604327,0.0289723852503788,0.0855440881928301,-62.6933484374776,13.0214542784002,47.4902732483605,0.0879718160041592,0.19467497216559,4,0.270023151915049,96.2642256816083,14.4161498151365,88
R0089,INFEASIBLE,0,-2.21481158360715,0.593562307438089,33.1348951708608,12.4965782356475,0.833105215709834,45,32,0,0,0,0,0.956858321627282,0.0205405522057098,0.0908607903947276,-34.0622342033987,7.81915251417282,35.19070848231,0.0142615111905052,0.236500897625934,6,0.387754563014258,33.1348951708608,12.4965782356475,89
R0090,INFEASIBLE,0,-1.6701609669836,0.943063016191357,38.4617654793501,13.6576178863902,0.910507859092677,20,8,0,0,0,0,0.997618331906525,0.0355782992629438,0.159015049526242,-30.6656523174375,8.52104536824791,34.6067489434069,0.138211543133945,0.210580096689547,6,0.405218512523657,38.4617654793501,13.6576178863902,90
R0091,EASY,2,1.96641788950859,0.640434059601154,53.7699004154337,9.70123122808085,0.646748748538723,20,16,1,1,1,1,1.35611737919817,0.0203934659361927,0.103261751665095,-37.2588167726265,6.22009830350492,46.7142746230906,0.140909433609028,0.0145176028012648,4,0.422212819886145,53.7699004154337,9.70123122808085,91
R0092,INFEASIBLE,0,-1.82477958641434,1.62153013805391,75.0504101196501,12.381809579217,0.8254539719478,20,32,0,0,0,0,1.49085481439044,0.0139332677828857,0.194792983404887,-38.6116451290529,6.27494848748682,27.8480338148437,0.0160559119928186,0.210366401291566,3,0.204716908256254,75.0504101196501,12.381809579217,92
R0093,INFEASIBLE,0,-2.08651520552689,2.06685723367854,41.9961959406165,9.04210378262514,0.602806918841676,20,32,0,0,0,0,1.3019110391028,0.0334798961411288,0.194641117858338,-59.5324426202621,9.27396979919132,40.6833758766123,0.0197176430895981,0.186163665621865,1,0.423565556444177,41.9961959406165,9.04210378262514,93
R0094,INFEASIBLE,0,-1.43196216207183,1.56470969370483,46.7745783658341,9.7617712580163,0.65078475053442,20,32,0,0,0,0,1.22040282287214,0.0263838708975546,0.174050196810919,-52.4767797192529,12.8340787980515,44.1039209394105,0.0708634075192412,0.107986166097519,5,0.361245478062933,46.7745783658341,9.7617712580163,94
R0095,INFEASIBLE,0,-2.06401789323467,0.595609275683868,100.255431632738,10.5763522099629,0.705090147330863,20,32,0,1,0,0.333333333333333,1.3898677750226,0.0210841209528928,0.0850644292449601,-32.3876388334179,7.56552612224384,27.6944670446689,0.0950649879160722,0.196670313252415,3,0.10539275230851,100.255431632738,10.5763522099629,95
R0096,INFEASIBLE,0,-2.28598634011143,1.74967689305126,69.9380499949514,13.615582736985,0.907705515799001,80,32,0,0,0,0,1.25328529920211,0.0112758970133471,0.182797262125849,-42.6841436745141,7.62766602018532,25.7405702490108,0.0865852007184302,0.176526367453527,6,0.37688248760284,69.9380499949514,13.615582736985,96
R0097,EASY,2,2.09537750789075,1.65247673205265,62.5250548077025,8.72074063181293,0.581382708787529,20,32,1,1,1,1,1.01853566277338,0.0209641166604807,0.182261370628094,-40.9048735629793,11.4119551041676,26.3469303868625,0.00380958387839565,0.0650618078713431,3,0.321064231717752,62.5250548077025,8.72074063181293,97
R0098,EASY,2,2.00660600815008,1.34579804907263,54.3806725082083,8.55579890734973,0.570386593823316,20,32,1,1,1,1,1.77852254466031,0.0245357099168933,0.128412853121045,-56.9410331438055,7.47905349365724,38.2093143556358,0.122405023572693,0.06585191015414,3,0.242986868507296,54.3806725082083,8.55579890734973,98
R0099,FRAGILE,1,0,0.397784925877608,106.953194066827,8.80076915939426,0.586717943959617,20,32,1,0,1,0.666666666666667,2.00951823194467,0.0207463143779634,0.053487576374659,-43.6435132953775,7.68797109279137,44.5769100775478,0.0826672273748072,0.161203348351235,4,0.25936108247755,106.953194066827,8.80076915939426,99
R0100,EASY,2,1.76385423965833,1.11632062011376,85.3637534700839,14.4177203079587,0.961181353863916,20,32,1,1,1,1,1.87174211277579,0.0298943945460484,0.168244284092254,-40.6400545090423,9.41379655342982,48.5593275331341,0.105268371160505,0.0714034568954872,2,0.171452324965247,85.3637534700839,14.4177203079587,100
R0101,FRAGILE,1,0,0.304936674434578,48.2979727411544,9.43371643780533,0.628914429187022,20,32,1,1,1,1,1.43067051367376,0.0206084751774378,0.0440024554037779,-41.3462111193448,10.4510249114861,46.075207142385,0.0822486409069588,0.0758359530283162,1,0.245864957255964,48.2979727411544,9.43371643780533,101
R0102,EASY,2,1.82509474007254,1.65282130964797,99.695267501461,9.54000781767271,0.63600052117818,20,8,1,1,1,1,1.3918180774627,0.0271922217586459,0.130481283110391,-60.3836975531337,8.8381321823528,29.4134111705771,0.135609086415956,0.0615449761465967,2,0.116715852134317,99.695267501461,9.54000781767271,102
R0103,INFEASIBLE,0,-1.99008450494943,1.3466052357496,86.6901552868556,9.07445440268457,0.604963626845638,20,32,0,0,0,0,1.10071330947608,0.0345673809228087,0.112632715878056,-69.3389818059475,12.8133289595367,43.5376308038329,0.140034230686368,0.113138896853166,5,0.376462491917406,86.6901552868556,9.07445440268457,103
R0104,INFEASIBLE,0,-2.05920114982433,0.671061700761552,22.02447988443,14.6916652263043,0.97944434842029,20,32,0,0,0,0,1.71759475511069,0.0103105974647156,0.0617813891181897,-58.4012130114246,6.96517543118317,37.4192883578602,0.138395732064312,0.0834638864072891,3,0.351034757087251,22.02447988443,14.6916652263043,104
R0105,INFEASIBLE,0,-2.23784315887327,1.0668796190729,119.411904017106,9.62237290769414,0.641491527179609,20,32,0,0,0,0,1.07767230392547,0.0226830235695012,0.122805313498395,-44.0527673425906,10.4932700061053,33.2821387469055,0.139575754575354,0.217031000520464,5,0.0917710352674041,119.411904017106,9.62237290769414,105
R0106,EASY,2,2.06655509731956,1.27715069670146,62.1873477604144,12.282377046811,0.818825136454064,20,16,1,1,1,1,1.03424639786571,0.014217274901552,0.204987847015506,-36.8383463306782,8.21953311990507,45.2515593118614,0.0476463470991236,0.00255525157683355,3,0.247638831812031,62.1873477604144,12.282377046811,106
R0107,INFEASIBLE,0,-2.26833206623775,0.464085129014059,50.5566443612208,10.3929846133194,0.692865640887959,20,32,0,0,0,0,1.58412037735571,0.020138152323248,0.0411461238566867,-69.1161437221261,12.9394330203143,48.6052195031392,0.0746096300637075,0.155837764178441,1,0.0630825876295034,50.5566443612208,10.3929846133194,107
R0108,INFEASIBLE,0,-2.97875258573221,3.59050574642596,20.4575200669823,13.7566882124024,0.917112547493494,20,32,0,1,1,0.666666666666667,1.14892007273303,0.0210803194450362,0.23711349958256,-67.9819165367163,12.2672532631492,26.0885218762848,0.0191001963973161,0.0292098713173664,1,0.0741218508317791,20.4575200669823,13.7566882124024,108
R0109,INFEASIBLE,0,-1.93496538804024,2.10313712583836,25.8113301173657,14.5480939797183,0.969872931981222,45,8,0,0,0,0,1.09030551718255,0.0363427593823639,0.217195574293708,-59.1541909209584,13.9283940038048,48.3057865315218,0.0116966000904169,0.0644981600225283,3,0.0861664406374303,25.8113301173657,14.5480939797183,109
R0110,INFEASIBLE,0,-2.01319454830724,0.477964015875172,96.7690680244569,8.94754995583305,0.59650333038887,20,32,0,0,0,0,1.17371540672188,0.0215340999056354,0.0436307581952602,-61.0444826195947,8.83457005667377,40.1928968696235,0.128761958392435,0.19663432792698,5,0.309844900634456,96.7690680244569,8.94754995583305,110
R0111,INFEASIBLE,0,-1.82432115088119,1.19477006000591,49.4173669987206,13.5651080437637,0.904340536250916,20,32,0,0,0,0,0.907413851463778,0.0157559323190481,0.192124119046899,-32.2268007017762,6.20698869730249,34.7608878056685,0.0427828395262377,0.100168622144718,1,0.419656836952014,49.4173669987206,13.5651080437637,111
R0112,FRAGILE,1,0,1.06542155857434,111.465210226903,14.2480587007359,0.949870580049061,20,8,1,1,0,0.666666666666667,1.2415500080645,0.0246651836810711,0.0985451806662018,-55.496338350981,5.13954924881682,34.104982813187,0.0341330232418232,0.0962112660957429,5,0.178800078679874,111.465210226903,14.2480587007359,112
R0113,INFEASIBLE,0,-2.11215180401894,2.56744105404258,42.1989382693881,14.5280165388926,0.968534435926174,80,16,0,0,0,0,1.9720120016278,0.0370966466148526,0.202564955325994,-60.8925792172805,13.0199300152093,29.8756772445172,0.051246880031769,0.101761633656117,5,0.206802516392555,42.1989382693881,14.5280165388926,113
R0114,EASY,2,2.27591606034877,0.308728670569423,77.3638122874982,14.2077054028394,0.947180360189292,20,32,1,1,1,1,1.17886989290787,0.0272507030189226,0.0405994439683039,-43.8919636925339,13.2111838689343,43.1238598057489,0.00159451100273043,0.026919817781509,5,0.305967739982245,77.3638122874982,14.2077054028394,114
R0115,INFEASIBLE,0,-1.92082337033157,2.96890726308023,51.0097876891018,12.2647649496863,0.81765099664575,20,32,0,0,0,0,1.89053751127483,0.0375249748544518,0.233193480853262,-64.7425413712846,10.9332029837304,33.4719018205813,0.111221042800374,0.165071832321735,3,0.355903587094656,51.0097876891018,12.2647649496863,115
R0116,INFEASIBLE,0,-1.94060706162616,1.96313552595902,37.4284228474604,14.1420738307515,0.942804922050103,20,32,0,0,0,0,1.27179780865418,0.0333320257314536,0.188823004644982,-62.8995894020965,7.0877318743433,47.3768543090273,0.0247787496822116,0.131935684095288,5,0.199665610022755,37.4284228474604,14.1420738307515,116
R0117,INFEASIBLE,0,-2.21307743408363,3.18409044770721,90.9656021719502,9.35809375364552,0.623872916909701,80,16,0,0,0,0,1.64952907377314,0.0207875069363467,0.211226051733633,-68.5049015479492,5.0358633102574,26.7318380162331,0.147659102189814,0.226688430373396,5,0.407684006829263,90.9656021719502,9.35809375364552,117
R0118,EASY,2,1.99803270243602,1.54089080914029,78.9467754808472,8.79444135547603,0.586296090365069,20,8,1,1,1,1,0.972451610513078,0.0269574205419395,0.137367193448185,-51.2403584579964,6.51136919183394,27.0089683882911,0.00653207803073277,0.0477490567457473,1,0.0722068135749377,78.9467754808472,8.79444135547603,118
R0119,INFEASIBLE,0,-2.08970963186279,1.26728237352877,50.445764383494,12.1900859904082,0.812672399360549,20,32,0,0,0,0,1.72597920158098,0.0220442582882148,0.201276547014519,-36.0355413102076,7.11152937249096,42.3997226211264,0.0876709944466665,0.199492842258109,4,0.36325998475137,50.445764383494,12.1900859904082,119
R0120,FRAGILE,1,0,1.98199494980026,31.4836275730317,10.6727417880651,0.711516119204339,20,32,1,1,0,0.666666666666667,1.0528419728243,0.011920976718836,0.212962268102021,-52.9813862857279,8.82215788405354,41.9477076220572,0.0845065290951989,0.0373587359733941,1,0.300685176879005,31.4836275730317,10.6727417880651,120
R0121,INFEASIBLE,0,-1.87697793868179,2.55386148366679,76.5334229846127,10.9558862313634,0.73039241542423,20,16,0,0,0,0,1.71665693184264,0.0118633201541077,0.230204813293956,-67.7386775743742,11.6319094579645,48.2579543372558,0.0145739560172152,0.11437603811222,2,0.15061213051842,76.5334229846127,10.9558862313634,121
R0122,FRAGILE,1,0,1.71079895090102,58.7287976668866,11.6612031162635,0.777413541084232,20,32,1,1,0,0.666666666666667,0.947929898808317,0.0136941832599918,0.166325459635932,-45.9703912144783,5.61039714368948,25.8545670979211,0.123615285429597,0.0661277230646363,4,0.339153263132418,58.7287976668866,11.6612031162635,122
R0123,INFEASIBLE,0,-2.01549494324004,1.63370158047365,115.184047551548,13.5106597978402,0.900710653189348,20,32,0,0,0,0,1.54757140298635,0.010242058514233,0.178700376752997,-45.3445599464245,10.964355083674,31.8432376535853,0.143958895664616,0.0896243055834056,5,0.375726551798305,115.184047551548,13.5106597978402,123
R0124,INFEASIBLE,0,-1.89116963993503,2.76559214391998,27.001112566101,11.9791849880568,0.798612332537119,20,8,0,0,0,0,1.2499469876061,0.0132312191617383,0.232554439827398,-63.2527592098953,5.73065813978465,36.6178896879144,0.06308585742388,0.1691261590988,5,0.293657173332173,27.001112566101,11.9791849880568,124
R0125,EASY,2,1.92238243093916,0.675848251453708,54.9544014025477,14.3384055844987,0.955893705633247,20,32,1,1,1,1,1.07711019987432,0.0314028526022432,0.0649404925343488,-60.1842535349334,6.02713538171037,43.287238506068,0.053057620112356,0.0745958388920598,6,0.377236597980669,54.9544014025477,14.3384055844987,125
R0126,EASY,2,2.38165544279944,1.4861220295696,22.0398692954979,12.8682577267748,0.857883848451655,20,32,1,1,1,1,1.5823613214648,0.0107450663928598,0.129127364240261,-68.7930153133816,13.4256538393447,46.2463729331557,0.0494187354088813,0.0103231840391434,6,0.430856262173638,22.0398692954979,12.8682577267748,126
R0127,INFEASIBLE,0,-1.98666201292637,0.576792527848546,116.739256359702,12.9656600491194,0.864377336607959,20,32,0,0,0,0,1.70101782880429,0.0310229149177453,0.0503865698356468,-60.3687969700787,9.9418720839169,35.9978643695274,0.0382025634901582,0.235032496841499,5,0.299510731594365,116.739256359702,12.9656600491194,127
R0128,FRAGILE,1,0,0.996434765641772,82.96228419855,9.83264871803905,0.655509914535937,20,32,1,0,0,0.333333333333333,1.61133657091351,0.0271091535502464,0.118511397891745,-46.3238901561983,7.85155264394603,39.2910741360854,0.0591997660111086,0.238453548768402,5,0.36872628140817,82.96228419855,9.83264871803905,128
R0129,EASY,2,2.07430635984906,1.25864966403139,27.8821666047966,13.6725388398381,0.911502589322537,20,16,1,1,1,1,1.9203537746262,0.0301948530233151,0.17125090929208,-36.5443375226251,5.23296459719004,32.0005606843543,0.135261622441007,0.0158847001636825,6,0.271407489024532,27.8821666047966,13.6725388398381,129
R0130,INFEASIBLE,0,-2.74725501518014,2.31401755012784,46.3771050289487,14.8221339561361,0.988142263742409,20,8,0,0,0,0,1.93606424988798,0.0399918028745518,0.212742076432227,-62.8104747393108,13.3605613806359,43.1617455023515,0.107346340353493,0.183801749311738,6,0.066213391008134,46.3771050289487,14.8221339561361,130
R0131,EASY,2,1.98884969935201,1.6830958897875,117.895496976229,11.7110479592034,0.780736530613558,20,16,1,1,1,1,1.50652484172561,0.0178781512986668,0.1965359281559,-43.1799029878986,10.2698017821473,32.9071954685563,0.0319643529987619,0.00420277570046573,5,0.250431776833581,117.895496976229,11.7110479592034,131
R0132,EASY,2,1.57314984332113,0.98983151400144,81.7550239871447,13.3888244408989,0.892588296059928,20,32,1,1,1,1,0.981082919839348,0.0306822982458629,0.129851585002991,-39.816290983198,10.3532231458748,35.3146508872182,0.148397471185851,0.0981639580097961,4,0.225482368119687,81.7550239871447,13.3888244408989,132
R0133,FRAGILE,1,0,1.0439520833018,22.1144442250532,14.5949185785348,0.972994571902322,20,16,1,0,1,0.666666666666667,1.05164989936677,0.038694678174388,0.122395422214043,-51.0657784255219,12.3388155241419,46.3970629052371,0.0391898847556045,0.0910142113335757,3,0.257840787458739,22.1144442250532,14.5949185785348,133
R0134,EASY,2,1.53566506600099,0.832340416604355,35.576749769405,12.4068257003157,0.827121713354381,20,32,1,1,1,1,1.9864720225996,0.0252235542284745,0.128610206953094,-33.4894080155803,12.4527002769761,34.6597324207383,0.131529657236609,0.0437755580312394,2,0.410291665323292,35.576749769405,12.4068257003157,134
R0135,EASY,2,2.31940249451831,0.857451925137637,101.392749662852,14.2648319375827,0.950988795838847,20,8,1,1,1,1,2.09943368961525,0.0220659578237962,0.0748188558868519,-60.8170474608387,11.2896753116123,36.4514314373058,0.0709795615366498,0.00500755951213112,2,0.0511030126036028,101.392749662852,14.2648319375827,135
R0136,EASY,2,2.17406396042845,1.47373512522939,103.362890802001,8.95199706653437,0.596799804435625,20,32,1,1,1,1,2.0398918161911,0.0156122301055621,0.14806923463274,-49.2533392298583,5.01106383941718,31.6973904969439,0.136796036896265,0.0131735191594153,4,0.228169530701108,103.362890802001,8.95199706653437,136
R0137,INFEASIBLE,0,-2.53185727908357,1.54342662263015,119.123767866945,14.4972798359064,0.966485322393762,20,32,0,0,0,0,1.6143315805791,0.0364863409627476,0.14833191000465,-63.3857495933681,11.0604070013841,48.033233338651,0.0232474674976883,0.245787942159701,2,0.434637301517649,119.123767866945,14.4972798359064,137
R0138,INFEASIBLE,0,-1.9103630032508,1.53528284085812,111.342710107541,12.2309910930358,0.815399406202383,20,32,0,0,0,0,1.33992462527785,0.0336930298226268,0.170971473529373,-55.162750234559,8.89886784767652,48.8454028200118,0.13268425153922,0.24468370192154,2,0.178969355661783,111.342710107541,12.2309910930358,138
R0139,INFEASIBLE,0,-1.56576777549295,1.7641040425366,103.073442049584,9.06651613369811,0.604434408913207,20,32,0,0,0,0,1.62819809959419,0.032272248049794,0.181971313515081,-47.6643571377732,8.53189334421866,31.2900535577197,0.0453312194801875,0.234837334923161,3,0.211722101419691,103.073442049584,9.06651613369811,139
R0140,INFEASIBLE,0,-1.85754147562296,0.603861018601456,26.2578415108099,12.9150375719689,0.861002504797927,20,32,0,0,0,0,1.47625574219418,0.0361831016328118,0.0690960910073769,-51.6359373780253,7.19742489983581,45.1854336564425,0.0388116551299229,0.120984493664034,1,0.178597403992666,26.2578415108099,12.9150375719689,140
R0141,INFEASIBLE,0,-2.16302302085226,1.52009590196879,65.9948090233186,8.94559132468619,0.596372754979079,20,32,0,0,0,0,1.41973112404505,0.0100580471902885,0.146158283038012,-59.3509473834812,6.60055877797988,42.1523272606068,0.00289181224556336,0.18333107235505,5,0.436350490849346,65.9948090233186,8.94559132468619,141
R0142,EASY,2,2.51254723143248,1.3203237766079,119.464598333984,9.43732110328722,0.629154740219148,20,16,1,1,1,1,1.32110027107327,0.0239217529038165,0.114115635124889,-55.934268517387,9.37678940169217,30.2514849755879,0.0639501810077548,0.00964348318068752,4,0.351586432784503,119.464598333984,9.43732110328722,142
R0143,INFEASIBLE,0,-2.32340280093131,0.525888852049604,34.5142334597731,14.6360518065313,0.97573678710209,20,32,0,0,0,0,2.06679282464807,0.0138142563440357,0.0415707095790826,-56.2678211046825,5.07852334850026,25.6075777003996,0.144982788466875,0.149378401981087,5,0.127610319453482,34.5142334597731,14.6360518065313,143
R0144,INFEASIBLE,0,-1.96902787040517,0.759410839331423,63.0134874665883,8.59108867140168,0.572739244760112,20,32,0,0,0,0,1.87015290320184,0.0343860562515808,0.143462596256015,-32.7912821051628,11.7081248156465,49.670889885328,0.085173332769304,0.165399634598368,5,0.391232119834062,63.0134874665883,8.59108867140168,144
R0145,FRAGILE,1,0,0.384525024214004,93.1898748991676,14.0988244591579,0.939921630610525,20,32,1,1,0,0.666666666666667,1.74245746151373,0.0154795344649327,0.0567915097652477,-39.9856244974306,5.4848862473332,45.1426173561457,0.132395574547233,0.0814550459697002,4,0.176065213005821,93.1898748991676,14.0988244591579,145
R0146,INFEASIBLE,0,-1.59697584017971,1.24136767066599,87.8874054176882,9.77649152259916,0.65176610150661,20,32,0,0,0,0,1.17276850498629,0.0234371506602954,0.228664746397115,-31.1390822461745,12.8597206961917,42.586361916597,0.131692221867403,0.131546236375131,4,0.14333537094923,87.8874054176882,9.77649152259916,146
R0147,EASY,2,2.15026424300201,0.585713200100114,46.0436408893027,14.0539452550851,0.936929683672337,20,32,1,1,1,1,1.65789710221447,0.0383340088472171,0.0456690307358897,-59.2723186710835,8.62032075546472,27.6464107267502,0.12615277430905,0.0662841374457948,5,0.0652423118800071,46.0436408893027,14.0539452550851,147
R0148,FRAGILE,1,0,1.431152138183,85.8691211900854,8.93811995864812,0.595874663909874,20,32,1,1,1,1,1.06942966201834,0.023039845944937,0.185680435124075,-46.8013615384158,13.1820072192946,47.724239367747,0.147627958431912,0.0608378551610816,3,0.0919278808638835,85.8691211900854,8.93811995864812,148
R0149,INFEASIBLE,0,-2.16872604418067,0.741432432053677,112.75474891191,12.4780764635324,0.831871764235491,20,32,0,0,0,0,0.910364399668949,0.0251929582708825,0.0673987887448242,-49.5636438629705,13.2529407920503,26.2753698294735,0.0448086685590589,0.202924028004279,4,0.137731402884502,112.75474891191,12.4780764635324,149
R0150,INFEASIBLE,0,-2.41060451675499,2.31258791167745,87.2163989188689,9.21240903180182,0.614160602120121,20,32,0,0,0,0,0.978409756494632,0.0175048612589205,0.225204349940023,-50.2140980528852,12.8120000348315,30.9506473582458,0.143789678282487,0.208122238685122,4,0.137316552017986,87.2163989188689,9.21240903180182,150
R0151,FRAGILE,1,0,1.07307441489468,78.211999909495,13.8350943269521,0.922339621796809,20,16,1,0,0,0.333333333333333,1.83992663729093,0.0358655287582219,0.0713992642913985,-67.5920562871072,9.07704257528808,26.1806525893494,0.00981690019372238,0.218079098041005,6,0.0722344844853778,78.211999909495,13.8350943269521,151
R0152,INFEASIBLE,0,-2.23112621686245,2.60886471972149,31.4615884490493,11.5214782485169,0.768098549901128,20,8,0,0,0,0,1.73976391968472,0.0238437792454212,0.234187542343301,-63.0114319607141,9.30972475791405,41.4118387246455,0.0826099937393343,0.163239838762538,4,0.448991700468406,31.4615884490493,11.5214782485169,152
R0153,INFEASIBLE,0,-2.03287946856482,1.35216331075518,51.3300341082577,9.23677192929118,0.615784795286079,20,32,0,0,0,0,1.23706895137213,0.0350722515534767,0.117692825289334,-66.5027670465024,10.6268619707955,43.3693057614393,0.0282593321124447,0.112593240393663,4,0.055947926067258,51.3300341082577,9.23677192929118,153
R0154,INFEASIBLE,0,-1.93475470135816,2.37572736688108,76.1433428583897,9.42515691116392,0.628343794077595,20,32,0,0,0,0,1.10400626762788,0.0286182009569109,0.183102994231731,-65.7343818594632,12.9195598138896,33.2234107302549,0.0868864788755518,0.176065629013158,5,0.31090677030999,76.1433428583897,9.42515691116392,154
R0155,EASY,2,1.89416252633371,1.82606100378469,119.587772866748,12.9717064111379,0.864780427409195,20,8,1,1,1,1,1.16996317266956,0.0307432722049021,0.21075784691254,-40.4158058710276,11.3875232635789,28.1644182472896,0.0706393472187841,0.0572504716205993,4,0.118128721957509,119.587772866748,12.9717064111379,155
R0156,FRAGILE,1,0,2.30603310825652,31.925037106385,11.0185974759952,0.734573165066345,20,32,1,1,0,0.666666666666667,1.63730491874322,0.0159253127197943,0.216332386486228,-56.6096326543676,13.9441390881656,36.5051415254279,0.0512620460123514,0.0252169383027764,1,0.19004353412159,31.925037106385,11.0185974759952,156
R0157,EASY,2,2.31847513855921,2.86601914696949,79.7561127912678,13.0518249214774,0.870121661431827,20,8,1,1,1,1,2.05817799397898,0.0378109854619953,0.215324909679225,-61.8692217876954,7.74476370257217,27.9666879298064,0.118290798944768,0.0577035573915034,5,0.08129247635395,79.7561127912678,13.0518249214774,157
R0158,INFEASIBLE,0,-1.95097919799479,0.689312179943636,47.5598771609788,8.54286270703297,0.569524180468864,20,32,0,0,0,0,1.10466626916941,0.017638788964968,0.100028042893337,-31.4236776892209,7.35602851495345,26.9145435410939,0.0128799819843778,0.245442355509847,3,0.113189531738263,47.5598771609788,8.54286270703297,158
R0159,INFEASIBLE,0,-2.02532682878934,1.66322957522763,117.656845825354,11.2451437895741,0.749676252638275,20,32,0,1,0,0.333333333333333,2.04966761878042,0.0294732943782153,0.124308969936516,-59.1762074516642,7.69675132626614,25.3195598147808,0.132863358173536,0.241395475966194,2,0.408466544427843,117.656845825354,11.2451437895741,159
R0160,FRAGILE,1,0,0.556029200822916,64.1031836415365,13.4875639043818,0.899170926958786,20,16,1,1,1,1,0.991603282286455,0.0144594770761311,0.0598451640514723,-48.3165198229073,6.64166105375693,35.0038304114892,0.0571379773818068,0.0931797427022099,2,0.240014602066353,64.1031836415365,13.4875639043818,160
R0161,EASY,2,2.02532682878934,1.28211753694193,100.12517376969,11.3371679118186,0.755811194121242,20,8,1,1,1,1,1.94783782893712,0.0385499381337537,0.103923849486519,-58.1841049654185,7.98115184247217,28.7902106529122,0.106758965256679,0.0885502438674005,3,0.428868202061175,100.12517376969,11.3371679118186,161
R0162,EASY,2,2.19964238767907,1.65382801946366,101.660208716681,8.75140190027161,0.583426793351441,20,32,1,1,1,1,0.914644395204114,0.030256776667797,0.158655796623813,-46.8652645920525,11.2722685033546,26.1634313080745,0.00249423775595737,0.123540126802966,5,0.214147909396722,101.660208716681,8.75140190027161,162
R0163,EASY,2,2.48335479363861,0.958999720584505,92.1615994210157,13.3599448708053,0.890662991387018,20,16,1,1,1,1,2.0019887407684,0.0200556530452406,0.0862274678585527,-54.0987499650934,9.51520658301002,30.6259889795818,0.0894884643181771,0.00544234307746574,6,0.432263901027944,92.1615994210157,13.3599448708053,163
R0164,INFEASIBLE,0,-1.99106518116391,1.27911666042903,45.0127304105699,9.27440309422233,0.618293539614822,20,32,0,0,0,0,1.99809323688809,0.0208759090079291,0.174445738285429,-40.3288150933431,10.7962806601781,39.1554931597756,0.129140309432454,0.141800164056512,3,0.111028145184826,45.0127304105699,9.27440309422233,164
R0165,FRAGILE,1,0,1.99642050102639,98.3776702362696,12.4816816997561,0.832112113317075,20,32,1,1,1,1,1.18418513296578,0.022914454491065,0.191946173973298,-63.8179294777448,8.77749588072958,48.7305882907943,0.104269203035969,0.101173033525163,4,0.410660677584092,98.3776702362696,12.4816816997561,165
R0166,INFEASIBLE,0,-2.08001248237608,0.757612565678336,33.7189310310346,8.43210060548065,0.562140040365377,20,32,0,0,0,0,1.02134885780971,0.0181960598925013,0.0972702669486324,-39.6920132816568,8.1631881969737,33.6150289932217,0.0663847672401677,0.179782103833249,5,0.207736089484769,33.7189310310346,8.43210060548065,166
R0167,EASY,2,2.24093402945801,1.10576355165886,116.311681284191,8.29142436680397,0.552761624453598,20,16,1,1,1,1,1.40262814471439,0.0108279588044553,0.135593440266844,-40.7895430055098,8.58114202961086,32.3826103950304,0.0715827929083059,0.0120291764074242,4,0.320217731028537,116.311681284191,8.29142436680397,167
R0168,INFEASIBLE,0,-2.24005480987741,0.702628984079986,27.943583219981,13.8844160690247,0.925627737934983,20,32,0,0,0,0,1.77233233692166,0.0274829327122634,0.0515582941282904,-67.5678025569481,12.7914245482352,31.8189544446179,0.0583293329109245,0.105723291566945,5,0.0902969130238181,27.943583219981,13.8844160690247,168
R0169,INFEASIBLE,0,-2.25348259458334,1.49181681287694,24.6142489812301,8.77976549125057,0.585317699416705,20,32,0,0,0,0,1.81113798942459,0.0122999653617216,0.176034005202672,-44.4725047841237,8.15751013054027,35.6456619456421,0.0925180721288049,0.169218882516602,4,0.0936654628060215,24.6142489812301,8.77976549125057,169
R0170,INFEASIBLE,0,-2.21942035274493,2.30578106402664,43.2528914942103,14.7318136629937,0.982120910866245,20,8,0,0,0,0,1.33638565247218,0.0117922873558006,0.193455117279452,-56.7264665809751,9.56697301749311,29.3195385234817,0.141240277571307,0.18121818295688,5,0.100760748765858,43.2528914942103,14.7318136629937,170
R0171,EASY,2,2.22625614623527,1.35144161188462,85.9704945746709,8.49641715444852,0.566427810296568,20,8,1,1,1,1,1.01053126487785,0.0383938865955945,0.136415990561576,-47.174109785424,8.83139603914557,29.3497746919326,0.0886952668319776,0.0505291854333625,4,0.303483488627685,85.9704945746709,8.49641715444852,171
R0172,EASY,2,1.88788635140714,0.84281344761425,52.2172871015264,14.0787676293432,0.938584508622881,20,32,1,1,1,1,1.61358320894873,0.0113618901331824,0.115589124918667,-35.8636229323294,7.2110073444784,31.3141563338771,0.113395437420335,0.051943359344232,3,0.390008330459147,52.2172871015264,14.0787676293432,172
R0173,EASY,2,1.57691189885605,1.07308677171151,91.5521262382229,12.4080921081143,0.827206140540955,20,32,1,1,1,1,1.97780674803689,0.0224234635236453,0.170354768402938,-34.6882968018532,11.3811775130873,39.2524000522562,0.0515197303594291,0.00312606767577668,3,0.35013850059351,91.5521262382229,12.4080921081143,173
R0174,EASY,2,2.21024331780061,0.859599114160731,110.133523169144,11.5625954858847,0.770839699058983,20,32,1,1,1,1,1.36611080945038,0.0212141020474059,0.063754133831798,-67.6311750537791,5.07142757028134,32.567168735096,0.00490488046803513,0.120037791826661,2,0.101853956434658,110.133523169144,11.5625954858847,174
R0175,FRAGILE,1,0,1.89371353020902,71.7427089988974,13.3268814253322,0.88845876168881,20,32,1,1,1,1,2.01560962267632,0.0123229619778954,0.150993807969889,-63.6152669113273,6.69961004172174,33.3022652785632,0.0424366904126922,0.102172506895051,5,0.44155945730571,71.7427089988974,13.3268814253322,175
R0176,INFEASIBLE,0,-1.6120667688537,0.634620095536474,54.5033598448039,13.3953203674174,0.893021357827829,20,32,0,0,0,0,1.69881498287215,0.0247480075618308,0.0552123214954166,-53.6450097286155,8.87769860361874,28.1944995279571,0.0661863277615714,0.245559834216024,2,0.312862343287384,54.5033598448039,13.3953203674174,176
R0177,FRAGILE,1,0,1.53295942870566,51.1504953818431,8.95643036975784,0.597095357983856,20,32,1,1,1,1,1.00160611086573,0.0218103924305391,0.161470310013944,-54.3079670306736,10.154604043206,42.3557605741892,0.0827363487990116,0.105453377808384,6,0.296525549639987,51.1504953818431,8.95643036975784,177
R0178,FRAGILE,1,0,1.10311132608539,76.2109733941549,8.21817220545815,0.547878147030543,20,32,1,1,1,1,1.47880073473955,0.0342546584406558,0.181407996544687,-33.6011154364909,10.0137104577769,39.5223639450135,0.0287467789024219,0.173109136115395,4,0.423476821063993,76.2109733941549,8.21817220545815,178
R0179,FRAGILE,1,0,1.42371672998546,46.5381844272982,8.25308258077651,0.550205505385101,20,32,1,1,1,1,1.19601246176259,0.0166241984976409,0.179124852246415,-44.364677199612,11.8892031493005,40.3274278051326,0.12356222545289,0.0743080417586081,2,0.180980223082351,46.5381844272982,8.25308258077651,179
R0180,INFEASIBLE,0,-1.63227511181879,1.15900552629686,94.3092322677557,10.8960503255744,0.726403355038291,20,32,0,0,0,0,1.6715526571042,0.0276139475730849,0.179265278091521,-38.4878621000958,12.0099205376071,45.8701623889178,0.0672717091369961,0.147309043048366,3,0.395921226967401,94.3092322677557,10.8960503255744,180
R0181,INFEASIBLE,0,-1.38647508506421,1.19884774271039,25.7697212875395,11.1734964568643,0.744899763790957,80,32,0,0,0,0,1.080323471907,0.0283507869003389,0.116383975884396,-61.7561497167485,10.9605343499884,46.5243269302541,0.0527966096050926,0.0874645563959924,3,0.426953651360481,25.7697212875395,11.1734964568643,181
R0182,EASY,2,1.86452480429122,0.753301437335759,106.147758333,10.6249799605896,0.70833199737264,20,8,1,1,1,1,1.36244695171559,0.0372757691862,0.0714827508856045,-56.5179622994279,5.51164131514607,37.2305344036071,0.0692881358024194,0.069861654432871,4,0.242256427583952,106.147758333,10.6249799605896,182
R0183,INFEASIBLE,0,-1.94185011889483,2.18510093671993,39.3320462780678,9.13811669687148,0.609207779791432,20,32,0,0,0,0,1.70439631381305,0.0146712907104044,0.226988370440206,-49.2714883614749,13.3996508163262,33.909151875972,0.0514126939083598,0.147911085056998,3,0.121992974105483,39.3320462780678,9.13811669687148,183
R0184,INFEASIBLE,0,-1.65609186138168,0.40603217850946,23.334344793539,11.3305324884021,0.755368832560141,20,32,0,0,0,0,1.86154892722069,0.0248342823527797,0.0406576142574999,-46.1630510852379,11.0805219989801,27.6575205180123,0.126388490029591,0.152113053361976,4,0.367798307280247,23.334344793539,11.3305324884021,184
R0185,INFEASIBLE,0,-2.02693606390583,1.61327847669855,75.6470195648364,10.5605790406982,0.704038602713213,20,32,0,0,0,0,1.09330888265524,0.0310106984881956,0.209557139346955,-41.0805942630356,8.76956678490107,36.8570892996046,0.0667322511326673,0.238074079499905,6,0.0905771123551764,75.6470195648364,10.5605790406982,185
R0186,FRAGILE,1,0,0.637229251599732,97.9781431766772,11.5157462948223,0.767716419654817,20,32,1,1,0,0.666666666666667,0.982832839037199,0.0368613320230751,0.0684236422003618,-47.8653045871515,6.83313600248966,34.191958653215,0.100923900516337,0.206429003132799,4,0.229978777965709,97.9781431766772,11.5157462948223,186
R0187,EASY,2,2.09733093180091,0.656588569360379,100.030106368418,11.2247892802167,0.748319285347779,20,8,1,1,1,1,1.97084629664177,0.024721315022438,0.0837988994744389,-42.7338208961645,7.33994721378168,38.5030206934252,0.103749816208597,0.0612602013136401,2,0.21390067806061,100.030106368418,11.2247892802167,187
R0188,INFEASIBLE,0,-2.0836443355169,0.719980401050426,91.763878139034,8.7150923434452,0.58100615622968,20,32,0,0,0,0,1.54996093477141,0.0162157738806937,0.111849551065699,-38.451800964221,11.6083739498808,46.1872250109388,0.0615446841370244,0.0970771422806309,3,0.192214998207837,91.763878139034,8.7150923434452,188
R0189,FRAGILE,1,0,0.771326820024607,36.9788726053995,9.14611834239785,0.609741222826523,20,32,1,1,0,0.666666666666667,1.2311167846997,0.0139798474919923,0.0747707555182729,-61.3169886921785,9.40017797726882,45.7308913531529,0.0115070035492012,0.0799727291024848,2,0.102500074979155,36.9788726053995,9.14611834239785,189
R0190,INFEASIBLE,0,-2.22689456002937,1.35056876778432,97.1707238743358,12.8192447531561,0.854616316877072,20,32,0,0,0,0,1.26259710841293,0.0184813081350987,0.0941100621313643,-67.8095538204419,5.89015135184365,28.8989355353101,0.0136202399790305,0.249050684526134,6,0.0786122104332462,97.1707238743358,12.8192447531561,190
R0191,INFEASIBLE,0,-1.90819042874626,3.22763778896918,52.7394122777107,14.9611708193576,0.997411387957174,20,16,0,0,0,0,1.26372159461333,0.0195859586427513,0.220683256062193,-69.3661918153992,11.45344577025,29.1156335895735,0.139020084717596,0.0677900533685549,6,0.226097907100623,52.7394122777107,14.9611708193576,191
R0192,INFEASIBLE,0,-2.07465646178342,2.84673329003972,65.0391339975839,8.11505329851274,0.541003553234183,20,32,0,0,0,0,2.01526829960912,0.0129168520217418,0.203420281844402,-63.7881498446667,8.88437812676989,26.8928179450601,0.10106727664206,0.126870317849492,2,0.40081505874824,65.0391339975839,8.11505329851274,192
R0193,INFEASIBLE,0,-2.26087169148182,2.11128197742556,23.5060518797789,10.5006443923021,0.700042959486806,20,8,0,0,0,0,1.12877573717128,0.0142375550603583,0.196426063742675,-65.9121118323098,13.8351460241116,48.674058204494,0.0162877817316292,0.156927918142767,3,0.217945039296133,23.5060518797789,10.5006443923021,193
R0194,INFEASIBLE,0,-2.40836778284567,1.57455832282968,25.1759052187686,8.46222323094323,0.564148215396215,20,8,0,0,0,0,1.866777246681,0.0120530008043948,0.183959414392594,-51.648651403482,11.0726042166038,47.1309140449438,0.054056974939442,0.241111039326201,2,0.367123856270373,25.1759052187686,8.46222323094323,194
R0195,INFEASIBLE,0,-2.41519883478813,0.427017686450918,37.8492801402102,13.4556947292122,0.897046315280811,20,32,0,0,0,0,1.23203979710316,0.0110465541035411,0.0402437832377057,-52.2928444906095,12.3856505439309,31.4377723692672,0.130233637997223,0.184285852505459,4,0.329426953824714,37.8492801402102,13.4556947292122,195
R0196,EASY,2,2.72054248029709,0.463379332250856,64.7189944090672,8.18084715479862,0.545389810319908,20,8,1,1,1,1,2.06956439148098,0.0298434825770885,0.049188860314801,-41.9496705789029,8.55561108205255,25.6672102650753,0.0240330949014357,0.0505787260094593,1,0.374502619636483,64.7189944090672,8.18084715479862,196
R0197,FRAGILE,1,0,1.92701761383323,96.1963366135588,10.8892963225668,0.725953088171121,20,32,1,1,0,0.666666666666667,1.63444431412215,0.0303529078128002,0.150156854078474,-65.409090065996,11.7758178409996,33.6245534301762,0.103787150997003,0.162727775340611,2,0.379691059186743,96.1963366135588,10.8892963225668,197
R0198,INFEASIBLE,0,-2.21016865004288,0.972036369066683,111.314860948961,14.2974390092845,0.95316260061897,20,32,0,0,0,0,0.941974274292783,0.0251112058099244,0.113013629199011,-49.9745573159749,13.0482890345485,43.6974287386646,0.120246263609446,0.156685345405184,6,0.336854277900015,111.314860948961,14.2974390092845,198
R0199,INFEASIBLE,0,-1.78833771210574,1.35138697442447,101.739803123483,10.8479392280763,0.723195948538422,20,32,0,0,0,0,1.06615909643857,0.0182743574867059,0.147469705265979,-46.7343938864646,5.64692661733746,33.6651654785195,0.0187986183175652,0.225064349866971,2,0.209589206673722,101.739803123483,10.8479392280763,199
R0200,INFEASIBLE,0,-2.42072491516751,1.28261645255646,102.031908938787,11.9571295320661,0.797141968804406,20,32,0,0,0,0,0.956024538747981,0.0163947591123106,0.211623468375978,-34.2209386401706,9.35717700035955,41.2647515976829,0.0870202576191971,0.212761873962289,1,0.298694719013554,102.031908938787,11.9571295320661,200
R0201,EASY,2,2.26586033976181,1.78817004032909,78.3832175040965,9.8966847068274,0.65977898045516,20,8,1,1,1,1,1.37579444279058,0.0392607138459617,0.129804090525593,-65.270937278148,7.12672470486284,29.0576296385382,0.0121217503781481,0.0459749176641423,3,0.121320267935376,78.3832175040965,9.8966847068274,201
R0202,FRAGILE,1,0,0.709015731892107,116.789827201296,13.6385700707932,0.909238004719548,20,32,1,1,0,0.666666666666667,0.921299330182465,0.0377282586146202,0.0596042596043773,-69.9590167448914,7.90804270453262,44.7704647872711,0.145493334680754,0.171300684761726,4,0.0764140860604843,116.789827201296,13.6385700707932,202
R0203,INFEASIBLE,0,-1.7966278002464,1.72319652331002,85.774485071082,14.2056171698005,0.947041144653366,20,32,0,0,0,0,1.98707112456922,0.0297559289370456,0.159120002289637,-57.4992734040946,6.3635072673717,36.489339633224,0.110177192068887,0.205546025343375,5,0.139503585642624,85.774485071082,14.2056171698005,203
R0204,INFEASIBLE,0,-1.75887808264337,1.50229796682859,71.1712703925903,11.6118627300775,0.774124182005168,20,32,0,1,0,0.333333333333333,1.47379895761877,0.0123966050270013,0.167221184568184,-46.6085944658852,6.15270516113915,34.8388493083147,0.0517542030482595,0.070305495279838,5,0.219408064172336,71.1712703925903,11.6118627300775,204
R0205,FRAGILE,1,0,1.29300547001014,37.5503261526767,13.1468949288514,0.876459661923428,20,32,1,1,0,0.666666666666667,1.97932271166493,0.0173192484760989,0.153221307106021,-44.7486743515966,11.737388072728,36.3964735502631,0.13867706889606,0.0854688305940838,1,0.396378459052822,37.5503261526767,13.1468949288514,205
R0206,EASY,2,2.05919376962307,2.4373927232373,37.9165849387771,14.7380537351017,0.982536915673448,20,32,1,1,1,1,1.78484782022153,0.0386672624830112,0.186105495196833,-68.8877974903143,8.5473373201434,35.8107428022862,0.0855551325486037,0.0443640384114197,3,0.322322487307385,37.9165849387771,14.7380537351017,206
R0207,INFEASIBLE,0,-2.33104640816367,0.549450854608961,66.1862775258687,13.1155392904002,0.874369286026681,20,32,0,0,0,0,0.96871676930151,0.0295138462200146,0.0531001542133548,-63.606204321154,11.951313051504,48.909607240353,0.00262282846367925,0.199561626896562,4,0.256979288260287,66.1862775258687,13.1155392904002,207
R0208,INFEASIBLE,0,-1.74039392951483,0.338384332830248,38.7211011720159,11.555582892283,0.770372192818864,20,32,0,0,0,0,1.7128840904459,0.0349248060907098,0.0464605897384015,-39.0170197361037,8.84362048001172,37.1465501027287,0.100752408580447,0.188574681257198,4,0.273967335578128,38.7211011720159,11.555582892283,208
R0209,INFEASIBLE,0,-1.97759710016913,0.956455883468152,29.5595322639893,14.7180113419676,0.981200756131173,20,32,0,0,0,0,1.63369744298611,0.0163038132140711,0.0884748858367833,-60.0134403055162,11.3299868808074,39.8904136912856,0.132021878065171,0.173327649829474,4,0.18566350775089,29.5595322639893,14.7180113419676,209
R0210,INFEASIBLE,0,-2.13733451389498,2.31167135306111,85.444675277609,10.2760359935939,0.685069066239593,20,32,0,0,0,0,1.72762651384164,0.0223287924495122,0.207181522971487,-66.2750843360472,9.18631564515851,45.6679792798869,0.0691874394660926,0.191485520856351,1,0.292471921789784,85.444675277609,10.2760359935939,210
R0211,EASY,2,1.79679254687144,1.64917646354329,117.490770853203,10.1692067516826,0.677947116778843,20,32,1,1,1,1,1.06481933371664,0.0289450779405917,0.205180598876191,-45.5993967632025,9.49999276574585,41.659867266798,0.0961879230626563,0.105380078202634,2,0.158398394812121,117.490770853203,10.1692067516826,211
R0212,INFEASIBLE,0,-1.81255232177006,1.97697442117372,21.7340336378415,11.5027876804464,0.766852512029759,20,32,0,0,0,0,1.01445094509495,0.0381451628059728,0.221988240687327,-42.9334721489784,13.8293582059391,30.0823126155348,0.0215002684051976,0.116252531047133,4,0.118685777531075,21.7340336378415,11.5027876804464,212
R0213,EASY,2,1.79771410059554,0.84894748692907,66.0465802123289,12.9270887687456,0.861805917916375,20,32,1,1,1,1,1.58173224739364,0.0233947015974395,0.116780041718589,-41.2235833859438,6.56348469064121,41.6225262520238,0.121018011617325,0.0580443831164385,3,0.310341265088421,66.0465802123289,12.9270887687456,213
R0214,INFEASIBLE,0,-2.12322914681535,1.13215035523173,25.0369807984271,14.905530638823,0.993702042588203,20,32,0,0,0,0,1.84089069172483,0.030087053695103,0.130792779556858,-52.6157637146176,8.06037915681724,47.8247202705238,0.0626554882535513,0.0917808164594192,4,0.109971981975093,25.0369807984271,14.905530638823,214
R0215,FRAGILE,1,0,1.55580317142848,111.985855972417,14.2902691187086,0.952684607913906,20,32,1,0,1,0.666666666666667,2.07662626328228,0.0299531909161006,0.137913693965404,-64.1836318702596,6.2279272565001,41.9001338980669,0.110470427030461,0.210199637978166,6,0.405169911488771,111.985855972417,14.2902691187086,215
R0216,INFEASIBLE,0,-2.49599398251937,2.17425758158345,119.864911870198,12.6763850426891,0.845092336179272,20,32,0,0,0,0,1.65098961845113,0.0105811595397835,0.231532343760314,-54.1440093367212,12.7087191024101,43.0292256684485,0.0974356850860375,0.186817028986474,3,0.350188098966837,119.864911870198,12.6763850426891,216
R0217,FRAGILE,1,0,1.01642696328371,116.124795545706,13.7682760651081,0.917885071007207,20,32,1,1,0,0.666666666666667,1.53729973625822,0.0368536925699834,0.119997056712142,-39.0891979072591,12.8031508476597,27.5653625025062,0.0500380103418096,0.244911064642074,5,0.316141350858415,116.124795545706,13.7682760651081,217
R0218,EASY,2,2.50297108277694,0.386645859778478,65.4955286228128,12.1353489860523,0.809023265736823,20,8,1,1,1,1,1.68370085078289,0.034578373049081,0.0685716934013012,-30.2741330078648,8.95196144535021,37.3136563513133,0.0095639315300764,0.0292968643427824,6,0.231923463105384,65.4955286228128,12.1353489860523,218
R0219,FRAGILE,1,0,1.8197165155068,114.435325703707,8.07512123990417,0.538341415993611,20,32,1,0,0,0.333333333333333,1.23790839513865,0.0398629986261742,0.177928123899992,-63.5601028992575,13.2467482580309,49.9933530660677,0.107747015742795,0.175335302288606,3,0.352847058019558,114.435325703707,8.07512123990417,219
R0220,EASY,2,1.44766599870697,1.63036685575616,95.0100688237055,12.7928859025402,0.852859060169349,20,16,1,1,1,1,1.64036689222696,0.0368288935626517,0.188183072739458,-51.380247432306,11.7305199696156,45.5243942087014,0.0606975654628028,0.0659708228048033,3,0.166343573675821,95.0100688237055,12.7928859025402,220
R0221,INFEASIBLE,0,-1.40471552810355,1.10882106324552,102.458261536576,10.8064575427755,0.720430502851699,20,32,0,0,0,0,1.7540590835448,0.0137486850321351,0.0863301451483461,-58.7743914516023,8.40099945018696,27.1043905881227,0.0917578293498321,0.158627600101582,2,0.234620859358493,102.458261536576,10.8064575427755,221
R0222,EASY,2,1.93759886944994,0.611327299546207,68.1306739564754,9.59949825399102,0.639966550266068,20,32,1,1,1,1,1.50785868443868,0.0291573857828725,0.0545457636878777,-64.0396379384897,12.1159042903338,42.2603963408489,0.14771147568245,0.103546678292186,4,0.132710983739823,68.1306739564754,9.59949825399102,222
R0223,INFEASIBLE,0,-2.37314840657943,1.36010848079756,47.4453224810602,14.0206129757293,0.934707531715289,20,32,0,0,0,0,1.97351948506418,0.0113421786995952,0.107121127809254,-62.1134920060902,5.55407348668084,30.9767909191562,0.122855843578609,0.170106544807502,3,0.219017864968244,47.4453224810602,14.0206129757293,223
R0224,EASY,2,2.31696112332453,1.7261170702195,85.0058893417886,9.34645103336414,0.62309673555761,20,16,1,1,1,1,1.85146509269556,0.0278254606033931,0.164948237270031,-47.2355125636953,5.8578059110391,26.3726325873813,0.108782433552104,0.02672132528756,4,0.108235239421594,85.0058893417886,9.34645103336414,224
R0225,INFEASIBLE,0,-2.09205695874999,1.72837432656237,22.8119400161377,8.17493442141769,0.544995628094513,20,32,0,0,0,0,1.87968110318423,0.0358282944479603,0.163184577902003,-51.3256934285753,13.6022388970827,30.3958029100749,0.129855741807354,0.185853126259785,6,0.167494901778106,22.8119400161377,8.17493442141769,225
R0226,INFEASIBLE,0,-2.37256780423668,0.688011628091932,28.6308167410682,14.9094025925362,0.993960172835747,20,32,0,0,0,0,1.82953025225103,0.0219161428098271,0.0677247787980272,-44.702456866401,12.4994856613151,25.0626954324765,0.0532288540464155,0.232683707543718,3,0.21455134765104,28.6308167410682,14.9094025925362,226
R0227,INFEASIBLE,0,-2.43038646411597,1.47267264049651,25.4770680441287,13.3611426205125,0.890742841367499,20,32,0,0,0,0,1.38476636007674,0.014333524304754,0.179237487874432,-46.1197281106947,10.6959585207289,40.7830867815221,0.0354456199409378,0.134442234253102,6,0.110502533255732,25.4770680441287,13.3611426205125,227
R0228,FRAGILE,1,0,1.260269849644,30.2231039688671,11.2851212195357,0.752341414635711,80,8,1,0,1,0.666666666666667,0.900290227120454,0.0353351997206426,0.092280177280364,-65.0746973356149,5.16109240109926,29.388364540272,0.133114320991917,0.117868853186858,6,0.36061187481012,30.2231039688671,11.2851212195357,228
R0229,FRAGILE,1,0,0.398001569920367,97.7270101595513,13.3756164873867,0.891707765825783,20,32,1,1,1,1,1.45656087636306,0.0242957309463907,0.076584408459164,-30.2828936054314,5.92153561386469,43.950847365053,0.128484470442184,0.155368573478419,1,0.354068473625952,97.7270101595513,13.3756164873867,229
R0230,EASY,2,2.38906434694396,0.721094288020167,94.6630658988031,12.0082457526282,0.800549716841878,20,16,1,1,1,1,1.1501200831781,0.0385037088054045,0.0883970876304703,-45.4715291815248,5.57547909343945,40.2190936019982,0.123139384661883,0.00244231772256105,5,0.0868763973841165,94.6630658988031,12.0082457526282,230
R0231,INFEASIBLE,0,-2.004811004665,0.352308829176062,99.1731962171849,9.37214880785674,0.624809920523783,20,32,0,1,0,0.333333333333333,1.11243771384174,0.0172035412951658,0.0589978286013594,-30.1611348448082,6.64716972441506,33.0203532580913,0.0156535520516725,0.17288536019688,5,0.351210255762104,99.1731962171849,9.37214880785674,231
R0232,EASY,2,1.72152708461723,0.448176269601808,116.584278698711,10.0757301927214,0.671715346181426,20,8,1,1,1,1,1.75469873735993,0.0287299075299318,0.0643399173886071,-39.7672308258629,5.43917000491456,42.1866791891877,0.0682183465688438,0.0928700562952188,5,0.374775917040884,116.584278698711,10.0757301927214,232
R0233,EASY,2,2.12880556993681,2.52969911454986,48.263141579692,14.4308367327749,0.962055782184992,20,32,1,1,1,1,1.85846956657893,0.0214426853186364,0.238243171198631,-50.8868543926456,5.82391988795642,29.7286886767817,0.0972590735111397,0.0284344034551166,4,0.445213804268664,48.263141579692,14.4308367327749,233
R0234,FRAGILE,1,0,0.985957068587731,88.7341930851604,13.4473178268304,0.896487855122028,20,8,1,1,0,0.666666666666667,1.1597199175817,0.0161582555013864,0.0727732127126428,-66.4773647301,7.28331097097635,31.1627684991639,0.0178966756389127,0.0774622272791447,5,0.427949993040514,88.7341930851604,13.4473178268304,234
R0235,INFEASIBLE,0,-2.36844914038454,0.992113919466257,114.298970099327,9.76549126385055,0.65103275092337,20,32,0,0,0,0,1.72430658898951,0.0151368965912691,0.0907532717725825,-51.4749505589212,13.1144918199139,28.6982047232409,0.0177139792768623,0.194691867812044,4,0.414128307336791,114.298970099327,9.76549126385055,235
R0236,EASY,2,2.02530067436503,0.539567964091726,64.6133928567974,10.1059535549975,0.673730236999834,20,32,1,1,1,1,1.13265024829635,0.0397362585392136,0.0818774308496526,-38.7100994806499,7.06264859467418,44.6628089233735,0.142900839737582,0.123474358456127,1,0.337952194454401,64.6133928567974,10.1059535549975,236
R0237,INFEASIBLE,0,-2.24519386097761,1.30841469223463,25.3340585419475,12.5101486934819,0.834009912898796,20,32,0,0,0,0,1.39484544410899,0.0102086791522765,0.157948497668689,-37.4471711772464,7.82547118035528,26.4508457856922,0.120709521070246,0.175097110184489,4,0.444154873904748,25.3340585419475,12.5101486934819,237
R0238,FRAGILE,1,0,2.58448369117483,98.0599630558,8.81963280126908,0.587975520084605,20,8,1,1,0,0.666666666666667,1.92302061336803,0.0313919743834054,0.224659424696368,-59.3810051860333,7.37116825636898,34.487216214881,0.114803618298212,0.110768667109847,3,0.1101628813327,98.0599630558,8.81963280126908,238
R0239,EASY,2,1.93593935576124,1.06909088175155,43.6329045767399,12.0319266598698,0.802128443991318,45,32,1,1,1,1,1.1552277371527,0.0233340910618368,0.108000157730384,-55.417078583619,5.60377376461572,40.5665561575933,0.0967100025994139,0.0161744756884198,5,0.372832979849223,43.6329045767399,12.0319266598698,239
R0240,EASY,2,1.78731591739786,1.12557930690749,80.3811746964237,12.297859062623,0.819857270841534,20,32,1,1,1,1,1.74397380441675,0.0397866230488932,0.131595506528925,-51.140225781535,13.0289037254258,46.2718175523755,0.0678660881236062,0.0474825683031806,3,0.346877486709955,80.3811746964237,12.297859062623,240
R0241,INFEASIBLE,0,-2.40923953941995,0.596665199887546,45.3904688329858,10.8716265905949,0.724775106039663,20,32,0,0,0,0,1.14334662744573,0.0151776176640171,0.0879659219017133,-40.9475671475574,12.9526566303183,47.1720841310741,0.101381554392265,0.24932702603182,2,0.282339537340341,45.3904688329858,10.8716265905949,241
R0242,EASY,2,2.48045574174388,0.206562088770075,105.002319735903,11.9854817975964,0.799032119839762,20,32,1,1,1,1,1.77016012859237,0.0322833543783045,0.0409843783984321,-30.3972041539145,11.4727752986911,47.0829981246122,0.131608640648147,0.0881561159943402,6,0.187567553847898,105.002319735903,11.9854817975964,242
R0243,INFEASIBLE,0,-1.98508221524284,0.685473689514208,23.0629712063986,8.13277848173192,0.542185232115461,20,32,0,0,0,0,0.971667195449975,0.0191727477086309,0.0612808468693886,-58.6827780262815,10.2179356707452,35.624651458972,0.108044447667225,0.12467015813603,2,0.236861983778001,23.0629712063986,8.13277848173192,243
R0244,EASY,2,2.06082366841039,2.1364881810909,64.1674269940733,8.41030803339081,0.560687202226054,20,16,1,1,1,1,1.8106932514283,0.0189220450740228,0.160367239564637,-66.9851527550127,8.42913904614758,32.7226735126798,0.0565416565708355,0.0578189356037423,3,0.436247179383669,64.1674269940733,8.41030803339081,244
R0245,EASY,2,1.82566982058764,2.66598342985028,26.5277624512072,12.0480449894072,0.803202999293814,20,16,1,1,1,1,1.25748431642108,0.0342279639446875,0.223056166308309,-56.3007463777516,7.64253157665584,28.721243403012,0.108747101219287,0.0203485781640646,4,0.0565173728108457,26.5277624512072,12.0480449894072,245
R0246,INFEASIBLE,0,-2.26371978962425,1.23793669913866,51.3920266381847,13.2726630252561,0.884844201683741,20,32,0,0,0,0,1.31623079663164,0.0190874500029203,0.225419592914801,-32.8960583200802,9.54848519103037,46.4446323392609,0.129867702016889,0.144300768802678,1,0.329627334961443,51.3920266381847,13.2726630252561,246
R0247,INFEASIBLE,0,-2.37913921253686,1.06306042968591,106.398571503588,13.9096014816548,0.927306765443654,20,32,0,0,0,0,2.09087718721496,0.0116148129467919,0.160386942668205,-39.6051416281245,13.7538741413642,46.2153887677347,0.0204553964338887,0.0906353525225048,2,0.443726880445898,106.398571503588,13.9096014816548,247
R0248,INFEASIBLE,0,-1.53679174696745,1.89447587784068,47.8494209376312,11.2294333906177,0.748628892707846,20,32,0,1,0,0.333333333333333,1.19778877186993,0.035733373050196,0.168196968700569,-49.656149158445,11.0916402873708,25.1573910392105,0.104392059395931,0.174443929925948,1,0.236700145523011,47.8494209376312,11.2294333906177,248
R0249,EASY,2,2.33510600160317,0.694367391042014,99.3659371138199,14.9083403148187,0.993889354321245,20,8,1,1,1,1,1.37778351219953,0.0331975658431078,0.112402002602492,-34.9989930402551,8.12736364286586,41.5472151642073,0.00576276767594852,0.0344861294933008,3,0.152018892347851,99.3659371138199,14.9083403148187,249
R0250,FRAGILE,1,0,0.739288379154402,86.0908623808839,8.8578489310405,0.590523262069367,20,32,1,1,1,1,1.64790195826715,0.0120886435903538,0.0946694338922023,-36.6495350075073,11.0654303664202,28.5095325061616,0.0775554797715427,0.074662228278983,2,0.393012565758098,86.0908623808839,8.8578489310405,250
R0251,EASY,2,2.09628001119413,1.21536779989129,115.883980938593,13.1009754855003,0.873398365700019,20,32,1,1,1,1,1.9920037998956,0.0105996531173644,0.162284871739936,-44.9221808415368,12.0553711927703,46.5718663162653,0.0297850739687588,0.00855038758094049,5,0.13923911516099,115.883980938593,13.1009754855003,251
R0252,EASY,2,1.63914539605856,0.899502739481032,94.9716761627566,12.1101894968633,0.807345966457553,20,32,1,1,1,1,1.83465550427723,0.0185918293810039,0.0796804750387038,-53.9351969610306,11.2852542740401,29.5464116078679,0.0483669197183749,0.0692963823321703,5,0.134957574209341,94.9716761627566,12.1101894968633,252
R0253,FRAGILE,1,0,1.18175715990899,90.350200378354,10.1732105716965,0.678214038113099,20,32,1,1,1,1,1.82197940289049,0.0278349557134187,0.131974550765424,-50.8351329373714,13.8936771148995,41.7170110583404,0.0338920323900804,0.104929702415363,3,0.409861653169118,90.350200378354,10.1732105716965,253
R0254,INFEASIBLE,0,-1.96444650313234,1.45851197158328,94.0979356000809,11.4262979612638,0.761753197417584,20,32,0,0,0,0,1.5610250257457,0.0140915426623711,0.139533689738075,-60.3240495727041,12.2952134625383,43.110245316537,0.0776769133102067,0.131450096247162,1,0.0941571022548021,94.0979356000809,11.4262979612638,254
R0255,INFEASIBLE,0,-1.76189743718297,1.56879003881589,50.9321873622686,10.4333433979971,0.695556226533141,20,32,0,0,0,0,1.37651076852413,0.0318997097943415,0.222606301945576,-36.7283080915887,11.5523194751382,35.1567294204788,0.104560994353338,0.201665447054018,6,0.332232173938782,50.9321873622686,10.4333433979971,255
R0256,INFEASIBLE,0,-2.78980158256678,0.735852371208709,66.6237299847953,12.7384573505123,0.849230490034155,20,32,0,0,0,0,1.76786556638068,0.013702305814097,0.0707931848528771,-47.9458355660079,12.5650817558261,27.5400455770202,0.116157483097927,0.187427582667532,1,0.0512517225348996,66.6237299847953,12.7384573505123,256
R0257,INFEASIBLE,0,-1.84669830860522,1.80163011307085,65.9658606108984,11.7720082352891,0.784800549019277,20,32,0,1,0,0.333333333333333,1.41209835878367,0.0214155186011182,0.2382097897813,-44.6720674138143,8.04133370655687,45.1566180384408,0.128165380468047,0.104572535004126,4,0.38285089233969,65.9658606108984,11.7720082352891,257
R0258,INFEASIBLE,0,-1.74085196423215,1.46372333351769,47.6393188205325,11.3315327397058,0.755435515980386,20,32,0,0,0,0,1.80515145390601,0.0142968496868173,0.115325474117007,-65.8104863973173,9.33709418937195,34.8003862048859,0.0207695308839038,0.100932238302621,2,0.238984333562382,47.6393188205325,11.3315327397058,258
R0259,INFEASIBLE,0,-2.13200855432432,2.58476393583368,22.9331188615797,10.5373956183362,0.702493041222416,20,8,0,0,0,0,1.94916958548724,0.0329491766636429,0.21840200982272,-64.5771848870033,9.99014223733859,38.5381679482558,0.0965292431630515,0.217226963121791,4,0.105088021846078,22.9331188615797,10.5373956183362,259
R0260,INFEASIBLE,0,-1.82794765291578,1.65209159406511,29.6529075337783,11.1958047990454,0.746386986603025,20,32,0,0,0,0,1.90850589751782,0.0111424024477293,0.175349855069825,-45.7895508148905,10.9733498309136,30.5729047357237,0.137444426059249,0.0694110612640327,3,0.328093692916279,29.6529075337783,11.1958047990454,260
R0261,INFEASIBLE,0,-1.82374155972887,1.83183992126561,54.1043124384294,13.6877201702175,0.912514678014502,20,32,0,0,0,0,0.966608598300303,0.0240266398595605,0.17295056470188,-48.9006494501463,7.632426734715,27.5904981101749,0.0858131263359831,0.125790741779908,6,0.11471453637396,54.1043124384294,13.6877201702175,261
R0262,INFEASIBLE,0,-1.99494233722554,1.96172265093855,53.1434304927871,14.233397076681,0.948893138445401,20,32,0,0,0,0,1.66180885028098,0.0399843227749183,0.220860161230135,-42.3964411140704,11.7673718740655,29.4903357953483,0.0784029531103475,0.185158054957391,5,0.257360017871047,53.1434304927871,14.233397076681,262
R0263,INFEASIBLE,0,-2.2434928013485,2.09230621874337,119.234338213602,10.0707360676932,0.671382404512881,20,32,0,0,0,0,1.20124835587721,0.0126555824208568,0.199138190459481,-54.827704463529,6.67337125328347,35.2468332986989,0.0421325284748007,0.132512797762177,5,0.0892409039225491,119.234338213602,10.0707360676932,263
R0264,EASY,2,2.19457507104357,1.96513939920042,59.272281087276,14.7933194348139,0.98622129565426,20,16,1,1,1,1,2.05634652223323,0.0393809035456034,0.17881545636998,-48.5640779748738,12.1756160334257,25.2763894132561,0.0317110700859185,0.0392944967149309,4,0.0573788218934109,59.272281087276,14.7933194348139,264
R0265,INFEASIBLE,0,-1.7421649116472,0.832321105020302,60.3953592395293,11.4456660081475,0.763044400543166,20,32,0,0,0,0,1.1905567832612,0.0380138136701599,0.124988215436893,-38.6789898054768,9.95077315569267,43.6684647114474,0.0356642814500232,0.230222857950412,1,0.355625902594748,60.3953592395293,11.4456660081475,265
R0266,INFEASIBLE,0,-1.80004684367174,1.60145905389575,87.2239430383525,12.2652828049996,0.817685520333304,20,32,0,0,1,0.333333333333333,1.26518153005734,0.0369949222200291,0.129365316585264,-66.8456077237261,6.65370296164787,37.7408035164465,0.129936113560687,0.188705445575053,5,0.438768074428819,87.2239430383525,12.2652828049996,266
R0267,EASY,2,2.01891584573724,2.17880657468843,101.048138523996,11.4936960961102,0.766246406407344,20,32,1,1,1,1,1.61029955985291,0.0192872755156029,0.221442190723946,-47.354066482553,9.23269523350587,29.9819102972107,0.135974373232906,0.078565897658289,3,0.0515212252402387,101.048138523996,11.4936960961102,267
R0268,FRAGILE,1,0,2.0255338316777,97.9087884761567,13.4027387050411,0.893515913669404,20,32,1,1,0,0.666666666666667,0.901247626066101,0.0350119426152995,0.158176621627246,-63.4611331794061,11.2490965071675,31.7894190108365,0.145805415270039,0.116065621595634,2,0.333928496754518,97.9087884761567,13.4027387050411,268
R0269,FRAGILE,1,0,0.99646139630355,26.8803122714654,10.5778009714803,0.70518673143202,20,8,1,0,0,0.333333333333333,1.80446779389224,0.0135498438825245,0.116256449978993,-44.6231300750031,7.22359424356527,35.0828264776133,0.0665056488753638,0.0742199276477281,5,0.414585552730734,26.8803122714654,10.5778009714803,269
R0270,EASY,2,1.54562328330611,0.941589409175023,86.3119730834527,11.1387120144205,0.742580800961365,20,32,1,1,1,1,1.09780257389289,0.0330761089465496,0.161171338631718,-35.3300714142496,5.49100667922513,47.3372346533406,0.0474436725334778,0.152414233705667,2,0.31306768240305,86.3119730834527,11.1387120144205,270
R0271,EASY,2,1.8095192831864,0.905886767162828,55.3356599755255,11.1508137290828,0.743387581938856,20,32,1,1,1,1,1.93512049777074,0.035617934543472,0.155056062533039,-34.7143795268076,7.10486471211725,45.6993310498322,0.0625448937078591,0.131034135757887,2,0.194645619391485,55.3356599755255,11.1508137290828,271
R0272,EASY,2,1.95903322198587,0.3626713996966,118.846756203215,13.5020224332982,0.900134828886546,20,32,1,1,1,1,1.77219767537488,0.0266116872828657,0.0403273045575436,-39.7543042717106,9.67780648257373,25.2930641348292,0.133240281675818,0.118157008741046,3,0.329960334186802,118.846756203215,13.5020224332982,272
R0273,EASY,2,2.41560651425633,1.49579777763264,58.5160120736103,9.81912950606574,0.654608633737716,20,8,1,1,1,1,2.05049641048878,0.038085768894691,0.144840005798512,-52.1143046716564,6.80875789018882,32.9614684969571,0.0530244150489397,0.0037285960455748,4,0.359638530151596,58.5160120736103,9.81912950606574,273
R0274,INFEASIBLE,0,-1.5245071743007,2.02594316890797,63.9624994172569,14.4770451659149,0.965136344394324,45,8,0,0,0,0,1.18905595494583,0.0199376054060073,0.20086802036421,-57.5601252947161,8.58726045465402,42.1572137868754,0.11010748850122,0.170667838063047,3,0.222912502576832,63.9624994172569,14.4770451659149,274
R0275,INFEASIBLE,0,-1.79582494099358,0.642300879845823,102.611857190142,8.97899304690865,0.598599536460576,20,32,0,0,0,0,1.22541849433362,0.0208204543853168,0.0858016814486851,-40.0286460492174,7.10058889840071,37.0098838254661,0.0736392195079339,0.208419714257805,5,0.419605869786582,102.611857190142,8.97899304690865,275
R0276,EASY,2,2.26844200862791,2.34975192482895,107.52400779865,9.20285516805536,0.613523677870357,20,16,1,1,1,1,2.08365622475774,0.0346431547592379,0.202980010817005,-57.860459788989,10.819912690342,32.3360995024975,0.017309387655982,0.00127449268878002,4,0.195928645915317,107.52400779865,9.20285516805536,276
R0277,INFEASIBLE,0,-2.40832203012187,2.6302101784217,114.036565340309,11.3828738275349,0.758858255168993,20,32,0,0,0,0,1.31085129668541,0.0369590921283721,0.236156753696709,-67.4891068219302,12.2424458979157,47.5278917747108,0.0612754467935693,0.169999457270367,6,0.34617579111529,114.036565340309,11.3828738275349,277
R0278,FRAGILE,1,0,0.508501811450967,96.9165501076701,10.6554655652694,0.710364371017963,20,32,1,0,1,0.666666666666667,1.59490711066083,0.0130694496914886,0.0475516151928218,-59.6768107484939,8.35519794550848,40.3104926519115,0.0405922515185317,0.0972474908646283,5,0.291587802109239,96.9165501076701,10.6554655652694,278
R0279,INFEASIBLE,0,-1.85237152888722,0.322529167668589,110.811227837719,10.4285495994639,0.695236639964262,20,32,0,0,0,0,1.39577623296654,0.0126350022834437,0.0625054937028203,-30.1897155387234,9.73540497601906,44.3075551704688,0.0804388858221138,0.146100499434716,2,0.221233259420242,110.811227837719,10.4285495994639,279
R0280,INFEASIBLE,0,-2.02209919183433,1.05454031576299,86.0323312171582,12.7985942670173,0.853239617801153,20,32,0,0,0,0,1.49629643025874,0.0152960654930406,0.170383310754533,-30.7909674680501,10.5526467333033,32.0358135246183,0.0772971442251553,0.168601741280516,2,0.381418382586122,86.0323312171582,12.7985942670173,280
R0281,EASY,2,2.4780053557173,1.33741593216598,107.089305662369,14.9366043442776,0.995773622951842,20,16,1,1,1,1,1.64131730526777,0.0391392423259145,0.237612343050751,-30.8001263979823,10.9097343722776,38.7588928840357,0.131407454312822,0.0136383311964125,3,0.333575019617314,107.089305662369,14.9366043442776,281
R0282,EASY,2,1.64984660788986,2.61523432533194,99.800744176566,8.84448071167435,0.589632047444957,20,32,1,1,1,1,1.44823933849567,0.0206580807122705,0.215146539128758,-64.6035964111129,8.43095553266598,36.5613531663821,0.0645243366961957,0.0919784880026985,3,0.0802356165771689,99.800744176566,8.84448071167435,282
R0283,INFEASIBLE,0,-1.73513416527898,1.91777734504191,73.5556653693286,10.2443858921363,0.682959059475755,20,32,0,0,0,0,1.39407606647436,0.0385341004573106,0.187163348564956,-58.8383628983512,7.46875990317545,42.6803294897287,0.0385236766191408,0.230367455894068,3,0.283453797072002,73.5556653693286,10.2443858921363,283
R0284,EASY,2,1.95283989480155,3.11747590069123,119.770962564549,14.0232120370967,0.934880802473117,20,32,1,1,1,1,1.4701197841707,0.030495436287391,0.218512766319778,-65.6809833549297,8.8163671119148,27.4339327757233,0.114541473652051,0.0947257947348557,5,0.319813187513935,119.770962564549,14.0232120370967,284
R0285,FRAGILE,1,0,1.08102716319854,106.659704167389,14.1459695888832,0.943064639258883,45,32,1,0,1,0.666666666666667,2.0712341936616,0.0190404891850273,0.0954580594459776,-68.3530824986633,5.63394078268511,47.1551961465084,0.0535690266427688,0.09599844368263,4,0.151660822406854,106.659704167389,14.1459695888832,285
R0286,EASY,2,1.78317752378296,1.01382306565977,78.8463856889769,13.5320288318993,0.902135255459951,20,32,1,1,1,1,1.30501156774018,0.0237563669303678,0.12724806782992,-47.0250765676956,5.54622508101462,45.0918898662989,0.0553451528392336,0.122739298720338,4,0.257220131908349,78.8463856889769,13.5320288318993,286
R0287,EASY,2,1.91308527621403,0.639185781664677,52.6011360808968,11.6239472555815,0.774929817038769,20,16,1,1,1,1,1.05434374007387,0.0244010598559277,0.0628614557783681,-55.0614069030469,10.3683438711704,37.9551421720637,0.142395399914149,0.0157215865589727,4,0.164623342759609,52.6011360808968,11.6239472555815,287
R0288,FRAGILE,1,0,1.48936525891375,45.096817490344,13.5449091713474,0.902993944756495,20,32,1,1,0,0.666666666666667,1.89854277761464,0.0171164118176562,0.196967549363054,-36.9065971368078,11.4237659482322,30.8358759654204,0.0122454054722128,0.06336923586318,1,0.0989480747810056,45.096817490344,13.5449091713474,288
R0289,EASY,2,1.87768345832473,1.14935075201379,100.503747719903,9.19387822203212,0.612925214802141,20,8,1,1,1,1,1.65511123254587,0.0270804971554924,0.118984634039482,-57.194106153542,9.45686826194045,45.377493266688,0.0922773895237934,0.0448991209605661,2,0.148246315957009,100.503747719903,9.19387822203212,289
R0290,EASY,2,2.52276024780395,1.23729457144251,95.1087149948968,14.5305781735276,0.968705211568506,20,16,1,1,1,1,1.24032782569442,0.0338546192135352,0.129706010384535,-49.0976449792993,6.80027838287315,34.2891458423603,0.0971059418317984,0.00405432484659184,1,0.175144113024395,95.1087149948968,14.5305781735276,290
R0291,INFEASIBLE,0,-2.40609463927857,0.417734529408935,92.9806724090946,8.97422631001429,0.598281754000952,20,32,0,0,0,0,1.08463891027826,0.0158700842166888,0.0489850219530059,-52.4924540632513,13.0711972933623,49.0434456497484,0.128335886241849,0.149107912177178,6,0.258099337391122,92.9806724090946,8.97422631001429,291
R0292,EASY,2,2.34350858655004,0.694120836683616,83.8702918322706,9.48226410831764,0.632150940554509,20,8,1,1,1,1,1.68650250786863,0.0269281060428397,0.0536487623575038,-69.0268459799474,13.4505158512799,36.8422943886211,0.0114398171517313,0.0191018758094884,5,0.142121546684312,83.8702918322706,9.48226410831764,292
R0293,EASY,2,2.41930340633969,1.19288126676994,106.857806145894,8.44958580351347,0.563305720234231,45,16,1,1,1,1,1.55357735419174,0.0314496784649593,0.14034909265215,-52.7851577160125,8.66400521804764,49.9240472909839,0.0716452428612078,0.00888000258098697,2,0.380200218292973,106.857806145894,8.44958580351347,293
R0294,EASY,2,2.37710080072448,0.403808536181424,89.005607143949,12.377147926045,0.825143195069668,20,32,1,1,1,1,1.98164439753693,0.0115200982535594,0.0445450805835113,-53.9242900247995,9.07179982761992,45.8013981795094,0.128661019769875,0.0152409391404164,4,0.425686738602286,89.005607143949,12.377147926045,294
R0295,EASY,2,2.17539841809409,0.848751402942367,75.844243247224,10.4686728446943,0.69791152297962,20,32,1,1,1,1,2.01733153326866,0.0388230753342011,0.111307884325841,-33.9626790523125,12.1379800104041,25.6776978912533,0.135350247515978,0.108907644314695,6,0.390201912138838,75.844243247224,10.4686728446943,295
R0296,INFEASIBLE,0,-2.29289704845219,0.903625973429001,109.569828384764,8.82335668940053,0.588223779293369,20,32,0,1,1,0.666666666666667,0.937014477634316,0.0311991215211275,0.174635050404035,-31.3509361607685,9.25188716413064,47.5168673390484,0.149178181448392,0.128262841354503,4,0.181890266752482,109.569828384764,8.82335668940053,296
R0297,EASY,2,2.28366537364023,0.966270447847632,92.7943943603238,9.92405111317261,0.661603407544841,20,16,1,1,1,1,1.51950066495216,0.025322252149764,0.126452322791343,-33.6549794598922,13.8682632565402,25.108238453218,0.125846836619056,0.0509303910760513,1,0.333769267969728,92.7943943603238,9.92405111317261,297
R0298,INFEASIBLE,0,-1.80846895300984,2.36399618833847,49.2422207643821,9.24241425262299,0.616160950174866,20,32,0,0,0,0,1.89956059544735,0.0278184698317679,0.167689791361537,-69.2495366353004,11.3179159764289,31.2330794165693,0.131357872013127,0.158274322983171,2,0.325612830628883,49.2422207643821,9.24241425262299,298
R0299,EASY,2,2.77857410539826,1.24820565821319,112.910732619159,9.01951420816216,0.601300947210811,20,32,1,1,1,1,1.56936874507723,0.0351758755206476,0.155353107091748,-38.5291365571167,8.02341466048772,29.7651108008674,0.0250195514445218,0.00235827978875547,6,0.354978343204964,112.910732619159,9.01951420816216,299
R0300,INFEASIBLE,0,-1.60080023882821,2.05616981306193,42.6019670769951,8.68471415596583,0.578980943731055,20,32,0,0,0,0,1.37262205822786,0.011756211659426,0.1874725035865,-59.0509549595492,5.79007795000158,37.5208275279421,0.0164944323384466,0.120668262140394,5,0.327887418781594,42.6019670769951,8.68471415596583,300
R0301,EASY,2,1.66487399864105,0.779876439264477,57.8272160037894,11.2088777314094,0.747258515427292,20,32,1,1,1,1,1.71969270193105,0.0304019430509056,0.10020351223747,-42.3642177179293,7.0323865762265,38.350764692048,0.115282448760391,0.0631017005428442,5,0.140916700970636,57.8272160037894,11.2088777314094,301
R0302,EASY,2,1.86616225368199,1.8620062736154,51.6947204673377,14.8048196949711,0.986987979664741,20,16,1,1,1,1,1.68238955257605,0.0370207555431293,0.131392064595895,-64.4241167786518,5.92774788420568,26.7506474401821,0.140827181874273,0.0931371153067638,2,0.225843917804875,51.6947204673377,14.8048196949711,302
R0303,INFEASIBLE,0,-1.90597195326947,2.01965064313202,103.148697084619,9.60574747960672,0.640383165307114,20,32,0,0,0,0,1.27623190687523,0.0115848445254796,0.156813425693929,-68.6761899541934,8.50926021314734,36.8033815258442,0.0152703109367657,0.122977297608302,3,0.395361019991532,103.148697084619,9.60574747960672,303
R0304,EASY,2,2.23070228552914,0.579220665668069,96.7046526309996,10.9126403729094,0.727509358193962,20,8,1,1,1,1,1.29754627991801,0.0255287742731037,0.0945108417418955,-37.1656272928929,5.33622367116378,47.6013705571979,0.0159285255820815,0.0518238879780459,5,0.0897630339625826,96.7046526309996,10.9126403729094,304
R0305,EASY,2,2.44457050792883,0.697239173463468,53.4254691100812,9.3671664588576,0.62447776392384,20,8,1,1,1,1,2.04759561776141,0.0310480023729715,0.124056207073817,-30.757421780391,5.27365694207402,38.7645415690041,0.0651489235948769,0.012717969961544,2,0.241325613951865,53.4254691100812,9.3671664588576,305
R0306,FRAGILE,1,0,0.859720962741704,72.4344777583431,10.9349733614676,0.728998224097837,20,32,1,1,1,1,1.92341306173634,0.0100810431032696,0.0960272947664331,-45.6458382210332,13.0679149231828,33.6463599229544,0.0147032538657281,0.0551696613582168,1,0.248496737823408,72.4344777583431,10.9349733614676,306
R0307,FRAGILE,1,0,1.75767797140978,67.5087417350997,12.1490493578033,0.80993662385355,45,32,1,0,0,0.333333333333333,1.11031335126838,0.0316260045212264,0.162157210840379,-60.304318733111,13.2369541717636,40.0637963791707,0.0738030590891086,0.0616747328048204,5,0.340591783268552,67.5087417350997,12.1490493578033,307
R0308,INFEASIBLE,0,-2.16886159963124,1.27461828657589,21.7911586285735,13.009789145255,0.867319276350336,20,32,0,0,0,0,2.01331241532253,0.0224383479310101,0.11583213919683,-53.6870572213189,11.0510940012689,30.8104768643208,0.0174153524537881,0.149806777233001,2,0.263143830034266,21.7911586285735,13.009789145255,308
R0309,INFEASIBLE,0,-1.43389673169039,1.07091177608494,110.592983132151,10.4417122231432,0.696114148209546,20,32,0,1,0,0.333333333333333,1.38831597130264,0.0343937344757612,0.140549388833132,-42.8457043678617,13.558844001662,40.9285600231029,0.0899538695291986,0.123829878902182,6,0.246925396304017,110.592983132151,10.4417122231432,309
R0310,INFEASIBLE,0,-2.25709242443942,2.38618301807691,40.5718072785791,10.6369031464276,0.709126876428504,20,32,0,0,0,0,1.30090819363739,0.0149142184548147,0.161522668983892,-67.8633882210701,9.33812926184743,27.3144146602219,0.0154946328226818,0.157490207521565,2,0.400403774265018,40.5718072785791,10.6369031464276,310
R0311,INFEASIBLE,0,-1.70128157968661,0.434023268584115,41.4673452410415,14.2237979462408,0.948253196416053,20,32,0,1,0,0.333333333333333,2.01876111468122,0.0126199818624839,0.0671693719937339,-36.2954957858713,8.1340936038606,40.8397779833062,0.149151386223919,0.0992197663928858,2,0.384328983708217,41.4673452410415,14.2237979462408,311
R0312,INFEASIBLE,0,-2.01158316513903,0.885772458077656,23.7805152970621,13.889409683596,0.925960645573066,20,32,0,1,0,0.333333333333333,1.42948928647275,0.027135725211022,0.083107431166628,-59.751525442799,8.18667028971133,40.6812907506221,0.118887963411979,0.0768151911380951,2,0.357521468087339,23.7805152970621,13.889409683596,312
R0313,EASY,2,1.98556568875425,2.43582217954821,103.622065302768,14.7052083229487,0.980347221529913,20,16,1,1,1,1,1.87789035995491,0.0186137352902008,0.223525293555993,-49.3475914461488,7.52803455828304,26.5433335539222,0.100599214799979,0.0165384565270782,4,0.127053947561937,103.622065302768,14.7052083229487,313
R0314,EASY,2,1.94726464665439,0.301572467019978,64.9843944164269,14.9238882603736,0.994925884024906,20,32,1,1,1,1,1.55830963030905,0.0318186939585377,0.0574369491286064,-31.9812074652366,6.15967530330414,48.0231252786867,0.111581477996685,0.133885296054077,5,0.195797254558649,64.9843944164269,14.9238882603736,314
R0315,INFEASIBLE,0,-2.09933025288968,1.13729620681901,29.4003502489905,10.0798962788546,0.671993085256973,20,32,0,0,0,0,1.42232811638874,0.0385873283550108,0.0948617373676156,-57.1242912691697,12.0536950795256,29.3858308440881,0.0884914031171671,0.19830796263301,3,0.0640538493418267,29.4003502489905,10.0798962788546,315
R0316,FRAGILE,1,0,0.537794870328451,56.6666185904634,11.5369072008419,0.769127146722791,20,16,1,0,1,0.666666666666667,1.79103274681978,0.0331123289168551,0.0651274683131028,-44.9818923948965,13.3508565791338,38.408901222487,0.118783656157722,0.129795536243085,6,0.384908669387211,56.6666185904634,11.5369072008419,316
R0317,INFEASIBLE,0,-2.18961606522125,1.71281078790888,64.3070564683054,14.9813966639315,0.998759777595433,20,32,0,0,0,0,1.77327073358409,0.021360269597088,0.16232545509966,-59.4674349791942,7.75211782759178,41.1125343050982,0.127590242191265,0.203497199006715,4,0.387381117310151,64.3070564683054,14.9813966639315,317
R0318,EASY,2,1.87565753712952,2.04161822443246,102.84947467639,9.91215899123605,0.660810599415737,20,32,1,1,1,1,1.95329834863238,0.0248658075744739,0.23870190181762,-50.6002197549493,8.85388923287159,45.3031973175319,0.0941768323184402,0.0957304591241272,5,0.111386060899607,102.84947467639,9.91215899123605,318
R0319,FRAGILE,1,0,0.676925559454875,93.3515874415444,9.13710437722825,0.609140291815217,20,32,1,1,0,0.666666666666667,1.55944382745672,0.0237721835135242,0.0520189863187108,-62.2304816120274,7.50647350269833,29.6012210458624,0.0220116657820363,0.219732887812381,2,0.236200714642791,93.3515874415444,9.13710437722825,319
R0320,INFEASIBLE,0,-2.11553618626091,0.564752061054273,114.773420816584,11.8494396284486,0.789962641896571,20,32,0,0,0,0,1.88975145200214,0.0168267349560224,0.0788679481537254,-35.8703901957399,7.83676209338599,32.4802224063608,0.0236929391657296,0.246747221410744,5,0.419368480868097,114.773420816584,11.8494396284486,320
R0321,EASY,2,1.66826182118383,2.46323264862138,50.3376657595599,9.81028454634229,0.654018969756153,20,16,1,1,1,1,1.72155041059713,0.028707124126168,0.209243915043001,-68.4200918425262,5.41326538868358,43.7243611487011,0.119194755880137,0.0751361370702867,5,0.176242661466098,50.3376657595599,9.81028454634229,321
R0322,INFEASIBLE,0,-2.42806736452533,1.21802246903496,109.14880470239,13.3210304773849,0.888068698492325,20,32,0,0,0,0,1.48697071442269,0.0380184807769237,0.129940813793844,-55.473187874239,13.2755252528766,45.332343442967,0.141896560551098,0.166602884096604,5,0.4023146619668,109.14880470239,13.3210304773849,322
R0323,EASY,2,1.98776905545824,0.997158386524003,75.1715003222017,10.1887306720178,0.679248711467855,20,32,1,1,1,1,1.93481311145881,0.0197697199814471,0.0836796332649926,-68.4399626799676,7.79740560108076,42.6964855955079,0.0724105272967031,0.0710971609757481,2,0.353484921435197,75.1715003222017,10.1887306720178,323
R0324,INFEASIBLE,0,-2.59797825441605,1.96116958070488,62.3350843098292,10.0596012102719,0.670640080684794,20,32,0,0,0,0,1.66890283139982,0.0121794537293097,0.184509614986533,-63.956741068943,5.34639029749103,46.8642550257182,0.00495280516411363,0.215298134499281,3,0.14877065863853,62.3350843098292,10.0596012102719,324
R0325,FRAGILE,1,0,1.22072053092374,94.8335150206186,9.92666544000834,0.661777696000556,45,32,1,1,1,1,1.56641678148181,0.0133232559608712,0.137996372723219,-41.4428430102449,5.08026369358266,28.4094798727277,0.0467781952875107,0.118674242491789,6,0.0772829079643474,94.8335150206186,9.92666544000834,325
R0326,EASY,2,2.31974350496277,1.43249897901228,107.035756193231,8.70532396240888,0.580354930827259,20,8,1,1,1,1,1.42186986348745,0.0264422629622726,0.20943228368456,-34.8028530056848,5.68252223580667,33.5111757956589,0.0933060138050554,0.0953894057415099,4,0.307946352353872,107.035756193231,8.70532396240888,326
R0327,INFEASIBLE,0,-2.1022262126624,0.910254886949105,89.8406730323907,14.8195118538477,0.987967456923182,20,32,0,0,0,0,0.988884101381016,0.020993226437182,0.0950366122761813,-55.7359011621035,8.62087172188849,43.8315942350303,0.0324775990365812,0.169392746286174,3,0.386532298715172,89.8406730323907,14.8195118538477,327
R0328,INFEASIBLE,0,-2.18645741802075,0.95158926436498,99.258990440145,14.2359311383396,0.949062075889305,20,32,0,0,0,0,1.00614373591719,0.0257875779648848,0.146291743509959,-33.6904389906906,10.2453435485219,34.7228417600282,0.0150294597000021,0.162803620125986,3,0.438381583271649,99.258990440145,14.2359311383396,328
R0329,FRAGILE,1,0,1.63621596737564,44.8444786379765,12.0001534491685,0.800010229944564,45,32,1,1,1,1,1.56411630912029,0.0390072589515358,0.22781277342287,-33.7888191657152,11.8745696193237,28.6472063023391,0.00190959476776064,0.115042785938699,5,0.139972409497221,44.8444786379765,12.0001534491685,329
R0330,EASY,2,2.67834480367863,0.473675959048262,24.8181619031545,11.1703124641531,0.744687497610204,20,32,1,1,1,1,2.08631131417696,0.0102604186456779,0.0407841663281324,-69.7970313924787,8.55226298718592,46.7472160868865,0.0605855816848564,0.0335159789859971,2,0.442318859686568,24.8181619031545,11.1703124641531,330
R0331,EASY,2,2.40861860775477,1.45922163717358,118.813299971675,14.7187140703132,0.981247604687543,20,8,1,1,1,1,1.78023717228792,0.0329833144686725,0.135959354300498,-49.0386489281051,9.82162021477551,27.0217838137063,0.00584148988999645,0.0838039841843743,1,0.0956606889768889,118.813299971675,14.7187140703132,331
R0332,INFEASIBLE,0,-1.65050444796987,2.02936818929868,82.747560956736,10.3064984097633,0.687099893984221,20,32,0,0,0,0,1.12651411919034,0.0291700200046089,0.16842621214355,-59.8518807048957,12.0784571010749,31.9385081734253,0.0942489656822843,0.182132825868302,3,0.273554049138735,82.747560956736,10.3064984097633,332
R0333,INFEASIBLE,0,-1.61418520239404,0.777695868628014,54.2099093118767,13.9032073907124,0.926880492714158,20,32,0,0,0,0,1.23550560818843,0.037378506588935,0.0680966204657072,-60.5098174559195,5.19309981752109,36.3366241724342,0.0379080886207715,0.195353180002804,2,0.232073124158573,54.2099093118767,13.9032073907124,333
R0334,EASY,2,1.38647508506421,1.14753177538782,21.0642308132804,10.5556081898476,0.703707212656506,20,32,1,1,1,1,1.20177958797164,0.031122571982082,0.0986289478784669,-61.5554602138434,10.5846301214535,36.2304628970661,0.0331619393384043,0.0819335053231188,4,0.370679281929396,21.0642308132804,10.5556081898476,334
R0335,FRAGILE,1,0,1.46035898292563,21.9323308996087,11.6821561063571,0.77881040709047,20,32,1,1,1,1,1.0882947525685,0.0356856003230207,0.204799492662057,-37.1013927799355,12.8441715850276,35.0413059652065,0.115402303568193,0.114022956856987,5,0.0539317211906359,21.9323308996087,11.6821561063571,335
R0336,EASY,2,1.69314689480837,1.18874680390206,61.2677490977441,12.6870172308139,0.845801148720925,20,16,1,1,1,1,1.40038286638592,0.0243235314862332,0.152169453825796,-43.6950588251458,13.9933251234335,40.4950792168795,0.144893056538618,0.0172839077550308,4,0.142424434633171,61.2677490977441,12.6870172308139,336
R0337,EASY,2,1.85206393716979,1.37697378189145,49.51390921749,13.7256588717668,0.91504392478445,20,32,1,1,1,1,1.12236541515663,0.022459204752436,0.229533407918636,-36.3142287785332,10.6537786616043,47.4302566637021,0.00885446551815804,0.0271343688901185,5,0.281357926872741,49.51390921749,13.7256588717668,337
R0338,FRAGILE,1,0,0.628635252007616,40.8959477773973,14.4293714513222,0.961958096754814,20,8,1,0,0,0.333333333333333,1.08422352360353,0.0391660893956179,0.0825029014599177,-41.1206587250966,12.8879092382377,37.6983606496473,0.102075702465452,0.0884291642497441,3,0.0976304989189465,40.8959477773973,14.4293714513222,338
R0339,INFEASIBLE,0,-2.19343554030087,2.34110303429464,30.7442922429179,14.9288859682615,0.995259064550768,80,16,0,0,0,0,1.04669794986866,0.0282973507203757,0.230854786100687,-44.6558571007271,12.1634998944168,25.0989137288265,0.0536667980557033,0.18935603323205,2,0.253130862893517,30.7442922429179,14.9288859682615,339
R0340,INFEASIBLE,0,-2.65817774980094,3.3484244014776,78.6080428835224,10.7720805374336,0.718138702495576,20,32,0,1,1,0.666666666666667,1.54135671277116,0.0135347610971997,0.232896553102202,-67.3633698327693,12.5776670322519,28.4154207887515,6.47888709091122e-05,0.0456266721798819,6,0.0732189604264122,78.6080428835224,10.7720805374336,340
R0341,INFEASIBLE,0,-1.61391246211341,1.09458402994175,67.0900420730308,10.09892681941,0.673261787960669,20,32,0,0,0,0,0.989802907344388,0.019244795194703,0.167025915491183,-34.7647028730619,8.65096008149555,36.4257001038491,0.0906785991669216,0.189611694546245,4,0.197271570225591,67.0900420730308,10.09892681941,341
R0342,INFEASIBLE,0,-2.08211490884359,0.861533671529434,99.0284181240413,12.9073170357464,0.860487802383093,20,32,0,0,0,0,1.35719469048591,0.0160434567625237,0.0710280484328864,-66.2161621972266,6.15774957665268,38.5748833907618,0.13299383866317,0.188012229131791,5,0.242805978039691,99.0284181240413,12.9073170357464,342
R0343,EASY,2,1.83890366767462,1.21580479825829,90.744113227775,8.23943295206019,0.549295530137346,20,8,1,1,1,1,1.10521163122588,0.032716344407066,0.197956303613553,-32.4358536059214,6.11383469594207,36.1013120325507,0.0760246263215621,0.109420039187352,4,0.0583669973735296,90.744113227775,8.23943295206019,343
R0344,INFEASIBLE,0,-2.26716169809085,1.14203144111,100.515808311431,14.6087843025381,0.973918953502543,20,32,0,0,0,0,1.53710232109,0.0172599509068339,0.0903117703398011,-63.9769334588187,6.30016186690876,33.1314761880651,0.108605367152038,0.229323294045316,2,0.117151574923089,100.515808311431,14.6087843025381,344
R0345,EASY,2,2.39097800347047,1.23373608265883,86.2093242873706,11.7516002013314,0.783440013422095,20,16,1,1,1,1,1.11342129778523,0.02979317681975,0.0845774830722452,-66.2440324654946,7.88771040515412,26.6943813495339,0.0771262828601715,0.00600768172921027,2,0.160505478441128,86.2093242873706,11.7516002013314,345
R0346,EASY,2,1.87487119350165,0.460983981281559,32.5829634256091,14.4729723519195,0.964864823461303,20,32,1,1,1,1,1.39276384143359,0.036807409884358,0.0646608980637926,-42.9527215835466,12.6460894868659,46.9844910209643,0.0388584420894153,0.0321887388983292,2,0.160134592429496,32.5829634256091,14.4729723519195,346
R0347,FRAGILE,1,0,0.993201017593364,56.3571823254647,14.5807258576196,0.97204839050797,80,32,1,0,1,0.666666666666667,1.12116752813178,0.0257210569968667,0.0911095374663856,-56.0008558466771,6.59694601437746,34.1589142184644,0.0987229965354277,0.147714429251203,4,0.415301919989372,56.3571823254647,14.5807258576196,347
R0348,INFEASIBLE,0,-1.92495359533563,0.51253063296946,27.1391666925631,14.8134832552827,0.987565550352178,20,32,0,0,0,0,1.85036638723479,0.0156273723723843,0.0604282332900832,-44.1830681697404,12.0068114522413,35.1247497260554,0.102333603514185,0.119558389818208,4,0.141289707996911,27.1391666925631,14.8134832552827,348
R0349,INFEASIBLE,0,-1.55684402949552,1.98063982180036,22.5927368591473,12.3246312952214,0.821642086348093,20,32,0,0,0,0,1.00545824770178,0.0207129835491045,0.197279566589591,-58.4806058888356,13.3913290050202,43.9175678859008,0.0381478612943657,0.0605735578408124,3,0.0859131463980389,22.5927368591473,12.3246312952214,349
R0350,FRAGILE,1,0,1.94840887029502,114.921262789463,8.66060179717847,0.577373453145232,20,8,1,1,0,0.666666666666667,1.73203197097929,0.013395778733599,0.218183131209001,-50.7834032228037,8.3617247212102,41.8588318438163,0.133897756854439,0.0429490952197531,2,0.324800995449254,114.921262789463,8.66060179717847,350
R0351,FRAGILE,1,0,1.77200096689439,61.0040284533053,10.1118006851186,0.674120045674576,45,32,1,1,1,1,1.16231807492915,0.0157674652505803,0.222556425920944,-44.8168257845809,6.13822705940734,41.0105800657667,0.0729048211255434,0.0652116080020823,4,0.449688660836628,61.0040284533053,10.1118006851186,351
R0352,EASY,2,1.83506426732934,1.04807001173949,92.5383422972937,8.42940217212177,0.561960144808118,20,8,1,1,1,1,1.28161807083687,0.0209266181330031,0.0814326104867058,-60.1048646957275,5.86341973056119,28.2290803331547,0.00561926763911703,0.136363605836146,5,0.429498595204923,92.5383422972937,8.42940217212177,352
R0353,EASY,2,2.31879973591966,0.854923107695369,58.8822892995393,14.8453836187543,0.989692241250285,20,16,1,1,1,1,1.57072817758746,0.0201142468788133,0.167880936138892,-31.5303451198297,6.81526808131343,49.6212224135548,0.0923375284571734,0.0232161463333292,2,0.39092361738729,58.8822892995393,14.8453836187543,353
R0354,EASY,2,2.16872604418067,0.584122625079164,112.120655595769,10.4197690861644,0.694651272410961,20,32,1,1,1,1,1.01803497394879,0.0231478263706806,0.0451446533028193,-62.0215100314122,12.3475088530688,29.7406609708098,0.0829582226383719,0.0691856012546395,4,0.054154319344234,112.120655595769,10.4197690861644,354
R0355,INFEASIBLE,0,-1.91391436569418,1.76783310027569,49.8118836730506,10.7198222399027,0.714654815993516,80,32,0,0,0,0,1.10607773823532,0.0261806314779409,0.197173953369421,-40.1982116027959,9.37049856142696,26.0190470845212,0.0887833257219567,0.163395893227739,3,0.391780571945387,49.8118836730506,10.7198222399027,355
R0356,INFEASIBLE,0,-2.05342118632916,1.24446011939691,117.252221428042,10.9784413543548,0.731896090290318,20,32,0,0,0,0,1.93657666783677,0.030882618102497,0.105650568169351,-63.0194327601812,9.00283482524016,37.0503268348276,0.117825740014723,0.238580035169924,4,0.268852741767353,117.252221428042,10.9784413543548,356
R0357,INFEASIBLE,0,-2.50642546356256,0.534558883932532,55.5192409162104,9.61957126278819,0.641304750852546,20,32,0,0,0,0,1.46994342892333,0.0136224166334233,0.106751721449639,-30.6728925994633,10.5988318626421,48.5656824636834,0.113036219373833,0.188380651894731,6,0.0979745933594091,55.5192409162104,9.61957126278819,357
R0358,EASY,2,2.10824635910606,1.77891736651589,79.3848497510624,8.65663734029109,0.577109156019406,20,8,1,1,1,1,1.82052381525061,0.0281884737967176,0.192619677444635,-51.2824287242425,5.97954062221187,39.9106021276558,0.00734916718990762,0.0635730801699383,3,0.373184976643833,79.3848497510624,8.65663734029109,358
R0359,INFEASIBLE,0,-1.92553483408137,1.48758645155051,55.4610435590274,13.7107000038091,0.914046666920605,20,32,0,0,0,0,1.12073397494114,0.037640234167555,0.203549929615084,-42.6484152336141,10.7565200493056,44.0803097289618,0.0510763537623001,0.153258869950364,6,0.443094485341596,55.4610435590274,13.7107000038091,359
R0360,EASY,2,2.36512003658181,2.31619851453016,119.527234629641,11.0899445304493,0.739329635363287,20,8,1,1,1,1,1.48251201691572,0.0122755609910827,0.211751730018412,-66.7218394208193,13.9902148401563,48.1614723479744,0.140460396102702,0.00570894149300726,2,0.370454243074074,119.527234629641,11.0899445304493,360
R0361,INFEASIBLE,0,-1.84501813439179,2.63639788029135,66.7941683382641,12.9553442348778,0.863689615658517,20,32,0,0,0,0,1.66782132673369,0.0265609099128016,0.220086684665078,-64.4526511856599,7.13302148891661,37.4721454156138,0.0116102035710247,0.175793983926415,3,0.332549478257982,66.7941683382641,12.9553442348778,361
R0362,INFEASIBLE,0,-2.18349593522568,0.582098022315274,25.914003404519,13.401783153095,0.893452210206335,20,32,0,0,0,0,1.97762000327328,0.0343180669627368,0.0802341928188412,-41.328452475143,9.19728015893861,42.0035863077591,0.0691232408161782,0.228643065414205,3,0.208995996574513,25.914003404519,13.401783153095,362
R0363,EASY,2,2.27467394902744,0.949356503552658,37.4775580683232,10.4586653850102,0.697244359000681,20,32,1,1,1,1,1.29214809715277,0.0346978088504021,0.0725628221352281,-68.9265204283515,10.6165122868296,35.9255757731398,0.119618338801587,0.00839417077885017,5,0.421430656960179,37.4775580683232,10.4586653850102,363
R0364,EASY,2,2.00152488200024,2.75941051110991,44.4393401813631,10.6540493052265,0.710269953681765,20,16,1,1,1,1,1.65756122487885,0.0327455066163795,0.214977531261648,-69.4090626072276,5.17625400230615,37.8483742457189,0.0337028227854541,0.0296567417189461,5,0.143703954913601,44.4393401813631,10.6540493052265,364
R0365,INFEASIBLE,0,-1.95250610467072,2.48899391078095,55.6970001691727,11.8363849639925,0.789092330932834,20,32,0,0,1,0.333333333333333,0.921853091162895,0.0304141528573814,0.211520182420594,-65.7924265749856,11.0549224458834,40.4640289263866,0.109354441804606,0.0773178250718977,2,0.323684034667604,55.6970001691727,11.8363849639925,365
R0366,EASY,2,1.1929305592031,0.471458883817949,111.998862787014,13.0716187037367,0.871441246915783,20,32,1,1,1,1,1.40800633847187,0.0203616191444128,0.0537966583063333,-43.4763410567064,9.22603882076923,31.855929567243,0.00195239824869031,0.102989372532943,4,0.185039247230616,111.998862787014,13.0716187037367,366
R0367,EASY,2,2.20364854337411,0.787421610097619,27.40040936191,13.5917886904257,0.90611924602838,20,32,1,1,1,1,0.980391194229388,0.0376207176792616,0.0777450118135896,-44.5630209622178,7.99898870691525,25.0576889920319,0.0749746008106382,0.0352752659413098,4,0.101385426105791,27.40040936191,13.5917886904257,367
R0368,EASY,2,1.6701609669836,0.7330020115737,39.8635157821519,13.4653884482903,0.897692563219353,20,32,1,1,1,1,1.47139539845312,0.0366603742709153,0.107385119073994,-31.2812878445312,7.93177344725537,27.183694410284,0.121391432860136,0.119067700699391,6,0.397514992909362,39.8635157821519,13.4653884482903,368
R0369,EASY,2,2.01398057514641,1.51406044769501,95.8299537827829,13.6010584034047,0.906737226893647,20,32,1,1,1,1,1.05509026001994,0.0348049244852708,0.16648243728839,-45.563639968122,5.86780631628513,32.4899170032292,0.0092583386848216,0.124823669170549,5,0.0663707956694241,95.8299537827829,13.6010584034047,369
R0370,INFEASIBLE,0,-2.31281567495754,0.572878083581825,33.3997354927556,8.86901720551928,0.591267813701286,20,32,0,0,0,0,2.0605960818378,0.0203784345079371,0.0529569633966285,-64.7246354700642,7.20245125973961,46.3364028716533,0.109432447473582,0.209026842067615,6,0.145850551240383,33.3997354927556,8.86901720551928,370
R0371,EASY,2,2.20345449547288,0.690459687963888,94.814359490692,9.69487037181659,0.646324691454439,20,16,1,1,1,1,1.41614201662563,0.037420220115554,0.082150630200953,-43.8871193343856,13.2842640367242,35.292356017263,0.0838896924286046,0.0148517541153953,2,0.233208354128159,94.814359490692,9.69487037181659,371
R0372,INFEASIBLE,0,-2.27964838189835,0.902659686517639,80.3058321648306,10.4822767917647,0.698818452784312,20,32,0,0,0,0,0.952764513687189,0.0344379508122082,0.0794899157636527,-60.974265987123,12.6909618350757,37.3190430241041,0.0182330840814938,0.241475725024917,3,0.320663772363841,80.3058321648306,10.4822767917647,372
R0373,INFEASIBLE,0,-1.81475249193471,1.92881288906926,30.8606986468101,10.4834511443793,0.698896742958619,20,32,0,0,0,0,1.21518012736372,0.0118546237734667,0.152814153802945,-56.1279521778651,12.2361817761814,25.5956825101116,0.100534602891499,0.0744449692167473,2,0.238550055929013,30.8606986468101,10.4834511443793,373
R0374,INFEASIBLE,0,-2.26110123360678,1.62453721425919,86.3999342114527,9.75072134368949,0.650048089579299,20,32,0,0,0,0,1.74575263328236,0.0144004952637084,0.152731977385934,-62.2159106904465,7.19252463235619,44.2858415914267,0.0604284201745901,0.1942730199163,4,0.197090210583194,86.3999342114527,9.75072134368949,374
R0375,EASY,2,2.05977567651827,1.84055844209291,113.766783483628,12.4190148916189,0.827934326107924,20,8,1,1,1,1,2.03007985380221,0.016878390835118,0.189958596128856,-56.1095950787264,7.04569830336325,43.4064536594899,0.116364245482182,0.0229386839766806,3,0.127988300467623,113.766783483628,12.4190148916189,375
R0376,INFEASIBLE,0,-2.0464684970245,1.95446370072199,28.3118670527878,12.9362394281569,0.862415961877126,20,32,0,0,0,0,1.83685006942651,0.0215161165585313,0.181520512211894,-65.5700097750654,13.531377626454,48.0029638431458,0.0160149411088516,0.24340219129423,6,0.158661359635311,28.3118670527878,12.9362394281569,376
R0377,EASY,2,2.25896562298856,1.07023098835558,107.136769065887,8.61678211268025,0.57445214084535,20,16,1,1,1,1,2.05315360205005,0.021474171955424,0.0811428439765861,-67.9585589709238,6.99168735524601,34.3633176443339,0.0867512410441992,0.00164163848258485,4,0.287374633732098,107.136769065887,8.61678211268025,377
R0378,INFEASIBLE,0,-2.29708803300238,1.35365068635596,79.0870305334428,14.4081464750346,0.960543098335641,20,32,0,1,0,0.333333333333333,1.88553480244149,0.0360289575351676,0.197537913066372,-30.6199056292464,13.9540684545828,25.843823103772,0.0288836979137704,0.16716639597917,5,0.403610776616981,79.0870305334428,14.4081464750346,378
R0379,EASY,2,1.88589420976968,1.3546198782317,38.9724751961445,10.9633803771032,0.73089202514021,20,32,1,1,1,1,1.7020037778016,0.0244278708637358,0.146700964838888,-48.3045589490756,9.22081659768877,35.4216388615625,0.0500884048332484,0.00910040620224777,1,0.293870094474597,38.9724751961445,10.9633803771032,379
R0380,INFEASIBLE,0,-2.63866021641424,0.912910242907779,80.6392637305083,14.6215538374972,0.97477025583315,20,32,0,0,0,0,1.79635074662257,0.0121260211909997,0.0827958086214734,-54.8604014868144,10.2623228841729,32.0434939494294,0.062852173826524,0.245202353945064,1,0.146717302875256,80.6392637305083,14.6215538374972,380
R0381,INFEASIBLE,0,-1.69209528818449,1.607034371756,61.8655125050785,11.165283758076,0.744352250538399,20,32,0,0,0,0,1.89136453287924,0.0119352937290794,0.13993954842527,-61.1960215004056,6.42085547608051,36.7568544910176,0.0763878446622595,0.182706172808668,4,0.422453404919911,61.8655125050785,11.165283758076,381
R0382,EASY,2,2.26862133749247,1.39623987549276,29.9659153657348,9.94882683647079,0.663255122431386,20,32,1,1,1,1,1.95896100938313,0.0278899153036196,0.105970200568517,-59.7705632064388,10.7828991136187,26.6368884560976,0.000918111129631486,0.078268923912475,6,0.0714901215085082,29.9659153657348,9.94882683647079,382
R0383,INFEASIBLE,0,-2.45411795565836,0.744996462760082,95.6967931489636,12.7018027375344,0.846786849168963,20,32,0,0,0,0,1.11498024740733,0.0102755852196473,0.0839330257678125,-39.8087550342025,9.82901917930428,26.0360973369599,0.146335011411883,0.239121476335491,2,0.223403512654499,95.6967931489636,12.7018027375344,383
R0384,FRAGILE,1,0,0.596956260338947,49.3571189499917,12.6800043619987,0.845333624133244,20,32,1,1,0,0.666666666666667,1.0897354038897,0.0221902260922441,0.0812176568687255,-37.9133430691488,5.53244901818881,34.4398624528393,0.135328116336942,0.169025825292459,5,0.447908101109303,49.3571189499917,12.6800043619987,384
R0385,EASY,2,1.90838781332395,0.375857510048671,49.7427769632568,14.2391326638975,0.949275510926503,20,32,1,1,1,1,1.44845184569594,0.0397211556826524,0.0424413081224038,-54.5651019626347,8.330602979545,49.1385522612681,0.103614384571272,0.086454412125261,3,0.186130010361833,49.7427769632568,14.2391326638975,385
R0386,INFEASIBLE,0,-1.73555607411589,1.95293440049654,47.7558656593416,13.7772925014612,0.918486166764078,20,32,0,0,0,0,1.60788308436676,0.0256661312599411,0.180115337974708,-53.8692819623619,11.6952230235353,31.9499228896246,0.122967234027615,0.0721948557031828,4,0.096780826151586,47.7558656593416,13.7772925014612,386
R0387,FRAGILE,1,0,1.7864044040848,110.657096132915,9.82897574541679,0.655265049694452,20,16,1,0,1,0.666666666666667,1.67822176310096,0.0200190692557026,0.223025728197553,-39.295792434276,7.65177034636837,31.1532836925559,0.00111721860356105,0.139256840516167,4,0.184011687955445,110.657096132915,9.82897574541679,387
R0388,INFEASIBLE,0,-1.98556568875425,2.25979019626495,85.1901133559564,14.8915192844137,0.992767952294248,20,32,0,0,1,0.333333333333333,1.89526309187461,0.0202585508462821,0.189078421930288,-55.0063846365301,6.23078908455062,27.4179675013544,0.0379406294128669,0.189275010910128,4,0.146174886828171,85.1901133559564,14.8915192844137,388
R0389,EASY,2,2.20839793604883,0.952777505501864,96.4076102117281,9.75363509977039,0.650242339984693,20,32,1,1,1,1,1.18160605325008,0.0209311692448542,0.174117736818553,-32.82652740955,8.52035428233701,46.5815868939691,0.0312544004520413,0.00776611756640291,3,0.0768433596443907,96.4076102117281,9.75363509977039,389
R0390,INFEASIBLE,0,-1.33328713878817,0.797171636104217,91.7436726957917,8.81493339387169,0.587662226258112,20,32,0,0,0,0,1.3863647019214,0.0178099126698643,0.055574647272309,-66.1814503304764,8.01424960123008,27.5539376828788,0.0369286096753031,0.246841546420426,3,0.144917175747109,91.7436726957917,8.81493339387169,390
R0391,INFEASIBLE,0,-2.51496989322134,2.00715241389238,43.9332355220428,13.0582248490798,0.870548323271988,45,8,0,0,0,0,1.67924343134925,0.0170453444081282,0.175575637597294,-68.027547100823,7.49341246869199,45.8351634911941,0.00546773948321908,0.232239506929015,6,0.0913907887510977,43.9332355220428,13.0582248490798,391
R0392,INFEASIBLE,0,-2.47557920833706,2.08529708755801,78.678557160151,12.6192703628278,0.841284690855185,20,8,0,0,0,0,1.28952317347322,0.0198538447773236,0.206427591064547,-61.5625383536781,13.7884797602067,48.0722013037796,0.135008586537305,0.228444995769127,3,0.169397151236364,78.678557160151,12.6192703628278,392
R0393,INFEASIBLE,0,-2.3593356403846,0.742915256440383,82.2940026909745,12.5643162640248,0.837621084268321,20,32,0,1,0,0.333333333333333,1.14552806071727,0.0343322624178628,0.0526793425998694,-69.0138461019575,10.1997649650641,30.9981630516341,0.00835563481127461,0.202472611474379,2,0.447474956288843,82.2940026909745,12.5643162640248,393
R0394,EASY,2,1.98867681375127,2.5828886340734,71.0763783573793,14.3481463374583,0.956543089163884,20,32,1,1,1,1,1.74498352112941,0.030225395459291,0.208562725233414,-59.2015971310333,6.40662817612883,29.5794590363263,0.0495594663649763,0.1041112379687,2,0.181403389067243,71.0763783573793,14.3481463374583,394
R0395,EASY,2,2.07403293118017,2.20784066494111,58.4084795795695,11.7292666165116,0.781951107767437,20,16,1,1,1,1,1.39163425477938,0.0376814242727327,0.184304740622,-60.1132970863556,12.5876053227573,32.5941763266561,0.100207937593981,0.0318137277130821,1,0.168554427163436,58.4084795795695,11.7292666165116,395
R0396,INFEASIBLE,0,-1.75882811948945,1.66494268364263,36.9375783782215,11.7163276057838,0.781088507052256,20,32,0,0,0,0,1.15887946235895,0.0169651611417796,0.168568458550332,-58.4989980993372,11.0195242065926,45.4058980350676,0.0793229552578564,0.0772021345258936,5,0.419075009333097,36.9375783782215,11.7163276057838,396
R0397,INFEASIBLE,0,-2.28645525157292,1.30363893205527,45.7137279947141,11.6981342953272,0.779875619688477,20,32,0,0,0,0,1.77493927667567,0.021570155467787,0.215428419944408,-37.4100854057876,11.1014499297843,49.468655290024,0.0426180818413782,0.177559129216901,5,0.159764008817791,45.7137279947141,11.6981342953272,397
R0398,INFEASIBLE,0,-2.04087014291584,1.92845751152125,114.529220803986,12.0732813553882,0.804885423692544,20,32,0,0,0,0,1.60543550957626,0.0122043667916169,0.207883597575324,-48.023023936273,6.11751198310679,34.688111971409,0.0811128221728668,0.249837601993435,4,0.267171518175941,114.529220803986,12.0732813553882,398
R0399,INFEASIBLE,0,-3.08199992413453,1.94870290679365,26.7635034050389,8.76324145113589,0.584216096742393,20,8,0,0,0,0,1.09696631693585,0.0123455789143084,0.228994017490527,-44.856966787608,13.9062945819257,35.9648431725521,0.137690547844393,0.205758213368832,6,0.406077654169701,26.7635034050389,8.76324145113589,399
R0400,INFEASIBLE,0,-2.20590137733223,1.23517264181288,79.0720470612984,13.6813735364481,0.91209156909654,20,32,0,0,0,0,1.91090356171261,0.0259281470540206,0.205762806645314,-33.2386522419458,9.18940297863893,39.6850188810052,0.106229305776484,0.237288156114192,1,0.0867563952360387,79.0720470612984,13.6813735364481,400
R0401,EASY,2,1.99126797655318,2.04584260605364,70.4196311698475,11.7728136778509,0.784854245190062,20,8,1,1,1,1,1.44998556440029,0.029257488004304,0.228488143754654,-45.9422797636195,8.59353219497485,34.0776268058305,0.0940353993273529,0.018380209436025,5,0.127023296510564,70.4196311698475,11.7728136778509,401
R0402,FRAGILE,1,0,1.76535856470002,43.9505317023238,9.01138902661835,0.600759268441223,45,32,1,1,1,1,1.52734022547456,0.035936010714247,0.16476506473802,-48.1792638474306,8.78758780927555,26.1725528715313,0.111712367506352,0.181940689487744,5,0.29688283573672,43.9505317023238,9.01138902661835,402
R0403,EASY,2,1.82432115088119,0.733348660841485,49.9092146743718,14.4815005343829,0.965433368958859,20,32,1,1,1,1,1.03233956275513,0.0138503221695161,0.14163042349301,-30.495406189416,6.75093102353943,44.8975148594439,0.0416523483735117,0.0164195653534136,2,0.388390054521975,49.9092146743718,14.4815005343829,403
R0404,INFEASIBLE,0,-2.31797514422524,0.58123836009919,100.559614919216,12.5194058759187,0.834627058394578,20,32,0,0,0,0,0.944128813440483,0.0109824014092799,0.082417690289286,-40.6120545057177,11.5377425704415,42.9243393118203,0.0973323516892531,0.13405911924295,3,0.0934493797753577,100.559614919216,12.5194058759187,404
R0405,INFEASIBLE,0,-1.48147686887602,0.380766809733558,48.7061621629007,14.5852471659239,0.972349811061596,20,32,0,0,0,0,1.05263706023432,0.0216536947697615,0.041039714419671,-46.4677054337289,13.0866428893655,32.4679076394429,0.0414542282710789,0.100286313382713,3,0.36742070670394,48.7061621629007,14.5852471659239,405
R0406,EASY,2,1.90957192788492,0.858356671178609,96.523729385444,13.6472168337277,0.909814455581844,20,16,1,1,1,1,1.2998427910403,0.0325563393664543,0.108664073814674,-43.2013277752738,10.7844176390039,38.7161299203056,0.0403241450997814,0.050822752586539,5,0.429984936646404,96.523729385444,13.6472168337277,406
R0407,EASY,2,2.12370558194901,1.79572071736699,93.7703296924661,11.7892633510285,0.785950890068565,20,8,1,1,1,1,0.934072768740545,0.0246051699856884,0.223260920125488,-42.6064605085439,13.8262414440403,36.3211930519272,0.0977219922449653,0.0169343511353308,3,0.347682758373157,93.7703296924661,11.7892633510285,407
R0408,INFEASIBLE,0,-1.67094279725706,1.47977796117335,66.4809350615703,10.646057271703,0.709737151446868,20,32,0,0,0,0,1.19247492403894,0.015230577699014,0.237423459894463,-33.4525758951416,10.7764701809733,37.2884761481144,0.117987994998203,0.0752664204357244,3,0.134790476642224,66.4809350615703,10.646057271703,408
R0409,EASY,2,2.09215680041891,0.924440516749101,81.9551467180584,9.96117814071723,0.664078542714482,20,32,1,1,1,1,1.67361096778664,0.0328614089555578,0.10230271647377,-44.1268300858849,13.5580573377581,30.8662028634604,0.136250183929677,0.086107376629686,4,0.15137016073721,81.9551467180584,9.96117814071723,409
R0410,INFEASIBLE,0,-2.63886415060134,1.79592296261918,56.5985764702317,14.9567131027904,0.997114206852693,20,32,0,0,0,0,1.91770985900955,0.0398575739290066,0.201419593378624,-51.3992032350968,12.6971052887486,43.0132396528011,0.105342671385189,0.236152544619091,6,0.293195428569219,56.5985764702317,14.9567131027904,410
R0411,INFEASIBLE,0,-2.06051943932552,1.84540411834948,48.8582221134631,8.84688934907471,0.589792623271647,20,32,0,0,0,0,1.47274716570457,0.01643897126187,0.169719914049811,-65.171346036091,6.36872255610119,46.500473400787,0.000515893891811154,0.184995319352009,4,0.366694853033503,48.8582221134631,8.84688934907471,411
R0412,INFEASIBLE,0,-2.05977567651827,1.48996931310125,101.365458531515,11.5729945670283,0.771532971135218,20,32,0,1,0,0.333333333333333,1.88880179111605,0.0169394062965246,0.197319316206568,-46.6800525689392,6.08579338661978,49.4662041713818,0.135892849336433,0.131226092884194,2,0.209395948919626,101.365458531515,11.5729945670283,412
R0413,EASY,2,2.09103747353252,2.46829556247931,87.3844240031723,12.8573684202159,0.857157894681058,20,32,1,1,1,1,1.15676564627309,0.0396830832068802,0.179515325489067,-62.7107595400611,6.00653309097854,26.9249072364184,0.0733835336800406,0.123265310379132,5,0.228496715941646,87.3844240031723,12.8573684202159,413
R0414,INFEASIBLE,0,-2.34111705327729,0.729676343314029,116.394632806477,12.3278685986186,0.821857906574574,20,32,0,0,0,0,1.02254591351401,0.0192165253366613,0.103357554674521,-43.501691318072,11.2300256744421,49.1470619982021,0.0731394920388023,0.215247650118317,6,0.435379424998942,116.394632806477,12.3278685986186,414
R0415,INFEASIBLE,0,-1.52657394233878,1.56684315469308,67.9626379578427,14.1187859688712,0.94125239792475,20,32,0,0,0,0,1.55206453894911,0.0361355291638786,0.163930428800371,-53.85042709288,7.264760901786,41.0873150213932,0.0516702050903834,0.148283461123681,4,0.181238836333247,67.9626379578427,14.1187859688712,415
R0416,EASY,2,2.1050526756561,0.89209892526515,112.674922421178,13.9068769382101,0.927125129214005,20,16,1,1,1,1,0.96724438073903,0.028893724205094,0.119423565203333,-38.242981697986,6.36163815368934,33.9249237717308,0.13249052891172,0.049150861173443,4,0.345980626794601,112.674922421178,13.9068769382101,416
R0417,INFEASIBLE,0,-1.94538075377057,0.609951377875674,33.277083578015,10.5979171884288,0.706527812561917,20,32,0,0,0,0,1.19420611957195,0.0341844340896113,0.0540376652580479,-52.6309042991941,12.7553563236455,28.1414027206496,0.0776020412288965,0.178488325396463,2,0.249463232572522,33.277083578015,10.5979171884288,417
R0418,FRAGILE,1,0,0.423092294256354,107.601576628709,12.9682426170527,0.864549507803511,20,16,1,0,0,0.333333333333333,1.53388462067329,0.0193275329879966,0.0463037521707738,-43.1111342357168,9.2099796662617,28.8139231823511,0.0395908314759782,0.112793918052453,4,0.392393550021597,107.601576628709,12.9682426170527,418
R0419,INFEASIBLE,0,-1.80203966174441,1.28641201222816,37.235927983355,12.5965807454693,0.839772049697952,20,32,0,0,0,0,1.44764555997977,0.0312650167404965,0.102385121396097,-69.5150936092406,13.6633602379362,39.6217001057037,0.0181693379844977,0.100073037872681,3,0.344080771150756,37.235927983355,12.5965807454693,419
R0420,EASY,2,1.97946304078943,1.64686006296173,78.1548381142752,9.1284675708413,0.608564504722753,20,32,1,1,1,1,1.6927386761032,0.0361538557145166,0.183718488979032,-45.1276553496024,5.61558722613945,32.8049387249488,0.133496006953573,0.188164317015987,3,0.385081366694404,78.1548381142752,9.1284675708413,420
R0421,INFEASIBLE,0,-1.82199812864417,0.774262374909064,104.95200553454,13.9233378408795,0.928222522725301,20,32,0,0,0,0,0.933427551988278,0.0139508117961226,0.112529838873583,-34.4203508126075,6.63229039089568,32.3929891196777,0.106117361319609,0.219248119956815,3,0.268158641008674,104.95200553454,13.9233378408795,421
R0422,INFEASIBLE,0,-1.99803270243602,1.52579122731426,86.6484685915957,9.36781694644654,0.624521129763102,20,32,0,0,0,0,0.926490478554525,0.0264217764773547,0.140716733040131,-50.9287321585076,11.0864559467506,28.5554065081298,0.100667742943904,0.181811795080913,1,0.0657770204061564,86.6484685915957,9.36781694644654,422
R0423,INFEASIBLE,0,-2.22869311189801,0.479872977936591,95.4094227595754,14.2636751709217,0.950911678061446,20,32,0,0,0,0,1.28798077888681,0.02083543115391,0.05281743242214,-56.4566753871118,7.33281546011722,49.9797336373567,0.0622894057520438,0.229439980214759,5,0.204897406081244,95.4094227595754,14.2636751709217,423
R0424,INFEASIBLE,0,-2.32578073154884,0.945898846343661,107.724437018454,9.35075885784593,0.623383923856395,20,32,0,1,1,0.666666666666667,1.74539713544664,0.0363057647357555,0.115078122636471,-50.3358003215744,6.30527010156879,48.5413061691947,0.0127176390693469,0.204364591207614,1,0.381493116982469,107.724437018454,9.35075885784593,424
R0425,EASY,2,2.217534241577,1.50417470730672,43.8873289805026,9.21753528773976,0.614502352515984,20,8,1,1,1,1,1.73893815091717,0.0394196324368707,0.220454503756643,-36.414715902598,5.55508550662831,36.8685957890252,0.125770391603657,0.00816020900188874,4,0.293463547431384,43.8873289805026,9.21753528773976,425
R0426,EASY,2,2.06519022351935,0.769232459289415,67.8550135936403,8.16935981514649,0.544623987676433,20,16,1,1,1,1,1.90287000592063,0.0263452041274708,0.105750411760903,-44.1527581137134,11.9138428793812,47.6898507861601,0.105484812949122,0.0379378738189579,4,0.115500214982961,67.8550135936403,8.16935981514649,426
R0427,INFEASIBLE,0,-1.86611638374187,1.37602650968223,52.9621055991755,9.41493531688291,0.627662354458861,20,32,0,0,0,0,1.92116410676592,0.0143173137947474,0.135874499565583,-56.5679396106009,13.654014639927,40.3854002800876,0.0949080000431368,0.105796218171994,5,0.140177173837334,52.9621055991755,9.41493531688291,427
R0428,INFEASIBLE,0,-2.16293591179232,3.03939836108087,98.3852356739725,14.4594904625113,0.963966030834088,20,16,0,0,0,0,1.95538128875061,0.0246513798945121,0.206748728328574,-65.7144014976408,12.7783902391248,25.8638346330471,0.0986321021982642,0.166796889538198,2,0.307661009175715,98.3852356739725,14.4594904625113,428
R0429,EASY,2,1.71929887986593,2.41033825048876,89.94208931032,10.3416367467807,0.689442449785377,20,32,1,1,1,1,2.00899016388022,0.0371917123213088,0.155570732971246,-69.6382123884589,12.7594098499056,26.1490789203052,0.0450989610409934,0.104458031432384,3,0.280181336249245,89.94208931032,10.3416367467807,429
R0430,INFEASIBLE,0,-2.28952050651388,1.41159635699037,87.7928763746378,13.274207601592,0.88494717343947,20,32,0,0,0,0,1.00241191623098,0.0140675336239326,0.197116905031628,-42.7564781366656,5.21334688531892,46.1415195354236,0.146493690986707,0.227066175480042,3,0.264860473920925,87.7928763746378,13.274207601592,430
R0431,FRAGILE,1,0,0.623080461979903,83.7279848376951,13.8405556032962,0.922703706886417,20,32,1,1,1,1,1.49509329295731,0.0319408551149726,0.0631348398289046,-43.7374356178437,10.2800586844704,25.4224785188859,0.0782595963453233,0.19918534117139,2,0.304517515925267,83.7279848376951,13.8405556032962,431
R0432,INFEASIBLE,0,-1.96158316139916,0.807096644227461,43.689501980306,11.6314622934037,0.775430819560247,20,32,0,0,0,0,1.59115109324711,0.0146553420701433,0.122434345868175,-40.1329710020327,13.5262634363406,47.9754908727048,0.0318717869075028,0.0870684711989259,5,0.300363368635756,43.689501980306,11.6314622934037,432
R0433,EASY,2,2.11324831366775,1.31626066764441,90.1081396088139,10.4142694468246,0.694284629788309,20,8,1,1,1,1,1.59658051060236,0.0395617775938384,0.133598473487321,-56.751654185196,5.08555840036771,42.9474705404534,0.0575946570943579,0.0736462021605973,5,0.258284062351916,90.1081396088139,10.4142694468246,433
R0434,EASY,2,1.59604815670609,1.99768945378048,60.3400129289825,14.748618856125,0.983241257074998,20,32,1,1,1,1,1.25211090200058,0.0141665193803746,0.188908781600973,-58.1199692628077,5.93702403682592,39.0985317785625,0.123295185534435,0.0285764923559214,4,0.229598144179136,60.3400129289825,14.748618856125,434
R0435,INFEASIBLE,0,-1.90342134764144,0.664950562964563,26.2207684367246,8.01027541262557,0.534018360841705,20,32,0,0,0,0,0.982230444496785,0.0154862868147163,0.0989905664455925,-36.5878836252353,13.4947179597719,38.4012037166782,0.0852119519550718,0.0972184095878239,6,0.397253518738835,26.2207684367246,8.01027541262557,435
R0436,INFEASIBLE,0,-2.39437133338878,1.29001844345683,84.088857584917,10.1934192153379,0.679561281022525,20,32,0,0,0,0,1.36039134550292,0.0369522726934003,0.239415233522951,-30.7777700367868,9.63643620005827,42.2325572482023,0.0863319224211667,0.245053452055923,2,0.0667178566859633,84.088857584917,10.1934192153379,436
R0437,INFEASIBLE,0,-2.47875081244763,0.364732477614694,105.457486143481,11.0760467107772,0.738403114051811,20,32,0,0,0,0,1.19996022877075,0.0124934264880958,0.0601232204805882,-30.6405533853394,5.91380754839869,33.0209956129939,0.0200335343812094,0.243682709554916,5,0.182342863502905,105.457486143481,11.0760467107772,437
R0438,EASY,2,2.20129906317358,0.826644867663892,48.4669821929903,10.0651540016158,0.671010266774385,20,32,1,1,1,1,0.960291457221911,0.0386434270146048,0.0676578424504042,-66.9231410132517,8.12413026776213,38.8340182969029,0.0941314148452403,0.046956049016024,2,0.106201929731145,48.4669821929903,10.0651540016158,438
R0439,INFEASIBLE,0,-2.0329150407917,0.948501731185519,98.9657393383738,11.3552270757326,0.757015138382171,20,32,0,0,0,0,1.49743140606494,0.029968370743876,0.0984740012289848,-46.7013965138156,10.4226342707685,30.4290228009708,0.0529253892162443,0.207272604320325,1,0.0831358646878439,98.9657393383738,11.3552270757326,439
R0440,EASY,2,1.93135607440402,1.50913820143871,23.2863441318274,8.14736946595138,0.543157964396759,20,32,1,1,1,1,2.0677472314408,0.0346764912742086,0.199885331404859,-42.9009806994342,10.7437941749513,41.7926221972495,0.0930812047666448,0.0755932599084264,3,0.227456777198132,23.2863441318274,8.14736946595138,440
R0441,INFEASIBLE,0,-2.08269826116642,0.527982310063658,68.9024343562469,12.7180488999101,0.847869926660677,20,32,0,0,0,0,1.93692683329706,0.0222422821843395,0.0645119458225165,-42.5486851860763,6.72992006556246,34.984460807056,0.0201782813597087,0.227264942011367,5,0.449449069607476,68.9024343562469,12.7180488999101,441
R0442,EASY,2,2.05283421788964,0.966141274982904,65.3515348785262,14.682871979402,0.978858131960132,20,32,1,1,1,1,1.02492227815926,0.0223461390950157,0.0837901069510058,-63.0506980663068,5.22596632454131,38.7030661868256,0.138126508453315,0.0900202012681331,4,0.133876574762717,65.3515348785262,14.682871979402,442
R0443,EASY,2,2.11182922680463,1.02344553148699,80.5304182600201,10.1190857607612,0.67460571738408,20,32,1,1,1,1,1.34354503035303,0.0159675477276435,0.151163401764287,-33.8181061166305,10.7057897689196,32.294143239911,0.13733339475925,0.049791252001373,6,0.250708228223001,80.5304182600201,10.1190857607612,443
R0444,FRAGILE,1,0,1.8643441179191,39.3736487539762,11.2311620582822,0.748744137218815,80,32,1,1,1,1,1.1888286146283,0.0344135201854769,0.156277049450532,-55.6351974282735,10.0566630285058,28.1513273260271,0.0640872453801199,0.108427966053913,2,0.15177194093171,39.3736487539762,11.2311620582822,444
R0445,EASY,2,1.70995245774664,0.568241243294134,91.9949286884486,10.3300904587413,0.688672697249421,20,32,1,1,1,1,1.5137892154859,0.0157384239130502,0.0636991908301867,-47.2125438060656,7.18181287287254,36.2558829393827,0.0626193373992946,0.0475921433642422,4,0.0689390575772663,91.9949286884486,10.3300904587413,445
R0446,INFEASIBLE,0,-1.82901011409438,1.49011540257851,99.4609295973864,12.9533330980078,0.863555539867185,20,32,0,0,0,0,1.53635090809539,0.0359469078877026,0.16270454395567,-53.0284494051665,6.51346415923487,43.394907768867,0.048618474664992,0.19586178369664,4,0.447092196631184,99.4609295973864,12.9533330980078,446
R0447,EASY,2,1.63926247440331,0.953413675232356,80.5598476577561,11.8126212062715,0.787508080418097,20,32,1,1,1,1,1.89406667761354,0.0371234605166926,0.0951733663509264,-57.5924291867898,6.7249893790258,42.7819187931298,0.0806144542059437,0.193545972877156,1,0.177091979563505,80.5598476577561,11.8126212062715,447
R0448,EASY,2,2.42529998515205,0.721703506892004,108.067057016258,11.7252626394369,0.781684175962463,20,8,1,1,1,1,0.908432444976124,0.0305455407679634,0.0874438532721793,-45.5802070604885,13.97722053363,39.4779767578574,0.000127860326415637,0.0356672651111209,5,0.415004253460685,108.067057016258,11.7252626394369,448
R0449,INFEASIBLE,0,-2.30702246245221,1.21897385325708,68.8000375860454,9.9888335868018,0.66592223912012,20,32,0,0,0,0,1.50357574585405,0.0173708750060692,0.218812862780572,-33.2655641865761,10.9922053347125,46.1538633644384,0.0109197232308204,0.13865968164387,2,0.263911584057738,68.8000375860454,9.9888335868018,449
R0450,INFEASIBLE,0,-1.93890496928678,1.45863846109556,21.0178073164657,9.55682761194575,0.637121840796383,20,32,0,0,0,0,1.91019405062763,0.0161971857828901,0.214809560604702,-38.8475321044794,7.82176252457122,42.3643080756797,0.141063750493454,0.135807576895956,2,0.296290498781356,21.0178073164657,9.55682761194575,450
R0451,EASY,2,1.6697162490466,1.42375156283745,27.104907589921,9.38631350504099,0.625754233669399,20,32,1,1,1,1,1.3790507382228,0.0313815254538104,0.117385156527266,-55.8761961073667,10.126939374034,27.4709046881703,0.118513542640191,0.112407123966154,6,0.199841857002297,27.104907589921,9.38631350504099,451
R0452,EASY,2,2.13630935165763,0.365900844336422,100.630200256259,11.8931354718834,0.792875698125561,20,32,1,1,1,1,1.79846904434201,0.031846169297324,0.0455744761699195,-43.6798086141171,6.97353764616614,38.3124000277693,0.0145033842212006,0.166992780350329,4,0.156405261089947,100.630200256259,11.8931354718834,452
R0453,INFEASIBLE,0,-1.73601262416858,2.47962001417289,58.6326934909233,8.79299542415084,0.58619969494339,45,8,0,0,0,0,1.98558902674851,0.0295539035688516,0.235569278676703,-55.3975787993603,11.9547965451733,35.8517172767807,0.126943125207164,0.23878539042408,2,0.130421765679736,58.6326934909233,8.79299542415084,453
R0454,FRAGILE,1,0,3.05275269653048,44.7801847972062,11.8973130335367,0.793154202235783,20,16,1,0,1,0.666666666666667,1.97463864057242,0.0269920198668892,0.230031199501889,-61.704086502674,10.773804098095,27.9820451202812,0.109148242284891,0.106373711003197,6,0.428039981555289,44.7801847972062,11.8973130335367,454
R0455,INFEASIBLE,0,-1.7960145571264,0.351757059251228,89.200680931472,12.4917146313172,0.832780975421146,20,32,0,0,0,0,1.24922854450105,0.0184143302899895,0.0502021559170418,-34.9268910566885,9.72038980008452,32.1617971825517,0.104047164261027,0.165738476539826,5,0.259870743189117,89.200680931472,12.4917146313172,455
R0456,EASY,2,2.13490540164426,2.32773218760727,45.4992826929731,12.637980410274,0.8425320273516,20,8,1,1,1,1,1.28197033326317,0.0290024431372363,0.183487755273575,-64.4442970577549,13.2912921748689,33.402462893271,0.0513790571762056,0.0180158500226261,6,0.0680180286760798,45.4992826929731,12.637980410274,456
R0457,EASY,2,1.73662020231423,1.07149403220796,77.2142273150244,8.42765836411759,0.561843890941173,20,32,1,1,1,1,1.32932288857567,0.0172131952573302,0.116619032875786,-46.2959576595504,11.1707797342775,32.8629737043245,0.0679736354506943,0.0749719304817552,5,0.346609861095862,77.2142273150244,8.42765836411759,457
R0458,EASY,2,2.15008864737459,1.03457555424028,34.4636616350267,12.7610038577258,0.850733590515055,20,32,1,1,1,1,2.03682976089738,0.0399203276509624,0.103537645397314,-50.5872491961717,9.9262457517056,33.1753588604422,0.0526289614420444,0.028292286158237,5,0.26643435109134,34.4636616350267,12.7610038577258,458
R0459,INFEASIBLE,0,-2.00527882078219,1.24181904033262,107.683550500344,11.9803765661527,0.798691771076846,20,32,0,0,0,0,1.91392911804726,0.0229442520341372,0.119351600684178,-47.772668652193,8.63775540401937,27.2872788291349,0.145954633357155,0.206678325099292,5,0.0536617282009624,107.683550500344,11.9803765661527,459
R0460,INFEASIBLE,0,-2.10269000547518,1.69320905718189,29.5357462125737,12.2091921540335,0.813946143602231,20,32,0,0,0,0,1.35090083101994,0.03943111078861,0.217709712649667,-45.8555065038799,13.044769502722,44.9965058219232,0.0882862858335321,0.163562426696542,3,0.0754152615809591,29.5357462125737,12.2091921540335,460
R0461,EASY,2,1.8499844573544,0.311023300964147,91.2810599175197,11.0134833671607,0.734232224477381,20,32,1,1,1,1,1.75991929835046,0.0241935408762556,0.0419290286858867,-36.9908157414989,10.5114674124717,32.1879209036699,0.112398213422511,0.109026901769508,3,0.350620561815386,91.2810599175197,11.0134833671607,461
R0462,EASY,2,2.21424156524071,1.55675256682391,118.950399880449,13.3051484827051,0.887009898847004,20,32,1,1,1,1,2.02116034538331,0.0305403604296584,0.234391149137542,-39.735403419965,13.5654387381384,46.3297381710463,0.0385505126256233,0.0939443295500836,3,0.205002291272308,118.950399880449,13.3051484827051,462
R0463,INFEASIBLE,0,-1.68909043462694,0.635436894089083,87.4586742706885,12.4990104018493,0.833267360123287,20,32,0,0,0,0,1.85503763887712,0.0148096553441802,0.0719563631622352,-47.5240354576896,12.492907555599,37.4870733501933,0.109055131323617,0.112717821932494,6,0.138448058166276,87.4586742706885,12.4990104018493,463
R0464,EASY,2,1.96815005712414,1.00174237167527,100.06944014794,11.8048549190056,0.786990327933706,20,32,1,1,1,1,1.18320965776598,0.0326201563920391,0.177775797928736,-32.7002034665342,10.6606222697249,43.5908615059469,0.0250867236699578,0.0844884521385481,1,0.408291717263717,100.06944014794,11.8048549190056,464
R0465,EASY,2,1.93022309932827,1.17271474664306,98.895127972974,14.5761621382975,0.971744142553165,20,8,1,1,1,1,1.52338518862552,0.0365946927764667,0.107766051650215,-52.1083751759144,8.68672103750814,29.6794323201026,0.131270930810654,0.0515996205974175,2,0.135145312821455,98.895127972974,14.5761621382975,465
R0466,EASY,2,2.3302434220908,1.10913664668341,101.926796560672,9.66141850138571,0.644094566759047,20,8,1,1,1,1,1.83798936829789,0.0384647420795212,0.0969991906049032,-67.1323800791527,7.71318055409625,44.6160951228482,0.0484657803922704,0.0410092747483509,6,0.432904477266209,101.926796560672,9.66141850138571,466
R0467,INFEASIBLE,0,-2.00677282846515,1.71282921758192,30.5896353769158,12.8887623951116,0.859250826340775,20,32,0,0,0,0,1.93258964410601,0.0176152177538208,0.23433764393843,-41.8422691620588,13.5104755782245,42.4177675624641,0.089155885206925,0.13464979452776,5,0.390965588229938,30.5896353769158,12.8887623951116,467
R0468,FRAGILE,1,0,0.491352571558621,63.0037424352493,10.7891561343668,0.719277075624454,45,32,1,1,0,0.666666666666667,1.78414011997894,0.019118675214835,0.0476934697030527,-59.6254972680424,13.8787279769738,43.3567535206009,0.119942050487899,0.0571464169431395,5,0.255953418209694,63.0037424352493,10.7891561343668,468
R0469,INFEASIBLE,0,-1.91820107429474,1.14921094974123,111.79753097262,13.5749321396969,0.904995475979794,20,32,0,0,0,0,1.97011766815827,0.0149256766313189,0.190226355082892,-37.3566513983761,10.1309849761942,49.4924666202068,0.145872471496537,0.098339879267821,1,0.192603501144162,111.79753097262,13.5749321396969,469
R0470,EASY,2,1.72259828536716,0.798651769012835,51.2093723538848,9.12469851367983,0.608313234245322,20,8,1,1,1,1,1.57147134559882,0.0384846436171069,0.0691785798851897,-55.8344076286889,7.67734424920868,30.2756552911942,0.0638818359024795,0.0588497744957819,2,0.36313936082345,51.2093723538848,9.12469851367983,470
R0471,EASY,2,1.88184869712388,2.20749881976996,46.3090184835985,8.98461879052132,0.598974586034755,20,32,1,1,1,1,1.62051474069203,0.0213904833624178,0.190139420942638,-57.3399924653656,13.8464309478575,31.5733012954766,0.027313891797428,0.00275153467890509,4,0.184539005498386,46.3090184835985,8.98461879052132,471
R0472,EASY,2,1.83856934308741,0.636656353605425,82.7032426192487,9.6906676684067,0.646044511227114,20,16,1,1,1,1,1.44659084041742,0.0146867940678422,0.061863005944224,-52.5703712977063,6.76787118725425,33.7749977045109,0.0837154753020966,0.0599079352296954,4,0.284766261250968,82.7032426192487,9.6906676684067,472
R0473,INFEASIBLE,0,-2.33352267473253,1.33304846768161,76.7266137458607,11.1881056942589,0.745873712950592,20,32,0,0,0,0,1.24484219530748,0.032549552147731,0.225079332006941,-36.2588345407546,11.4627521204101,48.5141462778622,0.0236722742485072,0.232993798689676,3,0.21813912431031,76.7266137458607,11.1881056942589,473
R0474,EASY,2,1.9616742035693,1.39438905913418,63.6895852810972,8.9086695881854,0.593911305879027,20,8,1,1,1,1,1.80950263321082,0.0215443839376957,0.209046174301823,-40.4781096744451,7.80383789914402,47.6670546592872,0.0352607965139746,0.0274648520838141,1,0.183425675331664,63.6895852810972,8.9086695881854,474
R0475,INFEASIBLE,0,-2.10481374788027,1.86281764262975,20.3940063287803,8.95379627160295,0.596919751440197,20,32,0,0,0,0,1.64577239435194,0.0147311143118234,0.205627302547801,-43.3522748909341,13.0297325940167,29.6418982810561,0.0479778873605422,0.0579014392350777,5,0.320417967389589,20.3940063287803,8.95379627160295,475
R0476,INFEASIBLE,0,-2.29161807442427,1.78368248698199,40.1746760055156,9.55020315765356,0.636680210510237,20,8,0,0,0,0,1.06121345287993,0.0227752512791704,0.139315581460269,-63.1133757895512,6.44853355337071,31.4534627800173,0.122144728709548,0.237955906494691,1,0.421781105057969,40.1746760055156,9.55020315765356,476
R0477,EASY,2,2.10576979181088,1.10376668687118,41.7746753685759,10.5412239979453,0.702748266529688,20,32,1,1,1,1,1.94327596835298,0.0151050465832429,0.125580905762903,-47.7877993331855,5.62650238591851,38.2637981930873,0.0338526746598314,0.0660008752506354,4,0.0656018924166063,41.7746753685759,10.5412239979453,477
R0478,EASY,2,2.56751728898024,1.28554624453591,46.807174432663,14.8097420452057,0.987316136347044,20,32,1,1,1,1,1.31913707572967,0.020070710284027,0.200594301161108,-31.2355523534119,5.39092749238172,30.7483283984043,0.0166379798810417,0.0141191179813382,4,0.125161629517532,46.807174432663,14.8097420452057,478
R0479,FRAGILE,1,0,0.428295983009749,45.1682232415356,10.0419542486528,0.669463616576852,20,16,1,0,1,0.666666666666667,2.02056585992884,0.0355393677003433,0.0544185773152771,-45.9084993492308,8.98014927081572,44.0406698388375,0.0746896934808264,0.118786052898457,4,0.35306771794469,45.1682232415356,10.0419542486528,479
R0480,EASY,2,1.81595983094956,0.585881485333725,59.1910942063282,12.1600221080682,0.81066814053788,20,8,1,1,1,1,1.97668013964553,0.0134942091730486,0.0755354423620975,-39.9447628315652,8.60924088574072,34.3291505258648,0.0985002669742092,0.0212573256746733,5,0.387470486040218,59.1910942063282,12.1600221080682,480
R0481,FRAGILE,1,0,1.13829135682655,97.7949558435284,8.12886413375761,0.541924275583841,20,8,1,1,0,0.666666666666667,1.48284650653631,0.0124133046715647,0.15208085110392,-34.351489620566,6.66191855656964,27.2643217637714,0.119318554553826,0.0765699978887112,5,0.135435725262487,97.7949558435284,8.12886413375761,481
R0482,INFEASIBLE,0,-2.14138109385946,1.01723467443208,59.0739897149757,13.0269553904229,0.868463692694862,20,32,0,0,0,0,1.92167999200865,0.0286815313409707,0.183582088023116,-31.4438895868522,11.5138304200902,41.6823486087124,0.0975802784657463,0.191945583828783,6,0.218548035136589,59.0739897149757,13.0269553904229,482
R0483,EASY,2,2.16124511239981,0.546566772750931,108.270413189271,11.304922287039,0.753661485802598,20,8,1,1,1,1,2.04537698892636,0.0260847352298541,0.0764113718906466,-43.4590174354547,13.8864884043153,47.780501640403,0.0499207658490484,0.0298886723200216,4,0.439043710245586,108.270413189271,11.304922287039,483
R0484,EASY,2,2.11331215696696,1.3170696423568,42.8711272145344,9.42927982914524,0.628618655276349,20,16,1,1,1,1,1.20918105345842,0.0372416706582387,0.197646965215921,-38.3694548823899,8.08465300850738,42.9136482214295,0.133855908306442,0.0369329197880364,2,0.330276068413355,42.8711272145344,9.42927982914524,484
R0485,FRAGILE,1,0,1.163878026365,100.182378708,11.1221769510803,0.741478463405354,45,32,1,0,1,0.666666666666667,1.69192661585904,0.0343009481103189,0.132568891477343,-38.9528346108345,8.87954666621987,25.4804915972823,0.0594557296537753,0.221433074234465,3,0.235636869409405,100.182378708,11.1221769510803,485
R0486,EASY,2,1.76461296600483,1.5604937117217,55.4831597066298,11.0267807879558,0.735118719197051,20,8,1,1,1,1,1.79357845502813,0.0241470703452264,0.148417984041244,-61.2286980470201,11.7849257669366,43.8955421522188,0.0796020064332003,0.00607978574803828,4,0.335721499937844,55.4831597066298,11.0267807879558,486
R0487,FRAGILE,1,0,0.847885536044153,35.0130880385896,8.65426363810622,0.576950909207081,80,32,1,1,1,1,0.901990362534822,0.0299378819753606,0.0730535452847644,-55.7201842393379,8.86590961431807,29.8328390587155,0.0563482786981603,0.13174095089563,2,0.411080046377558,35.0130880385896,8.65426363810622,487
R0488,INFEASIBLE,0,-1.87226519228382,0.853570509841688,113.16678208024,14.5166500636379,0.967776670909194,20,32,0,0,0,0,1.16111842207296,0.027303945973802,0.14969456099932,-33.5022461321915,5.67893162470586,44.6830124316386,0.0976578146768703,0.197142537117856,4,0.272697243464547,113.16678208024,14.5166500636379,488
R0489,INFEASIBLE,0,-2.58940029117328,1.47726162956337,37.5175771893343,12.4643157560445,0.8309543837363,20,8,0,0,0,0,1.54316879627499,0.0135040520040711,0.159287765557037,-57.0722087152136,11.8961856630889,49.0185795999005,0.0892435103113416,0.227109431564665,4,0.067856756799664,37.5175771893343,12.4643157560445,489
R0490,INFEASIBLE,0,-1.77593515421851,0.6502123575388,49.1419144524612,11.8732883648349,0.791552557655659,20,32,0,0,0,0,1.412225044485,0.0335825859592464,0.052412280384649,-69.8800489517878,13.7432009158842,41.0698797362431,0.0748499425994046,0.139063736316693,6,0.432637091618826,49.1419144524612,11.8732883648349,490
R0491,EASY,2,2.20045378375958,1.28748997314037,83.0862750490552,8.49928632670582,0.566619088447054,20,32,1,1,1,1,1.60903993929016,0.0102260215352895,0.208931143899825,-32.4462580034123,12.9244635486644,35.8846937913007,0.0387491713065071,0.0289169494657879,3,0.368066326402104,83.0862750490552,8.49928632670582,491
R0492,INFEASIBLE,0,-2.02598388147987,2.37177663373824,23.7308473756525,10.2246668056829,0.68164445371219,20,8,0,0,0,0,1.194605797177,0.0215009121614838,0.166167662915186,-68.6227449231652,8.46016944405877,29.9187179818199,0.127962258069124,0.126668107849234,4,0.193077696945672,23.7308473756525,10.2246668056829,492
R0493,INFEASIBLE,0,-1.98456060072396,1.01154742038979,91.6840487585019,12.5358648234753,0.835724321565017,20,32,0,0,0,0,0.93871874121437,0.0241219332378013,0.0961829048922744,-63.9406213055499,7.21358914820739,47.8451968757676,0.104231504458537,0.178616745112761,1,0.207150602397577,91.6840487585019,12.5358648234753,493
R0494,INFEASIBLE,0,-1.78366553298331,0.989989721957319,104.587870392479,10.0177213777195,0.667848091847965,20,32,0,1,0,0.333333333333333,1.11771704188113,0.025025637586968,0.0732698830241776,-60.9440034206479,8.13121130903064,26.3337641278248,0.0597645434960752,0.213719044140172,5,0.230026190715287,104.587870392479,10.0177213777195,494
R0495,INFEASIBLE,0,-1.71198275455384,1.57510201977122,92.9538578262004,14.3615635868278,0.957437572455189,20,32,0,0,0,0,1.55651835467828,0.0352999633901854,0.237883031729167,-33.1922517291464,12.2177109519382,32.5270248035739,0.106850746754085,0.190236991992791,6,0.311068542545473,92.9538578262004,14.3615635868278,495
R0496,EASY,2,1.99667818230425,0.88732785275714,73.0834294396405,9.63703514355832,0.642469009570554,20,16,1,1,1,1,1.51535900761854,0.0390247390401533,0.0758851790843594,-69.9224851175926,6.27538198038313,46.2850530848114,0.123084682822902,0.0350868351585274,3,0.252928474649877,73.0834294396405,9.63703514355832,496
R0497,INFEASIBLE,0,-1.71929887986593,2.15479616323862,70.1009126259172,9.32856455232521,0.621904303488347,20,32,0,0,0,0,1.78116824597095,0.0359839722380304,0.171805360927766,-66.1886271867182,12.4364915917396,36.0486611283142,0.0215419137316882,0.140289823375898,3,0.21269613545088,70.1009126259172,9.32856455232521,497
R0498,INFEASIBLE,0,-2.3496598410554,1.36028842521,99.9886687961484,14.3575066764992,0.957167111766616,20,32,0,0,0,0,1.61466144875546,0.019508213468541,0.189592075954054,-36.6855652965802,11.505292021007,33.8399838354059,0.108281725340563,0.248165820786018,5,0.255239833981626,99.9886687961484,14.3575066764992,498
R0499,INFEASIBLE,0,-1.22013786666569,2.50394390870314,64.7876790385428,9.80448648061523,0.653632432041015,20,32,0,0,0,0,1.91937778407001,0.0204559053187615,0.188459738888925,-69.2011564174981,6.20343729585697,35.1136551253924,0.0289534852954496,0.139354683225879,5,0.317819309817876,64.7876790385428,9.80448648061523,499
R0500,INFEASIBLE,0,-2.32481727070416,1.40675966740574,119.940462407069,14.3933800259556,0.959558668397043,20,32,0,0,0,0,0.939771050397476,0.0167856713638034,0.113229204100561,-63.3913623194022,12.5695661485776,33.6975727724675,0.00824852068926696,0.126101021586611,5,0.300456705889122,119.940462407069,14.3933800259556,500
R0501,EASY,2,1.57720468594745,1.71505231685385,115.298070258069,8.33847567438336,0.555898378292224,20,8,1,1,1,1,1.64069837842381,0.0153657660890207,0.168857622268091,-48.4056000469496,9.05421030462045,29.3994473988405,0.079873753460937,0.0522061104387175,2,0.33927648053682,115.298070258069,8.33847567438336,501
R0502,INFEASIBLE,0,-2.04716866099679,1.21837599508933,91.9884183169961,11.4091090944741,0.760607272964939,20,32,0,0,0,0,1.87364456407939,0.0178417322837306,0.188001144173469,-32.7099003066649,5.84045154169093,32.974492126662,0.0407262000725149,0.247420024327423,2,0.0507171892937252,91.9884183169961,11.4091090944741,502
R0503,EASY,2,1.60709627415849,1.67212248869977,102.433123352517,13.3499551809064,0.889997012060424,20,32,1,1,1,1,1.33561753318407,0.0300091652499943,0.23359271808369,-37.6681761758396,6.26487795299993,35.8420604247093,0.0798033905860686,0.111829099826022,4,0.326249516928825,102.433123352517,13.3499551809064,503
R0504,EASY,2,2.00929200722115,1.15455858252444,108.406855480822,9.40626251652815,0.627084167768543,20,32,1,1,1,1,1.72848181589854,0.0378007991884075,0.140124511343458,-38.6960161373328,12.5418784830217,28.5489501488548,0.0840642927045128,0.18365718100749,1,0.343429960866697,108.406855480822,9.40626251652815,504
R0505,INFEASIBLE,0,-2.28419793108222,2.76266567682926,43.5049937743134,14.150134918457,0.943342327897133,20,32,0,0,0,0,1.4618164725246,0.0179200544451995,0.238726097848519,-65.5985132267325,11.5008500732801,41.5903412749332,0.063364021313705,0.0690070215528881,5,0.207272718250107,43.5049937743134,14.150134918457,505
R0506,INFEASIBLE,0,-2.55551202907253,0.50389330906041,85.6709173754064,8.51433758693437,0.567622505795625,20,32,0,0,0,0,1.92078074295774,0.0132898025360082,0.0843423443788913,-32.6429797206078,12.6333700126557,38.6416000597343,0.0673543830651317,0.215962447768363,3,0.154329420176572,85.6709173754064,8.51433758693437,506
R0507,INFEASIBLE,0,-1.79384623008346,1.29262672726262,51.0517610226008,12.1731869736899,0.811545798245991,20,32,0,0,0,0,1.70491114130483,0.0330444549061846,0.156144187158793,-37.8917106947835,11.6378740368519,27.1178442566846,0.132926502323082,0.215134134105751,3,0.224536731064104,51.0517610226008,12.1731869736899,507
R0508,INFEASIBLE,0,-2.03306653179729,0.739620841188392,49.2675598590044,10.0913847714309,0.672758984762058,20,32,0,0,0,0,1.87643774590177,0.0159939385175999,0.104119125976675,-43.6007474181209,5.11598433701403,48.7631746979325,0.0918938310967343,0.142214547113096,3,0.434533882489294,49.2675598590044,10.0913847714309,508
R0509,INFEASIBLE,0,-2.35081517593306,2.62126591036998,57.724466127606,10.5194737996683,0.701298253311222,80,16,0,0,0,0,1.03506295758442,0.0114976355014192,0.214578296500199,-56.6999434032544,8.36731740896692,27.8853458454462,0.127142335262924,0.209874878449325,4,0.444511453437437,57.724466127606,10.5194737996683,509
R0510,EASY,2,1.72596088610432,1.4733506186862,24.7303560151095,10.5399494944984,0.70266329963323,20,32,1,1,1,1,1.09422424406398,0.0215866205824595,0.147682704282173,-44.2868630237362,9.64857554671452,25.5069333872163,0.108460017864123,0.0150268531774374,5,0.169468311796153,24.7303560151095,10.5399494944984,510
R0511,EASY,2,2.18062486535504,1.51964944996256,99.5303355758286,11.0534719457383,0.736898129715889,20,8,1,1,1,1,2.08795899238818,0.0387847520547988,0.106632730885216,-66.6266716369186,6.62815705618029,28.2912295805133,0.123227972622906,0.116115008919582,6,0.40172515469196,99.5303355758286,11.0534719457383,511
R0512,EASY,2,2.37697566732381,1.48647169597012,98.580557992059,8.06064903324422,0.537376602216281,20,8,1,1,1,1,1.20376339143771,0.0122779484406518,0.159504555470014,-57.0452280218691,11.2825332888907,48.4990120334733,0.0442817282595545,0.0141600613459564,5,0.0838455608988153,98.580557992059,8.06064903324422,512
R0513,INFEASIBLE,0,-2.10822812156141,0.805309545859106,33.9365587095076,12.5554822624714,0.83703215083143,20,32,0,0,0,0,1.35273720396584,0.0252981100286908,0.111480915849253,-39.4858101247389,10.9672929530138,38.6739760828559,0.0330968651257907,0.22243649041939,2,0.217542350383607,33.9365587095076,12.5554822624714,513
R0514,INFEASIBLE,0,-2.15779224433008,0.693453286399631,28.4299425517395,13.7966981951134,0.919779879674228,20,32,0,0,0,0,0.906907009013838,0.034772570652752,0.119254895078617,-34.6728730235281,12.6382238282374,46.0213149333436,0.0430943463734114,0.188796202175422,1,0.11979283532067,28.4299425517395,13.7966981951134,514
R0515,INFEASIBLE,0,-1.68986746384444,0.860113363030538,102.10570927703,10.3589491022044,0.690596606813625,20,32,0,0,0,0,1.80612154597663,0.0277156084060751,0.0726679707648025,-67.3933452288349,13.931317388049,41.963341255631,0.0822183476052857,0.150620040903084,4,0.40923930205429,102.10570927703,10.3589491022044,515
R0516,FRAGILE,1,0,1.67114932833289,62.949851642682,8.26578093061692,0.551052062041128,20,32,1,1,1,1,0.954221406388559,0.0165740628434117,0.132103815058822,-59.2499169170959,5.90881096531124,28.3946847151819,0.131498992701883,0.146242674566727,2,0.0549503292282518,62.949851642682,8.26578093061692,516
R0517,INFEASIBLE,0,-2.48838930660462,2.28733433538284,60.4459465437094,12.4029719592046,0.826864797280307,20,8,0,0,0,0,1.74055766411754,0.0194672312889545,0.218283251503764,-46.5730364545248,12.5563942383362,25.5688970726421,0.0652912315319881,0.244647415514511,4,0.111537130417413,60.4459465437094,12.4029719592046,517
R0518,FRAGILE,1,0,2.45197316526585,69.4255208014571,8.59602772532857,0.573068515021905,20,16,1,1,0,0.666666666666667,1.79525035356117,0.0212311723410404,0.182449524183293,-66.7501603923232,7.08742992454703,31.9315520863735,0.0224381405164749,0.137204699857409,5,0.123451974956591,69.4255208014571,8.59602772532857,518
R0519,EASY,2,1.75499966381225,0.743449398669489,108.046343549193,13.160957897599,0.877397193173269,20,32,1,1,1,1,1.89380080420037,0.0262421333893694,0.107179539359433,-34.5473284946108,8.78136959074771,32.107851038521,0.111078692520442,0.113057821519037,3,0.25864319692434,108.046343549193,13.160957897599,519
R0520,INFEASIBLE,0,-2.46347760051715,0.486757343826129,115.61819821566,9.18780453573129,0.612520302382086,20,32,0,1,0,0.333333333333333,1.15464099091601,0.0185000892822088,0.0452441096520418,-64.0353957689968,13.315313976275,45.8564700568917,0.143308919310513,0.107331984051561,2,0.355434439836567,115.61819821566,9.18780453573129,520
R0521,INFEASIBLE,0,-1.78317752378296,1.38159740255217,97.6638438355047,13.2573771203292,0.883825141355279,20,32,0,0,0,0,1.09058894672466,0.0237104835351575,0.161363655067198,-49.8559203556104,6.87567559866277,43.8877444880391,0.0683111370484388,0.202111124289151,5,0.167944035752901,97.6638438355047,13.2573771203292,521
R0522,FRAGILE,1,0,2.16070860949416,33.0901755061941,12.1323389484075,0.808822596560497,20,8,1,0,0,0.333333333333333,1.17964819586038,0.0398038160294555,0.200764523303495,-61.6139747770888,7.95113948726545,42.4229972712201,0.0505352970477998,0.125317662795251,3,0.308947413287281,33.0901755061941,12.1323389484075,522
R0523,INFEASIBLE,0,-1.92238243093916,1.10726818086191,36.6066487738648,14.4621431043186,0.964142873621239,80,32,0,0,0,0,1.10326006522023,0.0264555048640243,0.0907137930792871,-65.7719227469128,5.40321289747717,37.5823079454409,0.0330091230948481,0.206588026540417,6,0.447632794273091,36.6066487738648,14.4621431043186,523
R0524,EASY,2,2.18420731866613,1.09562785501912,110.21689418285,9.72552756610149,0.648368504406766,20,16,1,1,1,1,1.55023014931859,0.0307226124756153,0.131028095032222,-40.5939007370673,8.20743198810785,30.5060270974556,0.102940234804535,0.0233567991800376,4,0.22907481257729,110.21689418285,9.72552756610149,524
R0525,EASY,2,2.11018065177161,0.479760052597768,114.630930912078,13.4994222597801,0.899961483985343,20,16,1,1,1,1,1.88926466300122,0.0250352440945056,0.0435922274143771,-58.7905344912472,13.1667739700085,36.935682508221,0.0998368669944732,0.0426633636111556,5,0.39456974670364,114.630930912078,13.4994222597801,525
R0526,EASY,2,1.67791540915765,0.366589368017533,90.605035617704,12.1798363606766,0.811989090711773,20,8,1,1,1,1,0.916159329889661,0.0251788977450047,0.0588959269409468,-30.984282424386,8.05794080844838,32.074141043649,0.0256191187909194,0.039213819696871,2,0.19064750840716,90.605035617704,12.1798363606766,526
R0527,INFEASIBLE,0,-1.96665227508587,1.74227762976071,73.487367757359,14.1727564707258,0.944850431381719,20,32,0,0,0,0,1.76126347186418,0.0218946133673086,0.143191000953521,-64.7946324399235,9.81060535135275,36.705922832256,0.0154496167255918,0.153482822440948,2,0.0728843812225439,73.487367757359,14.1727564707258,527
R0528,INFEASIBLE,0,-2.45959156397346,1.54857752045497,90.7111880578191,14.3243935181474,0.954959567876491,20,32,0,0,0,0,2.06048364293074,0.0202392797965755,0.131936808363689,-58.9328296979428,11.5764428005588,32.6318723072661,0.0258549968710811,0.227999113997595,5,0.268928391354159,90.7111880578191,14.3243935181474,528
R0529,EASY,2,2.63022159286956,3.23704904736599,115.369553598238,8.37649824003695,0.558433216002463,20,8,1,1,1,1,1.03610955021804,0.0268332860980315,0.212576439311553,-69.8467047084226,10.1195962518876,27.2323359925614,0.0154155513871814,0.0574324409666636,3,0.314548300414829,115.369553598238,8.37649824003695,529
R0530,FRAGILE,1,0,1.03414801316856,76.1932664835851,12.1665555570264,0.811103703801761,20,16,1,1,0,0.666666666666667,1.39521713048937,0.0231912786040366,0.102420517745381,-60.7197350753861,12.981145461952,46.809028014051,0.0908534037958528,0.0381486077719475,4,0.406844016974526,76.1932664835851,12.1665555570264,530
R0531,INFEASIBLE,0,-1.95988133456881,1.61428492808796,58.5515414030685,14.7718232516344,0.984788216775624,20,32,0,0,0,0,1.76454992716635,0.0174716991304975,0.226651776613617,-41.9051302172437,12.6532693978944,44.8077996193236,0.012436384793989,0.128697267246014,3,0.0622555437852843,58.5515414030685,14.7718232516344,531
R0532,INFEASIBLE,0,-1.98776905545824,0.868624890117495,46.6173761577797,10.4490953879437,0.696606359196243,20,32,0,0,0,0,1.8690251234192,0.024435758023217,0.0754337931714278,-69.8172099544777,11.6079829955252,47.5832048895691,0.133614791832429,0.0988413197285823,1,0.353265241871767,46.6173761577797,10.4490953879437,532
R0533,EASY,2,2.16938485883917,1.41712123481698,73.5708949017935,12.5038064684809,0.833587097898727,20,16,1,1,1,1,1.99477816889525,0.0321139792161101,0.116448387099418,-61.3693197946857,7.53244358760817,32.9167478059963,0.095119539362594,0.00681370404331379,5,0.0808708619133677,73.5708949017935,12.5038064684809,533
R0534,INFEASIBLE,0,-2.45531727790295,3.13207561878826,66.9703364960468,12.705091242505,0.847006082833668,20,16,0,0,0,0,1.13389858884351,0.0150860815625712,0.219943687979139,-62.9380538129064,9.25451597254924,25.284042063043,0.143359071184091,0.137081024375585,4,0.437807185405743,66.9703364960468,12.705091242505,534
R0535,INFEASIBLE,0,-2.26012956274453,0.969258417633451,98.1318001182127,11.299885213658,0.753325680910533,20,32,0,0,0,0,1.44494641262716,0.0125753558921512,0.0658587739533021,-67.2486058837318,6.79213033590592,27.025643793372,0.149775488113871,0.225682988778917,5,0.343783754521506,98.1318001182127,11.299885213658,535
R0536,INFEASIBLE,0,-2.17116890679215,0.805421064540149,92.6782194038477,8.9311330623603,0.59540887082402,20,32,0,0,0,0,1.49212568186823,0.0384171659928268,0.109849745944738,-43.3278488227605,9.42926824605008,45.2009703421197,0.146029087468817,0.247516641408963,4,0.109462959046026,92.6782194038477,8.9311330623603,536
R0537,INFEASIBLE,0,-2.1067488229478,1.1302069744511,26.5386355440099,14.7569795959395,0.983798639729299,20,32,0,0,0,0,1.61055941412086,0.0188802429634867,0.166461672618563,-39.025254851638,11.6877698912435,42.7627272516711,0.13082911716389,0.0760584079858666,6,0.145211097185566,26.5386355440099,14.7569795959395,537
R0538,INFEASIBLE,0,-2.31970398546204,0.547810591394068,49.4734683916442,13.191104015923,0.879406934394865,20,32,0,0,0,0,2.07338723164662,0.0251343567366026,0.0799459641451252,-41.9284287892,13.771676523358,48.4630533591185,0.00253022311610597,0.129500723327512,1,0.0963326376884532,49.4734683916442,13.191104015923,538
R0539,EASY,2,1.38246733534763,0.636161675666107,69.8270237359502,9.19243890584206,0.612829260389471,20,32,1,1,1,1,1.92416023829321,0.0337884639750146,0.0664545459696816,-58.3636392387315,12.1732594361562,48.1127821952355,0.0397387977708137,0.0486705865502465,4,0.148117683795961,69.8270237359502,9.19243890584206,539
R0540,EASY,2,2.14583654883535,0.652861466999851,71.6722448799114,9.64579513106829,0.643053008737886,20,32,1,1,1,1,1.05047303692432,0.0257471194081514,0.0450761599090915,-68.5339625160973,5.14646988671679,28.9817623660793,0.0786095535741684,0.178402877278615,4,0.430072407538461,71.6722448799114,9.64579513106829,540
R0541,INFEASIBLE,0,-2.34868182372286,0.678473208488565,47.9340572893467,12.7675038073922,0.85116692049281,20,32,0,0,0,0,2.09669879827211,0.0206479972745787,0.0609885165353276,-68.0803821136709,9.85717285723744,48.4770362233634,0.0660167948465699,0.16403381227966,2,0.085120356252905,47.9340572893467,12.7675038073922,541
R0542,EASY,2,1.92804019125358,0.858230390587297,33.9132481106147,10.352652080506,0.690176805367064,20,32,1,1,1,1,1.34288096508038,0.0309176103894613,0.138117741027022,-37.3333256009309,7.88268881563102,46.7246296867097,0.0865003286000276,0.0418005106987922,4,0.116579516805771,33.9132481106147,10.352652080506,542
R0543,INFEASIBLE,0,-2.52606861204454,1.6808493763411,25.2378387732812,13.9797702823916,0.931984685492776,20,8,0,0,0,0,1.26869944871772,0.0132473774648002,0.181927681626728,-57.1658482204505,7.38790736869537,49.5535344664343,0.140414525731337,0.19011865786265,2,0.179564250920237,25.2378387732812,13.9797702823916,543
R0544,EASY,2,2.60690739959795,1.07439715067068,101.867742023025,14.7457774509029,0.983051830060194,20,16,1,1,1,1,0.925468267877793,0.014751517201632,0.141376800501046,-33.9015221962263,12.7496275802123,25.7588432612949,0.00783246402186032,0.00442526377860894,3,0.147221993660846,101.867742023025,14.7457774509029,544
R0545,INFEASIBLE,0,-1.60709627415849,1.35665498677426,103.490859271963,13.6755204050912,0.91170136033941,20,32,0,0,0,0,1.69380606792346,0.0331340774452364,0.195295796551065,-39.8408837754074,6.53511745126623,42.5761360534,0.098829908197817,0.190471472366975,4,0.352355008815241,103.490859271963,13.6755204050912,545
R0546,EASY,2,2.02746367473866,2.11111898635802,55.1290755268525,11.9304696394275,0.7953646426285,20,32,1,1,1,1,1.40905845004829,0.0203028823508992,0.234161710948464,-53.5837645036363,10.4697625796546,45.7229394110062,0.027370275798211,0.0262060524760473,3,0.430965704902472,55.1290755268525,11.9304696394275,546
R0547,INFEASIBLE,0,-1.93162251490152,1.94413850242157,87.7712752853216,13.4372410009014,0.895816066726759,20,32,0,0,0,0,1.04146896290952,0.0117862718483802,0.21007746695368,-54.2338179256179,11.1540813489283,44.453530304225,0.0246795053130146,0.196142548557203,3,0.274904253308531,87.7712752853216,13.4372410009014,547
R0548,EASY,2,1.93529253669488,0.309924314594674,42.2501165536547,12.3015132933599,0.820100886223991,20,32,1,1,1,1,1.22391912912068,0.0300786230446826,0.0620350677690657,-30.877821735045,11.0246357003904,49.4444888325035,0.0340326406299427,0.0312422110712238,2,0.211356485909354,42.2501165536547,12.3015132933599,548
R0549,INFEASIBLE,0,-1.57691189885605,1.22871573454209,90.6810466887152,11.9272895893267,0.795152639288444,20,32,0,0,0,0,1.86642736751371,0.0198997186131548,0.185030898527284,-38.2167806748064,9.67481097073037,42.8701727021624,0.0743352699214175,0.153716690973591,3,0.340851258820794,90.6810466887152,11.9272895893267,549
R0550,INFEASIBLE,0,-1.77458456972695,1.12726973534529,60.5490022042616,12.9785882999953,0.86523921999969,20,32,0,0,0,0,1.40221625260029,0.0160309652524989,0.149889618206623,-41.8147628455198,9.78217103690507,40.0136385902867,0.149523416124504,0.114152240692609,5,0.401254449959307,60.5490022042616,12.9785882999953,550
R0551,INFEASIBLE,0,-1.97932903156454,0.608155012363444,66.3788466130007,14.4527494842601,0.963516632284007,20,32,0,0,0,0,1.21710870291188,0.0119773481639743,0.0966389803374232,-35.5027010596965,6.29287501234063,41.1964928530945,0.084613796051303,0.184207236108447,3,0.195498509450722,66.3788466130007,14.4527494842601,551
R0552,EASY,2,1.4616111057673,0.90775597427894,93.6957422898671,10.9231307080672,0.728208713871148,20,32,1,1,1,1,1.62745712068855,0.0156510313544309,0.0623991335951915,-66.4289140646267,7.85667340554325,26.9894820680878,0.0351810539161401,0.0733802642192767,2,0.247433159643405,93.6957422898671,10.9231307080672,552
R0553,INFEASIBLE,0,-1.65542764621091,1.15535649978301,57.057534575293,12.0859244809135,0.805728298727569,20,32,0,1,0,0.333333333333333,1.20432562586759,0.0174432322808813,0.0949094787904133,-59.3633707223402,10.5202679474491,30.7812048735185,0.0072482573619447,0.0714903862490074,5,0.326555024850849,57.057534575293,12.0859244809135,553
R0554,INFEASIBLE,0,-1.84215217770657,1.24858125124401,42.5027705699541,13.4111313235325,0.89407542156883,20,32,0,1,0,0.333333333333333,1.92706201967261,0.0147944775499237,0.12659375701112,-49.9395541827993,9.10584500499251,33.1849859764916,0.00754608273667919,0.0674646139065212,2,0.378220176656098,42.5027705699541,13.4111313235325,554
R0555,INFEASIBLE,0,-2.76258166341208,0.457376860535095,32.6733127834643,13.8038044943268,0.92025363295512,20,32,0,0,0,0,1.99259858316329,0.0133860568837352,0.0678184136907458,-37.8613534059666,6.37334117307227,40.7943954840669,0.140735656751163,0.230084764298837,1,0.0997050280833013,32.6733127834643,13.8038044943268,555
R0556,INFEASIBLE,0,-2.01232360892726,1.86126940044497,57.6553840673096,9.45991487243144,0.63066099149543,20,32,0,0,0,0,1.90456081782297,0.0272753354344503,0.224353770132216,-48.984705208249,13.0335065679298,45.1263932372923,0.0231143762815539,0.11526643835693,3,0.0734191173808683,57.6553840673096,9.45991487243144,556
R0557,INFEASIBLE,0,-1.81700274920922,0.951360324802825,21.091901905102,11.0433857811231,0.736225718741543,20,32,0,0,0,0,1.56717386473077,0.0353874845865894,0.0688544436601096,-69.6124625988258,6.43077274843935,32.8555867740365,0.0910412623134761,0.222286420332755,3,0.139400522172131,21.091901905102,11.0433857811231,557
R0558,INFEASIBLE,0,-2.06208437175879,1.61030455564083,33.8852955706173,12.7558960270758,0.850393068471718,20,32,0,0,0,0,1.78742840891435,0.018913069879952,0.232749624657907,-40.8376785587093,13.2960153898607,45.0967646125386,0.0856891672814913,0.110110937829141,5,0.138181680915163,33.8852955706173,12.7558960270758,558
R0559,EASY,2,1.74459996376964,1.70501174622188,38.5683322585555,8.83955508091585,0.589303672061057,20,32,1,1,1,1,1.51750289669644,0.0104906568449893,0.177518731967357,-56.6665227612314,7.44818521795615,45.0555305500147,0.0183938052640762,0.0332954040312507,2,0.318375768935363,38.5683322585555,8.83955508091585,559
R0560,INFEASIBLE,0,-1.88491446549818,1.11937706693734,51.8663799906402,10.0217822375134,0.668118815834225,20,32,0,0,0,0,1.06311803513903,0.0347635133329945,0.088723663390134,-61.4483466987416,11.8384991934754,30.7049138145529,0.108065665403467,0.186431123500544,3,0.116331471420862,51.8663799906402,10.0217822375134,560
R0561,EASY,2,2.3768601627462,2.56877897677808,48.4950677968279,8.18625534176587,0.545750356117725,20,16,1,1,1,1,1.85735544849294,0.0332568352321756,0.232305529853485,-64.6498319105587,11.1794160554653,44.2447531692192,0.11286502699422,0.0170270154866871,1,0.275281137417845,48.4950677968279,8.18625534176587,561
R0562,EASY,2,2.1851107484149,2.19009734702139,80.445934947365,11.0316270666615,0.735441804444101,20,32,1,1,1,1,1.70250708971527,0.0365658714343809,0.196741324398432,-52.3573345277172,10.8545629848812,28.6339167350988,0.0707585760670963,0.00201862193133787,5,0.0598614552675651,80.445934947365,11.0316270666615,562
R0563,EASY,2,2.0954418918181,0.401588586755284,88.6216746136099,10.3912615894971,0.692750772633141,20,8,1,1,1,1,1.21741553889051,0.0225133229227855,0.0522923822371531,-39.5719583493511,8.06980598458806,34.3677083851438,0.0141431025405206,0.0179387944693314,2,0.435184909123291,88.6216746136099,10.3912615894971,563
R0564,FRAGILE,1,0,0.80051376006016,71.3179601829717,9.51579703525673,0.634386469017115,20,32,1,0,1,0.666666666666667,1.6253612272904,0.019674300128707,0.0924418531775418,-40.8666371709471,6.57880670556576,28.8269599417004,0.00385272667520662,0.163097286406421,6,0.227726945162775,71.3179601829717,9.51579703525673,564
R0565,EASY,2,2.25456977801857,0.860840432665229,41.0689788383822,9.45167295020514,0.630111530013676,20,32,1,1,1,1,1.22923342381939,0.038124479690407,0.170123313937766,-30.8649686468614,12.830646268935,48.1587705435169,0.0992076769198062,0.000711720967346563,2,0.205221671070258,41.0689788383822,9.45167295020514,565
R0566,EASY,2,2.11528545887781,1.20128202446272,95.7448460832115,8.17776910695274,0.545184607130182,20,8,1,1,1,1,1.80291302712252,0.0394954177045207,0.185269018687283,-38.4177824016437,10.3806455471444,45.4403415650795,0.0781247546741041,0.0629376300038951,3,0.104899465527217,95.7448460832115,8.17776910695274,566
R0567,INFEASIBLE,0,-2.2448574707232,1.52334855325582,44.873117334633,14.3168886565752,0.954459243771682,20,32,0,0,0,0,1.91703399042767,0.0359039247874855,0.198297431661756,-45.6805184660371,7.38136760115104,45.7676923676218,0.0245230478184213,0.154573650697549,5,0.213513113641365,44.873117334633,14.3168886565752,567
R0568,EASY,2,1.65874354859763,1.35648714894624,109.624705228506,8.21495053539676,0.547663369026451,20,32,1,1,1,1,1.77792118942207,0.0280837520611837,0.191774107671792,-40.7640701553776,9.52180377310648,42.9897591149172,0.0820227281889278,0.089062180289101,3,0.263433334500154,109.624705228506,8.21495053539676,568
R0569,FRAGILE,1,0,2.02412788800479,24.5715990584286,11.1065004990293,0.740433366601953,20,8,1,0,0,0.333333333333333,1.72466925780173,0.0138282668737579,0.154192277401132,-57.8854226635829,8.37528946279582,25.1680242316241,0.031101158814635,0.0642922296510762,4,0.123619529355349,24.5715990584286,11.1065004990293,569
R0570,FRAGILE,1,0,0.567873763858678,52.5665618888304,10.9920741221378,0.732804941475854,20,32,1,0,0,0.333333333333333,1.61950884251615,0.0238552734378443,0.0789660029423132,-37.5574970110258,6.6136240485921,35.3046038159666,0.0823182590333849,0.121523589277658,4,0.0743684036000366,52.5665618888304,10.9920741221378,570
R0571,INFEASIBLE,0,-1.44915812015205,2.26727136125219,74.9874165788474,12.0104411053402,0.80069607368935,20,32,0,0,0,0,1.35751901711562,0.0143736952575781,0.226774206820876,-49.2266054645157,12.9721144970558,31.3791693964943,0.0705101343810088,0.152003912412733,2,0.194823172552828,74.9874165788474,12.0104411053402,571
R0572,EASY,2,2.13817567095507,0.849908550635572,54.4530902671993,14.0677285391464,0.937848569276424,20,32,1,1,1,1,1.74711777824447,0.0361786150686484,0.0805124176714706,-63.3533000244611,12.0185354410875,46.6209565415068,0.0562577983816105,0.0362636129882207,6,0.213283716091689,54.4530902671993,14.0677285391464,572
R0573,EASY,2,1.69631630025941,1.58446423824479,58.0655401002384,10.6826141494507,0.712174276630048,20,8,1,1,1,1,1.79595260796166,0.0151461574868391,0.200995920185498,-43.6212070754467,7.4665859817377,39.6338550453988,0.031359969149569,0.00527448994361374,5,0.278941385527235,58.0655401002384,10.6826141494507,573
R0574,EASY,2,1.36824181288721,2.84523667824031,67.6671019746159,12.0814586031534,0.805430573543563,20,32,1,1,1,1,1.83902098964631,0.0208958471049971,0.237501960485964,-60.2258166076641,5.79454370361097,32.7132996989686,0.119532030003206,0.052514296174933,4,0.290087652153496,67.6671019746159,12.0814586031534,574
R0575,EASY,2,1.97601004939788,0.611949229764588,44.010434980044,11.868436300257,0.791229086683801,20,32,1,1,1,1,1.09261825810859,0.0288399720243655,0.0621169230130001,-47.3802724362049,5.85926325934454,29.9395693061579,0.113237073220378,0.133935832130547,1,0.207875702980419,44.010434980044,11.868436300257,575
R0576,INFEASIBLE,0,-1.73008850495041,1.48566906442684,59.7303469658747,13.7266963528919,0.915113090192794,20,32,0,0,0,0,1.30406083130001,0.0355947008246945,0.136793158040396,-62.0122249815543,13.2678339740777,42.1988461642677,0.0608633890930845,0.15323800657893,1,0.381750282935945,59.7303469658747,13.7266963528919,576
R0577,FRAGILE,1,0,1.28884935284793,64.2822808136049,9.31382337585721,0.62092155839048,20,8,1,0,0,0.333333333333333,1.33361559556494,0.0162618456854516,0.124532526839431,-47.4433945239514,9.90017675589955,27.2003286566348,0.00714498977444357,0.0942632077561155,5,0.0973133547609906,64.2822808136049,9.31382337585721,577
R0578,INFEASIBLE,0,-2.19464332918483,0.691297541118962,77.0458490260081,12.34067589876,0.822711726583999,20,32,0,0,0,0,2.09045932639861,0.0185432613802506,0.118322051152596,-36.100543254672,8.79764051418934,49.4185714414022,0.126950926841421,0.212358312764049,3,0.243952671124173,77.0458490260081,12.34067589876,578
R0579,EASY,2,2.07375427949678,1.41330674920095,20.6459050015237,8.01319124276972,0.534212749517982,20,32,1,1,1,1,0.935293187651348,0.0307723073073919,0.122254974396078,-51.5071032830614,12.0705134011751,25.6954259726942,0.0274916572282057,0.00590001116639158,4,0.426273578458657,20.6459050015237,8.01319124276972,579
R0580,EASY,2,1.64880202131744,1.07373011218954,87.7066353137802,13.3895147680146,0.89263431786764,20,32,1,1,1,1,1.12947882488469,0.018005096710819,0.0921094853852913,-51.544508714211,7.57358325197989,25.3072300179198,0.0508205033963525,0.070771580035736,4,0.294946343270718,87.7066353137802,13.3895147680146,580
R0581,EASY,2,2.12555405512412,0.712206228180686,62.3789592761098,11.3404960394786,0.756033069298574,20,32,1,1,1,1,0.947600241127393,0.021940030094953,0.104011670288605,-40.4004207940919,12.8562380586142,45.0594349177125,0.0243266660001264,0.03719964623532,3,0.241154285177815,62.3789592761098,11.3404960394786,581
R0582,INFEASIBLE,0,-2.11633023269447,1.15443035639289,105.70335237681,12.4254720147782,0.828364800985212,20,32,0,0,0,0,1.76682408211889,0.0223683674659336,0.0793730361227933,-65.2846557890406,10.5310976327108,26.0791903234849,0.0302030851788264,0.232172369045424,4,0.269145404086631,105.70335237681,12.4254720147782,582
R0583,INFEASIBLE,0,-2.09479775459296,0.757102649201878,86.1881001830149,10.2610038427578,0.684066922850521,20,32,0,0,0,0,1.88797982596338,0.0200136083100377,0.135208836333917,-32.3623898707053,8.42036534742995,43.2357648994177,0.0198393858143847,0.185229164081986,3,0.163222995697388,86.1881001830149,10.2610038427578,583
R0584,INFEASIBLE,0,-2.3028510761019,1.41370755960561,30.9554085677515,13.0778436212172,0.871856241414479,20,32,0,0,0,0,0.975624604606134,0.0301160625090327,0.200224603539729,-39.8793806181718,6.60711473863747,41.2927579277785,0.0128192811469364,0.234625921442957,3,0.112712328899537,30.9554085677515,13.0778436212172,584
R0585,FRAGILE,1,0,1.68177406754126,67.3146399054314,12.8607013835002,0.857380092233345,20,32,1,1,0,0.666666666666667,2.02179736120392,0.0181757774789134,0.176553763438384,-55.7459307516563,13.233286120049,44.3308802558589,0.118409867998099,0.0576366457182736,5,0.277809572756348,67.3146399054314,12.8607013835002,585
R0586,FRAGILE,1,0,1.59461820279248,31.1363846591747,11.7014077772793,0.780093851818623,80,32,1,1,0,0.666666666666667,1.76542194149365,0.0264854434334475,0.128059813848167,-68.914845253934,6.33873320162181,39.6459861944046,0.111312272332851,0.0858913744454484,5,0.153298415629393,31.1363846591747,11.7014077772793,586
R0587,EASY,2,1.74641302113591,1.41231193016267,81.3072492308365,12.4901988251856,0.832679921679038,20,16,1,1,1,1,1.14332128335852,0.0344938685266301,0.161725746481526,-49.8049668635811,6.54660936937463,42.1020983486293,0.113328260208972,0.0668619561572853,5,0.0939998919155617,81.3072492308365,12.4901988251856,587
R0588,FRAGILE,1,0,0.728486060482919,65.0617179938462,12.0348969047709,0.802326460318062,20,32,1,0,1,0.666666666666667,1.24548836015845,0.0290437010595511,0.122702645459157,-36.7199121027543,5.89529857170644,49.5142247167665,0.0482694343871358,0.167271042153846,1,0.416630424524523,65.0617179938462,12.0348969047709,588
R0589,INFEASIBLE,0,-1.80940781569437,1.86997044879473,52.8237116673285,13.6351104000953,0.909007360006351,20,32,0,0,0,0,1.76854026471035,0.015043478595221,0.136950828677704,-63.4950434932333,5.3517572471311,27.9898679279553,0.014598710485967,0.104298322240252,2,0.424927905870421,52.8237116673285,13.6351104000953,589
R0590,INFEASIBLE,0,-2.55196537928494,2.04314447497145,82.2445216437499,10.3722323895832,0.691482159305544,20,8,0,0,0,0,1.09543711151574,0.0159446869327071,0.221745365012177,-55.5274561811532,13.2625609911225,47.0097411406467,0.000209971903558966,0.194981374592116,2,0.39143820892604,82.2445216437499,10.3722323895832,590
R0591,INFEASIBLE,0,-1.93529253669488,0.41356147436598,35.7901259178172,11.7639845529641,0.784265636864275,20,32,0,0,0,0,1.17617356517441,0.0261033003917129,0.0674384192883751,-33.2166550390702,11.2998393739996,37.9758728059225,0.0129626239108854,0.181048734689346,2,0.102141618313416,35.7901259178172,11.7639845529641,591
R0592,EASY,2,1.68909043462694,0.960731221333063,95.1764224733887,13.16401766402,0.877601177601336,20,32,1,1,1,1,1.2780446661263,0.0173217639294859,0.0909858083464456,-56.7917212043518,13.317091363358,37.443369730489,0.110653464075167,0.0458611917407546,6,0.200668579550584,95.1764224733887,13.16401766402,592
R0593,FRAGILE,1,0,1.33334577151136,53.3254584845836,13.1119381307042,0.874129208713616,20,32,1,1,0,0.666666666666667,1.44594337971375,0.0331536011684764,0.108974096222587,-56.2437130920799,9.86071703726146,27.3508168438844,0.128599470565689,0.107977606987779,2,0.409690499827823,53.3254584845836,13.1119381307042,593
R0594,INFEASIBLE,0,-1.79141621157332,1.44076225274212,24.3921472439223,14.949982063377,0.996665470891797,20,32,0,0,0,0,1.02209930847293,0.039349159868775,0.109190217561154,-58.2929315218009,10.0511579223966,25.2624792054005,0.107248085379604,0.1341927320411,3,0.39291227220524,24.3921472439223,14.949982063377,594
R0595,EASY,2,2.18762725622579,2.61876400022711,119.333526054932,12.7198019453114,0.847986796354092,20,8,1,1,1,1,1.16350045321371,0.0246688284655165,0.204408749489177,-67.3055137332579,9.61899937983328,35.7247240296226,0.0120733020596845,0.0319329546215603,3,0.357383308315389,119.333526054932,12.7198019453114,595
R0596,FRAGILE,1,0,1.6789516694065,45.3325688659966,11.705195907094,0.780346393806264,20,32,1,0,0,0.333333333333333,1.09836538613046,0.0194068817158673,0.156907067448709,-54.2862279318656,9.48374253925167,33.3157282316527,0.0688677933338794,0.0836016940582463,2,0.298082179460959,45.3325688659966,11.705195907094,596
R0597,EASY,2,2.11880025960358,1.38309134662106,76.3112387939321,11.8502240156276,0.790014934375171,20,16,1,1,1,1,0.915893090828947,0.0374970794572637,0.220579055671894,-37.1214522643186,9.68286602181198,45.3667942351126,0.117745335618896,0.0313327625412207,2,0.19508379862669,76.3112387939321,11.8502240156276,597
R0598,EASY,2,2.078397357514,0.742170576978181,21.3052204199377,9.71201958285297,0.647467972190198,20,32,1,1,1,1,2.09767341099485,0.0218818996127937,0.0890726597634918,-42.0324852234965,11.7379823260164,32.9391866187017,0.123795168559817,0.0315356929858336,2,0.07972846185307,21.3052204199377,9.71201958285297,598
R0599,EASY,2,1.75107553246315,2.44957248907852,90.7989771690991,9.03331860256167,0.602221240170778,20,8,1,1,1,1,1.49827017104788,0.0374101702063473,0.202253350050222,-64.0069350485608,5.91914825656041,36.1514962163592,0.0799911094292697,0.0915165212268595,5,0.203993761230266,90.7989771690991,9.03331860256167,599
R0600,INFEASIBLE,0,-1.67791540915765,0.482507259859845,62.8938252464268,11.9689930696452,0.797932871309681,20,32,0,0,0,0,0.936479379954055,0.025723874037259,0.0611967617439684,-41.663158096247,8.23259167553331,36.1422270446536,0.0225915008594968,0.241604944250265,2,0.187683372187591,62.8938252464268,11.9689930696452,600
R0601,INFEASIBLE,0,-1.68931354595273,2.0828880988008,49.8550384090317,11.1987371263326,0.746582475088843,20,32,0,0,0,0,1.86981431958228,0.0360262428320151,0.180026764984037,-62.4938294969471,10.3336711644425,37.7639932468077,0.0939017086736951,0.23868748651363,2,0.377548698545995,49.8550384090317,11.1987371263326,601
R0602,EASY,2,1.76195386331249,0.829651680287375,75.5848931390113,12.6592990796473,0.843953271976488,20,32,1,1,1,1,1.27330172448048,0.0196897285252719,0.112448899095419,-40.3145539096659,7.38632323192149,38.6459418378496,0.0259409045213579,0.0452745224946779,3,0.433937256555264,75.5848931390113,12.6592990796473,602
R0603,EASY,2,1.42416524528213,1.18583126596503,20.909260907273,8.93461358047445,0.595640905364964,20,32,1,1,1,1,1.50738291201829,0.0371323524616173,0.112118388008635,-56.8470669355094,13.135373572348,37.3925753172487,0.107962926877301,0.0949345576381471,4,0.238835566462734,20.909260907273,8.93461358047445,603
R0604,INFEASIBLE,0,-1.99480422139319,1.41616812244201,37.3408025402164,10.1783474698853,0.678556497992351,20,32,0,0,0,0,1.96362348297359,0.0372193345434286,0.134827086824413,-50.4732882688044,10.9006125977244,29.8888516219586,0.0235008403128389,0.200234271383639,2,0.283875659732485,37.3408025402164,10.1783474698853,604
R0605,INFEASIBLE,0,-1.50818964951661,1.94403628083968,63.1389159420431,11.8868745824607,0.792458305497378,20,32,0,0,0,0,1.11166776649945,0.0248230907825065,0.229712599416341,-47.421201071486,10.9793312274646,40.6412780822848,0.047807111054373,0.134540355306067,2,0.309463382738835,63.1389159420431,11.8868745824607,605
R0606,INFEASIBLE,0,-1.99154784823328,1.59625561270136,20.1852235876905,10.9368832697709,0.729125551318063,20,32,0,0,0,0,1.66569506463843,0.02075312044194,0.162552366313546,-44.4097749849617,7.39268715919608,26.4728208008055,0.00363945659458142,0.159716796525459,5,0.280493383318641,20.1852235876905,10.9368832697709,606
R0607,INFEASIBLE,0,-1.65446118046698,1.29246098150955,105.257698711366,9.57078152970402,0.638052101980268,20,32,0,1,0,0.333333333333333,1.57246977468439,0.0339183340156299,0.119763957259075,-56.8750377795577,11.0423598173855,35.9519248053121,0.12407996572553,0.218380595575891,2,0.332757402425053,105.257698711366,9.57078152970402,607
R0608,EASY,2,2.15415050284135,1.52348870936746,65.7430055527339,11.1281140942768,0.741874272951784,20,16,1,1,1,1,1.11304830135932,0.0174855195869471,0.118335281007411,-66.3004371192365,6.13663973984981,34.327656310278,0.103600671671978,0.0221932296793155,5,0.400239560242048,65.7430055527339,11.1281140942768,608
R0609,INFEASIBLE,0,-1.97964509974255,1.59555548096597,79.7789357525241,8.61308272876845,0.57420551525123,20,32,0,0,0,0,1.53285399406021,0.0223060076374021,0.237866311311481,-37.768795779956,9.02310141475331,41.0364410110575,0.0104844238672003,0.217947364859912,5,0.185495527196098,79.7789357525241,8.61308272876845,609
R0610,EASY,2,1.76189743718297,1.33633895794099,48.2121624463158,9.8504740197604,0.656698267984027,20,32,1,1,1,1,1.80113723246558,0.0305823682400215,0.188519967952344,-39.0421064929288,13.2824443409101,39.2653340083528,0.103475638482128,0.0622859006304082,6,0.319222948915364,48.2121624463158,9.8504740197604,610
R0611,FRAGILE,1,0,1.58692501037152,84.7022657776544,11.6153019216923,0.774353461446157,20,32,1,0,1,0.666666666666667,1.36680333844348,0.0392053735417705,0.190672501942864,-49.3846635191059,5.74917418504579,45.5731319793391,0.0157814851341187,0.18484658863031,4,0.124113309160004,84.7022657776544,11.6153019216923,611
R0612,EASY,2,2.08527815218207,0.872819358612181,91.4810705192154,12.9763394391292,0.865089295941948,20,16,1,1,1,1,1.75656447657099,0.0305161568898884,0.107252160204027,-41.6695229517288,11.0093168761077,33.9360874581005,0.0845687254604371,0.00951395976019007,5,0.141924648923901,91.4810705192154,12.9763394391292,612
R0613,EASY,2,2.33446502078735,0.500930010073698,71.968588484145,13.9565943648006,0.930439624320041,20,16,1,1,1,1,1.79408961001486,0.0162787055243243,0.070166633859244,-32.5022289307177,7.095438535891,26.828403577824,0.0664152625096278,0.0241280393486136,5,0.368519847717656,71.968588484145,13.9565943648006,613
R0614,INFEASIBLE,0,-2.2260551813661,0.484248907410439,54.4313411955573,13.5387381289597,0.902582541930645,20,32,0,0,0,0,1.44532491134651,0.0140543266527814,0.0462535760769988,-54.1516326188356,9.37317127439227,34.6288284449855,0.114226670606057,0.151484764402205,5,0.191303711847635,54.4313411955573,13.5387381289597,614
R0615,INFEASIBLE,0,-1.70499362069165,1.4505880902487,71.2233985366569,8.31513962533176,0.554342641688784,20,32,0,0,0,0,1.42903889900067,0.0348826389778989,0.187682249694526,-43.529678092752,10.4407182467945,41.0573064585386,0.0690450532564483,0.211197226118379,3,0.237835739118516,71.2233985366569,8.31513962533176,615
R0616,EASY,2,1.96158316139916,0.301981230437677,35.3448833245701,14.713666097699,0.980911073179932,20,32,1,1,1,1,1.43897264498736,0.0203170758679558,0.0481821654752883,-38.1558996081908,11.372668329433,47.9730666010015,0.0213197376666066,0.0287688135744862,5,0.297558681595914,35.3448833245701,14.713666097699,616
R0617,INFEASIBLE,0,-2.12243992376235,1.89478176736216,26.9777150342275,11.3076974785244,0.753846498568291,20,32,0,0,0,0,1.51203271523281,0.0261548810138883,0.192552789524588,-44.5497399215354,8.6442093842038,26.5297366098089,0.00693480790120052,0.144017098496429,6,0.16220398509547,26.9777150342275,11.3076974785244,617
R0618,EASY,2,1.45328027262339,0.352872047677202,72.3175442293531,8.48750677940756,0.565833785293837,20,32,1,1,1,1,2.04437602478129,0.0350883887566828,0.0487116704504221,-41.9798536637569,6.14592494446998,43.4685074527846,0.0571732774311019,0.127129152448822,5,0.3185967962868,72.3175442293531,8.48750677940756,618
R0619,EASY,2,2.28783057867045,2.16004403482542,110.047522250767,11.6098458231592,0.773989721543946,20,16,1,1,1,1,1.89498612784136,0.0284579296980398,0.151649374278243,-69.7754806368689,7.66926246299155,31.0615459039239,0.144363716023596,0.0192302203592887,3,0.17460796827356,110.047522250767,11.6098458231592,619
R0620,INFEASIBLE,0,-1.64934285656422,1.63957349769978,83.1553590138091,9.24964594729845,0.61664306315323,20,32,0,0,1,0.333333333333333,1.38772628784834,0.0341549063747857,0.221097325256827,-41.3860385048491,5.82078797871514,40.315706050631,0.0453530916496298,0.224142254788924,4,0.057083218660893,83.1553590138091,9.24964594729845,620
R0621,INFEASIBLE,0,-1.84401610740966,0.601842799022147,34.609762474514,9.16073421081182,0.610715614054122,20,32,0,0,0,0,1.63869211267781,0.0127128788612008,0.0596853658448756,-47.4024585173699,6.634501441171,28.6043889016419,0.118248104275329,0.135040582760995,2,0.164803955626648,34.609762474514,9.16073421081182,621
R0622,EASY,2,1.93709306961608,2.29264400804613,98.6858670023407,14.9544517903754,0.996963452691691,20,8,1,1,1,1,1.13539919500416,0.0336595011121095,0.218791154646554,-46.9510193219557,10.8478790530992,25.9858949919897,0.103993324995247,0.0412479567080203,4,0.231542326154403,98.6858670023407,14.9544517903754,622
R0623,INFEASIBLE,0,-1.81335518301658,2.29806219120845,24.5016004617544,13.0106559654078,0.867377064360522,20,8,0,0,0,0,1.07386422914505,0.0187066408563386,0.213772938477066,-64.3450763097333,7.81101498346538,46.3739293921662,0.044096523873112,0.149926111317309,4,0.261098722912583,24.5016004617544,13.0106559654078,623
R0624,INFEASIBLE,0,-1.77306429852903,2.09963258623567,68.4926305897116,12.0525958446671,0.803506389644474,20,32,0,1,0,0.333333333333333,1.53237438160639,0.0319135816406333,0.173896479742801,-56.6453734346459,10.3897583486586,28.4895256134943,0.0545242948495205,0.189114551035865,3,0.0827292149145187,68.4926305897116,12.0525958446671,624
R0625,EASY,2,2.19655249256546,0.897282018890331,115.741062621856,13.2430997674414,0.882873317829425,20,16,1,1,1,1,1.79143934879901,0.0100951399537894,0.0753058516865431,-65.9581973939341,9.03968117155879,39.6641756726328,0.127640562006877,0.0117377428635027,5,0.377646890529233,115.741062621856,13.2430997674414,625
R0626,EASY,2,2.7832272681299,0.448046616746659,79.4561301743413,10.716108241787,0.714407216119132,20,8,1,1,1,1,2.04857638267131,0.0364734405347385,0.0615651295155882,-34.4721911175117,7.91351381349655,29.041719412818,0.0469969587863644,0.028011484706144,1,0.232609633836528,79.4561301743413,10.716108241787,626
R0627,INFEASIBLE,0,-2.31081428579876,1.34898100105522,74.7469469363272,9.68018304404385,0.64534553626959,20,32,0,0,0,0,1.35445793231482,0.015665498355029,0.210467292229758,-36.4649878177481,5.89768252387082,41.8958555728905,0.0716953830425463,0.231529976739352,5,0.132355986133806,74.7469469363272,9.68018304404385,627
R0628,INFEASIBLE,0,-2.25031142975721,0.923859588823467,112.540764704816,12.5490975725387,0.836606504835915,20,32,0,0,0,0,0.938272559484056,0.0236897487332564,0.159782823760554,-34.3720029664209,6.91279387555077,45.7424351132035,0.0873114094520631,0.228535630875491,5,0.171854103737749,112.540764704816,12.5490975725387,628
R0629,INFEASIBLE,0,-2.36825376707644,0.792225373585799,20.6770954765852,9.22397201563678,0.614931467709119,20,8,0,0,0,0,1.30366619999872,0.0134481830115246,0.096411255131038,-44.2025728919856,12.1565837944729,37.455399414976,0.0526514007228013,0.246423252332703,4,0.338048662261903,20.6770954765852,9.22397201563678,629
R0630,INFEASIBLE,0,-2.1576030738661,2.22937600795729,77.8643767993759,9.14762136890755,0.609841424593837,20,16,0,0,0,0,0.95761646424714,0.0149551773870466,0.170764481903788,-67.9343981525944,6.32779108860616,35.0484862229561,0.102163777897627,0.163952195996707,3,0.390567186485554,77.8643767993759,9.14762136890755,630
R0631,EASY,2,2.16217199318433,1.34421982596656,76.3779411272084,9.90182098008255,0.66012139867217,20,32,1,1,1,1,1.98784064861842,0.0319806427405839,0.0931158661733433,-65.61278333984,8.02621361382872,26.7389938518473,0.0684503706875382,0.193820838860562,1,0.058131163492557,76.3779411272084,9.90182098008255,631
R0632,INFEASIBLE,0,-1.9409111647137,1.51988552289068,42.3577068803733,12.4335888158241,0.828905921054942,20,32,0,0,0,0,1.46136420043561,0.0322415863734204,0.165514052674549,-56.042726425269,11.9998487822273,48.2111905283225,0.127064354178482,0.140833061705908,3,0.270909178629549,42.3577068803733,12.4335888158241,632
R0633,INFEASIBLE,0,-1.97439917077033,1.12022923507092,35.1951994159381,12.6667173726844,0.844447824845624,20,32,0,0,0,0,1.36192870812776,0.01926492718223,0.138247048809189,-38.8827185919625,5.61978576393687,29.8038613807886,0.143881976190266,0.168057778610935,5,0.134366607848674,35.1951994159381,12.6667173726844,633
R0634,EASY,2,2.10099096663031,1.35970819464237,61.0510855129747,13.6169160359995,0.907794402399969,20,8,1,1,1,1,1.85413831632426,0.0245116454972764,0.201316316579786,-36.9262592399271,12.7199836058755,38.6899801695174,0.0422975938023528,0.00112367826862425,2,0.433163412407215,61.0510855129747,13.6169160359995,634
R0635,EASY,2,2.59899346936569,1.01371682338178,103.003781174827,9.03496360058944,0.602330906705963,20,8,1,1,1,1,1.73584009834777,0.0388863324202776,0.150403893804897,-33.9433412494648,13.8178223362761,32.8288288241618,0.124429003256139,0.0143717114469141,2,0.262429495250303,103.003781174827,9.03496360058944,635
R0636,INFEASIBLE,0,-2.72844083872365,1.99047178052523,21.2408436371387,13.5572795172545,0.903818634483636,20,8,0,0,0,0,2.02577545059409,0.0282706461408452,0.196330769343281,-60.5707212039675,10.8018930385853,46.2010168039165,0.13360936304536,0.22401659482431,4,0.358366986245126,21.2408436371387,13.5572795172545,636
R0637,EASY,2,2.30915431177089,1.10894581542342,119.286614010796,14.6296496652865,0.975309977685765,20,32,1,1,1,1,1.25005256944333,0.0175501500816272,0.137598160519415,-48.7434900846946,10.9527954346681,47.3477345489364,0.144729493552835,0.0307659246303753,2,0.365588991298885,119.286614010796,14.6296496652865,637
R0638,FRAGILE,1,0,1.02217103516833,73.2481122143858,13.9512237058793,0.930081580391954,20,32,1,1,0,0.666666666666667,1.34173772433082,0.039034947680729,0.0840680904765462,-63.2913269402521,5.47927728979136,35.0723595133511,0.0759543291586073,0.183014006158685,5,0.206176690483705,73.2481122143858,13.9512237058793,638
R0639,EASY,2,2.02394745610548,0.853679160699921,27.3383619702087,9.77527622866065,0.65168508191071,20,32,1,1,1,1,1.68476856619363,0.0110730004923055,0.0669456653895413,-66.0270164179063,8.67126923668153,34.7024604914103,0.0320554030284766,0.0464959196319375,1,0.394916619159134,27.3383619702087,9.77527622866065,639
R0640,EASY,2,1.8119131571235,1.00295522330739,88.5652641380291,13.4631001774851,0.897540011832342,20,32,1,1,1,1,2.02874021458951,0.0354921991492566,0.151928697811719,-35.5776340384267,5.7123569748516,37.5951676785047,0.128988462566999,0.181575929571625,5,0.39931415721609,88.5652641380291,13.4631001774851,640
R0641,INFEASIBLE,0,-1.92165600798299,1.26372948610505,26.6881545381272,11.5052926435981,0.767019509573208,45,32,0,0,0,0,0.909453134905534,0.0292973610090472,0.128675448117173,-60.3398035522465,10.2949936433304,48.859867171908,0.0803029007125791,0.0920377109581544,3,0.417200171962186,26.6881545381272,11.5052926435981,641
R0642,INFEASIBLE,0,-2.2817923579829,1.63125695383578,25.8455509986224,11.5478734614215,0.769858230761432,45,32,0,0,0,0,1.73304454189824,0.0287611070675963,0.148782311221533,-51.8955882270284,12.975931598437,28.9988038701792,0.00222199475400038,0.115392520138199,6,0.413896065163576,25.8455509986224,11.5478734614215,642
R0643,EASY,2,1.8266479039562,0.431840182572926,48.9577826146618,12.9410112333186,0.862734082221237,20,32,1,1,1,1,1.29224815274529,0.0230940730740115,0.051405917881108,-49.1242828819574,10.6785580934637,44.2622960704872,0.0521404286273349,0.0226929630941917,3,0.433668004570221,48.9577826146618,12.9410112333186,643
R0644,INFEASIBLE,0,-1.93584893838797,2.06367532324968,72.9331154404218,8.96831431459315,0.597887620972877,20,32,0,0,0,0,1.13006369537248,0.0191059061975861,0.207676864532605,-52.820312876069,9.62141732172802,36.5726803558738,0.0809824269971186,0.174358790556576,4,0.115103278698016,72.9331154404218,8.96831431459315,644
R0645,FRAGILE,1,0,0.353255360784751,56.8685827258195,9.02937908810913,0.601958605873942,20,16,1,1,1,1,2.01079956775772,0.0232675411085489,0.0401203785237496,-48.9792432207915,5.18443686811343,40.0532738049668,0.0235649895814324,0.185725021117373,4,0.330645802333016,56.8685827258195,9.02937908810913,645
R0646,INFEASIBLE,0,-1.52713505248483,0.937666945763623,31.0720411674387,8.34806080234906,0.556537386823271,20,32,0,0,0,0,1.73823309685721,0.0105359297277835,0.110513942676792,-46.2646726965851,11.2190663142203,38.4855128083709,0.0410096118953995,0.117021864019528,5,0.414351242880894,31.0720411674387,8.34806080234906,646
R0647,INFEASIBLE,0,-1.54423720650485,2.61810270241811,36.8341226509019,12.8538188407979,0.856921256053195,20,32,0,0,0,0,1.64360030912008,0.0229289508089158,0.236445615236441,-64.5071111029076,7.15473839319087,43.9304562834144,0.0197246689947682,0.0817731670538556,4,0.157117011291239,36.8341226509019,12.8538188407979,647
R0648,EASY,2,1.73008850495041,1.40117520409688,46.2647618451266,12.9355090524124,0.862367270160828,20,32,1,1,1,1,1.43327763970042,0.0334288000107095,0.146485436227501,-57.397219925474,12.8168087907063,46.6065636540689,0.030496941608805,0.0342229172662584,2,0.384185074384347,46.2647618451266,12.9355090524124,648
R0649,EASY,2,2.53435896026497,1.96433165846678,83.133310689398,11.6742501987951,0.778283346586338,20,16,1,1,1,1,0.99289851648744,0.0234893941028936,0.176480114245779,-60.4439933380363,6.92014888878278,38.1706517541591,0.00591679758439078,0.00975226309517625,2,0.140659398554312,83.133310689398,11.6742501987951,649
R0650,EASY,2,1.77753357679621,1.88480400171385,38.7502296874741,12.6608423554395,0.8440561570293,20,16,1,1,1,1,1.39034162613599,0.0220296380054815,0.212306863368555,-43.9662422460703,6.03616796326061,31.7464912139963,0.0725820820860739,0.0716019680070728,4,0.209075665237965,38.7502296874741,12.6608423554395,650
R0651,EASY,2,2.14000957133475,3.19326620972358,106.36428147791,8.28714687315523,0.552476458210349,20,8,1,1,1,1,1.13766514081811,0.0375075739875818,0.219530186169846,-66.3955671627443,12.5740669498221,26.9685606255388,0.144286718984775,0.101666564158125,6,0.429139288565464,106.36428147791,8.28714687315523,651
R0652,FRAGILE,1,0,0.611007222139747,36.357022313489,11.4863433656472,0.76575622437648,20,16,1,0,1,0.666666666666667,1.82320270291916,0.0258300797497325,0.0404163466516909,-66.9619253048603,6.98830403305108,25.394440086147,0.117929435462849,0.201742985236704,4,0.38931014737649,36.357022313489,11.4863433656472,652
R0653,EASY,2,2.31315926984102,0.798899646913323,86.8122127514781,8.04437954223886,0.536291969482591,20,32,1,1,1,1,1.29384999907053,0.0309762014295571,0.0722317062713409,-60.6622822706326,5.93316509881713,38.9376859215278,0.00271560155952666,0.149528515596044,4,0.0749356247925575,86.8122127514781,8.04437954223886,653
R0654,INFEASIBLE,0,-2.3974667372663,0.57416820540455,20.8476444690662,11.824057329863,0.788270488657534,20,32,0,0,0,0,1.2163901230959,0.0261279002662417,0.0672868337747448,-51.418908505349,10.3930237238583,46.9990381424092,0.0400467703970069,0.226854847121567,1,0.330108167256272,20.8476444690662,11.824057329863,654
R0655,INFEASIBLE,0,-2.292854510587,0.862304030674019,41.2149610250204,11.7431374988392,0.782875833255946,20,32,0,0,0,0,0.995508795883444,0.033981330133079,0.0898154665383154,-58.433837747807,6.28448948288684,47.948122447943,0.0125831179502211,0.184811899152196,4,0.335309469634793,41.2149610250204,11.7431374988392,655
R0656,FRAGILE,1,0,1.10594204705028,88.8841660166152,8.86128240438044,0.590752160292029,20,32,1,1,1,1,1.74120632914162,0.0125396362724865,0.108536184473156,-56.182777963627,11.6587767452418,39.3506704151505,0.121371837355976,0.0877699915240129,5,0.331435219257084,88.8841660166152,8.86128240438044,656
R0657,INFEASIBLE,0,-2.08866799964227,1.26013716705968,71.8861001746706,10.04566251844,0.669710834562669,20,32,0,0,0,0,1.19747279268334,0.0262919357974138,0.138725787188134,-49.4538366216659,10.5810527583109,38.3654317743916,0.00920863061266736,0.191867006034326,3,0.208750247753874,71.8861001746706,10.04566251844,657
R0658,INFEASIBLE,0,-1.93022309932827,0.97263503392771,78.372331907667,14.9179328297472,0.994528855316479,20,32,0,0,0,0,1.454478082915,0.0352492277330662,0.121966721776173,-39.167748991102,10.5231513696308,31.2249295863001,0.140622082724223,0.151663554273625,1,0.0596807150045886,78.372331907667,14.9179328297472,658
R0659,EASY,2,1.81700274920922,0.993205429143548,25.6795782177094,11.4992803963183,0.766618693087885,20,32,1,1,1,1,1.52431534533005,0.0355183563517604,0.0761139095789618,-68.2480564243459,5.43031038914876,35.4072195009129,0.0399470316149478,0.0757729324616288,5,0.123288016143319,25.6795782177094,11.4992803963183,659
R0660,EASY,2,1.63990233928649,1.50684144539158,52.974781421007,12.9951611664748,0.866344077764984,20,32,1,1,1,1,1.80920204595247,0.0153295819140469,0.143799082234794,-62.3427709383461,10.6074829786209,45.8153147617412,0.0929510775189216,0.021038803089827,5,0.339863601821976,52.974781421007,12.9951611664748,660
R0661,INFEASIBLE,0,-1.67543045234015,1.27884984422914,99.1507808498516,11.6879579275826,0.779197195172173,20,32,0,1,0,0.333333333333333,1.55107137540092,0.0305034626667411,0.230308895039532,-33.7406407965991,5.28438740483871,47.7914627795231,0.00335742905607356,0.161914328655498,4,0.0923974771030991,99.1507808498516,11.6879579275826,661
R0662,EASY,2,2.0534157660142,0.870887091588691,98.4415857544644,13.3766971066067,0.891779807107111,20,16,1,1,1,1,1.37128208396354,0.0171331159628137,0.114720386524154,-43.0924014587381,7.05443925034274,41.7080847891594,0.121949281129737,0.0308546802499501,6,0.16150997773797,98.4415857544644,13.3766971066067,662
R0663,FRAGILE,1,0,2.56286856967311,49.5653279130629,10.7244858439175,0.71496572292783,20,32,1,0,1,0.666666666666667,1.41460992008424,0.0113495599674074,0.201741266968335,-65.8408261879933,7.70555287702247,34.7687212870378,0.0325369206179765,0.0461321202907712,5,0.29985947867338,49.5653279130629,10.7244858439175,663
R0664,EASY,2,2.09354447696937,1.18431364424346,41.2609001528502,12.8008976477423,0.853393176516156,20,16,1,1,1,1,1.23972656471288,0.039643399283867,0.0991630963868104,-67.6024190757294,10.5949990720263,41.4717654844796,0.148998649936181,0.0146762110974358,3,0.243667263914518,41.2609001528502,12.8008976477423,664
R0665,INFEASIBLE,0,-2.23015563232456,0.720069853878153,38.1762873518556,11.5302571833097,0.768683812220645,20,32,0,0,0,0,1.04582019633645,0.0237447233603784,0.127101547385846,-32.1023890343407,6.927624762743,41.5612385272779,0.0293291033912052,0.23359523890772,5,0.29708467333246,38.1762873518556,11.5302571833097,665
R0666,INFEASIBLE,0,-1.76385423965833,1.02364890216875,64.7638767760856,14.0848488030717,0.938989920204781,20,32,0,0,0,0,1.87166010575335,0.0307634108802964,0.20796393183675,-30.5654303988731,12.3019557824517,49.9110122280212,0.0749003739848948,0.113354897145816,1,0.193705753148457,64.7638767760856,14.0848488030717,666
R0667,INFEASIBLE,0,-1.87479190247798,1.98023239236931,88.9776876840068,13.1335422254912,0.87556948169941,20,32,0,0,0,0,1.32815050096658,0.0152789786736076,0.185941133172361,-54.0719006887844,13.5936613181634,33.3674681499143,0.0955217356639456,0.157918427136199,6,0.244227724226713,88.9776876840068,13.1335422254912,667
R0668,INFEASIBLE,0,-2.52194416520407,2.74053800577652,50.0223353711598,14.1242980419546,0.94161986946364,20,8,0,0,0,0,1.46607987342495,0.0177526147671584,0.219349831294361,-67.5232955307951,11.3544554683662,37.8069435203699,0.019050441413857,0.235179008927862,3,0.375149035817121,50.0223353711598,14.1242980419546,668
R0669,EASY,2,1.98409945139647,0.669665850886867,90.2765513345634,13.0632180103604,0.870881200690694,20,32,1,1,1,1,1.01903253684196,0.0243680086398248,0.0926020488647195,-39.4469437170349,8.68254516701204,38.5134978399282,0.0729233581312491,0.0386013705140745,5,0.438268334320649,90.2765513345634,13.0632180103604,669
R0670,INFEASIBLE,0,-1.89302364499078,0.605090664258406,25.9412230884665,9.30819908458056,0.620546605638704,20,32,0,0,0,0,0.902569872355008,0.0297295973727461,0.0479830435497592,-62.0606119943972,12.6927284354156,31.3493213399834,0.0481204171008111,0.147467259499967,3,0.195239654540068,25.9412230884665,9.30819908458056,670
R0671,EASY,2,1.62639407367728,1.59802610878246,47.1275757753569,11.5977908345437,0.773186055636249,20,32,1,1,1,1,1.00964866176588,0.0341248185639617,0.120806525308979,-66.3290426096786,9.86470797593406,32.5448189350079,0.0505833955044818,0.0409719684792866,3,0.12977112798289,47.1275757753569,11.5977908345437,671
R0672,INFEASIBLE,0,-1.73388067461525,0.583118405045,40.6908061835191,8.6672339707667,0.577815598051113,20,32,0,1,0,0.333333333333333,1.06851020385269,0.0303783454610275,0.0743034878842436,-34.4973057480832,9.58256181394037,25.0113201358103,0.10086057285297,0.151010289519427,4,0.115216315948029,40.6908061835191,8.6672339707667,672
R0673,INFEASIBLE,0,-2.10528625273019,1.57239551110165,52.1295771227515,12.0386390781287,0.802575938541915,20,32,0,0,0,0,1.12692361176364,0.0242813684512461,0.181159646469216,-52.9208613790435,8.27678623681713,48.1187685468011,0.0424239937406643,0.232059359186276,2,0.251420040892482,52.1295771227515,12.0386390781287,673
R0674,FRAGILE,1,0,0.533559163357676,25.3843434515379,12.5864165636628,0.83909443757752,20,32,1,0,0,0.333333333333333,1.57890510854916,0.0155938406427229,0.0501708890386944,-53.8166194626658,9.81567796602093,33.1461134487409,0.0498113462842862,0.0652989794910013,3,0.314711370926654,25.3843434515379,12.5864165636628,674
R0675,EASY,2,2.15135930598354,1.29491162644843,109.315913504455,13.2284449190028,0.881896327933518,20,8,1,1,1,1,2.04361928259304,0.0253756244564413,0.0876014570339925,-68.1319551142702,6.5022815450951,27.4982755260824,0.0721822350683736,0.0649691451462114,4,0.37378722704197,109.315913504455,13.2284449190028,675
R0676,INFEASIBLE,0,-2.23487611391621,1.04832989201157,67.4420328726858,12.5390685836287,0.835937905575248,20,32,0,0,0,0,0.982049864862183,0.0219842877883356,0.173558285827582,-35.7004714420818,13.7473729604325,45.2172373803204,0.117410386712809,0.119618008375878,1,0.410001087097868,67.4420328726858,12.5390685836287,676
R0677,INFEASIBLE,0,-2.49832753367551,0.90488798913429,54.8211625394597,12.144689660989,0.809645977399267,20,32,0,0,0,0,1.00744954283156,0.0106489625194345,0.0600529559369875,-67.835344725981,10.0428953195856,26.2332779452564,0.0174769064800262,0.190035925855782,2,0.102263384522669,54.8211625394597,12.144689660989,677
R0678,INFEASIBLE,0,-1.94726464665439,0.646384249032466,30.4948412536528,14.6034395204474,0.973562634696492,20,32,0,0,0,0,1.53789080096848,0.029368266957195,0.117203439006869,-32.8636700396519,5.37552262380524,45.9613376637323,0.146145431436623,0.164541906132032,3,0.239907878937584,30.4948412536528,14.6034395204474,678
R0679,INFEASIBLE,0,-2.03809724768094,0.795697159275868,39.2790151128739,13.0410685523049,0.869404570153659,20,32,0,0,0,0,1.68534854081715,0.0309947975076254,0.0900087943965093,-50.8637549636797,9.10302230585849,42.8501619820835,0.00624500930144668,0.2052379138131,5,0.445671227029084,39.2790151128739,13.0410685523049,679
R0680,INFEASIBLE,0,-1.82566982058764,2.72483027355454,23.6922097673973,12.0141563354839,0.800943755698927,20,32,0,0,0,0,1.48997066342214,0.0364072403147148,0.20160805390872,-63.5044325891397,5.30180712227258,28.5763186782382,0.111156523587505,0.0887888669260779,4,0.321478514161769,23.6922097673973,12.0141563354839,680
R0681,INFEASIBLE,0,-1.58914751731556,1.30771001482397,64.129630510269,8.91205499210075,0.594136999473383,20,32,0,0,0,0,1.83616512491772,0.0164039903543211,0.136873226662584,-51.3082877673902,6.73502288315608,37.3293572655262,0.0802384071627102,0.248562163225142,6,0.371042606082046,64.129630510269,8.91205499210075,681
R0682,EASY,2,1.89803104811022,0.786056861331983,70.6707211860901,8.35243993996626,0.556829329331084,20,32,1,1,1,1,1.70729830676136,0.0357927467752809,0.0859878204626224,-41.8810634428894,9.94711754168942,27.1683156730326,0.128420476419153,0.191671867422774,3,0.283054012323154,70.6707211860901,8.35243993996626,682
R0683,EASY,2,1.81109077113004,0.480842662528672,89.4221495704839,12.026420736867,0.801761382457801,20,32,1,1,1,1,0.969672911099486,0.018384987675986,0.0730613505006274,-34.8834264569339,12.206157403578,36.3637812470044,0.0675362482151362,0.0520320349407535,3,0.413870972207278,89.4221495704839,12.026420736867,683
R0684,EASY,2,2.65259046308471,0.748258463146161,98.1512912641981,14.342869081508,0.956191272100534,20,16,1,1,1,1,2.09836652569975,0.036451280478565,0.0629575909276691,-57.7997883518814,10.0018728025604,30.6130626961044,0.037552061542423,0.060242021397616,2,0.0983748719453741,98.1512912641981,14.342869081508,684
R0685,INFEASIBLE,0,-2.09777906971261,0.980067095828408,95.8670973010381,10.4343534297033,0.695623561980219,20,32,0,0,0,0,1.57579303894467,0.0380468825008329,0.134457115576073,-44.1102228337038,12.0378503314298,47.4019080904987,0.132125223371257,0.109957241777599,1,0.0792858123472236,95.8670973010381,10.4343534297033,685
R0686,FRAGILE,1,0,1.40755646899664,70.0360950139794,8.07444685800911,0.538296457200608,20,8,1,1,0,0.666666666666667,1.96331989465096,0.0371581445197088,0.213829727770997,-35.9376732905579,7.57683233260036,38.5803160776769,0.0523005252921767,0.0994268999248389,5,0.251271816094983,70.0360950139794,8.07444685800911,686
R0687,INFEASIBLE,0,-1.81441526100158,0.561374339004835,30.3917228425602,8.20430646728779,0.546953764485853,20,32,0,0,0,0,1.33143030713293,0.0182421925396596,0.0806944725029838,-38.5411119689812,5.24499841785038,39.7275971817839,0.0614404808002048,0.127614268398269,3,0.152909037296098,30.3917228425602,8.20430646728779,687
R0688,INFEASIBLE,0,-1.72658549826967,0.805623004866265,32.9800791125756,8.16376963492017,0.544251308994678,20,32,0,0,0,0,1.75261037974993,0.0306436111101923,0.0897264261899527,-45.6652264966738,12.7858824601828,33.4818626972115,0.0772575041759575,0.141374085955574,5,0.126626065770098,32.9800791125756,8.16376963492017,688
R0689,INFEASIBLE,0,-1.77810842333666,1.14337115708155,49.9045463585306,8.46629372457705,0.56441958163847,20,32,0,0,0,0,1.68167897999664,0.0214542713111999,0.15745441948851,-38.6055441762087,11.1373576421833,36.5844019149435,0.0617683503747745,0.213228589733796,4,0.424078181703072,49.9045463585306,8.46629372457705,689
R0690,EASY,2,1.85175753687999,2.01461826797041,72.0902881121735,10.6898360874838,0.712655739165587,20,32,1,1,1,1,1.42593856170228,0.0351963326181128,0.215827846023822,-44.6016822984065,11.4404525606785,29.5524338818357,0.00068603875567196,0.10050346242612,5,0.361752638943805,72.0902881121735,10.6898360874838,690
R0691,INFEASIBLE,0,-1.93993848296935,0.917809364880185,82.1102787722407,8.00914479804247,0.533942986536164,20,32,0,0,0,0,1.59212999276931,0.0377844036523403,0.106507355236353,-49.7108628177699,13.1382090309812,43.074296282846,0.0753473788899221,0.179688548008176,5,0.313241566292965,82.1102787722407,8.00914479804247,691
R0692,INFEASIBLE,0,-2.34038732995442,1.37360054007725,29.2942926138824,12.1556699770216,0.810377998468106,20,32,0,0,0,0,1.26640497691516,0.0315083052757725,0.234911678220289,-31.991077953984,13.9603137816511,38.7442639223077,0.0470804261094711,0.177408861675626,4,0.439828732910583,29.2942926138824,12.1556699770216,692
R0693,FRAGILE,1,0,1.05970772677073,48.5306567106134,11.6656529212661,0.777710194751071,20,32,1,1,1,1,1.80364400297346,0.0221129766754615,0.0919647648633082,-58.1337147953619,10.3174810023995,32.9449032113892,0.134410949530812,0.117503295020455,4,0.301470647127334,48.5306567106134,11.6656529212661,693
R0694,INFEASIBLE,0,-1.68257431578059,1.30992268513874,40.3046647463569,11.2872105895184,0.752480705967896,20,32,0,0,0,0,1.42095247752625,0.0127713560844045,0.122126411005251,-50.7058106920711,11.991923791692,28.9270855999777,0.0719859510497379,0.0895568193947753,5,0.216201399852688,40.3046647463569,11.2872105895184,694
R0695,INFEASIBLE,0,-1.90802181699865,0.499104616901103,36.4469303626247,10.4791424622541,0.698609497483608,20,32,0,0,0,0,1.31836276843022,0.0194743375386314,0.0694049375794888,-38.9927837764027,8.39280257113026,38.0563735596772,0.0898385004914045,0.223757701521047,6,0.0756870668342405,36.4469303626247,10.4791424622541,695
R0696,INFEASIBLE,0,-2.11835893091248,2.21727085519717,21.4762763960531,8.68802758952542,0.579201839301695,20,16,0,0,0,0,1.13138128258468,0.012737380256722,0.175025093160148,-59.3064219594975,5.75287084761222,28.3679492654937,0.112548213028832,0.0852994911903867,2,0.325844023095311,21.4762763960531,8.68802758952542,696
R0697,FRAGILE,1,0,1.48605456005439,106.167438083017,11.9206895014927,0.79471263343285,45,32,1,0,0,0.333333333333333,2.08676846969951,0.0269708901096761,0.195024595154149,-38.8154050247334,8.97281932588851,33.5875914714358,0.0411427649231936,0.146903051142553,2,0.310542859399023,106.167438083017,11.9206895014927,697
R0698,EASY,2,1.73555607411589,1.6739784790291,49.0281706438261,13.8998736120088,0.926658240800589,20,32,1,1,1,1,1.51826394292745,0.0323124620046591,0.1533391506651,-53.8871753194891,6.13110903823735,31.5383204485947,0.109210096005799,0.0582317305247162,5,0.17993820612308,49.0281706438261,13.8998736120088,698
R0699,INFEASIBLE,0,-1.41941041629266,1.53378039640349,50.6576843488711,11.77943606833,0.785295737888667,20,32,0,0,0,0,1.75512174471014,0.0132735657935703,0.143781857526667,-53.6616324410275,11.1162366437936,32.7544968249003,0.0348596608723237,0.102885467837784,2,0.144513751528109,50.6576843488711,11.77943606833,699
R0700,INFEASIBLE,0,-2.2872555605064,1.41039404115419,79.2211428520661,10.605176585218,0.707011772347867,20,32,0,0,0,0,1.69146717835503,0.0109945467232622,0.184850390463559,-38.5715861973167,6.19196569894577,33.079289328612,0.0322515693283495,0.23144399086974,2,0.373938393456148,79.2211428520661,10.605176585218,700
R0701,INFEASIBLE,0,-2.44978394229284,2.76557562749857,73.76667430081,10.9271884703579,0.728479231357194,45,8,0,0,0,0,2.0873331385985,0.0245866321535392,0.22378871266272,-57.1695126761971,10.0081100269941,27.7010107097671,0.087756367012513,0.221564891923368,2,0.0951366255907568,73.76667430081,10.9271884703579,701
R0702,INFEASIBLE,0,-2.12556162474148,3.31345144336248,113.903072740203,12.5616166405284,0.837441109368558,20,32,0,1,0,0.333333333333333,1.64180157688016,0.0339387084658588,0.227465418556251,-69.2351037607135,9.3462654846419,29.2404189975719,0.0443441184320904,0.118371201347755,1,0.166689744942734,113.903072740203,12.5616166405284,702
R0703,INFEASIBLE,0,-2.22490738582772,1.62811381739898,51.9222076267199,11.6803002791919,0.778686685279461,20,32,0,0,0,0,1.54567000497282,0.035744018751718,0.136749399913527,-69.4342237298637,13.6175302727186,44.0240365507324,0.137061414511328,0.199198359797264,3,0.357009583877123,51.9222076267199,11.6803002791919,703
R0704,EASY,2,2.26193709008486,2.22421155466918,111.882229915913,12.2532887567376,0.81688591711584,20,32,1,1,1,1,1.74637747942225,0.038753451346783,0.216984452077276,-47.6007328393212,11.0704727146756,27.9121751388149,0.0720354155531714,0.0245506941090086,2,0.177490296884655,111.882229915913,12.2532887567376,704
R0705,EASY,2,2.15126865414985,0.825569047835803,55.7516069782858,13.7535019072862,0.916900127152413,20,32,1,1,1,1,1.11399851880455,0.0333605007215481,0.0935749718082206,-50.4534451534506,5.21224479892094,42.3307162154306,0.144389445454929,0.0502831974870186,3,0.13701392312051,55.7516069782858,13.7535019072862,705
R0706,EASY,2,1.40471552810355,1.13016405333698,95.6939038309232,10.1974159131445,0.679827727542963,20,32,1,1,1,1,1.47324063205864,0.0191926962952012,0.0752058798136324,-69.5998776905553,8.33529893896822,27.7650796094213,0.061945308181202,0.0953272274884805,2,0.240224095602827,95.6939038309232,10.1974159131445,706
R0707,INFEASIBLE,0,-2.14850256928247,2.43464336066108,111.187860864504,9.42033698032621,0.628022465355081,20,32,0,0,0,0,1.25349315599598,0.0235233816217992,0.2234665265425,-61.9692758302329,12.6150663771514,41.8763143625724,0.0895327117042947,0.168957010081929,2,0.258822431776189,111.187860864504,9.42033698032621,707
R0708,INFEASIBLE,0,-2.15606858545894,2.14114904879333,94.2899041754022,12.1165818494714,0.807772123298093,20,16,0,0,0,0,1.84697189498126,0.0182506918552609,0.174739203398166,-54.3491654191883,11.3103621716927,25.464433473068,0.127759902683084,0.214255870357826,2,0.105818132670593,94.2899041754022,12.1165818494714,708
R0709,INFEASIBLE,0,-2.113890612898,1.40302300433875,97.6265039210362,13.4407162307301,0.896047748715337,20,32,0,0,0,0,2.08095106238673,0.0229625453359658,0.234668366495803,-34.6559162048603,13.7804027912141,43.490624460638,0.0828506245685658,0.244298349548404,2,0.412291930964235,97.6265039210362,13.4407162307301,709
R0710,EASY,2,2.3602354803064,1.75052833357864,112.179334779049,8.24895484607259,0.549930323071506,20,32,1,1,1,1,1.30241105700392,0.026540682813314,0.217522157626772,-42.1956068882154,12.881090922479,35.5848015401724,0.141791308478214,0.0196315542641236,1,0.284981829857103,112.179334779049,8.24895484607259,710
R0711,EASY,2,1.73787829785017,2.10527404604988,69.8756067063086,11.2208698531374,0.748057990209158,20,32,1,1,1,1,1.30316354953329,0.0290261491367244,0.21958610907753,-43.4823888780434,8.891154971696,26.6244473858351,0.123485903966458,0.0438932068041472,4,0.352219290406405,69.8756067063086,11.2208698531374,711
R0712,INFEASIBLE,0,-2.08370235559613,1.03902890710016,114.887201308988,13.8934871548062,0.926232476987083,20,32,0,0,0,0,1.08082136909536,0.0116897068725224,0.0915271883911705,-52.1774816201608,11.4827026560942,27.3446624698316,0.0419037383693223,0.148963500811539,6,0.449942237601203,114.887201308988,13.8934871548062,712
R0713,EASY,2,2.15019882351333,1.45771084036037,47.2500098950648,8.88109468954583,0.592072979303055,20,8,1,1,1,1,1.00361603118468,0.0281335130182715,0.228776877485329,-31.3874360079612,12.342311468556,31.4090301919051,0.0372379191481368,0.022366931871208,4,0.179129237236427,47.2500098950648,8.88109468954583,713
R0714,INFEASIBLE,0,-1.82509474007254,1.19050288736112,95.6105128090661,8.31225163163002,0.554150108775335,20,32,0,0,0,0,1.24341884022711,0.0191349634952124,0.119121906341873,-52.0692379908422,9.65347210548957,35.1355021608244,0.134718387394727,0.168695252546959,2,0.0932927845075591,95.6105128090661,8.31225163163002,714
R0715,EASY,2,1.95097919799479,0.838977627117971,50.2796201670578,8.24613555149956,0.54974237009997,20,16,1,1,1,1,1.06748625199577,0.0135580275329583,0.0955314054213823,-41.5546999657589,7.79158533214151,28.9796565045116,0.00342917859880322,0.0383974634642436,2,0.180539221053315,50.2796201670578,8.24613555149956,715
R0716,INFEASIBLE,0,-2.38618261122199,1.38817812636193,118.587607431352,13.1571392395532,0.877142615970215,20,32,0,0,0,0,2.00840512437861,0.0346849612390987,0.209939949091108,-33.7103287657089,8.96439089676943,33.6424111820655,0.137411521071893,0.209107675252519,4,0.125376645913388,118.587607431352,13.1571392395532,716
R0717,EASY,2,1.7674213859602,1.22884221199725,75.7067702244982,8.51757258328132,0.567838172218755,20,16,1,1,1,1,1.71250622787718,0.0362234296409164,0.156556542857188,-45.1352518643052,9.49494131823072,42.7999537561362,0.0125418752920771,0.0682623992518412,3,0.227838825851152,75.7067702244982,8.51757258328132,717
R0718,EASY,2,1.86241691175033,0.606468810846103,53.8099391337773,12.3077094754437,0.820513965029578,20,32,1,1,1,1,2.0230330311934,0.0330378950476447,0.0461979031553471,-59.1063422561941,6.83550637360742,26.2395940347712,0.146424898253144,0.197996510170093,6,0.277610598330397,53.8099391337773,12.3077094754437,718
R0719,EASY,2,2.57331664962204,0.585211316206126,65.1619872117932,9.93711490942443,0.662474327294962,20,16,1,1,1,1,1.37875808678683,0.0349977187375988,0.0664978644265298,-54.3697872279095,8.41496521975661,49.4045092174727,0.0894105070362982,0.0234922266875246,6,0.222196374446445,65.1619872117932,9.93711490942443,719
R0720,EASY,2,2.1748229313225,1.39098381840877,68.739341641415,10.4393199982153,0.695954666547689,20,32,1,1,1,1,1.01756902245261,0.0330689567878289,0.191386432976582,-43.0543846948759,8.93984351852194,45.4228386885203,0.0752215229126149,0.0120812986268832,2,0.262923464014982,68.739341641415,10.4393199982153,720
R0721,EASY,2,2.14459871716076,0.953917130304115,116.04301035337,13.046275512745,0.869751700849663,20,32,1,1,1,1,1.50429080630402,0.0290325447733303,0.185578791746062,-31.6939635285782,7.73597990466236,49.2096022420902,0.0199539219985926,0.120369493246091,4,0.432212029393632,116.04301035337,13.046275512745,721
R0722,INFEASIBLE,0,-2.51505828284369,1.59872341882446,34.0655804032446,14.1938296955445,0.946255313036302,20,8,0,0,0,0,0.984382440742075,0.018341882933901,0.183240811396203,-51.6279219041188,7.88546233983457,45.3240160659399,0.0390058326678858,0.229760463731612,6,0.137205451998847,34.0655804032446,14.1938296955445,722
R0723,EASY,2,1.9162384087832,0.733893868079281,48.9150174341125,13.3636024951422,0.890906833009481,20,32,1,1,1,1,2.03845184396576,0.0171825930724583,0.10280346775992,-33.8606683841345,12.1586786305462,29.1206738972407,0.0429870418022367,0.0365189316846216,2,0.218239694717574,48.9150174341125,13.3636024951422,723
R0724,INFEASIBLE,0,-1.8241124478282,2.00324952843505,110.988586165094,11.9627398319411,0.797515988796074,20,32,0,0,0,0,1.01961402808426,0.0283256294436936,0.146771136364715,-67.3795807626845,9.19482735608952,31.544901897835,0.0960161717783463,0.238923118082914,5,0.231408685971737,110.988586165094,11.9627398319411,724
R0725,INFEASIBLE,0,-1.52647851796293,1.21918736606026,29.900508935794,8.87804716889973,0.591869811259982,20,32,0,0,0,0,1.22085187690646,0.0351884098612366,0.125312883900964,-50.2856964823927,11.6814132800272,34.5780771411943,0.142803072705156,0.120901269046677,3,0.267953349302381,29.900508935794,8.87804716889973,725
R0726,INFEASIBLE,0,-2.09050394698493,2.19864645884997,33.4508811057674,8.23024616346681,0.548683077564454,20,32,0,0,0,0,2.0246940210931,0.025264797003835,0.206361802020744,-64.9169294032435,5.5412847773769,48.053510232356,0.0954247919048659,0.103908462981068,3,0.0621512876629517,33.4508811057674,8.23024616346681,726
R0727,EASY,2,2.10819723685714,0.841030010795339,104.861532707902,9.85997385584457,0.657331590389638,20,16,1,1,1,1,1.58021609889765,0.0270141980438625,0.116861927000257,-40.387424968556,8.76461120323497,40.7639993356929,0.105096852655986,0.00514513649006764,2,0.187010484474358,104.861532707902,9.85997385584457,727
R0728,INFEASIBLE,0,-1.63914539605856,1.20141677110186,104.985998078418,10.3462454420118,0.689749696134118,20,32,0,0,0,0,1.58897905034258,0.0120275479858815,0.0946209537559498,-57.4356792023797,10.5659402614903,26.4857418460867,0.0494721677414994,0.10037317348196,6,0.104427130380881,104.985998078418,10.3462454420118,728
R0729,EASY,2,2.4036410941043,1.72157370476742,95.2882986136889,8.51164892763962,0.567443261842641,20,8,1,1,1,1,1.68320289471872,0.0279859797701624,0.13260144153342,-59.7110248803629,10.8216818814582,27.378878691016,0.145574135303909,0.0490394456260557,4,0.44050062520584,95.2882986136889,8.51164892763962,729
R0730,EASY,2,1.99092168374012,1.89445600533236,22.7520090230005,8.45717967091945,0.563811978061297,20,32,1,1,1,1,1.26737665284018,0.0278865361999021,0.176223777635741,-59.3957312531473,11.4785879683822,39.5122525830774,0.0964085647690015,0.0391011747829301,3,0.365771395258964,22.7520090230005,8.45717967091945,730
R0731,INFEASIBLE,0,-2.11291250582729,1.90303363342142,116.244036785121,13.9319865629388,0.928799104195919,20,32,0,0,0,0,1.53391021314344,0.0335325413651334,0.154052302102663,-66.5188356654849,5.81048996526437,37.5313418710869,0.0171728638416315,0.197847866736219,5,0.228870143191923,116.244036785121,13.9319865629388,731
R0732,INFEASIBLE,0,-2.19733274906664,0.983657797493311,83.5388792643269,13.8744680657072,0.924964537713811,20,32,0,0,0,0,1.43134619656736,0.0127535657619896,0.143578928644454,-32.6709788829512,11.036219647693,29.4360132539872,0.130652864736293,0.22337147331757,5,0.362212552911063,83.5388792643269,13.8744680657072,732
R0733,EASY,2,1.9831926287594,1.13102126335297,91.33705807016,11.4349826087501,0.762332173916676,20,16,1,1,1,1,1.88633852628292,0.0230053529028406,0.110351199403935,-47.0433656613153,6.01910218474094,27.2690936685777,0.0657356453852418,0.11641496762939,3,0.0746095077399665,91.33705807016,11.4349826087501,733
R0734,INFEASIBLE,0,-1.70388583416503,1.91732872910813,48.0723865288214,8.89919556527054,0.593279704351369,20,32,0,1,0,0.333333333333333,1.1866159048438,0.0228766022516435,0.233503629359052,-49.0836867685999,11.1303905276927,46.2519257657089,0.0371884224405721,0.0639505641697432,5,0.22399746571995,48.0723865288214,8.89919556527054,734
R0735,EASY,2,1.7845074020525,2.20445191038798,87.6733747875929,10.9968913360344,0.73312608906896,20,8,1,1,1,1,1.87872644194505,0.0260366183078199,0.194910894203481,-68.1283439556566,8.1019493347055,46.9664777169645,0.0791245556691905,0.0413253159286514,3,0.444674148915612,87.6733747875929,10.9968913360344,735
R0736,INFEASIBLE,0,-1.96280150863207,1.49819181049404,84.3674857335996,10.0393383656235,0.669289224374901,20,32,0,0,0,0,1.30767441216517,0.012972351065586,0.222732527292801,-41.5335984687828,7.45849471648313,49.3506559330996,0.0594192208766169,0.162878625080492,5,0.378905747075698,84.3674857335996,10.0393383656235,736
R0737,INFEASIBLE,0,-1.94359570741885,1.26585437504398,52.5418288798212,12.8054835563287,0.853698903755247,20,32,0,0,0,0,1.57329927252005,0.0382071994732818,0.123529178845133,-60.1546477248074,10.489652434234,44.6037474160055,0.0722997055809424,0.126587569221204,1,0.31510779863541,52.5418288798212,12.8054835563287,737
R0738,EASY,2,2.2239443585411,0.864103035139076,88.751343160117,12.2852835937261,0.819018906248408,20,32,1,1,1,1,1.50101771090462,0.0383321842203262,0.142118817134415,-31.7348239287461,5.03906019154615,35.2618952074074,0.142579597377723,0.24590599693604,3,0.340330014256557,88.751343160117,12.2852835937261,738
R0739,EASY,2,1.70391015831637,0.56369356766718,77.7929600033173,11.8995634240504,0.793304228270025,20,32,1,1,1,1,1.96840434413168,0.023978159366438,0.0438493630954968,-63.7523510574122,11.1561907142744,31.8342182120717,0.068143744775666,0.0447778535152748,2,0.210582161052296,77.7929600033173,11.8995634240504,739
R0740,INFEASIBLE,0,-1.68944411037497,0.588791569491077,22.8481187218838,14.1828604599289,0.945524030661924,20,32,0,0,0,0,1.09901221485582,0.0345443983514562,0.0977453695331367,-32.2910511736421,12.4001756919629,37.1958889544853,0.0973860356790476,0.198120615481488,1,0.118340643062744,22.8481187218838,14.1828604599289,740
R0741,INFEASIBLE,0,-2.33617883395923,2.89704286372271,97.4529891616378,8.5652093504468,0.571013956696453,20,32,0,0,0,0,2.02504273399893,0.0295344870237186,0.217432547195243,-66.8182591623769,11.9818779862302,32.552993813717,0.0310384582041639,0.246051973912836,3,0.174119794962998,97.4529891616378,8.5652093504468,741
R0742,INFEASIBLE,0,-1.88670750940205,1.7673301491151,50.526351040528,13.8543519869673,0.923623465797817,80,32,0,0,0,0,1.84473587918808,0.0170609231775606,0.182142442831774,-54.4268932699667,10.0587841533396,40.7263405761013,0.130458502540467,0.17319430865309,5,0.172489159815497,50.526351040528,13.8543519869673,742
R0743,INFEASIBLE,0,-2.00517096089985,2.55053165160827,20.106903147903,12.296832237907,0.819788815860463,20,8,0,0,0,0,1.83060914427204,0.010099122173953,0.203858899567211,-68.7036295796651,7.21722416995675,39.0318050385813,0.011177259750788,0.118907080723452,4,0.360239276833832,20.106903147903,12.296832237907,743
R0744,EASY,2,2.33666160523689,1.18957060859569,93.3230360608354,9.66579264107853,0.644386176071902,20,16,1,1,1,1,1.13365925891464,0.0339719874967967,0.12511452970647,-42.9638367719218,7.89864996101931,26.4303258830138,0.103281334829678,0.0354767424204208,2,0.256376902667585,93.3230360608354,9.66579264107853,744
R0745,EASY,2,1.8241124478282,1.92277486030481,110.490723038951,8.75549942569458,0.583699961712972,20,32,1,1,1,1,1.20078006627891,0.0318562083856476,0.125551938221611,-68.2212899367452,9.01633575008076,25.6856868473325,0.0951948888491488,0.132068313438189,5,0.130752363725551,110.490723038951,8.75549942569458,745
R0746,INFEASIBLE,0,-1.92961897626489,1.92444024356502,37.7370146488999,8.65127126329659,0.576751417553106,20,16,0,0,0,0,1.54665529977789,0.0395377140656396,0.199063581333757,-45.3843807160878,13.3953232204601,28.5265302393651,0.0137678511150022,0.211359121295915,5,0.292205266721296,37.7370146488999,8.65127126329659,746
R0747,FRAGILE,1,0,0.658870426164598,79.4283995440126,12.8153375893796,0.854355839291973,20,32,1,1,1,1,1.66456708289897,0.027541261687738,0.084166570486355,-46.0121414546534,5.50643173821083,44.7183204473961,0.0255332219424554,0.193512349559926,3,0.354181905564468,79.4283995440126,12.8153375893796,747
R0748,INFEASIBLE,0,-1.39724523481288,0.577446396275375,46.9806312811808,12.2134782223847,0.814231881492313,20,32,0,0,0,0,1.44352894802446,0.0286010570886107,0.0702839376447849,-50.9512530920734,12.5376609550414,49.7805757109633,0.0476026545633172,0.177196751641906,3,0.321965155312165,46.9806312811808,12.2134782223847,748
R0749,INFEASIBLE,0,-2.121593062405,0.787167336959532,70.1592552082832,14.5654509701639,0.971030064677591,20,32,0,0,0,0,2.00736478480951,0.0244638545386118,0.0965687948419034,-36.3704290128024,11.3015404616309,25.769007854372,0.0689392045274214,0.217917450858683,1,0.168766009495975,70.1592552082832,14.5654509701639,749
R0750,EASY,2,1.64400316054895,1.7852176632316,73.1664445239218,8.7441175670252,0.582941171135014,20,32,1,1,1,1,1.84046975949378,0.0314640531896294,0.216290838559313,-40.672551680733,9.5313201215275,31.4309924904903,0.0239403079900606,0.103417861506032,4,0.188492057646235,73.1664445239218,8.7441175670252,750
R0751,INFEASIBLE,0,-2.19277391294039,0.750725671999927,99.7234362049159,14.5088821851944,0.967258812346294,20,32,0,0,0,0,1.27420709780522,0.011482847822003,0.121235999993675,-30.2109894342541,8.95626713147839,30.810015612385,0.0636016928713311,0.177018932310458,3,0.315325434561115,99.7234362049159,14.5088821851944,751
R0752,EASY,2,1.91463664539695,1.48078478437644,102.890518698216,9.74314452596866,0.64954296839791,20,32,1,1,1,1,1.82119313806235,0.0389396375348145,0.18968489749923,-45.2162910560002,8.86895672877288,43.4243024156477,0.0528930174894221,0.0956931148303336,2,0.10754537653359,102.890518698216,9.74314452596866,752
R0753,EASY,2,2.10718985862582,0.857878073899173,74.6365791291105,12.9454157485526,0.863027716570171,20,32,1,1,1,1,0.990041356570519,0.0350554062302031,0.076569853509788,-50.2555657483542,12.0665083938687,26.0431904102848,0.0361794948564863,0.0837680491631576,5,0.294468061894521,74.6365791291105,12.9454157485526,753
R0754,EASY,2,2.0698570117033,2.32166143954884,55.1857186127948,8.90669954821382,0.593779969880921,20,32,1,1,1,1,1.13981627122461,0.0302477629823192,0.206876669636556,-51.9483815728284,6.04552957687055,27.7351587925217,0.12626583311955,0.0430669734193111,1,0.431458777075828,55.1857186127948,8.90669954821382,754
R0755,INFEASIBLE,0,-2.14981422305145,0.893992733838498,23.6559136526318,13.6311132996696,0.90874088664464,20,32,0,0,0,0,1.90196786958012,0.0167624462568136,0.163997477101172,-31.7816741937959,12.1257573366493,43.9968167493635,0.0755510965941656,0.149290798137831,2,0.34185688291431,23.6559136526318,13.6311132996696,755
R0756,INFEASIBLE,0,-2.0289871510562,1.98440309582286,78.2795736494451,14.491504833645,0.966100322242999,45,16,0,0,0,0,1.34155805396548,0.0176029210803013,0.199480688036752,-56.8324794564738,6.31250566423145,42.2470596113163,0.0289903745202746,0.160473592611194,4,0.380518189704429,78.2795736494451,14.491504833645,756
R0757,EASY,2,1.75887808264337,1.53433658172856,70.9355313437802,11.9393628598805,0.795957523992034,20,16,1,1,1,1,1.53949018373474,0.0345185297440524,0.176363646812666,-47.0101160711928,8.73224726163275,37.793826567678,0.0282829946643828,0.0160374684086737,5,0.247939529178745,70.9355313437802,11.9393628598805,757
R0758,INFEASIBLE,0,-2.05751942366958,1.27494043852105,29.2091268169136,12.3946098390888,0.826307322605919,20,32,0,0,0,0,1.28884048763501,0.0270345186157338,0.126377103805433,-59.2113089769984,11.1123600840581,44.5889951676127,0.145748747218366,0.177844876804631,4,0.289065350587642,29.2091268169136,12.3946098390888,758
R0759,FRAGILE,1,0,0.879732914266474,111.20725061079,11.3848457326799,0.758989715511995,20,32,1,1,0,0.666666666666667,1.49016307100162,0.0234514267091212,0.133413690770546,-35.9547185620098,8.245231755117,38.4832958812947,0.129610669672197,0.194905099722456,6,0.358196603672721,111.20725061079,11.3848457326799,759
R0760,INFEASIBLE,0,-2.53242482481484,1.60083597632133,53.95606557139,9.94267596217296,0.662845064144864,20,8,0,0,0,0,1.51050705773797,0.0143260239035631,0.207516324403008,-44.9285141525592,11.6674099001564,43.9052374765608,0.0766556028449742,0.21352925862639,4,0.0783663130660821,53.95606557139,9.94267596217296,760
R0761,FRAGILE,1,0,1.19833658699111,38.5527298072034,8.32956352384353,0.555304234922902,20,32,1,1,0,0.666666666666667,1.887667176229,0.0145544863906658,0.148602244198105,-40.8867147144592,5.33075804065493,33.2750630562206,0.13754938421502,0.106490656045839,2,0.187387183690457,38.5527298072034,8.32956352384353,761
R0762,INFEASIBLE,0,-2.13817567095507,0.958862331780594,48.3734346062577,13.8575823711285,0.923838824741902,20,32,0,0,0,0,1.86478129532287,0.0342392971739406,0.10217158336565,-57.0853384194515,8.73873157787432,47.8914789266225,0.0233921672716128,0.167885740437968,6,0.382312386214115,48.3734346062577,13.8575823711285,762
R0763,EASY,2,2.25057458221274,0.410668163976583,37.7178666759217,8.37224613145035,0.55814974209669,20,32,1,1,1,1,1.49437588789469,0.0352894078495865,0.0488610842227453,-51.6976293037611,10.2507199443727,48.9718758236882,0.136173488668746,0.0704744811135391,3,0.120181393100406,37.7178666759217,8.37224613145035,763
R0764,FRAGILE,1,0,0.882441421317626,99.6359613559235,13.5052358030464,0.900349053536425,20,32,1,1,1,1,1.43218011077498,0.0340363980075325,0.156013021418905,-33.1112661632866,12.8407167320241,44.357070718855,0.0535033910837713,0.143506468472514,3,0.28939918925346,99.6359613559235,13.5052358030464,764
R0765,EASY,2,1.96995273244171,2.2397676706075,63.3204877933935,9.30278770135832,0.620185846757221,20,16,1,1,1,1,1.50473968469666,0.0367691253710578,0.186525086062344,-62.7905707313038,7.33377285058662,35.3931138449857,0.145036761616401,0.00355173477231112,3,0.30331567298923,63.3204877933935,9.30278770135832,765
R0766,FRAGILE,1,0,2.06290712483703,83.8968132598907,13.8967542388873,0.926450282592487,20,16,1,0,1,0.666666666666667,1.12025538300746,0.0158465943556854,0.203142881360096,-55.8003162127163,10.3256154168888,39.08215850795,0.120891095536436,0.055050523585632,3,0.274514357764856,83.8968132598907,13.8967542388873,766
R0767,FRAGILE,1,0,0.542279714573509,66.3261147189224,11.3437308889578,0.75624872593052,20,32,1,1,0,0.666666666666667,1.31034809079785,0.0121413920623525,0.0553193035574967,-56.2102263885852,13.463133274918,42.5597155047248,0.0848911806692887,0.0478488744296085,3,0.387206197376333,66.3261147189224,11.3437308889578,767
R0768,INFEASIBLE,0,-2.07232610848643,1.71744971835557,57.5709448715978,13.4256192880018,0.895041285866786,20,32,0,0,0,0,1.93913412732763,0.024627460158008,0.134656937479254,-57.8197112039614,5.14520982637345,26.6012838393834,0.0148010288888029,0.194548445148048,3,0.0781940585191905,57.5709448715978,13.4256192880018,768
R0769,EASY,2,2.19114171751462,1.75373910342039,27.8259290618968,14.0877397014438,0.939182646762917,20,32,1,1,1,1,2.01945453627487,0.0254640654930683,0.233860927013586,-45.4201841142748,11.4060540614684,47.483694289821,0.00765499722063423,0.0127914376442286,2,0.386259742159371,27.8259290618968,14.0877397014438,769
R0770,FRAGILE,1,0,1.62666059453615,79.5714846107463,11.8643176295599,0.790954508637327,20,16,1,0,0,0.333333333333333,0.978152459062783,0.0115291227074337,0.204111979831824,-44.3926729667301,6.05795442405928,40.1630833377531,0.0903181370438361,0.0792275628524031,3,0.448317886297153,79.5714846107463,11.8643176295599,770
R0771,FRAGILE,1,0,0.611560228992827,43.7915485351835,13.7093280803648,0.913955205357653,45,32,1,0,1,0.666666666666667,1.66120802597931,0.0382472857512764,0.0642226324668714,-53.3336268489602,9.33250540164185,40.603299850166,0.145223921381925,0.126825219146849,6,0.326878565125527,43.7915485351835,13.7093280803648,771
R0772,INFEASIBLE,0,-1.86616225368199,1.98932825771771,33.7679314146008,14.7271482428339,0.981809882855595,20,8,0,0,0,0,1.26147601054402,0.0273597140905542,0.134115442802475,-68.3464070892388,5.00629066863217,27.4813084981328,0.0786230783465175,0.0867682102920611,2,0.337533062599,33.7679314146008,14.7271482428339,772
R0773,INFEASIBLE,0,-2.16234198653301,0.845317161801747,22.7040357469745,13.4439927152216,0.896266181014771,20,32,0,0,0,0,1.51594320511472,0.0279539361360561,0.101082012185561,-45.8139035463108,5.137255288776,38.8476127812914,0.0658073332616992,0.186977991757711,2,0.152162186706916,22.7040357469745,13.4439927152216,773
R0774,INFEASIBLE,0,-2.3340138250629,1.40836888508843,36.7419502391793,9.4279633289584,0.628530888597227,20,32,0,0,0,0,1.51076995354873,0.015896632993627,0.165569848887773,-48.9388218337061,7.6940165442718,42.8447919382845,0.148838133306481,0.237146074806826,3,0.18956944885336,36.7419502391793,9.4279633289584,774
R0775,FRAGILE,1,0,1.40169776562791,87.4506216629932,8.11297911296899,0.540865274197933,20,16,1,0,0,0.333333333333333,1.49299202353509,0.0115634807966228,0.165200912312399,-49.7535974706338,13.0154057561502,44.5068086158207,0.118104254459081,0.0485396282097987,2,0.411941826013715,87.4506216629932,8.11297911296899,775
R0776,EASY,2,2.13213630898134,2.78385929583145,84.6749375985959,13.2759941732128,0.885066278214189,20,32,1,1,1,1,1.95847279340951,0.011388817980481,0.229755218671576,-56.1455694136132,6.45778284727973,27.7925596185896,0.11142357330108,0.0358562307762185,3,0.201181338271446,84.6749375985959,13.2759941732128,776
R0777,INFEASIBLE,0,-2.06082366841039,1.6915403890628,70.9052985626286,9.38014388945347,0.625342925963565,20,32,0,0,0,0,1.34039301102051,0.0112997745049085,0.12606920017286,-68.736560796089,6.75822964518975,33.9695822053057,0.0465507454131727,0.118613143447751,2,0.39048981182837,70.9052985626286,9.38014388945347,777
R0778,FRAGILE,1,0,1.27694249765299,69.0748027472279,14.7094379546733,0.980629196978223,20,32,1,0,1,0.666666666666667,1.6028588330165,0.0303304641581905,0.17550147577289,-44.0161043823202,6.17576599747091,47.3700045846694,0.0363894593606382,0.196922332409576,2,0.342204751405998,69.0748027472279,14.7094379546733,778
R0779,INFEASIBLE,0,-1.51844616804033,2.41425670344259,93.445030810496,9.52446089219216,0.634964059479477,20,32,0,0,0,0,1.17170120300947,0.0386084403652526,0.205412642243432,-64.4954869724854,10.617512804761,38.976914432478,0.0662925149734292,0.184129134230458,5,0.285680228841534,93.445030810496,9.52446089219216,779
R0780,INFEASIBLE,0,-2.08095036686686,0.653352345407334,65.8153975980999,14.782837252519,0.985522483501268,20,32,0,0,0,0,1.83543311877954,0.0232987963206901,0.0585965805159238,-62.3771129105454,5.96978328930931,40.5099338090483,0.148308734987717,0.207818565732829,6,0.124619676039893,65.8153975980999,14.782837252519,780
R0781,INFEASIBLE,0,-1.98176684373037,1.14980538471357,56.9464302828841,10.2736586723424,0.684910578156157,20,32,0,0,0,0,1.45541801970703,0.0304711387544156,0.151969049262771,-43.4170703760761,13.8023669244419,42.6229990807535,0.0754519995772887,0.154457507672645,1,0.418324132850931,56.9464302828841,10.2736586723424,781
R0782,EASY,2,1.68257431578059,0.894945748485827,42.4486799326802,11.5544260141832,0.770295067612213,20,32,1,1,1,1,1.19858194601705,0.0243565005533846,0.097545366681711,-46.8471198113626,11.2518406539827,33.7479207498656,0.0889595400467093,0.0618896889500272,4,0.219701231989387,42.4486799326802,11.5544260141832,782
R0783,INFEASIBLE,0,-2.45982205529566,2.23303883501364,80.2014179848512,9.53427585950008,0.635618390633338,20,16,0,0,0,0,0.912746974087556,0.0124499574433294,0.236602145465032,-47.9817978936364,6.74161168633743,33.4548584044249,0.118894666737332,0.231357647975743,3,0.117411100103246,80.2014179848512,9.53427585950008,783
R0784,EASY,2,1.79379142934911,1.66209730150127,33.7970133720198,9.78419064452947,0.652279376301965,20,32,1,1,1,1,1.70970910864634,0.0224897306170268,0.108805212508694,-67.3151624433511,11.9115456017112,25.134697780031,0.0778988312253662,0.098943283015768,2,0.301670275240038,33.7970133720198,9.78419064452947,784
R0785,INFEASIBLE,0,-1.75291838506266,1.08756306652585,88.6840991469124,10.8638164347921,0.724254428986137,20,32,0,0,0,0,1.77440652797592,0.0164466052226712,0.0871399467778699,-68.7151049596172,10.1811768224121,39.2366088461515,0.123887901948358,0.116505647878649,5,0.100256947207097,88.6840991469124,10.8638164347921,785
R0786,EASY,2,2.32278459000972,1.05348801885886,66.3905294538948,12.192794967804,0.812852997853602,20,8,1,1,1,1,1.11154208616223,0.0142073017409017,0.12068428782708,-53.51513854696,11.83674760656,48.6470968439203,0.091440119122405,0.00541493745948078,6,0.12571232538747,66.3905294538948,12.192794967804,786
R0787,EASY,2,1.88659716960173,1.33369057060386,39.5784483325323,13.9420265352809,0.929468435685395,20,32,1,1,1,1,1.86237859779498,0.0361150559046302,0.211143286089923,-35.1063161932835,9.5652693556484,39.9830820914446,0.0910534604724605,0.078082673018154,1,0.295525192698899,39.5784483325323,13.9420265352809,787
R0788,EASY,2,2.08370235559613,0.767176410744382,115.842213418569,13.2324400770689,0.882162671804593,20,8,1,1,1,1,1.3599131300196,0.0136332021675274,0.0998301891708066,-42.6864719856779,11.6432623508654,39.9369769968718,0.00577672046432523,0.0101285042179428,6,0.449076375176052,115.842213418569,13.2324400770689,788
R0789,EASY,2,1.82981613738542,1.11191658199761,110.04430648864,10.9467603082158,0.729784020547718,20,32,1,1,1,1,1.63252582295412,0.0204353803843522,0.111922138819749,-55.6086118877896,5.70568285551503,40.5539399344526,0.115808047941228,0.125444138444849,4,0.121225261897432,110.04430648864,10.9467603082158,789
R0790,FRAGILE,1,0,0.549016705711311,98.9873802135958,8.50713985125567,0.567142656750378,20,32,1,1,0,0.666666666666667,1.65709793396909,0.0249810420345613,0.0532583305022588,-60.1889141943649,9.06937650284559,44.1263852475849,0.041232102055918,0.117475616813996,4,0.412573921003819,98.9873802135958,8.50713985125567,790
R0791,EASY,2,2.25982330268492,0.512769654935673,113.9512568633,9.28461122689862,0.618974081793242,20,32,1,1,1,1,1.76191821260012,0.0292735483897019,0.0746724659777731,-38.0691767427936,12.7212924009268,39.7818231337004,0.103421461243244,0.0231035205853582,1,0.153424204475153,113.9512568633,9.28461122689862,791
R0792,INFEASIBLE,0,-1.35778805722688,1.8748243527111,107.346036396261,11.6177802082451,0.774518680549672,20,32,0,0,0,0,1.50266770918356,0.0126869602524003,0.225708743925691,-39.5218176590624,7.81637036442406,29.3029114711181,0.0502017630006336,0.133448680869069,4,0.10853068258908,107.346036396261,11.6177802082451,792
R0793,INFEASIBLE,0,-1.85360907496124,0.854288855200999,107.478779037174,10.9254171512599,0.728361143417326,20,32,0,0,0,0,1.58519162178397,0.0250564066279267,0.0906358734867946,-50.1162340923856,9.53447366057664,36.5939241048684,0.0706220543361553,0.249289082134058,2,0.179443984526209,107.478779037174,10.9254171512599,793
R0794,EASY,2,2.08214232969957,1.1865773345831,44.521069547394,9.0856141805209,0.605707612034727,20,32,1,1,1,1,2.03157047890849,0.0335843847323792,0.107867078276435,-61.8469132674181,12.6078380005135,40.9150559662065,0.0551378092240552,0.0473405636481665,5,0.253561471493711,44.521069547394,9.0856141805209,794
R0795,EASY,2,1.99827870346475,2.32240836257681,91.0513581458273,9.41743548453348,0.627829032302232,20,8,1,1,1,1,1.30954923980157,0.032836316084638,0.185147895074097,-68.768369608961,10.2725852859014,38.904442634531,0.0112447998793838,0.0521748923473081,2,0.342697705446514,91.0513581458273,9.41743548453348,795
R0796,INFEASIBLE,0,-1.91916675667759,1.18927604278224,27.4360876843486,8.58357956006422,0.572238637337615,20,32,0,0,0,0,1.26692318871315,0.0336226489994324,0.139701560692706,-52.5399782651662,9.22364557710033,49.3035634922097,0.0195767968265493,0.114527485760836,2,0.0888618427898091,27.4360876843486,8.58357956006422,796
R0797,INFEASIBLE,0,-2.57427713716928,2.99525933782721,43.1219058967639,9.3401488360548,0.62267658907032,20,8,0,0,0,0,1.27679354761923,0.0242686984869959,0.231025327291365,-61.1088923495882,12.2114302203494,28.7554724602686,0.019921244974051,0.162406834891491,2,0.417546607753473,43.1219058967639,9.3401488360548,797
R0798,INFEASIBLE,0,-1.80185727587875,0.816943770494406,41.3903213102799,8.20330270361217,0.546886846907478,20,32,0,0,0,0,1.32884688762548,0.0121907907200435,0.0827502710951573,-59.9398146069091,8.10978896666844,47.7140924051641,0.0750618669032351,0.132920632751364,4,0.285200223122234,41.3903213102799,8.20330270361217,798
R0799,EASY,2,1.73388067461525,0.913588712799789,34.7779148616956,8.69730295471746,0.579820196981164,20,16,1,1,1,1,1.05066679706033,0.0317256308203842,0.13896234937849,-31.3909545392502,5.74160346547246,29.5095948050752,0.0990375814179014,0.0380225025296227,4,0.130573693264855,34.7779148616956,8.69730295471746,799
R0800,EASY,2,1.9275876246911,0.508916502165265,110.938468982562,10.2843711366983,0.685624742446554,20,32,1,1,1,1,1.92234051327371,0.0351039924020933,0.0816599829263088,-38.3185042122709,11.5865820538321,48.9332380335549,0.0828068828040552,0.112229599534068,5,0.237272387077466,110.938468982562,10.2843711366983,800
R0801,EASY,2,1.13472232320187,1.18297371453852,70.5080102886687,8.56960762774303,0.571307175182869,20,32,1,1,1,1,1.49864326641125,0.0174915187748063,0.0995802971789454,-54.1224894827298,5.87644374768836,26.8666509452515,0.00683345908105197,0.133210453005755,2,0.163031093169552,70.5080102886687,8.56960762774303,801
R0802,INFEASIBLE,0,-2.01412747817507,0.396617561431758,61.1683673285084,13.8759642755005,0.925064285033366,20,32,0,0,0,0,0.963343841270318,0.0251479867128224,0.0486638341028098,-41.2494704849765,12.1030512197504,33.1563624751869,0.081212549510383,0.246992330585711,6,0.372064397237251,61.1683673285084,13.8759642755005,802
R0803,FRAGILE,1,0,0.425455840123684,103.274469644105,13.966565673135,0.931104378208999,20,32,1,1,0,0.666666666666667,1.12808158357794,0.0377511843007267,0.0570217695297206,-42.3020672081785,7.2694253120316,41.6060935077368,0.104506984202812,0.226806011898744,6,0.277974638384507,103.274469644105,13.966565673135,803
R0804,INFEASIBLE,0,-2.80954371422507,1.03299356379722,22.1702610262195,13.7620838363293,0.917472255755283,20,32,0,0,0,0,0.906070722607489,0.0273255192656487,0.152899007377165,-41.1390519106413,12.2832166615757,47.9936759996577,0.14341423284301,0.236742331862723,2,0.35809337607636,22.1702610262195,13.7620838363293,804
R0805,EASY,2,2.21480333797165,2.47805701401962,78.0504832897475,8.38395864542331,0.558930576361554,20,8,1,1,1,1,1.52210297706079,0.0232493821065968,0.196630671600208,-56.1644039223181,7.96263284068531,25.7077224158446,0.0267617484661556,0.11042764623089,6,0.442898512503672,78.0504832897475,8.38395864542331,805
R0806,EASY,2,2.25630788700898,0.943998004835245,48.8260135242561,8.8498277228402,0.589988514856013,20,8,1,1,1,1,1.70827321593499,0.0361448991297454,0.140864585319417,-33.4123494625737,6.84049253679112,32.176357358817,0.0665916001562723,0.0201393068253959,5,0.0908806009974851,48.8260135242561,8.8498277228402,806
R0807,INFEASIBLE,0,-1.90166799106593,2.1698433107569,45.9641289631182,10.3771286826742,0.691808578844946,80,16,0,0,0,0,1.16553844188611,0.0320189813206721,0.205916109296498,-54.2195582802239,12.8630441437916,34.2686667149038,0.0643299910004473,0.180958430958246,5,0.366476077243474,45.9641289631182,10.3771286826742,807
R0808,INFEASIBLE,0,-2.39430613375714,0.631849595758432,45.6164188447735,8.41692257604444,0.561128171736296,20,32,0,0,0,0,1.25640151353565,0.0100307672688386,0.109302869819852,-33.373479972618,6.39504534006955,43.1419778619398,0.0105441941113995,0.207538333376688,6,0.143110577250817,45.6164188447735,8.41692257604444,808
R0809,INFEASIBLE,0,-1.82434923397099,0.449658336528304,31.3848603689748,12.3718730336778,0.824791535578517,20,32,0,0,0,0,1.37951067766989,0.0294979886083822,0.0482570267754082,-53.4837847941982,8.20391803279938,42.6443446264237,0.124359879279136,0.239062591240099,6,0.30549484476004,31.3848603689748,12.3718730336778,809
R0810,EASY,2,1.83080878143405,1.34597665168545,106.542423460348,8.07866185235266,0.538577456823511,20,32,1,1,1,1,1.62395658935384,0.0329915410017919,0.161963274461829,-46.1056513090179,13.1736146406976,39.8407700673089,0.0886737490358865,0.102704755960449,2,0.277310690387694,106.542423460348,8.07866185235266,810
R0811,EASY,2,1.59697584017971,1.41395686812019,102.039407817227,8.63505625533796,0.575670417022531,20,32,1,1,1,1,1.43786262681137,0.0255252930315721,0.215884788000188,-33.8343465283174,12.4422608014146,34.5420972472699,0.122680106554706,0.0991014940623251,3,0.167311853940921,102.039407817227,8.63505625533796,811
R0812,INFEASIBLE,0,-2.23255974253541,1.75373134229732,65.3837927613282,9.03907117766712,0.602604745177808,20,32,0,0,0,0,1.84663423926251,0.0125676730668229,0.122618926665663,-64.9675074759656,10.8125798770479,26.7080795061394,0.0987740017130204,0.164650133712816,4,0.193595879835466,65.3837927613282,9.03907117766712,812
R0813,INFEASIBLE,0,-2.14093252820079,1.1696586845609,86.4535015673555,11.8573026489316,0.790486843262109,20,32,0,0,0,0,1.98869958425015,0.0290994252711407,0.0929759143776889,-69.4805469985546,9.66673857770392,39.4830261596379,0.0343722423286026,0.171933626943638,6,0.312260147150547,86.4535015673555,11.8573026489316,813
R0814,INFEASIBLE,0,-2.55097830796762,1.00965042948501,116.524663264447,13.120938486381,0.874729232425398,20,32,0,0,0,0,0.930632204872291,0.0104430807201164,0.0875103466844408,-69.0381452123758,8.11256050433122,46.3464343250515,0.0661414175543883,0.203289971668508,6,0.140310613959544,116.524663264447,13.120938486381,814
R0815,INFEASIBLE,0,-2.04452016593593,0.906713372347076,81.8848148268296,9.35561401257996,0.623707600838664,20,32,0,0,0,0,1.54923660429524,0.0119146878892459,0.0994025949074937,-56.5899063048577,10.0397891155873,49.81896592961,0.0734145536347342,0.243172314770811,6,0.349359882424191,81.8848148268296,9.35561401257996,815
R0816,EASY,2,2.51692451312864,1.70178541781316,48.407392545492,14.4408904795434,0.96272603196956,20,32,1,1,1,1,1.0651196526477,0.0263647491797915,0.225603872170644,-44.9757933170581,5.17463176847441,46.0153283107834,0.0609601386974327,0.01817600720959,2,0.150521275941549,48.407392545492,14.4408904795434,816
R0817,EASY,2,1.78196327106479,1.19650620300528,98.5072762223608,12.0901487392631,0.806009915950877,20,16,1,1,1,1,1.94377300815527,0.0236481616934874,0.128743607196613,-49.2980407335353,11.0326900866589,36.4201821292705,0.00806880015395792,0.0420074665732781,3,0.341732249355662,98.5072762223608,12.0901487392631,817
R0818,INFEASIBLE,0,-1.97151934861568,0.725102496563385,54.2368781107259,11.3664308571299,0.757762057141992,20,32,0,0,0,0,1.52248478977454,0.0201791805476683,0.0580741031097419,-55.9569884857439,5.25239095607817,25.9977788870963,0.149072928110733,0.237784904691119,3,0.322134806697756,54.2368781107259,11.3664308571299,818
R0819,INFEASIBLE,0,-1.87565753712952,1.91228466228178,52.6560359468137,11.8765684407797,0.791771229385317,20,32,0,0,0,0,2.06520323680214,0.0187529582254929,0.200169505181189,-53.3864942070833,8.64848688311688,40.4217312019868,0.0874989529016899,0.135114548340586,5,0.0821624343734031,52.6560359468137,11.8765684407797,819
R0820,FRAGILE,1,0,1.57850296143899,21.2523079828538,14.86309055169,0.990872703445998,20,16,1,0,1,0.666666666666667,0.937442504297261,0.0232819392523094,0.172149683044565,-53.7735609432409,13.6084670839629,44.5164581800606,0.115852879067478,0.0468259898685431,2,0.088569076630421,21.2523079828538,14.86309055169,820
R0821,INFEASIBLE,0,-2.07586872287488,0.48657517013024,56.2715569254753,13.6402919578746,0.909352797191638,20,32,0,0,0,0,0.927208213775085,0.0117658806066804,0.0749580991435239,-36.8762433634987,10.8728002499651,41.7726421096213,0.085914056627868,0.0960955847438909,1,0.361406990892769,56.2715569254753,13.6402919578746,821
R0822,INFEASIBLE,0,-1.56538800592314,1.68931224848886,24.9590183866424,11.3794082933805,0.758627219558697,20,32,0,0,0,0,1.54834985674295,0.0330975329563965,0.14100357003519,-53.8943056622618,9.41695831009539,26.1931345970933,0.114964482978197,0.20937792383382,3,0.281999726566153,24.9590183866424,11.3794082933805,822
R0823,INFEASIBLE,0,-2.0495627309157,0.785362771692461,39.9742064158506,12.1145152569023,0.807634350460154,20,32,0,0,0,0,0.909272368112695,0.0182843890246419,0.108277343297608,-41.1653234858586,6.09650793173858,41.6926004186498,0.11425424190128,0.121077487192011,3,0.0740459911542731,39.9742064158506,12.1145152569023,823
R0824,INFEASIBLE,0,-2.16679539222166,1.7439305386348,83.3420067628301,9.26797703003269,0.617865135335513,20,32,0,0,0,0,1.55322098475366,0.0193479359579818,0.178458050664825,-54.1684456548555,12.0423829062182,39.7711389795429,0.09160092113029,0.211290555443964,3,0.201533337531696,83.3420067628301,9.26797703003269,824
R0825,EASY,2,1.86664495381035,0.65343895245318,38.1097979353134,12.0230970321634,0.801539802144226,20,32,1,1,1,1,1.14593127532799,0.0250458902088206,0.0724639439005792,-54.7657479906348,9.42484754407752,47.7433950846664,0.0819606055742166,0.0497377566602731,4,0.0947500122375532,38.1097979353134,12.0230970321634,825
R0826,INFEASIBLE,0,-1.96305845494812,0.937437216282341,60.0695722534908,9.66982686688539,0.644655124459026,20,32,0,0,0,0,1.29609575034484,0.010587637420571,0.152978166215538,-37.9638920366406,7.758157458146,49.6795136556596,0.0838162659074243,0.185517901082773,4,0.193176715140715,60.0695722534908,9.66982686688539,826
R0827,EASY,2,2.21344011712124,1.38978059792729,83.4047451007892,13.8154865699544,0.921032437996962,20,8,1,1,1,1,1.89713967299191,0.0259316427796401,0.160645424091645,-51.2768435309091,7.16409050564359,45.4724290125305,0.00601791650949196,0.0116523809695895,4,0.0561415410156796,83.4047451007892,13.8154865699544,827
R0828,EASY,2,2.07239370850166,1.04475800837325,39.0827375200846,14.3786779812577,0.958578532083847,20,32,1,1,1,1,2.05695644383283,0.0310836391585526,0.187285554837652,-31.9508182676764,10.0858009350532,42.4621982191756,0.134192294979932,0.0470735805185862,2,0.171000616231777,39.0827375200846,14.3786779812577,828
R0829,INFEASIBLE,0,-2.03429700981658,1.75613422337204,83.2477109152323,13.2187596397651,0.881250642651007,45,32,0,0,0,0,1.04405257070426,0.0280574700416301,0.203923194749236,-47.9237722848555,13.8724768207203,40.0849354582194,0.0790543621116716,0.193223537934123,4,0.418597563449753,83.2477109152323,13.2187596397651,829
R0830,FRAGILE,1,0,1.89943338092372,72.1507563488203,12.7095631271298,0.847304208475322,20,32,1,0,0,0.333333333333333,1.3655331117437,0.025080688994379,0.230694404832264,-39.7101948837593,11.1944373570005,30.1086570328744,0.0392513044583165,0.136585238235422,2,0.166573367266526,72.1507563488203,12.7095631271298,830
R0831,EASY,2,1.99029298097963,0.450345318903737,82.4768942353534,8.30025193834672,0.553350129223114,20,16,1,1,1,1,1.43402250081755,0.0358841513001885,0.0564707886877471,-46.2984645536785,7.84388322896299,43.6265564547714,0.00826641563293725,0.0215522181031321,4,0.376294243261961,82.4768942353534,8.30025193834672,831
R0832,EASY,2,2.02566705510254,0.827965932318537,81.6820299010222,14.9903968105473,0.99935978736982,20,32,1,1,1,1,1.09984739618791,0.0201444286004251,0.120312744385307,-31.2413414359366,8.62514274520631,26.6758972042928,0.0263111360994207,0.0537178194274506,1,0.271626364353757,81.6820299010222,14.9903968105473,832
R0833,INFEASIBLE,0,-1.91337298142014,1.74697209153223,83.5657840857488,14.8172190018658,0.987814600124385,20,32,0,0,0,0,1.56212076199748,0.0130474889161482,0.194453258884179,-52.2561607881663,9.13642856184886,43.7920094378035,0.115725519763141,0.0776782801526747,5,0.175711607251845,83.5657840857488,14.8172190018658,833
R0834,INFEASIBLE,0,-2.21464794918594,0.833594118601945,21.8860394914807,9.79668124208777,0.653112082805852,20,32,0,0,0,0,1.03008277922212,0.0340048593589387,0.0940098298839357,-48.1635373558625,8.70281405097469,38.1887426075975,0.125675915157691,0.238144204651113,5,0.401511338599563,21.8860394914807,9.79668124208777,834
R0835,INFEASIBLE,0,-1.37173034928662,1.17057438736766,72.6954669394525,12.4474214909046,0.82982809939364,20,32,0,0,0,0,1.84225559586416,0.0193425684130221,0.156096641985649,-41.2644237852753,10.265172572738,39.1924139339401,0.103832170968983,0.0999927152939594,3,0.130318630241197,72.6954669394525,12.4474214909046,835
R0836,EASY,2,1.8363368129907,2.1446104093528,73.8274358050629,12.8486354849845,0.856575698998967,20,16,1,1,1,1,1.42630625868952,0.0275835020517613,0.19063946356506,-58.6400008196097,8.56267981578541,35.1704631826822,0.0220498409822064,0.0332003252608896,2,0.144066631168311,73.8274358050629,12.8486354849845,836
R0837,INFEASIBLE,0,-2.15103382277462,1.26525223932106,59.4153336826361,13.9542653489796,0.93028435659864,20,32,0,0,0,0,2.01688691416126,0.024550585426591,0.118888953379318,-65.0639470922464,8.56780072175391,48.3805663271192,0.0363500835659092,0.220992231445471,6,0.371156897257454,59.4153336826361,13.9542653489796,837
R0838,FRAGILE,1,0,1.7591822970715,44.4831820189754,11.9134325338938,0.79422883559292,20,16,1,0,1,0.666666666666667,2.03491818297246,0.0360885956065941,0.239318129642265,-38.6524291623669,8.99477443122811,35.7885786741195,0.0451429274638415,0.0913267231982119,2,0.178006787921668,44.4831820189754,11.9134325338938,838
R0839,EASY,2,2.14440286877911,1.94826192712781,97.2751655575613,9.82580347399176,0.655053564932784,20,8,1,1,1,1,1.91793944704268,0.0350559811040309,0.191736895747395,-56.8651102612648,12.6575920950577,40.5387006503608,0.0559273960921624,0.0450961582057066,5,0.194357971114472,97.2751655575613,9.82580347399176,839
R0840,FRAGILE,1,0,2.27718445119722,53.8714500754163,14.2961242532788,0.953074950218586,20,16,1,0,0,0.333333333333333,0.929937253082237,0.0149803899069997,0.186468791574466,-64.3824475735536,10.029515923272,35.9759454488752,0.124279803684485,0.038965867295015,6,0.167971719121653,53.8714500754163,14.2961242532788,840
R0841,EASY,2,2.11494509270524,1.30544445743318,75.2854869104862,14.0356800407562,0.93571200271708,20,8,1,1,1,1,1.77166443514137,0.0382662987146796,0.179600298015101,-44.2226188772395,9.46742284817325,47.9123620419376,0.0616430103025276,0.0256268959688303,5,0.448549137517825,75.2854869104862,14.0356800407562,841
R0842,INFEASIBLE,0,-2.15405156822518,0.626270540331918,63.5810777770323,12.9990763734236,0.866605091561572,20,32,0,0,0,0,0.923131337394007,0.0367851751918687,0.0512201586750771,-69.1409356402572,7.49822469491296,41.3894575553171,0.135930737892954,0.240775836829513,3,0.350451611524418,63.5810777770323,12.9990763734236,842
R0843,INFEASIBLE,0,-2.18751938863867,1.42676076342769,31.5768432849842,12.4227763799723,0.82818509199815,20,32,0,0,0,0,2.0749065222168,0.0176439925762496,0.152601142221782,-47.883674105067,11.7535132236894,33.9507633459591,0.0701239845856811,0.115942057945713,3,0.0779399031673029,31.5768432849842,12.4227763799723,843
R0844,EASY,2,2.34988833716666,0.650626365200336,48.6186623030463,13.0019890956169,0.866799273041127,20,32,1,1,1,1,1.78960101940251,0.037432522142563,0.0505466400209855,-58.8667842883207,7.97770141618157,27.0721812866377,0.128226300196828,0.0557069602009134,3,0.144272068321212,48.6186623030463,13.0019890956169,844
R0845,FRAGILE,1,0,0.4113841415424,30.8966201194898,10.9080959578202,0.727206397188016,20,32,1,1,1,1,2.036171028205,0.0116687664247737,0.0510647950092582,-38.2684981627304,8.49706999828515,29.2073589628957,0.0472952246526622,0.0824939631456042,6,0.152709653811241,30.8966201194898,10.9080959578202,845
R0846,INFEASIBLE,0,-1.99196648675601,1.65572494769794,79.6827592291476,14.519339058291,0.9679559372194,20,32,0,0,0,0,0.971461101568357,0.0114341253682877,0.137701768469509,-65.5298522199881,6.59260123558907,38.4452230290787,0.107895645152885,0.147080253009826,2,0.442634313048995,79.6827592291476,14.519339058291,846
R0847,INFEASIBLE,0,-2.27510300723294,0.962530130620712,62.4791080572206,10.6754691900682,0.711697946004548,20,32,0,0,0,0,1.9250485990497,0.0129306528876823,0.129225313677736,-46.2317900391772,5.5372584266633,49.8665472369569,0.0474045354818789,0.244337486971339,1,0.107112254218642,62.4791080572206,10.6754691900682,847
R0848,EASY,2,2.22193736691462,0.576874938685718,48.606429684161,11.2239862844553,0.748265752297019,20,32,1,1,1,1,1.43001610416087,0.0204217749183652,0.0431060279507865,-63.4387072033941,5.36042310166445,29.0859111510682,0.107821091190988,0.0129665322971268,5,0.424360953593264,48.606429684161,11.2239862844553,848
R0849,EASY,2,1.77458456972695,0.795065909508439,80.1025110400826,12.6249464396055,0.8416630959737,20,32,1,1,1,1,1.7281843587016,0.0122353244470694,0.123357952062413,-34.5982562260347,9.12398990277042,37.2990538334928,0.138913198877365,0.0204369314718312,5,0.436878574151977,80.1025110400826,12.6249464396055,849
R0850,FRAGILE,1,0,1.04678306241108,45.0789999720567,13.2230062959845,0.881533753065636,45,32,1,0,1,0.666666666666667,1.23926233825334,0.0362207515267248,0.117251557943115,-47.1400133968397,11.7650137663598,36.0881509367722,0.0515897772076653,0.0901565681164938,3,0.3835466883126,45.0789999720567,13.2230062959845,850
R0851,EASY,2,2.19493056793271,2.19251417412024,118.190786495895,14.8698510000453,0.991323400003018,20,8,1,1,1,1,1.67406897269909,0.0193909286627423,0.143660264111928,-67.8988432396788,5.5721141953406,25.6197336127165,0.0162239350163223,0.042383592700494,2,0.216452598632416,118.190786495895,14.8698510000453,851
R0852,INFEASIBLE,0,-2.12995052265891,1.95483606267355,71.7715324839492,10.5068528441077,0.700456856273848,20,32,0,0,0,0,1.54678721590337,0.0217683544233544,0.222305322874537,-50.0376610248924,7.54537262407531,41.9116151026654,0.0552765308002426,0.248292530773157,5,0.117896323813992,71.7715324839492,10.5068528441077,852
R0853,EASY,2,2.32978003660629,1.36776921747074,93.6123374550789,12.7363718955164,0.849091459701097,20,32,1,1,1,1,1.47470455733866,0.0376272790569579,0.11055981976222,-55.5719884801703,13.3470827999567,26.1181387271533,0.000486075377561967,0.025478753463083,3,0.417981797579781,93.6123374550789,12.7363718955164,853
R0854,INFEASIBLE,0,-2.3306507733518,0.404843835963223,25.6104060884448,10.136903423613,0.675793561574202,20,32,0,0,0,0,1.41865809487096,0.0113068302604173,0.0541316866191105,-37.5447108515613,11.9460955730998,32.620224110969,0.144815355654355,0.12166716750191,3,0.236341004613165,25.6104060884448,10.136903423613,854
R0855,INFEASIBLE,0,-1.85030161144396,0.462112241630347,102.805456628417,10.6670941906392,0.711139612709279,20,32,0,0,0,0,1.34448359886209,0.016145156134085,0.0469117619949319,-57.1096583509269,8.80437889992434,43.5059869218092,0.0268632930418208,0.23961171348262,5,0.0695350841617605,102.805456628417,10.6670941906392,855
R0856,EASY,2,1.79271829002473,1.23100492465327,114.575990012428,12.392422109236,0.82616147394907,20,32,1,1,1,1,1.90229657146163,0.0222078886442479,0.130620483666219,-51.8686926078202,8.34261910369806,39.2080239042845,0.0401988655954682,0.0719077500683734,2,0.310035751072456,114.575990012428,12.392422109236,856
R0857,INFEASIBLE,0,-1.97228287654372,1.73366137957133,38.2815137950186,11.0519210178146,0.736794734520973,20,32,0,0,0,0,1.89566800270447,0.0181357244861942,0.166659311249188,-64.6353851740323,10.927444845998,49.9726816871132,0.107440564727809,0.174872426330907,5,0.430401349422644,38.2815137950186,11.0519210178146,857
R0858,INFEASIBLE,0,-2.20325799740941,2.99343652660253,21.5184437362376,11.4874389397358,0.765829262649051,20,8,0,0,0,0,1.19639002318447,0.0137606269984155,0.218088322919233,-61.0804112930345,11.39175585673,25.6324418514565,0.0431861191962411,0.144721218225838,1,0.196259683257657,21.5184437362376,11.4874389397358,858
R0859,INFEASIBLE,0,-1.6699916825275,1.24377373746342,52.3135707347411,12.2333232294063,0.815554881960419,20,32,0,0,0,0,1.33279066421649,0.028746439370908,0.142728444521107,-48.6853498697648,12.8744577800882,40.4013845574672,0.0619028595474564,0.153849238945105,3,0.168386993450257,52.3135707347411,12.2333232294063,859
R0860,EASY,2,1.95250610467072,2.38855273064507,54.279856019872,10.6020575668357,0.70680383778905,20,32,1,1,1,1,1.1169476148734,0.0285575319238795,0.232665203252726,-54.4247306354809,11.9688394169504,36.37869698616,0.0967585901719932,0.0158072256750589,4,0.275452908037545,54.279856019872,10.6020575668357,860
R0861,EASY,2,1.86468111226642,1.53350896078251,67.184940564728,10.4922380755795,0.69948253837197,20,32,1,1,1,1,1.41721770468591,0.0257748914368936,0.191019588117176,-49.7775050364338,12.5506427379749,49.7634841491454,0.136046114222165,0.0516348331108312,2,0.323716652602999,67.184940564728,10.4922380755795,861
R0862,EASY,2,1.43389673169039,1.07419040734334,91.4980045863105,10.7692159805756,0.717947732038375,20,32,1,1,1,1,1.3466924270317,0.0339067621601459,0.126667940755154,-45.881340258266,9.66012181079904,37.8882398186838,0.0999412550863231,0.128428957528127,6,0.104100803083398,91.4980045863105,10.7692159805756,862
R0863,EASY,2,1.66508427206459,0.387132810951071,47.7978113148889,9.58751786725715,0.639167857817143,20,32,1,1,1,1,1.77680411892797,0.0234618880476263,0.066579135062182,-34.0434244333645,8.19002091199538,44.3694629115396,0.0953190586726167,0.0770153223106431,2,0.402547216530825,47.7978113148889,9.58751786725715,863
R0864,INFEASIBLE,0,-2.5209889173312,1.993500314372,27.6066086640797,9.60226261205732,0.640150840803821,20,8,0,0,0,0,2.0117158920014,0.0238027724803793,0.191625530186526,-58.0381195426601,12.6817007527949,40.2867417322514,0.121684110820623,0.222964424386273,4,0.212184811484391,27.6066086640797,9.60226261205732,864
R0865,INFEASIBLE,0,-1.85115763882589,1.99244043258053,60.895091546358,12.0954496148934,0.80636330765956,20,32,0,0,0,0,1.07181037833849,0.0310719881709127,0.231645090287703,-51.8143023172353,13.2394613241683,46.9716886502685,0.0915801451248281,0.138194767214977,6,0.135901154088267,60.895091546358,12.0954496148934,865
R0866,INFEASIBLE,0,-1.56538706356464,1.49064631099034,75.4705958590656,12.3527007454903,0.823513383032685,20,32,0,0,0,0,1.30812181621529,0.0285090100110664,0.217839168656789,-41.7949760589788,9.30514594817298,48.2872242687801,0.0261418261456656,0.192417268401784,2,0.31995052435394,75.4705958590656,12.3527007454903,866
R0867,INFEASIBLE,0,-2.01055872311855,0.864298098747456,63.8840700036419,10.2489060481005,0.683260403206697,20,32,0,0,0,0,1.35360630057213,0.0101982512553796,0.127364253475872,-40.7459188057014,8.33842342123853,46.6656781520232,0.0444968613891844,0.067860223245985,2,0.332093544593761,63.8840700036419,10.2489060481005,867
R0868,INFEASIBLE,0,-1.73023611813029,0.37643329255213,81.8030055465582,12.3370939141866,0.822472927612437,20,32,0,0,0,0,1.30011634689276,0.029082028782816,0.0420776384303608,-52.4444455577047,9.76521837969005,44.4822775980246,0.115971928220772,0.209181703379063,3,0.0799904766137327,81.8030055465582,12.3370939141866,868
R0869,INFEASIBLE,0,-1.89437048551434,1.2030958752597,105.354352743221,9.97356304209607,0.664904202806405,20,32,0,0,0,0,1.65137502150288,0.0273643431088701,0.100635578402839,-67.6538419108795,12.7721261668773,41.4523259041853,0.125545050010279,0.15783970734919,5,0.0670275798055804,105.354352743221,9.97356304209607,869
R0870,EASY,2,2.44235246978843,1.75431250443415,74.9381790007913,14.0406243689877,0.936041624599182,20,32,1,1,1,1,2.01905135666498,0.0213006657250763,0.169931304876418,-48.1005773651276,8.84824527115613,28.0992548032629,0.147873802066544,0.000583512686152128,6,0.409290446892285,74.9381790007913,14.0406243689877,870
R0871,EASY,2,2.22981014479385,0.603463688583638,79.3017268719788,8.89603989124374,0.593069326082916,20,16,1,1,1,1,1.04055774469025,0.0226005658716815,0.0593662426996459,-45.8310246210439,11.3255268267431,26.31221025484,0.114360880079186,0.0303583032675986,1,0.348416546980242,79.3017268719788,8.89603989124374,871
R0872,EASY,2,2.13934198912446,0.637726177600655,74.8124075797052,9.09771152867208,0.606514101911472,20,8,1,1,1,1,1.33412039725118,0.0298875354243124,0.0971778563152014,-34.2840825190873,13.0985151792889,35.3274719996271,0.0410787919851193,0.0363652248297149,4,0.429382943903087,74.8124075797052,9.09771152867208,872
R0873,EASY,2,2.16014327357691,1.42652782036253,102.401283972015,10.4649562739705,0.69766375159803,20,8,1,1,1,1,2.09450558845878,0.0179027045625299,0.186168234489905,-34.3194028143702,9.08190081105722,25.9651879293612,0.116674803251302,0.0436102831024812,5,0.278773672206844,102.401283972015,10.4649562739705,873
R0874,INFEASIBLE,0,-2.0007858848505,1.07199836308745,71.4741427973582,13.1716304341222,0.878108695608146,20,32,0,0,0,0,1.07110466575627,0.0283427750308027,0.166873976110924,-37.8166796821565,8.92500833443252,44.8556475489172,0.0953999566855124,0.171011486844873,1,0.173561157461094,71.4741427973582,13.1716304341222,874
R0875,INFEASIBLE,0,-2.12050090869954,2.51787344844439,96.9784744925902,11.1803837083109,0.745358913887391,20,32,0,0,0,0,1.41534663062846,0.031740895094085,0.21671058079408,-61.9350990742304,12.1043505556541,36.7813331456576,0.0383958845748626,0.240325605885988,2,0.245460330598757,96.9784744925902,11.1803837083109,875
R0876,INFEASIBLE,0,-2.11255372809247,0.748734965796633,46.9009282144741,13.9244796862165,0.928298645747764,20,32,0,0,0,0,1.9540345773745,0.0315475090368241,0.103633609033424,-40.7325891788639,13.9141585584643,41.1424742827543,0.126597602746022,0.105288805391881,3,0.24380371468523,46.9009282144741,13.9244796862165,876
R0877,INFEASIBLE,0,-2.3436911979475,0.72897424135957,97.9248391264981,10.0157163337391,0.66771442224927,20,32,0,0,0,0,1.06201822906026,0.0165000151489363,0.0941822056606891,-44.3706263138671,10.4163679147009,42.5368987995361,0.00317260445897492,0.187740297748708,1,0.106430890822318,97.9248391264981,10.0157163337391,877
R0878,EASY,2,1.91583111414236,0.489763497397007,44.6126950869761,10.633640842657,0.708909389510466,20,32,1,1,1,1,1.66073946042153,0.0231115626743708,0.055053945267255,-48.8065504676324,11.8633388417,38.9602424785905,0.104689096623077,0.0240735897491909,2,0.300035134745739,44.6126950869761,10.633640842657,878
R0879,INFEASIBLE,0,-2.27529981129634,1.46641995722515,23.3860850290924,11.5268319669136,0.768455464460905,20,8,0,0,0,0,1.74049286537456,0.013145868690186,0.194100828821084,-46.353177210054,10.1357934373119,48.7257381383118,0.0332567284766004,0.19543252696805,6,0.190830443138425,23.3860850290924,11.5268319669136,879
R0880,INFEASIBLE,0,-1.56485644689753,2.20043165773227,95.927041361528,10.2183506959444,0.681223379729623,20,32,0,0,0,0,1.56246222784879,0.0183193995703753,0.23081521260007,-55.2779481444557,12.1417596814136,43.5189365523215,0.0685937796660357,0.109271037767163,2,0.212454774380242,95.927041361528,10.2183506959444,880
R0881,INFEASIBLE,0,-2.18107985556636,0.524357834223572,38.8191159018931,14.7019080992998,0.980127206619985,20,32,0,0,0,0,1.10975959783342,0.0216331847997589,0.0603609387976985,-41.7491407230922,13.3837527690793,29.8959865323062,0.105035185033841,0.212874210801686,4,0.220506254914248,38.8191159018931,14.7019080992998,881
R0882,INFEASIBLE,0,-2.01817347839001,1.43643088746083,49.1891960165995,8.73874533395985,0.58258302226399,20,32,0,0,0,0,1.41364555423246,0.01978783867155,0.201881779275283,-43.2284290644475,13.301321954655,47.7776782037476,0.0566621538208024,0.155012231841863,1,0.112500383861769,49.1891960165995,8.73874533395985,882
R0883,INFEASIBLE,0,-2.50021246762757,1.44816495251848,41.6498269638211,10.2990292071908,0.686601947146054,20,32,0,0,0,0,2.00537358612371,0.0128870641148959,0.104433317548793,-67.9778631865681,5.4124164388844,31.1055910739313,0.00566965189445349,0.221065419321512,1,0.331543291087933,41.6498269638211,10.2990292071908,883
R0884,EASY,2,1.67094279725706,1.44709476498462,73.407590728977,9.56606286754123,0.637737524502748,20,32,1,1,1,1,0.964740379430166,0.0233603258119702,0.212014876683026,-31.9174450761496,11.0387120722937,28.3045544496039,0.0612408886293756,0.0705078130747295,3,0.125315597903926,73.407590728977,9.56606286754123,884
R0885,INFEASIBLE,0,-1.82282816413081,1.25374041296165,107.400768948001,12.9050224400178,0.860334829334518,20,32,0,0,0,0,1.28552325047917,0.0266640549443704,0.158056881746178,-48.6813198302439,12.6743185519325,48.7525812143678,0.0913081420255695,0.143648771897052,3,0.0609083125284683,107.400768948001,12.9050224400178,885
R0886,INFEASIBLE,0,-1.77064787470011,1.22575348893675,33.7028153511352,8.67243474781945,0.578162316521297,20,32,0,0,0,0,1.2599897343056,0.0232120930383535,0.134601833784383,-55.1027338199065,10.4103327676367,47.3918133541643,0.131165976658675,0.16419808525077,5,0.273090733447407,33.7028153511352,8.67243474781945,886
R0887,INFEASIBLE,0,-2.64531778390131,2.76904978428643,107.872050561702,11.389685016075,0.759312334404999,20,32,0,0,0,0,2.07005201682317,0.0145217611188889,0.227573722504858,-62.1674535279971,12.9938873826584,33.7886011981739,0.00213660113664746,0.141223429347219,5,0.416042383679404,107.872050561702,11.389685016075,887
R0888,INFEASIBLE,0,-2.04146889623967,2.03069021993591,62.0476165615333,11.2345631280295,0.748970875201969,20,32,0,0,0,0,1.21263946230408,0.0217634957891468,0.157591670431129,-59.2857798664222,13.6993176989853,27.3994342058228,0.101434063913779,0.176852212135963,5,0.383502534588756,62.0476165615333,11.2345631280295,888
R0889,INFEASIBLE,0,-2.30915431177089,1.29050960059379,108.20459722546,14.1068683146088,0.940457887640587,20,32,0,0,0,0,1.08272260860412,0.0132946403881766,0.114177869946455,-66.0064621789017,10.8998394826786,44.1444045395902,0.108821001211978,0.125204086856671,1,0.251520015961794,108.20459722546,14.1068683146088,889
R0890,EASY,2,2.0289871510562,1.89822356325464,50.6224992988734,13.5638055391362,0.904253702609081,20,16,1,1,1,1,1.26415527506121,0.0214274601445492,0.158299872938044,-65.9723308924912,6.70785736567972,39.1788267529983,0.0326269595968066,0.0359645790838172,3,0.410895241543909,50.6224992988734,13.5638055391362,890
R0891,EASY,2,2.19357159226327,0.625719540717262,59.3207670044004,13.8135418603066,0.920902790687103,20,32,1,1,1,1,1.97957278458745,0.0218015212061325,0.0967675888533323,-36.2104430128602,6.54012487213595,40.5909707306503,0.0964954381802,0.0195177210261188,5,0.250137867789081,59.3207670044004,13.8135418603066,891
R0892,INFEASIBLE,0,-2.73814235191745,0.630297154851698,23.0210685130281,8.4132213139895,0.560881420932633,20,32,0,0,0,0,0.952945673781716,0.0341287797182432,0.105220711434687,-36.7607359732748,11.4194160868064,48.7462853807818,0.0541308736720914,0.231774190207044,2,0.0552404649762355,23.0210685130281,8.4132213139895,892
R0893,INFEASIBLE,0,-1.8740475828573,1.36580503345874,65.2606636847489,13.0321953997605,0.868813026650698,20,32,0,1,1,0.666666666666667,1.57758414804076,0.0187140148569918,0.125397950427353,-64.1116481001328,11.2223390292952,44.847547477423,0.019234992057178,0.0934717213406131,3,0.389612390115238,65.2606636847489,13.0321953997605,893
R0894,INFEASIBLE,0,-1.85297723374737,1.12989989188219,115.424966699095,9.96490228527319,0.664326819018213,20,32,0,1,1,0.666666666666667,1.5573450626986,0.014872146463162,0.142306229844566,-48.8488230242392,5.82759936680876,48.9933862199801,0.108951661677917,0.11572870971657,6,0.22002867023014,115.424966699095,9.96490228527319,894
R0895,INFEASIBLE,0,-2.15292565706097,0.511179557231654,68.0004274608731,8.31899819119784,0.554599879413189,20,32,0,0,0,0,1.75829829381863,0.0221439013295169,0.0443098128102572,-61.001008775835,9.79463601878205,36.1899736443574,0.12515443172032,0.192169620558369,5,0.0683528081066477,68.0004274608731,8.31899819119784,895
R0896,INFEASIBLE,0,-2.0286534653367,1.47717875814696,21.1779935530969,10.3618629973578,0.690790866490522,20,32,0,0,0,0,1.95354394714447,0.0311738840168544,0.151057540637845,-57.6813143903768,7.70138426835112,45.0350205245428,0.0686583147781458,0.148545741886849,5,0.37602465534646,21.1779935530969,10.3618629973578,896
R0897,INFEASIBLE,0,-2.23384050794602,2.61267891259179,70.5983557224965,10.968004961547,0.731200330769799,80,16,0,0,0,0,1.04469013799153,0.0338665342077248,0.226887888797022,-67.2691208801968,13.4016301398289,44.1716283209785,0.0454833114541357,0.222114242373319,4,0.280636870011813,70.5983557224965,10.968004961547,897
R0898,INFEASIBLE,0,-2.16329085626839,0.734294922879209,101.280101641941,9.11309477906742,0.607539651937828,20,32,0,0,0,0,1.44068704494682,0.024081908854135,0.144003650461197,-31.0570564181582,13.4772529463455,48.0162115292485,0.110389008418999,0.213818675538416,2,0.163423888259763,101.280101641941,9.11309477906742,898
R0899,INFEASIBLE,0,-2.13155103877016,1.95803113826807,117.32542057775,14.8385173401055,0.989234489340368,20,32,0,0,0,0,1.96506855326183,0.01496352449664,0.214426880878764,-52.304669030932,8.25525851547683,42.4679739407383,0.088943546287181,0.125684414158445,4,0.373060666089139,117.32542057775,14.8385173401055,899
R0900,EASY,2,1.58149197857788,1.08055427013329,42.0494379949821,11.281955786499,0.752130385766598,20,16,1,1,1,1,1.28585304115495,0.0169000634348842,0.150312954501723,-38.3102308360358,8.35281414254205,36.7612736117462,0.113508886574461,0.0683918694426022,4,0.200026144368612,42.0494379949821,11.281955786499,900
R0901,INFEASIBLE,0,-2.58158643572195,2.83198844963353,108.619952187174,9.54806540928187,0.636537693952125,80,32,0,0,0,0,1.0634182381383,0.0237319775169731,0.224226848333395,-68.2342624253076,13.0761246698982,37.7797108566984,0.0956034669312944,0.225873458845096,5,0.0569470333045958,108.619952187174,9.54806540928187,901
R0902,EASY,2,1.97537611155507,2.69547095771227,70.7662269029531,8.47536814547472,0.565024543031648,20,8,1,1,1,1,1.20316149772816,0.0292798406220596,0.20448812046243,-68.7530462131722,7.43460077548464,35.2137356529615,0.0263669397448567,0.0155924719404364,6,0.149682134315932,70.7662269029531,8.47536814547472,902
R0903,EASY,2,1.54423720650485,2.0490936489928,22.87051174081,12.7813987890259,0.852093252601725,20,16,1,1,1,1,1.66330099511631,0.0233224115376899,0.207025341782603,-59.0643004701736,7.02341395516512,46.0929912135484,0.0304691307138925,0.00439037955768342,4,0.328525072316384,22.87051174081,12.7813987890259,903
R0904,EASY,2,1.84320020652567,0.285054370488321,113.833458725611,10.5571306000686,0.70380870667124,20,32,1,1,1,1,1.60047054727088,0.0282461087817452,0.0437251806909211,-34.835534042991,9.52660775664955,36.9584815959836,0.063232983853784,0.111933463306931,1,0.172881068206017,113.833458725611,10.5571306000686,904
R0905,EASY,2,2.41967682311459,2.04653353745481,113.412606277093,8.53245221491306,0.568830147660871,20,16,1,1,1,1,1.87486749963758,0.0349797030565695,0.138367322942507,-69.5436161899578,10.9226515228898,28.6157571585604,0.106673114905438,0.0311223366661221,4,0.138616481393957,113.412606277093,8.53245221491306,905
R0906,EASY,2,1.56485644689753,1.42283248173946,105.937241091531,10.9605661441175,0.730704409607835,20,32,1,1,1,1,1.40317872243584,0.022806765797734,0.185870092410253,-45.0123816202568,12.4236223537865,44.7545123138333,0.0653825099067531,0.0787374406002603,2,0.15686387905555,105.937241091531,10.9605661441175,906
R0907,INFEASIBLE,0,-2.54795344787808,1.52037966305003,88.1426938433918,14.174533568397,0.944968904559798,20,32,0,0,0,0,1.87100165504877,0.014822891466025,0.153060358135626,-54.3830348468625,11.9365179816851,38.7980218617256,0.0373088632313838,0.211570204373293,3,0.106090247192362,88.1426938433918,14.174533568397,907
R0908,EASY,2,2.15121199021885,1.33274385156977,109.966693953821,8.09513651321648,0.539675767547765,20,8,1,1,1,1,1.88046531694319,0.020850610801879,0.130889234392635,-59.8153286676463,6.67991975748805,44.6684439040548,0.0010723410648363,0.0198667413396406,4,0.380127669528821,109.966693953821,8.09513651321648,908
R0909,EASY,2,2.13766590492579,0.745720386299473,102.588363101825,14.211408160472,0.947427210698132,20,8,1,1,1,1,1.50282670260296,0.0240900556724686,0.107952472324206,-42.4744167775904,11.240757536725,48.936100537818,0.141297117837508,0.0211502614889784,2,0.292999828540847,102.588363101825,14.211408160472,909
R0910,INFEASIBLE,0,-2.03621235364039,0.320274474901172,47.6379066429649,9.16512770009231,0.611008513339487,20,32,0,0,0,0,0.954970691949756,0.0142849043099333,0.0496628313327993,-38.9345632292594,8.57689662359154,47.1791667877343,0.0580610379330593,0.230966723079246,2,0.267226595812904,47.6379066429649,9.16512770009231,910
R0911,INFEASIBLE,0,-1.91308527621403,0.769721784126926,42.9532542674624,11.1085595516072,0.740570636773811,20,32,0,0,0,0,1.05221100612022,0.0221261761689459,0.114876856520768,-41.3079453027382,9.83852074172323,49.1955787535043,0.148503575374044,0.0833648760228986,5,0.164395618453596,42.9532542674624,11.1085595516072,911
R0912,INFEASIBLE,0,-2.51329210475549,2.04586592532959,60.1636266201412,10.1432908892462,0.676219392616413,20,8,0,0,0,0,1.18233727864611,0.0139020076333424,0.173014307804063,-68.3314781787602,13.7214064684219,43.2227793118262,0.0993975129073028,0.221918629592234,2,0.391488269967062,60.1636266201412,10.1432908892462,912
R0913,INFEASIBLE,0,-2.25853285154696,1.27140472336391,51.6337375847203,14.4359078319173,0.962393855461151,20,32,0,0,0,0,1.18003201529849,0.0270131239993094,0.210133307332013,-35.1247771037016,6.64487901484997,43.6225111148378,0.134249983414125,0.158060795985218,4,0.0687129601755252,51.6337375847203,14.4359078319173,913
R0914,EASY,2,1.90342134764144,0.799702642944312,34.7189363872293,13.1759575095488,0.878397167303252,20,32,1,1,1,1,0.928843168809238,0.0155753627951891,0.129483529307051,-36.6179495369621,11.924964830381,45.5010474998598,0.0789875118613038,0.0171406733334893,6,0.404269911345798,34.7189363872293,13.1759575095488,914
R0915,INFEASIBLE,0,-2.20980791763014,0.790103912053789,41.9168198313707,14.9988394485214,0.999922629901425,20,32,0,0,0,0,0.996948606177563,0.0240990880500527,0.0882531614816885,-41.8703576198682,7.73008803114661,28.3117566931799,0.097931888595731,0.219206125360712,3,0.0910279912460958,41.9168198313707,14.9988394485214,915
R0916,INFEASIBLE,0,-1.96689262617276,1.00843714388885,56.240054815392,8.49093756855356,0.566062504570237,20,32,0,0,0,0,1.3517627291588,0.0346157882545048,0.156969936162135,-37.0561021828118,9.47456359352518,43.0641741927586,0.113616105445434,0.240441149711628,5,0.311905905381504,56.240054815392,8.49093756855356,916
R0917,INFEASIBLE,0,-2.34499103074939,1.85718875667623,22.6445957014199,12.6142385862861,0.840949239085739,20,32,0,0,0,0,0.91359479524112,0.0105012590337181,0.22031950644302,-40.687202207014,5.72735968825942,30.1557976222506,0.0341758516070193,0.0291576400112906,1,0.399829382630491,22.6445957014199,12.6142385862861,917
R0918,EASY,2,1.78331286218323,1.22332562820457,48.1807269928435,8.49316034746999,0.566210689831333,20,32,1,1,1,1,1.04029014479564,0.0334709639636909,0.113614275902838,-47.729645583076,7.86853287867874,25.4342793967791,0.073033448772263,0.143388710243567,4,0.299324613443072,48.1807269928435,8.49316034746999,918
R0919,EASY,2,2.0464684970245,1.8895740332527,39.5911917233709,11.5701466520281,0.771343110135205,20,32,1,1,1,1,1.56522068371468,0.0133089121407109,0.179984203440263,-63.4243123908548,13.1979705080528,47.2404306963712,0.00793944642411983,0.0200843246137965,6,0.214434885918812,39.5911917233709,11.5701466520281,919
R0920,INFEASIBLE,0,-1.93928881106728,0.848202168089421,59.3937818835338,11.0426982682876,0.736179884552503,20,32,0,0,0,0,1.45828703350886,0.0101736787505013,0.0891942453588022,-56.3874077336637,11.6030074165266,45.5093392935387,0.0547579892328732,0.093400956280742,1,0.18014762138045,59.3937818835338,11.0426982682876,920
R0921,EASY,2,1.55684402949552,1.65872644173017,31.0330458069602,13.9176461658655,0.927843077724365,20,32,1,1,1,1,0.998271721029403,0.017383646464781,0.211027537840532,-46.646037222103,12.2254198722895,45.5847517673085,0.0089261011525966,0.0249615573623205,3,0.138850521694466,31.0330458069602,13.9176461658655,921
R0922,INFEASIBLE,0,-2.24230853322809,0.999584004614506,23.55004185019,14.2181752236045,0.947878348240297,20,8,0,0,0,0,1.42142745276981,0.0197167191174817,0.134908510534211,-45.9977468521306,13.6692851528946,49.8855280546395,0.139813038354405,0.150749935232765,3,0.224830155006257,23.55004185019,14.2181752236045,922
R0923,INFEASIBLE,0,-1.90899817076315,2.06273553587537,33.1804085654257,11.0728413649924,0.738189424332825,20,32,0,0,0,0,1.61260739428123,0.027706247371371,0.229864068608796,-51.107287229929,11.5258062252884,41.9838337469392,0.0426820986455562,0.0984705415069935,5,0.279235235963909,33.1804085654257,11.0728413649924,923
R0924,INFEASIBLE,0,-2.40570626356994,1.3943982835781,78.496499860406,11.2664335273158,0.751095568487723,20,32,0,0,0,0,1.14488844311643,0.011174403587337,0.0994525164469638,-62.4007029746806,11.884120359419,25.6388295820856,0.0907004087331186,0.184699720802636,3,0.287817088308551,78.496499860406,11.2664335273158,924
R0925,INFEASIBLE,0,-1.97691056072753,1.64724121996163,32.8644630773403,14.5721144990312,0.971474299935411,20,32,0,0,0,0,1.85928343942953,0.015186291912317,0.142931638994506,-52.7689948645389,9.3433791802814,27.1369694464461,0.132252116766612,0.132381365044259,4,0.242017813244164,32.8644630773403,14.5721144990312,925
R0926,INFEASIBLE,0,-2.0514069641745,1.51128648800066,100.689692894079,10.0725809836344,0.671505398908962,20,32,0,0,0,0,1.69982953838471,0.0276318915368799,0.16387712957214,-54.5848449654223,10.4618047074467,45.3470058718354,0.148219013792774,0.198787063096345,6,0.264624275580524,100.689692894079,10.0725809836344,926
R0927,INFEASIBLE,0,-1.8594836604168,2.18594423978535,31.5696231837336,13.408180834494,0.893878722299597,20,8,0,0,0,0,1.39821188380333,0.0162392145505041,0.212840928972843,-56.7633983418962,12.601462338543,39.5394174020045,0.0560054332293849,0.159033531610687,3,0.186735207467329,31.5696231837336,13.408180834494,927
R0928,EASY,2,1.996176510218,0.655515285071314,98.7806098632357,11.5809008112596,0.772060054083976,20,32,1,1,1,1,1.69769690614493,0.0341744384373436,0.104340060923941,-34.7270138772243,8.47990550222378,39.5487502719808,0.00102382994319355,0.153967313225219,5,0.37276762927851,98.7806098632357,11.5809008112596,928
R0929,INFEASIBLE,0,-1.84320020652567,0.32025824542561,92.1760960139729,10.2964712578807,0.68643141719205,20,32,0,0,0,0,1.41041519638288,0.0122530902011285,0.0555279817225731,-33.1344184318026,12.2412571984192,42.7211759555168,0.085130829956887,0.132741635991592,1,0.164007531025018,92.1760960139729,10.2964712578807,929
R0930,INFEASIBLE,0,-2.06519022351935,0.385781384768605,27.6505244596255,9.45576318171089,0.630384212114059,20,32,0,0,0,0,2.0707219363793,0.0259918118479491,0.0567226551300611,-40.2783665513036,11.7882858682593,45.3978854351895,0.10160665751052,0.160781831027688,3,0.134162665996557,27.6505244596255,9.45576318171089,930
R0931,EASY,2,2.40334205138819,1.52829932339439,80.9909647287603,9.74939684564155,0.649959789709437,20,16,1,1,1,1,2.09158485754429,0.0254560498236458,0.184605901152536,-38.731933222243,9.66414593445792,28.3317906184371,0.110749544151414,0.0300444054938812,5,0.189021735307633,80.9909647287603,9.74939684564155,931
R0932,EASY,2,1.72569590186175,0.365683046040992,117.73120039745,13.8100017637085,0.920666784247235,20,32,1,1,1,1,1.93424424488809,0.032812735191152,0.0486068490659125,-44.5306736295492,11.4027180893488,45.3487345813689,0.0329312907908896,0.0868824818799143,4,0.24628239213468,117.73120039745,13.8100017637085,932
R0933,INFEASIBLE,0,-2.60387734210945,0.408375000338647,104.823800665889,10.3862965729866,0.692419771532441,20,32,0,0,0,0,0.991670888798656,0.0180953260784032,0.0525352070437292,-46.7937280590062,12.369094383469,46.9050120004611,0.139749149577714,0.203159470008248,5,0.145698020667161,104.823800665889,10.3862965729866,933
R0934,INFEASIBLE,0,-2.51079807136805,1.91017368425564,24.4505962224911,14.9154893330371,0.994365955535808,20,8,0,0,0,0,1.44050949118501,0.0188311283389639,0.232182640989459,-49.1539747543967,12.2460545053064,46.2053665189269,0.0751477873276578,0.199851446971678,1,0.0550563657891222,24.4505962224911,14.9154893330371,934
R0935,INFEASIBLE,0,-2.30690991103784,1.213038673026,109.488178857971,9.57611581328573,0.638407720885715,20,32,0,0,0,0,1.59103031028988,0.0131340448634154,0.140260217878141,-47.5802295846525,13.4312181560457,39.1772680679019,0.0644121050984145,0.192639142919247,4,0.173043694109793,109.488178857971,9.57611581328573,935
R0936,INFEASIBLE,0,-2.34178443495901,1.11638913265464,108.47851618783,11.0044183496798,0.73362788997865,20,32,0,0,0,0,1.97137550525756,0.0128617136024064,0.123433995462271,-46.3718197839594,12.9000763971958,34.0257737059353,0.117620053718531,0.203895106643264,3,0.137449367524602,108.47851618783,11.0044183496798,936
R0937,INFEASIBLE,0,-2.35417889847481,2.77874216585369,62.6355420890711,8.97855663532099,0.598570442354733,45,8,0,0,0,0,1.26917615125162,0.0256965126150139,0.198753620111003,-64.5612012706326,7.96697582700328,27.6018476843053,0.130293877770257,0.231708052207461,4,0.0707138530634372,62.6355420890711,8.97855663532099,937
R0938,INFEASIBLE,0,-1.76595016933246,1.12917398412141,96.2125969834139,13.5704091061718,0.904693940411456,20,32,0,0,0,0,1.53845607908482,0.0138701158061834,0.0867674465068704,-63.341450017025,7.14245351079465,30.6640324265036,0.0270147815234716,0.156425559939483,3,0.307187418935415,96.2125969834139,13.5704091061718,938
R0939,INFEASIBLE,0,-1.94343366298951,1.17585057878791,36.5600337791457,13.4291086143499,0.89527390762333,45,32,0,0,0,0,1.02663186556867,0.0213645643639507,0.136173961924242,-48.0683139317771,7.77102626252739,40.1109554231502,0.0104155606469088,0.17044157291252,4,0.202836314908749,36.5600337791457,13.4291086143499,939
R0940,INFEASIBLE,0,-2.16905081304738,0.923685854994585,74.5119892213604,8.56135632684612,0.570757088456408,20,32,0,0,0,0,2.0283223464264,0.0110850927164444,0.120544696889199,-47.5428154138367,12.5478154755961,49.828611139761,0.035034756203971,0.0948005105030671,4,0.264387006638711,74.5119892213604,8.56135632684612,940
R0941,INFEASIBLE,0,-2.09268947120551,2.03221043221096,27.464652922863,10.6062894140859,0.707085960939058,20,8,0,0,0,0,1.27078294791183,0.0116023756571543,0.203176354300816,-55.6917896991711,11.6637877176869,40.1284772338436,0.0611381382608756,0.193042121622466,3,0.375791571716612,27.464652922863,10.6062894140859,941
R0942,EASY,2,1.58914751731556,1.19453029516023,58.5740524343337,8.88600501724834,0.592400334483222,20,32,1,1,1,1,1.92927174914198,0.0317055723076439,0.118234353212435,-54.1951279961009,5.71644661536275,37.2455912157002,0.13436984179812,0.196015289159866,6,0.349765588586796,58.5740524343337,8.88600501724834,942
R0943,INFEASIBLE,0,-1.19184454446252,1.0012023891386,61.0747532285681,13.9723047715047,0.931486984766981,20,32,0,0,0,0,1.33757180529509,0.0119685007258846,0.11098744755869,-45.4600023292651,6.21285262810043,32.8718568795615,0.0524472449306269,0.116997369687362,2,0.24062550685627,61.0747532285681,13.9723047715047,943
R0944,FRAGILE,1,0,0.800932580350605,109.235747194526,12.2878525627334,0.819190170848893,20,16,1,1,0,0.666666666666667,1.98465145104598,0.0308466993307347,0.112915853706005,-40.5070738876757,9.80697226509954,42.2124953336315,0.0927089013450729,0.156135695392089,3,0.0509190483637785,109.235747194526,12.2878525627334,944
R0945,INFEASIBLE,0,-2.32126551148295,1.8745732758931,107.857195564207,8.67707858979894,0.578471905986596,20,32,0,0,0,0,1.9760273440793,0.0299825368628204,0.229951623971466,-45.1811134092034,13.5406175017016,39.7597215839574,0.0253238036575761,0.247181548485658,6,0.202215826234708,107.857195564207,8.67707858979894,945
R0946,INFEASIBLE,0,-2.14475016189114,1.42768952207835,66.6056776204712,13.7868017680662,0.919120117871083,20,32,0,0,0,0,1.67628301829281,0.034665026359383,0.139624525008131,-52.7299507572739,11.9856138384381,34.4216719692568,0.134144504978353,0.240234528438129,4,0.417782978435432,66.6056776204712,13.7868017680662,946
R0947,EASY,2,1.81671001874677,2.06545319054077,68.3536859679631,8.19208479140764,0.546138986093843,20,32,1,1,1,1,1.59556279670549,0.0254197481969556,0.187583264973701,-58.5950739631077,8.57324969535659,36.6556595359543,0.0228914324681894,0.113256739416002,3,0.353666462773776,68.3536859679631,8.19208479140764,947
R0948,INFEASIBLE,0,-1.91922803935346,2.28435095600357,91.6421895728523,14.4481955772464,0.963213038483093,20,32,0,0,0,0,1.38940640783222,0.0227847607430112,0.216626778325128,-58.9851828913312,13.8412393953573,40.4991440658107,0.132821695933319,0.0889925200568245,1,0.286628197147262,91.6421895728523,14.4481955772464,948
R0949,EASY,2,2.09291773156971,0.436547745454092,75.3346085021046,9.31779968885102,0.621186645923401,20,32,1,1,1,1,1.94756177373983,0.0395214226592641,0.0584409911122689,-36.0415667115253,8.2530468655742,30.1328580435468,0.140988294670215,0.247691701141325,5,0.112783584165614,75.3346085021046,9.31779968885102,949
R0950,EASY,2,1.97045432974344,0.540854531763984,28.0640192589379,9.02630141089334,0.601753427392889,20,16,1,1,1,1,1.52534897206507,0.0172836573346458,0.060499035018961,-49.6807904330627,10.9199550017504,39.9736955240263,0.0883422508783896,0.0264384806204578,2,0.414869453101352,28.0640192589379,9.02630141089334,950
R0951,INFEASIBLE,0,-2.04283047842877,0.352485895759482,30.4237324653852,8.10088405753276,0.54005893716885,20,32,0,0,0,0,2.0815259632614,0.011236501738713,0.0465623571292226,-38.1000246269558,11.41664208173,32.7867445465038,0.0972221607458044,0.242289682499992,4,0.169988132829258,30.4237324653852,8.10088405753276,951
R0952,FRAGILE,1,0,1.58833825176021,114.079273947861,14.1848175523249,0.945654503488326,20,32,1,1,1,1,1.78525403920244,0.0185280030932842,0.195136007530388,-38.8072724346096,5.80392496525979,29.4222875800011,0.00128623538738191,0.178215619535339,1,0.197559006185634,114.079273947861,14.1848175523249,952
R0953,EASY,2,2.34589820040031,0.96875031449142,114.98004075991,9.10849362004627,0.607232908003084,20,16,1,1,1,1,1.89317303631496,0.0192597646653606,0.0706230011097445,-64.2237854775475,12.0153904125881,28.3740795602187,0.0700491545826982,0.00804774568308162,1,0.0840398250919638,114.98004075991,9.10849362004627,953
R0954,INFEASIBLE,0,-1.42416524528213,1.22076342904748,24.7018647381943,9.50020816359841,0.633347210906561,20,32,0,0,0,0,1.23249042198419,0.0338951263233003,0.116564767159175,-48.774641448982,12.7796344488885,28.0750868348711,0.114141484645113,0.0967420252062376,4,0.347504327977047,24.7018647381943,9.50020816359841,954
R0955,INFEASIBLE,0,-2.31039940992834,1.47154648911421,64.357931694791,14.3751419482283,0.958342796548556,20,32,0,0,0,0,0.979709428167017,0.0173047918129172,0.193776405337135,-37.7894968551337,6.14214779878667,32.0521667101358,0.147551197790748,0.105175571251295,1,0.399727343731849,64.357931694791,14.3751419482283,955
R0956,INFEASIBLE,0,-2.27070470304445,0.975252900114583,36.6555038450198,12.9648054477559,0.864320363183726,20,32,0,0,0,0,1.01363178657298,0.0137188341353614,0.0792583147693275,-62.9456592963891,6.20919193721774,33.8725659837006,0.0296261103995698,0.156540491449571,6,0.21661761800682,36.6555038450198,12.9648054477559,956
R0957,EASY,2,1.71915516442443,1.33641383238388,32.2414145894216,13.4714897779667,0.898099318531115,20,32,1,1,1,1,2.05909512895182,0.0354636668540434,0.172451811488084,-43.0966571490479,12.5125144215314,40.0315239912614,0.0477254980452758,0.0533311424083593,2,0.190360620328557,32.2414145894216,13.4714897779667,957
R0958,INFEASIBLE,0,-1.97291268464765,1.20690105568085,25.1051405670388,11.3596280523397,0.757308536822645,20,32,0,0,0,0,2.04097507506535,0.0165589575765008,0.114502908923696,-61.2722559509083,9.61211082777076,43.7400025554881,0.126837958536312,0.171240819207979,3,0.341238796156453,25.1051405670388,11.3596280523397,958
R0959,EASY,2,1.91337244449685,0.432634917924234,77.3542296883656,9.50275342515773,0.633516895010515,20,32,1,1,1,1,1.57006619468049,0.0281110389175816,0.044899872435418,-57.988193959798,6.18467241492364,46.879999710367,0.0110662725003952,0.110296364111987,2,0.273816088598201,77.3542296883656,9.50275342515773,959
R0960,INFEASIBLE,0,-2.02719741354374,1.08305507101711,94.7454429657267,11.9153702109949,0.794358014066328,20,32,0,1,0,0.333333333333333,1.62891177360296,0.0292104118839593,0.109662426016121,-60.029439266841,8.65990756650565,47.8194469308794,0.124707978954373,0.158977240681614,4,0.357087947658501,94.7454429657267,11.9153702109949,960
R0961,INFEASIBLE,0,-2.10375962435584,1.77565656751174,73.345567552886,11.2627600432428,0.750850669549522,20,32,0,1,1,0.666666666666667,1.9994507671941,0.021052213346454,0.23331676755731,-37.6655617433838,13.3237203371926,31.7047412195649,0.110260982679079,0.114263464696162,2,0.0642527850119848,73.345567552886,11.2627600432428,961
R0962,INFEASIBLE,0,-1.79679767198262,1.96522539803432,115.574631048476,9.29742112410547,0.619828074940365,20,32,0,0,0,0,1.75684601544844,0.0209761038601569,0.184103476902617,-60.6760099395165,7.51393652262707,41.8210208053757,0.120325417119169,0.189142360755842,6,0.113344541048212,115.574631048476,9.29742112410547,962
R0963,INFEASIBLE,0,-2.3139014929536,1.83377557997059,40.0468622203755,13.5076465964796,0.900509773098638,20,32,0,0,0,0,1.96481357141688,0.0122468180759448,0.184394861794959,-49.9454555714285,13.4800940463972,32.6481498475634,0.0401083475520738,0.10910853708833,3,0.351376056964714,40.0468622203755,13.5076465964796,963
R0964,INFEASIBLE,0,-2.09628001119413,1.05963543543496,41.298333644372,12.8086024858043,0.853906832386951,20,32,0,0,0,0,2.07408049397209,0.0101208745961361,0.170055405512083,-37.9997470332278,10.9401310434569,48.1382950344599,0.0102462847199518,0.132277556295295,5,0.199620166255988,41.298333644372,12.8086024858043,964
R0965,INFEASIBLE,0,-1.91759517027149,1.611616409364,54.7159342589798,13.143516175068,0.876234411671198,20,32,0,0,0,0,1.19944440634292,0.0267046537237033,0.17840852037097,-49.4701334844289,7.27826703844926,38.8199831868762,0.063476005109714,0.161514730936661,5,0.291696460850948,54.7159342589798,13.143516175068,965
R0966,EASY,2,1.91929613928721,1.09292924028712,58.0065641654838,11.3275296528566,0.755168643523773,20,8,1,1,1,1,1.36742505205148,0.0181918724285739,0.10612445764351,-56.4252897498071,11.5940743169054,38.8557977502521,0.0047138426151256,0.00174566747216214,2,0.265565961843482,58.0065641654838,11.3275296528566,966
R0967,INFEASIBLE,0,-1.98879044708353,0.635975309583588,76.2665669582946,9.89498120315577,0.659665413543718,20,32,0,1,0,0.333333333333333,1.1776527977577,0.0200906461808679,0.077678577897502,-44.7837738130747,8.90722940572495,38.7279718392198,0.000593492364424916,0.130342087959497,5,0.334938958955461,76.2665669582946,9.89498120315577,967
R0968,EASY,2,2.12996232128499,0.573827049439728,74.4058388015169,11.0992932088039,0.73995288058693,20,32,1,1,1,1,1.30448735746935,0.0370623521995497,0.0915864851504414,-30.4279571652494,6.93484708302948,30.5286571140372,0.0860257067307763,0.130171467540463,5,0.403079938792248,74.4058388015169,11.0992932088039,968
R0969,EASY,2,2.25363527327434,1.11693449206854,99.2855266731597,14.5369757615094,0.96913171743396,20,8,1,1,1,1,2.06800920695454,0.0326329591640184,0.124714112430712,-53.320410428671,10.1864950564984,45.8800750663346,0.0485471736813802,0.008258587895474,3,0.327225616609737,99.2855266731597,14.5369757615094,969
R0970,EASY,2,2.00694259064354,0.492305931799477,116.627051464641,13.8373384559673,0.92248923039782,20,16,1,1,1,1,1.84974170256096,0.0380611434985151,0.0447911770703519,-56.7130078913005,10.0936762110261,34.4620837824095,0.036968932449758,0.0326044681208311,3,0.331048701611244,116.627051464641,13.8373384559673,970
R0971,INFEASIBLE,0,-2.0276469362625,2.24891442855092,79.9101060020402,9.35354540435588,0.623569693623725,20,32,0,1,1,0.666666666666667,1.28016929551224,0.0202147373154748,0.222134889561142,-59.4443508052803,11.7021453443082,44.6241775550276,0.0589071612431445,0.0624356267955878,5,0.3172062986874,79.9101060020402,9.35354540435588,971
R0972,EASY,2,2.18158935578101,1.29730403005477,39.0681849595554,11.6286481366571,0.775243209110471,20,16,1,1,1,1,2.02622603591992,0.0335471742791128,0.224129969406021,-34.8998735498909,12.2166256709768,47.0571253416567,0.141339780165929,0.0015968198721211,4,0.313935458039073,39.0681849595554,11.6286481366571,972
R0973,EASY,2,2.08154801233331,0.329619869371145,74.8637750131214,12.5051427935595,0.833676186237299,20,32,1,1,1,1,0.918035805549235,0.0297886490376565,0.0421440122613902,-42.8266754701863,9.65523763056863,38.8092344069861,0.0732475963957357,0.103046016305873,4,0.343140379743991,74.8637750131214,12.5051427935595,973
R0974,EASY,2,1.70128157968661,0.501776115221826,76.072302784441,14.1095178704617,0.940634524697447,20,32,1,1,1,1,2.07836641408243,0.0108102122725153,0.060804554086316,-36.5083560436193,8.15124257344062,25.3336728399357,0.110923545573872,0.0815669867948004,1,0.393259125679895,76.072302784441,14.1095178704617,974
R0975,INFEASIBLE,0,-2.79634831336953,1.13143482718562,28.5022884661099,12.8842730942681,0.858951539617873,20,32,0,0,0,0,2.02999362989386,0.0168468583173818,0.0936234449564348,-63.8839051025584,7.72375749977879,36.1704921403011,0.141973220782752,0.246961773177532,2,0.10347528897897,28.5022884661099,12.8842730942681,975
R0976,EASY,2,1.76368230517855,0.914890691971654,24.6705856007801,14.4794188533775,0.965294590225169,20,32,1,1,1,1,1.17279634511112,0.0333472021284857,0.175167124701637,-32.1912713533598,12.4765011200326,49.1704744878699,0.00743843668023143,0.0306102758744395,3,0.292260791331739,24.6705856007801,14.4794188533775,976
R0977,FRAGILE,1,0,1.71047398135085,90.977571491303,12.0770331026719,0.805135540178125,20,32,1,1,1,1,1.71601143177831,0.0358536204001091,0.214209121466236,-35.6719502703612,9.29701614210615,25.8320004903255,0.0911843918275142,0.21752118314093,6,0.385509809326237,90.977571491303,12.0770331026719,977
R0978,INFEASIBLE,0,-2.03557837072866,2.74689278186345,44.5690768988034,12.5833336092643,0.838888907284287,20,32,0,0,0,0,1.82074210711157,0.0108631112105885,0.203299968490759,-65.4707689200421,10.7016513548359,30.3911718608665,0.0370594333201522,0.12418442780656,4,0.396284407860295,44.5690768988034,12.5833336092643,978
R0979,EASY,2,1.86184261323211,2.36597829317691,71.5829623270576,9.10301379303649,0.606867586202432,20,16,1,1,1,1,1.02042516055222,0.0190808051138876,0.201963195445264,-62.6680786634654,6.25860154056795,37.0405197533677,0.134516570309323,0.0854112002274918,5,0.170532373308039,71.5829623270576,9.10301379303649,979
R0980,INFEASIBLE,0,-1.97068888760376,1.4473187754881,100.708992728447,12.0560022221605,0.803733481477367,20,32,0,0,0,0,0.98826459563254,0.0147185451545172,0.149375407092519,-53.9636786469298,7.03772223937077,40.1508055958757,0.084760586618568,0.22460300629939,5,0.373654307822365,100.708992728447,12.0560022221605,980
R0981,INFEASIBLE,0,-2.19114171751462,2.01297000203162,85.1221435415636,14.2013312392485,0.9467554159499,20,32,0,0,0,0,1.83757892712328,0.0342110678730126,0.213028192717295,-53.1783719584654,12.3126040146902,40.995009543918,0.00400552922622285,0.107207169245902,2,0.393684114747288,85.1221435415636,14.2013312392485,981
R0982,INFEASIBLE,0,-1.82915111361752,1.89625494368251,76.5145615228541,14.6165476811815,0.974436512078765,20,32,0,0,0,0,1.22979064349221,0.0152405537528454,0.172824585026359,-65.0056592641356,6.06333564758264,45.4340325407038,0.131041977019391,0.140141499786403,3,0.366889389877644,76.5145615228541,14.6165476811815,982
R0983,INFEASIBLE,0,-2.51181160084001,1.23859915323702,43.5880426931515,8.76594632621311,0.58439642174754,20,32,0,0,0,0,1.3344832782699,0.013524546684367,0.116681855020715,-55.1668557528936,13.7949022027934,34.9593149184519,0.0357364198175975,0.197012924393032,3,0.157839862028628,43.5880426931515,8.76594632621311,983
R0984,FRAGILE,1,0,0.669824209255479,117.123370152976,14.1277112070599,0.941847413803994,20,32,1,1,0,0.666666666666667,1.46895085207494,0.0360506446057678,0.0989224463829004,-34.5763489728821,13.6401962989138,33.7510772288363,0.111462040558139,0.135709976219521,4,0.278340201220361,117.123370152976,14.1277112070599,984
R0985,EASY,2,1.90899817076315,2.06026459612864,31.4231948718066,8.80519336119675,0.58701289074645,20,32,1,1,1,1,1.48016579056068,0.0337979504271365,0.236742151000484,-49.6378638393151,13.1537604953501,42.110723504425,0.0321173791929451,0.036055543996901,6,0.0898621639894071,31.4231948718066,8.80519336119675,985
R0986,EASY,2,2.22045638642881,0.422079032947784,118.450757650934,8.37356684182178,0.558237789454785,20,32,1,1,1,1,1.17519700382924,0.0323910766207356,0.0582988052535863,-41.6392814520908,10.2887511365594,42.8153562243062,0.0184876678882953,0.106899234708669,1,0.301243045364767,118.450757650934,8.37356684182178,986
R0987,INFEASIBLE,0,-1.80276752701532,1.12976264628731,99.555782734848,13.6809742868802,0.912064952458679,20,32,0,0,0,0,0.947170719566201,0.0201627282114502,0.10314534819597,-56.6191694820125,11.105137554335,34.5870256576754,0.124543152410927,0.110549221957099,3,0.1912952990978,99.555782734848,13.6809742868802,987
R0988,INFEASIBLE,0,-1.81630093549471,0.74087437290624,75.0192663241874,11.2549012974066,0.750326753160437,20,32,0,0,0,0,1.20663509665025,0.0128253862962168,0.125079160638774,-32.3289701070246,6.568065494008,38.559009341511,0.0487665895200649,0.105578167921225,2,0.153014478478595,75.0192663241874,11.2549012974066,988
R0989,EASY,2,2.01232360892726,2.23998376123377,106.767676521545,9.44286977699167,0.629524651799445,20,16,1,1,1,1,1.89266584662131,0.0262124542471835,0.237310055755258,-48.211405983924,12.8872164843392,33.7678565219048,0.0190126225563652,0.0309079482601068,5,0.0575226950431087,106.767676521545,9.44286977699167,989
R0990,INFEASIBLE,0,-1.8095192831864,0.716053864582928,66.9135128131915,10.4856697826507,0.699044652176716,20,32,0,0,0,0,1.6947002369465,0.0176993309013456,0.141939682208453,-30.2483008833521,6.3543168234174,46.5349869959481,0.0897320919271914,0.137360894408012,1,0.211570425710189,66.9135128131915,10.4856697826507,990
R0991,INFEASIBLE,0,-2.597225243629,1.95729176070011,24.279839897704,11.7765101759517,0.785100678396779,20,32,0,0,0,0,1.38504434661355,0.0147446385954453,0.173669626183143,-51.5351599355472,9.04318666349213,27.0648245802672,0.118343507833174,0.228720390785832,1,0.100062473861728,24.279839897704,11.7765101759517,991
R0992,INFEASIBLE,0,-2.1733380791114,0.692371150699033,52.491839231505,14.0998312491763,0.939988749945084,20,32,0,0,0,0,1.93044095838864,0.0279174953185528,0.0914425031275955,-38.2899680637924,6.82651227588891,33.1016505570663,0.016804354683642,0.22049744195032,3,0.148940091338157,52.491839231505,14.0998312491763,992
R0993,INFEASIBLE,0,-2.05497965714509,1.03554953500733,94.524521745443,14.3965804377208,0.959772029181387,20,32,0,0,0,0,1.64413027092934,0.0260090977010213,0.171320492422903,-31.1585595511412,13.7200250623542,34.3948146555879,0.0701669474508609,0.175177653496362,5,0.239116100599111,94.524521745443,14.3965804377208,993
R0994,INFEASIBLE,0,-2.14081012457842,0.46908410173094,113.744368074579,13.5832812805494,0.905552085369959,20,32,0,0,0,0,2.05179812865739,0.0211981327699817,0.0458350785771277,-60.7823268456889,13.4350752193072,45.6573322961577,0.105839035126296,0.175644521565993,5,0.059427769497623,113.744368074579,13.5832812805494,994
R0995,INFEASIBLE,0,-1.92822718840916,1.60949218140454,45.9939139842046,10.5717099266638,0.704780661777585,45,16,0,0,0,0,1.38169174493238,0.0391052930351215,0.148866826574476,-56.2377576290385,10.436706186308,35.0215583499029,0.1396528127173,0.206717913214378,4,0.226913541611734,45.9939139842046,10.5717099266638,995
R0996,INFEASIBLE,0,-2.30670542273312,2.58577394252784,45.581448481331,8.02946618414256,0.535297745609504,20,32,0,0,0,0,1.67324254734412,0.0274444108378607,0.238984986357766,-66.8139771455978,8.23545615219878,49.3578385199965,0.0275911424302276,0.244046343303558,1,0.425539765759299,45.581448481331,8.02946618414256,996
R0997,INFEASIBLE,0,-2.02530067436503,0.722211330349779,61.3596147513476,8.36086302243443,0.557390868162296,20,32,0,0,0,0,0.966091270270911,0.0364586432382172,0.0888312699909217,-50.4174883274219,11.3465077269667,49.7767935116687,0.083401766157078,0.127815294511489,1,0.344632784294256,61.3596147513476,8.36086302243443,997
R0998,EASY,2,2.18639244083389,0.535240855230497,115.065108279385,9.68353356147633,0.645568904098422,20,16,1,1,1,1,1.6702622933641,0.0137903097281138,0.0621948394314677,-40.1600243111949,6.11208727077214,28.1876896433538,0.127999357708178,0.00760055579237712,4,0.208305873772937,115.065108279385,9.68353356147633,998
R0999,INFEASIBLE,0,-1.60712363513598,0.447735504939304,89.8907526082168,13.6591787278077,0.91061191518718,20,32,0,0,0,0,1.48930456166542,0.0303695630575625,0.0428060972168126,-62.3073805365435,7.93590128597096,45.9312792527738,0.109657400265337,0.179995601688739,2,0.215015830883222,89.8907526082168,13.6591787278077,999
R1000,INFEASIBLE,0,-2.4002367260474,1.62274467733729,45.693025248641,9.38899210394943,0.625932806929962,20,32,0,1,0,0.333333333333333,1.66978922992932,0.0198099482299298,0.151781233952069,-65.8614973944806,6.19076821215023,49.1202229939304,0.129209134670596,0.126012815268833,1,0.0531614913920092,45.693025248641,9.38899210394943,1000
R1001,EASY,2,1.80067761123219,2.08778051403622,67.7584125424617,12.358103278515,0.823873551901002,20,32,1,1,1,1,0.99477429891214,0.0386242973513687,0.238068744505585,-50.4879353039262,13.2273960551668,42.9014194817837,0.0272710712736613,0.0603093645719404,5,0.227215364704706,67.7584125424617,12.358103278515,1001
R1002,INFEASIBLE,0,-2.20114526464101,1.18928780173275,117.406253189895,11.696273279066,0.779751551937731,20,32,0,0,0,0,1.42789656451947,0.0123145386855283,0.199547285627231,-36.0003052261956,11.2626656067869,47.2271179300133,0.0717603073753505,0.144647212085363,2,0.441085605782309,117.406253189895,11.696273279066,1002
R1003,INFEASIBLE,0,-2.39003397258927,0.90047918952653,20.821156774051,11.1453147114572,0.743020980763814,20,32,0,0,0,0,1.60209579842285,0.0182261401549512,0.118041457070018,-36.2250164116953,11.8058048382247,29.1877287213823,0.0997516398631174,0.225750493775871,3,0.235117979129473,20.821156774051,11.1453147114572,1003
R1004,EASY,2,2.064556757318,0.948627105464325,72.3901705631342,9.87958121922855,0.65863874794857,20,32,1,1,1,1,1.70000116520111,0.0171648586546878,0.161845607246478,-32.9275193783386,8.92357059790372,40.849821061809,0.039142248100362,0.0482373910793923,5,0.0769289525855366,72.3901705631342,9.87958121922855,1004
R1005,INFEASIBLE,0,-2.44646589108334,0.943246605793476,112.303652511919,10.5827266594608,0.705515110630723,20,32,0,0,0,0,0.979367813121619,0.0103205373876823,0.123135769814997,-45.2333780913476,9.93087576459932,45.1333281647245,0.0674405056606524,0.175457424035601,5,0.41619913644874,112.303652511919,10.5827266594608,1005
R1006,EASY,2,1.93365916871464,0.679008807949172,67.7799034675278,8.3094546965838,0.55396364643892,20,32,1,1,1,1,1.46659946286061,0.0398862895588796,0.0708793007328454,-55.2419156949379,5.31402303385878,43.0414458224344,0.0667791573462822,0.143596442788481,4,0.192814305934659,67.7799034675278,8.3094546965838,1006
R1007,INFEASIBLE,0,-2.35404032681019,0.626334733045579,39.7698848317263,14.3539148974537,0.956927659830246,20,8,0,0,0,0,1.61824932067583,0.0128897036689623,0.0943901332574363,-40.8090220826615,9.54325614884927,48.9569032890984,0.121583981585352,0.234424087342414,4,0.167200080955129,39.7698848317263,14.3539148974537,1007
R1008,INFEASIBLE,0,-1.86717315719979,1.5148885390221,90.1564434841842,13.2076771918242,0.88051181278828,20,32,0,0,0,0,1.42283765909999,0.0266335697761465,0.147524378307695,-48.5078546545143,11.1733288330582,28.8836263869622,0.0698429282804684,0.157153727011781,5,0.406585097927885,90.1564434841842,13.2076771918242,1008
R1009,INFEASIBLE,0,-1.97381142832002,0.595312699842116,38.6154513657241,13.8882881102173,0.925885874014488,20,32,0,0,0,0,1.18077976892788,0.0370465611184201,0.0711967818821196,-48.382162011497,10.4003498435472,43.3373481130859,0.11704865550631,0.210456131777797,4,0.382754032822458,38.6154513657241,13.8882881102173,1009
R1010,EASY,2,2.09315384029896,1.61200762402005,78.3041704502317,8.00246837559207,0.533497891706138,20,32,1,1,1,1,1.73495008144033,0.0354319125389276,0.182969365604256,-42.9147017499306,6.88097779155574,30.7111540084786,0.141396439953273,0.160414883992838,2,0.182723361421564,78.3041704502317,8.00246837559207,1010
R1011,INFEASIBLE,0,-2.03205624192375,1.50414988102031,56.8440963019546,9.7034891191396,0.646899274609306,20,32,0,0,0,0,1.66720676708255,0.0349658076854029,0.142409151999466,-60.8623002524421,13.3325514193764,42.9785396674905,0.146746033791893,0.232604029650914,4,0.090458296215962,56.8440963019546,9.7034891191396,1011
R1012,FRAGILE,1,0,0.926872254724523,102.946946479891,8.57795657195752,0.571863771463835,20,8,1,1,0,0.666666666666667,1.08850700703599,0.0383668497216219,0.0800078688866974,-67.2087422795029,6.2505515155154,43.5650818781097,0.115466521450606,0.146309448875797,5,0.276609991303394,102.946946479891,8.57795657195752,1012
R1013,EASY,2,1.70388583416503,1.46051436157344,43.0883458037303,9.13131779850764,0.608754519900509,20,8,1,1,1,1,1.12728965085139,0.0399387209385935,0.215483811525727,-39.9730008424418,11.5237995228621,45.0207262485094,0.0228412778073992,0.0168370152910022,5,0.155917160088382,43.0883458037303,9.13131779850764,1013
R1014,INFEASIBLE,0,-2.02566705510254,1.20429024302123,77.7041632010463,14.6186873794635,0.974579158630903,20,32,0,0,0,0,1.07787291318464,0.0213425968540871,0.136048296421263,-48.4089996577111,9.45878687354098,38.7112730869054,0.0277490522794106,0.170236149579253,2,0.270515456164879,77.7041632010463,14.6186873794635,1014
R1015,EASY,2,2.09604510738821,1.90857289592021,73.6281903173474,12.1242647503429,0.80828431668953,20,8,1,1,1,1,1.21217360118067,0.0233778865119838,0.143007040694062,-67.0680228388094,6.78173475528286,32.6881016299298,0.0621892156010249,0.0261338379993908,3,0.191558892359854,73.6281903173474,12.1242647503429,1015
R1016,INFEASIBLE,0,-2.03725863418849,0.616972013753817,84.5992989784884,14.2312176682161,0.948747844547743,20,32,0,0,0,0,0.956510874960017,0.023171937996828,0.0801839039964135,-41.7177573932096,10.6826179619128,38.0493052187465,0.0596052507284445,0.119409386129185,5,0.0546633690504181,84.5992989784884,14.2312176682161,1016
R1017,EASY,2,1.8485580136053,2.44010555396427,53.2724519495205,10.757546971348,0.717169798089864,20,32,1,1,1,1,1.63618847080034,0.0321949931560644,0.21524627322629,-68.2785509844698,5.65353805508424,46.9552333995621,0.0444321817122618,0.0898744222503946,2,0.370743083695331,53.2724519495205,10.757546971348,1017
R1018,EASY,2,2.29573213216377,0.331989175276225,74.5853872593249,11.088293168762,0.739219544584132,20,32,1,1,1,1,1.90062574950913,0.0254966376396712,0.0565416462060055,-31.636956772526,8.93108323030672,37.5785319543054,0.0618102508244313,0.0675084193624985,1,0.398557566786416,74.5853872593249,11.088293168762,1018
R1019,EASY,2,1.65962543069522,1.62960313303483,60.0252818616892,10.6895057660913,0.712633717739418,20,32,1,1,1,1,2.00789471633247,0.0248588591967191,0.145550725347146,-60.841178430322,8.29474881503526,38.2227243017415,0.0968913698954606,0.0555630053577924,3,0.264737915711062,60.0252818616892,10.6895057660913,1019
R1020,EASY,2,2.30360764111708,0.636161931510616,72.8589372705656,14.2574690675338,0.95049793783559,20,32,1,1,1,1,1.14684358700996,0.0276018453208947,0.0746161165274811,-52.962828317852,10.6357918726499,49.9497852653081,0.0188981082405018,0.0542996049917277,5,0.420343899646034,72.8589372705656,14.2574690675338,1020
R1021,INFEASIBLE,0,-2.39382076207535,0.816136339328905,85.233250233296,8.78333615274337,0.585555743516225,20,32,0,0,0,0,1.5123092331054,0.0165425145698343,0.124104307137523,-38.7417499806673,7.31372620907869,44.9229328965016,0.144031686793488,0.231243009703321,3,0.230365214779552,85.233250233296,8.78333615274337,1021
R1022,INFEASIBLE,0,-2.02707017915425,1.52822061886865,66.0822633718723,9.71085131248623,0.647390087499082,20,32,0,0,0,0,1.59981330072881,0.0170309416676502,0.192412508505088,-36.1600822430769,5.22494757531696,26.8296291389564,0.0242779568876775,0.248008671544546,2,0.0530480563266178,66.0822633718723,9.71085131248623,1022
R1023,INFEASIBLE,0,-1.52947007817909,0.777885718707829,50.1993381951262,10.26822643051,0.684548428700668,20,32,0,1,0,0.333333333333333,1.80733892059582,0.037606265028255,0.0704852255904548,-57.7394339188547,10.416722372667,35.4299869215382,0.0637165551003187,0.153055843579994,5,0.175520998849164,50.1993381951262,10.26822643051,1023
R1024,INFEASIBLE,0,-1.93848158964843,1.52329183007058,70.387603878247,14.4992964939719,0.966619766264793,20,32,0,0,0,0,1.54549040120939,0.031560550098924,0.195394378771127,-48.3533882344251,11.5340042840633,49.7935494648085,0.0861660814342753,0.136178665520488,1,0.120746569465272,70.387603878247,14.4992964939719,1024
R1025,EASY,2,2.09414274450226,0.891375341625994,48.0390828067089,14.6716507643541,0.978110050956937,20,32,1,1,1,1,1.6519363013338,0.0381354847238096,0.0873958909364842,-51.8812138926518,10.5440507890363,33.492102468237,0.0178112442128334,0.0625675969662254,5,0.306677443974928,48.0390828067089,14.6716507643541,1025
R1026,FRAGILE,1,0,1.85885112106543,37.0347764037455,11.9893357066891,0.799289047112609,20,32,1,0,1,0.666666666666667,1.01329467505721,0.022672225065446,0.136662482512111,-64.3110040756524,11.1985369210165,28.9361890505247,0.0880606485131701,0.0927277339598476,1,0.276847488041701,37.0347764037455,11.9893357066891,1026
R1027,EASY,2,2.39545596333735,1.18402275761734,117.450359909214,8.18394261769419,0.545596174512946,20,8,1,1,1,1,1.95446142700921,0.0269037688908996,0.164127830044922,-32.2744933085974,7.07139009335336,25.9074446108877,0.0459039481005548,0.126201634690803,4,0.416764812951433,117.450359909214,8.18394261769419,1027
R1028,EASY,2,1.96495260649755,0.473015844883313,84.9373404014221,14.3321407559226,0.955476050394843,20,32,1,1,1,1,2.08007457352331,0.0345992379062061,0.058618484823934,-48.9468246705101,12.9434903212799,47.6242558525582,0.14719918889971,0.0488034137848031,5,0.261604303236225,84.9373404014221,14.3321407559226,1028
R1029,INFEASIBLE,0,-1.90992063915022,0.884943089858083,42.971177885738,11.8320832123037,0.78880554748691,20,32,0,0,0,0,1.35149312169279,0.0306151755245911,0.147016068821805,-37.1855224458276,11.7475640054753,49.3978513292495,0.101968784505774,0.163864185690634,2,0.372281302108487,42.971177885738,11.8320832123037,1029
R1030,EASY,2,2.14327065279701,1.18762421587691,119.550279240218,10.0041225683258,0.666941504555051,20,16,1,1,1,1,1.09466476283263,0.03689092040387,0.105482839726276,-63.3310888799777,10.090698552155,40.9544223405045,0.121128592302459,0.00652198058503056,3,0.374412696182551,119.550279240218,10.0041225683258,1030
R1031,EASY,2,1.79708797752807,1.10563951667196,30.3645420309499,10.3246779487438,0.688311863249584,20,16,1,1,1,1,1.2278247481292,0.0101909723070571,0.109975929829538,-46.1958940990642,8.41133774730807,27.3297898039342,0.034756946687098,0.00189533569932073,5,0.152420161783774,30.3645420309499,10.3246779487438,1031
R1032,EASY,2,1.52973193061929,1.16658771973598,119.116608759538,8.63982106562007,0.575988071041338,20,32,1,1,1,1,1.71939720016984,0.0391797675543176,0.201138952464183,-33.0140163584824,12.4726665567574,41.9387660707343,0.0836035047310769,0.132054379360447,4,0.200509763992131,119.116608759538,8.63982106562007,1032
R1033,EASY,2,1.90970028444896,1.02573181611269,97.2403024348003,13.0874959628876,0.872499730859172,20,32,1,1,1,1,1.55492281308621,0.0235948372734349,0.083344487133276,-60.4163098265359,6.37631355840238,31.1929070843691,0.0196161529068006,0.00706043604042511,2,0.141104861661106,97.2403024348003,13.0874959628876,1033
R1034,EASY,2,1.65857729114279,1.14480890822586,31.8203742539363,8.8284468307196,0.588563122047973,20,32,1,1,1,1,1.23634912860643,0.0331419862318963,0.0867041101064222,-65.4050167358057,11.2439766261253,31.7611961067371,0.124509040159429,0.0946311535055119,5,0.200866123098116,31.8203742539363,8.8284468307196,1034
R1035,EASY,2,2.02707017915425,1.35116904332489,60.5855690506242,12.2266917629496,0.81511278419664,20,32,1,1,1,1,1.404405205902,0.0202310797605291,0.186775607390837,-34.8229992184734,6.05416620501437,29.9926365647837,0.0624182655089998,0.062709349839626,2,0.0576747147220362,60.5855690506242,12.2266917629496,1035
R1036,EASY,2,1.76230527099273,1.13501257969366,69.513586645296,9.05241932785007,0.603494621856672,20,32,1,1,1,1,1.84413694108844,0.0299983800016786,0.109517519340131,-54.2616506967529,8.66815821699601,35.4824178552671,0.0436403727979162,0.0974549340171188,5,0.357621413869268,69.513586645296,9.05241932785007,1036
R1037,INFEASIBLE,0,-2.59146219207937,2.37706453454824,22.2921177730313,10.8872840462272,0.725818936415144,20,8,0,0,0,0,1.46802661994347,0.0110278776173709,0.213195275744095,-64.8474012108017,10.9559748083514,43.7844318019301,0.103115250622447,0.210138095400473,4,0.279610709491401,22.2921177730313,10.8872840462272,1037
R1038,INFEASIBLE,0,-2.17807048059604,2.17524763529793,50.0683176478729,9.82432566993205,0.654955044662136,20,16,0,0,0,0,1.34062199912295,0.0283614620949743,0.213411583181844,-63.0941008689112,10.3758363730005,49.5972313167912,0.0418437065398708,0.142454225044101,2,0.146618637111512,50.0683176478729,9.82432566993205,1038
R1039,EASY,2,2.27069061085203,0.716017342836154,101.690225254838,13.7149769240491,0.914331794936609,20,16,1,1,1,1,2.0845955627395,0.0248922985997419,0.0685083255035533,-57.605384260142,10.079244633127,39.3212336579851,0.0952210372098945,0.00919073267231041,2,0.083272078823744,101.690225254838,13.7149769240491,1039
R1040,EASY,2,1.84810941511464,0.772170098367119,93.1360938786257,10.2311875771534,0.682079171810229,20,8,1,1,1,1,1.15911208477785,0.0268672906238095,0.0542199798405721,-68.1506201755476,9.17384600937066,29.6410596509971,0.0546523632161116,0.0592527432636372,5,0.0845345906103717,93.1360938786257,10.2311875771534,1040
R1041,EASY,2,1.891920629021,1.15265586289751,21.8286704601328,14.8477196686978,0.98984797791319,20,32,1,1,1,1,1.14643265965623,0.0258150105562715,0.12896251746362,-46.0189031946377,12.4812090746533,34.3132268680784,0.140640597852263,0.0559986795779711,4,0.110855301405145,21.8286704601328,14.8477196686978,1041
R1042,INFEASIBLE,0,-1.54465216220461,1.82748530959764,86.5869880105347,14.8353803916169,0.98902535944113,20,32,0,0,0,0,1.31467594299255,0.0365248349116238,0.17705039866858,-48.0174850973042,12.6202224232395,28.0121347332385,0.124813332483163,0.183418862525664,2,0.242737432955579,86.5869880105347,14.8353803916169,1042
R1043,INFEASIBLE,0,-1.55596829855033,1.47385369261895,75.1256263398901,10.1960086880582,0.679733912537216,20,32,0,0,0,0,1.00414403801998,0.0225630399786464,0.144191137155971,-55.3448018690513,9.17588114201401,37.9475216314639,0.0795031532704198,0.123085481287604,1,0.32129628349485,75.1256263398901,10.1960086880582,1043
R1044,EASY,2,2.05813780696428,1.36430551878051,21.1300963131796,13.7375331937419,0.915835546249462,45,32,1,1,1,1,0.942859308533775,0.0268581804041735,0.184782040105927,-34.5119009714341,11.8826528972392,28.2810392018389,0.0620888886332345,0.0445967080658655,5,0.319329232845043,21.1300963131796,13.7375331937419,1044
R1045,EASY,2,1.73601262416858,2.06269847277783,65.9152468558781,8.02410727119174,0.534940484746116,20,32,1,1,1,1,2.01424743965971,0.030791352899221,0.231357790030871,-48.7300470655175,10.6030506056741,38.6680061555085,0.13510955570565,0.0842398822805564,1,0.114864988232346,65.9152468558781,8.02410727119174,1045
R1046,EASY,2,2.113890612898,1.5592116929369,100.375336209358,14.0270520191857,0.935136801279046,20,32,1,1,1,1,1.60707929859263,0.0297461909559377,0.226156233879918,-41.481023155755,13.6926177628784,46.8562186650983,0.0956847736766824,0.0336583450831188,2,0.430634266122259,100.375336209358,14.0270520191857,1046
R1047,INFEASIBLE,0,-0.938145026827849,1.08196571785607,26.002011332129,10.2166629961329,0.681110866408861,20,32,0,1,0,0.333333333333333,1.98890215429726,0.0131084228553579,0.127693960790478,-43.9849002754126,9.31294710450019,34.880467395144,0.0813560344818858,0.0872850926032588,4,0.407203598461575,26.002011332129,10.2166629961329,1047
R1048,INFEASIBLE,0,-2.03389269346588,1.12949686050127,21.3559053067087,13.4182945742128,0.894552971614189,45,32,0,0,0,0,1.21818689934605,0.0282568481842316,0.105925509838419,-60.6299804472174,10.1667289182048,41.8472846613728,0.00975104405487441,0.141161838517657,1,0.443380535516785,21.3559053067087,13.4182945742128,1048
R1049,EASY,2,1.87192451993517,0.538041360135999,92.3210825769367,14.0956626071291,0.939710840475276,20,32,1,1,1,1,1.06001896816484,0.036700333410681,0.0682136608717746,-43.8432352691142,7.23844951324223,39.9924432146796,0.0152893104626545,0.154210741774186,5,0.425226572205577,92.3210825769367,14.0956626071291,1049
R1050,FRAGILE,1,0,1.49363480265196,68.0186283966126,10.2342463701711,0.682283091344739,20,32,1,1,1,1,1.90395758745652,0.0309136523477939,0.136269184926411,-57.9624500789517,10.7410163891938,36.1960595897735,0.0914946554101314,0.171813814811157,3,0.349068791949683,68.0186283966126,10.2342463701711,1050
R1051,EASY,2,1.91204401829284,0.717983112854469,54.0218677480791,8.44576737495938,0.563051158330625,20,16,1,1,1,1,1.14803132600524,0.0235656190476136,0.0925252640320252,-38.8566233792521,12.310472752223,32.4551544197291,0.069877369776523,0.0808960020759519,2,0.176650737197575,54.0218677480791,8.44576737495938,1051
R1052,EASY,2,2.08970963186279,0.842192167795364,35.8560752524749,12.765735026181,0.8510490017454,20,32,1,1,1,1,1.6061094143944,0.0335055881596483,0.154889577444518,-31.4516420853495,8.93672102385054,43.3081866799546,0.069365176003199,0.0964649491757007,4,0.415609130105491,35.8560752524749,12.765735026181,1052
R1053,INFEASIBLE,0,-1.74459996376964,1.66752579068739,31.9815701998601,9.04589084212629,0.603059389475086,20,32,0,0,1,0.333333333333333,1.64636119735419,0.022979104056944,0.149268632897113,-64.8746317265095,7.34487769681729,43.6519007792971,0.00958947986606834,0.109951958356246,3,0.265380741693684,31.9815701998601,9.04589084212629,1053
R1054,EASY,2,2.07908117981052,1.18809713032885,105.772784733763,11.8189841481236,0.78793227654157,20,32,1,1,1,1,1.17599022201974,0.0104186858452842,0.154316983145862,-34.5558816000009,5.02588988566286,26.0752731543764,0.0321990026830145,0.0804377334244268,1,0.219890181288754,105.772784733763,11.8189841481236,1054
R1055,INFEASIBLE,0,-2.13503713069131,1.22488784641379,32.0118862370983,14.522813548874,0.968187569924936,20,8,0,1,0,0.333333333333333,0.981598345609681,0.0379045512155575,0.155471028238184,-40.1171443457599,7.1215047925887,33.5604418495812,0.108191621500489,0.15847032806741,3,0.342354845194242,32.0118862370983,14.522813548874,1055
R1056,INFEASIBLE,0,-1.71915353244807,0.763659988270265,107.547004188695,10.127196370357,0.675146424690468,20,32,0,0,0,0,1.92845822672852,0.0175948954313618,0.107033937870215,-41.0708285750856,8.53845269103414,42.891498629879,0.04925749419908,0.235613054333146,4,0.168958546683658,107.547004188695,10.127196370357,1056
R1057,EASY,2,2.09801586888054,1.13570678895289,61.9638189788577,10.4257018708317,0.695046791388781,20,32,1,1,1,1,2.0599150415364,0.0150057224275798,0.167819147544566,-41.2956581198385,7.0973398826586,48.1970789754284,0.119246738156584,0.0295562256242987,1,0.345817180306704,61.9638189788577,10.4257018708317,1057
R1058,EASY,2,1.90007353590908,1.86850844129577,104.004945396592,13.1685918558477,0.877906123723182,20,32,1,1,1,1,1.45911106866131,0.0287959751874367,0.230518422464963,-42.1136361473141,5.77557219483119,34.9404092618022,0.138561043115454,0.0685093149096663,4,0.368273634302147,104.004945396592,13.1685918558477,1058
R1059,EASY,2,2.24459426488252,1.8900321484931,72.505566883241,14.8809942598978,0.992066283993187,20,8,1,1,1,1,1.886871461443,0.0354730583824705,0.177245074533668,-50.2966444543987,6.42661233518722,28.7971394326935,0.0234595845943251,0.0214659096817666,2,0.406905325955393,72.505566883241,14.8809942598978,1059
R1060,INFEASIBLE,0,-2.05082198855644,0.413607327956769,35.6773365417168,14.7011682744151,0.980077884961007,20,32,0,0,0,0,1.31681426278011,0.0161880869316148,0.0417253140736353,-57.1368360392827,6.61761734910572,43.0047583606059,0.0481347500353779,0.139868479343726,4,0.346434163815598,35.6773365417168,14.7011682744151,1060
R1061,INFEASIBLE,0,-1.9800613965778,0.930207497727986,53.0206966149812,14.2752454463802,0.951683029758681,20,32,0,0,0,0,2.04719548544397,0.0125884574738125,0.142326674943121,-31.7431122319758,13.8591004751883,30.5332688463962,0.136348001128601,0.0921609773321009,2,0.119819725490815,53.0206966149812,14.2752454463802,1061
R1062,FRAGILE,1,0,1.93043903080225,42.0960113269883,11.2433459519293,0.749556396795284,20,32,1,1,1,1,1.26009729595081,0.0183242604409551,0.151417243122966,-61.6873723994743,8.63151509798495,30.3034719819894,0.0714242226254554,0.0925477340783058,6,0.10969262057346,42.0960113269883,11.2433459519293,1062
R1063,EASY,2,1.80139266727623,1.74903213520244,73.4366023289616,10.1568994020331,0.677126626802208,20,16,1,1,1,1,1.45357491927851,0.0168706762984582,0.210977387342893,-49.875620837581,9.42910803880541,46.8504998208822,0.039656223886411,0.0111091299394559,6,0.17588925907095,73.4366023289616,10.1568994020331,1063
R1064,FRAGILE,1,0,0.653926996392412,37.5995090582637,12.6151570410396,0.841010469402642,20,8,1,0,1,0.666666666666667,1.706534658657,0.036674829561535,0.0467273255789615,-61.5362330506857,7.01028854078176,25.026867134311,0.149430513654873,0.220017279322216,1,0.443235509002593,37.5995090582637,12.6151570410396,1064
R1065,INFEASIBLE,0,-2.33291340593258,0.650088399892025,23.8598675802283,8.38815873368313,0.559210582245542,20,32,0,0,0,0,1.95036314872863,0.0130584747210748,0.0864907518864566,-33.548297927005,6.70851741731109,25.7867643343029,0.135555115284661,0.212154955254085,4,0.136221198459081,23.8598675802283,8.38815873368313,1065
R1066,EASY,2,2.08378839199957,1.48664252203527,50.4756880786739,14.0283529141582,0.935223527610546,20,16,1,1,1,1,1.89828571151641,0.0205418925852167,0.180202169172004,-46.5234755540249,5.23707922449392,41.1635277894965,0.122485353485186,0.00567014235708836,5,0.328199972157546,50.4756880786739,14.0283529141582,1066
R1067,INFEASIBLE,0,-1.97151589349176,2.1723284152196,98.2991703609579,12.5254921244596,0.835032808297307,20,32,0,0,0,0,1.85618743538493,0.0320586582366691,0.191112738385179,-61.0603781269939,5.52342553094286,37.351551022658,0.0833291131112049,0.248394981245474,1,0.218870386468392,98.2991703609579,12.5254921244596,1067
R1068,EASY,2,2.11215180401894,2.39988490189004,99.8426061635896,14.7347687517385,0.982317916782565,20,32,1,1,1,1,1.65034633089627,0.0282337924882516,0.185505738414122,-61.481005668592,12.7931976303155,29.2332535129439,0.0642480342391655,0.0454509543107927,3,0.195614873868682,99.8426061635896,14.7347687517385,1068
R1069,INFEASIBLE,0,-1.81264673300257,2.07988466228358,53.227438643447,14.8009082063389,0.986727213755929,20,32,0,0,0,0,1.46381599146955,0.0190423208770272,0.193035718635269,-55.1984412088194,6.32241190778296,33.9712739044918,0.120207290135549,0.133053195643278,5,0.384752143644226,53.227438643447,14.8009082063389,1069
R1070,EASY,2,1.60712363513598,0.545332152041996,76.670103365763,12.1624698829339,0.810831325528929,20,32,1,1,1,1,1.48204919703505,0.0293135166605007,0.0614159622890735,-52.7133177712499,9.08923696826201,45.6186442552129,0.0862160867720998,0.0645916683814877,2,0.176378357597824,76.670103365763,12.1624698829339,1070
R1071,INFEASIBLE,0,-1.7702191830883,2.13435646439893,88.5032566971528,9.07799718707048,0.605199812471365,20,32,0,1,0,0.333333333333333,1.02942868786018,0.0181635322018226,0.205220184876549,-61.2984999959415,10.3862156483431,44.9642437071969,0.0871599656814369,0.0974298337028053,4,0.246651134372906,88.5032566971528,9.07799718707048,1071
R1072,FRAGILE,1,0,0.570699898339025,116.932683276178,10.5341145261637,0.702274301744243,20,32,1,1,0,0.666666666666667,1.15827952864116,0.0284786863546365,0.0657711026930531,-53.1387456108138,6.94653975976155,48.5443409666449,0.116597587864873,0.226140653177611,2,0.220355131774535,116.932683276178,10.5341145261637,1072
R1073,INFEASIBLE,0,-1.9616742035693,1.31807387355572,57.0241584938339,11.1031074830877,0.740207165539177,20,32,0,0,0,0,2.01254267205418,0.0169969691290387,0.209149431442581,-38.513014577769,11.8020011268925,48.3404020847066,0.000762902615037052,0.0915549908452382,2,0.172048913825609,57.0241584938339,11.1031074830877,1073
R1074,EASY,2,1.92006166278825,0.636979145547427,79.1683265277244,9.71865456147301,0.647910304098201,20,8,1,1,1,1,2.05599496367763,0.0246873603235459,0.0847136192520077,-34.3039130770706,6.09201426157075,26.9404427600041,0.104839734249209,0.0739755686779172,5,0.0683040409751585,79.1683265277244,9.71865456147301,1074
R1075,INFEASIBLE,0,-2.32978003660629,2.25682841788987,93.4932415201055,12.0474562748729,0.803163751658194,20,32,0,0,0,0,1.1439265326006,0.0389095107482204,0.180530987685909,-55.9031359711605,11.9064474541476,25.884520949375,0.046187925244714,0.209969081219418,3,0.447967307960119,93.4932415201055,12.0474562748729,1075
R1076,INFEASIBLE,0,-1.92704299515787,0.908181933077583,101.949429463457,10.1589073798594,0.677260491990627,20,32,0,0,0,0,1.45609114096956,0.0231094259630531,0.0762361181301068,-67.4434284803375,12.8770669737544,41.4874238931431,0.098409297302183,0.165208357222413,2,0.312089871934787,101.949429463457,10.1589073798594,1076
R1077,INFEASIBLE,0,-1.77637489987035,1.32244638633084,31.2378430810004,9.50881953014247,0.633921302009498,20,32,0,0,0,0,1.72172306062792,0.0372319989525146,0.131481661999375,-46.5055694324465,13.0569057257832,27.6723162177593,0.14227185373954,0.195490949118816,6,0.28105767956272,31.2378430810004,9.50881953014247,1077
R1078,EASY,2,1.87267023577267,1.23890354170756,86.5182753398072,8.96149756383511,0.59743317092234,45,8,1,1,1,1,2.04815566747177,0.0185194423871779,0.123240304245732,-47.7035903868478,9.50745695318058,29.1470110869894,0.0735231009984262,0.0115635496652898,5,0.0957517654663921,86.5182753398072,8.96149756383511,1078
R1079,EASY,2,1.72080392717995,1.25303344203276,100.439831659283,11.7929753276139,0.786198355174258,20,16,1,1,1,1,1.91629667063638,0.0367931134470828,0.223628259045951,-31.0287028750392,6.96771536932213,39.6932482340197,0.100281692488568,0.0977610713022979,4,0.42227718184473,100.439831659283,11.7929753276139,1079
R1080,EASY,2,1.51844616804033,2.27897350352273,86.0020683095731,9.84081540581001,0.656054360387334,20,32,1,1,1,1,1.29640963371062,0.0381051954707819,0.196173997552749,-61.6103198129019,5.55985850488683,36.4059707443676,0.110534411130024,0.163683503849162,5,0.316096365121661,86.0020683095731,9.84081540581001,1080
R1081,FRAGILE,1,0,1.63033602304464,83.7898694528064,12.8945494255783,0.859636628371885,20,16,1,1,0,0.666666666666667,1.62154136778207,0.0378242594797621,0.168013216246079,-57.0236455459485,5.39434751989307,44.6996328428629,0.0603066115744371,0.183110820253504,2,0.185229204350892,83.7898694528064,12.8945494255783,1081
R1082,INFEASIBLE,0,-2.23951306703925,1.51203465970618,46.4559247884279,10.4530039619297,0.696866930795316,20,32,0,0,0,0,0.976541428995444,0.026580377256101,0.150008586360071,-61.2113837106043,8.99013375289873,47.7347327126263,0.0328031998736585,0.15489557456169,3,0.215632688527484,46.4559247884279,10.4530039619297,1082
R1083,INFEASIBLE,0,-1.8710370868014,1.68588639272806,32.6889759834283,14.1317660859654,0.942117739064363,20,32,0,0,0,0,1.81605720420568,0.0313596737337132,0.133931893996226,-68.0506304760629,9.97754287404497,37.83006379676,0.0508841187119975,0.167698504836299,3,0.39405353080141,32.6889759834283,14.1317660859654,1083
R1084,INFEASIBLE,0,-2.0476402839995,1.93238224716757,83.4875508803045,13.6286587780434,0.908577251869557,20,32,0,0,0,0,0.921066625068109,0.033413922671654,0.168951658462314,-66.8912629649379,9.96948073676564,44.2730038797306,0.101866695784735,0.168223407111438,4,0.0645108127345632,83.4875508803045,13.6286587780434,1084
R1085,EASY,2,1.48147686887602,0.359290964249758,51.1091559865896,14.3990832787501,0.959938885250009,20,32,1,1,1,1,1.02796669072663,0.0325828963136446,0.0434930863768495,-40.5656473909145,12.0030391022119,31.2123194937149,0.0718648044588487,0.0640890798565525,2,0.431216418307793,51.1091559865896,14.3990832787501,1085
R1086,EASY,2,1.85147596086099,1.77114955454282,82.6713834906097,11.0695236543162,0.737968243621077,20,8,1,1,1,1,1.67538043188419,0.0139164153738285,0.145023158523529,-58.0786898334969,7.04655771010857,29.272460547094,0.0648423090800575,0.0176859750985825,4,0.373425995704647,82.6713834906097,11.0695236543162,1086
R1087,INFEASIBLE,0,-1.52612609904408,2.35454770258853,27.2608034874721,11.4429666056287,0.762864440375245,20,32,0,0,0,0,1.68440539962525,0.0174197126630843,0.197413698648545,-63.7968168686686,12.3558349089747,37.0338583402713,0.0286681153085209,0.0566184316081669,3,0.123874350517903,27.2608034874721,11.4429666056287,1087
R1088,INFEASIBLE,0,-1.76195386331249,0.905247705821507,21.6396287841677,13.1995722894421,0.879971485962809,20,32,0,0,0,0,1.25391719573304,0.0214634487073697,0.113903447059762,-42.2614332096209,9.28783717681813,36.6006390584711,0.109883051273463,0.0725754794994918,3,0.423094621371096,21.6396287841677,13.1995722894421,1088
R1089,INFEASIBLE,0,-2.25634923140734,1.00743187144863,85.4096713488249,13.1297811742278,0.875318744948519,20,32,0,0,0,0,1.59346083185398,0.0138467850912269,0.171990421077677,-31.4721310685089,7.03681296951701,37.3672215215121,0.107212479661714,0.243830425508057,3,0.157381682427249,85.4096713488249,13.1297811742278,1089
R1090,INFEASIBLE,0,-1.38246733534763,0.60790608340581,84.8528680556488,9.25400542776604,0.616933695184402,20,32,0,0,0,0,2.09186145553431,0.0330258352256993,0.0579872894163589,-58.0641611650869,11.4896053610099,39.7072954664157,0.0520614317963273,0.162322621441786,4,0.167626609103636,84.8528680556488,9.25400542776604,1090
R1091,INFEASIBLE,0,-2.15134554967702,1.55248054904888,76.033694478895,13.0446779236059,0.86964519490706,20,32,0,0,0,0,2.07969366177526,0.0156832293001981,0.188782873093829,-50.5420269976719,7.28404422461007,48.8921927591085,0.139406970560946,0.174159786032188,2,0.276389524059583,76.033694478895,13.0446779236059,1091
R1092,EASY,2,1.89437048551434,1.08237945873611,102.198034744362,13.0154531809301,0.867696878728674,20,32,1,1,1,1,1.7376049845432,0.0219663932584114,0.103732874711525,-64.0808174878075,12.2570824895722,48.8192594998535,0.143101866791255,0.0672392690603224,5,0.147780649453488,102.198034744362,13.0154531809301,1092
R1093,INFEASIBLE,0,-1.84353595388427,2.20015376366343,58.2920723597651,13.7428841696784,0.916192277978557,20,32,0,0,0,0,1.06805994935752,0.0236144599706737,0.214054465880162,-53.3120125176925,11.2935927543289,34.8220256045773,0.0389465345343522,0.211887487585008,2,0.0694250921434905,58.2920723597651,13.7428841696784,1093
R1094,EASY,2,1.85754147562296,0.66055992656868,32.2171327528763,13.5161197089993,0.90107464726662,20,32,1,1,1,1,1.23774445324398,0.0316605490822342,0.0687942887342071,-45.186169188641,7.94425483947841,28.6650516288141,0.0315924507947288,0.101455694991745,2,0.223039257967257,32.2171327528763,13.5161197089993,1094
R1095,INFEASIBLE,0,-2.10593076899896,2.16553599920164,55.0101510162697,14.4388269556497,0.962588463709983,20,8,0,0,0,0,1.52148985487543,0.018641567931776,0.190406465275541,-68.37071060433,9.06036359573957,46.7771880018973,0.11653901069796,0.19971158564582,4,0.327070723683712,55.0101510162697,14.4388269556497,1095
R1096,INFEASIBLE,0,-2.19042042348805,0.478705918655997,33.3495816882393,9.53163913741929,0.635442609161286,20,32,0,0,0,0,2.07691827998684,0.0397074020762377,0.042504378021505,-68.4857452457215,5.36452091401084,47.8620686957359,0.0947423812827308,0.1950703513694,4,0.424001220573574,33.3495816882393,9.53163913741929,1096
R1097,INFEASIBLE,0,-1.78928410358463,1.4391323916965,20.0670342104702,11.194974113539,0.746331607569266,20,32,0,0,0,0,1.87721374553712,0.0274899114958921,0.135078885882709,-54.4599737767195,9.17024523347165,33.8212501171198,0.102483345758684,0.182218837510022,2,0.213140345056314,20.0670342104702,11.194974113539,1097
R1098,FRAGILE,1,0,1.07937097253763,92.5544526497707,12.5727556935456,0.838183712903039,20,32,1,1,0,0.666666666666667,1.6978178037465,0.0297666577280452,0.0901885114244288,-55.6683250912718,6.95560274558651,28.005197225555,0.0727870248999777,0.239334828526711,5,0.410399216661632,92.5544526497707,12.5727556935456,1098
R1099,INFEASIBLE,0,-1.7845074020525,2.0162875891782,61.9380569770584,11.3997840842455,0.759985605616365,20,32,0,0,0,0,1.77982363054217,0.0281630018807695,0.184694443500939,-66.5458104605883,10.7652454820825,48.0956170064002,0.091174002666453,0.115470734136134,2,0.344905926694737,61.9380569770584,11.3997840842455,1099
R1100,INFEASIBLE,0,-2.90168182896077,0.907151815141846,35.3878567449548,14.3498892197973,0.956659281319819,20,8,0,0,0,0,1.61213002956255,0.0107645339644849,0.0679276733533159,-60.7330221447855,12.9073215718512,26.7697720763122,0.0896514894378568,0.207330766934109,4,0.0770384665695388,35.3878567449548,14.3498892197973,1100
R1101,EASY,2,2.14475016189114,1.31303480789126,69.7008975161985,14.6141815384511,0.974278769230075,20,32,1,1,1,1,1.7254977921191,0.0319621645273182,0.104799173310533,-66.0832819548939,13.7544442263231,36.0087295997723,0.11639742599965,0.056431425333879,3,0.419876035978692,69.7008975161985,14.6141815384511,1101
R1102,INFEASIBLE,0,-2.01804840149307,1.60046168921053,59.6162297602456,12.9422796729706,0.862818644864705,20,32,0,0,0,0,1.36329534836791,0.0321713174650897,0.14635147963488,-67.5006689636603,7.30490446470059,49.3152433535153,0.0991614487753006,0.211690468367368,4,0.412064008163103,59.6162297602456,12.9422796729706,1102
R1103,INFEASIBLE,0,-2.02965942962248,0.519389311081608,45.2174670833467,14.073490276785,0.938232685118997,20,32,0,0,0,0,1.65883445912222,0.0379185625421613,0.0602372133647708,-50.7666897835001,7.86127500842853,44.8706933032469,0.021199709405681,0.198850016768715,2,0.156611386138405,45.2174670833467,14.073490276785,1103
R1104,INFEASIBLE,0,-1.13472232320187,1.41182555067174,61.8405501872158,9.34218355119383,0.622812236746255,20,32,0,0,0,0,1.40592510021347,0.0179979557016054,0.118831589460126,-57.2955381121689,6.48837228373617,30.1026479810904,0.0277840021421709,0.145128189662458,2,0.0774235280221689,61.8405501872158,9.34218355119383,1104
R1105,EASY,2,1.92495359533563,0.407874912357836,51.7971118112498,14.5450422147089,0.969669480980594,20,32,1,1,1,1,1.8266091199712,0.0315362798935321,0.0690732647737537,-32.1168443631172,10.5392656769373,38.2906793461606,0.102644162905688,0.0501530426602323,4,0.0846433816690394,51.7971118112498,14.5450422147089,1105
R1106,INFEASIBLE,0,-1.90839572513681,0.273408707988201,109.647611080064,12.7474195352742,0.849827969018278,20,32,0,1,0,0.333333333333333,1.04927076982366,0.0309682701775257,0.0449985585541443,-36.0780445624621,8.48981728093282,45.6372910483374,0.00416734341245416,0.212515910195305,4,0.393450395236235,109.647611080064,12.7474195352742,1106
R1107,FRAGILE,1,0,3.19222252959785,103.67543391153,13.8209219278057,0.92139479518705,20,16,1,1,0,0.666666666666667,1.26288439394087,0.0343600053805122,0.224994282712083,-62.5750965648761,6.80618785977623,25.1779903203277,0.020678191263117,0.1723706364568,6,0.37656766535722,103.67543391153,13.8209219278057,1107
R1108,FRAGILE,1,0,1.54690795028496,93.820467907571,10.2651053099894,0.684340353999292,20,32,1,1,1,1,1.93349471019376,0.0332291940968099,0.161095313017771,-54.7136954008735,9.91606260533242,42.0233161738525,0.1383186046976,0.162055936088209,2,0.129491337073108,93.820467907571,10.2651053099894,1108
R1109,EASY,2,2.37041797364688,0.89668443033709,30.6081477658397,10.4098358138779,0.693989054258529,20,32,1,1,1,1,1.91580691682139,0.0354526603818345,0.141294059056007,-31.8105014632058,5.09089986892176,32.5215273163974,0.146592126072103,0.0134248712922505,3,0.0960253974106478,30.6081477658397,10.4098358138779,1109
R1110,EASY,2,1.94418530956494,2.2783168785289,53.4828242166987,10.2362036387358,0.68241357591572,20,32,1,1,1,1,1.54356664958504,0.0277509240154668,0.180697967909166,-56.8995693531931,10.1077098713623,26.3607400235389,0.110295512822878,0.0451686245405473,3,0.369564485106022,53.4828242166987,10.2362036387358,1110
R1111,EASY,2,2.06297075648899,1.31778870437865,104.149752350561,13.667329116508,0.911155274433865,20,16,1,1,1,1,1.53043640495231,0.031828669918809,0.120276813515655,-63.9014289991879,8.38737206843171,44.0306162606767,0.0936909971317381,0.0242362869641302,2,0.0979113163853566,104.149752350561,13.667329116508,1111
R1112,FRAGILE,1,0,1.65173314382183,97.0514314519148,13.6843387309999,0.912289248733327,45,32,1,1,1,1,1.18570868420592,0.0300153449558977,0.201821498645897,-39.2680358339925,13.0939180695443,29.7985272983337,0.107050986909187,0.111041397024419,2,0.23387388002254,97.0514314519148,13.6843387309999,1112
R1113,EASY,2,2.28479904580504,2.47692376375254,85.8263999280465,12.2688024005674,0.817920160037824,20,32,1,1,1,1,1.90925674971689,0.0356401568224586,0.226326381233993,-50.1652114909522,13.9844282026478,27.1964194993377,0.0209720896749172,0.0892284267203231,3,0.149859399645309,85.8263999280465,12.2688024005674,1113
R1114,EASY,2,1.96515639868653,0.825262179634968,69.2504770981748,14.940482551924,0.99603217012827,20,32,1,1,1,1,1.62486322109778,0.0253481418694662,0.0779688808753826,-60.9618168380888,6.9390499733067,42.9374132212776,0.0349924174232201,0.0641930791040843,5,0.21959997070218,69.2504770981748,14.940482551924,1114
R1115,EASY,2,1.72658549826967,0.449796688106008,26.6135229724719,8.22361163953962,0.548240775969308,20,32,1,1,1,1,2.02350810979196,0.0327677311762699,0.0587085753288717,-38.145961888714,10.8661045389674,32.0869970644584,0.0943792191114999,0.0598079724405474,5,0.205534009704545,26.6135229724719,8.22361163953962,1115
R1116,FRAGILE,1,0,0.274038475395976,57.1977316751751,10.0546502689071,0.670310017927139,80,32,1,1,0,0.666666666666667,1.50935635933383,0.0370329521100486,0.0438953140730646,-32.8026228027264,5.67344048601873,35.7348310653735,0.0489616502691401,0.206967309102414,3,0.136359908274901,57.1977316751751,10.0546502689071,1116
R1117,FRAGILE,1,0,3.49202283058322,113.43590416494,10.3148087488588,0.687653916590588,20,8,1,1,0,0.666666666666667,1.41395123070605,0.03947774620702,0.226722053136075,-69.7005579857866,11.1902301625031,26.5074071887021,0.0935623504944209,0.136947868972757,5,0.26012831725721,113.43590416494,10.3148087488588,1117
R1118,FRAGILE,1,0,0.426699990714815,69.5661456420576,14.965369676265,0.997691311751,20,32,1,1,0,0.666666666666667,2.00247432590292,0.0317516678199639,0.0489384935220311,-51.6850261770232,9.98415011156247,45.4827550958718,0.0543759506265965,0.145657396618161,5,0.264177507992884,69.5661456420576,14.965369676265,1118
R1119,INFEASIBLE,0,-2.63655164374138,2.04592630448426,57.3234418833948,12.0616459865706,0.80410973243804,20,8,0,0,0,0,1.04800458071767,0.0127007885479014,0.220464436782559,-57.3142469436129,13.1485122970558,49.372333330105,0.0937727913190306,0.164744449475198,2,0.126419120801734,57.3234418833948,12.0616459865706,1119
R1120,EASY,2,2.1622654806382,0.442363356263349,93.5220719539179,12.1867021339226,0.812446808928174,20,16,1,1,1,1,1.19047520662594,0.0108382539546482,0.0769825377456501,-32.4630307459036,9.62551295605137,41.3109936886442,0.0482624402884813,0.0138297680794471,5,0.341530719798482,93.5220719539179,12.1867021339226,1120
R1121,INFEASIBLE,0,-1.84907241389659,1.73418427888334,28.8178595788682,12.1531127786236,0.810207518574908,20,8,0,0,0,0,1.23385261978145,0.0253173630049099,0.201540416611174,-41.5565999225462,13.9700587633189,30.190839252354,0.0656060384501682,0.204125462226164,1,0.159473617069647,28.8178595788682,12.1531127786236,1121
R1122,INFEASIBLE,0,-1.36998752569882,1.40947654466006,20.2876902077519,10.6440304277769,0.709602028518462,20,32,0,0,0,0,1.7476272310704,0.0322957650683633,0.116990202621122,-68.8634682526529,7.50383023451368,42.2885136400703,0.105659201559646,0.142842383352358,5,0.268429855073582,20.2876902077519,10.6440304277769,1122
R1123,INFEASIBLE,0,-2.02280458025833,2.19833922637555,24.415787343221,12.4119124084863,0.827460827232419,20,8,0,0,0,0,1.3014134934556,0.0175699663985443,0.23606762327689,-51.730151263884,12.9650135608669,39.9422283468849,0.053322102841141,0.167468896606561,2,0.241792107252904,24.415787343221,12.4119124084863,1123
R1124,EASY,2,1.78366553298331,1.16666462954527,105.293309928079,10.807857042406,0.720523802827066,20,32,1,1,1,1,1.24652990403862,0.0279584342826412,0.0999105929774422,-53.5402620387519,5.319714122514,27.2115545103893,0.0302574299098961,0.182011148763253,3,0.236035932299523,105.293309928079,10.807857042406,1124
R1125,INFEASIBLE,0,-1.52973193061929,1.3924194729449,117.972622833422,9.97001920188892,0.664667946792594,20,32,0,0,0,0,1.74205469898397,0.0226482770033692,0.200388822440078,-37.524371907545,13.175968350055,37.7480942105537,0.0890517680070221,0.141555030044244,3,0.221869780900501,117.972622833422,9.97001920188892,1125
R1126,INFEASIBLE,0,-2.17059166587283,1.81012642067192,22.3511443527561,14.6000917365328,0.973339449102184,20,8,0,0,0,0,1.25098502453108,0.0121132545995226,0.148444646150784,-64.6980352035992,11.6178616139948,36.4380228392797,0.0702106131681632,0.15154646186778,5,0.161470907939886,22.3511443527561,14.6000917365328,1126
R1127,INFEASIBLE,0,-1.73643396746052,0.602338620771021,69.2865442279902,8.34389548780279,0.556259699186853,20,32,0,0,0,0,1.46222418356579,0.0265046641777928,0.076850477363471,-39.91727609302,7.89167389140775,33.5733649623272,0.0765768171925708,0.21775688332093,4,0.41833480550459,69.2865442279902,8.34389548780279,1127
R1128,FRAGILE,1,0,1.29779454975006,77.9588331117749,12.5427648423484,0.836184322823229,20,32,1,1,1,1,1.32327930332984,0.0285196897910023,0.156695302372668,-44.3220873758811,10.59138532718,37.0682283633624,0.107534612882238,0.118493338671245,4,0.118802760677796,77.9588331117749,12.5427648423484,1128
R1129,INFEASIBLE,0,-2.31625422855843,2.39865170305486,28.163734518259,10.9817869312239,0.732119128748263,20,8,0,0,0,0,1.02738404644047,0.0222885352510268,0.216059082281497,-60.2763016408532,12.6665603742879,38.156209528214,0.0151345778446787,0.185394173762254,4,0.231740344430936,28.163734518259,10.9817869312239,1129
R1130,EASY,2,1.98597664205865,0.582244293361803,109.824577160363,13.3853211565341,0.892354743768939,20,32,1,1,1,1,0.932924132860183,0.0210239781962885,0.0453085489593868,-61.7345664474286,6.71843343200105,29.872253655005,0.0780031416052454,0.117690138353421,4,0.299779622365147,109.824577160363,13.3853211565341,1130
R1131,INFEASIBLE,0,-1.74611704786412,1.54160040761522,85.6436224703154,14.0081678966184,0.933877859774559,20,32,0,0,0,0,1.35288000639327,0.0369381464747766,0.140794695810801,-63.0734038059826,11.1781126512565,42.9519464151025,0.111019821284485,0.137510418274583,2,0.300785912400767,85.6436224703154,14.0081678966184,1131
R1132,INFEASIBLE,0,-1.4251863572085,1.30380064630072,74.2728049597153,9.43978775714932,0.629319183809955,20,32,0,0,0,0,0.904274596766283,0.0155153353528387,0.169352519542515,-45.1643966150351,10.8102857267634,44.5466164511171,0.0744376997253817,0.0810563447182231,6,0.369633277996147,74.2728049597153,9.43978775714932,1132
R1133,INFEASIBLE,0,-2.05203025989499,1.22896358842048,36.5155967363599,11.453018295178,0.763534553011865,20,32,0,0,0,0,1.24873069410971,0.0277687397448931,0.142526775532611,-50.748584852885,7.55302822617793,44.8357168473213,0.0570708786263047,0.232970384133165,4,0.0600585491926605,36.5155967363599,11.453018295178,1133
R1134,INFEASIBLE,0,-2.54022509968089,1.58596119437575,96.0490918368541,12.6542608074891,0.843617387165939,20,32,0,0,0,0,0.917401541390349,0.0153449813193631,0.166667948492695,-58.8892740997851,10.0998912318142,49.5738701839499,0.0649946697604677,0.14382386740285,1,0.101828494185405,96.0490918368541,12.6542608074891,1134
R1135,EASY,2,2.39765737223509,0.482330277401587,58.801767589298,11.947366239416,0.796491082627733,20,8,1,1,1,1,1.68670773871502,0.0268914443914919,0.0845055982910638,-34.0154495650483,9.15733009523274,45.9722436247182,0.00303436781821276,0.0235399301639239,5,0.10104919889592,58.801767589298,11.947366239416,1135
R1136,FRAGILE,1,0,0.57984052600819,46.224802994955,8.22037727391869,0.54802515159458,20,32,1,1,1,1,1.90980566184936,0.0111599968682468,0.0560826942951622,-60.6221003943782,7.13698583643909,44.5004009392904,0.0449770769094149,0.0649069235828154,4,0.165124051416392,46.224802994955,8.22037727391869,1136
R1137,INFEASIBLE,0,-1.8363368129907,1.69325103440044,71.6233815827877,13.2270354524998,0.881802363499988,80,16,0,0,0,0,1.42016217972596,0.0271166929600591,0.155823484315351,-56.8031422464345,9.64523794644443,35.3695229187346,0.0441759471379278,0.243893917881154,1,0.169733207986572,71.6233815827877,13.2270354524998,1137
R1138,EASY,2,2.23015563232456,1.01545648290245,29.0856610617302,13.7480883150671,0.91653922100447,20,32,1,1,1,1,1.0284659745082,0.023541186630748,0.175377273882284,-33.9124621842425,6.89325429801121,44.4021499238643,0.0936355523135339,0.0153881029720689,5,0.298707251231504,29.0856610617302,13.7480883150671,1138
R1139,EASY,2,1.54378429438564,0.45005489320923,90.0848934557672,13.1094379644097,0.873962530960648,20,32,1,1,1,1,1.98538222757832,0.0132569800661894,0.0535195941458171,-39.1442799629488,7.41276161568168,28.047400872554,0.0836440061566457,0.109753215397987,4,0.427729215251009,90.0848934557672,13.1094379644097,1139
R1140,EASY,2,2.11455890560024,0.859881183281759,107.799253204602,9.31204620230099,0.620803080153399,20,32,1,1,1,1,1.31235825945814,0.0399012083945913,0.12685317437392,-41.5802397032188,10.4311110986867,48.7036065658241,0.00323687194397869,0.108152641545585,2,0.180308183232143,107.799253204602,9.31204620230099,1140
R1141,EASY,2,1.87697793868179,2.45544006004195,112.387145120327,10.5930961790401,0.706206411936006,20,8,1,1,1,1,1.70847557011403,0.0207988114077281,0.228148092006507,-66.6437111260148,11.9281545893497,49.6311926815912,0.0394136817586549,0.0138965211658342,4,0.135724028723089,112.387145120327,10.5930961790401,1141
R1142,FRAGILE,1,0,1.07776554104015,75.7999355269457,13.9139442432839,0.927596282885591,20,32,1,1,1,1,1.00788227975408,0.0333974073923042,0.125202206374408,-45.0608748924739,8.91037359182692,35.4679406460257,0.0745523717309512,0.163462378114478,6,0.389006696492408,75.7999355269457,13.9139442432839,1142
R1143,INFEASIBLE,0,-2.16119548097723,2.40078854797704,41.3500406180175,14.6525385057311,0.976835900382077,20,8,0,0,0,0,1.62304863650618,0.023483386181995,0.226054599356683,-59.8513685249379,12.0585452588163,41.1081943649674,0.108540553039552,0.161089175790244,6,0.359452447890254,41.3500406180175,14.6525385057311,1143
R1144,INFEASIBLE,0,-2.10099096663031,1.13224260764141,44.760852528658,14.9014073255278,0.993427155035189,20,32,0,0,0,0,2.06179901296446,0.0249397988938547,0.193556979419444,-30.0378894108726,10.8810943032595,34.1302028512886,0.0366604889322385,0.114869662858294,4,0.430337958519847,44.760852528658,14.9014073255278,1144
R1145,INFEASIBLE,0,-1.61756713400582,1.05659952057878,56.9349813334491,12.6368875764816,0.842459171765441,20,32,0,0,0,0,1.15414655368184,0.0325935763554645,0.151711085724628,-38.0329727611066,11.3684385821281,38.6007476099779,0.0452146110662624,0.189755212449388,6,0.35627615187998,56.9349813334491,12.6368875764816,1145
R1146,EASY,2,2.08595470995393,0.773442907333254,110.309776424238,11.4029180825192,0.760194538834617,20,16,1,1,1,1,1.48816475659336,0.0334358936291401,0.0793195304052291,-60.4477172721821,5.65845544043039,49.7421912918122,0.0537466416236152,0.09634348497802,5,0.353739143521319,110.309776424238,11.4029180825192,1146
R1147,INFEASIBLE,0,-1.52616163519712,0.485756133596435,58.2732557603512,13.2866409186183,0.88577606124122,20,32,0,0,0,0,1.84180284176059,0.0166286948064276,0.0700728752533066,-41.699494081679,6.06840625702464,46.8366925103354,0.0061665217962196,0.190517130644166,3,0.267745596556749,58.2732557603512,13.2866409186183,1147
R1148,INFEASIBLE,0,-2.07430635984906,1.89350533228861,29.8442884615499,13.7010574642795,0.913403830951966,20,8,0,1,0,0.333333333333333,1.96026089138847,0.0399471589158478,0.239472572702799,-35.1994171049546,5.73599775825032,25.651383606774,0.125741866340633,0.145014832432117,5,0.256543108907653,29.8442884615499,13.7010574642795,1148
R1149,FRAGILE,1,0,2.60091930977709,68.3298334367014,9.33214726869495,0.62214315124633,20,32,1,1,0,0.666666666666667,1.75593749484317,0.032212607683907,0.234550667264048,-62.0881506681878,7.61292132452247,40.5787246422989,0.102736939460348,0.121904694923386,6,0.10565563658695,68.3298334367014,9.33214726869495,1149
R1150,INFEASIBLE,0,-1.93190326584054,2.1821479008906,34.3709944694038,8.32151968353841,0.554767978902561,20,32,0,0,0,0,0.961430632155617,0.0266087039718025,0.18774979974211,-53.3940484322996,8.14236226953187,27.3172928669513,0.0271711582726327,0.111327259567944,4,0.244571815949111,34.3709944694038,8.32151968353841,1150
R1151,FRAGILE,1,0,0.346794585252291,76.604115229492,9.79383867145067,0.652922578096711,20,32,1,1,1,1,1.61917464177919,0.0250091376587352,0.0583890284558119,-33.9854995403586,6.17432590872658,42.3805467248728,0.0455600199040999,0.161701697037752,4,0.32603595665156,76.604115229492,9.79383867145067,1151
R1152,FRAGILE,1,0,0.697821631255719,91.1487939108218,8.01688807980958,0.534459205320639,20,32,1,1,0,0.666666666666667,1.06701923552895,0.0325386789463629,0.0457991356624534,-68.8300131575834,13.0102166056362,26.4145228897661,0.0769576269359127,0.236613925459998,2,0.260663705343888,91.1487939108218,8.01688807980958,1152
R1153,INFEASIBLE,0,-1.8709663524412,0.825905394615928,23.1763414784425,14.6559405313056,0.977062702087037,20,32,0,0,0,0,1.49145313029631,0.0348703023810127,0.136541788521687,-37.0056440146685,13.8433779874459,48.447108215073,0.00326922357711114,0.127411736419646,3,0.0620283471572236,23.1763414784425,14.6559405313056,1153
R1154,EASY,2,2.11021285507492,1.56024451823125,119.816376563645,14.504320795953,0.966954719730201,20,8,1,1,1,1,1.87530160395344,0.0202672282747115,0.201064306742675,-42.0472716962376,9.38032325439123,38.003328014969,0.0671289753361582,0.0350508391103842,2,0.100627293554267,119.816376563645,14.504320795953,1154
R1155,INFEASIBLE,0,-1.9892692144874,1.24233906446526,54.7748481691563,11.9418942561333,0.796126283742219,20,32,0,0,0,0,1.5797477787362,0.0171692472352552,0.195729628250742,-35.6362039925997,11.7118809365138,40.8015901580162,0.130517017296336,0.120420688156466,4,0.325175259170657,54.7748481691563,11.9418942561333,1155
R1156,EASY,2,2.44012462688182,0.811859845264444,116.074837215322,10.9303778949682,0.728691859664547,20,16,1,1,1,1,1.63694912727432,0.0208709910947964,0.0958018370428789,-47.6251081085409,6.08120764158703,40.8807501831471,0.120082068515047,0.00490292857996642,3,0.328772994082939,116.074837215322,10.9303778949682,1156
R1157,EASY,2,2.18987024458378,1.45993321324507,93.9100435337347,14.8292594348401,0.988617295656008,20,32,1,1,1,1,1.61568502852652,0.0320324294424554,0.158751720723836,-47.5033665850091,6.65781289892483,34.5367161217177,0.0312133429893557,0.0875516446865243,2,0.0566949530064675,93.9100435337347,14.8292594348401,1157
R1158,EASY,2,1.79301987497609,1.45243639663501,67.0445674579439,9.40870008976436,0.627246672650957,20,32,1,1,1,1,1.60340277688448,0.0351505909379624,0.15257707364477,-53.3590298237677,5.12662846015955,40.6688153306834,0.0900486070550257,0.168477133899302,3,0.124305290771518,67.0445674579439,9.40870008976436,1158
R1159,EASY,2,1.7702191830883,1.66751198228718,112.03865715341,9.41009811113203,0.627339874075468,20,32,1,1,1,1,1.04745906610125,0.0223491742314601,0.173284306488221,-56.9831410153435,6.41877357112937,45.3873330999191,0.0924034864196323,0.0655074597025536,4,0.368394250583792,112.03865715341,9.41009811113203,1159
R1160,INFEASIBLE,0,-2.58382307791693,2.27198433231812,114.590410456021,10.8812624748853,0.725417498325689,20,32,0,0,0,0,1.21141141410378,0.0294212058318221,0.200011786355442,-63.7254058147473,12.3915828843286,40.7368167803794,0.0170433268253108,0.236306108087538,2,0.0632709030972902,114.590410456021,10.8812624748853,1160
R1161,EASY,2,1.82088438576774,1.60869444362645,105.917400668937,10.6676787817779,0.71117858545186,20,8,1,1,1,1,1.14765082137878,0.0230430282611509,0.146645374100841,-61.9523338730747,9.50987210014495,41.282530716131,0.120584690628191,0.0118204176315651,5,0.404195692236398,105.917400668937,10.6676787817779,1161
R1162,INFEASIBLE,0,-2.45378595568238,1.45505932127048,59.6876779878288,9.4548418810104,0.63032279206736,20,32,0,0,0,0,2.00020154152382,0.0114526365543396,0.165966961040969,-49.7865221547426,12.1476843809844,41.7413817452287,0.0115456616702503,0.19629979311902,2,0.342495355692608,59.6876779878288,9.4548418810104,1162
R1163,EASY,2,2.08957233359087,1.28454048076661,61.7110267434642,11.1568261284584,0.743788408563894,20,32,1,1,1,1,1.03758914650482,0.0354198797730603,0.150906303148133,-49.5533302268248,6.84827912567888,43.8658167488793,0.129695349169072,0.000915039733864214,4,0.252353009674819,61.7110267434642,11.1568261284584,1163
R1164,FRAGILE,1,0,1.69285194902316,32.2720392486791,9.90449016566223,0.660299344377482,80,32,1,0,0,0.333333333333333,1.22194761559001,0.0366118757863131,0.182388731270051,-46.7555784937048,12.4486752838411,32.8462864106483,0.0934217885921407,0.103228371481371,4,0.232553001696784,32.2720392486791,9.90449016566223,1164
R1165,INFEASIBLE,0,-1.87569195573533,0.772415446381134,27.5463691636708,12.4711610101163,0.831410734007755,20,32,0,0,0,0,1.16194034268375,0.0300573498083772,0.0712312558503123,-57.7567908216237,11.531408703155,36.7203462895488,0.0446119076444671,0.102584441384485,3,0.0660533778501703,27.5463691636708,12.4711610101163,1165
R1166,EASY,2,2.35301758879219,1.06341501000554,86.7887921394347,10.7005871493795,0.713372476625303,20,32,1,1,1,1,1.87416075309008,0.0362516076683068,0.19815891547911,-31.8563839256891,11.5626242385359,45.6116698207183,0.0464862798702418,0.0832590199128489,6,0.0533799701645844,86.7887921394347,10.7005871493795,1166
R1167,EASY,2,1.68921258560128,0.841447629973524,50.7336892414069,10.9703146955616,0.731354313037437,20,32,1,1,1,1,1.33252500715315,0.0374853269011811,0.0557305205304822,-69.7479717842836,7.24796815475813,27.6220902107169,0.0467286271824327,0.105991821727981,4,0.378441961252412,50.7336892414069,10.9703146955616,1167
R1168,INFEASIBLE,0,-2.06458789522487,0.537176153482607,94.3903296595883,12.5931965774899,0.839546438499326,20,32,0,0,1,0.333333333333333,1.54017815080323,0.0337357615687731,0.070695030937976,-46.870864100877,12.7662129312157,49.250608992553,0.101131470695897,0.135317077221265,1,0.294713248564011,94.3903296595883,12.5931965774899,1168
R1169,INFEASIBLE,0,-2.18019573895433,0.597660813461687,44.3277394990361,8.92512821964496,0.595008547976331,20,32,0,0,0,0,1.79042163441767,0.0140036027068108,0.0544633757126833,-67.8882425215288,13.488177421976,49.5393196219147,0.053399405708077,0.146569910294755,3,0.0614677624609769,44.3277394990361,8.92512821964496,1169
R1170,INFEASIBLE,0,-1.510281445892,1.13417216628318,71.034336124573,13.5130778330184,0.900871855534558,20,32,0,0,0,0,1.24726946487494,0.0115708174064242,0.082407391314539,-69.8901804081274,7.61169923034808,33.3785942823159,0.0187087476217573,0.140030271101944,6,0.292876518438589,71.034336124573,13.5130778330184,1170
R1171,INFEASIBLE,0,-2.30462400762991,2.0138027914065,95.5005759366581,10.0239365639618,0.668262437597455,20,32,0,0,0,0,1.01441263640146,0.0184533788193162,0.171901619420034,-56.0327102341441,10.0193487780728,29.6122000495359,0.0647836895810178,0.214005182524326,1,0.0873195724581858,95.5005759366581,10.0239365639618,1171
R1172,EASY,2,2.18878378520512,2.10915374374929,118.897719157064,10.1398238347667,0.67598825565111,20,8,1,1,1,1,1.53198566617354,0.035959358247356,0.214280445328291,-50.5711428259289,8.04407448086036,34.1676805083507,0.020357641090362,0.0739053079807376,1,0.19202163565803,118.897719157064,10.1398238347667,1172
R1173,EASY,2,1.99857796780748,2.44504510814998,56.7423683017322,10.1147585725461,0.674317238169743,20,32,1,1,1,1,2.03811073700702,0.0245803381216934,0.237202003990441,-56.6762997682599,5.76049714804643,39.1315716195664,0.141495131773262,0.0712545661523425,4,0.109065016688588,56.7423683017322,10.1147585725461,1173
R1174,EASY,2,2.25043317359501,2.01044864537841,80.4674547164909,8.12423085121391,0.541615390080927,20,8,1,1,1,1,0.929102340586203,0.0186703078962417,0.227716348509211,-42.2098377743307,11.9594867454029,29.586335481075,0.0918549292022001,0.0213226903124606,2,0.0737168339491042,80.4674547164909,8.12423085121391,1174
R1175,INFEASIBLE,0,-2.23572557540526,2.50729973541493,29.7443379619211,12.9887687057939,0.865917913719594,20,32,0,0,0,0,1.60432620973296,0.0362052882667103,0.217389313534081,-55.5876329892771,9.95680478317518,30.0664111920684,0.0231412999008969,0.0563526828528859,4,0.440846700747163,29.7443379619211,12.9887687057939,1175
R1176,INFEASIBLE,0,-2.2721280592217,0.401787685396857,25.4190326257687,14.8797082703179,0.991980551354525,20,32,0,0,0,0,1.12404809447583,0.0209537096635668,0.0454914485008365,-49.3951352544853,6.78920856393364,40.4851732954162,0.101009956049962,0.209810565227035,4,0.150116403479383,25.4190326257687,14.8797082703179,1176
R1177,EASY,2,1.82199812864417,0.530083262521575,97.4830225544284,13.8046078264863,0.920307188432418,20,8,1,1,1,1,1.10824347621744,0.0139649686635749,0.0864384683242359,-31.2084040110822,5.81382049301451,33.5220383378455,0.112338449472983,0.044106649405722,2,0.356101012318142,97.4830225544284,13.8046078264863,1177
R1178,EASY,2,1.64924702930488,1.17219081881449,84.2221218054172,12.3786446807899,0.82524297871933,20,32,1,1,1,1,1.14122733479897,0.0172370736579325,0.1505750319581,-46.7146731487289,7.29401057048212,46.6098047114241,0.114708529592255,0.0415785712712102,3,0.435282716016594,84.2221218054172,12.3786446807899,1178
R1179,EASY,2,2.11308266542897,1.35991133351962,24.1070041979874,11.6403607542898,0.776024050285987,20,32,1,1,1,1,1.54059216195043,0.0272165274042415,0.197856452539011,-40.1722652359974,8.7606172866293,44.2174048384353,0.125125772547432,0.0329543936365824,6,0.341386593930048,24.1070041979874,11.6403607542898,1179
R1180,INFEASIBLE,0,-2.10580477438192,1.53645799444333,21.4285734208118,11.8027261104631,0.786848407364203,20,32,0,0,0,0,1.64479897952943,0.0363198066797406,0.138650771417477,-57.7912761977809,9.55780175842879,35.2037659257076,0.0588198658857052,0.198695079110843,4,0.215427941387339,21.4285734208118,11.8027261104631,1180
R1181,EASY,2,1.84141005028582,2.10659360143696,70.2577350210455,11.8167954626282,0.787786364175215,20,32,1,1,1,1,1.88153323008283,0.0267473815513726,0.169296643123887,-67.4805543617677,5.78239138024898,38.0674523467331,0.132000002204731,0.145916054231483,4,0.0615163034158796,70.2577350210455,11.8167954626282,1181
R1182,EASY,2,2.22245225264731,0.902962828027949,63.4113988705227,11.8371431181783,0.78914287454522,20,32,1,1,1,1,2.08405839484147,0.0311907868691609,0.126194993012589,-44.2545646927631,7.41828355767143,49.5133153212648,0.0259900699288641,0.0856415732195722,1,0.215780172508938,63.4113988705227,11.8371431181783,1182
R1183,FRAGILE,1,0,0.819689106424629,27.2177048952706,9.14207638796191,0.609471759197461,20,32,1,1,1,1,1.4361187008543,0.0270492509079242,0.0899143404437982,-55.1189492167124,5.94666273181504,47.3176116275755,0.1025893608863,0.129250461767274,4,0.0824740561595349,27.2177048952706,9.14207638796191,1183
R1184,INFEASIBLE,0,-1.73232875884696,2.17466499501522,69.9648402506224,13.2832353399077,0.885549022660511,20,32,0,0,0,0,1.80867909476397,0.013439537926774,0.20872735042333,-62.86257575389,12.2516789425013,47.1215637083052,0.0921073137393042,0.117750668003822,6,0.377093361268445,69.9648402506224,13.2832353399077,1184
R1185,EASY,2,1.40859748354675,1.53311796499937,77.2847963681771,10.9513783931642,0.730091892877615,20,32,1,1,1,1,1.4721403059946,0.0188632837739296,0.132399383709882,-56.5524986033762,9.57640840213466,30.8734905973611,0.0258230850083781,0.0695223878725774,2,0.127961331647435,77.2847963681771,10.9513783931642,1185
R1186,INFEASIBLE,0,-2.26409245428396,2.74016759664465,101.100147074994,12.9112011958119,0.86074674638746,20,32,0,0,0,0,1.13922857440566,0.0393282339474408,0.235108344434853,-65.5803492542184,11.6500577531524,40.9817633787454,0.0602029904809331,0.15524445962922,4,0.160732059194502,101.100147074994,12.9112011958119,1186
R1187,INFEASIBLE,0,-1.9618995751585,1.75484556154597,38.9215293895559,11.0285717088327,0.735238113922181,20,32,0,0,0,0,1.62964504707057,0.024726687867288,0.23299948548573,-36.6343144225384,10.759168106365,30.6245428867915,0.0324270604320696,0.186083820272416,4,0.291245768959128,38.9215293895559,11.0285717088327,1187
R1188,INFEASIBLE,0,-1.73188681917134,0.917701285883847,28.6041433362199,9.4455122315921,0.629700815439474,20,32,0,0,0,0,1.11805061724937,0.0205078512833906,0.121606149488858,-41.0529907801305,9.3924350141264,38.3053429159564,0.0555602993624193,0.225553938151135,5,0.385821166356967,28.6041433362199,9.4455122315921,1188
R1189,INFEASIBLE,0,-2.2313566991289,0.622467959642138,111.411440651848,10.4153466725632,0.694356444837548,20,32,0,0,0,0,0.948647727981624,0.0154559500822015,0.0606173660175096,-55.5515242114939,9.99647812489576,37.8803021825979,0.0656438474991492,0.17357893199255,2,0.310651540884402,111.411440651848,10.4153466725632,1189
R1190,EASY,2,1.66817715410049,1.62027949446187,92.4834545043722,11.935241636248,0.795682775749867,20,32,1,1,1,1,1.16483198102798,0.0232344332465058,0.228287056260087,-41.0313678150096,6.85050211600214,43.2589576793691,0.0368007305319271,0.0635075022530595,2,0.343203195842598,92.4834545043722,11.935241636248,1190
R1191,INFEASIBLE,0,-2.35687613585793,2.31178566293022,70.7392794895628,8.08883205016061,0.539255470010707,20,32,0,0,0,0,2.00486288421576,0.0326054676527465,0.194246728353928,-68.1919104993281,11.6470072694324,42.4951500180041,0.0108536043679525,0.180874384117168,4,0.248642933520015,70.7392794895628,8.08883205016061,1191
R1192,INFEASIBLE,0,-2.064556757318,0.984717138268122,57.8946901075955,10.9143263113994,0.727621754093293,20,32,0,0,0,0,1.78217397995776,0.0142576272507394,0.169864564067865,-32.0355368159571,10.1112264712748,39.5282832921309,0.0760564548103465,0.203050979533509,6,0.188744784272205,57.8946901075955,10.9143263113994,1192
R1193,EASY,2,2.36506273143528,1.48429358349628,112.9252276557,14.1557065092933,0.943713767286219,20,16,1,1,1,1,1.52105613299943,0.0189638188295203,0.104182074996513,-65.2155976542847,13.7664620495582,27.1213123468528,0.0303362750362732,0.0039262637636347,3,0.0795603602350463,112.9252276557,14.1557065092933,1193
R1194,INFEASIBLE,0,-2.34664699070317,1.00687618951277,82.8002284103378,14.3150495844177,0.954336638961182,20,32,0,0,0,0,1.30562363939508,0.0138816744236013,0.0816751126168818,-65.1344063536609,13.7115733035824,36.1334656546897,0.094968213160514,0.229970217131103,3,0.156182465722915,82.8002284103378,14.3150495844177,1194
R1195,FRAGILE,1,0,2.04709512836388,40.7063161752586,10.985182954793,0.732345530319535,20,16,1,0,1,0.666666666666667,1.03876859469478,0.0324035249662017,0.204316237222075,-50.066560455598,7.36998026072217,32.321133607756,0.140146747133472,0.0862638933721367,3,0.298309271591124,40.7063161752586,10.985182954793,1195
R1196,INFEASIBLE,0,-1.84575051154189,1.1493522165073,41.7553874873269,11.3909362706301,0.759395751375338,20,32,0,0,0,0,1.10940796394729,0.0395997071337904,0.106459345610151,-64.4775850134347,8.32714166277851,46.1679075661783,0.0939962067363544,0.137730433823098,4,0.303707366781799,41.7553874873269,11.3909362706301,1196
R1197,INFEASIBLE,0,-1.44766599870697,1.91429928275847,74.0558165523514,12.7741146170064,0.851607641133758,20,32,0,0,0,0,1.54179238737932,0.0335169969262251,0.192273543365881,-57.5497737042201,11.8293278765303,43.2481947594438,0.0634029711928115,0.159583747432504,2,0.131309482212872,74.0558165523514,12.7741146170064,1197
R1198,INFEASIBLE,0,-2.32808866819838,1.31516625794096,96.9912941940725,14.4682081995313,0.964547213302087,20,32,0,0,0,0,1.36791965418016,0.0219487183943333,0.228418751524334,-32.9665433745219,7.87455603448586,42.433648372397,0.0920194761782871,0.191591609126948,6,0.131624653070272,96.9912941940725,14.4682081995313,1198
R1199,EASY,2,1.80237479643266,1.78557372584274,96.6514025957643,10.2127979691582,0.680853197943877,20,16,1,1,1,1,1.37365877737729,0.0357876875600988,0.203760913579003,-46.3454669893435,6.48702833719086,36.2044593937948,0.0300287609448995,0.0151425499091819,3,0.272088088348449,96.6514025957643,10.2127979691582,1199
R1200,EASY,2,1.7960145571264,0.630581142881942,111.60121893799,11.8280853515519,0.788539023436796,20,32,1,1,1,1,1.21305556290443,0.01902267042395,0.0952833107647189,-34.2411886706995,12.4880159292896,34.6505986070807,0.0694139159132004,0.0567259769795309,5,0.269809781820881,111.60121893799,11.8280853515519,1200
