cell_id,regime_label,regime_code,p_unstable,servo_slew_deg_s,max_gimbal_deg,u_max_frac,Kp,Kd,cmd_deg,success_rate,rms_error_deg,peak_error_deg,end_error_deg,max_theta_deg,u_cmd_sat_frac,slew_sat_frac,settling_time_s,n_trials
1,FRAGILE,1,0,20,8,0.533333333333333,10,16,5,0,25.7878158716347,50.4876918872954,46.5382824802328,51.2042168921084,0.54650024473813,0.995588235294118,3.4,6
1,FRAGILE,1,0,20,8,0.533333333333333,10,16,10,0.166666666666667,29.9719077128542,58.0800594895838,46.8475115481116,58.7643482907311,0.619432207537934,0.997303921568628,3.4,6
1,FRAGILE,1,0,20,8,0.533333333333333,10,16,15,0,34.9994064553859,68.766040429752,62.8963231972656,68.7660568791967,0.66789035731767,0.997303921568628,3.4,6
1,FRAGILE,1,0,20,8,0.533333333333333,10,16,20,0,39.0114634874352,72.4526903237145,70.2530297552953,72.4526903237145,0.705824767498776,0.997303921568628,3.4,6
1,FRAGILE,1,0,20,8,0.533333333333333,10,16,25,0,44.0061104840987,79.6687515673252,78.5667352245447,79.6687515673252,0.729809104258443,0.997058823529412,3.4,6
1,FRAGILE,1,0,20,8,0.533333333333333,10,16,30,0,48.8800532284463,84.9800455093552,84.7452451275245,84.9800455093552,0.737395986294665,0.997303921568627,3.4,6
2,FRAGILE,1,0,20,10,0.666666666666667,10,16,5,0,25.7878158716347,50.4876918872954,46.5382824802328,51.2042168921084,0.456191874694077,0.995588235294118,3.4,6
2,FRAGILE,1,0,20,10,0.666666666666667,10,16,10,0.166666666666667,29.9719077128542,58.0800594895838,46.8475115481116,58.7643482907311,0.550905531081743,0.997303921568628,3.4,6
2,FRAGILE,1,0,20,10,0.666666666666667,10,16,15,0,34.9994064553859,68.766040429752,62.8963231972656,68.7660568791967,0.616005873715125,0.997303921568628,3.4,6
2,FRAGILE,1,0,20,10,0.666666666666667,10,16,20,0,39.0114634874352,72.4526903237145,70.2530297552953,72.4526903237145,0.668379833578071,0.997303921568628,3.4,6
2,FRAGILE,1,0,20,10,0.666666666666667,10,16,25,0,44.0061104840987,79.6687515673252,78.5667352245447,79.6687515673252,0.69652471855115,0.997058823529412,3.4,6
2,FRAGILE,1,0,20,10,0.666666666666667,10,16,30,0,48.8800532284463,84.9800455093552,84.7452451275245,84.9800455093552,0.715614292706804,0.997303921568627,3.4,6
3,FRAGILE,1,0,20,12,0.8,10,16,5,0,25.7878158716347,50.4876918872954,46.5382824802328,51.2042168921084,0.41409691629956,0.995588235294118,3.4,6
3,FRAGILE,1,0,20,12,0.8,10,16,10,0.166666666666667,29.9719077128542,58.0800594895838,46.8475115481116,58.7643482907311,0.433186490455213,0.997303921568628,3.4,6
3,FRAGILE,1,0,20,12,0.8,10,16,15,0,34.9994064553859,68.766040429752,62.8963231972656,68.7660568791967,0.548458149779736,0.997303921568628,3.4,6
3,FRAGILE,1,0,20,12,0.8,10,16,20,0,39.0114634874352,72.4526903237145,70.2530297552953,72.4526903237145,0.622613803230543,0.997303921568628,3.4,6
3,FRAGILE,1,0,20,12,0.8,10,16,25,0,44.0061104840987,79.6687515673252,78.5667352245447,79.6687515673252,0.661771904062653,0.997058823529412,3.4,6
3,FRAGILE,1,0,20,12,0.8,10,16,30,0,48.8800532284463,84.9800455093552,84.7452451275245,84.9800455093552,0.691874694077337,0.997303921568627,3.4,6
4,FRAGILE,1,0,20,15,1,10,16,5,0,25.7878158716347,50.4876918872954,46.5382824802328,51.2042168921084,0.354380812530592,0.995588235294118,3.4,6
4,FRAGILE,1,0,20,15,1,10,16,10,0.166666666666667,29.9719077128542,58.0800594895838,46.8475115481116,58.7643482907311,0.377386196769457,0.997303921568628,3.4,6
4,FRAGILE,1,0,20,15,1,10,16,15,0,34.9994064553859,68.766040429752,62.8963231972656,68.7660568791967,0.416544297601566,0.997303921568628,3.4,6
4,FRAGILE,1,0,20,15,1,10,16,20,0,39.0114634874352,72.4526903237145,70.2530297552953,72.4526903237145,0.526186979931473,0.997303921568628,3.4,6
4,FRAGILE,1,0,20,15,1,10,16,25,0,44.0061104840987,79.6687515673252,78.5667352245447,79.6687515673252,0.601811062163485,0.997058823529412,3.4,6
4,FRAGILE,1,0,20,15,1,10,16,30,0,48.8800532284463,84.9800455093552,84.7452451275245,84.9800455093552,0.642192853646598,0.997303921568627,3.4,6
5,INFEASIBLE,0,0,30,8,0.533333333333333,10,24,5,0.5,13.4121551058903,30.7836151633805,27.2152545773117,31.0281415991516,0.570974057758199,0.996323529411765,3.4,6
5,INFEASIBLE,0,0,30,8,0.533333333333333,10,24,10,0,19.8407953889208,40.2393629176242,28.4029174353348,44.0196639599268,0.659569260890847,0.997303921568628,3.4,6
5,INFEASIBLE,0,0,30,8,0.533333333333333,10,24,15,0,29.4580134440328,56.4739841631105,23.1414152063736,61.4190735392078,0.677679882525697,0.997549019607843,3.4,6
5,INFEASIBLE,0,0,30,8,0.533333333333333,10,24,20,0,44.4572410967018,75.5380603020385,47.4729614599655,78.6441605597769,0.710230053842389,0.997549019607843,3.4,6
5,INFEASIBLE,0,0,30,8,0.533333333333333,10,24,25,0,57.6853761965966,82.2868301656083,71.7557437762362,83.2593290771976,0.723690651003426,0.996813725490196,3.4,6
5,INFEASIBLE,0,0,30,8,0.533333333333333,10,24,30,0,71.1551485963077,83.9922726407602,82.3705379000208,83.9922726407602,0.743514439549682,0.997794117647059,3.4,6
6,INFEASIBLE,0,0,30,10,0.666666666666667,10,24,5,0.5,13.4121551058903,30.7836151633805,27.2152545773117,31.0281415991516,0.529613313754283,0.996323529411765,3.4,6
6,INFEASIBLE,0,0,30,10,0.666666666666667,10,24,10,0,19.8407953889208,40.2393629176242,28.4029174353348,44.0196639599268,0.607929515418502,0.997303921568628,3.4,6
6,INFEASIBLE,0,0,30,10,0.666666666666667,10,24,15,0,29.4580134440328,56.4739841631105,23.1414152063736,61.4190735392078,0.639745472344591,0.997549019607843,3.4,6
6,INFEASIBLE,0,0,30,10,0.666666666666667,10,24,20,0,44.4572410967018,75.5380603020385,47.4729614599655,78.6441605597769,0.666177190406265,0.997549019607843,3.4,6
6,INFEASIBLE,0,0,30,10,0.666666666666667,10,24,25,0,57.6853761965966,82.2868301656083,71.7557437762362,83.2593290771976,0.688693098384728,0.996813725490196,3.4,6
6,INFEASIBLE,0,0,30,10,0.666666666666667,10,24,30,0,71.1551485963077,83.9922726407602,82.3705379000208,83.9922726407602,0.719774840920215,0.997794117647059,3.4,6
7,INFEASIBLE,0,0,30,12,0.8,10,24,5,0.5,13.4121551058903,30.7836151633805,27.2152545773117,31.0281415991516,0.487518355359765,0.996323529411765,3.4,6
7,INFEASIBLE,0,0,30,12,0.8,10,24,10,0,19.8407953889208,40.2393629176242,28.4029174353348,44.0196639599268,0.550905531081742,0.997303921568628,3.4,6
7,INFEASIBLE,0,0,30,12,0.8,10,24,15,0,29.4580134440328,56.4739841631105,23.1414152063736,61.4190735392078,0.600587371512482,0.997549019607843,3.4,6
7,INFEASIBLE,0,0,30,12,0.8,10,24,20,0,44.4572410967018,75.5380603020385,47.4729614599655,78.6441605597769,0.632403328438571,0.997549019607843,3.4,6
7,INFEASIBLE,0,0,30,12,0.8,10,24,25,0,57.6853761965966,82.2868301656083,71.7557437762362,83.2593290771976,0.651248164464024,0.996813725490196,3.4,6
7,INFEASIBLE,0,0,30,12,0.8,10,24,30,0,71.1551485963077,83.9922726407602,82.3705379000208,83.9922726407602,0.693098384728341,0.997794117647059,3.4,6
8,INFEASIBLE,0,0,30,15,1,10,24,5,0.5,13.4121551058903,30.7836151633805,27.2152545773117,31.0281415991516,0.412628487518355,0.996323529411765,3.4,6
8,INFEASIBLE,0,0,30,15,1,10,24,10,0,19.8407953889208,40.2393629176242,28.4029174353348,44.0196639599268,0.500734214390602,0.997303921568628,3.4,6
8,INFEASIBLE,0,0,30,15,1,10,24,15,0,29.4580134440328,56.4739841631105,23.1414152063736,61.4190735392078,0.540381791483113,0.997549019607843,3.4,6
8,INFEASIBLE,0,0,30,15,1,10,24,20,0,44.4572410967018,75.5380603020385,47.4729614599655,78.6441605597769,0.583210964268233,0.997549019607843,3.4,6
8,INFEASIBLE,0,0,30,15,1,10,24,25,0,57.6853761965966,82.2868301656083,71.7557437762362,83.2593290771976,0.597405775819873,0.996813725490196,3.4,6
8,INFEASIBLE,0,0,30,15,1,10,24,30,0,71.1551485963077,83.9922726407602,82.3705379000208,83.9922726407602,0.654919236417034,0.997794117647059,3.4,6
9,FRAGILE,1,0,45,8,0.533333333333333,10,24,5,0.833333333333333,10.2612551935685,25.3552024964861,19.6563695227723,25.3890192014117,0.518355359765051,0.996323529411765,3.4,6
9,FRAGILE,1,0,45,8,0.533333333333333,10,24,10,0.833333333333333,11.5951287352916,25.7143416292991,13.1243148584756,27.4133920446018,0.583210964268233,0.996813725490196,3.38666666666667,6
9,FRAGILE,1,0,45,8,0.533333333333333,10,24,15,0.333333333333333,16.9143482471445,34.9634422342901,32.0250749947457,44.7199375640829,0.644395496818404,0.996813725490196,3.4,6
9,FRAGILE,1,0,45,8,0.533333333333333,10,24,20,0,26.7814377219489,61.8505121300338,48.2765056837573,65.778798844003,0.699706314243759,0.997549019607843,3.4,6
9,FRAGILE,1,0,45,8,0.533333333333333,10,24,25,0,37.3488150689911,69.5612183446783,36.4345677918807,83.1276696756003,0.742290748898678,0.997549019607843,3.4,6
9,FRAGILE,1,0,45,8,0.533333333333333,10,24,30,0,52.5102140670339,88.440866178459,29.4382288460402,90,0.752569750367107,0.997794117647059,3.3975,6
10,FRAGILE,1,0,45,10,0.666666666666667,10,24,5,0.833333333333333,10.2612551935685,25.3552024964861,19.6563695227723,25.3890192014117,0.425844346549192,0.996323529411765,3.4,6
10,FRAGILE,1,0,45,10,0.666666666666667,10,24,10,0.833333333333333,11.5951287352916,25.7143416292991,13.1243148584756,27.4133920446018,0.523739598629467,0.996813725490196,3.38666666666667,6
10,FRAGILE,1,0,45,10,0.666666666666667,10,24,15,0.333333333333333,16.9143482471445,34.9634422342901,32.0250749947457,44.7199375640829,0.607440039158101,0.996813725490196,3.4,6
10,FRAGILE,1,0,45,10,0.666666666666667,10,24,20,0,26.7814377219489,61.8505121300338,48.2765056837573,65.778798844003,0.641948115516398,0.997549019607843,3.4,6
10,FRAGILE,1,0,45,10,0.666666666666667,10,24,25,0,37.3488150689911,69.5612183446783,36.4345677918807,83.1276696756003,0.712922173274596,0.997549019607843,3.4,6
10,FRAGILE,1,0,45,10,0.666666666666667,10,24,30,0,52.5102140670339,88.440866178459,29.4382288460402,90,0.733235438081253,0.997794117647059,3.3975,6
11,FRAGILE,1,0,45,12,0.8,10,24,5,0.833333333333333,10.2612551935685,25.3552024964861,19.6563695227723,25.3890192014117,0.37518355359765,0.996323529411765,3.4,6
11,FRAGILE,1,0,45,12,0.8,10,24,10,0.833333333333333,11.5951287352916,25.7143416292991,13.1243148584756,27.4133920446018,0.453989231522271,0.996813725490196,3.38666666666667,6
11,FRAGILE,1,0,45,12,0.8,10,24,15,0.333333333333333,16.9143482471445,34.9634422342901,32.0250749947457,44.7199375640829,0.564855604503182,0.996813725490196,3.4,6
11,FRAGILE,1,0,45,12,0.8,10,24,20,0,26.7814377219489,61.8505121300338,48.2765056837573,65.778798844003,0.598874204601077,0.997549019607843,3.4,6
11,FRAGILE,1,0,45,12,0.8,10,24,25,0,37.3488150689911,69.5612183446783,36.4345677918807,83.1276696756003,0.676700930004895,0.997549019607843,3.4,6
11,FRAGILE,1,0,45,12,0.8,10,24,30,0,52.5102140670339,88.440866178459,29.4382288460402,90,0.709006363191385,0.997794117647059,3.3975,6
12,FRAGILE,1,0,45,15,1,10,24,5,0.833333333333333,10.2612551935685,25.3552024964861,19.6563695227723,25.3890192014117,0.311062163485071,0.996323529411765,3.4,6
12,FRAGILE,1,0,45,15,1,10,24,10,0.833333333333333,11.5951287352916,25.7143416292991,13.1243148584756,27.4133920446018,0.356338717572198,0.996813725490196,3.38666666666667,6
12,FRAGILE,1,0,45,15,1,10,24,15,0.333333333333333,16.9143482471445,34.9634422342901,32.0250749947457,44.7199375640829,0.499755261869799,0.996813725490196,3.4,6
12,FRAGILE,1,0,45,15,1,10,24,20,0,26.7814377219489,61.8505121300338,48.2765056837573,65.778798844003,0.565345080763583,0.997549019607843,3.4,6
12,FRAGILE,1,0,45,15,1,10,24,25,0,37.3488150689911,69.5612183446783,36.4345677918807,83.1276696756003,0.61086637298091,0.997549019607843,3.4,6
12,FRAGILE,1,0,45,15,1,10,24,30,0,52.5102140670339,88.440866178459,29.4382288460402,90,0.670827214880078,0.997794117647059,3.3975,6
13,FRAGILE,1,0,60,8,0.533333333333333,10,24,5,1,6.81180284403154,14.3796832921134,8.45408997171098,15.7042712154181,0.497063142437592,0.997794117647059,3.4,6
13,FRAGILE,1,0,60,8,0.533333333333333,10,24,10,1,8.79424393764481,21.3803233227716,18.9861586793495,22.6655669582608,0.456191874694077,0.996323529411765,3.4,6
13,FRAGILE,1,0,60,8,0.533333333333333,10,24,15,0.833333333333333,12.3642685479078,25.6303632648033,14.7589941230355,35.7116708761945,0.639500734214391,0.997794117647059,3.4,6
13,FRAGILE,1,0,60,8,0.533333333333333,10,24,20,0.333333333333333,17.9384348873739,37.3628333140015,23.6612858454406,52.6064848192257,0.680127263827704,0.997794117647059,3.39333333333333,6
13,FRAGILE,1,0,60,8,0.533333333333333,10,24,25,0,28.3924892443515,61.7807557778375,47.9854116341943,70.9954455330675,0.726138032305433,0.997794117647059,3.4,6
13,FRAGILE,1,0,60,8,0.533333333333333,10,24,30,0,36.2862152249309,77.4399686802963,56.3101151040495,85.1587946569114,0.760401370533529,0.99828431372549,3.4,6
14,EASY,2,0,60,10,0.666666666666667,10,24,5,1,6.81180284403154,14.3796832921134,8.45408997171098,15.7042712154181,0.430494371023005,0.997794117647059,3.4,6
14,EASY,2,0,60,10,0.666666666666667,10,24,10,1,8.79424393764481,21.3803233227716,18.9861586793495,22.6655669582608,0.387665198237885,0.996323529411765,3.4,6
14,EASY,2,0,60,10,0.666666666666667,10,24,15,0.833333333333333,12.3642685479078,25.6303632648033,14.7589941230355,35.7116708761945,0.580518844836025,0.997794117647059,3.4,6
14,EASY,2,0,60,10,0.666666666666667,10,24,20,0.333333333333333,17.9384348873739,37.3628333140015,23.6612858454406,52.6064848192257,0.629466470876163,0.997794117647059,3.39333333333333,6
14,EASY,2,0,60,10,0.666666666666667,10,24,25,0,28.3924892443515,61.7807557778375,47.9854116341943,70.9954455330675,0.692364170337739,0.997794117647059,3.4,6
14,EASY,2,0,60,10,0.666666666666667,10,24,30,0,36.2862152249309,77.4399686802963,56.3101151040495,85.1587946569114,0.738130200685267,0.99828431372549,3.4,6
15,EASY,2,0,60,12,0.8,10,24,5,1,6.81180284403154,14.3796832921134,8.45408997171098,15.7042712154181,0.356093979441997,0.997794117647059,3.4,6
15,EASY,2,0,60,12,0.8,10,24,10,1,8.79424393764481,21.3803233227716,18.9861586793495,22.6655669582608,0.33945178658835,0.996323529411765,3.4,6
15,EASY,2,0,60,12,0.8,10,24,15,0.833333333333333,12.3642685479078,25.6303632648033,14.7589941230355,35.7116708761945,0.505628976994616,0.997794117647059,3.4,6
15,EASY,2,0,60,12,0.8,10,24,20,0.333333333333333,17.9384348873739,37.3628333140015,23.6612858454406,52.6064848192257,0.582721488007832,0.997794117647059,3.39333333333333,6
15,EASY,2,0,60,12,0.8,10,24,25,0,28.3924892443515,61.7807557778375,47.9854116341943,70.9954455330675,0.648556045031816,0.997794117647059,3.4,6
15,EASY,2,0,60,12,0.8,10,24,30,0,36.2862152249309,77.4399686802963,56.3101151040495,85.1587946569114,0.715124816446402,0.99828431372549,3.4,6
16,EASY,2,0,60,15,1,10,24,5,1,6.81180284403154,14.3796832921134,8.45408997171098,15.7042712154181,0.274351443954968,0.997794117647059,3.4,6
16,EASY,2,0,60,15,1,10,24,10,1,8.79424393764481,21.3803233227716,18.9861586793495,22.6655669582608,0.282672540381792,0.996323529411765,3.4,6
16,EASY,2,0,60,15,1,10,24,15,0.833333333333333,12.3642685479078,25.6303632648033,14.7589941230355,35.7116708761945,0.429025942241801,0.997794117647059,3.4,6
16,EASY,2,0,60,15,1,10,24,20,0.333333333333333,17.9384348873739,37.3628333140015,23.6612858454406,52.6064848192257,0.516397454723446,0.997794117647059,3.39333333333333,6
16,EASY,2,0,60,15,1,10,24,25,0,28.3924892443515,61.7807557778375,47.9854116341943,70.9954455330675,0.595447870778267,0.997794117647059,3.4,6
16,EASY,2,0,60,15,1,10,24,30,0,36.2862152249309,77.4399686802963,56.3101151040495,85.1587946569114,0.664953499755262,0.99828431372549,3.4,6
17,FRAGILE,1,0,75,8,0.533333333333333,10,16,5,1,8.24386378185148,18.378382496299,8.84540130902735,18.9465979471931,0.446647087616251,0.995588235294118,3.385,6
17,FRAGILE,1,0,75,8,0.533333333333333,10,16,10,1,8.88721086101533,18.8380256435193,11.4580348148341,24.0210306023969,0.393049437102301,0.995343137254902,3.4,6
17,FRAGILE,1,0,75,8,0.533333333333333,10,16,15,0.666666666666667,13.9959082252007,32.5359825098801,18.7123370901101,35.0121285978477,0.518110621634851,0.995343137254902,3.39833333333333,6
17,FRAGILE,1,0,75,8,0.533333333333333,10,16,20,0.666666666666667,16.1008471797974,31.5079793610772,19.387000060871,45.8310692914387,0.612824278022516,0.99656862745098,3.3875,6
17,FRAGILE,1,0,75,8,0.533333333333333,10,16,25,0.333333333333333,22.2488095510949,45.9004534453641,27.997204068622,64.2230323055781,0.656877141458639,0.99656862745098,3.4,6
17,FRAGILE,1,0,75,8,0.533333333333333,10,16,30,0,30.4116842789968,67.362596858079,61.0041269520735,79.6660277495346,0.703132648066569,0.99656862745098,3.4,6
18,EASY,2,0,75,10,0.666666666666667,10,16,5,1,8.24386378185148,18.378382496299,8.84540130902735,18.9465979471931,0.366617719040627,0.995588235294118,3.385,6
18,EASY,2,0,75,10,0.666666666666667,10,16,10,1,8.88721086101533,18.8380256435193,11.4580348148341,24.0210306023969,0.316201664219285,0.995343137254902,3.4,6
18,EASY,2,0,75,10,0.666666666666667,10,16,15,0.666666666666667,13.9959082252007,32.5359825098801,18.7123370901101,35.0121285978477,0.445178658835047,0.995343137254902,3.39833333333333,6
18,EASY,2,0,75,10,0.666666666666667,10,16,20,0.666666666666667,16.1008471797974,31.5079793610772,19.387000060871,45.8310692914387,0.530837004405286,0.99656862745098,3.3875,6
18,EASY,2,0,75,10,0.666666666666667,10,16,25,0.333333333333333,22.2488095510949,45.9004534453641,27.997204068622,64.2230323055781,0.603768967205091,0.99656862745098,3.4,6
18,EASY,2,0,75,10,0.666666666666667,10,16,30,0,30.4116842789968,67.362596858079,61.0041269520735,79.6660277495346,0.651982378854625,0.99656862745098,3.4,6
19,EASY,2,0,75,12,0.8,10,16,5,1,8.24386378185148,18.378382496299,8.84540130902735,18.9465979471931,0.286588350465002,0.995588235294118,3.385,6
19,EASY,2,0,75,12,0.8,10,16,10,1,8.88721086101533,18.8380256435193,11.4580348148341,24.0210306023969,0.249143416544298,0.995343137254902,3.4,6
19,EASY,2,0,75,12,0.8,10,16,15,0.666666666666667,13.9959082252007,32.5359825098801,18.7123370901101,35.0121285978477,0.395986294664709,0.995343137254902,3.39833333333333,6
19,EASY,2,0,75,12,0.8,10,16,20,0.666666666666667,16.1008471797974,31.5079793610772,19.387000060871,45.8310692914387,0.472589329417523,0.99656862745098,3.3875,6
19,EASY,2,0,75,12,0.8,10,16,25,0.333333333333333,22.2488095510949,45.9004534453641,27.997204068622,64.2230323055781,0.551395007342144,0.99656862745098,3.4,6
19,EASY,2,0,75,12,0.8,10,16,30,0,30.4116842789968,67.362596858079,61.0041269520735,79.6660277495346,0.604258443465492,0.99656862745098,3.4,6
20,EASY,2,0,75,15,1,10,16,5,1,8.24386378185148,18.378382496299,8.84540130902735,18.9465979471931,0.173274596182085,0.995588235294118,3.385,6
20,EASY,2,0,75,15,1,10,16,10,1,8.88721086101533,18.8380256435193,11.4580348148341,24.0210306023969,0.184287812041116,0.995343137254902,3.4,6
20,EASY,2,0,75,15,1,10,16,15,0.666666666666667,13.9959082252007,32.5359825098801,18.7123370901101,35.0121285978477,0.32843857072932,0.995343137254902,3.39833333333333,6
20,EASY,2,0,75,15,1,10,16,20,0.666666666666667,16.1008471797974,31.5079793610772,19.387000060871,45.8310692914387,0.354870288790994,0.99656862745098,3.3875,6
20,EASY,2,0,75,15,1,10,16,25,0.333333333333333,22.2488095510949,45.9004534453641,27.997204068622,64.2230323055781,0.462799804209496,0.99656862745098,3.4,6
20,EASY,2,0,75,15,1,10,16,30,0,30.4116842789968,67.362596858079,61.0041269520735,79.6660277495346,0.545766030347528,0.99656862745098,3.4,6
21,EASY,2,0,90,8,0.533333333333333,10,16,5,1,7.70184570774602,18.1734703444053,9.51288658238537,18.1808568596641,0.423396965247186,0.994362745098039,3.395,6
21,EASY,2,0,90,8,0.533333333333333,10,16,10,1,7.06412793792862,19.097658691408,16.8997433631082,21.3249314630211,0.338472834067548,0.993382352941176,3.39666666666667,6
21,EASY,2,0,90,8,0.533333333333333,10,16,15,0.833333333333333,9.36058861595942,20.5620326419615,9.00974527681206,25.9772005671637,0.496818404307391,0.995343137254902,3.3925,6
21,EASY,2,0,90,8,0.533333333333333,10,16,20,0.833333333333333,13.9153710388168,31.9327161432368,20.9818638224531,45.40642644254,0.578071463534019,0.996323529411765,3.4,6
21,EASY,2,0,90,8,0.533333333333333,10,16,25,0.333333333333333,17.8560019260726,38.3100478096562,20.0659786493342,59.1433811429895,0.647821830641214,0.996078431372549,3.395,6
21,EASY,2,0,90,8,0.533333333333333,10,16,30,0,25.8038664122516,56.9467362875233,48.528905393371,74.3607320487996,0.694811551639746,0.996323529411765,3.4,6
22,EASY,2,0,90,10,0.666666666666667,10,16,5,1,7.70184570774602,18.1734703444053,9.51288658238537,18.1808568596641,0.356583455702398,0.994362745098039,3.395,6
22,EASY,2,0,90,10,0.666666666666667,10,16,10,1,7.06412793792862,19.097658691408,16.8997433631082,21.3249314630211,0.279980420949584,0.993382352941176,3.39666666666667,6
22,EASY,2,0,90,10,0.666666666666667,10,16,15,0.833333333333333,9.36058861595942,20.5620326419615,9.00974527681206,25.9772005671637,0.440773372491434,0.995343137254902,3.3925,6
22,EASY,2,0,90,10,0.666666666666667,10,16,20,0.833333333333333,13.9153710388168,31.9327161432368,20.9818638224531,45.40642644254,0.512971120900636,0.996323529411765,3.4,6
22,EASY,2,0,90,10,0.666666666666667,10,16,25,0.333333333333333,17.8560019260726,38.3100478096562,20.0659786493342,59.1433811429895,0.566324033284386,0.996078431372549,3.395,6
22,EASY,2,0,90,10,0.666666666666667,10,16,30,0,25.8038664122516,56.9467362875233,48.528905393371,74.3607320487996,0.644884973078806,0.996323529411765,3.4,6
23,EASY,2,0,90,12,0.8,10,16,5,1,7.70184570774602,18.1734703444053,9.51288658238537,18.1808568596641,0.271169848262359,0.994362745098039,3.395,6
23,EASY,2,0,90,12,0.8,10,16,10,1,7.06412793792862,19.097658691408,16.8997433631082,21.3249314630211,0.245717082721488,0.993382352941176,3.39666666666667,6
23,EASY,2,0,90,12,0.8,10,16,15,0.833333333333333,9.36058861595942,20.5620326419615,9.00974527681206,25.9772005671637,0.38228095937347,0.995343137254902,3.3925,6
23,EASY,2,0,90,12,0.8,10,16,20,0.833333333333333,13.9153710388168,31.9327161432368,20.9818638224531,45.40642644254,0.441997063142438,0.996323529411765,3.4,6
23,EASY,2,0,90,12,0.8,10,16,25,0.333333333333333,17.8560019260726,38.3100478096562,20.0659786493342,59.1433811429895,0.513705335291238,0.996078431372549,3.395,6
23,EASY,2,0,90,12,0.8,10,16,30,0,25.8038664122516,56.9467362875233,48.528905393371,74.3607320487996,0.573176700930005,0.996323529411765,3.4,6
24,EASY,2,0,90,15,1,10,16,5,1,7.70184570774602,18.1734703444053,9.51288658238537,18.1808568596641,0.180616740088106,0.994362745098039,3.395,6
24,EASY,2,0,90,15,1,10,16,10,1,7.06412793792862,19.097658691408,16.8997433631082,21.3249314630211,0.184287812041116,0.993382352941176,3.39666666666667,6
24,EASY,2,0,90,15,1,10,16,15,0.833333333333333,9.36058861595942,20.5620326419615,9.00974527681206,25.9772005671637,0.283162016642193,0.995343137254902,3.3925,6
24,EASY,2,0,90,15,1,10,16,20,0.833333333333333,13.9153710388168,31.9327161432368,20.9818638224531,45.40642644254,0.320851688693098,0.996323529411765,3.4,6
24,EASY,2,0,90,15,1,10,16,25,0.333333333333333,17.8560019260726,38.3100478096562,20.0659786493342,59.1433811429895,0.428046989720999,0.996078431372549,3.395,6
24,EASY,2,0,90,15,1,10,16,30,0,25.8038664122516,56.9467362875233,48.528905393371,74.3607320487996,0.503181595692609,0.996323529411765,3.4,6
25,INFEASIBLE,0,1,20,8,0.533333333333333,10,8,5,0,30.7477957432972,73.0926578184774,73.0926578184774,73.0926578184774,0.350709740577582,0.991421568627451,3.4,6
25,INFEASIBLE,0,1,20,8,0.533333333333333,10,8,10,0,37.3287614740941,75.1175384435462,73.0995152877175,75.1175384435462,0.463289280469897,0.991911764705882,3.4,6
25,INFEASIBLE,0,1,20,8,0.533333333333333,10,8,15,0,43.5037399919347,85.3814330294909,85.3814330294909,85.3814330294909,0.524473813020069,0.993382352941177,3.4,6
25,INFEASIBLE,0,1,20,8,0.533333333333333,10,8,20,0,48.5234201033623,90,90,90,0.562652961331375,0.993872549019608,3.4,6
25,INFEASIBLE,0,1,20,8,0.533333333333333,10,8,25,0,52.8393756188632,90,90,90,0.605237395986295,0.992647058823529,3.4,6
25,INFEASIBLE,0,1,20,8,0.533333333333333,10,8,30,0,56.4387620740535,90,90,90,0.631669114047969,0.993137254901961,3.4,6
26,INFEASIBLE,0,1,20,10,0.666666666666667,10,8,5,0,30.7477957432972,73.0926578184774,73.0926578184774,73.0926578184774,0.30714635340186,0.991421568627451,3.4,6
26,INFEASIBLE,0,1,20,10,0.666666666666667,10,8,10,0,37.3287614740941,75.1175384435462,73.0995152877175,75.1175384435462,0.370778267254038,0.991911764705882,3.4,6
26,INFEASIBLE,0,1,20,10,0.666666666666667,10,8,15,0,43.5037399919347,85.3814330294909,85.3814330294909,85.3814330294909,0.451541850220264,0.993382352941177,3.4,6
26,INFEASIBLE,0,1,20,10,0.666666666666667,10,8,20,0,48.5234201033623,90,90,90,0.484336759667156,0.993872549019608,3.4,6
26,INFEASIBLE,0,1,20,10,0.666666666666667,10,8,25,0,52.8393756188632,90,90,90,0.523739598629467,0.992647058823529,3.4,6
26,INFEASIBLE,0,1,20,10,0.666666666666667,10,8,30,0,56.4387620740535,90,90,90,0.574155653450808,0.993137254901961,3.4,6
27,INFEASIBLE,0,1,20,12,0.8,10,8,5,0,30.7477957432972,73.0926578184774,73.0926578184774,73.0926578184774,0.286588350465002,0.991421568627451,3.4,6
27,INFEASIBLE,0,1,20,12,0.8,10,8,10,0,37.3287614740941,75.1175384435462,73.0995152877175,75.1175384435462,0.320362212432697,0.991911764705882,3.4,6
27,INFEASIBLE,0,1,20,12,0.8,10,8,15,0,43.5037399919347,85.3814330294909,85.3814330294909,85.3814330294909,0.388399412628488,0.993382352941177,3.4,6
27,INFEASIBLE,0,1,20,12,0.8,10,8,20,0,48.5234201033623,90,90,90,0.430494371023005,0.993872549019608,3.4,6
27,INFEASIBLE,0,1,20,12,0.8,10,8,25,0,52.8393756188632,90,90,90,0.460107684777288,0.992647058823529,3.4,6
27,INFEASIBLE,0,1,20,12,0.8,10,8,30,0,56.4387620740535,90,90,90,0.496084189916789,0.993137254901961,3.4,6
28,INFEASIBLE,0,1,20,15,1,10,8,5,0,30.7477957432972,73.0926578184774,73.0926578184774,73.0926578184774,0.252080274106706,0.991421568627451,3.4,6
28,INFEASIBLE,0,1,20,15,1,10,8,10,0,37.3287614740941,75.1175384435462,73.0995152877175,75.1175384435462,0.256730298580519,0.991911764705882,3.4,6
28,INFEASIBLE,0,1,20,15,1,10,8,15,0,43.5037399919347,85.3814330294909,85.3814330294909,85.3814330294909,0.358051884483603,0.993382352941177,3.4,6
28,INFEASIBLE,0,1,20,15,1,10,8,20,0,48.5234201033623,90,90,90,0.365638766519824,0.993872549019608,3.4,6
28,INFEASIBLE,0,1,20,15,1,10,8,25,0,52.8393756188632,90,90,90,0.406265296133138,0.992647058823529,3.4,6
28,INFEASIBLE,0,1,20,15,1,10,8,30,0,56.4387620740535,90,90,90,0.432941752325012,0.993137254901961,3.4,6
29,FRAGILE,1,1,30,8,0.533333333333333,10,8,5,0,43.7998385751351,84.5556345180693,81.6813816400639,84.5556345180693,0.499510523739599,0.994607843137255,3.4,6
29,FRAGILE,1,1,30,8,0.533333333333333,10,8,10,0,56.8593157403489,90,90,90,0.530347528144885,0.995833333333333,3.4,6
29,FRAGILE,1,1,30,8,0.533333333333333,10,8,15,0,62.1217286259045,90,90,90,0.574155653450808,0.995343137254902,3.4,6
29,FRAGILE,1,1,30,8,0.533333333333333,10,8,20,0,66.2763995142213,90,90,90,0.644150758688204,0.995833333333333,3.4,6
29,FRAGILE,1,1,30,8,0.533333333333333,10,8,25,0,71.6347922528696,90,90,90,0.690651003426334,0.995343137254902,3.4,6
29,FRAGILE,1,1,30,8,0.533333333333333,10,8,30,0,75.0215723621044,90,90,90,0.707537934410181,0.996078431372549,3.4,6
30,FRAGILE,1,1,30,10,0.666666666666667,10,8,5,0,43.7998385751351,84.5556345180693,81.6813816400639,84.5556345180693,0.462555066079295,0.994607843137255,3.4,6
30,FRAGILE,1,1,30,10,0.666666666666667,10,8,10,0,56.8593157403489,90,90,90,0.482868330885952,0.995833333333333,3.4,6
30,FRAGILE,1,1,30,10,0.666666666666667,10,8,15,0,62.1217286259045,90,90,90,0.49632892804699,0.995343137254902,3.4,6
30,FRAGILE,1,1,30,10,0.666666666666667,10,8,20,0,66.2763995142213,90,90,90,0.527655408712677,0.995833333333333,3.4,6
30,FRAGILE,1,1,30,10,0.666666666666667,10,8,25,0,71.6347922528696,90,90,90,0.595203132648067,0.995343137254902,3.4,6
30,FRAGILE,1,1,30,10,0.666666666666667,10,8,30,0,75.0215723621044,90,90,90,0.656387665198238,0.996078431372549,3.4,6
31,FRAGILE,1,1,30,12,0.8,10,8,5,0,43.7998385751351,84.5556345180693,81.6813816400639,84.5556345180693,0.435389133627019,0.994607843137255,3.4,6
31,FRAGILE,1,1,30,12,0.8,10,8,10,0,56.8593157403489,90,90,90,0.452031326480666,0.995833333333333,3.4,6
31,FRAGILE,1,1,30,12,0.8,10,8,15,0,62.1217286259045,90,90,90,0.459618208516887,0.995343137254902,3.4,6
31,FRAGILE,1,1,30,12,0.8,10,8,20,0,66.2763995142213,90,90,90,0.476015663240333,0.995833333333333,3.4,6
31,FRAGILE,1,1,30,12,0.8,10,8,25,0,71.6347922528696,90,90,90,0.501468428781204,0.995343137254902,3.4,6
31,FRAGILE,1,1,30,12,0.8,10,8,30,0,75.0215723621044,90,90,90,0.565345080763583,0.996078431372549,3.4,6
32,FRAGILE,1,1,30,15,1,10,8,5,0,43.7998385751351,84.5556345180693,81.6813816400639,84.5556345180693,0.395741556534508,0.994607843137255,3.4,6
32,FRAGILE,1,1,30,15,1,10,8,10,0,56.8593157403489,90,90,90,0.432452276064611,0.995833333333333,3.4,6
32,FRAGILE,1,1,30,15,1,10,8,15,0,62.1217286259045,90,90,90,0.430494371023005,0.995343137254902,3.4,6
32,FRAGILE,1,1,30,15,1,10,8,20,0,66.2763995142213,90,90,90,0.43587860988742,0.995833333333333,3.4,6
32,FRAGILE,1,1,30,15,1,10,8,25,0,71.6347922528696,90,90,90,0.449583945178659,0.995343137254902,3.4,6
32,FRAGILE,1,1,30,15,1,10,8,30,0,75.0215723621044,90,90,90,0.472589329417523,0.996078431372549,3.4,6
33,INFEASIBLE,0,1,45,8,0.533333333333333,10,24,5,0.666666666666667,11.1208810261063,28.7901517939843,24.7590184961866,28.0753100480414,0.564855604503182,0.997058823529412,3.4,6
33,INFEASIBLE,0,1,45,8,0.533333333333333,10,24,10,0.333333333333333,15.7327010320726,32.0732721697275,21.9447607120759,32.660138280526,0.597895252080274,0.997794117647059,3.4,6
33,INFEASIBLE,0,1,45,8,0.533333333333333,10,24,15,0,26.119103228423,66.2871916621677,57.1725189192209,66.9803387576201,0.667400881057269,0.99828431372549,3.4,6
33,INFEASIBLE,0,1,45,8,0.533333333333333,10,24,20,0,40.8570082846633,70.4612976491338,39.1238074345433,81.0944818417488,0.719285364659814,0.997549019607843,3.4,6
33,INFEASIBLE,0,1,45,8,0.533333333333333,10,24,25,0,66.4842072075506,90,62.9913006720289,90,0.766030347528145,0.99828431372549,3.4,6
33,INFEASIBLE,0,1,45,8,0.533333333333333,10,24,30,0,87.9942330093235,90,90,90,0.761625061184533,0.998039215686275,3.4,6
34,INFEASIBLE,0,1,45,10,0.666666666666667,10,24,5,0.666666666666667,11.1208810261063,28.7901517939843,24.7590184961866,28.0753100480414,0.469652471855115,0.997058823529412,3.4,6
34,INFEASIBLE,0,1,45,10,0.666666666666667,10,24,10,0.333333333333333,15.7327010320726,32.0732721697275,21.9447607120759,32.660138280526,0.55359765051395,0.997794117647059,3.4,6
34,INFEASIBLE,0,1,45,10,0.666666666666667,10,24,15,0,26.119103228423,66.2871916621677,57.1725189192209,66.9803387576201,0.634116495349976,0.99828431372549,3.4,6
34,INFEASIBLE,0,1,45,10,0.666666666666667,10,24,20,0,40.8570082846633,70.4612976491338,39.1238074345433,81.0944818417488,0.668379833578071,0.997549019607843,3.4,6
34,INFEASIBLE,0,1,45,10,0.666666666666667,10,24,25,0,66.4842072075506,90,62.9913006720289,90,0.74278022515908,0.99828431372549,3.4,6
34,INFEASIBLE,0,1,45,10,0.666666666666667,10,24,30,0,87.9942330093235,90,90,90,0.74302496328928,0.998039215686275,3.4,6
35,INFEASIBLE,0,1,45,12,0.8,10,24,5,0.666666666666667,11.1208810261063,28.7901517939843,24.7590184961866,28.0753100480414,0.412873225648556,0.997058823529412,3.4,6
35,INFEASIBLE,0,1,45,12,0.8,10,24,10,0.333333333333333,15.7327010320726,32.0732721697275,21.9447607120759,32.660138280526,0.498042094958395,0.997794117647059,3.4,6
35,INFEASIBLE,0,1,45,12,0.8,10,24,15,0,26.119103228423,66.2871916621677,57.1725189192209,66.9803387576201,0.600342633382281,0.99828431372549,3.4,6
35,INFEASIBLE,0,1,45,12,0.8,10,24,20,0,40.8570082846633,70.4612976491338,39.1238074345433,81.0944818417488,0.637787567302986,0.997549019607843,3.4,6
35,INFEASIBLE,0,1,45,12,0.8,10,24,25,0,66.4842072075506,90,62.9913006720289,90,0.708272148800783,0.99828431372549,3.4,6
35,INFEASIBLE,0,1,45,12,0.8,10,24,30,0,87.9942330093235,90,90,90,0.72148800783162,0.998039215686275,3.4,6
36,INFEASIBLE,0,1,45,15,1,10,24,5,0.666666666666667,11.1208810261063,28.7901517939843,24.7590184961866,28.0753100480414,0.348751835535976,0.997058823529412,3.4,6
36,INFEASIBLE,0,1,45,15,1,10,24,10,0.333333333333333,15.7327010320726,32.0732721697275,21.9447607120759,32.660138280526,0.393294175232501,0.997794117647059,3.4,6
36,INFEASIBLE,0,1,45,15,1,10,24,15,0,26.119103228423,66.2871916621677,57.1725189192209,66.9803387576201,0.555310817425355,0.99828431372549,3.4,6
36,INFEASIBLE,0,1,45,15,1,10,24,20,0,40.8570082846633,70.4612976491338,39.1238074345433,81.0944818417488,0.604258443465492,0.997549019607843,3.4,6
36,INFEASIBLE,0,1,45,15,1,10,24,25,0,66.4842072075506,90,62.9913006720289,90,0.649779735682819,0.99828431372549,3.4,6
36,INFEASIBLE,0,1,45,15,1,10,24,30,0,87.9942330093235,90,90,90,0.685266764561919,0.998039215686275,3.4,6
37,FRAGILE,1,1,60,8,0.533333333333333,10,24,5,1,8.74983895209776,18.5616255789254,8.95815302830982,18.9626091299521,0.515173764072442,0.995833333333333,3.39,6
37,FRAGILE,1,1,60,8,0.533333333333333,10,24,10,0.833333333333333,10.5202944993844,27.2900126270505,17.9598873097043,29.6861099969055,0.474547234459129,0.994852941176471,3.39666666666667,6
37,FRAGILE,1,1,60,8,0.533333333333333,10,24,15,0.666666666666667,16.4284860145705,31.9973900717323,18.9023363947319,41.6340733461738,0.639745472344591,0.99656862745098,3.3875,6
37,FRAGILE,1,1,60,8,0.533333333333333,10,24,20,0,26.8488571339302,59.4562983549311,47.9038947187186,66.9617839138109,0.717327459618209,0.997303921568628,3.4,6
37,FRAGILE,1,1,60,8,0.533333333333333,10,24,25,0,41.2039315880513,84.0599795267775,69.1479864488143,87.9505711263871,0.7501223690651,0.997058823529412,3.4,6
37,FRAGILE,1,1,60,8,0.533333333333333,10,24,30,0,59.0499860842452,89.561474093224,40.3529988510134,90,0.768232990699951,0.997058823529412,3.4,6
38,FRAGILE,1,1,60,10,0.666666666666667,10,24,5,1,8.74983895209776,18.5616255789254,8.95815302830982,18.9626091299521,0.451541850220264,0.995833333333333,3.39,6
38,FRAGILE,1,1,60,10,0.666666666666667,10,24,10,0.833333333333333,10.5202944993844,27.2900126270505,17.9598873097043,29.6861099969055,0.393538913362702,0.994852941176471,3.39666666666667,6
38,FRAGILE,1,1,60,10,0.666666666666667,10,24,15,0.666666666666667,16.4284860145705,31.9973900717323,18.9023363947319,41.6340733461738,0.596182085168869,0.99656862745098,3.3875,6
38,FRAGILE,1,1,60,10,0.666666666666667,10,24,20,0,26.8488571339302,59.4562983549311,47.9038947187186,66.9617839138109,0.670582476749878,0.997303921568628,3.4,6
38,FRAGILE,1,1,60,10,0.666666666666667,10,24,25,0,41.2039315880513,84.0599795267775,69.1479864488143,87.9505711263871,0.72124326970142,0.997058823529412,3.4,6
38,FRAGILE,1,1,60,10,0.666666666666667,10,24,30,0,59.0499860842452,89.561474093224,40.3529988510134,90,0.74645129711209,0.997058823529412,3.4,6
39,FRAGILE,1,1,60,12,0.8,10,24,5,1,8.74983895209776,18.5616255789254,8.95815302830982,18.9626091299521,0.388154674498287,0.995833333333333,3.39,6
39,FRAGILE,1,1,60,12,0.8,10,24,10,0.833333333333333,10.5202944993844,27.2900126270505,17.9598873097043,29.6861099969055,0.3570729319628,0.994852941176471,3.39666666666667,6
39,FRAGILE,1,1,60,12,0.8,10,24,15,0.666666666666667,16.4284860145705,31.9973900717323,18.9023363947319,41.6340733461738,0.538179148311307,0.99656862745098,3.3875,6
39,FRAGILE,1,1,60,12,0.8,10,24,20,0,26.8488571339302,59.4562983549311,47.9038947187186,66.9617839138109,0.627019089574156,0.997303921568628,3.4,6
39,FRAGILE,1,1,60,12,0.8,10,24,25,0,41.2039315880513,84.0599795267775,69.1479864488143,87.9505711263871,0.684043073910915,0.997058823529412,3.4,6
39,FRAGILE,1,1,60,12,0.8,10,24,30,0,59.0499860842452,89.561474093224,40.3529988510134,90,0.726382770435634,0.997058823529412,3.4,6
40,FRAGILE,1,1,60,15,1,10,24,5,1,8.74983895209776,18.5616255789254,8.95815302830982,18.9626091299521,0.292217327459618,0.995833333333333,3.39,6
40,FRAGILE,1,1,60,15,1,10,24,10,0.833333333333333,10.5202944993844,27.2900126270505,17.9598873097043,29.6861099969055,0.309104258443466,0.994852941176471,3.39666666666667,6
40,FRAGILE,1,1,60,15,1,10,24,15,0.666666666666667,16.4284860145705,31.9973900717323,18.9023363947319,41.6340733461738,0.449339207048458,0.99656862745098,3.3875,6
40,FRAGILE,1,1,60,15,1,10,24,20,0,26.8488571339302,59.4562983549311,47.9038947187186,66.9617839138109,0.574645129711209,0.997303921568628,3.4,6
40,FRAGILE,1,1,60,15,1,10,24,25,0,41.2039315880513,84.0599795267775,69.1479864488143,87.9505711263871,0.62506118453255,0.997058823529412,3.4,6
40,FRAGILE,1,1,60,15,1,10,24,30,0,59.0499860842452,89.561474093224,40.3529988510134,90,0.685266764561919,0.997058823529412,3.4,6
41,FRAGILE,1,1,75,8,0.533333333333333,10,16,5,1,9.89130332274428,23.1124155411774,12.6244684548533,23.2246724155049,0.452765540871268,0.994362745098039,3.4,6
41,FRAGILE,1,1,75,8,0.533333333333333,10,16,10,0.833333333333333,10.9347217958963,26.2308499871441,17.4732578127537,29.1727224901387,0.395986294664709,0.994362745098039,3.36833333333333,6
41,FRAGILE,1,1,75,8,0.533333333333333,10,16,15,0.666666666666667,15.4467571501324,34.0355517172209,25.8482995737521,36.9094088896779,0.534997552618698,0.994607843137255,3.4,6
41,FRAGILE,1,1,75,8,0.533333333333333,10,16,20,0.333333333333333,23.2559458543156,48.6909076412561,25.8152376030532,58.3875078603523,0.627998042094958,0.994852941176471,3.39333333333333,6
41,FRAGILE,1,1,75,8,0.533333333333333,10,16,25,0,32.751241981371,66.9331428844779,58.7036514183493,71.9420031075584,0.690895741556535,0.995343137254902,3.4,6
41,FRAGILE,1,1,75,8,0.533333333333333,10,16,30,0,46.1442993084985,90,74.8413046223803,90,0.733724914341654,0.995343137254902,3.4,6
42,FRAGILE,1,1,75,10,0.666666666666667,10,16,5,1,9.89130332274428,23.1124155411774,12.6244684548533,23.2246724155049,0.380567792462066,0.994362745098039,3.4,6
42,FRAGILE,1,1,75,10,0.666666666666667,10,16,10,0.833333333333333,10.9347217958963,26.2308499871441,17.4732578127537,29.1727224901387,0.340920215369555,0.994362745098039,3.36833333333333,6
42,FRAGILE,1,1,75,10,0.666666666666667,10,16,15,0.666666666666667,15.4467571501324,34.0355517172209,25.8482995737521,36.9094088896779,0.476505139500734,0.994607843137255,3.4,6
42,FRAGILE,1,1,75,10,0.666666666666667,10,16,20,0.333333333333333,23.2559458543156,48.6909076412561,25.8152376030532,58.3875078603523,0.575624082232012,0.994852941176471,3.39333333333333,6
42,FRAGILE,1,1,75,10,0.666666666666667,10,16,25,0,32.751241981371,66.9331428844779,58.7036514183493,71.9420031075584,0.649290259422418,0.995343137254902,3.4,6
42,FRAGILE,1,1,75,10,0.666666666666667,10,16,30,0,46.1442993084985,90,74.8413046223803,90,0.694811551639746,0.995343137254902,3.4,6
43,FRAGILE,1,1,75,12,0.8,10,16,5,1,9.89130332274428,23.1124155411774,12.6244684548533,23.2246724155049,0.307880567792462,0.994362745098039,3.4,6
43,FRAGILE,1,1,75,12,0.8,10,16,10,0.833333333333333,10.9347217958963,26.2308499871441,17.4732578127537,29.1727224901387,0.288056779246207,0.994362745098039,3.36833333333333,6
43,FRAGILE,1,1,75,12,0.8,10,16,15,0.666666666666667,15.4467571501324,34.0355517172209,25.8482995737521,36.9094088896779,0.411894273127753,0.994607843137255,3.4,6
43,FRAGILE,1,1,75,12,0.8,10,16,20,0.333333333333333,23.2559458543156,48.6909076412561,25.8152376030532,58.3875078603523,0.501223690651003,0.994852941176471,3.39333333333333,6
43,FRAGILE,1,1,75,12,0.8,10,16,25,0,32.751241981371,66.9331428844779,58.7036514183493,71.9420031075584,0.611845325501713,0.995343137254902,3.4,6
43,FRAGILE,1,1,75,12,0.8,10,16,30,0,46.1442993084985,90,74.8413046223803,90,0.651003426333823,0.995343137254902,3.4,6
44,FRAGILE,1,1,75,15,1,10,16,5,1,9.89130332274428,23.1124155411774,12.6244684548533,23.2246724155049,0.196769456681351,0.994362745098039,3.4,6
44,FRAGILE,1,1,75,15,1,10,16,10,0.833333333333333,10.9347217958963,26.2308499871441,17.4732578127537,29.1727224901387,0.208516886930984,0.994362745098039,3.36833333333333,6
44,FRAGILE,1,1,75,15,1,10,16,15,0.666666666666667,15.4467571501324,34.0355517172209,25.8482995737521,36.9094088896779,0.307880567792462,0.994607843137255,3.4,6
44,FRAGILE,1,1,75,15,1,10,16,20,0.333333333333333,23.2559458543156,48.6909076412561,25.8152376030532,58.3875078603523,0.420704845814978,0.994852941176471,3.39333333333333,6
44,FRAGILE,1,1,75,15,1,10,16,25,0,32.751241981371,66.9331428844779,58.7036514183493,71.9420031075584,0.541360744003916,0.995343137254902,3.4,6
44,FRAGILE,1,1,75,15,1,10,16,30,0,46.1442993084985,90,74.8413046223803,90,0.601321585903084,0.995343137254902,3.4,6
45,EASY,2,1,90,8,0.533333333333333,10,16,5,1,8.09414742586686,19.5507994021685,12.4494497736178,19.4857714642302,0.435389133627019,0.994362745098039,3.39583333333333,6
45,EASY,2,1,90,8,0.533333333333333,10,16,10,0.833333333333333,8.59534580073778,21.1324435630445,12.3715068949215,22.3017817847832,0.368820362212433,0.993627450980392,3.3925,6
45,EASY,2,1,90,8,0.533333333333333,10,16,15,0.833333333333333,12.6365192141909,29.5106684912872,17.0972826113936,32.9725841486994,0.513460597161038,0.995343137254902,3.3975,6
45,EASY,2,1,90,8,0.533333333333333,10,16,20,0.5,17.0108860842852,36.7440636091831,19.6574919904823,49.6749002572324,0.608418991678903,0.995588235294118,3.4,6
45,EASY,2,1,90,8,0.533333333333333,10,16,25,0,26.2622942917959,53.8932861290604,49.83909968677,66.8116672202066,0.687958883994126,0.996078431372549,3.4,6
45,EASY,2,1,90,8,0.533333333333333,10,16,30,0,41.3738170034386,89.5939347142468,79.9579766446291,89.5939347142468,0.718061674008811,0.995588235294118,3.4,6
46,EASY,2,1,90,10,0.666666666666667,10,16,5,1,8.09414742586686,19.5507994021685,12.4494497736178,19.4857714642302,0.366128242780225,0.994362745098039,3.39583333333333,6
46,EASY,2,1,90,10,0.666666666666667,10,16,10,0.833333333333333,8.59534580073778,21.1324435630445,12.3715068949215,22.3017817847832,0.311306901615272,0.993627450980392,3.3925,6
46,EASY,2,1,90,10,0.666666666666667,10,16,15,0.833333333333333,12.6365192141909,29.5106684912872,17.0972826113936,32.9725841486994,0.44273127753304,0.995343137254902,3.3975,6
46,EASY,2,1,90,10,0.666666666666667,10,16,20,0.5,17.0108860842852,36.7440636091831,19.6574919904823,49.6749002572324,0.550416054821341,0.995588235294118,3.4,6
46,EASY,2,1,90,10,0.666666666666667,10,16,25,0,26.2622942917959,53.8932861290604,49.83909968677,66.8116672202066,0.619187469407734,0.996078431372549,3.4,6
46,EASY,2,1,90,10,0.666666666666667,10,16,30,0,41.3738170034386,89.5939347142468,79.9579766446291,89.5939347142468,0.679637787567303,0.995588235294118,3.4,6
47,EASY,2,1,90,12,0.8,10,16,5,1,8.09414742586686,19.5507994021685,12.4494497736178,19.4857714642302,0.297356828193833,0.994362745098039,3.39583333333333,6
47,EASY,2,1,90,12,0.8,10,16,10,0.833333333333333,8.59534580073778,21.1324435630445,12.3715068949215,22.3017817847832,0.265785609397944,0.993627450980392,3.3925,6
47,EASY,2,1,90,12,0.8,10,16,15,0.833333333333333,12.6365192141909,29.5106684912872,17.0972826113936,32.9725841486994,0.374694077337249,0.995343137254902,3.3975,6
47,EASY,2,1,90,12,0.8,10,16,20,0.5,17.0108860842852,36.7440636091831,19.6574919904823,49.6749002572324,0.487763093489966,0.995588235294118,3.4,6
47,EASY,2,1,90,12,0.8,10,16,25,0,26.2622942917959,53.8932861290604,49.83909968677,66.8116672202066,0.580029368575624,0.996078431372549,3.4,6
47,EASY,2,1,90,12,0.8,10,16,30,0,41.3738170034386,89.5939347142468,79.9579766446291,89.5939347142468,0.622858541360744,0.995588235294118,3.4,6
48,EASY,2,1,90,15,1,10,16,5,1,8.09414742586686,19.5507994021685,12.4494497736178,19.4857714642302,0.196769456681351,0.994362745098039,3.39583333333333,6
48,EASY,2,1,90,15,1,10,16,10,0.833333333333333,8.59534580073778,21.1324435630445,12.3715068949215,22.3017817847832,0.200685266764562,0.993627450980392,3.3925,6
48,EASY,2,1,90,15,1,10,16,15,0.833333333333333,12.6365192141909,29.5106684912872,17.0972826113936,32.9725841486994,0.290014684287812,0.995343137254902,3.3975,6
48,EASY,2,1,90,15,1,10,16,20,0.5,17.0108860842852,36.7440636091831,19.6574919904823,49.6749002572324,0.371023005384239,0.995588235294118,3.4,6
48,EASY,2,1,90,15,1,10,16,25,0,26.2622942917959,53.8932861290604,49.83909968677,66.8116672202066,0.518355359765051,0.996078431372549,3.4,6
48,EASY,2,1,90,15,1,10,16,30,0,41.3738170034386,89.5939347142468,79.9579766446291,89.5939347142468,0.577337249143417,0.995588235294118,3.4,6
49,INFEASIBLE,0,2,20,8,0.533333333333333,10,16,5,0,43.4620218989783,69.6080068097225,69.6080068097225,69.6080068097225,0.648311306901615,0.996078431372549,3.4,6
49,INFEASIBLE,0,2,20,8,0.533333333333333,10,16,10,0,65.5251116949111,83.0033118514633,83.0033118514633,83.0033118514633,0.670582476749878,0.997303921568628,3.4,6
49,INFEASIBLE,0,2,20,8,0.533333333333333,10,16,15,0,69.3872152864833,81.9865464577165,81.6208281867156,81.6208281867156,0.701908957415565,0.997549019607843,3.4,6
49,INFEASIBLE,0,2,20,8,0.533333333333333,10,16,20,0,71.4986823839832,82.8198797910498,80.7892348955759,80.7892348955759,0.73910915320607,0.997549019607843,3.4,6
49,INFEASIBLE,0,2,20,8,0.533333333333333,10,16,25,0,72.9168776440905,83.6532131243831,80.7892348955759,80.7892348955759,0.769211943220754,0.997794117647059,3.4,6
49,INFEASIBLE,0,2,20,8,0.533333333333333,10,16,30,0,74.4046957174142,84.4865464577165,80.7892348955759,80.7892348955759,0.777043563387176,0.997794117647059,3.4,6
50,INFEASIBLE,0,2,20,10,0.666666666666667,10,16,5,0,43.4620218989783,69.6080068097225,69.6080068097225,69.6080068097225,0.559716103768967,0.996078431372549,3.4,6
50,INFEASIBLE,0,2,20,10,0.666666666666667,10,16,10,0,65.5251116949111,83.0033118514633,83.0033118514633,83.0033118514633,0.647577092511013,0.997303921568628,3.4,6
50,INFEASIBLE,0,2,20,10,0.666666666666667,10,16,15,0,69.3872152864833,81.9865464577165,81.6208281867156,81.6208281867156,0.652961331375428,0.997549019607843,3.4,6
50,INFEASIBLE,0,2,20,10,0.666666666666667,10,16,20,0,71.4986823839832,82.8198797910498,80.7892348955759,80.7892348955759,0.691874694077337,0.997549019607843,3.4,6
50,INFEASIBLE,0,2,20,10,0.666666666666667,10,16,25,0,72.9168776440905,83.6532131243831,80.7892348955759,80.7892348955759,0.737885462555066,0.997794117647059,3.4,6
50,INFEASIBLE,0,2,20,10,0.666666666666667,10,16,30,0,74.4046957174142,84.4865464577165,80.7892348955759,80.7892348955759,0.759667156142927,0.997794117647059,3.4,6
51,INFEASIBLE,0,2,20,12,0.8,10,16,5,0,43.4620218989783,69.6080068097225,69.6080068097225,69.6080068097225,0.497797356828194,0.996078431372549,3.4,6
51,INFEASIBLE,0,2,20,12,0.8,10,16,10,0,65.5251116949111,83.0033118514633,83.0033118514633,83.0033118514633,0.610376896720509,0.997303921568628,3.4,6
51,INFEASIBLE,0,2,20,12,0.8,10,16,15,0,69.3872152864833,81.9865464577165,81.6208281867156,81.6208281867156,0.634116495349975,0.997549019607843,3.4,6
51,INFEASIBLE,0,2,20,12,0.8,10,16,20,0,71.4986823839832,82.8198797910498,80.7892348955759,80.7892348955759,0.654674498286833,0.997549019607843,3.4,6
51,INFEASIBLE,0,2,20,12,0.8,10,16,25,0,72.9168776440905,83.6532131243831,80.7892348955759,80.7892348955759,0.688937836514929,0.997794117647059,3.4,6
51,INFEASIBLE,0,2,20,12,0.8,10,16,30,0,74.4046957174142,84.4865464577165,80.7892348955759,80.7892348955759,0.730543318649045,0.997794117647059,3.4,6
52,INFEASIBLE,0,2,20,15,1,10,16,5,0,43.4620218989783,69.6080068097225,69.6080068097225,69.6080068097225,0.405775819872736,0.996078431372549,3.4,6
52,INFEASIBLE,0,2,20,15,1,10,16,10,0,65.5251116949111,83.0033118514633,83.0033118514633,83.0033118514633,0.519823788546256,0.997303921568628,3.4,6
52,INFEASIBLE,0,2,20,15,1,10,16,15,0,69.3872152864833,81.9865464577165,81.6208281867156,81.6208281867156,0.567058247674988,0.997549019607843,3.4,6
52,INFEASIBLE,0,2,20,15,1,10,16,20,0,71.4986823839832,82.8198797910498,80.7892348955759,80.7892348955759,0.606461086637298,0.997549019607843,3.4,6
52,INFEASIBLE,0,2,20,15,1,10,16,25,0,72.9168776440905,83.6532131243831,80.7892348955759,80.7892348955759,0.631179637787567,0.997794117647059,3.4,6
52,INFEASIBLE,0,2,20,15,1,10,16,30,0,74.4046957174142,84.4865464577165,80.7892348955759,80.7892348955759,0.665932452276065,0.997794117647059,3.4,6
53,INFEASIBLE,0,2,30,8,0.533333333333333,45,24,5,0,52.4686769270338,85.2875200868474,75.1039379471408,84.8374959032401,0.795643661282428,0.997303921568628,3.39916666666667,6
53,INFEASIBLE,0,2,30,8,0.533333333333333,45,24,10,0,55.1905616745456,85.8484531671613,75.1039379471408,84.8374959032401,0.802251590797846,0.997794117647059,3.39916666666667,6
53,INFEASIBLE,0,2,30,8,0.533333333333333,45,24,15,0,57.5852190161802,86.5580000160718,75.1039379471408,84.8374959032401,0.811551639745472,0.997794117647059,3.39916666666667,6
53,INFEASIBLE,0,2,30,8,0.533333333333333,45,24,20,0,59.7695815259745,87.353751554865,75.0701626254125,84.8037205815118,0.815222711698483,0.997549019607843,3.39916666666667,6
53,INFEASIBLE,0,2,30,8,0.533333333333333,45,24,25,0,62.0833248273497,88.1870848881984,75.0701626254125,84.8037205815118,0.818893783651493,0.997549019607843,3.39916666666667,6
53,INFEASIBLE,0,2,30,8,0.533333333333333,45,24,30,0,63.7183846626136,88.8615479593289,74.9112923632097,84.644850319309,0.820606950562898,0.997794117647059,3.39916666666667,6
54,INFEASIBLE,0,2,30,10,0.666666666666667,45,24,5,0,52.4686769270338,85.2875200868474,75.1039379471408,84.8374959032401,0.775330396475771,0.997303921568628,3.39916666666667,6
54,INFEASIBLE,0,2,30,10,0.666666666666667,45,24,10,0,55.1905616745456,85.8484531671613,75.1039379471408,84.8374959032401,0.784140969162996,0.997794117647059,3.39916666666667,6
54,INFEASIBLE,0,2,30,10,0.666666666666667,45,24,15,0,57.5852190161802,86.5580000160718,75.1039379471408,84.8374959032401,0.789769946157611,0.997794117647059,3.39916666666667,6
54,INFEASIBLE,0,2,30,10,0.666666666666667,45,24,20,0,59.7695815259745,87.353751554865,75.0701626254125,84.8037205815118,0.799314733235438,0.997549019607843,3.39916666666667,6
54,INFEASIBLE,0,2,30,10,0.666666666666667,45,24,25,0,62.0833248273497,88.1870848881984,75.0701626254125,84.8037205815118,0.804698972099853,0.997549019607843,3.39916666666667,6
54,INFEASIBLE,0,2,30,10,0.666666666666667,45,24,30,0,63.7183846626136,88.8615479593289,74.9112923632097,84.644850319309,0.807880567792462,0.997794117647059,3.39916666666667,6
55,INFEASIBLE,0,2,30,12,0.8,45,24,5,0,52.4686769270338,85.2875200868474,75.1039379471408,84.8374959032401,0.757709251101322,0.997303921568628,3.39916666666667,6
55,INFEASIBLE,0,2,30,12,0.8,45,24,10,0,55.1905616745456,85.8484531671613,75.1039379471408,84.8374959032401,0.767009300048948,0.997794117647059,3.39916666666667,6
55,INFEASIBLE,0,2,30,12,0.8,45,24,15,0,57.5852190161802,86.5580000160718,75.1039379471408,84.8374959032401,0.773617229564366,0.997794117647059,3.39916666666667,6
55,INFEASIBLE,0,2,30,12,0.8,45,24,20,0,59.7695815259745,87.353751554865,75.0701626254125,84.8037205815118,0.783651492902594,0.997549019607843,3.39916666666667,6
55,INFEASIBLE,0,2,30,12,0.8,45,24,25,0,62.0833248273497,88.1870848881984,75.0701626254125,84.8037205815118,0.790259422418013,0.997549019607843,3.39916666666667,6
55,INFEASIBLE,0,2,30,12,0.8,45,24,30,0,63.7183846626136,88.8615479593289,74.9112923632097,84.644850319309,0.793685756240822,0.997794117647059,3.39916666666667,6
56,INFEASIBLE,0,2,30,15,1,45,24,5,0,52.4686769270338,85.2875200868474,75.1039379471408,84.8374959032401,0.732501223690651,0.997303921568628,3.39916666666667,6
56,INFEASIBLE,0,2,30,15,1,45,24,10,0,55.1905616745456,85.8484531671613,75.1039379471408,84.8374959032401,0.745472344591287,0.997794117647059,3.39916666666667,6
56,INFEASIBLE,0,2,30,15,1,45,24,15,0,57.5852190161802,86.5580000160718,75.1039379471408,84.8374959032401,0.754038179148311,0.997794117647059,3.39916666666667,6
56,INFEASIBLE,0,2,30,15,1,45,24,20,0,59.7695815259745,87.353751554865,75.0701626254125,84.8037205815118,0.758932941752325,0.997549019607843,3.39916666666667,6
56,INFEASIBLE,0,2,30,15,1,45,24,25,0,62.0833248273497,88.1870848881984,75.0701626254125,84.8037205815118,0.771169848262359,0.997549019607843,3.39916666666667,6
56,INFEASIBLE,0,2,30,15,1,45,24,30,0,63.7183846626136,88.8615479593289,74.9112923632097,84.644850319309,0.777777777777778,0.997794117647059,3.39916666666667,6
57,FRAGILE,1,2,45,8,0.533333333333333,60,8,5,0,79.2761239284923,89.3505833992701,82.3536167805889,88.766404621067,0.801027900146843,0.997058823529412,3.4,6
57,FRAGILE,1,2,45,8,0.533333333333333,60,8,10,0,74.7047258162484,90,82.3536167805889,88.766404621067,0.804454233969652,0.997058823529412,3.4,6
57,FRAGILE,1,2,45,8,0.533333333333333,60,8,15,0,80.8602361558451,90,82.3536167805889,88.766404621067,0.811551639745472,0.996813725490196,3.4,6
57,FRAGILE,1,2,45,8,0.533333333333333,60,8,20,0,81.6904263290975,90,82.3536167805889,88.766404621067,0.811551639745472,0.997058823529412,3.4,6
57,FRAGILE,1,2,45,8,0.533333333333333,60,8,25,0,82.5245359930248,90,82.3536167805889,88.766404621067,0.810083210964268,0.997058823529412,3.4,6
57,FRAGILE,1,2,45,8,0.533333333333333,60,8,30,0,83.3882096512907,90,82.3536167805889,88.766404621067,0.808125305922663,0.997058823529412,3.4,6
58,FRAGILE,1,2,45,10,0.666666666666667,60,8,5,0,79.2761239284923,89.3505833992701,82.3536167805889,88.766404621067,0.784140969162996,0.997058823529412,3.4,6
58,FRAGILE,1,2,45,10,0.666666666666667,60,8,10,0,74.7047258162484,90,82.3536167805889,88.766404621067,0.78928046989721,0.997058823529412,3.4,6
58,FRAGILE,1,2,45,10,0.666666666666667,60,8,15,0,80.8602361558451,90,82.3536167805889,88.766404621067,0.798335780714635,0.996813725490196,3.4,6
58,FRAGILE,1,2,45,10,0.666666666666667,60,8,20,0,81.6904263290975,90,82.3536167805889,88.766404621067,0.799314733235438,0.997058823529412,3.4,6
58,FRAGILE,1,2,45,10,0.666666666666667,60,8,25,0,82.5245359930248,90,82.3536167805889,88.766404621067,0.799559471365639,0.997058823529412,3.4,6
58,FRAGILE,1,2,45,10,0.666666666666667,60,8,30,0,83.3882096512907,90,82.3536167805889,88.766404621067,0.799069995105237,0.997058823529412,3.4,6
59,FRAGILE,1,2,45,12,0.8,60,8,5,0,79.2761239284923,89.3505833992701,82.3536167805889,88.766404621067,0.768722466960352,0.997058823529412,3.4,6
59,FRAGILE,1,2,45,12,0.8,60,8,10,0,74.7047258162484,90,82.3536167805889,88.766404621067,0.775819872736172,0.997058823529412,3.4,6
59,FRAGILE,1,2,45,12,0.8,60,8,15,0,80.8602361558451,90,82.3536167805889,88.766404621067,0.787567302985805,0.996813725490196,3.4,6
59,FRAGILE,1,2,45,12,0.8,60,8,20,0,81.6904263290975,90,82.3536167805889,88.766404621067,0.790259422418013,0.997058823529412,3.4,6
59,FRAGILE,1,2,45,12,0.8,60,8,25,0,82.5245359930248,90,82.3536167805889,88.766404621067,0.790993636808615,0.997058823529412,3.4,6
59,FRAGILE,1,2,45,12,0.8,60,8,30,0,83.3882096512907,90,82.3536167805889,88.766404621067,0.791727851199217,0.997058823529412,3.4,6
60,FRAGILE,1,2,45,15,1,60,8,5,0,79.2761239284923,89.3505833992701,82.3536167805889,88.766404621067,0.744738130200685,0.997058823529412,3.4,6
60,FRAGILE,1,2,45,15,1,60,8,10,0,74.7047258162484,90,82.3536167805889,88.766404621067,0.755261869799315,0.997058823529412,3.4,6
60,FRAGILE,1,2,45,15,1,60,8,15,0,80.8602361558451,90,82.3536167805889,88.766404621067,0.773617229564366,0.996813725490196,3.4,6
60,FRAGILE,1,2,45,15,1,60,8,20,0,81.6904263290975,90,82.3536167805889,88.766404621067,0.77851199216838,0.997058823529412,3.4,6
60,FRAGILE,1,2,45,15,1,60,8,25,0,82.5245359930248,90,82.3536167805889,88.766404621067,0.781204111600587,0.997058823529412,3.4,6
60,FRAGILE,1,2,45,15,1,60,8,30,0,83.3882096512907,90,82.3536167805889,88.766404621067,0.782427802251591,0.997058823529412,3.4,6
61,INFEASIBLE,0,2,60,8,0.533333333333333,45,4,5,0,89.5222448831141,90,90,90,0.764072442486539,0.992647058823529,3.4,6
61,INFEASIBLE,0,2,60,8,0.533333333333333,45,4,10,0,89.8271812417653,90,90,90,0.741801272638277,0.992401960784314,3.4,6
61,INFEASIBLE,0,2,60,8,0.533333333333333,45,4,15,0,81.2948097139441,90,90,90,0.751835535976505,0.992647058823529,3.4,6
61,INFEASIBLE,0,2,60,8,0.533333333333333,45,4,20,0,83.7799317424525,90,90,90,0.747430249632893,0.992156862745098,3.4,6
61,INFEASIBLE,0,2,60,8,0.533333333333333,45,4,25,0,90,90,90,90,0.769456681350954,0.99093137254902,3.4,6
61,INFEASIBLE,0,2,60,8,0.533333333333333,45,4,30,0,90,90,90,90,0.775575134605972,0.992647058823529,3.4,6
62,INFEASIBLE,0,2,60,10,0.666666666666667,45,4,5,0,89.5222448831141,90,90,90,0.734703866862457,0.992647058823529,3.4,6
62,INFEASIBLE,0,2,60,10,0.666666666666667,45,4,10,0,89.8271812417653,90,90,90,0.721977484092021,0.992401960784314,3.4,6
62,INFEASIBLE,0,2,60,10,0.666666666666667,45,4,15,0,81.2948097139441,90,90,90,0.73568281938326,0.992647058823529,3.4,6
62,INFEASIBLE,0,2,60,10,0.666666666666667,45,4,20,0,83.7799317424525,90,90,90,0.735927557513461,0.992156862745098,3.4,6
62,INFEASIBLE,0,2,60,10,0.666666666666667,45,4,25,0,90,90,90,90,0.758443465491924,0.99093137254902,3.4,6
62,INFEASIBLE,0,2,60,10,0.666666666666667,45,4,30,0,90,90,90,90,0.764806656877142,0.992647058823529,3.4,6
63,INFEASIBLE,0,2,60,12,0.8,45,4,5,0,89.5222448831141,90,90,90,0.704601076847773,0.992647058823529,3.4,6
63,INFEASIBLE,0,2,60,12,0.8,45,4,10,0,89.8271812417653,90,90,90,0.697503671071953,0.992401960784314,3.4,6
63,INFEASIBLE,0,2,60,12,0.8,45,4,15,0,81.2948097139441,90,90,90,0.720753793441018,0.992647058823529,3.4,6
63,INFEASIBLE,0,2,60,12,0.8,45,4,20,0,83.7799317424525,90,90,90,0.725893294175233,0.992156862745098,3.4,6
63,INFEASIBLE,0,2,60,12,0.8,45,4,25,0,90,90,90,90,0.750367107195301,0.99093137254902,3.4,6
63,INFEASIBLE,0,2,60,12,0.8,45,4,30,0,90,90,90,90,0.757464512971121,0.992647058823529,3.4,6
64,INFEASIBLE,0,2,60,15,1,45,4,5,0,89.5222448831141,90,90,90,0.673519334312286,0.992647058823529,3.4,6
64,INFEASIBLE,0,2,60,15,1,45,4,10,0,89.8271812417653,90,90,90,0.663240332843857,0.992401960784314,3.4,6
64,INFEASIBLE,0,2,60,15,1,45,4,15,0,81.2948097139441,90,90,90,0.695790504160548,0.992647058823529,3.4,6
64,INFEASIBLE,0,2,60,15,1,45,4,20,0,83.7799317424525,90,90,90,0.706803720019579,0.992156862745098,3.4,6
64,INFEASIBLE,0,2,60,15,1,45,4,25,0,90,90,90,90,0.735438081253059,0.99093137254902,3.4,6
64,INFEASIBLE,0,2,60,15,1,45,4,30,0,90,90,90,90,0.74302496328928,0.992647058823529,3.4,6
65,INFEASIBLE,0,2,75,8,0.533333333333333,10,24,5,0.5,14.4861814612129,33.6312914966704,27.7886200148212,33.8451848544328,0.578316201664219,0.995588235294118,3.4,6
65,INFEASIBLE,0,2,75,8,0.533333333333333,10,24,10,0.333333333333333,25.6949934931032,46.3309510529745,37.2789395991458,47.0555587702076,0.57488986784141,0.995588235294118,3.4,6
65,INFEASIBLE,0,2,75,8,0.533333333333333,10,24,15,0,48.2014537482869,82.8122627220461,82.8122627220461,82.8122627220461,0.722466960352423,0.997058823529412,3.4,6
65,INFEASIBLE,0,2,75,8,0.533333333333333,10,24,20,0,64.3727617990507,86.7035191203694,55.3994382577971,89.1664708702937,0.765540871267743,0.997058823529412,3.4,6
65,INFEASIBLE,0,2,75,8,0.533333333333333,10,24,25,0,90,90,90,90,0.795398923152227,0.997058823529412,3.4,6
65,INFEASIBLE,0,2,75,8,0.533333333333333,10,24,30,0,90,90,90,90,0.802006852667646,0.997303921568628,3.4,6
66,INFEASIBLE,0,2,75,10,0.666666666666667,10,24,5,0.5,14.4861814612129,33.6312914966704,27.7886200148212,33.8451848544328,0.51786588350465,0.995588235294118,3.4,6
66,INFEASIBLE,0,2,75,10,0.666666666666667,10,24,10,0.333333333333333,25.6949934931032,46.3309510529745,37.2789395991458,47.0555587702076,0.519579050416055,0.995588235294118,3.4,6
66,INFEASIBLE,0,2,75,10,0.666666666666667,10,24,15,0,48.2014537482869,82.8122627220461,82.8122627220461,82.8122627220461,0.701419481155164,0.997058823529412,3.4,6
66,INFEASIBLE,0,2,75,10,0.666666666666667,10,24,20,0,64.3727617990507,86.7035191203694,55.3994382577971,89.1664708702937,0.726382770435634,0.997058823529412,3.4,6
66,INFEASIBLE,0,2,75,10,0.666666666666667,10,24,25,0,90,90,90,90,0.780225159079785,0.997058823529412,3.4,6
66,INFEASIBLE,0,2,75,10,0.666666666666667,10,24,30,0,90,90,90,90,0.791727851199217,0.997303921568628,3.4,6
67,INFEASIBLE,0,2,75,12,0.8,10,24,5,0.5,14.4861814612129,33.6312914966704,27.7886200148212,33.8451848544328,0.478952520802741,0.995588235294118,3.4,6
67,INFEASIBLE,0,2,75,12,0.8,10,24,10,0.333333333333333,25.6949934931032,46.3309510529745,37.2789395991458,47.0555587702076,0.472834067547724,0.995588235294118,3.4,6
67,INFEASIBLE,0,2,75,12,0.8,10,24,15,0,48.2014537482869,82.8122627220461,82.8122627220461,82.8122627220461,0.676700930004895,0.997058823529412,3.4,6
67,INFEASIBLE,0,2,75,12,0.8,10,24,20,0,64.3727617990507,86.7035191203694,55.3994382577971,89.1664708702937,0.708516886930984,0.997058823529412,3.4,6
67,INFEASIBLE,0,2,75,12,0.8,10,24,25,0,90,90,90,90,0.760401370533529,0.997058823529412,3.4,6
67,INFEASIBLE,0,2,75,12,0.8,10,24,30,0,90,90,90,90,0.780225159079785,0.997303921568628,3.4,6
68,INFEASIBLE,0,2,75,15,1,10,24,5,0.5,14.4861814612129,33.6312914966704,27.7886200148212,33.8451848544328,0.407733724914342,0.995588235294118,3.4,6
68,INFEASIBLE,0,2,75,15,1,10,24,10,0.333333333333333,25.6949934931032,46.3309510529745,37.2789395991458,47.0555587702076,0.416299559471366,0.995588235294118,3.4,6
68,INFEASIBLE,0,2,75,15,1,10,24,15,0,48.2014537482869,82.8122627220461,82.8122627220461,82.8122627220461,0.625305922662751,0.997058823529412,3.4,6
68,INFEASIBLE,0,2,75,15,1,10,24,20,0,64.3727617990507,86.7035191203694,55.3994382577971,89.1664708702937,0.685022026431718,0.997058823529412,3.4,6
68,INFEASIBLE,0,2,75,15,1,10,24,25,0,90,90,90,90,0.722222222222222,0.997058823529412,3.4,6
68,INFEASIBLE,0,2,75,15,1,10,24,30,0,90,90,90,90,0.75721977484092,0.997303921568628,3.4,6
69,FRAGILE,1,2,90,8,0.533333333333333,10,16,5,0.666666666666667,11.7506478967898,29.1416013465788,24.718716092058,28.7955980192086,0.449339207048458,0.993137254901961,3.4,6
69,FRAGILE,1,2,90,8,0.533333333333333,10,16,10,0.666666666666667,12.4295404822037,34.8611328450182,30.6216240077919,34.3731631724545,0.36417033773862,0.993137254901961,3.4,6
69,FRAGILE,1,2,90,8,0.533333333333333,10,16,15,0.333333333333333,34.5675811439008,61.2585666918058,53.8693097272725,61.5736319780782,0.6071953010279,0.99485294117647,3.4,6
69,FRAGILE,1,2,90,8,0.533333333333333,10,16,20,0,50.3926149568925,90,87.3023538472335,90,0.680861478218306,0.99485294117647,3.4,6
69,FRAGILE,1,2,90,8,0.533333333333333,10,16,25,0,74.7340552955184,90,72.1372976106435,90,0.731522271169848,0.995098039215686,3.4,6
69,FRAGILE,1,2,90,8,0.533333333333333,10,16,30,0,90,90,90,90,0.769701419481155,0.995098039215686,3.4,6
70,FRAGILE,1,2,90,10,0.666666666666667,10,16,5,0.666666666666667,11.7506478967898,29.1416013465788,24.718716092058,28.7955980192086,0.38937836514929,0.993137254901961,3.4,6
70,FRAGILE,1,2,90,10,0.666666666666667,10,16,10,0.666666666666667,12.4295404822037,34.8611328450182,30.6216240077919,34.3731631724545,0.316935878609887,0.993137254901961,3.4,6
70,FRAGILE,1,2,90,10,0.666666666666667,10,16,15,0.333333333333333,34.5675811439008,61.2585666918058,53.8693097272725,61.5736319780782,0.553108174253549,0.99485294117647,3.4,6
70,FRAGILE,1,2,90,10,0.666666666666667,10,16,20,0,50.3926149568925,90,87.3023538472335,90,0.655163974547234,0.99485294117647,3.4,6
70,FRAGILE,1,2,90,10,0.666666666666667,10,16,25,0,74.7340552955184,90,72.1372976106435,90,0.690406265296133,0.995098039215686,3.4,6
70,FRAGILE,1,2,90,10,0.666666666666667,10,16,30,0,90,90,90,90,0.743759177679883,0.995098039215686,3.4,6
71,FRAGILE,1,2,90,12,0.8,10,16,5,0.666666666666667,11.7506478967898,29.1416013465788,24.718716092058,28.7955980192086,0.327459618208517,0.993137254901961,3.4,6
71,FRAGILE,1,2,90,12,0.8,10,16,10,0.666666666666667,12.4295404822037,34.8611328450182,30.6216240077919,34.3731631724545,0.273372491434165,0.993137254901961,3.4,6
71,FRAGILE,1,2,90,12,0.8,10,16,15,0.333333333333333,34.5675811439008,61.2585666918058,53.8693097272725,61.5736319780782,0.499755261869799,0.99485294117647,3.4,6
71,FRAGILE,1,2,90,12,0.8,10,16,20,0,50.3926149568925,90,87.3023538472335,90,0.621879588839941,0.99485294117647,3.4,6
71,FRAGILE,1,2,90,12,0.8,10,16,25,0,74.7340552955184,90,72.1372976106435,90,0.671071953010279,0.995098039215686,3.4,6
71,FRAGILE,1,2,90,12,0.8,10,16,30,0,90,90,90,90,0.701664219285365,0.995098039215686,3.4,6
72,FRAGILE,1,2,90,15,1,10,16,5,0.666666666666667,11.7506478967898,29.1416013465788,24.718716092058,28.7955980192086,0.237885462555066,0.993137254901961,3.4,6
72,FRAGILE,1,2,90,15,1,10,16,10,0.666666666666667,12.4295404822037,34.8611328450182,30.6216240077919,34.3731631724545,0.204601076847773,0.993137254901961,3.4,6
72,FRAGILE,1,2,90,15,1,10,16,15,0.333333333333333,34.5675811439008,61.2585666918058,53.8693097272725,61.5736319780782,0.429270680372002,0.99485294117647,3.4,6
72,FRAGILE,1,2,90,15,1,10,16,20,0,50.3926149568925,90,87.3023538472335,90,0.55726872246696,0.99485294117647,3.4,6
72,FRAGILE,1,2,90,15,1,10,16,25,0,74.7340552955184,90,72.1372976106435,90,0.645863925599608,0.995098039215686,3.4,6
72,FRAGILE,1,2,90,15,1,10,16,30,0,90,90,90,90,0.684532550171317,0.995098039215686,3.4,6
73,INFEASIBLE,0,3,20,8,0.533333333333333,10,24,5,0,87.7025205273642,90,90,90,0.788056779246206,0.99828431372549,3.4,6
73,INFEASIBLE,0,3,20,8,0.533333333333333,10,24,10,0,87.8686557394347,90,90,90,0.797846304454234,0.99828431372549,3.4,6
73,INFEASIBLE,0,3,20,8,0.533333333333333,10,24,15,0,88.0537825421294,90,90,90,0.81057268722467,0.99828431372549,3.4,6
73,INFEASIBLE,0,3,20,8,0.533333333333333,10,24,20,0,88.2571053439074,90,90,90,0.807391091532061,0.99828431372549,3.4,6
73,INFEASIBLE,0,3,20,8,0.533333333333333,10,24,25,0,88.477800668761,90,90,90,0.819872736172296,0.99828431372549,3.4,6
73,INFEASIBLE,0,3,20,8,0.533333333333333,10,24,30,0,88.7150298927632,90,90,90,0.822075379344102,0.99828431372549,3.4,6
74,INFEASIBLE,0,3,20,10,0.666666666666667,10,24,5,0,87.7025205273642,90,90,90,0.756485560450318,0.99828431372549,3.4,6
74,INFEASIBLE,0,3,20,10,0.666666666666667,10,24,10,0,87.8686557394347,90,90,90,0.78218306412139,0.99828431372549,3.4,6
74,INFEASIBLE,0,3,20,10,0.666666666666667,10,24,15,0,88.0537825421294,90,90,90,0.801272638277044,0.99828431372549,3.4,6
74,INFEASIBLE,0,3,20,10,0.666666666666667,10,24,20,0,88.2571053439074,90,90,90,0.803230543318649,0.99828431372549,3.4,6
74,INFEASIBLE,0,3,20,10,0.666666666666667,10,24,25,0,88.477800668761,90,90,90,0.804698972099853,0.99828431372549,3.4,6
74,INFEASIBLE,0,3,20,10,0.666666666666667,10,24,30,0,88.7150298927632,90,90,90,0.817425354870289,0.99828431372549,3.4,6
75,INFEASIBLE,0,3,20,12,0.8,10,24,5,0,87.7025205273642,90,90,90,0.731277533039647,0.99828431372549,3.4,6
75,INFEASIBLE,0,3,20,12,0.8,10,24,10,0,87.8686557394347,90,90,90,0.757464512971121,0.99828431372549,3.4,6
75,INFEASIBLE,0,3,20,12,0.8,10,24,15,0,88.0537825421294,90,90,90,0.790748898678414,0.99828431372549,3.4,6
75,INFEASIBLE,0,3,20,12,0.8,10,24,20,0,88.2571053439074,90,90,90,0.800293685756241,0.99828431372549,3.4,6
75,INFEASIBLE,0,3,20,12,0.8,10,24,25,0,88.477800668761,90,90,90,0.797356828193832,0.99828431372549,3.4,6
75,INFEASIBLE,0,3,20,12,0.8,10,24,30,0,88.7150298927632,90,90,90,0.808614782183064,0.99828431372549,3.4,6
76,INFEASIBLE,0,3,20,15,1,10,24,5,0,87.7025205273642,90,90,90,0.684777288301517,0.99828431372549,3.4,6
76,INFEASIBLE,0,3,20,15,1,10,24,10,0,87.8686557394347,90,90,90,0.723201174743025,0.99828431372549,3.4,6
76,INFEASIBLE,0,3,20,15,1,10,24,15,0,88.0537825421294,90,90,90,0.770925110132158,0.99828431372549,3.4,6
76,INFEASIBLE,0,3,20,15,1,10,24,20,0,88.2571053439074,90,90,90,0.788301517376407,0.99828431372549,3.4,6
76,INFEASIBLE,0,3,20,15,1,10,24,25,0,88.477800668761,90,90,90,0.791238374938815,0.99828431372549,3.4,6
76,INFEASIBLE,0,3,20,15,1,10,24,30,0,88.7150298927632,90,90,90,0.7858541360744,0.99828431372549,3.4,6
77,INFEASIBLE,0,3,30,8,0.533333333333333,45,24,5,0,90,90,90,90,0.802251590797846,0.998529411764706,3.4,6
77,INFEASIBLE,0,3,30,8,0.533333333333333,45,24,10,0,81.0014811968562,90,90,90,0.792462065589819,0.998529411764706,3.4,6
77,INFEASIBLE,0,3,30,8,0.533333333333333,45,24,15,0,81.2225473919835,90,90,90,0.809348996573666,0.998529411764706,3.4,6
77,INFEASIBLE,0,3,30,8,0.533333333333333,45,24,20,0,81.478663508771,90,90,90,0.818159569260891,0.998529411764706,3.4,6
77,INFEASIBLE,0,3,30,8,0.533333333333333,45,24,25,0,81.7658503530171,90,90,90,0.820851688693098,0.998529411764706,3.4,6
77,INFEASIBLE,0,3,30,8,0.533333333333333,45,24,30,0,82.0803281325162,90,90,90,0.823299069995105,0.998529411764706,3.4,6
78,INFEASIBLE,0,3,30,10,0.666666666666667,45,24,5,0,90,90,90,90,0.79270680372002,0.998529411764706,3.4,6
78,INFEASIBLE,0,3,30,10,0.666666666666667,45,24,10,0,81.0014811968562,90,90,90,0.775575134605972,0.998529411764706,3.4,6
78,INFEASIBLE,0,3,30,10,0.666666666666667,45,24,15,0,81.2225473919835,90,90,90,0.795154185022026,0.998529411764706,3.4,6
78,INFEASIBLE,0,3,30,10,0.666666666666667,45,24,20,0,81.478663508771,90,90,90,0.806901615271659,0.998529411764706,3.4,6
78,INFEASIBLE,0,3,30,10,0.666666666666667,45,24,25,0,81.7658503530171,90,90,90,0.813264806656877,0.998529411764706,3.4,6
78,INFEASIBLE,0,3,30,10,0.666666666666667,45,24,30,0,82.0803281325162,90,90,90,0.815712187958884,0.998529411764706,3.4,6
79,INFEASIBLE,0,3,30,12,0.8,45,24,5,0,90,90,90,90,0.785119921683798,0.998529411764706,3.4,6
79,INFEASIBLE,0,3,30,12,0.8,45,24,10,0,81.0014811968562,90,90,90,0.761869799314733,0.998529411764706,3.4,6
79,INFEASIBLE,0,3,30,12,0.8,45,24,15,0,81.2225473919835,90,90,90,0.77851199216838,0.998529411764706,3.4,6
79,INFEASIBLE,0,3,30,12,0.8,45,24,20,0,81.478663508771,90,90,90,0.796133137542829,0.998529411764706,3.4,6
79,INFEASIBLE,0,3,30,12,0.8,45,24,25,0,81.7658503530171,90,90,90,0.806901615271659,0.998529411764706,3.4,6
79,INFEASIBLE,0,3,30,12,0.8,45,24,30,0,82.0803281325162,90,90,90,0.810327949094469,0.998529411764706,3.4,6
80,INFEASIBLE,0,3,30,15,1,45,24,5,0,90,90,90,90,0.770925110132159,0.998529411764706,3.4,6
80,INFEASIBLE,0,3,30,15,1,45,24,10,0,81.0014811968562,90,90,90,0.743759177679883,0.998529411764706,3.4,6
80,INFEASIBLE,0,3,30,15,1,45,24,15,0,81.2225473919835,90,90,90,0.760156632403328,0.998529411764706,3.4,6
80,INFEASIBLE,0,3,30,15,1,45,24,20,0,81.478663508771,90,90,90,0.777043563387176,0.998529411764706,3.4,6
80,INFEASIBLE,0,3,30,15,1,45,24,25,0,81.7658503530171,90,90,90,0.793930494371023,0.998529411764706,3.4,6
80,INFEASIBLE,0,3,30,15,1,45,24,30,0,82.0803281325162,90,90,90,0.803230543318649,0.998529411764706,3.4,6
81,INFEASIBLE,0,3,45,8,0.533333333333333,30,24,5,0,76.9003735255587,90,90,90,0.812530592266275,0.998529411764706,3.4,6
81,INFEASIBLE,0,3,45,8,0.533333333333333,30,24,10,0,77.2064646817641,90,90,90,0.779246206558982,0.99828431372549,3.4,6
81,INFEASIBLE,0,3,45,8,0.533333333333333,30,24,15,0,77.6696891844276,90,90,90,0.816446402349486,0.998529411764706,3.4,6
81,INFEASIBLE,0,3,45,8,0.533333333333333,30,24,20,0,78.0152280940059,90,90,90,0.815222711698483,0.99828431372549,3.4,6
81,INFEASIBLE,0,3,45,8,0.533333333333333,30,24,25,0,78.4461206412429,90,90,90,0.822320117474303,0.998039215686275,3.4,6
81,INFEASIBLE,0,3,45,8,0.533333333333333,30,24,30,0,78.9058194819205,90,90,90,0.825991189427313,0.998529411764706,3.4,6
82,INFEASIBLE,0,3,45,10,0.666666666666667,30,24,5,0,76.9003735255587,90,90,90,0.786343612334802,0.998529411764706,3.4,6
82,INFEASIBLE,0,3,45,10,0.666666666666667,30,24,10,0,77.2064646817641,90,90,90,0.761625061184533,0.99828431372549,3.4,6
82,INFEASIBLE,0,3,45,10,0.666666666666667,30,24,15,0,77.6696891844276,90,90,90,0.802496328928047,0.998529411764706,3.4,6
82,INFEASIBLE,0,3,45,10,0.666666666666667,30,24,20,0,78.0152280940059,90,90,90,0.801027900146843,0.99828431372549,3.4,6
82,INFEASIBLE,0,3,45,10,0.666666666666667,30,24,25,0,78.4461206412429,90,90,90,0.802985805188448,0.998039215686275,3.4,6
82,INFEASIBLE,0,3,45,10,0.666666666666667,30,24,30,0,78.9058194819205,90,90,90,0.811062163485071,0.998529411764706,3.4,6
83,INFEASIBLE,0,3,45,12,0.8,30,24,5,0,76.9003735255587,90,90,90,0.746940773372491,0.998529411764706,3.4,6
83,INFEASIBLE,0,3,45,12,0.8,30,24,10,0,77.2064646817641,90,90,90,0.750856583455702,0.99828431372549,3.4,6
83,INFEASIBLE,0,3,45,12,0.8,30,24,15,0,77.6696891844276,90,90,90,0.789035731767009,0.998529411764706,3.4,6
83,INFEASIBLE,0,3,45,12,0.8,30,24,20,0,78.0152280940059,90,90,90,0.790014684287812,0.99828431372549,3.4,6
83,INFEASIBLE,0,3,45,12,0.8,30,24,25,0,78.4461206412429,90,90,90,0.789035731767009,0.998039215686275,3.4,6
83,INFEASIBLE,0,3,45,12,0.8,30,24,30,0,78.9058194819205,90,90,90,0.798091042584435,0.998529411764706,3.4,6
84,INFEASIBLE,0,3,45,15,1,30,24,5,0,76.9003735255587,90,90,90,0.711453744493392,0.998529411764706,3.4,6
84,INFEASIBLE,0,3,45,15,1,30,24,10,0,77.2064646817641,90,90,90,0.736417033773862,0.99828431372549,3.4,6
84,INFEASIBLE,0,3,45,15,1,30,24,15,0,77.6696891844276,90,90,90,0.780225159079785,0.998529411764706,3.4,6
84,INFEASIBLE,0,3,45,15,1,30,24,20,0,78.0152280940059,90,90,90,0.779735682819383,0.99828431372549,3.4,6
84,INFEASIBLE,0,3,45,15,1,30,24,25,0,78.4461206412429,90,90,90,0.779980420949584,0.998039215686275,3.4,6
84,INFEASIBLE,0,3,45,15,1,30,24,30,0,78.9058194819205,90,90,90,0.779490944689183,0.998529411764706,3.4,6
85,INFEASIBLE,0,3,60,8,0.533333333333333,20,4,5,0,90,90,90,90,0.67498776309349,0.989950980392157,3.4,6
85,INFEASIBLE,0,3,60,8,0.533333333333333,20,4,10,0,87.3431659767427,90,90,90,0.657366617719041,0.987745098039216,3.4,6
85,INFEASIBLE,0,3,60,8,0.533333333333333,20,4,15,0,84.9133319206833,90,90,90,0.667400881057269,0.987990196078431,3.4,6
85,INFEASIBLE,0,3,60,8,0.533333333333333,20,4,20,0,82.3533113605598,90,90,90,0.716837983357807,0.980882352941176,3.4,6
85,INFEASIBLE,0,3,60,8,0.533333333333333,20,4,25,0,90,90,90,90,0.760401370533529,0.98921568627451,3.4,6
85,INFEASIBLE,0,3,60,8,0.533333333333333,20,4,30,0,90,90,90,90,0.764072442486539,0.989950980392157,3.4,6
86,INFEASIBLE,0,3,60,10,0.666666666666667,20,4,5,0,90,90,90,90,0.659079784630445,0.989950980392157,3.4,6
86,INFEASIBLE,0,3,60,10,0.666666666666667,20,4,10,0,87.3431659767427,90,90,90,0.638032305433187,0.987745098039216,3.4,6
86,INFEASIBLE,0,3,60,10,0.666666666666667,20,4,15,0,84.9133319206833,90,90,90,0.638277043563387,0.987990196078431,3.4,6
86,INFEASIBLE,0,3,60,10,0.666666666666667,20,4,20,0,82.3533113605598,90,90,90,0.679882525697504,0.980882352941176,3.4,6
86,INFEASIBLE,0,3,60,10,0.666666666666667,20,4,25,0,90,90,90,90,0.74278022515908,0.98921568627451,3.4,6
86,INFEASIBLE,0,3,60,10,0.666666666666667,20,4,30,0,90,90,90,90,0.747430249632893,0.989950980392157,3.4,6
87,INFEASIBLE,0,3,60,12,0.8,20,4,5,0,90,90,90,90,0.642437591776799,0.989950980392157,3.4,6
87,INFEASIBLE,0,3,60,12,0.8,20,4,10,0,87.3431659767427,90,90,90,0.620655898188938,0.987745098039216,3.4,6
87,INFEASIBLE,0,3,60,12,0.8,20,4,15,0,84.9133319206833,90,90,90,0.624326970141948,0.987990196078431,3.4,6
87,INFEASIBLE,0,3,60,12,0.8,20,4,20,0,82.3533113605598,90,90,90,0.637053352912384,0.980882352941176,3.4,6
87,INFEASIBLE,0,3,60,12,0.8,20,4,25,0,90,90,90,90,0.720509055310817,0.98921568627451,3.4,6
87,INFEASIBLE,0,3,60,12,0.8,20,4,30,0,90,90,90,90,0.730298580518845,0.989950980392157,3.4,6
88,INFEASIBLE,0,3,60,15,1,20,4,5,0,90,90,90,90,0.620900636319138,0.989950980392157,3.4,6
88,INFEASIBLE,0,3,60,15,1,20,4,10,0,87.3431659767427,90,90,90,0.597895252080274,0.987745098039216,3.4,6
88,INFEASIBLE,0,3,60,15,1,20,4,15,0,84.9133319206833,90,90,90,0.6071953010279,0.987990196078431,3.4,6
88,INFEASIBLE,0,3,60,15,1,20,4,20,0,82.3533113605598,90,90,90,0.604747919725893,0.980882352941176,3.4,6
88,INFEASIBLE,0,3,60,15,1,20,4,25,0,90,90,90,90,0.688693098384728,0.98921568627451,3.4,6
88,INFEASIBLE,0,3,60,15,1,20,4,30,0,90,90,90,90,0.700195790504161,0.989950980392157,3.4,6
89,INFEASIBLE,0,3,75,8,0.533333333333333,60,12,5,0,85.6613308260932,90,90,90,0.807635829662261,0.997549019607843,3.4,6
89,INFEASIBLE,0,3,75,8,0.533333333333333,60,12,10,0,86.0253594567821,90,90,90,0.800293685756241,0.997549019607843,3.4,6
89,INFEASIBLE,0,3,75,8,0.533333333333333,60,12,15,0,86.4019205682307,90,90,90,0.81057268722467,0.997549019607843,3.4,6
89,INFEASIBLE,0,3,75,8,0.533333333333333,60,12,20,0,86.7752441141263,90,90,90,0.822564855604503,0.997549019607843,3.4,6
89,INFEASIBLE,0,3,75,8,0.533333333333333,60,12,25,0,87.1738631708861,90,90,90,0.823299069995105,0.997549019607843,3.4,6
89,INFEASIBLE,0,3,75,8,0.533333333333333,60,12,30,0,87.5677901638838,90,90,90,0.835046500244738,0.997549019607843,3.4,6
90,INFEASIBLE,0,3,75,10,0.666666666666667,60,12,5,0,85.6613308260932,90,90,90,0.794419970631424,0.997549019607843,3.4,6
90,INFEASIBLE,0,3,75,10,0.666666666666667,60,12,10,0,86.0253594567821,90,90,90,0.787077826725404,0.997549019607843,3.4,6
90,INFEASIBLE,0,3,75,10,0.666666666666667,60,12,15,0,86.4019205682307,90,90,90,0.79295154185022,0.997549019607843,3.4,6
90,INFEASIBLE,0,3,75,10,0.666666666666667,60,12,20,0,86.7752441141263,90,90,90,0.811551639745472,0.997549019607843,3.4,6
90,INFEASIBLE,0,3,75,10,0.666666666666667,60,12,25,0,87.1738631708861,90,90,90,0.81424375917768,0.997549019607843,3.4,6
90,INFEASIBLE,0,3,75,10,0.666666666666667,60,12,30,0,87.5677901638838,90,90,90,0.815712187958884,0.997549019607843,3.4,6
91,INFEASIBLE,0,3,75,12,0.8,60,12,5,0,85.6613308260932,90,90,90,0.779490944689183,0.997549019607843,3.4,6
91,INFEASIBLE,0,3,75,12,0.8,60,12,10,0,86.0253594567821,90,90,90,0.770680372001958,0.997549019607843,3.4,6
91,INFEASIBLE,0,3,75,12,0.8,60,12,15,0,86.4019205682307,90,90,90,0.783896231032795,0.997549019607843,3.4,6
91,INFEASIBLE,0,3,75,12,0.8,60,12,20,0,86.7752441141263,90,90,90,0.798091042584435,0.997549019607843,3.4,6
91,INFEASIBLE,0,3,75,12,0.8,60,12,25,0,87.1738631708861,90,90,90,0.806167400881057,0.997549019607843,3.4,6
91,INFEASIBLE,0,3,75,12,0.8,60,12,30,0,87.5677901638838,90,90,90,0.80714635340186,0.997549019607843,3.4,6
92,INFEASIBLE,0,3,75,15,1,60,12,5,0,85.6613308260932,90,90,90,0.757709251101322,0.997549019607843,3.4,6
92,INFEASIBLE,0,3,75,15,1,60,12,10,0,86.0253594567821,90,90,90,0.745717082721488,0.997549019607843,3.4,6
92,INFEASIBLE,0,3,75,15,1,60,12,15,0,86.4019205682307,90,90,90,0.768477728830152,0.997549019607843,3.4,6
92,INFEASIBLE,0,3,75,15,1,60,12,20,0,86.7752441141263,90,90,90,0.779735682819383,0.997549019607843,3.4,6
92,INFEASIBLE,0,3,75,15,1,60,12,25,0,87.1738631708861,90,90,90,0.785119921683798,0.997549019607843,3.4,6
92,INFEASIBLE,0,3,75,15,1,60,12,30,0,87.5677901638838,90,90,90,0.794175232501224,0.997549019607843,3.4,6
93,FRAGILE,1,3,90,8,0.533333333333333,10,4,5,0,83.3163884373492,90,90,90,0.546255506607929,0.984313725490196,3.4,6
93,FRAGILE,1,3,90,8,0.533333333333333,10,4,10,0,90,90,90,90,0.589574155653451,0.986519607843137,3.4,6
93,FRAGILE,1,3,90,8,0.533333333333333,10,4,15,0,90,90,90,90,0.631179637787567,0.987009803921569,3.4,6
93,FRAGILE,1,3,90,8,0.533333333333333,10,4,20,0,90,90,90,90,0.633382280959373,0.987745098039216,3.4,6
93,FRAGILE,1,3,90,8,0.533333333333333,10,4,25,0,90,90,90,90,0.632403328438571,0.987745098039216,3.4,6
93,FRAGILE,1,3,90,8,0.533333333333333,10,4,30,0,90,90,90,90,0.64635340186001,0.987745098039216,3.4,6
94,FRAGILE,1,3,90,10,0.666666666666667,10,4,5,0,83.3163884373492,90,90,90,0.522271169848262,0.984313725490196,3.4,6
94,FRAGILE,1,3,90,10,0.666666666666667,10,4,10,0,90,90,90,90,0.5714635340186,0.986519607843137,3.4,6
94,FRAGILE,1,3,90,10,0.666666666666667,10,4,15,0,90,90,90,90,0.615271659324523,0.987009803921569,3.4,6
94,FRAGILE,1,3,90,10,0.666666666666667,10,4,20,0,90,90,90,90,0.619921683798336,0.987745098039216,3.4,6
94,FRAGILE,1,3,90,10,0.666666666666667,10,4,25,0,90,90,90,90,0.620411160058737,0.987745098039216,3.4,6
94,FRAGILE,1,3,90,10,0.666666666666667,10,4,30,0,90,90,90,90,0.61796377875673,0.987745098039216,3.4,6
95,FRAGILE,1,3,90,12,0.8,10,4,5,0,83.3163884373492,90,90,90,0.50342633382281,0.984313725490196,3.4,6
95,FRAGILE,1,3,90,12,0.8,10,4,10,0,90,90,90,90,0.558492413117964,0.986519607843137,3.4,6
95,FRAGILE,1,3,90,12,0.8,10,4,15,0,90,90,90,90,0.603768967205091,0.987009803921569,3.4,6
95,FRAGILE,1,3,90,12,0.8,10,4,20,0,90,90,90,90,0.607929515418502,0.987745098039216,3.4,6
95,FRAGILE,1,3,90,12,0.8,10,4,25,0,90,90,90,90,0.610132158590308,0.987745098039216,3.4,6
95,FRAGILE,1,3,90,12,0.8,10,4,30,0,90,90,90,90,0.609397944199706,0.987745098039216,3.4,6
96,FRAGILE,1,3,90,15,1,10,4,5,0,83.3163884373492,90,90,90,0.475281448849731,0.984313725490196,3.4,6
96,FRAGILE,1,3,90,15,1,10,4,10,0,90,90,90,90,0.538913362701909,0.986519607843137,3.4,6
96,FRAGILE,1,3,90,15,1,10,4,15,0,90,90,90,90,0.585903083700441,0.987009803921569,3.4,6
96,FRAGILE,1,3,90,15,1,10,4,20,0,90,90,90,90,0.595203132648067,0.987745098039216,3.4,6
96,FRAGILE,1,3,90,15,1,10,4,25,0,90,90,90,90,0.598139990210475,0.987745098039216,3.4,6
96,FRAGILE,1,3,90,15,1,10,4,30,0,90,90,90,90,0.597895252080274,0.987745098039216,3.4,6
97,INFEASIBLE,0,4,20,8,0.533333333333333,10,4,5,0,90,90,90,90,0.714880078316202,0.993627450980392,3.4,6
97,INFEASIBLE,0,4,20,8,0.533333333333333,10,4,10,0,90,90,90,90,0.712432697014195,0.993627450980392,3.4,6
97,INFEASIBLE,0,4,20,8,0.533333333333333,10,4,15,0,90,90,90,90,0.718551150269212,0.992156862745098,3.4,6
97,INFEASIBLE,0,4,20,8,0.533333333333333,10,4,20,0,90,90,90,90,0.716103768967205,0.993382352941177,3.4,6
97,INFEASIBLE,0,4,20,8,0.533333333333333,10,4,25,0,90,90,90,90,0.716348507097406,0.992892156862745,3.4,6
97,INFEASIBLE,0,4,20,8,0.533333333333333,10,4,30,0,90,90,90,90,0.715614292706804,0.992647058823529,3.4,6
98,INFEASIBLE,0,4,20,10,0.666666666666667,10,4,5,0,90,90,90,90,0.694566813509545,0.993627450980392,3.4,6
98,INFEASIBLE,0,4,20,10,0.666666666666667,10,4,10,0,90,90,90,90,0.691629955947136,0.993627450980392,3.4,6
98,INFEASIBLE,0,4,20,10,0.666666666666667,10,4,15,0,90,90,90,90,0.699706314243759,0.992156862745098,3.4,6
98,INFEASIBLE,0,4,20,10,0.666666666666667,10,4,20,0,90,90,90,90,0.698727361722956,0.993382352941177,3.4,6
98,INFEASIBLE,0,4,20,10,0.666666666666667,10,4,25,0,90,90,90,90,0.698727361722956,0.992892156862745,3.4,6
98,INFEASIBLE,0,4,20,10,0.666666666666667,10,4,30,0,90,90,90,90,0.697503671071953,0.992647058823529,3.4,6
99,INFEASIBLE,0,4,20,12,0.8,10,4,5,0,90,90,90,90,0.677924620655898,0.993627450980392,3.4,6
99,INFEASIBLE,0,4,20,12,0.8,10,4,10,0,90,90,90,90,0.676211453744493,0.993627450980392,3.4,6
99,INFEASIBLE,0,4,20,12,0.8,10,4,15,0,90,90,90,90,0.684777288301517,0.992156862745098,3.4,6
99,INFEASIBLE,0,4,20,12,0.8,10,4,20,0,90,90,90,90,0.683308859520313,0.993382352941177,3.4,6
99,INFEASIBLE,0,4,20,12,0.8,10,4,25,0,90,90,90,90,0.684043073910915,0.992892156862745,3.4,6
99,INFEASIBLE,0,4,20,12,0.8,10,4,30,0,90,90,90,90,0.684777288301517,0.992647058823529,3.4,6
100,INFEASIBLE,0,4,20,15,1,10,4,5,0,90,90,90,90,0.658835046500245,0.993627450980392,3.4,6
100,INFEASIBLE,0,4,20,15,1,10,4,10,0,90,90,90,90,0.656387665198238,0.993627450980392,3.4,6
100,INFEASIBLE,0,4,20,15,1,10,4,15,0,90,90,90,90,0.665442976015663,0.992156862745098,3.4,6
100,INFEASIBLE,0,4,20,15,1,10,4,20,0,90,90,90,90,0.665198237885463,0.993382352941177,3.4,6
100,INFEASIBLE,0,4,20,15,1,10,4,25,0,90,90,90,90,0.666421928536466,0.992892156862745,3.4,6
100,INFEASIBLE,0,4,20,15,1,10,4,30,0,90,90,90,90,0.666666666666667,0.992647058823529,3.4,6
101,INFEASIBLE,0,4,30,8,0.533333333333333,10,4,5,0,90,90,90,90,0.619676945668135,0.992647058823529,3.4,6
101,INFEASIBLE,0,4,30,8,0.533333333333333,10,4,10,0,90,90,90,90,0.599118942731278,0.992892156862745,3.4,6
101,INFEASIBLE,0,4,30,8,0.533333333333333,10,4,15,0,90,90,90,90,0.615516397454723,0.992892156862745,3.4,6
101,INFEASIBLE,0,4,30,8,0.533333333333333,10,4,20,0,90,90,90,90,0.62139011257954,0.993137254901961,3.4,6
101,INFEASIBLE,0,4,30,8,0.533333333333333,10,4,25,0,90,90,90,90,0.629711209006363,0.993137254901961,3.4,6
101,INFEASIBLE,0,4,30,8,0.533333333333333,10,4,30,0,90,90,90,90,0.660058737151248,0.992892156862745,3.4,6
102,INFEASIBLE,0,4,30,10,0.666666666666667,10,4,5,0,90,90,90,90,0.59985315712188,0.992647058823529,3.4,6
102,INFEASIBLE,0,4,30,10,0.666666666666667,10,4,10,0,90,90,90,90,0.580518844836025,0.992892156862745,3.4,6
102,INFEASIBLE,0,4,30,10,0.666666666666667,10,4,15,0,90,90,90,90,0.597895252080274,0.992892156862745,3.4,6
102,INFEASIBLE,0,4,30,10,0.666666666666667,10,4,20,0,90,90,90,90,0.59985315712188,0.993137254901961,3.4,6
102,INFEASIBLE,0,4,30,10,0.666666666666667,10,4,25,0,90,90,90,90,0.603768967205091,0.993137254901961,3.4,6
102,INFEASIBLE,0,4,30,10,0.666666666666667,10,4,30,0,90,90,90,90,0.618942731277533,0.992892156862745,3.4,6
103,INFEASIBLE,0,4,30,12,0.8,10,4,5,0,90,90,90,90,0.584924131179638,0.992647058823529,3.4,6
103,INFEASIBLE,0,4,30,12,0.8,10,4,10,0,90,90,90,90,0.565589818893784,0.992892156862745,3.4,6
103,INFEASIBLE,0,4,30,12,0.8,10,4,15,0,90,90,90,90,0.585413607440039,0.992892156862745,3.4,6
103,INFEASIBLE,0,4,30,12,0.8,10,4,20,0,90,90,90,90,0.586392559960842,0.993137254901961,3.4,6
103,INFEASIBLE,0,4,30,12,0.8,10,4,25,0,90,90,90,90,0.587860988742046,0.993137254901961,3.4,6
103,INFEASIBLE,0,4,30,12,0.8,10,4,30,0,90,90,90,90,0.596182085168869,0.992892156862745,3.4,6
104,INFEASIBLE,0,4,30,15,1,10,4,5,0,90,90,90,90,0.566324033284386,0.992647058823529,3.4,6
104,INFEASIBLE,0,4,30,15,1,10,4,10,0,90,90,90,90,0.547234459128732,0.992892156862745,3.4,6
104,INFEASIBLE,0,4,30,15,1,10,4,15,0,90,90,90,90,0.568281938325991,0.992892156862745,3.4,6
104,INFEASIBLE,0,4,30,15,1,10,4,20,0,90,90,90,90,0.569505628976995,0.993137254901961,3.4,6
104,INFEASIBLE,0,4,30,15,1,10,4,25,0,90,90,90,90,0.5714635340186,0.993137254901961,3.4,6
104,INFEASIBLE,0,4,30,15,1,10,4,30,0,90,90,90,90,0.576358296622614,0.992892156862745,3.4,6
105,INFEASIBLE,0,4,45,8,0.533333333333333,10,4,5,0,90,90,90,90,0.686735193343123,0.988725490196078,3.4,6
105,INFEASIBLE,0,4,45,8,0.533333333333333,10,4,10,0,90,90,90,90,0.708272148800783,0.988480392156863,3.4,6
105,INFEASIBLE,0,4,45,8,0.533333333333333,10,4,15,0,90,90,90,90,0.720019579050416,0.989460784313726,3.4,6
105,INFEASIBLE,0,4,45,8,0.533333333333333,10,4,20,0,90,90,90,90,0.727606461086637,0.988725490196078,3.4,6
105,INFEASIBLE,0,4,45,8,0.533333333333333,10,4,25,0,90,90,90,90,0.735438081253059,0.98921568627451,3.4,6
105,INFEASIBLE,0,4,45,8,0.533333333333333,10,4,30,0,90,90,90,90,0.741556534508076,0.988970588235294,3.4,6
106,INFEASIBLE,0,4,45,10,0.666666666666667,10,4,5,0,90,90,90,90,0.665932452276065,0.988725490196078,3.4,6
106,INFEASIBLE,0,4,45,10,0.666666666666667,10,4,10,0,90,90,90,90,0.687958883994126,0.988480392156863,3.4,6
106,INFEASIBLE,0,4,45,10,0.666666666666667,10,4,15,0,90,90,90,90,0.699461576113558,0.989460784313726,3.4,6
106,INFEASIBLE,0,4,45,10,0.666666666666667,10,4,20,0,90,90,90,90,0.707782672540382,0.988725490196078,3.4,6
106,INFEASIBLE,0,4,45,10,0.666666666666667,10,4,25,0,90,90,90,90,0.715124816446402,0.98921568627451,3.4,6
106,INFEASIBLE,0,4,45,10,0.666666666666667,10,4,30,0,90,90,90,90,0.721977484092022,0.988970588235294,3.4,6
107,INFEASIBLE,0,4,45,12,0.8,10,4,5,0,90,90,90,90,0.649534997552619,0.988725490196078,3.4,6
107,INFEASIBLE,0,4,45,12,0.8,10,4,10,0,90,90,90,90,0.672295643661282,0.988480392156863,3.4,6
107,INFEASIBLE,0,4,45,12,0.8,10,4,15,0,90,90,90,90,0.683308859520313,0.989460784313726,3.4,6
107,INFEASIBLE,0,4,45,12,0.8,10,4,20,0,90,90,90,90,0.691140479686735,0.988725490196078,3.4,6
107,INFEASIBLE,0,4,45,12,0.8,10,4,25,0,90,90,90,90,0.698482623592756,0.98921568627451,3.4,6
107,INFEASIBLE,0,4,45,12,0.8,10,4,30,0,90,90,90,90,0.704356338717572,0.988970588235294,3.4,6
108,INFEASIBLE,0,4,45,15,1,10,4,5,0,90,90,90,90,0.629955947136564,0.988725490196078,3.4,6
108,INFEASIBLE,0,4,45,15,1,10,4,10,0,90,90,90,90,0.651003426333823,0.988480392156863,3.4,6
108,INFEASIBLE,0,4,45,15,1,10,4,15,0,90,90,90,90,0.662261380323054,0.989460784313726,3.4,6
108,INFEASIBLE,0,4,45,15,1,10,4,20,0,90,90,90,90,0.669603524229075,0.988725490196078,3.4,6
108,INFEASIBLE,0,4,45,15,1,10,4,25,0,90,90,90,90,0.675721977484092,0.98921568627451,3.4,6
108,INFEASIBLE,0,4,45,15,1,10,4,30,0,90,90,90,90,0.68208516886931,0.988970588235294,3.4,6
109,INFEASIBLE,0,4,60,8,0.533333333333333,10,4,5,0,90,90,90,90,0.655898188937837,0.988725490196079,3.4,6
109,INFEASIBLE,0,4,60,8,0.533333333333333,10,4,10,0,90,90,90,90,0.6784140969163,0.988970588235294,3.4,6
109,INFEASIBLE,0,4,60,8,0.533333333333333,10,4,15,0,90,90,90,90,0.695056289769946,0.987990196078431,3.4,6
109,INFEASIBLE,0,4,60,8,0.533333333333333,10,4,20,0,90,90,90,90,0.712677435144395,0.989950980392157,3.4,6
109,INFEASIBLE,0,4,60,8,0.533333333333333,10,4,25,0,90,90,90,90,0.716837983357807,0.989950980392157,3.4,6
109,INFEASIBLE,0,4,60,8,0.533333333333333,10,4,30,0,90,90,90,90,0.720019579050416,0.989950980392157,3.4,6
110,INFEASIBLE,0,4,60,10,0.666666666666667,10,4,5,0,90,90,90,90,0.634361233480176,0.988725490196079,3.4,6
110,INFEASIBLE,0,4,60,10,0.666666666666667,10,4,10,0,90,90,90,90,0.658100832109643,0.988970588235294,3.4,6
110,INFEASIBLE,0,4,60,10,0.666666666666667,10,4,15,0,90,90,90,90,0.676211453744493,0.987990196078431,3.4,6
110,INFEASIBLE,0,4,60,10,0.666666666666667,10,4,20,0,90,90,90,90,0.695056289769946,0.989950980392157,3.4,6
110,INFEASIBLE,0,4,60,10,0.666666666666667,10,4,25,0,90,90,90,90,0.69995105237396,0.989950980392157,3.4,6
110,INFEASIBLE,0,4,60,10,0.666666666666667,10,4,30,0,90,90,90,90,0.702643171806167,0.989950980392157,3.4,6
111,INFEASIBLE,0,4,60,12,0.8,10,4,5,0,90,90,90,90,0.617229564366128,0.988725490196079,3.4,6
111,INFEASIBLE,0,4,60,12,0.8,10,4,10,0,90,90,90,90,0.640969162995595,0.988970588235294,3.4,6
111,INFEASIBLE,0,4,60,12,0.8,10,4,15,0,90,90,90,90,0.659324522760646,0.987990196078431,3.4,6
111,INFEASIBLE,0,4,60,12,0.8,10,4,20,0,90,90,90,90,0.679393049437102,0.989950980392157,3.4,6
111,INFEASIBLE,0,4,60,12,0.8,10,4,25,0,90,90,90,90,0.684287812041116,0.989950980392157,3.4,6
111,INFEASIBLE,0,4,60,12,0.8,10,4,30,0,90,90,90,90,0.687958883994126,0.989950980392157,3.4,6
112,INFEASIBLE,0,4,60,15,1,10,4,5,0,90,90,90,90,0.594958394517866,0.988725490196079,3.4,6
112,INFEASIBLE,0,4,60,15,1,10,4,10,0,90,90,90,90,0.619676945668135,0.988970588235294,3.4,6
112,INFEASIBLE,0,4,60,15,1,10,4,15,0,90,90,90,90,0.639745472344591,0.987990196078431,3.4,6
112,INFEASIBLE,0,4,60,15,1,10,4,20,0,90,90,90,90,0.660058737151248,0.989950980392157,3.4,6
112,INFEASIBLE,0,4,60,15,1,10,4,25,0,90,90,90,90,0.664953499755262,0.989950980392157,3.4,6
112,INFEASIBLE,0,4,60,15,1,10,4,30,0,90,90,90,90,0.669114047968674,0.989950980392157,3.4,6
113,INFEASIBLE,0,4,75,8,0.533333333333333,10,4,5,0,90,90,90,90,0.627998042094958,0.986274509803922,3.4,6
113,INFEASIBLE,0,4,75,8,0.533333333333333,10,4,10,0,90,90,90,90,0.655653450807636,0.984558823529412,3.4,6
113,INFEASIBLE,0,4,75,8,0.533333333333333,10,4,15,0,90,90,90,90,0.67131669114048,0.987254901960784,3.4,6
113,INFEASIBLE,0,4,75,8,0.533333333333333,10,4,20,0,90,90,90,90,0.691140479686735,0.987990196078432,3.4,6
113,INFEASIBLE,0,4,75,8,0.533333333333333,10,4,25,0,90,90,90,90,0.703377386196769,0.987990196078432,3.4,6
113,INFEASIBLE,0,4,75,8,0.533333333333333,10,4,30,0,90,90,90,90,0.708761625061185,0.988235294117647,3.4,6
114,INFEASIBLE,0,4,75,10,0.666666666666667,10,4,5,0,90,90,90,90,0.605971610376897,0.986274509803922,3.4,6
114,INFEASIBLE,0,4,75,10,0.666666666666667,10,4,10,0,90,90,90,90,0.636563876651982,0.984558823529412,3.4,6
114,INFEASIBLE,0,4,75,10,0.666666666666667,10,4,15,0,90,90,90,90,0.652716593245228,0.987254901960784,3.4,6
114,INFEASIBLE,0,4,75,10,0.666666666666667,10,4,20,0,90,90,90,90,0.659324522760646,0.987990196078432,3.4,6
114,INFEASIBLE,0,4,75,10,0.666666666666667,10,4,25,0,90,90,90,90,0.663974547234459,0.987990196078432,3.4,6
114,INFEASIBLE,0,4,75,10,0.666666666666667,10,4,30,0,90,90,90,90,0.686000978952521,0.988235294117647,3.4,6
115,INFEASIBLE,0,4,75,12,0.8,10,4,5,0,90,90,90,90,0.588595203132648,0.986274509803922,3.4,6
115,INFEASIBLE,0,4,75,12,0.8,10,4,10,0,90,90,90,90,0.619676945668135,0.984558823529412,3.4,6
115,INFEASIBLE,0,4,75,12,0.8,10,4,15,0,90,90,90,90,0.638521781693588,0.987254901960784,3.4,6
115,INFEASIBLE,0,4,75,12,0.8,10,4,20,0,90,90,90,90,0.645374449339207,0.987990196078432,3.4,6
115,INFEASIBLE,0,4,75,12,0.8,10,4,25,0,90,90,90,90,0.650269211943221,0.987990196078432,3.4,6
115,INFEASIBLE,0,4,75,12,0.8,10,4,30,0,90,90,90,90,0.652961331375428,0.988235294117647,3.4,6
116,INFEASIBLE,0,4,75,15,1,10,4,5,0,90,90,90,90,0.566568771414587,0.986274509803922,3.4,6
116,INFEASIBLE,0,4,75,15,1,10,4,10,0,90,90,90,90,0.598384728340675,0.984558823529412,3.4,6
116,INFEASIBLE,0,4,75,15,1,10,4,15,0,90,90,90,90,0.620166421928536,0.987254901960784,3.4,6
116,INFEASIBLE,0,4,75,15,1,10,4,20,0,90,90,90,90,0.625795398923152,0.987990196078432,3.4,6
116,INFEASIBLE,0,4,75,15,1,10,4,25,0,90,90,90,90,0.631179637787567,0.987990196078432,3.4,6
116,INFEASIBLE,0,4,75,15,1,10,4,30,0,90,90,90,90,0.633871757219775,0.988235294117647,3.4,6
117,INFEASIBLE,0,4,90,8,0.533333333333333,10,4,5,0,90,90,90,90,0.58223201174743,0.983578431372549,3.4,6
117,INFEASIBLE,0,4,90,8,0.533333333333333,10,4,10,0,90,90,90,90,0.632892804698972,0.985294117647059,3.4,6
117,INFEASIBLE,0,4,90,8,0.533333333333333,10,4,15,0,90,90,90,90,0.641458639255996,0.985049019607843,3.4,6
117,INFEASIBLE,0,4,90,8,0.533333333333333,10,4,20,0,90,90,90,90,0.643416544297602,0.985294117647059,3.4,6
117,INFEASIBLE,0,4,90,8,0.533333333333333,10,4,25,0,90,90,90,90,0.660303475281449,0.985539215686274,3.4,6
117,INFEASIBLE,0,4,90,8,0.533333333333333,10,4,30,0,90,90,90,90,0.677190406265296,0.98578431372549,3.4,6
118,INFEASIBLE,0,4,90,10,0.666666666666667,10,4,5,0,90,90,90,90,0.559960841899168,0.983578431372549,3.4,6
118,INFEASIBLE,0,4,90,10,0.666666666666667,10,4,10,0,90,90,90,90,0.615026921194322,0.985294117647059,3.4,6
118,INFEASIBLE,0,4,90,10,0.666666666666667,10,4,15,0,90,90,90,90,0.626040137053353,0.985049019607843,3.4,6
118,INFEASIBLE,0,4,90,10,0.666666666666667,10,4,20,0,90,90,90,90,0.628976994615761,0.985294117647059,3.4,6
118,INFEASIBLE,0,4,90,10,0.666666666666667,10,4,25,0,90,90,90,90,0.629711209006363,0.985539215686274,3.4,6
118,INFEASIBLE,0,4,90,10,0.666666666666667,10,4,30,0,90,90,90,90,0.637298091042584,0.98578431372549,3.4,6
119,INFEASIBLE,0,4,90,12,0.8,10,4,5,0,90,90,90,90,0.542584434654919,0.983578431372549,3.4,6
119,INFEASIBLE,0,4,90,12,0.8,10,4,10,0,90,90,90,90,0.600342633382281,0.985294117647059,3.4,6
119,INFEASIBLE,0,4,90,12,0.8,10,4,15,0,90,90,90,90,0.611111111111111,0.985049019607843,3.4,6
119,INFEASIBLE,0,4,90,12,0.8,10,4,20,0,90,90,90,90,0.616250611845325,0.985294117647059,3.4,6
119,INFEASIBLE,0,4,90,12,0.8,10,4,25,0,90,90,90,90,0.618208516886931,0.985539215686274,3.4,6
119,INFEASIBLE,0,4,90,12,0.8,10,4,30,0,90,90,90,90,0.618697993147332,0.98578431372549,3.4,6
120,INFEASIBLE,0,4,90,15,1,10,4,5,0,90,90,90,90,0.519334312285854,0.983578431372549,3.4,6
120,INFEASIBLE,0,4,90,15,1,10,4,10,0,90,90,90,90,0.577337249143416,0.985294117647059,3.4,6
120,INFEASIBLE,0,4,90,15,1,10,4,15,0,90,90,90,90,0.592021536955458,0.985049019607843,3.4,6
120,INFEASIBLE,0,4,90,15,1,10,4,20,0,90,90,90,90,0.598629466470876,0.985294117647059,3.4,6
120,INFEASIBLE,0,4,90,15,1,10,4,25,0,90,90,90,90,0.601321585903084,0.985539215686274,3.4,6
120,INFEASIBLE,0,4,90,15,1,10,4,30,0,90,90,90,90,0.603279490944689,0.98578431372549,3.4,6
121,INFEASIBLE,0,5,20,8,0.533333333333333,10,4,5,0,90,90,90,90,0.813020068526677,0.994362745098039,3.4,6
121,INFEASIBLE,0,5,20,8,0.533333333333333,10,4,10,0,90,90,90,90,0.81057268722467,0.994362745098039,3.4,6
121,INFEASIBLE,0,5,20,8,0.533333333333333,10,4,15,0,90,90,90,90,0.807880567792462,0.994362745098039,3.4,6
121,INFEASIBLE,0,5,20,8,0.533333333333333,10,4,20,0,90,90,90,90,0.805433186490455,0.994362745098039,3.4,6
121,INFEASIBLE,0,5,20,8,0.533333333333333,10,4,25,0,90,90,90,90,0.802985805188448,0.994362745098039,3.4,6
121,INFEASIBLE,0,5,20,8,0.533333333333333,10,4,30,0,90,90,90,90,0.800538423886441,0.993627450980392,3.4,6
122,INFEASIBLE,0,5,20,10,0.666666666666667,10,4,5,0,90,90,90,90,0.797356828193832,0.994362745098039,3.4,6
122,INFEASIBLE,0,5,20,10,0.666666666666667,10,4,10,0,90,90,90,90,0.794909446891826,0.994362745098039,3.4,6
122,INFEASIBLE,0,5,20,10,0.666666666666667,10,4,15,0,90,90,90,90,0.79270680372002,0.994362745098039,3.4,6
122,INFEASIBLE,0,5,20,10,0.666666666666667,10,4,20,0,90,90,90,90,0.790993636808615,0.994362745098039,3.4,6
122,INFEASIBLE,0,5,20,10,0.666666666666667,10,4,25,0,90,90,90,90,0.787812041116006,0.994362745098039,3.4,6
122,INFEASIBLE,0,5,20,10,0.666666666666667,10,4,30,0,90,90,90,90,0.785364659813999,0.993627450980392,3.4,6
123,INFEASIBLE,0,5,20,12,0.8,10,4,5,0,90,90,90,90,0.786343612334802,0.994362745098039,3.4,6
123,INFEASIBLE,0,5,20,12,0.8,10,4,10,0,90,90,90,90,0.783162016642193,0.994362745098039,3.4,6
123,INFEASIBLE,0,5,20,12,0.8,10,4,15,0,90,90,90,90,0.780225159079785,0.994362745098039,3.4,6
123,INFEASIBLE,0,5,20,12,0.8,10,4,20,0,90,90,90,90,0.778022515907978,0.994362745098039,3.4,6
123,INFEASIBLE,0,5,20,12,0.8,10,4,25,0,90,90,90,90,0.776064610866373,0.994362745098039,3.4,6
123,INFEASIBLE,0,5,20,12,0.8,10,4,30,0,90,90,90,90,0.773127753303965,0.993627450980392,3.4,6
124,INFEASIBLE,0,5,20,15,1,10,4,5,0,90,90,90,90,0.771169848262359,0.994362745098039,3.4,6
124,INFEASIBLE,0,5,20,15,1,10,4,10,0,90,90,90,90,0.768477728830152,0.994362745098039,3.4,6
124,INFEASIBLE,0,5,20,15,1,10,4,15,0,90,90,90,90,0.766519823788546,0.994362745098039,3.4,6
124,INFEASIBLE,0,5,20,15,1,10,4,20,0,90,90,90,90,0.76431718061674,0.994362745098039,3.4,6
124,INFEASIBLE,0,5,20,15,1,10,4,25,0,90,90,90,90,0.762114537444934,0.994362745098039,3.4,6
124,INFEASIBLE,0,5,20,15,1,10,4,30,0,90,90,90,90,0.759911894273128,0.993627450980392,3.4,6
125,INFEASIBLE,0,5,30,8,0.533333333333333,10,4,5,0,90,90,90,90,0.774351443954968,0.994362745098039,3.4,6
125,INFEASIBLE,0,5,30,8,0.533333333333333,10,4,10,0,90,90,90,90,0.771169848262359,0.994362745098039,3.4,6
125,INFEASIBLE,0,5,30,8,0.533333333333333,10,4,15,0,90,90,90,90,0.770925110132159,0.993137254901961,3.4,6
125,INFEASIBLE,0,5,30,8,0.533333333333333,10,4,20,0,90,90,90,90,0.768967205090553,0.994362745098039,3.4,6
125,INFEASIBLE,0,5,30,8,0.533333333333333,10,4,25,0,90,90,90,90,0.767009300048948,0.993137254901961,3.4,6
125,INFEASIBLE,0,5,30,8,0.533333333333333,10,4,30,0,90,90,90,90,0.765051395007342,0.994362745098039,3.4,6
126,INFEASIBLE,0,5,30,10,0.666666666666667,10,4,5,0,90,90,90,90,0.758688203622124,0.994362745098039,3.4,6
126,INFEASIBLE,0,5,30,10,0.666666666666667,10,4,10,0,90,90,90,90,0.755261869799315,0.994362745098039,3.4,6
126,INFEASIBLE,0,5,30,10,0.666666666666667,10,4,15,0,90,90,90,90,0.755261869799315,0.993137254901961,3.4,6
126,INFEASIBLE,0,5,30,10,0.666666666666667,10,4,20,0,90,90,90,90,0.753303964757709,0.994362745098039,3.4,6
126,INFEASIBLE,0,5,30,10,0.666666666666667,10,4,25,0,90,90,90,90,0.751346059716104,0.993137254901961,3.4,6
126,INFEASIBLE,0,5,30,10,0.666666666666667,10,4,30,0,90,90,90,90,0.749388154674498,0.994362745098039,3.4,6
127,INFEASIBLE,0,5,30,12,0.8,10,4,5,0,90,90,90,90,0.745961820851689,0.994362745098039,3.4,6
127,INFEASIBLE,0,5,30,12,0.8,10,4,10,0,90,90,90,90,0.742535487028879,0.994362745098039,3.4,6
127,INFEASIBLE,0,5,30,12,0.8,10,4,15,0,90,90,90,90,0.74278022515908,0.993137254901961,3.4,6
127,INFEASIBLE,0,5,30,12,0.8,10,4,20,0,90,90,90,90,0.740332843857073,0.994362745098039,3.4,6
127,INFEASIBLE,0,5,30,12,0.8,10,4,25,0,90,90,90,90,0.73935389133627,0.993137254901961,3.4,6
127,INFEASIBLE,0,5,30,12,0.8,10,4,30,0,90,90,90,90,0.737395986294665,0.994362745098039,3.4,6
128,INFEASIBLE,0,5,30,15,1,10,4,5,0,90,90,90,90,0.730298580518845,0.994362745098039,3.4,6
128,INFEASIBLE,0,5,30,15,1,10,4,10,0,90,90,90,90,0.727361722956437,0.994362745098039,3.4,6
128,INFEASIBLE,0,5,30,15,1,10,4,15,0,90,90,90,90,0.72858541360744,0.993137254901961,3.4,6
128,INFEASIBLE,0,5,30,15,1,10,4,20,0,90,90,90,90,0.726627508565834,0.994362745098039,3.4,6
128,INFEASIBLE,0,5,30,15,1,10,4,25,0,90,90,90,90,0.725893294175232,0.993137254901961,3.4,6
128,INFEASIBLE,0,5,30,15,1,10,4,30,0,90,90,90,90,0.724180127263828,0.994362745098039,3.4,6
129,INFEASIBLE,0,5,45,8,0.533333333333333,10,4,5,0,90,90,90,90,0.705090553108174,0.992401960784314,3.4,6
129,INFEASIBLE,0,5,45,8,0.533333333333333,10,4,10,0,90,90,90,90,0.701174743024963,0.991666666666667,3.4,6
129,INFEASIBLE,0,5,45,8,0.533333333333333,10,4,15,0,90,90,90,90,0.709495839451787,0.993137254901961,3.4,6
129,INFEASIBLE,0,5,45,8,0.533333333333333,10,4,20,0,90,90,90,90,0.712677435144396,0.993137254901961,3.4,6
129,INFEASIBLE,0,5,45,8,0.533333333333333,10,4,25,0,90,90,90,90,0.715124816446402,0.992892156862745,3.4,6
129,INFEASIBLE,0,5,45,8,0.533333333333333,10,4,30,0,90,90,90,90,0.718306412139011,0.991911764705882,3.4,6
130,INFEASIBLE,0,5,45,10,0.666666666666667,10,4,5,0,90,90,90,90,0.687958883994126,0.992401960784314,3.4,6
130,INFEASIBLE,0,5,45,10,0.666666666666667,10,4,10,0,90,90,90,90,0.68232990699951,0.991666666666667,3.4,6
130,INFEASIBLE,0,5,45,10,0.666666666666667,10,4,15,0,90,90,90,90,0.691629955947137,0.993137254901961,3.4,6
130,INFEASIBLE,0,5,45,10,0.666666666666667,10,4,20,0,90,90,90,90,0.695545766030348,0.993137254901961,3.4,6
130,INFEASIBLE,0,5,45,10,0.666666666666667,10,4,25,0,90,90,90,90,0.698237885462555,0.992892156862745,3.4,6
130,INFEASIBLE,0,5,45,10,0.666666666666667,10,4,30,0,90,90,90,90,0.701908957415565,0.991911764705882,3.4,6
131,INFEASIBLE,0,5,45,12,0.8,10,4,5,0,90,90,90,90,0.675232501223691,0.992401960784314,3.4,6
131,INFEASIBLE,0,5,45,12,0.8,10,4,10,0,90,90,90,90,0.669603524229075,0.991666666666667,3.4,6
131,INFEASIBLE,0,5,45,12,0.8,10,4,15,0,90,90,90,90,0.676945668135095,0.993137254901961,3.4,6
131,INFEASIBLE,0,5,45,12,0.8,10,4,20,0,90,90,90,90,0.679393049437102,0.993137254901961,3.4,6
131,INFEASIBLE,0,5,45,12,0.8,10,4,25,0,90,90,90,90,0.683553597650514,0.992892156862745,3.4,6
131,INFEASIBLE,0,5,45,12,0.8,10,4,30,0,90,90,90,90,0.687714145863926,0.991911764705882,3.4,6
132,INFEASIBLE,0,5,45,15,1,10,4,5,0,90,90,90,90,0.659569260890847,0.992401960784314,3.4,6
132,INFEASIBLE,0,5,45,15,1,10,4,10,0,90,90,90,90,0.654429760156632,0.991666666666667,3.4,6
132,INFEASIBLE,0,5,45,15,1,10,4,15,0,90,90,90,90,0.662016642192854,0.993137254901961,3.4,6
132,INFEASIBLE,0,5,45,15,1,10,4,20,0,90,90,90,90,0.662750856583456,0.993137254901961,3.4,6
132,INFEASIBLE,0,5,45,15,1,10,4,25,0,90,90,90,90,0.663240332843857,0.992892156862745,3.4,6
132,INFEASIBLE,0,5,45,15,1,10,4,30,0,90,90,90,90,0.666421928536466,0.991911764705882,3.4,6
133,INFEASIBLE,0,5,60,8,0.533333333333333,10,4,5,0,90,90,90,90,0.704845814977974,0.99093137254902,3.4,6
133,INFEASIBLE,0,5,60,8,0.533333333333333,10,4,10,0,90,90,90,90,0.712677435144395,0.99093137254902,3.4,6
133,INFEASIBLE,0,5,60,8,0.533333333333333,10,4,15,0,90,90,90,90,0.725403817914831,0.990441176470588,3.4,6
133,INFEASIBLE,0,5,60,8,0.533333333333333,10,4,20,0,90,90,90,90,0.735927557513461,0.99093137254902,3.4,6
133,INFEASIBLE,0,5,60,8,0.533333333333333,10,4,25,0,90,90,90,90,0.744982868330886,0.990441176470588,3.4,6
133,INFEASIBLE,0,5,60,8,0.533333333333333,10,4,30,0,90,90,90,90,0.75354870288791,0.99093137254902,3.4,6
134,INFEASIBLE,0,5,60,10,0.666666666666667,10,4,5,0,90,90,90,90,0.684777288301517,0.99093137254902,3.4,6
134,INFEASIBLE,0,5,60,10,0.666666666666667,10,4,10,0,90,90,90,90,0.691385217816936,0.99093137254902,3.4,6
134,INFEASIBLE,0,5,60,10,0.666666666666667,10,4,15,0,90,90,90,90,0.704356338717572,0.990441176470588,3.4,6
134,INFEASIBLE,0,5,60,10,0.666666666666667,10,4,20,0,90,90,90,90,0.713901125795399,0.99093137254902,3.4,6
134,INFEASIBLE,0,5,60,10,0.666666666666667,10,4,25,0,90,90,90,90,0.722466960352423,0.990441176470588,3.4,6
134,INFEASIBLE,0,5,60,10,0.666666666666667,10,4,30,0,90,90,90,90,0.730543318649045,0.99093137254902,3.4,6
135,INFEASIBLE,0,5,60,12,0.8,10,4,5,0,90,90,90,90,0.670093000489476,0.99093137254902,3.4,6
135,INFEASIBLE,0,5,60,12,0.8,10,4,10,0,90,90,90,90,0.673274596182085,0.99093137254902,3.4,6
135,INFEASIBLE,0,5,60,12,0.8,10,4,15,0,90,90,90,90,0.686245717082722,0.990441176470588,3.4,6
135,INFEASIBLE,0,5,60,12,0.8,10,4,20,0,90,90,90,90,0.695790504160548,0.99093137254902,3.4,6
135,INFEASIBLE,0,5,60,12,0.8,10,4,25,0,90,90,90,90,0.70362212432697,0.990441176470588,3.4,6
135,INFEASIBLE,0,5,60,12,0.8,10,4,30,0,90,90,90,90,0.711453744493392,0.99093137254902,3.4,6
136,INFEASIBLE,0,5,60,15,1,10,4,5,0,90,90,90,90,0.651492902594224,0.99093137254902,3.4,6
136,INFEASIBLE,0,5,60,15,1,10,4,10,0,90,90,90,90,0.655163974547235,0.99093137254902,3.4,6
136,INFEASIBLE,0,5,60,15,1,10,4,15,0,90,90,90,90,0.66421928536466,0.990441176470588,3.4,6
136,INFEASIBLE,0,5,60,15,1,10,4,20,0,90,90,90,90,0.670827214880078,0.99093137254902,3.4,6
136,INFEASIBLE,0,5,60,15,1,10,4,25,0,90,90,90,90,0.679148311306902,0.990441176470588,3.4,6
136,INFEASIBLE,0,5,60,15,1,10,4,30,0,90,90,90,90,0.687714145863926,0.99093137254902,3.4,6
137,INFEASIBLE,0,5,75,8,0.533333333333333,10,4,5,0,90,90,90,90,0.650269211943221,0.990196078431373,3.4,6
137,INFEASIBLE,0,5,75,8,0.533333333333333,10,4,10,0,90,90,90,90,0.611845325501713,0.987745098039216,3.4,6
137,INFEASIBLE,0,5,75,8,0.533333333333333,10,4,15,0,90,90,90,90,0.673274596182085,0.990441176470588,3.4,6
137,INFEASIBLE,0,5,75,8,0.533333333333333,10,4,20,0,90,90,90,90,0.676211453744493,0.99093137254902,3.4,6
137,INFEASIBLE,0,5,75,8,0.533333333333333,10,4,25,0,90,90,90,90,0.677190406265296,0.99093137254902,3.4,6
137,INFEASIBLE,0,5,75,8,0.533333333333333,10,4,30,0,90,90,90,90,0.693587860988742,0.99093137254902,3.4,6
138,INFEASIBLE,0,5,75,10,0.666666666666667,10,4,5,0,90,90,90,90,0.63558492413118,0.990196078431373,3.4,6
138,INFEASIBLE,0,5,75,10,0.666666666666667,10,4,10,0,90,90,90,90,0.597895252080274,0.987745098039216,3.4,6
138,INFEASIBLE,0,5,75,10,0.666666666666667,10,4,15,0,90,90,90,90,0.660303475281449,0.990441176470588,3.4,6
138,INFEASIBLE,0,5,75,10,0.666666666666667,10,4,20,0,90,90,90,90,0.663974547234459,0.99093137254902,3.4,6
138,INFEASIBLE,0,5,75,10,0.666666666666667,10,4,25,0,90,90,90,90,0.664953499755262,0.99093137254902,3.4,6
138,INFEASIBLE,0,5,75,10,0.666666666666667,10,4,30,0,90,90,90,90,0.666421928536466,0.99093137254902,3.4,6
139,INFEASIBLE,0,5,75,12,0.8,10,4,5,0,90,90,90,90,0.623837493881547,0.990196078431373,3.4,6
139,INFEASIBLE,0,5,75,12,0.8,10,4,10,0,90,90,90,90,0.586882036221243,0.987745098039216,3.4,6
139,INFEASIBLE,0,5,75,12,0.8,10,4,15,0,90,90,90,90,0.649290259422418,0.990441176470588,3.4,6
139,INFEASIBLE,0,5,75,12,0.8,10,4,20,0,90,90,90,90,0.652471855115027,0.99093137254902,3.4,6
139,INFEASIBLE,0,5,75,12,0.8,10,4,25,0,90,90,90,90,0.654674498286833,0.99093137254902,3.4,6
139,INFEASIBLE,0,5,75,12,0.8,10,4,30,0,90,90,90,90,0.655898188937836,0.99093137254902,3.4,6
140,INFEASIBLE,0,5,75,15,1,10,4,5,0,90,90,90,90,0.608418991678903,0.990196078431373,3.4,6
140,INFEASIBLE,0,5,75,15,1,10,4,10,0,90,90,90,90,0.572687224669604,0.987745098039216,3.4,6
140,INFEASIBLE,0,5,75,15,1,10,4,15,0,90,90,90,90,0.636074400391581,0.990441176470588,3.4,6
140,INFEASIBLE,0,5,75,15,1,10,4,20,0,90,90,90,90,0.639500734214391,0.99093137254902,3.4,6
140,INFEASIBLE,0,5,75,15,1,10,4,25,0,90,90,90,90,0.641948115516397,0.99093137254902,3.4,6
140,INFEASIBLE,0,5,75,15,1,10,4,30,0,90,90,90,90,0.643171806167401,0.99093137254902,3.4,6
141,INFEASIBLE,0,5,90,8,0.533333333333333,10,4,5,0,90,90,90,90,0.653206069505629,0.980882352941176,3.4,6
141,INFEASIBLE,0,5,90,8,0.533333333333333,10,4,10,0,90,90,90,90,0.720264317180617,0.985049019607843,3.4,6
141,INFEASIBLE,0,5,90,8,0.533333333333333,10,4,15,0,90,90,90,90,0.729564366128243,0.985049019607843,3.4,6
141,INFEASIBLE,0,5,90,8,0.533333333333333,10,4,20,0,90,90,90,90,0.734703866862457,0.985539215686274,3.4,6
141,INFEASIBLE,0,5,90,8,0.533333333333333,10,4,25,0,90,90,90,90,0.738374938815467,0.985539215686274,3.4,6
141,INFEASIBLE,0,5,90,8,0.533333333333333,10,4,30,0,90,90,90,90,0.741311796377876,0.985539215686274,3.4,6
142,INFEASIBLE,0,5,90,10,0.666666666666667,10,4,5,0,90,90,90,90,0.633627019089574,0.980882352941176,3.4,6
142,INFEASIBLE,0,5,90,10,0.666666666666667,10,4,10,0,90,90,90,90,0.704111600587372,0.985049019607843,3.4,6
142,INFEASIBLE,0,5,90,10,0.666666666666667,10,4,15,0,90,90,90,90,0.713901125795399,0.985049019607843,3.4,6
142,INFEASIBLE,0,5,90,10,0.666666666666667,10,4,20,0,90,90,90,90,0.719040626529613,0.985539215686274,3.4,6
142,INFEASIBLE,0,5,90,10,0.666666666666667,10,4,25,0,90,90,90,90,0.723201174743025,0.985539215686274,3.4,6
142,INFEASIBLE,0,5,90,10,0.666666666666667,10,4,30,0,90,90,90,90,0.726872246696035,0.985539215686274,3.4,6
143,INFEASIBLE,0,5,90,12,0.8,10,4,5,0,90,90,90,90,0.616984826235928,0.980882352941176,3.4,6
143,INFEASIBLE,0,5,90,12,0.8,10,4,10,0,90,90,90,90,0.690651003426334,0.985049019607843,3.4,6
143,INFEASIBLE,0,5,90,12,0.8,10,4,15,0,90,90,90,90,0.700930004894763,0.985049019607843,3.4,6
143,INFEASIBLE,0,5,90,12,0.8,10,4,20,0,90,90,90,90,0.705824767498776,0.985539215686274,3.4,6
143,INFEASIBLE,0,5,90,12,0.8,10,4,25,0,90,90,90,90,0.710230053842389,0.985539215686274,3.4,6
143,INFEASIBLE,0,5,90,12,0.8,10,4,30,0,90,90,90,90,0.713901125795399,0.985539215686274,3.4,6
144,INFEASIBLE,0,5,90,15,1,10,4,5,0,90,90,90,90,0.597895252080274,0.980882352941176,3.4,6
144,INFEASIBLE,0,5,90,15,1,10,4,10,0,90,90,90,90,0.675232501223691,0.985049019607843,3.4,6
144,INFEASIBLE,0,5,90,15,1,10,4,15,0,90,90,90,90,0.684532550171317,0.985049019607843,3.4,6
144,INFEASIBLE,0,5,90,15,1,10,4,20,0,90,90,90,90,0.690161527165932,0.985539215686274,3.4,6
144,INFEASIBLE,0,5,90,15,1,10,4,25,0,90,90,90,90,0.693832599118943,0.985539215686274,3.4,6
144,INFEASIBLE,0,5,90,15,1,10,4,30,0,90,90,90,90,0.697014194811552,0.985539215686274,3.4,6
145,INFEASIBLE,0,6,20,8,0.533333333333333,10,4,5,0,90,90,90,90,0.845325501713167,0.993137254901961,3.4,6
145,INFEASIBLE,0,6,20,8,0.533333333333333,10,4,10,0,90,90,90,90,0.846059716103769,0.993137254901961,3.4,6
145,INFEASIBLE,0,6,20,8,0.533333333333333,10,4,15,0,90,90,90,90,0.847283406754772,0.993137254901961,3.4,6
145,INFEASIBLE,0,6,20,8,0.533333333333333,10,4,20,0,90,90,90,90,0.848262359275575,0.993137254901961,3.4,6
145,INFEASIBLE,0,6,20,8,0.533333333333333,10,4,25,0,90,90,90,90,0.848507097405776,0.993137254901961,3.4,6
145,INFEASIBLE,0,6,20,8,0.533333333333333,10,4,30,0,90,90,90,90,0.848751835535977,0.993137254901961,3.4,6
146,INFEASIBLE,0,6,20,10,0.666666666666667,10,4,5,0,90,90,90,90,0.832843857072932,0.993137254901961,3.4,6
146,INFEASIBLE,0,6,20,10,0.666666666666667,10,4,10,0,90,90,90,90,0.833822809593735,0.993137254901961,3.4,6
146,INFEASIBLE,0,6,20,10,0.666666666666667,10,4,15,0,90,90,90,90,0.834801762114537,0.993137254901961,3.4,6
146,INFEASIBLE,0,6,20,10,0.666666666666667,10,4,20,0,90,90,90,90,0.836025452765541,0.993137254901961,3.4,6
146,INFEASIBLE,0,6,20,10,0.666666666666667,10,4,25,0,90,90,90,90,0.837004405286344,0.993137254901961,3.4,6
146,INFEASIBLE,0,6,20,10,0.666666666666667,10,4,30,0,90,90,90,90,0.837738619676946,0.993137254901961,3.4,6
147,INFEASIBLE,0,6,20,12,0.8,10,4,5,0,90,90,90,90,0.823299069995105,0.993137254901961,3.4,6
147,INFEASIBLE,0,6,20,12,0.8,10,4,10,0,90,90,90,90,0.824033284385707,0.993137254901961,3.4,6
147,INFEASIBLE,0,6,20,12,0.8,10,4,15,0,90,90,90,90,0.824522760646109,0.993137254901961,3.4,6
147,INFEASIBLE,0,6,20,12,0.8,10,4,20,0,90,90,90,90,0.825256975036711,0.993137254901961,3.4,6
147,INFEASIBLE,0,6,20,12,0.8,10,4,25,0,90,90,90,90,0.826480665687714,0.993137254901961,3.4,6
147,INFEASIBLE,0,6,20,12,0.8,10,4,30,0,90,90,90,90,0.827459618208517,0.993137254901961,3.4,6
148,INFEASIBLE,0,6,20,15,1,10,4,5,0,90,90,90,90,0.811062163485071,0.993137254901961,3.4,6
148,INFEASIBLE,0,6,20,15,1,10,4,10,0,90,90,90,90,0.811796377875673,0.993137254901961,3.4,6
148,INFEASIBLE,0,6,20,15,1,10,4,15,0,90,90,90,90,0.812041116005874,0.993137254901961,3.4,6
148,INFEASIBLE,0,6,20,15,1,10,4,20,0,90,90,90,90,0.812285854136074,0.993137254901961,3.4,6
148,INFEASIBLE,0,6,20,15,1,10,4,25,0,90,90,90,90,0.812775330396476,0.993137254901961,3.4,6
148,INFEASIBLE,0,6,20,15,1,10,4,30,0,90,90,90,90,0.813509544787078,0.993137254901961,3.4,6
149,INFEASIBLE,0,6,30,8,0.533333333333333,10,4,5,0,90,90,90,90,0.827214880078316,0.992892156862745,3.4,6
149,INFEASIBLE,0,6,30,8,0.533333333333333,10,4,10,0,90,90,90,90,0.82868330885952,0.992892156862745,3.4,6
149,INFEASIBLE,0,6,30,8,0.533333333333333,10,4,15,0,90,90,90,90,0.830151737640724,0.992892156862745,3.4,6
149,INFEASIBLE,0,6,30,8,0.533333333333333,10,4,20,0,90,90,90,90,0.83210964268233,0.992892156862745,3.4,6
149,INFEASIBLE,0,6,30,8,0.533333333333333,10,4,25,0,90,90,90,90,0.834067547723935,0.992401960784314,3.4,6
149,INFEASIBLE,0,6,30,8,0.533333333333333,10,4,30,0,90,90,90,90,0.83578071463534,0.992647058823529,3.4,6
150,INFEASIBLE,0,6,30,10,0.666666666666667,10,4,5,0,90,90,90,90,0.814977973568282,0.992892156862745,3.4,6
150,INFEASIBLE,0,6,30,10,0.666666666666667,10,4,10,0,90,90,90,90,0.815956926089085,0.992892156862745,3.4,6
150,INFEASIBLE,0,6,30,10,0.666666666666667,10,4,15,0,90,90,90,90,0.817425354870289,0.992892156862745,3.4,6
150,INFEASIBLE,0,6,30,10,0.666666666666667,10,4,20,0,90,90,90,90,0.818649045521292,0.992892156862745,3.4,6
150,INFEASIBLE,0,6,30,10,0.666666666666667,10,4,25,0,90,90,90,90,0.820362212432697,0.992401960784314,3.4,6
150,INFEASIBLE,0,6,30,10,0.666666666666667,10,4,30,0,90,90,90,90,0.821830641213901,0.992647058823529,3.4,6
151,INFEASIBLE,0,6,30,12,0.8,10,4,5,0,90,90,90,90,0.804454233969652,0.992892156862745,3.4,6
151,INFEASIBLE,0,6,30,12,0.8,10,4,10,0,90,90,90,90,0.805188448360255,0.992892156862745,3.4,6
151,INFEASIBLE,0,6,30,12,0.8,10,4,15,0,90,90,90,90,0.806167400881057,0.992892156862745,3.4,6
151,INFEASIBLE,0,6,30,12,0.8,10,4,20,0,90,90,90,90,0.807391091532061,0.992892156862745,3.4,6
151,INFEASIBLE,0,6,30,12,0.8,10,4,25,0,90,90,90,90,0.808125305922663,0.992401960784314,3.4,6
151,INFEASIBLE,0,6,30,12,0.8,10,4,30,0,90,90,90,90,0.809838472834068,0.992647058823529,3.4,6
152,INFEASIBLE,0,6,30,15,1,10,4,5,0,90,90,90,90,0.791972589329417,0.992892156862745,3.4,6
152,INFEASIBLE,0,6,30,15,1,10,4,10,0,90,90,90,90,0.792217327459618,0.992892156862745,3.4,6
152,INFEASIBLE,0,6,30,15,1,10,4,15,0,90,90,90,90,0.792462065589819,0.992892156862745,3.4,6
152,INFEASIBLE,0,6,30,15,1,10,4,20,0,90,90,90,90,0.793196279980421,0.992892156862745,3.4,6
152,INFEASIBLE,0,6,30,15,1,10,4,25,0,90,90,90,90,0.794175232501224,0.992401960784314,3.4,6
152,INFEASIBLE,0,6,30,15,1,10,4,30,0,90,90,90,90,0.794909446891826,0.992647058823529,3.4,6
153,INFEASIBLE,0,6,45,8,0.533333333333333,10,4,5,0,90,90,90,90,0.729809104258443,0.991421568627451,3.4,6
153,INFEASIBLE,0,6,45,8,0.533333333333333,10,4,10,0,90,90,90,90,0.731032794909447,0.992156862745098,3.4,6
153,INFEASIBLE,0,6,45,8,0.533333333333333,10,4,15,0,90,90,90,90,0.731767009300049,0.991911764705882,3.4,6
153,INFEASIBLE,0,6,45,8,0.533333333333333,10,4,20,0,90,90,90,90,0.740822320117474,0.992156862745098,3.4,6
153,INFEASIBLE,0,6,45,8,0.533333333333333,10,4,25,0,90,90,90,90,0.757953989231522,0.992156862745098,3.4,6
153,INFEASIBLE,0,6,45,8,0.533333333333333,10,4,30,0,90,90,90,90,0.778267254038179,0.992156862745098,3.4,6
154,INFEASIBLE,0,6,45,10,0.666666666666667,10,4,5,0,90,90,90,90,0.71781693587861,0.991421568627451,3.4,6
154,INFEASIBLE,0,6,45,10,0.666666666666667,10,4,10,0,90,90,90,90,0.718306412139011,0.992156862745098,3.4,6
154,INFEASIBLE,0,6,45,10,0.666666666666667,10,4,15,0,90,90,90,90,0.718795888399413,0.991911764705882,3.4,6
154,INFEASIBLE,0,6,45,10,0.666666666666667,10,4,20,0,90,90,90,90,0.719285364659814,0.992156862745098,3.4,6
154,INFEASIBLE,0,6,45,10,0.666666666666667,10,4,25,0,90,90,90,90,0.725403817914831,0.992156862745098,3.4,6
154,INFEASIBLE,0,6,45,10,0.666666666666667,10,4,30,0,90,90,90,90,0.733235438081253,0.992156862745098,3.4,6
155,INFEASIBLE,0,6,45,12,0.8,10,4,5,0,90,90,90,90,0.708272148800783,0.991421568627451,3.4,6
155,INFEASIBLE,0,6,45,12,0.8,10,4,10,0,90,90,90,90,0.709251101321586,0.992156862745098,3.4,6
155,INFEASIBLE,0,6,45,12,0.8,10,4,15,0,90,90,90,90,0.709495839451787,0.991911764705882,3.4,6
155,INFEASIBLE,0,6,45,12,0.8,10,4,20,0,90,90,90,90,0.709985315712188,0.992156862745098,3.4,6
155,INFEASIBLE,0,6,45,12,0.8,10,4,25,0,90,90,90,90,0.709985315712188,0.992156862745098,3.4,6
155,INFEASIBLE,0,6,45,12,0.8,10,4,30,0,90,90,90,90,0.713656387665198,0.992156862745098,3.4,6
156,INFEASIBLE,0,6,45,15,1,10,4,5,0,90,90,90,90,0.69652471855115,0.991421568627451,3.4,6
156,INFEASIBLE,0,6,45,15,1,10,4,10,0,90,90,90,90,0.697503671071953,0.992156862745098,3.4,6
156,INFEASIBLE,0,6,45,15,1,10,4,15,0,90,90,90,90,0.697258932941752,0.991911764705882,3.4,6
156,INFEASIBLE,0,6,45,15,1,10,4,20,0,90,90,90,90,0.697258932941752,0.992156862745098,3.4,6
156,INFEASIBLE,0,6,45,15,1,10,4,25,0,90,90,90,90,0.697258932941752,0.992156862745098,3.4,6
156,INFEASIBLE,0,6,45,15,1,10,4,30,0,90,90,90,90,0.697503671071953,0.992156862745098,3.4,6
157,INFEASIBLE,0,6,60,8,0.533333333333333,10,4,5,0,90,90,90,90,0.776798825256975,0.989460784313726,3.4,6
157,INFEASIBLE,0,6,60,8,0.533333333333333,10,4,10,0,90,90,90,90,0.783406754772394,0.98921568627451,3.4,6
157,INFEASIBLE,0,6,60,8,0.533333333333333,10,4,15,0,90,90,90,90,0.7858541360744,0.988480392156863,3.4,6
157,INFEASIBLE,0,6,60,8,0.533333333333333,10,4,20,0,90,90,90,90,0.786833088595203,0.988725490196078,3.4,6
157,INFEASIBLE,0,6,60,8,0.533333333333333,10,4,25,0,90,90,90,90,0.786588350465003,0.989460784313726,3.4,6
157,INFEASIBLE,0,6,60,8,0.533333333333333,10,4,30,0,90,90,90,90,0.786343612334802,0.989460784313726,3.4,6
158,INFEASIBLE,0,6,60,10,0.666666666666667,10,4,5,0,90,90,90,90,0.763827704356339,0.989460784313726,3.4,6
158,INFEASIBLE,0,6,60,10,0.666666666666667,10,4,10,0,90,90,90,90,0.769701419481155,0.98921568627451,3.4,6
158,INFEASIBLE,0,6,60,10,0.666666666666667,10,4,15,0,90,90,90,90,0.771904062652961,0.988480392156863,3.4,6
158,INFEASIBLE,0,6,60,10,0.666666666666667,10,4,20,0,90,90,90,90,0.772393538913363,0.988725490196078,3.4,6
158,INFEASIBLE,0,6,60,10,0.666666666666667,10,4,25,0,90,90,90,90,0.772393538913363,0.989460784313726,3.4,6
158,INFEASIBLE,0,6,60,10,0.666666666666667,10,4,30,0,90,90,90,90,0.771659324522761,0.989460784313726,3.4,6
159,INFEASIBLE,0,6,60,12,0.8,10,4,5,0,90,90,90,90,0.752569750367107,0.989460784313726,3.4,6
159,INFEASIBLE,0,6,60,12,0.8,10,4,10,0,90,90,90,90,0.758688203622124,0.98921568627451,3.4,6
159,INFEASIBLE,0,6,60,12,0.8,10,4,15,0,90,90,90,90,0.761625061184533,0.988480392156863,3.4,6
159,INFEASIBLE,0,6,60,12,0.8,10,4,20,0,90,90,90,90,0.761869799314733,0.988725490196078,3.4,6
159,INFEASIBLE,0,6,60,12,0.8,10,4,25,0,90,90,90,90,0.762114537444934,0.989460784313726,3.4,6
159,INFEASIBLE,0,6,60,12,0.8,10,4,30,0,90,90,90,90,0.761625061184533,0.989460784313726,3.4,6
160,INFEASIBLE,0,6,60,15,1,10,4,5,0,90,90,90,90,0.740088105726872,0.989460784313726,3.4,6
160,INFEASIBLE,0,6,60,15,1,10,4,10,0,90,90,90,90,0.746206558981889,0.98921568627451,3.4,6
160,INFEASIBLE,0,6,60,15,1,10,4,15,0,90,90,90,90,0.749632892804699,0.988480392156863,3.4,6
160,INFEASIBLE,0,6,60,15,1,10,4,20,0,90,90,90,90,0.7498776309349,0.988725490196078,3.4,6
160,INFEASIBLE,0,6,60,15,1,10,4,25,0,90,90,90,90,0.7498776309349,0.989460784313726,3.4,6
160,INFEASIBLE,0,6,60,15,1,10,4,30,0,90,90,90,90,0.748898678414097,0.989460784313726,3.4,6
161,INFEASIBLE,0,6,75,8,0.533333333333333,10,4,5,0,90,90,90,90,0.704111600587372,0.989950980392157,3.4,6
161,INFEASIBLE,0,6,75,8,0.533333333333333,10,4,10,0,90,90,90,90,0.719040626529613,0.989460784313726,3.4,6
161,INFEASIBLE,0,6,75,8,0.533333333333333,10,4,15,0,90,90,90,90,0.737640724424865,0.987254901960784,3.4,6
161,INFEASIBLE,0,6,75,8,0.533333333333333,10,4,20,0,90,90,90,90,0.741801272638277,0.991176470588235,3.4,6
161,INFEASIBLE,0,6,75,8,0.533333333333333,10,4,25,0,90,90,90,90,0.73935389133627,0.991421568627451,3.4,6
161,INFEASIBLE,0,6,75,8,0.533333333333333,10,4,30,0,90,90,90,90,0.736172295643661,0.991176470588235,3.4,6
162,INFEASIBLE,0,6,75,10,0.666666666666667,10,4,5,0,90,90,90,90,0.691629955947136,0.989950980392157,3.4,6
162,INFEASIBLE,0,6,75,10,0.666666666666667,10,4,10,0,90,90,90,90,0.70729319627998,0.989460784313726,3.4,6
162,INFEASIBLE,0,6,75,10,0.666666666666667,10,4,15,0,90,90,90,90,0.727116984826236,0.987254901960784,3.4,6
162,INFEASIBLE,0,6,75,10,0.666666666666667,10,4,20,0,90,90,90,90,0.731522271169848,0.991176470588235,3.4,6
162,INFEASIBLE,0,6,75,10,0.666666666666667,10,4,25,0,90,90,90,90,0.730053842388644,0.991421568627451,3.4,6
162,INFEASIBLE,0,6,75,10,0.666666666666667,10,4,30,0,90,90,90,90,0.727851199216838,0.991176470588235,3.4,6
163,INFEASIBLE,0,6,75,12,0.8,10,4,5,0,90,90,90,90,0.681840430739109,0.989950980392157,3.4,6
163,INFEASIBLE,0,6,75,12,0.8,10,4,10,0,90,90,90,90,0.697748409202154,0.989460784313726,3.4,6
163,INFEASIBLE,0,6,75,12,0.8,10,4,15,0,90,90,90,90,0.718551150269212,0.987254901960784,3.4,6
163,INFEASIBLE,0,6,75,12,0.8,10,4,20,0,90,90,90,90,0.723690651003426,0.991176470588235,3.4,6
163,INFEASIBLE,0,6,75,12,0.8,10,4,25,0,90,90,90,90,0.722222222222222,0.991421568627451,3.4,6
163,INFEASIBLE,0,6,75,12,0.8,10,4,30,0,90,90,90,90,0.719774840920215,0.991176470588235,3.4,6
164,INFEASIBLE,0,6,75,15,1,10,4,5,0,90,90,90,90,0.669114047968673,0.989950980392157,3.4,6
164,INFEASIBLE,0,6,75,15,1,10,4,10,0,90,90,90,90,0.684777288301517,0.989460784313726,3.4,6
164,INFEASIBLE,0,6,75,15,1,10,4,15,0,90,90,90,90,0.706314243759178,0.987254901960784,3.4,6
164,INFEASIBLE,0,6,75,15,1,10,4,20,0,90,90,90,90,0.712187958883994,0.991176470588235,3.4,6
164,INFEASIBLE,0,6,75,15,1,10,4,25,0,90,90,90,90,0.711209006363191,0.991421568627451,3.4,6
164,INFEASIBLE,0,6,75,15,1,10,4,30,0,90,90,90,90,0.709006363191385,0.991176470588235,3.4,6
165,INFEASIBLE,0,6,90,8,0.533333333333333,10,4,5,0,90,90,90,90,0.677190406265296,0.986029411764706,3.4,6
165,INFEASIBLE,0,6,90,8,0.533333333333333,10,4,10,0,90,90,90,90,0.706803720019579,0.986029411764706,3.4,6
165,INFEASIBLE,0,6,90,8,0.533333333333333,10,4,15,0,90,90,90,90,0.724180127263828,0.986764705882353,3.4,6
165,INFEASIBLE,0,6,90,8,0.533333333333333,10,4,20,0,90,90,90,90,0.733235438081253,0.988725490196078,3.4,6
165,INFEASIBLE,0,6,90,8,0.533333333333333,10,4,25,0,90,90,90,90,0.733969652471855,0.989460784313725,3.4,6
165,INFEASIBLE,0,6,90,8,0.533333333333333,10,4,30,0,90,90,90,90,0.732501223690651,0.989705882352941,3.4,6
166,INFEASIBLE,0,6,90,10,0.666666666666667,10,4,5,0,90,90,90,90,0.664708761625061,0.986029411764706,3.4,6
166,INFEASIBLE,0,6,90,10,0.666666666666667,10,4,10,0,90,90,90,90,0.693587860988742,0.986029411764706,3.4,6
166,INFEASIBLE,0,6,90,10,0.666666666666667,10,4,15,0,90,90,90,90,0.711209006363191,0.986764705882353,3.4,6
166,INFEASIBLE,0,6,90,10,0.666666666666667,10,4,20,0,90,90,90,90,0.720509055310817,0.988725490196078,3.4,6
166,INFEASIBLE,0,6,90,10,0.666666666666667,10,4,25,0,90,90,90,90,0.72148800783162,0.989460784313725,3.4,6
166,INFEASIBLE,0,6,90,10,0.666666666666667,10,4,30,0,90,90,90,90,0.720998531571219,0.989705882352941,3.4,6
167,INFEASIBLE,0,6,90,12,0.8,10,4,5,0,90,90,90,90,0.652961331375428,0.986029411764706,3.4,6
167,INFEASIBLE,0,6,90,12,0.8,10,4,10,0,90,90,90,90,0.682819383259912,0.986029411764706,3.4,6
167,INFEASIBLE,0,6,90,12,0.8,10,4,15,0,90,90,90,90,0.701174743024963,0.986764705882353,3.4,6
167,INFEASIBLE,0,6,90,12,0.8,10,4,20,0,90,90,90,90,0.711209006363191,0.988725490196078,3.4,6
167,INFEASIBLE,0,6,90,12,0.8,10,4,25,0,90,90,90,90,0.712677435144395,0.989460784313725,3.4,6
167,INFEASIBLE,0,6,90,12,0.8,10,4,30,0,90,90,90,90,0.711698482623593,0.989705882352941,3.4,6
168,INFEASIBLE,0,6,90,15,1,10,4,5,0,90,90,90,90,0.641213901125795,0.986029411764706,3.4,6
168,INFEASIBLE,0,6,90,15,1,10,4,10,0,90,90,90,90,0.670827214880078,0.986029411764706,3.4,6
168,INFEASIBLE,0,6,90,15,1,10,4,15,0,90,90,90,90,0.68942731277533,0.986764705882353,3.4,6
168,INFEASIBLE,0,6,90,15,1,10,4,20,0,90,90,90,90,0.700195790504161,0.988725490196078,3.4,6
168,INFEASIBLE,0,6,90,15,1,10,4,25,0,90,90,90,90,0.701908957415565,0.989460784313725,3.4,6
168,INFEASIBLE,0,6,90,15,1,10,4,30,0,90,90,90,90,0.701908957415565,0.989705882352941,3.4,6
