design_id,rocket_id,regime_label,controller_type,p_unstable,mass,Iyy,static_margin,Cm_alpha,control_effectiveness,motor_scale,servo_slew_deg_s,max_gimbal_deg,latency_steps,deadband,backlash,wind_strength,module_ablated,Kp,Kd,Ki,rms_predicted,rms_reality,success_predicted,success_reality,rms_prediction_error,rms_bias,optimistic,go_predicted,go_reality,decision_error
263,R0263,INFEASIBLE,PD,0.0,1.180813960794242,0.0148741020641283,-0.1670550327700582,-64.88958602893497,9.42878584182903,1.7333372238927718,80.51764312777946,9.640624948740872,5,0.0141672766601719,0.1329960714192321,0.4024976455708484,reference,5.0,8.0,0.0,12.12361086123519,12.12361086123519,0.4,0.4,0.0,0.0,0,1,1,0
263,R0263,INFEASIBLE,PD,0.0,1.180813960794242,0.0148741020641283,-0.1670550327700582,-64.88958602893497,9.42878584182903,1.7333372238927718,80.51764312777946,9.640624948740872,5,0.0141672766601719,0.1329960714192321,0.4024976455708484,backlash,2.0,1.0,0.0,6.53866040881397,10.9128948285152,1.0,0.4,4.374234419701229,4.374234419701229,1,1,1,0
263,R0263,INFEASIBLE,PD,0.0,1.180813960794242,0.0148741020641283,-0.1670550327700582,-64.88958602893497,9.42878584182903,1.7333372238927718,80.51764312777946,9.640624948740872,5,0.0141672766601719,0.1329960714192321,0.4024976455708484,slew,80.0,1.0,0.0,1.8761925003350748,88.035997282662,1.0,0.0,86.15980478232692,86.15980478232692,1,1,0,1
263,R0263,INFEASIBLE,PD,0.0,1.180813960794242,0.0148741020641283,-0.1670550327700582,-64.88958602893497,9.42878584182903,1.7333372238927718,80.51764312777946,9.640624948740872,5,0.0141672766601719,0.1329960714192321,0.4024976455708484,latency,15.0,16.0,0.0,12.717367828138151,12.426680315089413,0.2,0.2,0.29068751304873786,-0.29068751304873786,0,0,0,0
263,R0263,INFEASIBLE,PD,0.0,1.180813960794242,0.0148741020641283,-0.1670550327700582,-64.88958602893497,9.42878584182903,1.7333372238927718,80.51764312777946,9.640624948740872,5,0.0141672766601719,0.1329960714192321,0.4024976455708484,deadband,5.0,8.0,0.0,11.596370025064568,12.12361086123519,0.4,0.4,0.5272408361706216,0.5272408361706216,1,1,1,0
263,R0263,INFEASIBLE,PD,0.0,1.180813960794242,0.0148741020641283,-0.1670550327700582,-64.88958602893497,9.42878584182903,1.7333372238927718,80.51764312777946,9.640624948740872,5,0.0141672766601719,0.1329960714192321,0.4024976455708484,nonlinear_aero,5.0,8.0,0.0,11.856414592074136,12.12361086123519,0.4,0.4,0.26719626916105277,0.26719626916105277,1,1,1,0
263,R0263,INFEASIBLE,PD,0.0,1.180813960794242,0.0148741020641283,-0.1670550327700582,-64.88958602893497,9.42878584182903,1.7333372238927718,80.51764312777946,9.640624948740872,5,0.0141672766601719,0.1329960714192321,0.4024976455708484,dyn_aero,5.0,1.0,0.0,11.642188371972187,13.946097266345149,0.2,0.0,2.3039088943729613,2.3039088943729613,1,0,0,0
263,R0263,INFEASIBLE,PD,0.0,1.180813960794242,0.0148741020641283,-0.1670550327700582,-64.88958602893497,9.42878584182903,1.7333372238927718,80.51764312777946,9.640624948740872,5,0.0141672766601719,0.1329960714192321,0.4024976455708484,thrust_curve,15.0,16.0,0.0,11.510842842669849,12.426680315089413,0.4,0.2,0.9158374724195646,0.9158374724195646,1,1,0,1
263,R0263,INFEASIBLE,PD,0.0,1.180813960794242,0.0148741020641283,-0.1670550327700582,-64.88958602893497,9.42878584182903,1.7333372238927718,80.51764312777946,9.640624948740872,5,0.0141672766601719,0.1329960714192321,0.4024976455708484,cg_shift,40.0,32.0,0.0,12.257886749312068,11.63736888403134,0.4,0.4,0.6205178652807284,-0.6205178652807284,0,1,1,0
249,R0249,INFEASIBLE,PD,0.0,1.5017860930953186,0.01333400217602,-0.1044214576119059,-89.68252951460309,10.022118061277752,2.0993460915668845,32.67003764503196,4.892331627358289,2,0.0967159385662763,0.1790342978072225,0.3492786929935244,reference,40.0,16.0,0.0,10.953095483121848,10.953095483121848,0.4,0.4,0.0,0.0,0,1,1,0
249,R0249,INFEASIBLE,PD,0.0,1.5017860930953186,0.01333400217602,-0.1044214576119059,-89.68252951460309,10.022118061277752,2.0993460915668845,32.67003764503196,4.892331627358289,2,0.0967159385662763,0.1790342978072225,0.3492786929935244,backlash,40.0,2.0,0.0,13.47972189845782,26.09012923626716,0.4,0.0,12.61040733780934,12.61040733780934,1,1,0,1
249,R0249,INFEASIBLE,PD,0.0,1.5017860930953186,0.01333400217602,-0.1044214576119059,-89.68252951460309,10.022118061277752,2.0993460915668845,32.67003764503196,4.892331627358289,2,0.0967159385662763,0.1790342978072225,0.3492786929935244,slew,40.0,1.0,0.0,0.87780111200853,60.60096464335605,1.0,0.0,59.723163531347524,59.723163531347524,1,1,0,1
249,R0249,INFEASIBLE,PD,0.0,1.5017860930953186,0.01333400217602,-0.1044214576119059,-89.68252951460309,10.022118061277752,2.0993460915668845,32.67003764503196,4.892331627358289,2,0.0967159385662763,0.1790342978072225,0.3492786929935244,latency,40.0,32.0,0.0,10.2289071129883,10.402921086392542,0.4,0.4,0.17401397340424296,0.17401397340424296,1,1,1,0
249,R0249,INFEASIBLE,PD,0.0,1.5017860930953186,0.01333400217602,-0.1044214576119059,-89.68252951460309,10.022118061277752,2.0993460915668845,32.67003764503196,4.892331627358289,2,0.0967159385662763,0.1790342978072225,0.3492786929935244,deadband,2.0,1.0,0.0,8.967205493363721,9.653039522855284,0.4,0.6,0.6858340294915628,0.6858340294915628,1,1,1,0
249,R0249,INFEASIBLE,PD,0.0,1.5017860930953186,0.01333400217602,-0.1044214576119059,-89.68252951460309,10.022118061277752,2.0993460915668845,32.67003764503196,4.892331627358289,2,0.0967159385662763,0.1790342978072225,0.3492786929935244,nonlinear_aero,40.0,16.0,0.0,11.428335919434435,10.953095483121848,0.4,0.4,0.4752404363125873,-0.4752404363125873,0,1,1,0
249,R0249,INFEASIBLE,PD,0.0,1.5017860930953186,0.01333400217602,-0.1044214576119059,-89.68252951460309,10.022118061277752,2.0993460915668845,32.67003764503196,4.892331627358289,2,0.0967159385662763,0.1790342978072225,0.3492786929935244,dyn_aero,2.0,1.0,0.0,8.29358155643311,9.653039522855284,0.8,0.6,1.3594579664221733,1.3594579664221733,1,1,1,0
249,R0249,INFEASIBLE,PD,0.0,1.5017860930953186,0.01333400217602,-0.1044214576119059,-89.68252951460309,10.022118061277752,2.0993460915668845,32.67003764503196,4.892331627358289,2,0.0967159385662763,0.1790342978072225,0.3492786929935244,thrust_curve,15.0,8.0,0.0,9.76438105187008,10.558026406386892,0.8,0.4,0.7936453545168121,0.7936453545168121,1,1,1,0
249,R0249,INFEASIBLE,PD,0.0,1.5017860930953186,0.01333400217602,-0.1044214576119059,-89.68252951460309,10.022118061277752,2.0993460915668845,32.67003764503196,4.892331627358289,2,0.0967159385662763,0.1790342978072225,0.3492786929935244,cg_shift,5.0,8.0,0.0,8.304767103844444,9.873402541411387,0.6,0.4,1.5686354375669431,1.5686354375669431,1,1,1,0
787,R0787,INFEASIBLE,PD,0.0,1.7348173383970849,0.0124244609179154,-0.1193891520643966,-32.49984181696324,11.883387931411916,1.9093854081037784,51.13770169844248,11.189957538973966,1,0.0041327065323964,0.0745496258773052,0.3325535649027052,reference,2.0,1.0,0.0,8.513736543926049,8.513736543926049,0.4,0.4,0.0,0.0,0,1,1,0
787,R0787,INFEASIBLE,PD,0.0,1.7348173383970849,0.0124244609179154,-0.1193891520643966,-32.49984181696324,11.883387931411916,1.9093854081037784,51.13770169844248,11.189957538973966,1,0.0041327065323964,0.0745496258773052,0.3325535649027052,backlash,2.0,1.0,0.0,5.277317949096488,8.513736543926049,1.0,0.4,3.236418594829561,3.236418594829561,1,1,1,0
787,R0787,INFEASIBLE,PD,0.0,1.7348173383970849,0.0124244609179154,-0.1193891520643966,-32.49984181696324,11.883387931411916,1.9093854081037784,51.13770169844248,11.189957538973966,1,0.0041327065323964,0.0745496258773052,0.3325535649027052,slew,80.0,1.0,0.0,0.523435250465018,56.015184483733336,1.0,0.0,55.491749233268315,55.491749233268315,1,1,0,1
787,R0787,INFEASIBLE,PD,0.0,1.7348173383970849,0.0124244609179154,-0.1193891520643966,-32.49984181696324,11.883387931411916,1.9093854081037784,51.13770169844248,11.189957538973966,1,0.0041327065323964,0.0745496258773052,0.3325535649027052,latency,2.0,1.0,0.0,8.513736543926049,8.513736543926049,0.4,0.4,0.0,0.0,0,1,1,0
787,R0787,INFEASIBLE,PD,0.0,1.7348173383970849,0.0124244609179154,-0.1193891520643966,-32.49984181696324,11.883387931411916,1.9093854081037784,51.13770169844248,11.189957538973966,1,0.0041327065323964,0.0745496258773052,0.3325535649027052,deadband,2.0,1.0,0.0,8.539663209449278,8.513736543926049,0.4,0.4,0.02592666552322953,-0.02592666552322953,0,1,1,0
787,R0787,INFEASIBLE,PD,0.0,1.7348173383970849,0.0124244609179154,-0.1193891520643966,-32.49984181696324,11.883387931411916,1.9093854081037784,51.13770169844248,11.189957538973966,1,0.0041327065323964,0.0745496258773052,0.3325535649027052,nonlinear_aero,2.0,1.0,0.0,8.570178202777585,8.513736543926049,0.2,0.4,0.0564416588515364,-0.0564416588515364,0,0,1,1
787,R0787,INFEASIBLE,PD,0.0,1.7348173383970849,0.0124244609179154,-0.1193891520643966,-32.49984181696324,11.883387931411916,1.9093854081037784,51.13770169844248,11.189957538973966,1,0.0041327065323964,0.0745496258773052,0.3325535649027052,dyn_aero,5.0,2.0,0.0,7.9674184448920355,8.882204573554404,0.4,0.2,0.9147861286623682,0.9147861286623682,1,1,0,1
787,R0787,INFEASIBLE,PD,0.0,1.7348173383970849,0.0124244609179154,-0.1193891520643966,-32.49984181696324,11.883387931411916,1.9093854081037784,51.13770169844248,11.189957538973966,1,0.0041327065323964,0.0745496258773052,0.3325535649027052,thrust_curve,15.0,8.0,0.0,7.932866556122844,8.255619080233739,1.0,0.6,0.3227525241108946,0.3227525241108946,1,1,1,0
787,R0787,INFEASIBLE,PD,0.0,1.7348173383970849,0.0124244609179154,-0.1193891520643966,-32.49984181696324,11.883387931411916,1.9093854081037784,51.13770169844248,11.189957538973966,1,0.0041327065323964,0.0745496258773052,0.3325535649027052,cg_shift,15.0,8.0,0.0,9.324047439965353,8.255619080233739,0.4,0.6,1.0684283597316142,-1.0684283597316142,0,1,1,0
909,R0909,INFEASIBLE,PD,0.0,1.146386370576474,0.0104701304608658,-0.0964379698121547,-66.7861552899626,7.220263091239328,2.4831195011316365,8.120526210462227,11.324879828632124,2,0.1197526065189076,0.224747692973742,0.4443838992431803,reference,40.0,1.0,0.0,31.027549925841207,31.027549925841207,0.0,0.0,0.0,0.0,0,0,0,0
909,R0909,INFEASIBLE,PD,0.0,1.146386370576474,0.0104701304608658,-0.0964379698121547,-66.7861552899626,7.220263091239328,2.4831195011316365,8.120526210462227,11.324879828632124,2,0.1197526065189076,0.224747692973742,0.4443838992431803,backlash,5.0,1.0,0.0,19.06965098463092,41.256885809240586,0.6,0.0,22.187234824609668,22.187234824609668,1,1,0,1
909,R0909,INFEASIBLE,PD,0.0,1.146386370576474,0.0104701304608658,-0.0964379698121547,-66.7861552899626,7.220263091239328,2.4831195011316365,8.120526210462227,11.324879828632124,2,0.1197526065189076,0.224747692973742,0.4443838992431803,slew,80.0,1.0,0.0,1.2214845693763867,34.115467033920375,1.0,0.0,32.89398246454399,32.89398246454399,1,1,0,1
909,R0909,INFEASIBLE,PD,0.0,1.146386370576474,0.0104701304608658,-0.0964379698121547,-66.7861552899626,7.220263091239328,2.4831195011316365,8.120526210462227,11.324879828632124,2,0.1197526065189076,0.224747692973742,0.4443838992431803,latency,40.0,1.0,0.0,30.999540528729778,31.027549925841207,0.0,0.0,0.028009397111429024,0.028009397111429024,1,0,0,0
909,R0909,INFEASIBLE,PD,0.0,1.146386370576474,0.0104701304608658,-0.0964379698121547,-66.7861552899626,7.220263091239328,2.4831195011316365,8.120526210462227,11.324879828632124,2,0.1197526065189076,0.224747692973742,0.4443838992431803,deadband,80.0,2.0,0.0,31.02873705921478,31.02966461071886,0.0,0.0,0.000927551504080526,0.000927551504080526,1,0,0,0
909,R0909,INFEASIBLE,PD,0.0,1.146386370576474,0.0104701304608658,-0.0964379698121547,-66.7861552899626,7.220263091239328,2.4831195011316365,8.120526210462227,11.324879828632124,2,0.1197526065189076,0.224747692973742,0.4443838992431803,nonlinear_aero,40.0,1.0,0.0,30.041001092589475,31.027549925841207,0.0,0.0,0.9865488332517316,0.9865488332517316,1,0,0,0
909,R0909,INFEASIBLE,PD,0.0,1.146386370576474,0.0104701304608658,-0.0964379698121547,-66.7861552899626,7.220263091239328,2.4831195011316365,8.120526210462227,11.324879828632124,2,0.1197526065189076,0.224747692973742,0.4443838992431803,dyn_aero,40.0,2.0,0.0,14.721636428373348,30.970530129751268,0.8,0.2,16.24889370137792,16.24889370137792,1,1,0,1
909,R0909,INFEASIBLE,PD,0.0,1.146386370576474,0.0104701304608658,-0.0964379698121547,-66.7861552899626,7.220263091239328,2.4831195011316365,8.120526210462227,11.324879828632124,2,0.1197526065189076,0.224747692973742,0.4443838992431803,thrust_curve,80.0,1.0,0.0,38.02206923404306,34.115467033920375,0.2,0.0,3.906602200122684,-3.906602200122684,0,0,0,0
909,R0909,INFEASIBLE,PD,0.0,1.146386370576474,0.0104701304608658,-0.0964379698121547,-66.7861552899626,7.220263091239328,2.4831195011316365,8.120526210462227,11.324879828632124,2,0.1197526065189076,0.224747692973742,0.4443838992431803,cg_shift,40.0,2.0,0.0,28.277245400316474,30.970530129751268,0.2,0.2,2.6932847294347937,2.6932847294347937,1,0,0,0
143,R0143,INFEASIBLE,PD,0.0,0.9988224175565033,0.0112318443720645,-0.2796040404200168,-83.44343891299874,9.496631092310228,1.7434861379159314,53.409955697045866,10.49296957341227,4,0.0448966418454639,0.1250688525148361,0.2615574234345467,reference,15.0,8.0,0.0,11.161348969997963,11.161348969997963,0.2,0.2,0.0,0.0,0,0,0,0
143,R0143,INFEASIBLE,PD,0.0,0.9988224175565033,0.0112318443720645,-0.2796040404200168,-83.44343891299874,9.496631092310228,1.7434861379159314,53.409955697045866,10.49296957341227,4,0.0448966418454639,0.1250688525148361,0.2615574234345467,backlash,2.0,1.0,0.0,7.102393433067164,10.936722188558061,1.0,0.4,3.8343287554908976,3.8343287554908976,1,1,1,0
143,R0143,INFEASIBLE,PD,0.0,0.9988224175565033,0.0112318443720645,-0.2796040404200168,-83.44343891299874,9.496631092310228,1.7434861379159314,53.409955697045866,10.49296957341227,4,0.0448966418454639,0.1250688525148361,0.2615574234345467,slew,80.0,1.0,0.0,1.4032694299584807,69.9884305414486,1.0,0.0,68.58516111149011,68.58516111149011,1,1,0,1
143,R0143,INFEASIBLE,PD,0.0,0.9988224175565033,0.0112318443720645,-0.2796040404200168,-83.44343891299874,9.496631092310228,1.7434861379159314,53.409955697045866,10.49296957341227,4,0.0448966418454639,0.1250688525148361,0.2615574234345467,latency,2.0,2.0,0.0,10.874929285631785,10.669372822927969,0.6,0.4,0.20555646270381622,-0.20555646270381622,0,1,1,0
143,R0143,INFEASIBLE,PD,0.0,0.9988224175565033,0.0112318443720645,-0.2796040404200168,-83.44343891299874,9.496631092310228,1.7434861379159314,53.409955697045866,10.49296957341227,4,0.0448966418454639,0.1250688525148361,0.2615574234345467,deadband,5.0,8.0,0.0,11.037945782444803,10.964009406705932,0.4,0.4,0.07393637573887091,-0.07393637573887091,0,1,1,0
143,R0143,INFEASIBLE,PD,0.0,0.9988224175565033,0.0112318443720645,-0.2796040404200168,-83.44343891299874,9.496631092310228,1.7434861379159314,53.409955697045866,10.49296957341227,4,0.0448966418454639,0.1250688525148361,0.2615574234345467,nonlinear_aero,15.0,8.0,0.0,11.364172274667995,11.161348969997963,0.2,0.2,0.20282330467003185,-0.20282330467003185,0,0,0,0
143,R0143,INFEASIBLE,PD,0.0,0.9988224175565033,0.0112318443720645,-0.2796040404200168,-83.44343891299874,9.496631092310228,1.7434861379159314,53.409955697045866,10.49296957341227,4,0.0448966418454639,0.1250688525148361,0.2615574234345467,dyn_aero,5.0,8.0,0.0,7.826657496065486,10.964009406705932,0.6,0.4,3.1373519106404455,3.1373519106404455,1,1,1,0
143,R0143,INFEASIBLE,PD,0.0,0.9988224175565033,0.0112318443720645,-0.2796040404200168,-83.44343891299874,9.496631092310228,1.7434861379159314,53.409955697045866,10.49296957341227,4,0.0448966418454639,0.1250688525148361,0.2615574234345467,thrust_curve,5.0,2.0,0.0,12.778538719406125,11.357570878512353,0.8,0.2,1.4209678408937716,-1.4209678408937716,0,1,0,1
143,R0143,INFEASIBLE,PD,0.0,0.9988224175565033,0.0112318443720645,-0.2796040404200168,-83.44343891299874,9.496631092310228,1.7434861379159314,53.409955697045866,10.49296957341227,4,0.0448966418454639,0.1250688525148361,0.2615574234345467,cg_shift,80.0,16.0,0.0,15.093116038857792,16.655344917007703,0.2,0.0,1.5622288781499112,1.5622288781499112,1,0,0,0
550,R0550,INFEASIBLE,PD,0.0,0.9927897701118746,0.0162650173594232,-0.1559843831112031,-86.8178803471178,7.569634488501718,1.0809293833254006,63.01167846027034,6.932347577890219,2,0.0204986214957931,0.1146422993534572,0.3837199920584051,reference,2.0,1.0,0.0,10.32199496708225,10.32199496708225,0.4,0.4,0.0,0.0,0,1,1,0
550,R0550,INFEASIBLE,PD,0.0,0.9927897701118746,0.0162650173594232,-0.1559843831112031,-86.8178803471178,7.569634488501718,1.0809293833254006,63.01167846027034,6.932347577890219,2,0.0204986214957931,0.1146422993534572,0.3837199920584051,backlash,2.0,1.0,0.0,8.14385555569311,10.32199496708225,0.8,0.4,2.1781394113891412,2.1781394113891412,1,1,1,0
550,R0550,INFEASIBLE,PD,0.0,0.9927897701118746,0.0162650173594232,-0.1559843831112031,-86.8178803471178,7.569634488501718,1.0809293833254006,63.01167846027034,6.932347577890219,2,0.0204986214957931,0.1146422993534572,0.3837199920584051,slew,80.0,1.0,0.0,0.4892853735204703,54.013231000425876,1.0,0.0,53.5239456269054,53.5239456269054,1,1,0,1
550,R0550,INFEASIBLE,PD,0.0,0.9927897701118746,0.0162650173594232,-0.1559843831112031,-86.8178803471178,7.569634488501718,1.0809293833254006,63.01167846027034,6.932347577890219,2,0.0204986214957931,0.1146422993534572,0.3837199920584051,latency,2.0,1.0,0.0,9.625997597573257,10.32199496708225,0.6,0.4,0.6959973695089943,0.6959973695089943,1,1,1,0
550,R0550,INFEASIBLE,PD,0.0,0.9927897701118746,0.0162650173594232,-0.1559843831112031,-86.8178803471178,7.569634488501718,1.0809293833254006,63.01167846027034,6.932347577890219,2,0.0204986214957931,0.1146422993534572,0.3837199920584051,deadband,2.0,1.0,0.0,10.171874492753187,10.32199496708225,0.4,0.4,0.15012047432906428,0.15012047432906428,1,1,1,0
550,R0550,INFEASIBLE,PD,0.0,0.9927897701118746,0.0162650173594232,-0.1559843831112031,-86.8178803471178,7.569634488501718,1.0809293833254006,63.01167846027034,6.932347577890219,2,0.0204986214957931,0.1146422993534572,0.3837199920584051,nonlinear_aero,2.0,1.0,0.0,10.418823294778084,10.32199496708225,0.4,0.4,0.0968283276958335,-0.0968283276958335,0,1,1,0
550,R0550,INFEASIBLE,PD,0.0,0.9927897701118746,0.0162650173594232,-0.1559843831112031,-86.8178803471178,7.569634488501718,1.0809293833254006,63.01167846027034,6.932347577890219,2,0.0204986214957931,0.1146422993534572,0.3837199920584051,dyn_aero,2.0,2.0,0.0,12.09815997724455,11.835794208618573,0.2,0.4,0.26236576862597616,-0.26236576862597616,0,0,1,1
550,R0550,INFEASIBLE,PD,0.0,0.9927897701118746,0.0162650173594232,-0.1559843831112031,-86.8178803471178,7.569634488501718,1.0809293833254006,63.01167846027034,6.932347577890219,2,0.0204986214957931,0.1146422993534572,0.3837199920584051,thrust_curve,2.0,1.0,0.0,10.456947490144307,10.32199496708225,0.4,0.4,0.13495252306205607,-0.13495252306205607,0,1,1,0
550,R0550,INFEASIBLE,PD,0.0,0.9927897701118746,0.0162650173594232,-0.1559843831112031,-86.8178803471178,7.569634488501718,1.0809293833254006,63.01167846027034,6.932347577890219,2,0.0204986214957931,0.1146422993534572,0.3837199920584051,cg_shift,2.0,1.0,0.0,9.93280250864132,10.32199496708225,0.6,0.4,0.389192458440931,0.389192458440931,1,1,1,0
125,R0125,INFEASIBLE,PD,0.0,1.011724838247151,0.0125865230482514,-0.0784624472994512,-83.61293213299403,12.445194737209292,1.4006070274897304,57.2017659052917,9.349584776196616,3,0.0395578114182905,0.0734656478367662,0.3516918369295625,reference,2.0,1.0,0.0,11.709773983945835,11.709773983945835,0.4,0.4,0.0,0.0,0,1,1,0
125,R0125,INFEASIBLE,PD,0.0,1.011724838247151,0.0125865230482514,-0.0784624472994512,-83.61293213299403,12.445194737209292,1.4006070274897304,57.2017659052917,9.349584776196616,3,0.0395578114182905,0.0734656478367662,0.3516918369295625,backlash,5.0,2.0,0.0,9.959830492104066,12.352991351650155,0.6,0.2,2.3931608595460894,2.3931608595460894,1,1,0,1
125,R0125,INFEASIBLE,PD,0.0,1.011724838247151,0.0125865230482514,-0.0784624472994512,-83.61293213299403,12.445194737209292,1.4006070274897304,57.2017659052917,9.349584776196616,3,0.0395578114182905,0.0734656478367662,0.3516918369295625,slew,80.0,1.0,0.0,0.6181312959799112,64.57377258824411,1.0,0.0,63.9556412922642,63.9556412922642,1,1,0,1
125,R0125,INFEASIBLE,PD,0.0,1.011724838247151,0.0125865230482514,-0.0784624472994512,-83.61293213299403,12.445194737209292,1.4006070274897304,57.2017659052917,9.349584776196616,3,0.0395578114182905,0.0734656478367662,0.3516918369295625,latency,2.0,1.0,0.0,11.430372269454253,11.709773983945835,0.4,0.4,0.27940171449158235,0.27940171449158235,1,1,1,0
125,R0125,INFEASIBLE,PD,0.0,1.011724838247151,0.0125865230482514,-0.0784624472994512,-83.61293213299403,12.445194737209292,1.4006070274897304,57.2017659052917,9.349584776196616,3,0.0395578114182905,0.0734656478367662,0.3516918369295625,deadband,2.0,1.0,0.0,11.52124826905502,11.709773983945835,0.4,0.4,0.18852571489081527,0.18852571489081527,1,1,1,0
125,R0125,INFEASIBLE,PD,0.0,1.011724838247151,0.0125865230482514,-0.0784624472994512,-83.61293213299403,12.445194737209292,1.4006070274897304,57.2017659052917,9.349584776196616,3,0.0395578114182905,0.0734656478367662,0.3516918369295625,nonlinear_aero,2.0,1.0,0.0,11.76605953815347,11.709773983945835,0.4,0.4,0.05628555420763526,-0.05628555420763526,0,1,1,0
125,R0125,INFEASIBLE,PD,0.0,1.011724838247151,0.0125865230482514,-0.0784624472994512,-83.61293213299403,12.445194737209292,1.4006070274897304,57.2017659052917,9.349584776196616,3,0.0395578114182905,0.0734656478367662,0.3516918369295625,dyn_aero,2.0,2.0,0.0,12.410318282957869,13.39641096883463,0.2,0.2,0.9860926858767609,0.9860926858767609,1,0,0,0
125,R0125,INFEASIBLE,PD,0.0,1.011724838247151,0.0125865230482514,-0.0784624472994512,-83.61293213299403,12.445194737209292,1.4006070274897304,57.2017659052917,9.349584776196616,3,0.0395578114182905,0.0734656478367662,0.3516918369295625,thrust_curve,2.0,1.0,0.0,12.237461385406121,11.709773983945835,0.8,0.4,0.5276874014602857,-0.5276874014602857,0,1,1,0
125,R0125,INFEASIBLE,PD,0.0,1.011724838247151,0.0125865230482514,-0.0784624472994512,-83.61293213299403,12.445194737209292,1.4006070274897304,57.2017659052917,9.349584776196616,3,0.0395578114182905,0.0734656478367662,0.3516918369295625,cg_shift,40.0,8.0,0.0,14.854292252944692,17.55856387908197,0.2,0.0,2.7042716261372775,2.7042716261372775,1,0,0,0
991,R0991,INFEASIBLE,PD,0.2280749192600598,1.793782111136372,0.0104028311303953,0.0549998271860215,-21.171907081608023,10.215558721949137,2.343076206283276,25.284065658649308,7.738952231411242,1,0.142605308863184,0.0938215288875728,0.3295424804900249,reference,5.0,8.0,0.0,11.049864741570595,11.049864741570595,0.4,0.4,0.0,0.0,0,1,1,0
991,R0991,INFEASIBLE,PD,0.2280749192600598,1.793782111136372,0.0104028311303953,0.0549998271860215,-21.171907081608023,10.215558721949137,2.343076206283276,25.284065658649308,7.738952231411242,1,0.142605308863184,0.0938215288875728,0.3295424804900249,backlash,5.0,1.0,0.0,7.702247337801166,12.994477391670832,0.4,0.4,5.292230053869666,5.292230053869666,1,1,1,0
991,R0991,INFEASIBLE,PD,0.2280749192600598,1.793782111136372,0.0104028311303953,0.0549998271860215,-21.171907081608023,10.215558721949137,2.343076206283276,25.284065658649308,7.738952231411242,1,0.142605308863184,0.0938215288875728,0.3295424804900249,slew,80.0,1.0,0.0,0.5993261055903464,52.8716566606157,1.0,0.0,52.272330555025356,52.272330555025356,1,1,0,1
991,R0991,INFEASIBLE,PD,0.2280749192600598,1.793782111136372,0.0104028311303953,0.0549998271860215,-21.171907081608023,10.215558721949137,2.343076206283276,25.284065658649308,7.738952231411242,1,0.142605308863184,0.0938215288875728,0.3295424804900249,latency,5.0,8.0,0.0,11.049864741570595,11.049864741570595,0.4,0.4,0.0,0.0,0,1,1,0
991,R0991,INFEASIBLE,PD,0.2280749192600598,1.793782111136372,0.0104028311303953,0.0549998271860215,-21.171907081608023,10.215558721949137,2.343076206283276,25.284065658649308,7.738952231411242,1,0.142605308863184,0.0938215288875728,0.3295424804900249,deadband,2.0,1.0,0.0,9.673700226315761,11.525944749361381,0.8,0.4,1.85224452304562,1.85224452304562,1,1,1,0
991,R0991,INFEASIBLE,PD,0.2280749192600598,1.793782111136372,0.0104028311303953,0.0549998271860215,-21.171907081608023,10.215558721949137,2.343076206283276,25.284065658649308,7.738952231411242,1,0.142605308863184,0.0938215288875728,0.3295424804900249,nonlinear_aero,5.0,8.0,0.0,10.962358281246939,11.049864741570595,0.4,0.4,0.08750646032365594,0.08750646032365594,1,1,1,0
991,R0991,INFEASIBLE,PD,0.2280749192600598,1.793782111136372,0.0104028311303953,0.0549998271860215,-21.171907081608023,10.215558721949137,2.343076206283276,25.284065658649308,7.738952231411242,1,0.142605308863184,0.0938215288875728,0.3295424804900249,dyn_aero,2.0,1.0,0.0,10.06908076644538,11.525944749361381,0.8,0.4,1.4568639829160013,1.4568639829160013,1,1,1,0
991,R0991,INFEASIBLE,PD,0.2280749192600598,1.793782111136372,0.0104028311303953,0.0549998271860215,-21.171907081608023,10.215558721949137,2.343076206283276,25.284065658649308,7.738952231411242,1,0.142605308863184,0.0938215288875728,0.3295424804900249,thrust_curve,5.0,2.0,0.0,13.439432173276268,10.461197793970047,0.8,0.6,2.9782343793062207,-2.9782343793062207,0,1,1,0
991,R0991,INFEASIBLE,PD,0.2280749192600598,1.793782111136372,0.0104028311303953,0.0549998271860215,-21.171907081608023,10.215558721949137,2.343076206283276,25.284065658649308,7.738952231411242,1,0.142605308863184,0.0938215288875728,0.3295424804900249,cg_shift,15.0,8.0,0.0,9.301888675810579,9.920585182124992,0.4,0.6,0.6186965063144125,0.6186965063144125,1,1,1,0
828,R0828,INFEASIBLE,PD,1.3838816781671013,1.1879294800776583,0.0150674129191748,0.1309230479550319,-58.38068067534229,5.164647735606053,2.7420253723345533,21.472160703198,9.758980588601284,6,0.0291677523862325,0.1194755266377378,0.4109761962309339,reference,80.0,32.0,0.0,19.964754008912106,19.964754008912106,0.2,0.2,0.0,0.0,0,0,0,0
828,R0828,INFEASIBLE,PD,1.3838816781671013,1.1879294800776583,0.0150674129191748,0.1309230479550319,-58.38068067534229,5.164647735606053,2.7420253723345533,21.472160703198,9.758980588601284,6,0.0291677523862325,0.1194755266377378,0.4109761962309339,backlash,5.0,2.0,0.0,9.419024899998812,20.557218474218786,0.8,0.2,11.138193574219974,11.138193574219974,1,1,0,1
828,R0828,INFEASIBLE,PD,1.3838816781671013,1.1879294800776583,0.0150674129191748,0.1309230479550319,-58.38068067534229,5.164647735606053,2.7420253723345533,21.472160703198,9.758980588601284,6,0.0291677523862325,0.1194755266377378,0.4109761962309339,slew,80.0,1.0,0.0,2.649532526707124,82.33614261863679,1.0,0.0,79.68661009192967,79.68661009192967,1,1,0,1
828,R0828,INFEASIBLE,PD,1.3838816781671013,1.1879294800776583,0.0150674129191748,0.1309230479550319,-58.38068067534229,5.164647735606053,2.7420253723345533,21.472160703198,9.758980588601284,6,0.0291677523862325,0.1194755266377378,0.4109761962309339,latency,40.0,16.0,0.0,19.289667240855984,19.962903615728273,0.2,0.2,0.6732363748722889,0.6732363748722889,1,0,0,0
828,R0828,INFEASIBLE,PD,1.3838816781671013,1.1879294800776583,0.0150674129191748,0.1309230479550319,-58.38068067534229,5.164647735606053,2.7420253723345533,21.472160703198,9.758980588601284,6,0.0291677523862325,0.1194755266377378,0.4109761962309339,deadband,80.0,32.0,0.0,19.935759689805927,19.964754008912106,0.2,0.2,0.02899431910617878,0.02899431910617878,1,0,0,0
828,R0828,INFEASIBLE,PD,1.3838816781671013,1.1879294800776583,0.0150674129191748,0.1309230479550319,-58.38068067534229,5.164647735606053,2.7420253723345533,21.472160703198,9.758980588601284,6,0.0291677523862325,0.1194755266377378,0.4109761962309339,nonlinear_aero,40.0,16.0,0.0,21.113957170502278,19.962903615728273,0.2,0.2,1.1510535547740055,-1.1510535547740055,0,0,0,0
828,R0828,INFEASIBLE,PD,1.3838816781671013,1.1879294800776583,0.0150674129191748,0.1309230479550319,-58.38068067534229,5.164647735606053,2.7420253723345533,21.472160703198,9.758980588601284,6,0.0291677523862325,0.1194755266377378,0.4109761962309339,dyn_aero,40.0,8.0,0.0,10.627562822334758,15.541262458341166,0.8,0.2,4.913699636006408,4.913699636006408,1,1,0,1
828,R0828,INFEASIBLE,PD,1.3838816781671013,1.1879294800776583,0.0150674129191748,0.1309230479550319,-58.38068067534229,5.164647735606053,2.7420253723345533,21.472160703198,9.758980588601284,6,0.0291677523862325,0.1194755266377378,0.4109761962309339,thrust_curve,80.0,8.0,0.0,15.112099112973798,25.22319057941771,0.8,0.2,10.111091466443913,10.111091466443913,1,1,0,1
828,R0828,INFEASIBLE,PD,1.3838816781671013,1.1879294800776583,0.0150674129191748,0.1309230479550319,-58.38068067534229,5.164647735606053,2.7420253723345533,21.472160703198,9.758980588601284,6,0.0291677523862325,0.1194755266377378,0.4109761962309339,cg_shift,40.0,16.0,0.0,21.440281679570123,19.962903615728273,0.2,0.2,1.4773780638418508,-1.4773780638418508,0,0,0,0
405,R0405,INFEASIBLE,PD,1.8584782629787813,1.4484674611864112,0.0173807807820643,0.2463404132970595,-38.97311258705582,11.766676767599243,2.3987523259149395,64.80744001805986,13.094226208564503,5,0.0136895785505929,0.1840646068880781,0.4246451248185087,reference,40.0,32.0,0.0,12.210321875400982,12.210321875400982,0.2,0.2,0.0,0.0,0,0,0,0
405,R0405,INFEASIBLE,PD,1.8584782629787813,1.4484674611864112,0.0173807807820643,0.2463404132970595,-38.97311258705582,11.766676767599243,2.3987523259149395,64.80744001805986,13.094226208564503,5,0.0136895785505929,0.1840646068880781,0.4246451248185087,backlash,15.0,2.0,0.0,10.068650908499398,17.406126918941204,0.4,0.2,7.337476010441806,7.337476010441806,1,1,0,1
405,R0405,INFEASIBLE,PD,1.8584782629787813,1.4484674611864112,0.0173807807820643,0.2463404132970595,-38.97311258705582,11.766676767599243,2.3987523259149395,64.80744001805986,13.094226208564503,5,0.0136895785505929,0.1840646068880781,0.4246451248185087,slew,80.0,1.0,0.0,2.3715828723713814,45.15305206999015,1.0,0.0,42.78146919761877,42.78146919761877,1,1,0,1
405,R0405,INFEASIBLE,PD,1.8584782629787813,1.4484674611864112,0.0173807807820643,0.2463404132970595,-38.97311258705582,11.766676767599243,2.3987523259149395,64.80744001805986,13.094226208564503,5,0.0136895785505929,0.1840646068880781,0.4246451248185087,latency,15.0,8.0,0.0,11.529844535726426,11.888956737515933,0.4,0.0,0.3591122017895074,0.3591122017895074,1,1,0,1
405,R0405,INFEASIBLE,PD,1.8584782629787813,1.4484674611864112,0.0173807807820643,0.2463404132970595,-38.97311258705582,11.766676767599243,2.3987523259149395,64.80744001805986,13.094226208564503,5,0.0136895785505929,0.1840646068880781,0.4246451248185087,deadband,40.0,32.0,0.0,12.237908845331631,12.210321875400982,0.2,0.2,0.02758696993064902,-0.02758696993064902,0,0,0,0
405,R0405,INFEASIBLE,PD,1.8584782629787813,1.4484674611864112,0.0173807807820643,0.2463404132970595,-38.97311258705582,11.766676767599243,2.3987523259149395,64.80744001805986,13.094226208564503,5,0.0136895785505929,0.1840646068880781,0.4246451248185087,nonlinear_aero,2.0,1.0,0.0,12.730849350207494,12.917773360434651,0.2,0.2,0.1869240102271572,0.1869240102271572,1,0,0,0
405,R0405,INFEASIBLE,PD,1.8584782629787813,1.4484674611864112,0.0173807807820643,0.2463404132970595,-38.97311258705582,11.766676767599243,2.3987523259149395,64.80744001805986,13.094226208564503,5,0.0136895785505929,0.1840646068880781,0.4246451248185087,dyn_aero,15.0,8.0,0.0,9.864536349394564,11.888956737515933,0.8,0.0,2.024420388121369,2.024420388121369,1,1,0,1
405,R0405,INFEASIBLE,PD,1.8584782629787813,1.4484674611864112,0.0173807807820643,0.2463404132970595,-38.97311258705582,11.766676767599243,2.3987523259149395,64.80744001805986,13.094226208564503,5,0.0136895785505929,0.1840646068880781,0.4246451248185087,thrust_curve,5.0,1.0,0.0,11.50908870280205,12.907741758569188,0.8,0.6,1.398653055767138,1.398653055767138,1,1,1,0
405,R0405,INFEASIBLE,PD,1.8584782629787813,1.4484674611864112,0.0173807807820643,0.2463404132970595,-38.97311258705582,11.766676767599243,2.3987523259149395,64.80744001805986,13.094226208564503,5,0.0136895785505929,0.1840646068880781,0.4246451248185087,cg_shift,15.0,8.0,0.0,10.391915914397574,11.888956737515933,0.6,0.0,1.4970408231183594,1.4970408231183594,1,1,0,1
759,R0759,INFEASIBLE,PD,1.468023781014578,1.1179048956829778,0.0117237357226526,0.1470903986745203,-56.66853528374535,13.542155617121493,2.897912768303803,80.27329017446505,13.82175184894832,4,0.030326402991605,0.223660676184055,0.4068091944970474,reference,40.0,32.0,0.0,15.632665492149789,15.632665492149789,0.2,0.2,0.0,0.0,0,0,0,0
759,R0759,INFEASIBLE,PD,1.468023781014578,1.1179048956829778,0.0117237357226526,0.1470903986745203,-56.66853528374535,13.542155617121493,2.897912768303803,80.27329017446505,13.82175184894832,4,0.030326402991605,0.223660676184055,0.4068091944970474,backlash,5.0,1.0,0.0,8.803507653378592,24.689364021827846,0.8,0.0,15.885856368449254,15.885856368449254,1,1,0,1
759,R0759,INFEASIBLE,PD,1.468023781014578,1.1179048956829778,0.0117237357226526,0.1470903986745203,-56.66853528374535,13.542155617121493,2.897912768303803,80.27329017446505,13.82175184894832,4,0.030326402991605,0.223660676184055,0.4068091944970474,slew,40.0,1.0,0.0,3.883814142996164,83.15357990239987,0.8,0.0,79.26976575940371,79.26976575940371,1,1,0,1
759,R0759,INFEASIBLE,PD,1.468023781014578,1.1179048956829778,0.0117237357226526,0.1470903986745203,-56.66853528374535,13.542155617121493,2.897912768303803,80.27329017446505,13.82175184894832,4,0.030326402991605,0.223660676184055,0.4068091944970474,latency,40.0,16.0,0.0,16.933994168510317,17.12080906129352,0.2,0.0,0.18681489278320385,0.18681489278320385,1,0,0,0
759,R0759,INFEASIBLE,PD,1.468023781014578,1.1179048956829778,0.0117237357226526,0.1470903986745203,-56.66853528374535,13.542155617121493,2.897912768303803,80.27329017446505,13.82175184894832,4,0.030326402991605,0.223660676184055,0.4068091944970474,deadband,5.0,8.0,0.0,16.228416349209546,17.737286856035578,0.6,0.2,1.5088705068260317,1.5088705068260317,1,1,0,1
759,R0759,INFEASIBLE,PD,1.468023781014578,1.1179048956829778,0.0117237357226526,0.1470903986745203,-56.66853528374535,13.542155617121493,2.897912768303803,80.27329017446505,13.82175184894832,4,0.030326402991605,0.223660676184055,0.4068091944970474,nonlinear_aero,40.0,32.0,0.0,15.913858002689977,15.632665492149789,0.4,0.2,0.2811925105401887,-0.2811925105401887,0,1,0,1
759,R0759,INFEASIBLE,PD,1.468023781014578,1.1179048956829778,0.0117237357226526,0.1470903986745203,-56.66853528374535,13.542155617121493,2.897912768303803,80.27329017446505,13.82175184894832,4,0.030326402991605,0.223660676184055,0.4068091944970474,dyn_aero,80.0,32.0,0.0,8.794725627904208,17.321608163868383,0.8,0.2,8.526882535964175,8.526882535964175,1,1,0,1
759,R0759,INFEASIBLE,PD,1.468023781014578,1.1179048956829778,0.0117237357226526,0.1470903986745203,-56.66853528374535,13.542155617121493,2.897912768303803,80.27329017446505,13.82175184894832,4,0.030326402991605,0.223660676184055,0.4068091944970474,thrust_curve,80.0,32.0,0.0,17.6348464263664,17.321608163868383,0.4,0.2,0.3132382624980181,-0.3132382624980181,0,1,0,1
759,R0759,INFEASIBLE,PD,1.468023781014578,1.1179048956829778,0.0117237357226526,0.1470903986745203,-56.66853528374535,13.542155617121493,2.897912768303803,80.27329017446505,13.82175184894832,4,0.030326402991605,0.223660676184055,0.4068091944970474,cg_shift,5.0,2.0,0.0,17.503532918045988,17.25713686927157,0.2,0.6,0.24639604877441812,-0.24639604877441812,0,0,1,1
556,R0556,INFEASIBLE,PD,2.416379510337889,1.5189015549280551,0.0116633465069055,0.2648151911757293,-38.06970851690591,5.179582313414302,1.5646365422449289,33.45712434100129,12.07902420390641,5,0.1042495335112242,0.1375714442943648,0.4198376368547336,reference,5.0,1.0,0.0,14.743846908571133,14.743846908571133,0.4,0.4,0.0,0.0,0,1,1,0
556,R0556,INFEASIBLE,PD,2.416379510337889,1.5189015549280551,0.0116633465069055,0.2648151911757293,-38.06970851690591,5.179582313414302,1.5646365422449289,33.45712434100129,12.07902420390641,5,0.1042495335112242,0.1375714442943648,0.4198376368547336,backlash,2.0,1.0,0.0,10.821810138564766,20.85363052658518,0.8,0.0,10.031820388020416,10.031820388020416,1,1,0,1
556,R0556,INFEASIBLE,PD,2.416379510337889,1.5189015549280551,0.0116633465069055,0.2648151911757293,-38.06970851690591,5.179582313414302,1.5646365422449289,33.45712434100129,12.07902420390641,5,0.1042495335112242,0.1375714442943648,0.4198376368547336,slew,40.0,1.0,0.0,2.84598300435698,67.00235545646943,1.0,0.0,64.15637245211245,64.15637245211245,1,1,0,1
556,R0556,INFEASIBLE,PD,2.416379510337889,1.5189015549280551,0.0116633465069055,0.2648151911757293,-38.06970851690591,5.179582313414302,1.5646365422449289,33.45712434100129,12.07902420390641,5,0.1042495335112242,0.1375714442943648,0.4198376368547336,latency,40.0,8.0,0.0,14.907570158784505,14.90038677873361,0.4,0.4,0.007183380050895138,-0.007183380050895138,0,1,1,0
556,R0556,INFEASIBLE,PD,2.416379510337889,1.5189015549280551,0.0116633465069055,0.2648151911757293,-38.06970851690591,5.179582313414302,1.5646365422449289,33.45712434100129,12.07902420390641,5,0.1042495335112242,0.1375714442943648,0.4198376368547336,deadband,5.0,1.0,0.0,14.666924892698557,14.743846908571133,0.6,0.4,0.07692201587257586,0.07692201587257586,1,1,1,0
556,R0556,INFEASIBLE,PD,2.416379510337889,1.5189015549280551,0.0116633465069055,0.2648151911757293,-38.06970851690591,5.179582313414302,1.5646365422449289,33.45712434100129,12.07902420390641,5,0.1042495335112242,0.1375714442943648,0.4198376368547336,nonlinear_aero,5.0,1.0,0.0,14.686044451200889,14.743846908571133,0.6,0.4,0.05780245737024359,0.05780245737024359,1,1,1,0
556,R0556,INFEASIBLE,PD,2.416379510337889,1.5189015549280551,0.0116633465069055,0.2648151911757293,-38.06970851690591,5.179582313414302,1.5646365422449289,33.45712434100129,12.07902420390641,5,0.1042495335112242,0.1375714442943648,0.4198376368547336,dyn_aero,5.0,1.0,0.0,14.405002120595848,14.743846908571133,0.4,0.4,0.33884478797528494,0.33884478797528494,1,1,1,0
556,R0556,INFEASIBLE,PD,2.416379510337889,1.5189015549280551,0.0116633465069055,0.2648151911757293,-38.06970851690591,5.179582313414302,1.5646365422449289,33.45712434100129,12.07902420390641,5,0.1042495335112242,0.1375714442943648,0.4198376368547336,thrust_curve,15.0,2.0,0.0,14.51085103759834,18.858552125303326,0.4,0.2,4.347701087704987,4.347701087704987,1,1,0,1
556,R0556,INFEASIBLE,PD,2.416379510337889,1.5189015549280551,0.0116633465069055,0.2648151911757293,-38.06970851690591,5.179582313414302,1.5646365422449289,33.45712434100129,12.07902420390641,5,0.1042495335112242,0.1375714442943648,0.4198376368547336,cg_shift,5.0,1.0,0.0,14.88570543149575,14.743846908571133,0.6,0.4,0.1418585229246183,-0.1418585229246183,0,1,1,0
1094,R1094,INFEASIBLE,PD,0.5596865657718048,1.7322677324438454,0.0100879889876423,0.0610778708965241,-42.00178001361594,6.669987325505701,1.888479483476299,40.77902856811632,9.309165047814483,5,0.1014976131759628,0.0373314631574187,0.3244523571195195,reference,5.0,1.0,0.0,10.738409176577761,10.738409176577761,0.2,0.2,0.0,0.0,0,0,0,0
1094,R1094,INFEASIBLE,PD,0.5596865657718048,1.7322677324438454,0.0100879889876423,0.0610778708965241,-42.00178001361594,6.669987325505701,1.888479483476299,40.77902856811632,9.309165047814483,5,0.1014976131759628,0.0373314631574187,0.3244523571195195,backlash,2.0,1.0,0.0,6.885640340875644,9.069182012867255,1.0,0.6,2.1835416719916116,2.1835416719916116,1,1,1,0
1094,R1094,INFEASIBLE,PD,0.5596865657718048,1.7322677324438454,0.0100879889876423,0.0610778708965241,-42.00178001361594,6.669987325505701,1.888479483476299,40.77902856811632,9.309165047814483,5,0.1014976131759628,0.0373314631574187,0.3244523571195195,slew,80.0,2.0,0.0,3.2861791545104686,43.65533622590181,1.0,0.0,40.36915707139134,40.36915707139134,1,1,0,1
1094,R1094,INFEASIBLE,PD,0.5596865657718048,1.7322677324438454,0.0100879889876423,0.0610778708965241,-42.00178001361594,6.669987325505701,1.888479483476299,40.77902856811632,9.309165047814483,5,0.1014976131759628,0.0373314631574187,0.3244523571195195,latency,80.0,16.0,0.0,10.666821268242018,10.463586061559399,0.2,0.2,0.20323520668261885,-0.20323520668261885,0,0,0,0
1094,R1094,INFEASIBLE,PD,0.5596865657718048,1.7322677324438454,0.0100879889876423,0.0610778708965241,-42.00178001361594,6.669987325505701,1.888479483476299,40.77902856811632,9.309165047814483,5,0.1014976131759628,0.0373314631574187,0.3244523571195195,deadband,80.0,16.0,0.0,10.9787963860615,10.463586061559399,0.4,0.2,0.5152103245021014,-0.5152103245021014,0,1,0,1
1094,R1094,INFEASIBLE,PD,0.5596865657718048,1.7322677324438454,0.0100879889876423,0.0610778708965241,-42.00178001361594,6.669987325505701,1.888479483476299,40.77902856811632,9.309165047814483,5,0.1014976131759628,0.0373314631574187,0.3244523571195195,nonlinear_aero,5.0,1.0,0.0,10.598433807688735,10.738409176577761,0.2,0.2,0.13997536888902573,0.13997536888902573,1,0,0,0
1094,R1094,INFEASIBLE,PD,0.5596865657718048,1.7322677324438454,0.0100879889876423,0.0610778708965241,-42.00178001361594,6.669987325505701,1.888479483476299,40.77902856811632,9.309165047814483,5,0.1014976131759628,0.0373314631574187,0.3244523571195195,dyn_aero,2.0,1.0,0.0,8.080881127362725,9.069182012867255,0.8,0.6,0.9883008855045308,0.9883008855045308,1,1,1,0
1094,R1094,INFEASIBLE,PD,0.5596865657718048,1.7322677324438454,0.0100879889876423,0.0610778708965241,-42.00178001361594,6.669987325505701,1.888479483476299,40.77902856811632,9.309165047814483,5,0.1014976131759628,0.0373314631574187,0.3244523571195195,thrust_curve,2.0,1.0,0.0,10.86776324018668,9.069182012867255,0.6,0.6,1.7985812273194242,-1.7985812273194242,0,1,1,0
1094,R1094,INFEASIBLE,PD,0.5596865657718048,1.7322677324438454,0.0100879889876423,0.0610778708965241,-42.00178001361594,6.669987325505701,1.888479483476299,40.77902856811632,9.309165047814483,5,0.1014976131759628,0.0373314631574187,0.3244523571195195,cg_shift,2.0,1.0,0.0,7.833142925855927,9.069182012867255,0.8,0.6,1.2360390870113287,1.2360390870113287,1,1,1,0
1162,R1162,INFEASIBLE,PD,4.241969886106147,1.3997358106727562,0.0179733815085601,0.2479973148728512,-84.72538902132189,13.566033700644423,2.205386964450416,85.19614436287465,10.01376373919749,2,0.0426949722974425,0.1023994575889677,0.4420411766627122,reference,2.0,1.0,0.0,8.840323068744969,8.840323068744969,0.6,0.6,0.0,0.0,0,1,1,0
1162,R1162,INFEASIBLE,PD,4.241969886106147,1.3997358106727562,0.0179733815085601,0.2479973148728512,-84.72538902132189,13.566033700644423,2.205386964450416,85.19614436287465,10.01376373919749,2,0.0426949722974425,0.1023994575889677,0.4420411766627122,backlash,5.0,1.0,0.0,6.4039890253630585,11.225546358259653,0.8,0.2,4.821557332896594,4.821557332896594,1,1,0,1
1162,R1162,INFEASIBLE,PD,4.241969886106147,1.3997358106727562,0.0179733815085601,0.2479973148728512,-84.72538902132189,13.566033700644423,2.205386964450416,85.19614436287465,10.01376373919749,2,0.0426949722974425,0.1023994575889677,0.4420411766627122,slew,80.0,1.0,0.0,0.3993033973014372,70.53119629407718,1.0,0.0,70.13189289677574,70.13189289677574,1,1,0,1
1162,R1162,INFEASIBLE,PD,4.241969886106147,1.3997358106727562,0.0179733815085601,0.2479973148728512,-84.72538902132189,13.566033700644423,2.205386964450416,85.19614436287465,10.01376373919749,2,0.0426949722974425,0.1023994575889677,0.4420411766627122,latency,80.0,16.0,0.0,10.342342760772205,10.599197628901143,0.4,0.4,0.2568548681289382,0.2568548681289382,1,1,1,0
1162,R1162,INFEASIBLE,PD,4.241969886106147,1.3997358106727562,0.0179733815085601,0.2479973148728512,-84.72538902132189,13.566033700644423,2.205386964450416,85.19614436287465,10.01376373919749,2,0.0426949722974425,0.1023994575889677,0.4420411766627122,deadband,80.0,16.0,0.0,10.806004571347525,10.599197628901143,0.4,0.4,0.20680694244638254,-0.20680694244638254,0,1,1,0
1162,R1162,INFEASIBLE,PD,4.241969886106147,1.3997358106727562,0.0179733815085601,0.2479973148728512,-84.72538902132189,13.566033700644423,2.205386964450416,85.19614436287465,10.01376373919749,2,0.0426949722974425,0.1023994575889677,0.4420411766627122,nonlinear_aero,2.0,1.0,0.0,8.346111516515212,8.840323068744969,0.6,0.6,0.494211552229757,0.494211552229757,1,1,1,0
1162,R1162,INFEASIBLE,PD,4.241969886106147,1.3997358106727562,0.0179733815085601,0.2479973148728512,-84.72538902132189,13.566033700644423,2.205386964450416,85.19614436287465,10.01376373919749,2,0.0426949722974425,0.1023994575889677,0.4420411766627122,dyn_aero,2.0,1.0,0.0,7.219172986269466,8.840323068744969,1.0,0.6,1.621150082475503,1.621150082475503,1,1,1,0
1162,R1162,INFEASIBLE,PD,4.241969886106147,1.3997358106727562,0.0179733815085601,0.2479973148728512,-84.72538902132189,13.566033700644423,2.205386964450416,85.19614436287465,10.01376373919749,2,0.0426949722974425,0.1023994575889677,0.4420411766627122,thrust_curve,15.0,8.0,0.0,7.758705676843512,10.538628866483512,0.8,0.4,2.77992318964,2.77992318964,1,1,1,0
1162,R1162,INFEASIBLE,PD,4.241969886106147,1.3997358106727562,0.0179733815085601,0.2479973148728512,-84.72538902132189,13.566033700644423,2.205386964450416,85.19614436287465,10.01376373919749,2,0.0426949722974425,0.1023994575889677,0.4420411766627122,cg_shift,80.0,16.0,0.0,9.693209649119805,10.599197628901143,0.4,0.4,0.9059879797813384,0.9059879797813384,1,1,1,0
621,R0621,INFEASIBLE,PD,4.237475811675251,1.1900920697034416,0.0123092210352854,0.2703646289089583,-82.6137199648947,10.647641357999092,2.497402279486584,40.17479528591121,5.031411189401034,3,0.0452977608608155,0.2390929708580796,0.3429852313343741,reference,5.0,2.0,0.0,14.052146629782175,14.052146629782175,0.4,0.4,0.0,0.0,0,1,1,0
621,R0621,INFEASIBLE,PD,4.237475811675251,1.1900920697034416,0.0123092210352854,0.2703646289089583,-82.6137199648947,10.647641357999092,2.497402279486584,40.17479528591121,5.031411189401034,3,0.0452977608608155,0.2390929708580796,0.3429852313343741,backlash,15.0,8.0,0.0,7.784958329124526,15.25752884176966,0.8,0.0,7.4725705126451345,7.4725705126451345,1,1,0,1
621,R0621,INFEASIBLE,PD,4.237475811675251,1.1900920697034416,0.0123092210352854,0.2703646289089583,-82.6137199648947,10.647641357999092,2.497402279486584,40.17479528591121,5.031411189401034,3,0.0452977608608155,0.2390929708580796,0.3429852313343741,slew,80.0,1.0,0.0,1.4107536511706715,155.80292550211965,1.0,0.0,154.39217185094898,154.39217185094898,1,1,0,1
621,R0621,INFEASIBLE,PD,4.237475811675251,1.1900920697034416,0.0123092210352854,0.2703646289089583,-82.6137199648947,10.647641357999092,2.497402279486584,40.17479528591121,5.031411189401034,3,0.0452977608608155,0.2390929708580796,0.3429852313343741,latency,5.0,2.0,0.0,14.368419916903672,14.052146629782175,0.2,0.4,0.31627328712149705,-0.31627328712149705,0,0,1,1
621,R0621,INFEASIBLE,PD,4.237475811675251,1.1900920697034416,0.0123092210352854,0.2703646289089583,-82.6137199648947,10.647641357999092,2.497402279486584,40.17479528591121,5.031411189401034,3,0.0452977608608155,0.2390929708580796,0.3429852313343741,deadband,40.0,32.0,0.0,16.023084339563223,17.451378135286898,0.2,0.0,1.4282937957236754,1.4282937957236754,1,0,0,0
621,R0621,INFEASIBLE,PD,4.237475811675251,1.1900920697034416,0.0123092210352854,0.2703646289089583,-82.6137199648947,10.647641357999092,2.497402279486584,40.17479528591121,5.031411189401034,3,0.0452977608608155,0.2390929708580796,0.3429852313343741,nonlinear_aero,5.0,2.0,0.0,14.671581656712851,14.052146629782175,0.2,0.4,0.6194350269306756,-0.6194350269306756,0,0,1,1
621,R0621,INFEASIBLE,PD,4.237475811675251,1.1900920697034416,0.0123092210352854,0.2703646289089583,-82.6137199648947,10.647641357999092,2.497402279486584,40.17479528591121,5.031411189401034,3,0.0452977608608155,0.2390929708580796,0.3429852313343741,dyn_aero,15.0,8.0,0.0,9.966729606286577,15.25752884176966,0.4,0.0,5.2907992354830835,5.2907992354830835,1,1,0,1
621,R0621,INFEASIBLE,PD,4.237475811675251,1.1900920697034416,0.0123092210352854,0.2703646289089583,-82.6137199648947,10.647641357999092,2.497402279486584,40.17479528591121,5.031411189401034,3,0.0452977608608155,0.2390929708580796,0.3429852313343741,thrust_curve,40.0,32.0,0.0,13.284174816503969,17.451378135286898,0.4,0.0,4.16720331878293,4.16720331878293,1,1,0,1
621,R0621,INFEASIBLE,PD,4.237475811675251,1.1900920697034416,0.0123092210352854,0.2703646289089583,-82.6137199648947,10.647641357999092,2.497402279486584,40.17479528591121,5.031411189401034,3,0.0452977608608155,0.2390929708580796,0.3429852313343741,cg_shift,15.0,8.0,0.0,16.78170219198467,15.25752884176966,0.2,0.0,1.52417335021501,-1.52417335021501,0,0,0,0
530,R0530,INFEASIBLE,PD,4.690005763326863,1.2820868209049645,0.016248840958279,0.2836217942896997,-74.70376752731842,11.455346986974458,1.8344941144625968,89.44718745703713,11.771809483766155,3,0.007549078733782,0.0822665434051848,0.3939425376440141,reference,5.0,1.0,0.0,10.255783956091681,10.255783956091681,0.2,0.2,0.0,0.0,0,0,0,0
530,R0530,INFEASIBLE,PD,4.690005763326863,1.2820868209049645,0.016248840958279,0.2836217942896997,-74.70376752731842,11.455346986974458,1.8344941144625968,89.44718745703713,11.771809483766155,3,0.007549078733782,0.0822665434051848,0.3939425376440141,backlash,40.0,2.0,0.0,14.460691208457709,21.480219746077594,0.4,0.0,7.019528537619886,7.019528537619886,1,1,0,1
530,R0530,INFEASIBLE,PD,4.690005763326863,1.2820868209049645,0.016248840958279,0.2836217942896997,-74.70376752731842,11.455346986974458,1.8344941144625968,89.44718745703713,11.771809483766155,3,0.007549078733782,0.0822665434051848,0.3939425376440141,slew,80.0,1.0,0.0,0.7103649901106696,63.446147084710034,1.0,0.0,62.735782094599365,62.735782094599365,1,1,0,1
530,R0530,INFEASIBLE,PD,4.690005763326863,1.2820868209049645,0.016248840958279,0.2836217942896997,-74.70376752731842,11.455346986974458,1.8344941144625968,89.44718745703713,11.771809483766155,3,0.007549078733782,0.0822665434051848,0.3939425376440141,latency,2.0,1.0,0.0,8.92688425021969,8.743902004563958,0.6,0.4,0.1829822456557313,-0.1829822456557313,0,1,1,0
530,R0530,INFEASIBLE,PD,4.690005763326863,1.2820868209049645,0.016248840958279,0.2836217942896997,-74.70376752731842,11.455346986974458,1.8344941144625968,89.44718745703713,11.771809483766155,3,0.007549078733782,0.0822665434051848,0.3939425376440141,deadband,5.0,1.0,0.0,10.002675571559498,10.255783956091681,0.2,0.2,0.2531083845321831,0.2531083845321831,1,0,0,0
530,R0530,INFEASIBLE,PD,4.690005763326863,1.2820868209049645,0.016248840958279,0.2836217942896997,-74.70376752731842,11.455346986974458,1.8344941144625968,89.44718745703713,11.771809483766155,3,0.007549078733782,0.0822665434051848,0.3939425376440141,nonlinear_aero,5.0,1.0,0.0,10.479438473048655,10.255783956091681,0.2,0.2,0.22365451695697303,-0.22365451695697303,0,0,0,0
530,R0530,INFEASIBLE,PD,4.690005763326863,1.2820868209049645,0.016248840958279,0.2836217942896997,-74.70376752731842,11.455346986974458,1.8344941144625968,89.44718745703713,11.771809483766155,3,0.007549078733782,0.0822665434051848,0.3939425376440141,dyn_aero,5.0,1.0,0.0,9.233084548155464,10.255783956091681,0.2,0.2,1.0226994079362175,1.0226994079362175,1,0,0,0
530,R0530,INFEASIBLE,PD,4.690005763326863,1.2820868209049645,0.016248840958279,0.2836217942896997,-74.70376752731842,11.455346986974458,1.8344941144625968,89.44718745703713,11.771809483766155,3,0.007549078733782,0.0822665434051848,0.3939425376440141,thrust_curve,2.0,1.0,0.0,9.861985544445435,8.743902004563958,0.6,0.4,1.1180835398814768,-1.1180835398814768,0,1,1,0
530,R0530,INFEASIBLE,PD,4.690005763326863,1.2820868209049645,0.016248840958279,0.2836217942896997,-74.70376752731842,11.455346986974458,1.8344941144625968,89.44718745703713,11.771809483766155,3,0.007549078733782,0.0822665434051848,0.3939425376440141,cg_shift,40.0,8.0,0.0,8.940366425407555,10.531897344407174,0.4,0.2,1.5915309189996183,1.5915309189996183,1,1,0,1
571,R0571,INFEASIBLE,PD,1.7794233974055285,0.9310452658020352,0.0160014946340527,0.2035442457792816,-49.46850676383753,9.820300992666732,2.878163971220297,65.3774512138593,10.45371995687644,3,0.0178879704584025,0.1645025209606873,0.391517286538118,reference,5.0,2.0,0.0,15.294434817701339,15.294434817701339,0.4,0.4,0.0,0.0,0,1,1,0
571,R0571,INFEASIBLE,PD,1.7794233974055285,0.9310452658020352,0.0160014946340527,0.2035442457792816,-49.46850676383753,9.820300992666732,2.878163971220297,65.3774512138593,10.45371995687644,3,0.0178879704584025,0.1645025209606873,0.391517286538118,backlash,2.0,1.0,0.0,7.862160543870225,15.514283052179902,0.8,0.0,7.652122508309677,7.652122508309677,1,1,0,1
571,R0571,INFEASIBLE,PD,1.7794233974055285,0.9310452658020352,0.0160014946340527,0.2035442457792816,-49.46850676383753,9.820300992666732,2.878163971220297,65.3774512138593,10.45371995687644,3,0.0178879704584025,0.1645025209606873,0.391517286538118,slew,80.0,1.0,0.0,1.4951996779753807,108.19314023474234,1.0,0.0,106.69794055676697,106.69794055676697,1,1,0,1
571,R0571,INFEASIBLE,PD,1.7794233974055285,0.9310452658020352,0.0160014946340527,0.2035442457792816,-49.46850676383753,9.820300992666732,2.878163971220297,65.3774512138593,10.45371995687644,3,0.0178879704584025,0.1645025209606873,0.391517286538118,latency,2.0,1.0,0.0,13.142548399650233,15.514283052179902,0.2,0.0,2.3717346525296694,2.3717346525296694,1,0,0,0
571,R0571,INFEASIBLE,PD,1.7794233974055285,0.9310452658020352,0.0160014946340527,0.2035442457792816,-49.46850676383753,9.820300992666732,2.878163971220297,65.3774512138593,10.45371995687644,3,0.0178879704584025,0.1645025209606873,0.391517286538118,deadband,2.0,1.0,0.0,14.881195548811823,15.514283052179902,0.2,0.0,0.6330875033680794,0.6330875033680794,1,0,0,0
571,R0571,INFEASIBLE,PD,1.7794233974055285,0.9310452658020352,0.0160014946340527,0.2035442457792816,-49.46850676383753,9.820300992666732,2.878163971220297,65.3774512138593,10.45371995687644,3,0.0178879704584025,0.1645025209606873,0.391517286538118,nonlinear_aero,5.0,2.0,0.0,16.251382104173672,15.294434817701339,0.4,0.4,0.9569472864723334,-0.9569472864723334,0,1,1,0
571,R0571,INFEASIBLE,PD,1.7794233974055285,0.9310452658020352,0.0160014946340527,0.2035442457792816,-49.46850676383753,9.820300992666732,2.878163971220297,65.3774512138593,10.45371995687644,3,0.0178879704584025,0.1645025209606873,0.391517286538118,dyn_aero,40.0,16.0,0.0,6.90407610432411,17.376101722449043,1.0,0.4,10.472025618124933,10.472025618124933,1,1,1,0
571,R0571,INFEASIBLE,PD,1.7794233974055285,0.9310452658020352,0.0160014946340527,0.2035442457792816,-49.46850676383753,9.820300992666732,2.878163971220297,65.3774512138593,10.45371995687644,3,0.0178879704584025,0.1645025209606873,0.391517286538118,thrust_curve,5.0,1.0,0.0,13.382436332286423,19.645849073096247,0.4,0.0,6.263412740809825,6.263412740809825,1,1,0,1
571,R0571,INFEASIBLE,PD,1.7794233974055285,0.9310452658020352,0.0160014946340527,0.2035442457792816,-49.46850676383753,9.820300992666732,2.878163971220297,65.3774512138593,10.45371995687644,3,0.0178879704584025,0.1645025209606873,0.391517286538118,cg_shift,80.0,32.0,0.0,17.956421062083997,16.694885830003336,0.4,0.2,1.2615352320806608,-1.2615352320806608,0,1,0,1
724,R0724,INFEASIBLE,PD,1.168239019381777,0.962564011097626,0.0163197648810473,0.2756706767085471,-20.929347882643327,12.082941558231402,2.192441367914076,60.346821043933794,9.295808055831657,3,0.1166514530504753,0.0943510145087901,0.3762864979192942,reference,2.0,2.0,0.0,12.291396288599836,12.291396288599836,0.4,0.4,0.0,0.0,0,1,1,0
724,R0724,INFEASIBLE,PD,1.168239019381777,0.962564011097626,0.0163197648810473,0.2756706767085471,-20.929347882643327,12.082941558231402,2.192441367914076,60.346821043933794,9.295808055831657,3,0.1166514530504753,0.0943510145087901,0.3762864979192942,backlash,5.0,1.0,0.0,9.67497469315999,15.261182598808446,0.4,0.0,5.586207905648456,5.586207905648456,1,1,0,1
724,R0724,INFEASIBLE,PD,1.168239019381777,0.962564011097626,0.0163197648810473,0.2756706767085471,-20.929347882643327,12.082941558231402,2.192441367914076,60.346821043933794,9.295808055831657,3,0.1166514530504753,0.0943510145087901,0.3762864979192942,slew,80.0,1.0,0.0,0.751801643440374,77.1582334007816,1.0,0.0,76.40643175734122,76.40643175734122,1,1,0,1
724,R0724,INFEASIBLE,PD,1.168239019381777,0.962564011097626,0.0163197648810473,0.2756706767085471,-20.929347882643327,12.082941558231402,2.192441367914076,60.346821043933794,9.295808055831657,3,0.1166514530504753,0.0943510145087901,0.3762864979192942,latency,2.0,2.0,0.0,12.141000369055474,12.291396288599836,0.4,0.4,0.15039591954436204,0.15039591954436204,1,1,1,0
724,R0724,INFEASIBLE,PD,1.168239019381777,0.962564011097626,0.0163197648810473,0.2756706767085471,-20.929347882643327,12.082941558231402,2.192441367914076,60.346821043933794,9.295808055831657,3,0.1166514530504753,0.0943510145087901,0.3762864979192942,deadband,2.0,1.0,0.0,11.480029946010088,10.13710658216084,0.6,0.4,1.3429233638492484,-1.3429233638492484,0,1,1,0
724,R0724,INFEASIBLE,PD,1.168239019381777,0.962564011097626,0.0163197648810473,0.2756706767085471,-20.929347882643327,12.082941558231402,2.192441367914076,60.346821043933794,9.295808055831657,3,0.1166514530504753,0.0943510145087901,0.3762864979192942,nonlinear_aero,2.0,2.0,0.0,12.588376912167117,12.291396288599836,0.4,0.4,0.29698062356728094,-0.29698062356728094,0,1,1,0
724,R0724,INFEASIBLE,PD,1.168239019381777,0.962564011097626,0.0163197648810473,0.2756706767085471,-20.929347882643327,12.082941558231402,2.192441367914076,60.346821043933794,9.295808055831657,3,0.1166514530504753,0.0943510145087901,0.3762864979192942,dyn_aero,2.0,1.0,0.0,8.310176069806895,10.13710658216084,0.8,0.4,1.826930512353945,1.826930512353945,1,1,1,0
724,R0724,INFEASIBLE,PD,1.168239019381777,0.962564011097626,0.0163197648810473,0.2756706767085471,-20.929347882643327,12.082941558231402,2.192441367914076,60.346821043933794,9.295808055831657,3,0.1166514530504753,0.0943510145087901,0.3762864979192942,thrust_curve,15.0,8.0,0.0,11.604351820137344,13.209196746624027,0.8,0.0,1.6048449264866829,1.6048449264866829,1,1,0,1
724,R0724,INFEASIBLE,PD,1.168239019381777,0.962564011097626,0.0163197648810473,0.2756706767085471,-20.929347882643327,12.082941558231402,2.192441367914076,60.346821043933794,9.295808055831657,3,0.1166514530504753,0.0943510145087901,0.3762864979192942,cg_shift,15.0,1.0,0.0,18.912590213017246,16.9566312101711,0.4,0.4,1.9559590028461464,-1.9559590028461464,0,1,1,0
924,R0924,INFEASIBLE,PD,0.5084635279337453,0.941539514526008,0.0103355543576921,0.0736682805868766,-36.544910459082175,12.868482582920278,2.5199627637582025,41.270110643846586,7.466543139305822,1,0.0598815842309492,0.120322870521789,0.2002037457402232,reference,2.0,1.0,0.0,11.920454923153002,11.920454923153002,0.2,0.2,0.0,0.0,0,0,0,0
924,R0924,INFEASIBLE,PD,0.5084635279337453,0.941539514526008,0.0103355543576921,0.0736682805868766,-36.544910459082175,12.868482582920278,2.5199627637582025,41.270110643846586,7.466543139305822,1,0.0598815842309492,0.120322870521789,0.2002037457402232,backlash,40.0,2.0,0.0,16.247274276194858,38.445395293261825,0.4,0.0,22.198121017066967,22.198121017066967,1,1,0,1
924,R0924,INFEASIBLE,PD,0.5084635279337453,0.941539514526008,0.0103355543576921,0.0736682805868766,-36.544910459082175,12.868482582920278,2.5199627637582025,41.270110643846586,7.466543139305822,1,0.0598815842309492,0.120322870521789,0.2002037457402232,slew,80.0,1.0,0.0,0.6091184468560819,109.76385145561089,1.0,0.0,109.1547330087548,109.1547330087548,1,1,0,1
924,R0924,INFEASIBLE,PD,0.5084635279337453,0.941539514526008,0.0103355543576921,0.0736682805868766,-36.544910459082175,12.868482582920278,2.5199627637582025,41.270110643846586,7.466543139305822,1,0.0598815842309492,0.120322870521789,0.2002037457402232,latency,2.0,1.0,0.0,11.920454923153002,11.920454923153002,0.2,0.2,0.0,0.0,0,0,0,0
924,R0924,INFEASIBLE,PD,0.5084635279337453,0.941539514526008,0.0103355543576921,0.0736682805868766,-36.544910459082175,12.868482582920278,2.5199627637582025,41.270110643846586,7.466543139305822,1,0.0598815842309492,0.120322870521789,0.2002037457402232,deadband,15.0,2.0,0.0,15.791925541274002,16.26648139080335,0.2,0.2,0.47455584952934693,0.47455584952934693,1,0,0,0
924,R0924,INFEASIBLE,PD,0.5084635279337453,0.941539514526008,0.0103355543576921,0.0736682805868766,-36.544910459082175,12.868482582920278,2.5199627637582025,41.270110643846586,7.466543139305822,1,0.0598815842309492,0.120322870521789,0.2002037457402232,nonlinear_aero,2.0,1.0,0.0,11.688877697554997,11.920454923153002,0.4,0.2,0.23157722559800575,0.23157722559800575,1,1,0,1
924,R0924,INFEASIBLE,PD,0.5084635279337453,0.941539514526008,0.0103355543576921,0.0736682805868766,-36.544910459082175,12.868482582920278,2.5199627637582025,41.270110643846586,7.466543139305822,1,0.0598815842309492,0.120322870521789,0.2002037457402232,dyn_aero,5.0,1.0,0.0,6.002612700285715,13.408449481920766,0.8,0.0,7.405836781635051,7.405836781635051,1,1,0,1
924,R0924,INFEASIBLE,PD,0.5084635279337453,0.941539514526008,0.0103355543576921,0.0736682805868766,-36.544910459082175,12.868482582920278,2.5199627637582025,41.270110643846586,7.466543139305822,1,0.0598815842309492,0.120322870521789,0.2002037457402232,thrust_curve,80.0,32.0,0.0,10.801908028388997,13.115304162538362,0.8,0.2,2.3133961341493645,2.3133961341493645,1,1,0,1
924,R0924,INFEASIBLE,PD,0.5084635279337453,0.941539514526008,0.0103355543576921,0.0736682805868766,-36.544910459082175,12.868482582920278,2.5199627637582025,41.270110643846586,7.466543139305822,1,0.0598815842309492,0.120322870521789,0.2002037457402232,cg_shift,2.0,1.0,0.0,11.11127265706116,11.920454923153002,0.4,0.2,0.8091822660918417,0.8091822660918417,1,1,0,1
48,R0048,INFEASIBLE,PD,2.2320055673187915,1.7404441998158755,0.0103201936952751,0.2492348678872933,-35.02181842892531,9.769223672969282,1.3746853421158505,102.06028147317689,8.893160031154208,4,0.0300554956018125,0.248660128691277,0.4433331278229147,reference,80.0,8.0,0.0,18.116919753568673,18.116919753568673,0.2,0.2,0.0,0.0,0,0,0,0
48,R0048,INFEASIBLE,PD,2.2320055673187915,1.7404441998158755,0.0103201936952751,0.2492348678872933,-35.02181842892531,9.769223672969282,1.3746853421158505,102.06028147317689,8.893160031154208,4,0.0300554956018125,0.248660128691277,0.4433331278229147,backlash,15.0,1.0,0.0,10.120398747244357,25.035308864370727,0.4,0.0,14.91491011712637,14.91491011712637,1,1,0,1
48,R0048,INFEASIBLE,PD,2.2320055673187915,1.7404441998158755,0.0103201936952751,0.2492348678872933,-35.02181842892531,9.769223672969282,1.3746853421158505,102.06028147317689,8.893160031154208,4,0.0300554956018125,0.248660128691277,0.4433331278229147,slew,80.0,1.0,0.0,1.966467419971695,123.7112099393798,1.0,0.0,121.7447425194081,121.7447425194081,1,1,0,1
48,R0048,INFEASIBLE,PD,2.2320055673187915,1.7404441998158755,0.0103201936952751,0.2492348678872933,-35.02181842892531,9.769223672969282,1.3746853421158505,102.06028147317689,8.893160031154208,4,0.0300554956018125,0.248660128691277,0.4433331278229147,latency,80.0,8.0,0.0,17.108524593056735,18.116919753568673,0.4,0.2,1.0083951605119381,1.0083951605119381,1,1,0,1
48,R0048,INFEASIBLE,PD,2.2320055673187915,1.7404441998158755,0.0103201936952751,0.2492348678872933,-35.02181842892531,9.769223672969282,1.3746853421158505,102.06028147317689,8.893160031154208,4,0.0300554956018125,0.248660128691277,0.4433331278229147,deadband,80.0,16.0,0.0,15.264777263005708,15.826209961246297,0.2,0.0,0.5614326982405888,0.5614326982405888,1,0,0,0
48,R0048,INFEASIBLE,PD,2.2320055673187915,1.7404441998158755,0.0103201936952751,0.2492348678872933,-35.02181842892531,9.769223672969282,1.3746853421158505,102.06028147317689,8.893160031154208,4,0.0300554956018125,0.248660128691277,0.4433331278229147,nonlinear_aero,80.0,8.0,0.0,18.140813714538105,18.116919753568673,0.2,0.2,0.023893960969431305,-0.023893960969431305,0,0,0,0
48,R0048,INFEASIBLE,PD,2.2320055673187915,1.7404441998158755,0.0103201936952751,0.2492348678872933,-35.02181842892531,9.769223672969282,1.3746853421158505,102.06028147317689,8.893160031154208,4,0.0300554956018125,0.248660128691277,0.4433331278229147,dyn_aero,2.0,1.0,0.0,11.207047172448807,11.037817243668517,0.4,0.2,0.16922992878028964,-0.16922992878028964,0,1,0,1
48,R0048,INFEASIBLE,PD,2.2320055673187915,1.7404441998158755,0.0103201936952751,0.2492348678872933,-35.02181842892531,9.769223672969282,1.3746853421158505,102.06028147317689,8.893160031154208,4,0.0300554956018125,0.248660128691277,0.4433331278229147,thrust_curve,2.0,2.0,0.0,10.772061191119878,11.74196108646056,0.4,0.2,0.9698998953406814,0.9698998953406814,1,1,0,1
48,R0048,INFEASIBLE,PD,2.2320055673187915,1.7404441998158755,0.0103201936952751,0.2492348678872933,-35.02181842892531,9.769223672969282,1.3746853421158505,102.06028147317689,8.893160031154208,4,0.0300554956018125,0.248660128691277,0.4433331278229147,cg_shift,80.0,16.0,0.0,14.840652046282525,15.826209961246297,0.2,0.0,0.9855579149637723,0.9855579149637723,1,0,0,0
441,R0441,INFEASIBLE,PD,2.38454499230909,1.1608886544905204,0.0176580898820471,0.2677644669315179,-50.27768672228415,13.450407676314915,2.86512969964813,13.50755302082614,2.508848222666512,3,0.136886365655724,0.2137024738390908,0.2142867600045467,reference,40.0,32.0,0.0,10.076599247071336,10.076599247071336,0.2,0.2,0.0,0.0,0,0,0,0
441,R0441,INFEASIBLE,PD,2.38454499230909,1.1608886544905204,0.0176580898820471,0.2677644669315179,-50.27768672228415,13.450407676314915,2.86512969964813,13.50755302082614,2.508848222666512,3,0.136886365655724,0.2137024738390908,0.2142867600045467,backlash,5.0,1.0,0.0,5.702557883452375,10.268237181536643,0.6,0.4,4.565679298084268,4.565679298084268,1,1,1,0
441,R0441,INFEASIBLE,PD,2.38454499230909,1.1608886544905204,0.0176580898820471,0.2677644669315179,-50.27768672228415,13.450407676314915,2.86512969964813,13.50755302082614,2.508848222666512,3,0.136886365655724,0.2137024738390908,0.2142867600045467,slew,80.0,1.0,0.0,1.1718136406852293,45.80847022870539,1.0,0.0,44.63665658802016,44.63665658802016,1,1,0,1
441,R0441,INFEASIBLE,PD,2.38454499230909,1.1608886544905204,0.0176580898820471,0.2677644669315179,-50.27768672228415,13.450407676314915,2.86512969964813,13.50755302082614,2.508848222666512,3,0.136886365655724,0.2137024738390908,0.2142867600045467,latency,40.0,32.0,0.0,9.943776760303823,10.076599247071336,0.2,0.2,0.13282248676751252,0.13282248676751252,1,0,0,0
441,R0441,INFEASIBLE,PD,2.38454499230909,1.1608886544905204,0.0176580898820471,0.2677644669315179,-50.27768672228415,13.450407676314915,2.86512969964813,13.50755302082614,2.508848222666512,3,0.136886365655724,0.2137024738390908,0.2142867600045467,deadband,5.0,2.0,0.0,9.50242161548093,9.67665996226832,0.4,0.2,0.17423834678738892,0.17423834678738892,1,1,0,1
441,R0441,INFEASIBLE,PD,2.38454499230909,1.1608886544905204,0.0176580898820471,0.2677644669315179,-50.27768672228415,13.450407676314915,2.86512969964813,13.50755302082614,2.508848222666512,3,0.136886365655724,0.2137024738390908,0.2142867600045467,nonlinear_aero,40.0,16.0,0.0,8.863426328959907,9.245013877881721,0.4,0.2,0.38158754892181435,0.38158754892181435,1,1,0,1
441,R0441,INFEASIBLE,PD,2.38454499230909,1.1608886544905204,0.0176580898820471,0.2677644669315179,-50.27768672228415,13.450407676314915,2.86512969964813,13.50755302082614,2.508848222666512,3,0.136886365655724,0.2137024738390908,0.2142867600045467,dyn_aero,40.0,16.0,0.0,5.673661525880871,9.245013877881721,1.0,0.2,3.57135235200085,3.57135235200085,1,1,0,1
441,R0441,INFEASIBLE,PD,2.38454499230909,1.1608886544905204,0.0176580898820471,0.2677644669315179,-50.27768672228415,13.450407676314915,2.86512969964813,13.50755302082614,2.508848222666512,3,0.136886365655724,0.2137024738390908,0.2142867600045467,thrust_curve,5.0,1.0,0.0,8.236502607057936,10.268237181536643,0.8,0.4,2.0317345744787065,2.0317345744787065,1,1,1,0
441,R0441,INFEASIBLE,PD,2.38454499230909,1.1608886544905204,0.0176580898820471,0.2677644669315179,-50.27768672228415,13.450407676314915,2.86512969964813,13.50755302082614,2.508848222666512,3,0.136886365655724,0.2137024738390908,0.2142867600045467,cg_shift,40.0,16.0,0.0,11.028581874589083,9.245013877881721,0.4,0.2,1.7835679967073617,-1.7835679967073617,0,1,0,1
667,R0667,INFEASIBLE,PD,0.5271310013392584,0.92308162985619,0.0134754198305829,0.0702333779786063,-38.60135433993872,5.306371783445498,2.377682966603172,20.02316251863164,3.856337857681305,4,0.0530485472409696,0.224614946113198,0.3450247052807346,reference,2.0,1.0,0.0,18.87299558024268,18.87299558024268,0.2,0.2,0.0,0.0,0,0,0,0
667,R0667,INFEASIBLE,PD,0.5271310013392584,0.92308162985619,0.0134754198305829,0.0702333779786063,-38.60135433993872,5.306371783445498,2.377682966603172,20.02316251863164,3.856337857681305,4,0.0530485472409696,0.224614946113198,0.3450247052807346,backlash,2.0,1.0,0.0,7.88742461260607,18.87299558024268,0.6,0.2,10.98557096763661,10.98557096763661,1,1,0,1
667,R0667,INFEASIBLE,PD,0.5271310013392584,0.92308162985619,0.0134754198305829,0.0702333779786063,-38.60135433993872,5.306371783445498,2.377682966603172,20.02316251863164,3.856337857681305,4,0.0530485472409696,0.224614946113198,0.3450247052807346,slew,80.0,1.0,0.0,0.9263714108177246,82.55779493087032,1.0,0.0,81.63142352005259,81.63142352005259,1,1,0,1
667,R0667,INFEASIBLE,PD,0.5271310013392584,0.92308162985619,0.0134754198305829,0.0702333779786063,-38.60135433993872,5.306371783445498,2.377682966603172,20.02316251863164,3.856337857681305,4,0.0530485472409696,0.224614946113198,0.3450247052807346,latency,5.0,2.0,0.0,16.218100489327067,17.73931199378575,0.4,0.2,1.5212115044586838,1.5212115044586838,1,1,0,1
667,R0667,INFEASIBLE,PD,0.5271310013392584,0.92308162985619,0.0134754198305829,0.0702333779786063,-38.60135433993872,5.306371783445498,2.377682966603172,20.02316251863164,3.856337857681305,4,0.0530485472409696,0.224614946113198,0.3450247052807346,deadband,80.0,32.0,0.0,15.9510565185271,16.28543393744905,0.2,0.2,0.3343774189219495,0.3343774189219495,1,0,0,0
667,R0667,INFEASIBLE,PD,0.5271310013392584,0.92308162985619,0.0134754198305829,0.0702333779786063,-38.60135433993872,5.306371783445498,2.377682966603172,20.02316251863164,3.856337857681305,4,0.0530485472409696,0.224614946113198,0.3450247052807346,nonlinear_aero,2.0,1.0,0.0,19.041670138974126,18.87299558024268,0.2,0.2,0.1686745587314462,-0.1686745587314462,0,0,0,0
667,R0667,INFEASIBLE,PD,0.5271310013392584,0.92308162985619,0.0134754198305829,0.0702333779786063,-38.60135433993872,5.306371783445498,2.377682966603172,20.02316251863164,3.856337857681305,4,0.0530485472409696,0.224614946113198,0.3450247052807346,dyn_aero,40.0,16.0,0.0,8.870338498877317,15.889576844944145,1.0,0.2,7.019238346066828,7.019238346066828,1,1,0,1
667,R0667,INFEASIBLE,PD,0.5271310013392584,0.92308162985619,0.0134754198305829,0.0702333779786063,-38.60135433993872,5.306371783445498,2.377682966603172,20.02316251863164,3.856337857681305,4,0.0530485472409696,0.224614946113198,0.3450247052807346,thrust_curve,40.0,8.0,0.0,15.773530696073607,23.10590509542704,0.4,0.0,7.332374399353434,7.332374399353434,1,1,0,1
667,R0667,INFEASIBLE,PD,0.5271310013392584,0.92308162985619,0.0134754198305829,0.0702333779786063,-38.60135433993872,5.306371783445498,2.377682966603172,20.02316251863164,3.856337857681305,4,0.0530485472409696,0.224614946113198,0.3450247052807346,cg_shift,40.0,32.0,0.0,16.022443834710153,16.969223181170758,0.4,0.2,0.9467793464606054,0.9467793464606054,1,1,0,1
693,R0693,INFEASIBLE,PD,1.55853833828763,0.9260050332437052,0.0129795697045942,0.1348409719647582,-50.22100511447528,7.250116280996585,1.696986684490043,62.952918757974885,11.206657476702556,3,0.0699479141003455,0.1077306123531434,0.2906704921046587,reference,5.0,8.0,0.0,14.054704613617435,14.054704613617435,0.2,0.2,0.0,0.0,0,0,0,0
693,R0693,INFEASIBLE,PD,1.55853833828763,0.9260050332437052,0.0129795697045942,0.1348409719647582,-50.22100511447528,7.250116280996585,1.696986684490043,62.952918757974885,11.206657476702556,3,0.0699479141003455,0.1077306123531434,0.2906704921046587,backlash,2.0,1.0,0.0,7.906525355576616,11.783720684572177,1.0,0.4,3.877195328995561,3.877195328995561,1,1,1,0
693,R0693,INFEASIBLE,PD,1.55853833828763,0.9260050332437052,0.0129795697045942,0.1348409719647582,-50.22100511447528,7.250116280996585,1.696986684490043,62.952918757974885,11.206657476702556,3,0.0699479141003455,0.1077306123531434,0.2906704921046587,slew,80.0,1.0,0.0,0.8277015886345251,67.24790536584666,1.0,0.0,66.42020377721214,66.42020377721214,1,1,0,1
693,R0693,INFEASIBLE,PD,1.55853833828763,0.9260050332437052,0.0129795697045942,0.1348409719647582,-50.22100511447528,7.250116280996585,1.696986684490043,62.952918757974885,11.206657476702556,3,0.0699479141003455,0.1077306123531434,0.2906704921046587,latency,2.0,1.0,0.0,10.843576447856883,11.783720684572177,0.4,0.4,0.9401442367152946,0.9401442367152946,1,1,1,0
693,R0693,INFEASIBLE,PD,1.55853833828763,0.9260050332437052,0.0129795697045942,0.1348409719647582,-50.22100511447528,7.250116280996585,1.696986684490043,62.952918757974885,11.206657476702556,3,0.0699479141003455,0.1077306123531434,0.2906704921046587,deadband,2.0,1.0,0.0,11.697743997327075,11.783720684572177,0.4,0.4,0.08597668724510221,0.08597668724510221,1,1,1,0
693,R0693,INFEASIBLE,PD,1.55853833828763,0.9260050332437052,0.0129795697045942,0.1348409719647582,-50.22100511447528,7.250116280996585,1.696986684490043,62.952918757974885,11.206657476702556,3,0.0699479141003455,0.1077306123531434,0.2906704921046587,nonlinear_aero,5.0,8.0,0.0,14.77160557867028,14.054704613617435,0.2,0.2,0.7169009650528455,-0.7169009650528455,0,0,0,0
693,R0693,INFEASIBLE,PD,1.55853833828763,0.9260050332437052,0.0129795697045942,0.1348409719647582,-50.22100511447528,7.250116280996585,1.696986684490043,62.952918757974885,11.206657476702556,3,0.0699479141003455,0.1077306123531434,0.2906704921046587,dyn_aero,2.0,1.0,0.0,8.862083065651245,11.783720684572177,0.8,0.4,2.9216376189209328,2.9216376189209328,1,1,1,0
693,R0693,INFEASIBLE,PD,1.55853833828763,0.9260050332437052,0.0129795697045942,0.1348409719647582,-50.22100511447528,7.250116280996585,1.696986684490043,62.952918757974885,11.206657476702556,3,0.0699479141003455,0.1077306123531434,0.2906704921046587,thrust_curve,40.0,32.0,0.0,13.44061384217747,14.422669961564576,0.6,0.0,0.9820561193871065,0.9820561193871065,1,1,0,1
693,R0693,INFEASIBLE,PD,1.55853833828763,0.9260050332437052,0.0129795697045942,0.1348409719647582,-50.22100511447528,7.250116280996585,1.696986684490043,62.952918757974885,11.206657476702556,3,0.0699479141003455,0.1077306123531434,0.2906704921046587,cg_shift,2.0,1.0,0.0,11.44551535903567,11.783720684572177,0.2,0.4,0.3382053255365065,0.3382053255365065,1,0,1,1
222,R0222,INFEASIBLE,PD,0.7343905138194378,1.7557470122480447,0.0102612398577774,0.0938352884628815,-43.22293678810091,13.61183310139062,2.741610018776909,35.26898169317434,4.880409564171372,2,0.0728883258304985,0.1155148642755686,0.4471916193858074,reference,80.0,32.0,0.0,9.87994332078967,9.87994332078967,0.6,0.6,0.0,0.0,0,1,1,0
222,R0222,INFEASIBLE,PD,0.7343905138194378,1.7557470122480447,0.0102612398577774,0.0938352884628815,-43.22293678810091,13.61183310139062,2.741610018776909,35.26898169317434,4.880409564171372,2,0.0728883258304985,0.1155148642755686,0.4471916193858074,backlash,15.0,1.0,0.0,10.12250899860938,22.797045920875995,0.6,0.0,12.674536922266615,12.674536922266615,1,1,0,1
222,R0222,INFEASIBLE,PD,0.7343905138194378,1.7557470122480447,0.0102612398577774,0.0938352884628815,-43.22293678810091,13.61183310139062,2.741610018776909,35.26898169317434,4.880409564171372,2,0.0728883258304985,0.1155148642755686,0.4471916193858074,slew,80.0,1.0,0.0,0.8912677091400838,102.78357108240407,1.0,0.0,101.89230337326399,101.89230337326399,1,1,0,1
222,R0222,INFEASIBLE,PD,0.7343905138194378,1.7557470122480447,0.0102612398577774,0.0938352884628815,-43.22293678810091,13.61183310139062,2.741610018776909,35.26898169317434,4.880409564171372,2,0.0728883258304985,0.1155148642755686,0.4471916193858074,latency,40.0,8.0,0.0,10.22991438465561,10.644955038587353,0.4,0.4,0.4150406539317437,0.4150406539317437,1,1,1,0
222,R0222,INFEASIBLE,PD,0.7343905138194378,1.7557470122480447,0.0102612398577774,0.0938352884628815,-43.22293678810091,13.61183310139062,2.741610018776909,35.26898169317434,4.880409564171372,2,0.0728883258304985,0.1155148642755686,0.4471916193858074,deadband,5.0,2.0,0.0,10.462699449398203,12.41553595531622,0.6,0.2,1.9528365059180164,1.9528365059180164,1,1,0,1
222,R0222,INFEASIBLE,PD,0.7343905138194378,1.7557470122480447,0.0102612398577774,0.0938352884628815,-43.22293678810091,13.61183310139062,2.741610018776909,35.26898169317434,4.880409564171372,2,0.0728883258304985,0.1155148642755686,0.4471916193858074,nonlinear_aero,80.0,32.0,0.0,10.800226780929084,9.87994332078967,0.2,0.6,0.9202834601394141,-0.9202834601394141,0,0,1,1
222,R0222,INFEASIBLE,PD,0.7343905138194378,1.7557470122480447,0.0102612398577774,0.0938352884628815,-43.22293678810091,13.61183310139062,2.741610018776909,35.26898169317434,4.880409564171372,2,0.0728883258304985,0.1155148642755686,0.4471916193858074,dyn_aero,15.0,2.0,0.0,11.650640794082761,12.593931220487024,0.4,0.4,0.9432904264042623,0.9432904264042623,1,1,1,0
222,R0222,INFEASIBLE,PD,0.7343905138194378,1.7557470122480447,0.0102612398577774,0.0938352884628815,-43.22293678810091,13.61183310139062,2.741610018776909,35.26898169317434,4.880409564171372,2,0.0728883258304985,0.1155148642755686,0.4471916193858074,thrust_curve,2.0,1.0,0.0,11.222077309858147,10.780358541837078,0.8,0.2,0.4417187680210688,-0.4417187680210688,0,1,0,1
222,R0222,INFEASIBLE,PD,0.7343905138194378,1.7557470122480447,0.0102612398577774,0.0938352884628815,-43.22293678810091,13.61183310139062,2.741610018776909,35.26898169317434,4.880409564171372,2,0.0728883258304985,0.1155148642755686,0.4471916193858074,cg_shift,40.0,16.0,0.0,11.443918030878992,10.76445685898088,0.8,0.6,0.6794611718981116,-0.6794611718981116,0,1,1,0
692,R0692,INFEASIBLE,PD,0.398839023014754,1.0252569187034493,0.0110944911061474,0.0282730839529194,-81.17431584682731,8.328137603663501,2.9763720459692378,70.3469697129292,11.289238099442302,5,0.0752745461437062,0.1213369919686223,0.4422836586789165,reference,15.0,2.0,0.0,20.94249561705829,20.94249561705829,0.2,0.2,0.0,0.0,0,0,0,0
692,R0692,INFEASIBLE,PD,0.398839023014754,1.0252569187034493,0.0110944911061474,0.0282730839529194,-81.17431584682731,8.328137603663501,2.9763720459692378,70.3469697129292,11.289238099442302,5,0.0752745461437062,0.1213369919686223,0.4422836586789165,backlash,5.0,1.0,0.0,9.770673379942139,19.48052131102717,0.6,0.0,9.709847931085033,9.709847931085033,1,1,0,1
692,R0692,INFEASIBLE,PD,0.398839023014754,1.0252569187034493,0.0110944911061474,0.0282730839529194,-81.17431584682731,8.328137603663501,2.9763720459692378,70.3469697129292,11.289238099442302,5,0.0752745461437062,0.1213369919686223,0.4422836586789165,slew,80.0,1.0,0.0,3.242171941025596,157.1677817950654,1.0,0.0,153.9256098540398,153.9256098540398,1,1,0,1
692,R0692,INFEASIBLE,PD,0.398839023014754,1.0252569187034493,0.0110944911061474,0.0282730839529194,-81.17431584682731,8.328137603663501,2.9763720459692378,70.3469697129292,11.289238099442302,5,0.0752745461437062,0.1213369919686223,0.4422836586789165,latency,5.0,1.0,0.0,17.56445402691425,19.48052131102717,0.2,0.0,1.9160672841129198,1.9160672841129198,1,0,0,0
692,R0692,INFEASIBLE,PD,0.398839023014754,1.0252569187034493,0.0110944911061474,0.0282730839529194,-81.17431584682731,8.328137603663501,2.9763720459692378,70.3469697129292,11.289238099442302,5,0.0752745461437062,0.1213369919686223,0.4422836586789165,deadband,2.0,1.0,0.0,14.60161708925863,15.113271804577783,0.2,0.2,0.5116547153191533,0.5116547153191533,1,0,0,0
692,R0692,INFEASIBLE,PD,0.398839023014754,1.0252569187034493,0.0110944911061474,0.0282730839529194,-81.17431584682731,8.328137603663501,2.9763720459692378,70.3469697129292,11.289238099442302,5,0.0752745461437062,0.1213369919686223,0.4422836586789165,nonlinear_aero,40.0,16.0,0.0,15.226821847232676,16.68353937826045,0.2,0.0,1.4567175310277722,1.4567175310277722,1,0,0,0
692,R0692,INFEASIBLE,PD,0.398839023014754,1.0252569187034493,0.0110944911061474,0.0282730839529194,-81.17431584682731,8.328137603663501,2.9763720459692378,70.3469697129292,11.289238099442302,5,0.0752745461437062,0.1213369919686223,0.4422836586789165,dyn_aero,2.0,1.0,0.0,7.929816704461061,15.113271804577783,1.0,0.2,7.183455100116722,7.183455100116722,1,1,0,1
692,R0692,INFEASIBLE,PD,0.398839023014754,1.0252569187034493,0.0110944911061474,0.0282730839529194,-81.17431584682731,8.328137603663501,2.9763720459692378,70.3469697129292,11.289238099442302,5,0.0752745461437062,0.1213369919686223,0.4422836586789165,thrust_curve,40.0,32.0,0.0,19.675256315168383,16.025199752518454,0.6,0.2,3.6500565626499295,-3.6500565626499295,0,1,0,1
692,R0692,INFEASIBLE,PD,0.398839023014754,1.0252569187034493,0.0110944911061474,0.0282730839529194,-81.17431584682731,8.328137603663501,2.9763720459692378,70.3469697129292,11.289238099442302,5,0.0752745461437062,0.1213369919686223,0.4422836586789165,cg_shift,80.0,16.0,0.0,15.935987959404747,19.44945133144293,0.6,0.0,3.513463372038183,3.513463372038183,1,1,0,1
445,R0445,INFEASIBLE,PD,4.960615887417454,1.0385729581172625,0.0141150491612549,0.2702254288574644,-69.6555314490005,11.11994469707412,1.2941699603771566,15.168275490178573,13.589868906742474,2,0.121664867341822,0.22509785260677,0.4301652564134851,reference,40.0,1.0,0.0,22.925625485408524,22.925625485408524,0.0,0.0,0.0,0.0,0,0,0,0
445,R0445,INFEASIBLE,PD,4.960615887417454,1.0385729581172625,0.0141150491612549,0.2702254288574644,-69.6555314490005,11.11994469707412,1.2941699603771566,15.168275490178573,13.589868906742474,2,0.121664867341822,0.22509785260677,0.4301652564134851,backlash,15.0,2.0,0.0,16.707247408084704,32.882702769486116,0.6,0.0,16.17545536140141,16.17545536140141,1,1,0,1
445,R0445,INFEASIBLE,PD,4.960615887417454,1.0385729581172625,0.0141150491612549,0.2702254288574644,-69.6555314490005,11.11994469707412,1.2941699603771566,15.168275490178573,13.589868906742474,2,0.121664867341822,0.22509785260677,0.4301652564134851,slew,80.0,1.0,0.0,0.3091773730175614,27.287442489972204,1.0,0.0,26.978265116954642,26.978265116954642,1,1,0,1
445,R0445,INFEASIBLE,PD,4.960615887417454,1.0385729581172625,0.0141150491612549,0.2702254288574644,-69.6555314490005,11.11994469707412,1.2941699603771566,15.168275490178573,13.589868906742474,2,0.121664867341822,0.22509785260677,0.4301652564134851,latency,40.0,1.0,0.0,22.892823411808916,22.925625485408524,0.0,0.0,0.032802073599608406,0.032802073599608406,1,0,0,0
445,R0445,INFEASIBLE,PD,4.960615887417454,1.0385729581172625,0.0141150491612549,0.2702254288574644,-69.6555314490005,11.11994469707412,1.2941699603771566,15.168275490178573,13.589868906742474,2,0.121664867341822,0.22509785260677,0.4301652564134851,deadband,40.0,1.0,0.0,22.932624134921603,22.925625485408524,0.0,0.0,0.006998649513079158,-0.006998649513079158,0,0,0,0
445,R0445,INFEASIBLE,PD,4.960615887417454,1.0385729581172625,0.0141150491612549,0.2702254288574644,-69.6555314490005,11.11994469707412,1.2941699603771566,15.168275490178573,13.589868906742474,2,0.121664867341822,0.22509785260677,0.4301652564134851,nonlinear_aero,40.0,1.0,0.0,23.23750831922606,22.925625485408524,0.0,0.0,0.3118828338175348,-0.3118828338175348,0,0,0,0
445,R0445,INFEASIBLE,PD,4.960615887417454,1.0385729581172625,0.0141150491612549,0.2702254288574644,-69.6555314490005,11.11994469707412,1.2941699603771566,15.168275490178573,13.589868906742474,2,0.121664867341822,0.22509785260677,0.4301652564134851,dyn_aero,80.0,2.0,0.0,21.5640540965781,22.933382561178263,0.0,0.0,1.3693284646001622,1.3693284646001622,1,0,0,0
445,R0445,INFEASIBLE,PD,4.960615887417454,1.0385729581172625,0.0141150491612549,0.2702254288574644,-69.6555314490005,11.11994469707412,1.2941699603771566,15.168275490178573,13.589868906742474,2,0.121664867341822,0.22509785260677,0.4301652564134851,thrust_curve,80.0,1.0,0.0,24.56437044975312,27.287442489972204,0.0,0.0,2.7230720402190833,2.7230720402190833,1,0,0,0
445,R0445,INFEASIBLE,PD,4.960615887417454,1.0385729581172625,0.0141150491612549,0.2702254288574644,-69.6555314490005,11.11994469707412,1.2941699603771566,15.168275490178573,13.589868906742474,2,0.121664867341822,0.22509785260677,0.4301652564134851,cg_shift,40.0,1.0,0.0,22.943005001637687,22.925625485408524,0.0,0.0,0.01737951622916256,-0.01737951622916256,0,0,0,0
918,R0918,INFEASIBLE,PD,4.321169992231186,1.5377520817894834,0.0184972478933881,0.2593991943143127,-78.00196933149049,6.523030302891399,1.9708090264695683,99.74641444698824,10.48643671578379,5,0.0789824025974937,0.2049583259720805,0.4014088703522635,reference,40.0,16.0,0.0,9.545905638307811,9.545905638307811,0.4,0.4,0.0,0.0,0,1,1,0
918,R0918,INFEASIBLE,PD,4.321169992231186,1.5377520817894834,0.0184972478933881,0.2593991943143127,-78.00196933149049,6.523030302891399,1.9708090264695683,99.74641444698824,10.48643671578379,5,0.0789824025974937,0.2049583259720805,0.4014088703522635,backlash,5.0,1.0,0.0,5.7428665154438745,10.131345872119901,0.8,0.0,4.388479356676027,4.388479356676027,1,1,0,1
918,R0918,INFEASIBLE,PD,4.321169992231186,1.5377520817894834,0.0184972478933881,0.2593991943143127,-78.00196933149049,6.523030302891399,1.9708090264695683,99.74641444698824,10.48643671578379,5,0.0789824025974937,0.2049583259720805,0.4014088703522635,slew,80.0,1.0,0.0,1.6707883045980023,91.88101772319152,0.8,0.0,90.21022941859351,90.21022941859351,1,1,0,1
918,R0918,INFEASIBLE,PD,4.321169992231186,1.5377520817894834,0.0184972478933881,0.2593991943143127,-78.00196933149049,6.523030302891399,1.9708090264695683,99.74641444698824,10.48643671578379,5,0.0789824025974937,0.2049583259720805,0.4014088703522635,latency,2.0,1.0,0.0,7.207000767895247,7.522825720372884,0.6,0.6,0.3158249524776373,0.3158249524776373,1,1,1,0
918,R0918,INFEASIBLE,PD,4.321169992231186,1.5377520817894834,0.0184972478933881,0.2593991943143127,-78.00196933149049,6.523030302891399,1.9708090264695683,99.74641444698824,10.48643671578379,5,0.0789824025974937,0.2049583259720805,0.4014088703522635,deadband,2.0,1.0,0.0,7.4217251752070466,7.522825720372884,0.8,0.6,0.10110054516583755,0.10110054516583755,1,1,1,0
918,R0918,INFEASIBLE,PD,4.321169992231186,1.5377520817894834,0.0184972478933881,0.2593991943143127,-78.00196933149049,6.523030302891399,1.9708090264695683,99.74641444698824,10.48643671578379,5,0.0789824025974937,0.2049583259720805,0.4014088703522635,nonlinear_aero,40.0,16.0,0.0,9.513297301965043,9.545905638307811,0.4,0.4,0.032608336342768496,0.032608336342768496,1,1,1,0
918,R0918,INFEASIBLE,PD,4.321169992231186,1.5377520817894834,0.0184972478933881,0.2593991943143127,-78.00196933149049,6.523030302891399,1.9708090264695683,99.74641444698824,10.48643671578379,5,0.0789824025974937,0.2049583259720805,0.4014088703522635,dyn_aero,2.0,1.0,0.0,6.952664706020154,7.522825720372884,0.8,0.6,0.5701610143527303,0.5701610143527303,1,1,1,0
918,R0918,INFEASIBLE,PD,4.321169992231186,1.5377520817894834,0.0184972478933881,0.2593991943143127,-78.00196933149049,6.523030302891399,1.9708090264695683,99.74641444698824,10.48643671578379,5,0.0789824025974937,0.2049583259720805,0.4014088703522635,thrust_curve,15.0,8.0,0.0,7.452392769433312,9.310564162191373,1.0,0.4,1.8581713927580603,1.8581713927580603,1,1,1,0
918,R0918,INFEASIBLE,PD,4.321169992231186,1.5377520817894834,0.0184972478933881,0.2593991943143127,-78.00196933149049,6.523030302891399,1.9708090264695683,99.74641444698824,10.48643671578379,5,0.0789824025974937,0.2049583259720805,0.4014088703522635,cg_shift,2.0,1.0,0.0,6.865272016353812,7.522825720372884,0.8,0.6,0.6575537040190724,0.6575537040190724,1,1,1,0
967,R0967,INFEASIBLE,PD,0.3766492014746435,1.9951926666494963,0.0119223393943535,0.125939446778166,-16.671085944294944,6.851608171133598,2.7930332523578274,78.6331317629544,11.40792712083271,1,0.0463670482638305,0.1468291927001076,0.448666159993942,reference,80.0,32.0,0.0,10.867525030037195,10.867525030037195,0.4,0.4,0.0,0.0,0,1,1,0
967,R0967,INFEASIBLE,PD,0.3766492014746435,1.9951926666494963,0.0119223393943535,0.125939446778166,-16.671085944294944,6.851608171133598,2.7930332523578274,78.6331317629544,11.40792712083271,1,0.0463670482638305,0.1468291927001076,0.448666159993942,backlash,15.0,8.0,0.0,5.466064958621397,10.201328017923428,1.0,0.4,4.7352630593020315,4.7352630593020315,1,1,1,0
967,R0967,INFEASIBLE,PD,0.3766492014746435,1.9951926666494963,0.0119223393943535,0.125939446778166,-16.671085944294944,6.851608171133598,2.7930332523578274,78.6331317629544,11.40792712083271,1,0.0463670482638305,0.1468291927001076,0.448666159993942,slew,80.0,1.0,0.0,0.5536267011773488,101.04743679870822,1.0,0.0,100.49381009753087,100.49381009753087,1,1,0,1
967,R0967,INFEASIBLE,PD,0.3766492014746435,1.9951926666494963,0.0119223393943535,0.125939446778166,-16.671085944294944,6.851608171133598,2.7930332523578274,78.6331317629544,11.40792712083271,1,0.0463670482638305,0.1468291927001076,0.448666159993942,latency,80.0,32.0,0.0,10.867525030037195,10.867525030037195,0.4,0.4,0.0,0.0,0,1,1,0
967,R0967,INFEASIBLE,PD,0.3766492014746435,1.9951926666494963,0.0119223393943535,0.125939446778166,-16.671085944294944,6.851608171133598,2.7930332523578274,78.6331317629544,11.40792712083271,1,0.0463670482638305,0.1468291927001076,0.448666159993942,deadband,2.0,1.0,0.0,9.216233009927434,9.24302547978848,0.6,0.6,0.026792469861046442,0.026792469861046442,1,1,1,0
967,R0967,INFEASIBLE,PD,0.3766492014746435,1.9951926666494963,0.0119223393943535,0.125939446778166,-16.671085944294944,6.851608171133598,2.7930332523578274,78.6331317629544,11.40792712083271,1,0.0463670482638305,0.1468291927001076,0.448666159993942,nonlinear_aero,2.0,1.0,0.0,9.80670665425823,9.24302547978848,0.6,0.6,0.5636811744697496,-0.5636811744697496,0,1,1,0
967,R0967,INFEASIBLE,PD,0.3766492014746435,1.9951926666494963,0.0119223393943535,0.125939446778166,-16.671085944294944,6.851608171133598,2.7930332523578274,78.6331317629544,11.40792712083271,1,0.0463670482638305,0.1468291927001076,0.448666159993942,dyn_aero,40.0,16.0,0.0,11.45682191465541,11.517683107233177,0.2,0.2,0.06086119257776623,0.06086119257776623,1,0,0,0
967,R0967,INFEASIBLE,PD,0.3766492014746435,1.9951926666494963,0.0119223393943535,0.125939446778166,-16.671085944294944,6.851608171133598,2.7930332523578274,78.6331317629544,11.40792712083271,1,0.0463670482638305,0.1468291927001076,0.448666159993942,thrust_curve,2.0,1.0,0.0,10.584559989707646,9.24302547978848,0.8,0.6,1.3415345099191658,-1.3415345099191658,0,1,1,0
967,R0967,INFEASIBLE,PD,0.3766492014746435,1.9951926666494963,0.0119223393943535,0.125939446778166,-16.671085944294944,6.851608171133598,2.7930332523578274,78.6331317629544,11.40792712083271,1,0.0463670482638305,0.1468291927001076,0.448666159993942,cg_shift,40.0,16.0,0.0,10.290748961547848,11.517683107233177,0.6,0.2,1.2269341456853287,1.2269341456853287,1,1,0,1
195,R0195,INFEASIBLE,PD,0.8288987420123631,1.206842922555961,0.0154107338841614,0.1021832665877655,-45.46436500941381,5.2152409363919245,2.8235645951320865,19.4329836717085,3.727567522240869,2,0.1119231185528714,0.2034390245247741,0.2570489835696012,reference,15.0,8.0,0.0,9.97493784531925,9.97493784531925,0.4,0.4,0.0,0.0,0,1,1,0
195,R0195,INFEASIBLE,PD,0.8288987420123631,1.206842922555961,0.0154107338841614,0.1021832665877655,-45.46436500941381,5.2152409363919245,2.8235645951320865,19.4329836717085,3.727567522240869,2,0.1119231185528714,0.2034390245247741,0.2570489835696012,backlash,5.0,1.0,0.0,5.733455121403049,12.776901871640026,0.8,0.6,7.043446750236978,7.043446750236978,1,1,1,0
195,R0195,INFEASIBLE,PD,0.8288987420123631,1.206842922555961,0.0154107338841614,0.1021832665877655,-45.46436500941381,5.2152409363919245,2.8235645951320865,19.4329836717085,3.727567522240869,2,0.1119231185528714,0.2034390245247741,0.2570489835696012,slew,40.0,1.0,0.0,1.2607587046919715,30.15605318883859,1.0,0.0,28.895294484146618,28.895294484146618,1,1,0,1
195,R0195,INFEASIBLE,PD,0.8288987420123631,1.206842922555961,0.0154107338841614,0.1021832665877655,-45.46436500941381,5.2152409363919245,2.8235645951320865,19.4329836717085,3.727567522240869,2,0.1119231185528714,0.2034390245247741,0.2570489835696012,latency,5.0,1.0,0.0,12.746533734218133,12.776901871640026,0.6,0.6,0.030368137421893593,0.030368137421893593,1,1,1,0
195,R0195,INFEASIBLE,PD,0.8288987420123631,1.206842922555961,0.0154107338841614,0.1021832665877655,-45.46436500941381,5.2152409363919245,2.8235645951320865,19.4329836717085,3.727567522240869,2,0.1119231185528714,0.2034390245247741,0.2570489835696012,deadband,15.0,8.0,0.0,9.762266690542138,9.97493784531925,0.4,0.4,0.2126711547771123,0.2126711547771123,1,1,1,0
195,R0195,INFEASIBLE,PD,0.8288987420123631,1.206842922555961,0.0154107338841614,0.1021832665877655,-45.46436500941381,5.2152409363919245,2.8235645951320865,19.4329836717085,3.727567522240869,2,0.1119231185528714,0.2034390245247741,0.2570489835696012,nonlinear_aero,15.0,8.0,0.0,10.05718112760504,9.97493784531925,0.4,0.4,0.08224328228578948,-0.08224328228578948,0,1,1,0
195,R0195,INFEASIBLE,PD,0.8288987420123631,1.206842922555961,0.0154107338841614,0.1021832665877655,-45.46436500941381,5.2152409363919245,2.8235645951320865,19.4329836717085,3.727567522240869,2,0.1119231185528714,0.2034390245247741,0.2570489835696012,dyn_aero,40.0,16.0,0.0,5.822245479775554,11.153626380359425,0.8,0.0,5.331380900583871,5.331380900583871,1,1,0,1
195,R0195,INFEASIBLE,PD,0.8288987420123631,1.206842922555961,0.0154107338841614,0.1021832665877655,-45.46436500941381,5.2152409363919245,2.8235645951320865,19.4329836717085,3.727567522240869,2,0.1119231185528714,0.2034390245247741,0.2570489835696012,thrust_curve,40.0,8.0,0.0,9.264796587713398,12.015463000450643,0.8,0.4,2.750666412737244,2.750666412737244,1,1,1,0
195,R0195,INFEASIBLE,PD,0.8288987420123631,1.206842922555961,0.0154107338841614,0.1021832665877655,-45.46436500941381,5.2152409363919245,2.8235645951320865,19.4329836717085,3.727567522240869,2,0.1119231185528714,0.2034390245247741,0.2570489835696012,cg_shift,5.0,1.0,0.0,12.334852553601664,12.776901871640026,0.4,0.6,0.44204931803836267,0.44204931803836267,1,1,1,0
1079,R1079,INFEASIBLE,PD,2.1742508922106114,1.296864403532098,0.011742376342168,0.1954110245612963,-63.01945023624758,7.90846368471858,2.883546073812889,9.458439265859166,4.582285825281113,2,0.1139547229727935,0.0499834875942492,0.2725340156419871,reference,2.0,1.0,0.0,14.300268872682983,14.300268872682983,0.2,0.2,0.0,0.0,0,0,0,0
1079,R1079,INFEASIBLE,PD,2.1742508922106114,1.296864403532098,0.011742376342168,0.1954110245612963,-63.01945023624758,7.90846368471858,2.883546073812889,9.458439265859166,4.582285825281113,2,0.1139547229727935,0.0499834875942492,0.2725340156419871,backlash,2.0,1.0,0.0,8.833662639537451,14.300268872682983,0.8,0.2,5.466606233145532,5.466606233145532,1,1,0,1
1079,R1079,INFEASIBLE,PD,2.1742508922106114,1.296864403532098,0.011742376342168,0.1954110245612963,-63.01945023624758,7.90846368471858,2.883546073812889,9.458439265859166,4.582285825281113,2,0.1139547229727935,0.0499834875942492,0.2725340156419871,slew,80.0,1.0,0.0,0.9334723390888764,37.26552464944798,1.0,0.0,36.3320523103591,36.3320523103591,1,1,0,1
1079,R1079,INFEASIBLE,PD,2.1742508922106114,1.296864403532098,0.011742376342168,0.1954110245612963,-63.01945023624758,7.90846368471858,2.883546073812889,9.458439265859166,4.582285825281113,2,0.1139547229727935,0.0499834875942492,0.2725340156419871,latency,15.0,8.0,0.0,11.906999666919054,13.225568778453953,0.4,0.2,1.3185691115348988,1.3185691115348988,1,1,0,1
1079,R1079,INFEASIBLE,PD,2.1742508922106114,1.296864403532098,0.011742376342168,0.1954110245612963,-63.01945023624758,7.90846368471858,2.883546073812889,9.458439265859166,4.582285825281113,2,0.1139547229727935,0.0499834875942492,0.2725340156419871,deadband,2.0,1.0,0.0,12.924209184997213,14.300268872682983,0.4,0.2,1.3760596876857694,1.3760596876857694,1,1,0,1
1079,R1079,INFEASIBLE,PD,2.1742508922106114,1.296864403532098,0.011742376342168,0.1954110245612963,-63.01945023624758,7.90846368471858,2.883546073812889,9.458439265859166,4.582285825281113,2,0.1139547229727935,0.0499834875942492,0.2725340156419871,nonlinear_aero,5.0,2.0,0.0,13.152642296018286,12.695708495192623,0.4,0.4,0.45693380082566293,-0.45693380082566293,0,1,1,0
1079,R1079,INFEASIBLE,PD,2.1742508922106114,1.296864403532098,0.011742376342168,0.1954110245612963,-63.01945023624758,7.90846368471858,2.883546073812889,9.458439265859166,4.582285825281113,2,0.1139547229727935,0.0499834875942492,0.2725340156419871,dyn_aero,80.0,32.0,0.0,7.063917133127009,11.843078458134132,1.0,0.2,4.779161325007123,4.779161325007123,1,1,0,1
1079,R1079,INFEASIBLE,PD,2.1742508922106114,1.296864403532098,0.011742376342168,0.1954110245612963,-63.01945023624758,7.90846368471858,2.883546073812889,9.458439265859166,4.582285825281113,2,0.1139547229727935,0.0499834875942492,0.2725340156419871,thrust_curve,15.0,2.0,0.0,10.774371522638484,16.7113275849703,0.8,0.2,5.936956062331815,5.936956062331815,1,1,0,1
1079,R1079,INFEASIBLE,PD,2.1742508922106114,1.296864403532098,0.011742376342168,0.1954110245612963,-63.01945023624758,7.90846368471858,2.883546073812889,9.458439265859166,4.582285825281113,2,0.1139547229727935,0.0499834875942492,0.2725340156419871,cg_shift,15.0,8.0,0.0,13.421289694817414,13.225568778453953,0.2,0.2,0.19572091636346123,-0.19572091636346123,0,0,0,0
783,R0783,FRAGILE,PD,0.0,1.2455531648093892,0.0104617446583038,-0.1520977826739836,-24.970437652449263,7.265003866280908,1.699047510934895,89.68864505006111,8.46632000855751,3,0.1082844035396214,0.167674710397657,0.3899964476824275,reference,5.0,1.0,0.0,11.939543213714366,11.939543213714366,0.8,0.8,0.0,0.0,0,1,1,0
783,R0783,FRAGILE,PD,0.0,1.2455531648093892,0.0104617446583038,-0.1520977826739836,-24.970437652449263,7.265003866280908,1.699047510934895,89.68864505006111,8.46632000855751,3,0.1082844035396214,0.167674710397657,0.3899964476824275,backlash,15.0,1.0,0.0,11.334440413538305,25.749892792006232,0.4,0.0,14.415452378467927,14.415452378467927,1,1,0,1
783,R0783,FRAGILE,PD,0.0,1.2455531648093892,0.0104617446583038,-0.1520977826739836,-24.970437652449263,7.265003866280908,1.699047510934895,89.68864505006111,8.46632000855751,3,0.1082844035396214,0.167674710397657,0.3899964476824275,slew,80.0,1.0,0.0,1.1608633977998064,104.25042907416135,1.0,0.0,103.08956567636154,103.08956567636154,1,1,0,1
783,R0783,FRAGILE,PD,0.0,1.2455531648093892,0.0104617446583038,-0.1520977826739836,-24.970437652449263,7.265003866280908,1.699047510934895,89.68864505006111,8.46632000855751,3,0.1082844035396214,0.167674710397657,0.3899964476824275,latency,80.0,16.0,0.0,12.408168491198854,12.229666711416819,0.4,0.6,0.17850177978203519,-0.17850177978203519,0,1,1,0
783,R0783,FRAGILE,PD,0.0,1.2455531648093892,0.0104617446583038,-0.1520977826739836,-24.970437652449263,7.265003866280908,1.699047510934895,89.68864505006111,8.46632000855751,3,0.1082844035396214,0.167674710397657,0.3899964476824275,deadband,5.0,2.0,0.0,10.70714151273783,11.622904322598187,0.6,0.2,0.9157628098603556,0.9157628098603556,1,1,0,1
783,R0783,FRAGILE,PD,0.0,1.2455531648093892,0.0104617446583038,-0.1520977826739836,-24.970437652449263,7.265003866280908,1.699047510934895,89.68864505006111,8.46632000855751,3,0.1082844035396214,0.167674710397657,0.3899964476824275,nonlinear_aero,2.0,1.0,0.0,10.295952921109793,9.825627267213791,0.4,0.6,0.47032565389600123,-0.47032565389600123,0,1,1,0
783,R0783,FRAGILE,PD,0.0,1.2455531648093892,0.0104617446583038,-0.1520977826739836,-24.970437652449263,7.265003866280908,1.699047510934895,89.68864505006111,8.46632000855751,3,0.1082844035396214,0.167674710397657,0.3899964476824275,dyn_aero,40.0,16.0,0.0,10.501043800542186,12.695949883378848,0.4,0.0,2.1949060828366616,2.1949060828366616,1,1,0,1
783,R0783,FRAGILE,PD,0.0,1.2455531648093892,0.0104617446583038,-0.1520977826739836,-24.970437652449263,7.265003866280908,1.699047510934895,89.68864505006111,8.46632000855751,3,0.1082844035396214,0.167674710397657,0.3899964476824275,thrust_curve,80.0,8.0,0.0,19.37452214844695,16.423054128645234,0.2,0.0,2.951468019801716,-2.951468019801716,0,0,0,0
783,R0783,FRAGILE,PD,0.0,1.2455531648093892,0.0104617446583038,-0.1520977826739836,-24.970437652449263,7.265003866280908,1.699047510934895,89.68864505006111,8.46632000855751,3,0.1082844035396214,0.167674710397657,0.3899964476824275,cg_shift,2.0,1.0,0.0,9.433965427853035,9.825627267213791,0.6,0.6,0.39166183936075605,0.39166183936075605,1,1,1,0
284,R0284,FRAGILE,PD,0.0,1.1766348931324275,0.0243631295576477,-0.07569150835165,-55.55866173019934,6.396801552284106,2.5616330007247736,31.920402555767307,2.557546448927024,5,0.0484342529685151,0.1975111998521729,0.3455514076421487,reference,80.0,16.0,0.0,8.342985777389027,8.342985777389027,0.4,0.4,0.0,0.0,0,1,1,0
284,R0284,FRAGILE,PD,0.0,1.1766348931324275,0.0243631295576477,-0.07569150835165,-55.55866173019934,6.396801552284106,2.5616330007247736,31.920402555767307,2.557546448927024,5,0.0484342529685151,0.1975111998521729,0.3455514076421487,backlash,15.0,8.0,0.0,4.146616456310332,8.799250867556172,1.0,0.6,4.65263441124584,4.65263441124584,1,1,1,0
284,R0284,FRAGILE,PD,0.0,1.1766348931324275,0.0243631295576477,-0.07569150835165,-55.55866173019934,6.396801552284106,2.5616330007247736,31.920402555767307,2.557546448927024,5,0.0484342529685151,0.1975111998521729,0.3455514076421487,slew,80.0,1.0,0.0,1.209874059047033,72.46322363450841,1.0,0.0,71.25334957546137,71.25334957546137,1,1,0,1
284,R0284,FRAGILE,PD,0.0,1.1766348931324275,0.0243631295576477,-0.07569150835165,-55.55866173019934,6.396801552284106,2.5616330007247736,31.920402555767307,2.557546448927024,5,0.0484342529685151,0.1975111998521729,0.3455514076421487,latency,2.0,1.0,0.0,6.02023177942217,6.679015686524252,1.0,0.6,0.658783907102082,0.658783907102082,1,1,1,0
284,R0284,FRAGILE,PD,0.0,1.1766348931324275,0.0243631295576477,-0.07569150835165,-55.55866173019934,6.396801552284106,2.5616330007247736,31.920402555767307,2.557546448927024,5,0.0484342529685151,0.1975111998521729,0.3455514076421487,deadband,80.0,16.0,0.0,8.418515365940063,8.342985777389027,0.4,0.4,0.07552958855103675,-0.07552958855103675,0,1,1,0
284,R0284,FRAGILE,PD,0.0,1.1766348931324275,0.0243631295576477,-0.07569150835165,-55.55866173019934,6.396801552284106,2.5616330007247736,31.920402555767307,2.557546448927024,5,0.0484342529685151,0.1975111998521729,0.3455514076421487,nonlinear_aero,80.0,16.0,0.0,8.215078893767101,8.342985777389027,0.4,0.4,0.12790688362192526,0.12790688362192526,1,1,1,0
284,R0284,FRAGILE,PD,0.0,1.1766348931324275,0.0243631295576477,-0.07569150835165,-55.55866173019934,6.396801552284106,2.5616330007247736,31.920402555767307,2.557546448927024,5,0.0484342529685151,0.1975111998521729,0.3455514076421487,dyn_aero,2.0,1.0,0.0,5.7128515966517615,6.679015686524252,1.0,0.6,0.9661640898724908,0.9661640898724908,1,1,1,0
284,R0284,FRAGILE,PD,0.0,1.1766348931324275,0.0243631295576477,-0.07569150835165,-55.55866173019934,6.396801552284106,2.5616330007247736,31.920402555767307,2.557546448927024,5,0.0484342529685151,0.1975111998521729,0.3455514076421487,thrust_curve,40.0,16.0,0.0,6.7765441152376225,8.721120326192047,0.8,0.4,1.9445762109544242,1.9445762109544242,1,1,1,0
284,R0284,FRAGILE,PD,0.0,1.1766348931324275,0.0243631295576477,-0.07569150835165,-55.55866173019934,6.396801552284106,2.5616330007247736,31.920402555767307,2.557546448927024,5,0.0484342529685151,0.1975111998521729,0.3455514076421487,cg_shift,40.0,8.0,0.0,8.472977603505623,9.216726186515384,0.6,0.6,0.7437485830097614,0.7437485830097614,1,1,1,0
886,R0886,FRAGILE,PD,0.0,2.0133023044969978,0.0283837649558944,-0.1572299935999843,-81.60895850444084,10.80269628030693,2.429483488803503,117.80199487647886,6.256797230888491,5,0.035000393075979,0.1930199079373306,0.4120486342077308,reference,5.0,2.0,0.0,5.0567463968624375,5.0567463968624375,1.0,1.0,0.0,0.0,0,1,1,0
886,R0886,FRAGILE,PD,0.0,2.0133023044969978,0.0283837649558944,-0.1572299935999843,-81.60895850444084,10.80269628030693,2.429483488803503,117.80199487647886,6.256797230888491,5,0.035000393075979,0.1930199079373306,0.4120486342077308,backlash,2.0,1.0,0.0,4.747454823786228,5.558585500284986,1.0,1.0,0.8111306764987578,0.8111306764987578,1,1,1,0
886,R0886,FRAGILE,PD,0.0,2.0133023044969978,0.0283837649558944,-0.1572299935999843,-81.60895850444084,10.80269628030693,2.429483488803503,117.80199487647886,6.256797230888491,5,0.035000393075979,0.1930199079373306,0.4120486342077308,slew,80.0,1.0,0.0,0.9729218220084345,61.25050932151381,1.0,0.0,60.27758749950537,60.27758749950537,1,1,0,1
886,R0886,FRAGILE,PD,0.0,2.0133023044969978,0.0283837649558944,-0.1572299935999843,-81.60895850444084,10.80269628030693,2.429483488803503,117.80199487647886,6.256797230888491,5,0.035000393075979,0.1930199079373306,0.4120486342077308,latency,5.0,1.0,0.0,6.127412198231118,6.330624956375017,0.8,0.8,0.2032127581438985,0.2032127581438985,1,1,1,0
886,R0886,FRAGILE,PD,0.0,2.0133023044969978,0.0283837649558944,-0.1572299935999843,-81.60895850444084,10.80269628030693,2.429483488803503,117.80199487647886,6.256797230888491,5,0.035000393075979,0.1930199079373306,0.4120486342077308,deadband,15.0,8.0,0.0,5.7978284901323915,6.353609771243504,0.8,0.8,0.5557812811111127,0.5557812811111127,1,1,1,0
886,R0886,FRAGILE,PD,0.0,2.0133023044969978,0.0283837649558944,-0.1572299935999843,-81.60895850444084,10.80269628030693,2.429483488803503,117.80199487647886,6.256797230888491,5,0.035000393075979,0.1930199079373306,0.4120486342077308,nonlinear_aero,5.0,2.0,0.0,5.184443830811192,5.0567463968624375,1.0,1.0,0.12769743394875466,-0.12769743394875466,0,1,1,0
886,R0886,FRAGILE,PD,0.0,2.0133023044969978,0.0283837649558944,-0.1572299935999843,-81.60895850444084,10.80269628030693,2.429483488803503,117.80199487647886,6.256797230888491,5,0.035000393075979,0.1930199079373306,0.4120486342077308,dyn_aero,15.0,8.0,0.0,5.778599335119393,6.353609771243504,1.0,0.8,0.5750104361241108,0.5750104361241108,1,1,1,0
886,R0886,FRAGILE,PD,0.0,2.0133023044969978,0.0283837649558944,-0.1572299935999843,-81.60895850444084,10.80269628030693,2.429483488803503,117.80199487647886,6.256797230888491,5,0.035000393075979,0.1930199079373306,0.4120486342077308,thrust_curve,2.0,1.0,0.0,4.777110011674724,5.558585500284986,1.0,1.0,0.781475488610262,0.781475488610262,1,1,1,0
886,R0886,FRAGILE,PD,0.0,2.0133023044969978,0.0283837649558944,-0.1572299935999843,-81.60895850444084,10.80269628030693,2.429483488803503,117.80199487647886,6.256797230888491,5,0.035000393075979,0.1930199079373306,0.4120486342077308,cg_shift,40.0,16.0,0.0,6.17130349002222,6.140796307200939,1.0,1.0,0.030507182821280843,-0.030507182821280843,0,1,1,0
696,R0696,FRAGILE,PD,0.0,1.009910088572172,0.0137737175803467,-0.249048983138392,-57.61861263817028,7.128901879497386,2.3367114167177654,65.47328366924712,7.218556020626716,2,0.0912656170515256,0.1478023864437611,0.0752619646520858,reference,5.0,1.0,0.0,5.029193457436914,5.029193457436914,0.8,0.8,0.0,0.0,0,1,1,0
696,R0696,FRAGILE,PD,0.0,1.009910088572172,0.0137737175803467,-0.249048983138392,-57.61861263817028,7.128901879497386,2.3367114167177654,65.47328366924712,7.218556020626716,2,0.0912656170515256,0.1478023864437611,0.0752619646520858,backlash,80.0,8.0,0.0,6.635186804443225,7.517865038769178,0.6,0.6,0.8826782343259527,0.8826782343259527,1,1,1,0
696,R0696,FRAGILE,PD,0.0,1.009910088572172,0.0137737175803467,-0.249048983138392,-57.61861263817028,7.128901879497386,2.3367114167177654,65.47328366924712,7.218556020626716,2,0.0912656170515256,0.1478023864437611,0.0752619646520858,slew,80.0,1.0,0.0,0.7810236698409012,45.860752914771055,1.0,0.0,45.07972924493016,45.07972924493016,1,1,0,1
696,R0696,FRAGILE,PD,0.0,1.009910088572172,0.0137737175803467,-0.249048983138392,-57.61861263817028,7.128901879497386,2.3367114167177654,65.47328366924712,7.218556020626716,2,0.0912656170515256,0.1478023864437611,0.0752619646520858,latency,2.0,1.0,0.0,4.746136467252553,4.512034180891278,1.0,1.0,0.23410228636127517,-0.23410228636127517,0,1,1,0
696,R0696,FRAGILE,PD,0.0,1.009910088572172,0.0137737175803467,-0.249048983138392,-57.61861263817028,7.128901879497386,2.3367114167177654,65.47328366924712,7.218556020626716,2,0.0912656170515256,0.1478023864437611,0.0752619646520858,deadband,2.0,1.0,0.0,4.373204652381327,4.512034180891278,1.0,1.0,0.13882952850995078,0.13882952850995078,1,1,1,0
696,R0696,FRAGILE,PD,0.0,1.009910088572172,0.0137737175803467,-0.249048983138392,-57.61861263817028,7.128901879497386,2.3367114167177654,65.47328366924712,7.218556020626716,2,0.0912656170515256,0.1478023864437611,0.0752619646520858,nonlinear_aero,5.0,1.0,0.0,4.999200602908083,5.029193457436914,0.8,0.8,0.029992854528831714,0.029992854528831714,1,1,1,0
696,R0696,FRAGILE,PD,0.0,1.009910088572172,0.0137737175803467,-0.249048983138392,-57.61861263817028,7.128901879497386,2.3367114167177654,65.47328366924712,7.218556020626716,2,0.0912656170515256,0.1478023864437611,0.0752619646520858,dyn_aero,5.0,1.0,0.0,3.0196920160866987,5.029193457436914,1.0,0.8,2.0095014413502157,2.0095014413502157,1,1,1,0
696,R0696,FRAGILE,PD,0.0,1.009910088572172,0.0137737175803467,-0.249048983138392,-57.61861263817028,7.128901879497386,2.3367114167177654,65.47328366924712,7.218556020626716,2,0.0912656170515256,0.1478023864437611,0.0752619646520858,thrust_curve,5.0,1.0,0.0,4.461910632564731,5.029193457436914,1.0,0.8,0.5672828248721835,0.5672828248721835,1,1,1,0
696,R0696,FRAGILE,PD,0.0,1.009910088572172,0.0137737175803467,-0.249048983138392,-57.61861263817028,7.128901879497386,2.3367114167177654,65.47328366924712,7.218556020626716,2,0.0912656170515256,0.1478023864437611,0.0752619646520858,cg_shift,5.0,1.0,0.0,5.343787237384754,5.029193457436914,0.6,0.8,0.31459377994784,-0.31459377994784,0,1,1,0
61,R0061,FRAGILE,PD,0.0,1.2754173443383163,0.03290933430657,-0.1047900780062455,-76.3703729111811,7.427809145524771,2.2731925735130005,52.61498175865223,2.3338223815491053,3,0.1443274990642659,0.1039820465637839,0.1714655310787476,reference,40.0,2.0,0.0,9.904610138269842,9.904610138269842,0.4,0.4,0.0,0.0,0,1,1,0
61,R0061,FRAGILE,PD,0.0,1.2754173443383163,0.03290933430657,-0.1047900780062455,-76.3703729111811,7.427809145524771,2.2731925735130005,52.61498175865223,2.3338223815491053,3,0.1443274990642659,0.1039820465637839,0.1714655310787476,backlash,15.0,1.0,0.0,6.668141703961757,8.274528873036946,0.6,0.4,1.6063871690751892,1.6063871690751892,1,1,1,0
61,R0061,FRAGILE,PD,0.0,1.2754173443383163,0.03290933430657,-0.1047900780062455,-76.3703729111811,7.427809145524771,2.2731925735130005,52.61498175865223,2.3338223815491053,3,0.1443274990642659,0.1039820465637839,0.1714655310787476,slew,80.0,1.0,0.0,0.9608913821799845,49.984238902281,1.0,0.0,49.02334752010101,49.02334752010101,1,1,0,1
61,R0061,FRAGILE,PD,0.0,1.2754173443383163,0.03290933430657,-0.1047900780062455,-76.3703729111811,7.427809145524771,2.2731925735130005,52.61498175865223,2.3338223815491053,3,0.1443274990642659,0.1039820465637839,0.1714655310787476,latency,5.0,2.0,0.0,5.411730628408665,5.134021320466854,1.0,1.0,0.27770930794181137,-0.27770930794181137,0,1,1,0
61,R0061,FRAGILE,PD,0.0,1.2754173443383163,0.03290933430657,-0.1047900780062455,-76.3703729111811,7.427809145524771,2.2731925735130005,52.61498175865223,2.3338223815491053,3,0.1443274990642659,0.1039820465637839,0.1714655310787476,deadband,80.0,8.0,0.0,7.54323480877234,7.979624210335186,0.6,0.6,0.4363894015628462,0.4363894015628462,1,1,1,0
61,R0061,FRAGILE,PD,0.0,1.2754173443383163,0.03290933430657,-0.1047900780062455,-76.3703729111811,7.427809145524771,2.2731925735130005,52.61498175865223,2.3338223815491053,3,0.1443274990642659,0.1039820465637839,0.1714655310787476,nonlinear_aero,40.0,2.0,0.0,10.1312159210583,9.904610138269842,0.4,0.4,0.2266057827884591,-0.2266057827884591,0,1,1,0
61,R0061,FRAGILE,PD,0.0,1.2754173443383163,0.03290933430657,-0.1047900780062455,-76.3703729111811,7.427809145524771,2.2731925735130005,52.61498175865223,2.3338223815491053,3,0.1443274990642659,0.1039820465637839,0.1714655310787476,dyn_aero,40.0,2.0,0.0,8.791678701520379,9.904610138269842,0.4,0.4,1.112931436749463,1.112931436749463,1,1,1,0
61,R0061,FRAGILE,PD,0.0,1.2754173443383163,0.03290933430657,-0.1047900780062455,-76.3703729111811,7.427809145524771,2.2731925735130005,52.61498175865223,2.3338223815491053,3,0.1443274990642659,0.1039820465637839,0.1714655310787476,thrust_curve,5.0,1.0,0.0,3.456427980928332,6.281809699116254,1.0,0.8,2.8253817181879217,2.8253817181879217,1,1,1,0
61,R0061,FRAGILE,PD,0.0,1.2754173443383163,0.03290933430657,-0.1047900780062455,-76.3703729111811,7.427809145524771,2.2731925735130005,52.61498175865223,2.3338223815491053,3,0.1443274990642659,0.1039820465637839,0.1714655310787476,cg_shift,80.0,8.0,0.0,7.059301385018294,7.979624210335186,0.6,0.6,0.9203228253168918,0.9203228253168918,1,1,1,0
777,R0777,FRAGILE,PD,0.0,1.3622041805727103,0.0203021113747125,-0.1316480667222893,-18.12341783839348,11.64757105759162,1.6808354985349951,51.14481975556341,5.449834243681736,3,0.0387492769553337,0.1330743215365205,0.3811410996104385,reference,2.0,1.0,0.0,6.7098201664075745,6.7098201664075745,1.0,1.0,0.0,0.0,0,1,1,0
777,R0777,FRAGILE,PD,0.0,1.3622041805727103,0.0203021113747125,-0.1316480667222893,-18.12341783839348,11.64757105759162,1.6808354985349951,51.14481975556341,5.449834243681736,3,0.0387492769553337,0.1330743215365205,0.3811410996104385,backlash,2.0,1.0,0.0,4.524297119757087,6.7098201664075745,1.0,1.0,2.185523046650488,2.185523046650488,1,1,1,0
777,R0777,FRAGILE,PD,0.0,1.3622041805727103,0.0203021113747125,-0.1316480667222893,-18.12341783839348,11.64757105759162,1.6808354985349951,51.14481975556341,5.449834243681736,3,0.0387492769553337,0.1330743215365205,0.3811410996104385,slew,80.0,1.0,0.0,0.6190877318278527,68.7482930690022,1.0,0.0,68.12920533717435,68.12920533717435,1,1,0,1
777,R0777,FRAGILE,PD,0.0,1.3622041805727103,0.0203021113747125,-0.1316480667222893,-18.12341783839348,11.64757105759162,1.6808354985349951,51.14481975556341,5.449834243681736,3,0.0387492769553337,0.1330743215365205,0.3811410996104385,latency,2.0,1.0,0.0,6.713141421207924,6.7098201664075745,0.8,1.0,0.0033212548003493936,-0.0033212548003493936,0,1,1,0
777,R0777,FRAGILE,PD,0.0,1.3622041805727103,0.0203021113747125,-0.1316480667222893,-18.12341783839348,11.64757105759162,1.6808354985349951,51.14481975556341,5.449834243681736,3,0.0387492769553337,0.1330743215365205,0.3811410996104385,deadband,2.0,1.0,0.0,6.673926650809813,6.7098201664075745,1.0,1.0,0.03589351559776155,0.03589351559776155,1,1,1,0
777,R0777,FRAGILE,PD,0.0,1.3622041805727103,0.0203021113747125,-0.1316480667222893,-18.12341783839348,11.64757105759162,1.6808354985349951,51.14481975556341,5.449834243681736,3,0.0387492769553337,0.1330743215365205,0.3811410996104385,nonlinear_aero,2.0,1.0,0.0,6.793696966045383,6.7098201664075745,1.0,1.0,0.08387679963780847,-0.08387679963780847,0,1,1,0
777,R0777,FRAGILE,PD,0.0,1.3622041805727103,0.0203021113747125,-0.1316480667222893,-18.12341783839348,11.64757105759162,1.6808354985349951,51.14481975556341,5.449834243681736,3,0.0387492769553337,0.1330743215365205,0.3811410996104385,dyn_aero,2.0,1.0,0.0,7.303686959146576,6.7098201664075745,0.8,1.0,0.5938667927390018,-0.5938667927390018,0,1,1,0
777,R0777,FRAGILE,PD,0.0,1.3622041805727103,0.0203021113747125,-0.1316480667222893,-18.12341783839348,11.64757105759162,1.6808354985349951,51.14481975556341,5.449834243681736,3,0.0387492769553337,0.1330743215365205,0.3811410996104385,thrust_curve,15.0,8.0,0.0,6.782144303505303,8.232764319550048,1.0,0.2,1.4506200160447449,1.4506200160447449,1,1,0,1
777,R0777,FRAGILE,PD,0.0,1.3622041805727103,0.0203021113747125,-0.1316480667222893,-18.12341783839348,11.64757105759162,1.6808354985349951,51.14481975556341,5.449834243681736,3,0.0387492769553337,0.1330743215365205,0.3811410996104385,cg_shift,80.0,8.0,0.0,11.73800492098597,11.55440996316427,0.6,0.4,0.18359495782170043,-0.18359495782170043,0,1,1,0
1082,R1082,FRAGILE,PD,0.0,1.746234877910946,0.0122465570619681,-0.1011572579221778,-62.44914848070873,11.730422244696252,2.1066079220954923,87.9248752574963,8.74289626578474,6,0.1337855150805037,0.1680296801729455,0.3988010998452474,reference,2.0,1.0,0.0,8.318806587377328,8.318806587377328,0.8,0.8,0.0,0.0,0,1,1,0
1082,R1082,FRAGILE,PD,0.0,1.746234877910946,0.0122465570619681,-0.1011572579221778,-62.44914848070873,11.730422244696252,2.1066079220954923,87.9248752574963,8.74289626578474,6,0.1337855150805037,0.1680296801729455,0.3988010998452474,backlash,15.0,1.0,0.0,10.491287046473971,21.828834574207082,0.6,0.0,11.337547527733111,11.337547527733111,1,1,0,1
1082,R1082,FRAGILE,PD,0.0,1.746234877910946,0.0122465570619681,-0.1011572579221778,-62.44914848070873,11.730422244696252,2.1066079220954923,87.9248752574963,8.74289626578474,6,0.1337855150805037,0.1680296801729455,0.3988010998452474,slew,15.0,1.0,0.0,3.149146308204816,21.828834574207082,1.0,0.0,18.679688266002266,18.679688266002266,1,1,0,1
1082,R1082,FRAGILE,PD,0.0,1.746234877910946,0.0122465570619681,-0.1011572579221778,-62.44914848070873,11.730422244696252,2.1066079220954923,87.9248752574963,8.74289626578474,6,0.1337855150805037,0.1680296801729455,0.3988010998452474,latency,80.0,16.0,0.0,10.08917238122648,11.549049111956581,0.6,0.2,1.4598767307301017,1.4598767307301017,1,1,0,1
1082,R1082,FRAGILE,PD,0.0,1.746234877910946,0.0122465570619681,-0.1011572579221778,-62.44914848070873,11.730422244696252,2.1066079220954923,87.9248752574963,8.74289626578474,6,0.1337855150805037,0.1680296801729455,0.3988010998452474,deadband,40.0,8.0,0.0,10.411524979860962,11.558637915303619,0.6,0.4,1.1471129354426566,1.1471129354426566,1,1,1,0
1082,R1082,FRAGILE,PD,0.0,1.746234877910946,0.0122465570619681,-0.1011572579221778,-62.44914848070873,11.730422244696252,2.1066079220954923,87.9248752574963,8.74289626578474,6,0.1337855150805037,0.1680296801729455,0.3988010998452474,nonlinear_aero,2.0,1.0,0.0,8.022770834384875,8.318806587377328,0.8,0.8,0.2960357529924522,0.2960357529924522,1,1,1,0
1082,R1082,FRAGILE,PD,0.0,1.746234877910946,0.0122465570619681,-0.1011572579221778,-62.44914848070873,11.730422244696252,2.1066079220954923,87.9248752574963,8.74289626578474,6,0.1337855150805037,0.1680296801729455,0.3988010998452474,dyn_aero,80.0,16.0,0.0,9.965384366490685,11.549049111956581,0.6,0.2,1.5836647454658959,1.5836647454658959,1,1,0,1
1082,R1082,FRAGILE,PD,0.0,1.746234877910946,0.0122465570619681,-0.1011572579221778,-62.44914848070873,11.730422244696252,2.1066079220954923,87.9248752574963,8.74289626578474,6,0.1337855150805037,0.1680296801729455,0.3988010998452474,thrust_curve,2.0,1.0,0.0,8.248223255790146,8.318806587377328,1.0,0.8,0.07058333158718177,0.07058333158718177,1,1,1,0
1082,R1082,FRAGILE,PD,0.0,1.746234877910946,0.0122465570619681,-0.1011572579221778,-62.44914848070873,11.730422244696252,2.1066079220954923,87.9248752574963,8.74289626578474,6,0.1337855150805037,0.1680296801729455,0.3988010998452474,cg_shift,5.0,2.0,0.0,8.94236876380937,9.800799616991457,0.6,0.2,0.858430853182087,0.858430853182087,1,1,0,1
38,R0038,FRAGILE,PD,0.0,1.2765452238780644,0.0140551609507432,-0.1514625685747084,-84.01064346236224,12.865629436405507,1.6171547801656203,64.12413638861332,13.8820078405887,4,0.0353355729849772,0.1610231763976628,0.3616101907273984,reference,80.0,32.0,0.0,12.41137846214114,12.41137846214114,0.6,0.6,0.0,0.0,0,1,1,0
38,R0038,FRAGILE,PD,0.0,1.2765452238780644,0.0140551609507432,-0.1514625685747084,-84.01064346236224,12.865629436405507,1.6171547801656203,64.12413638861332,13.8820078405887,4,0.0353355729849772,0.1610231763976628,0.3616101907273984,backlash,2.0,1.0,0.0,7.020746858997673,13.068506215662714,1.0,0.6,6.047759356665041,6.047759356665041,1,1,1,0
38,R0038,FRAGILE,PD,0.0,1.2765452238780644,0.0140551609507432,-0.1514625685747084,-84.01064346236224,12.865629436405507,1.6171547801656203,64.12413638861332,13.8820078405887,4,0.0353355729849772,0.1610231763976628,0.3616101907273984,slew,80.0,1.0,0.0,1.4447479818387037,49.35124808164788,1.0,0.0,47.90650009980918,47.90650009980918,1,1,0,1
38,R0038,FRAGILE,PD,0.0,1.2765452238780644,0.0140551609507432,-0.1514625685747084,-84.01064346236224,12.865629436405507,1.6171547801656203,64.12413638861332,13.8820078405887,4,0.0353355729849772,0.1610231763976628,0.3616101907273984,latency,2.0,1.0,0.0,12.923954988711412,13.068506215662714,0.6,0.6,0.14455122695130207,0.14455122695130207,1,1,1,0
38,R0038,FRAGILE,PD,0.0,1.2765452238780644,0.0140551609507432,-0.1514625685747084,-84.01064346236224,12.865629436405507,1.6171547801656203,64.12413638861332,13.8820078405887,4,0.0353355729849772,0.1610231763976628,0.3616101907273984,deadband,80.0,32.0,0.0,12.41137846214114,12.41137846214114,0.6,0.6,0.0,0.0,0,1,1,0
38,R0038,FRAGILE,PD,0.0,1.2765452238780644,0.0140551609507432,-0.1514625685747084,-84.01064346236224,12.865629436405507,1.6171547801656203,64.12413638861332,13.8820078405887,4,0.0353355729849772,0.1610231763976628,0.3616101907273984,nonlinear_aero,80.0,32.0,0.0,12.33923136588982,12.41137846214114,0.6,0.6,0.07214709625132087,0.07214709625132087,1,1,1,0
38,R0038,FRAGILE,PD,0.0,1.2765452238780644,0.0140551609507432,-0.1514625685747084,-84.01064346236224,12.865629436405507,1.6171547801656203,64.12413638861332,13.8820078405887,4,0.0353355729849772,0.1610231763976628,0.3616101907273984,dyn_aero,40.0,32.0,0.0,11.229193316138936,13.274016623886618,0.8,0.6,2.0448233077476825,2.0448233077476825,1,1,1,0
38,R0038,FRAGILE,PD,0.0,1.2765452238780644,0.0140551609507432,-0.1514625685747084,-84.01064346236224,12.865629436405507,1.6171547801656203,64.12413638861332,13.8820078405887,4,0.0353355729849772,0.1610231763976628,0.3616101907273984,thrust_curve,5.0,1.0,0.0,11.922699476313273,13.835494456605037,0.6,0.6,1.912794980291764,1.912794980291764,1,1,1,0
38,R0038,FRAGILE,PD,0.0,1.2765452238780644,0.0140551609507432,-0.1514625685747084,-84.01064346236224,12.865629436405507,1.6171547801656203,64.12413638861332,13.8820078405887,4,0.0353355729849772,0.1610231763976628,0.3616101907273984,cg_shift,40.0,16.0,0.0,11.945541964480173,12.72168984542797,0.6,0.4,0.7761478809477982,0.7761478809477982,1,1,1,0
657,R0657,FRAGILE,PD,0.0,1.5514380904536615,0.0387202106390955,-0.2962198818899287,-15.940830249068457,5.035686484055922,1.4168283504192276,110.29414554093172,2.632610638858127,5,0.0634574161835707,0.1677747723014013,0.3426589508064031,reference,40.0,2.0,0.0,8.438154668106423,8.438154668106423,0.4,0.4,0.0,0.0,0,1,1,0
657,R0657,FRAGILE,PD,0.0,1.5514380904536615,0.0387202106390955,-0.2962198818899287,-15.940830249068457,5.035686484055922,1.4168283504192276,110.29414554093172,2.632610638858127,5,0.0634574161835707,0.1677747723014013,0.3426589508064031,backlash,15.0,1.0,0.0,5.253115462263264,5.667261908408049,0.6,0.6,0.4141464461447848,0.4141464461447848,1,1,1,0
657,R0657,FRAGILE,PD,0.0,1.5514380904536615,0.0387202106390955,-0.2962198818899287,-15.940830249068457,5.035686484055922,1.4168283504192276,110.29414554093172,2.632610638858127,5,0.0634574161835707,0.1677747723014013,0.3426589508064031,slew,80.0,1.0,0.0,1.212340548377224,26.916215241475772,1.0,0.0,25.703874693098548,25.703874693098548,1,1,0,1
657,R0657,FRAGILE,PD,0.0,1.5514380904536615,0.0387202106390955,-0.2962198818899287,-15.940830249068457,5.035686484055922,1.4168283504192276,110.29414554093172,2.632610638858127,5,0.0634574161835707,0.1677747723014013,0.3426589508064031,latency,5.0,1.0,0.0,4.345739059715125,4.0425247405781475,1.0,1.0,0.30321431913697783,-0.30321431913697783,0,1,1,0
657,R0657,FRAGILE,PD,0.0,1.5514380904536615,0.0387202106390955,-0.2962198818899287,-15.940830249068457,5.035686484055922,1.4168283504192276,110.29414554093172,2.632610638858127,5,0.0634574161835707,0.1677747723014013,0.3426589508064031,deadband,5.0,1.0,0.0,4.000844454147635,4.0425247405781475,1.0,1.0,0.04168028643051258,0.04168028643051258,1,1,1,0
657,R0657,FRAGILE,PD,0.0,1.5514380904536615,0.0387202106390955,-0.2962198818899287,-15.940830249068457,5.035686484055922,1.4168283504192276,110.29414554093172,2.632610638858127,5,0.0634574161835707,0.1677747723014013,0.3426589508064031,nonlinear_aero,40.0,2.0,0.0,8.433472901787052,8.438154668106423,0.4,0.4,0.00468176631937034,0.00468176631937034,1,1,1,0
657,R0657,FRAGILE,PD,0.0,1.5514380904536615,0.0387202106390955,-0.2962198818899287,-15.940830249068457,5.035686484055922,1.4168283504192276,110.29414554093172,2.632610638858127,5,0.0634574161835707,0.1677747723014013,0.3426589508064031,dyn_aero,40.0,2.0,0.0,7.773363486861411,8.438154668106423,0.4,0.4,0.6647911812450111,0.6647911812450111,1,1,1,0
657,R0657,FRAGILE,PD,0.0,1.5514380904536615,0.0387202106390955,-0.2962198818899287,-15.940830249068457,5.035686484055922,1.4168283504192276,110.29414554093172,2.632610638858127,5,0.0634574161835707,0.1677747723014013,0.3426589508064031,thrust_curve,5.0,1.0,0.0,3.6749936085077373,4.0425247405781475,1.0,1.0,0.3675311320704102,0.3675311320704102,1,1,1,0
657,R0657,FRAGILE,PD,0.0,1.5514380904536615,0.0387202106390955,-0.2962198818899287,-15.940830249068457,5.035686484055922,1.4168283504192276,110.29414554093172,2.632610638858127,5,0.0634574161835707,0.1677747723014013,0.3426589508064031,cg_shift,15.0,8.0,0.0,4.365780014441567,5.47201370151263,1.0,1.0,1.1062336870710627,1.1062336870710627,1,1,1,0
331,R0331,FRAGILE,PD,0.0,1.460044667978875,0.0197597008201038,-0.0710776850669441,-31.2862694617128,6.311347995748879,1.1204866610707056,65.77591368343232,5.991056082099948,1,0.0506810562831196,0.1730201168738505,0.3638575091452282,reference,5.0,1.0,0.0,8.19839845985641,8.19839845985641,0.4,0.4,0.0,0.0,0,1,1,0
331,R0331,FRAGILE,PD,0.0,1.460044667978875,0.0197597008201038,-0.0710776850669441,-31.2862694617128,6.311347995748879,1.1204866610707056,65.77591368343232,5.991056082099948,1,0.0506810562831196,0.1730201168738505,0.3638575091452282,backlash,5.0,1.0,0.0,5.525535528217761,8.19839845985641,0.8,0.4,2.672862931638649,2.672862931638649,1,1,1,0
331,R0331,FRAGILE,PD,0.0,1.460044667978875,0.0197597008201038,-0.0710776850669441,-31.2862694617128,6.311347995748879,1.1204866610707056,65.77591368343232,5.991056082099948,1,0.0506810562831196,0.1730201168738505,0.3638575091452282,slew,80.0,1.0,0.0,0.5700942029620149,49.487562441855744,1.0,0.0,48.917468238893726,48.917468238893726,1,1,0,1
331,R0331,FRAGILE,PD,0.0,1.460044667978875,0.0197597008201038,-0.0710776850669441,-31.2862694617128,6.311347995748879,1.1204866610707056,65.77591368343232,5.991056082099948,1,0.0506810562831196,0.1730201168738505,0.3638575091452282,latency,5.0,1.0,0.0,8.19839845985641,8.19839845985641,0.4,0.4,0.0,0.0,0,1,1,0
331,R0331,FRAGILE,PD,0.0,1.460044667978875,0.0197597008201038,-0.0710776850669441,-31.2862694617128,6.311347995748879,1.1204866610707056,65.77591368343232,5.991056082099948,1,0.0506810562831196,0.1730201168738505,0.3638575091452282,deadband,2.0,1.0,0.0,6.857897986705649,7.24402526103003,0.8,0.8,0.3861272743243811,0.3861272743243811,1,1,1,0
331,R0331,FRAGILE,PD,0.0,1.460044667978875,0.0197597008201038,-0.0710776850669441,-31.2862694617128,6.311347995748879,1.1204866610707056,65.77591368343232,5.991056082099948,1,0.0506810562831196,0.1730201168738505,0.3638575091452282,nonlinear_aero,5.0,1.0,0.0,8.19838687290308,8.19839845985641,0.4,0.4,1.1586953329256744e-05,1.1586953329256744e-05,1,1,1,0
331,R0331,FRAGILE,PD,0.0,1.460044667978875,0.0197597008201038,-0.0710776850669441,-31.2862694617128,6.311347995748879,1.1204866610707056,65.77591368343232,5.991056082099948,1,0.0506810562831196,0.1730201168738505,0.3638575091452282,dyn_aero,2.0,1.0,0.0,7.066719979080456,7.24402526103003,0.8,0.8,0.1773052819495744,0.1773052819495744,1,1,1,0
331,R0331,FRAGILE,PD,0.0,1.460044667978875,0.0197597008201038,-0.0710776850669441,-31.2862694617128,6.311347995748879,1.1204866610707056,65.77591368343232,5.991056082099948,1,0.0506810562831196,0.1730201168738505,0.3638575091452282,thrust_curve,2.0,1.0,0.0,7.298134263535229,7.24402526103003,1.0,0.8,0.05410900250519912,-0.05410900250519912,0,1,1,0
331,R0331,FRAGILE,PD,0.0,1.460044667978875,0.0197597008201038,-0.0710776850669441,-31.2862694617128,6.311347995748879,1.1204866610707056,65.77591368343232,5.991056082099948,1,0.0506810562831196,0.1730201168738505,0.3638575091452282,cg_shift,2.0,1.0,0.0,6.992978365618029,7.24402526103003,0.8,0.8,0.2510468954120011,0.2510468954120011,1,1,1,0
977,R0977,FRAGILE,PD,0.0,1.9297629182364453,0.0156143995811871,-0.2169775996437328,-20.973338796851863,9.60431925357653,2.2517220524999426,63.325589895733074,14.415677185398186,1,0.0301804207390379,0.0533016928927117,0.3218571628322537,reference,15.0,2.0,0.0,8.87217016826094,8.87217016826094,0.8,0.8,0.0,0.0,0,1,1,0
977,R0977,FRAGILE,PD,0.0,1.9297629182364453,0.0156143995811871,-0.2169775996437328,-20.973338796851863,9.60431925357653,2.2517220524999426,63.325589895733074,14.415677185398186,1,0.0301804207390379,0.0533016928927117,0.3218571628322537,backlash,2.0,1.0,0.0,4.198931765389619,6.424084343695488,1.0,0.8,2.2251525783058685,2.2251525783058685,1,1,1,0
977,R0977,FRAGILE,PD,0.0,1.9297629182364453,0.0156143995811871,-0.2169775996437328,-20.973338796851863,9.60431925357653,2.2517220524999426,63.325589895733074,14.415677185398186,1,0.0301804207390379,0.0533016928927117,0.3218571628322537,slew,80.0,1.0,0.0,0.40048148305481124,42.679023560960204,1.0,0.0,42.27854207790539,42.27854207790539,1,1,0,1
977,R0977,FRAGILE,PD,0.0,1.9297629182364453,0.0156143995811871,-0.2169775996437328,-20.973338796851863,9.60431925357653,2.2517220524999426,63.325589895733074,14.415677185398186,1,0.0301804207390379,0.0533016928927117,0.3218571628322537,latency,15.0,2.0,0.0,8.87217016826094,8.87217016826094,0.8,0.8,0.0,0.0,0,1,1,0
977,R0977,FRAGILE,PD,0.0,1.9297629182364453,0.0156143995811871,-0.2169775996437328,-20.973338796851863,9.60431925357653,2.2517220524999426,63.325589895733074,14.415677185398186,1,0.0301804207390379,0.0533016928927117,0.3218571628322537,deadband,15.0,2.0,0.0,8.75084438043677,8.87217016826094,0.8,0.8,0.12132578782416914,0.12132578782416914,1,1,1,0
977,R0977,FRAGILE,PD,0.0,1.9297629182364453,0.0156143995811871,-0.2169775996437328,-20.973338796851863,9.60431925357653,2.2517220524999426,63.325589895733074,14.415677185398186,1,0.0301804207390379,0.0533016928927117,0.3218571628322537,nonlinear_aero,15.0,2.0,0.0,9.100511966957775,8.87217016826094,0.8,0.8,0.22834179869683524,-0.22834179869683524,0,1,1,0
977,R0977,FRAGILE,PD,0.0,1.9297629182364453,0.0156143995811871,-0.2169775996437328,-20.973338796851863,9.60431925357653,2.2517220524999426,63.325589895733074,14.415677185398186,1,0.0301804207390379,0.0533016928927117,0.3218571628322537,dyn_aero,5.0,1.0,0.0,7.075666760348459,7.94805356219535,0.6,0.6,0.8723868018468908,0.8723868018468908,1,1,1,0
977,R0977,FRAGILE,PD,0.0,1.9297629182364453,0.0156143995811871,-0.2169775996437328,-20.973338796851863,9.60431925357653,2.2517220524999426,63.325589895733074,14.415677185398186,1,0.0301804207390379,0.0533016928927117,0.3218571628322537,thrust_curve,40.0,16.0,0.0,6.532156096988826,8.21766359317736,1.0,0.2,1.6855074961885332,1.6855074961885332,1,1,0,1
977,R0977,FRAGILE,PD,0.0,1.9297629182364453,0.0156143995811871,-0.2169775996437328,-20.973338796851863,9.60431925357653,2.2517220524999426,63.325589895733074,14.415677185398186,1,0.0301804207390379,0.0533016928927117,0.3218571628322537,cg_shift,15.0,2.0,0.0,8.303627475057837,8.87217016826094,0.8,0.8,0.5685426932031028,0.5685426932031028,1,1,1,0
205,R0205,FRAGILE,PD,0.0,1.3889648833145567,0.0188242885849733,-0.2742290065637081,-62.6972532109173,12.391316634884474,2.796912117699656,62.25358512605517,6.199460826692646,2,0.0907693345579309,0.2142608134374984,0.3521352399868943,reference,40.0,8.0,0.0,8.604017460398437,8.604017460398437,0.4,0.4,0.0,0.0,0,1,1,0
205,R0205,FRAGILE,PD,0.0,1.3889648833145567,0.0188242885849733,-0.2742290065637081,-62.6972532109173,12.391316634884474,2.796912117699656,62.25358512605517,6.199460826692646,2,0.0907693345579309,0.2142608134374984,0.3521352399868943,backlash,5.0,2.0,0.0,4.8282234716638825,8.69167862870905,1.0,0.8,3.863455157045168,3.863455157045168,1,1,1,0
205,R0205,FRAGILE,PD,0.0,1.3889648833145567,0.0188242885849733,-0.2742290065637081,-62.6972532109173,12.391316634884474,2.796912117699656,62.25358512605517,6.199460826692646,2,0.0907693345579309,0.2142608134374984,0.3521352399868943,slew,40.0,1.0,0.0,0.6894483233236242,51.19307797469109,1.0,0.0,50.50362965136747,50.50362965136747,1,1,0,1
205,R0205,FRAGILE,PD,0.0,1.3889648833145567,0.0188242885849733,-0.2742290065637081,-62.6972532109173,12.391316634884474,2.796912117699656,62.25358512605517,6.199460826692646,2,0.0907693345579309,0.2142608134374984,0.3521352399868943,latency,2.0,1.0,0.0,8.374142568893053,8.116373469201857,1.0,0.8,0.25776909969119544,-0.25776909969119544,0,1,1,0
205,R0205,FRAGILE,PD,0.0,1.3889648833145567,0.0188242885849733,-0.2742290065637081,-62.6972532109173,12.391316634884474,2.796912117699656,62.25358512605517,6.199460826692646,2,0.0907693345579309,0.2142608134374984,0.3521352399868943,deadband,5.0,2.0,0.0,7.543274306324848,8.69167862870905,1.0,0.8,1.1484043223842022,1.1484043223842022,1,1,1,0
205,R0205,FRAGILE,PD,0.0,1.3889648833145567,0.0188242885849733,-0.2742290065637081,-62.6972532109173,12.391316634884474,2.796912117699656,62.25358512605517,6.199460826692646,2,0.0907693345579309,0.2142608134374984,0.3521352399868943,nonlinear_aero,80.0,16.0,0.0,8.854634521802648,8.917339882654439,0.4,0.4,0.06270536085179046,0.06270536085179046,1,1,1,0
205,R0205,FRAGILE,PD,0.0,1.3889648833145567,0.0188242885849733,-0.2742290065637081,-62.6972532109173,12.391316634884474,2.796912117699656,62.25358512605517,6.199460826692646,2,0.0907693345579309,0.2142608134374984,0.3521352399868943,dyn_aero,5.0,2.0,0.0,6.063427379085864,8.69167862870905,1.0,0.8,2.6282512496231867,2.6282512496231867,1,1,1,0
205,R0205,FRAGILE,PD,0.0,1.3889648833145567,0.0188242885849733,-0.2742290065637081,-62.6972532109173,12.391316634884474,2.796912117699656,62.25358512605517,6.199460826692646,2,0.0907693345579309,0.2142608134374984,0.3521352399868943,thrust_curve,40.0,16.0,0.0,7.439766541065626,8.967302675325731,0.8,0.8,1.5275361342601057,1.5275361342601057,1,1,1,0
205,R0205,FRAGILE,PD,0.0,1.3889648833145567,0.0188242885849733,-0.2742290065637081,-62.6972532109173,12.391316634884474,2.796912117699656,62.25358512605517,6.199460826692646,2,0.0907693345579309,0.2142608134374984,0.3521352399868943,cg_shift,2.0,1.0,0.0,7.2237461757768155,8.116373469201857,1.0,0.8,0.8926272934250417,0.8926272934250417,1,1,1,0
240,R0240,FRAGILE,PD,0.0,1.3008518726323104,0.0195331768684029,-0.1851976683979111,-32.43369733534044,13.61629237219426,2.1264880043735985,75.90333805723016,4.545544437357418,4,0.1268018122822977,0.232768154945443,0.3232521590844368,reference,15.0,8.0,0.0,7.25297872556867,7.25297872556867,1.0,1.0,0.0,0.0,0,1,1,0
240,R0240,FRAGILE,PD,0.0,1.3008518726323104,0.0195331768684029,-0.1851976683979111,-32.43369733534044,13.61629237219426,2.1264880043735985,75.90333805723016,4.545544437357418,4,0.1268018122822977,0.232768154945443,0.3232521590844368,backlash,80.0,8.0,0.0,7.516028236603338,11.93611975589392,0.6,0.2,4.420091519290581,4.420091519290581,1,1,0,1
240,R0240,FRAGILE,PD,0.0,1.3008518726323104,0.0195331768684029,-0.1851976683979111,-32.43369733534044,13.61629237219426,2.1264880043735985,75.90333805723016,4.545544437357418,4,0.1268018122822977,0.232768154945443,0.3232521590844368,slew,80.0,1.0,0.0,0.7887738297028267,75.51169490539624,1.0,0.0,74.7229210756934,74.7229210756934,1,1,0,1
240,R0240,FRAGILE,PD,0.0,1.3008518726323104,0.0195331768684029,-0.1851976683979111,-32.43369733534044,13.61629237219426,2.1264880043735985,75.90333805723016,4.545544437357418,4,0.1268018122822977,0.232768154945443,0.3232521590844368,latency,5.0,2.0,0.0,6.855202979281596,7.021966146510958,1.0,0.8,0.16676316722936235,0.16676316722936235,1,1,1,0
240,R0240,FRAGILE,PD,0.0,1.3008518726323104,0.0195331768684029,-0.1851976683979111,-32.43369733534044,13.61629237219426,2.1264880043735985,75.90333805723016,4.545544437357418,4,0.1268018122822977,0.232768154945443,0.3232521590844368,deadband,2.0,1.0,0.0,6.5718442249373705,7.241381311973461,1.0,1.0,0.6695370870360904,0.6695370870360904,1,1,1,0
240,R0240,FRAGILE,PD,0.0,1.3008518726323104,0.0195331768684029,-0.1851976683979111,-32.43369733534044,13.61629237219426,2.1264880043735985,75.90333805723016,4.545544437357418,4,0.1268018122822977,0.232768154945443,0.3232521590844368,nonlinear_aero,15.0,8.0,0.0,7.63297441865209,7.25297872556867,1.0,1.0,0.37999569308342007,-0.37999569308342007,0,1,1,0
240,R0240,FRAGILE,PD,0.0,1.3008518726323104,0.0195331768684029,-0.1851976683979111,-32.43369733534044,13.61629237219426,2.1264880043735985,75.90333805723016,4.545544437357418,4,0.1268018122822977,0.232768154945443,0.3232521590844368,dyn_aero,2.0,1.0,0.0,4.558815072319352,7.241381311973461,1.0,1.0,2.6825662396541086,2.6825662396541086,1,1,1,0
240,R0240,FRAGILE,PD,0.0,1.3008518726323104,0.0195331768684029,-0.1851976683979111,-32.43369733534044,13.61629237219426,2.1264880043735985,75.90333805723016,4.545544437357418,4,0.1268018122822977,0.232768154945443,0.3232521590844368,thrust_curve,5.0,1.0,0.0,7.429292513211505,7.919829045754161,0.6,0.4,0.4905365325426567,0.4905365325426567,1,1,1,0
240,R0240,FRAGILE,PD,0.0,1.3008518726323104,0.0195331768684029,-0.1851976683979111,-32.43369733534044,13.61629237219426,2.1264880043735985,75.90333805723016,4.545544437357418,4,0.1268018122822977,0.232768154945443,0.3232521590844368,cg_shift,5.0,2.0,0.0,6.644689670231978,7.021966146510958,0.8,0.8,0.37727647627898,0.37727647627898,1,1,1,0
285,R0285,FRAGILE,PD,0.0,1.0625238996372957,0.010683576416796,-0.0836215395773004,-25.86692782390766,8.201589578804521,1.0577689074790504,62.51631719307266,12.681781453121744,2,0.0359301168218575,0.0973463194321475,0.3722352048695018,reference,40.0,32.0,0.0,14.452526005121243,14.452526005121243,0.4,0.4,0.0,0.0,0,1,1,0
285,R0285,FRAGILE,PD,0.0,1.0625238996372957,0.010683576416796,-0.0836215395773004,-25.86692782390766,8.201589578804521,1.0577689074790504,62.51631719307266,12.681781453121744,2,0.0359301168218575,0.0973463194321475,0.3722352048695018,backlash,40.0,32.0,0.0,12.585232178031928,14.452526005121243,0.4,0.4,1.8672938270893145,1.8672938270893145,1,1,1,0
285,R0285,FRAGILE,PD,0.0,1.0625238996372957,0.010683576416796,-0.0836215395773004,-25.86692782390766,8.201589578804521,1.0577689074790504,62.51631719307266,12.681781453121744,2,0.0359301168218575,0.0973463194321475,0.3722352048695018,slew,80.0,1.0,0.0,0.3204833239704205,63.66364175288494,1.0,0.0,63.34315842891452,63.34315842891452,1,1,0,1
285,R0285,FRAGILE,PD,0.0,1.0625238996372957,0.010683576416796,-0.0836215395773004,-25.86692782390766,8.201589578804521,1.0577689074790504,62.51631719307266,12.681781453121744,2,0.0359301168218575,0.0973463194321475,0.3722352048695018,latency,5.0,8.0,0.0,16.651715868308482,16.08407757387746,0.6,0.4,0.5676382944310205,-0.5676382944310205,0,1,1,0
285,R0285,FRAGILE,PD,0.0,1.0625238996372957,0.010683576416796,-0.0836215395773004,-25.86692782390766,8.201589578804521,1.0577689074790504,62.51631719307266,12.681781453121744,2,0.0359301168218575,0.0973463194321475,0.3722352048695018,deadband,40.0,32.0,0.0,14.45779139891198,14.452526005121243,0.2,0.4,0.005265393790736539,-0.005265393790736539,0,0,1,1
285,R0285,FRAGILE,PD,0.0,1.0625238996372957,0.010683576416796,-0.0836215395773004,-25.86692782390766,8.201589578804521,1.0577689074790504,62.51631719307266,12.681781453121744,2,0.0359301168218575,0.0973463194321475,0.3722352048695018,nonlinear_aero,40.0,32.0,0.0,14.470826719200153,14.452526005121243,0.2,0.4,0.018300714078909763,-0.018300714078909763,0,0,1,1
285,R0285,FRAGILE,PD,0.0,1.0625238996372957,0.010683576416796,-0.0836215395773004,-25.86692782390766,8.201589578804521,1.0577689074790504,62.51631719307266,12.681781453121744,2,0.0359301168218575,0.0973463194321475,0.3722352048695018,dyn_aero,2.0,1.0,0.0,14.911099268061438,15.081681425174466,0.8,0.6,0.17058215711302793,0.17058215711302793,1,1,1,0
285,R0285,FRAGILE,PD,0.0,1.0625238996372957,0.010683576416796,-0.0836215395773004,-25.86692782390766,8.201589578804521,1.0577689074790504,62.51631719307266,12.681781453121744,2,0.0359301168218575,0.0973463194321475,0.3722352048695018,thrust_curve,15.0,16.0,0.0,16.24488593639315,15.36099852930578,0.6,0.4,0.8838874070873697,-0.8838874070873697,0,1,1,0
285,R0285,FRAGILE,PD,0.0,1.0625238996372957,0.010683576416796,-0.0836215395773004,-25.86692782390766,8.201589578804521,1.0577689074790504,62.51631719307266,12.681781453121744,2,0.0359301168218575,0.0973463194321475,0.3722352048695018,cg_shift,40.0,32.0,0.0,15.238026678581061,14.452526005121243,0.2,0.4,0.7855006734598184,-0.7855006734598184,0,0,1,1
775,R0775,FRAGILE,PD,0.0,1.0348884927302366,0.0177056782272661,-0.0041542716740736,-36.01662898537179,8.956430537557935,0.8979214812316103,23.98279144215515,12.872304645881844,5,0.0053387635308648,0.1806925549563595,0.4435359406923044,reference,15.0,1.0,0.0,16.868582945782443,16.868582945782443,0.6,0.6,0.0,0.0,0,1,1,0
775,R0775,FRAGILE,PD,0.0,1.0348884927302366,0.0177056782272661,-0.0041542716740736,-36.01662898537179,8.956430537557935,0.8979214812316103,23.98279144215515,12.872304645881844,5,0.0053387635308648,0.1806925549563595,0.4435359406923044,backlash,80.0,8.0,0.0,12.54411786329164,19.952178516906322,0.6,0.4,7.408060653614681,7.408060653614681,1,1,1,0
775,R0775,FRAGILE,PD,0.0,1.0348884927302366,0.0177056782272661,-0.0041542716740736,-36.01662898537179,8.956430537557935,0.8979214812316103,23.98279144215515,12.872304645881844,5,0.0053387635308648,0.1806925549563595,0.4435359406923044,slew,80.0,1.0,0.0,0.37346385989558195,28.771779078492962,1.0,0.0,28.39831521859738,28.39831521859738,1,1,0,1
775,R0775,FRAGILE,PD,0.0,1.0348884927302366,0.0177056782272661,-0.0041542716740736,-36.01662898537179,8.956430537557935,0.8979214812316103,23.98279144215515,12.872304645881844,5,0.0053387635308648,0.1806925549563595,0.4435359406923044,latency,15.0,1.0,0.0,16.574120853663807,16.868582945782443,0.6,0.6,0.2944620921186356,0.2944620921186356,1,1,1,0
775,R0775,FRAGILE,PD,0.0,1.0348884927302366,0.0177056782272661,-0.0041542716740736,-36.01662898537179,8.956430537557935,0.8979214812316103,23.98279144215515,12.872304645881844,5,0.0053387635308648,0.1806925549563595,0.4435359406923044,deadband,15.0,1.0,0.0,16.869842202002406,16.868582945782443,0.6,0.6,0.0012592562199635893,-0.0012592562199635893,0,1,1,0
775,R0775,FRAGILE,PD,0.0,1.0348884927302366,0.0177056782272661,-0.0041542716740736,-36.01662898537179,8.956430537557935,0.8979214812316103,23.98279144215515,12.872304645881844,5,0.0053387635308648,0.1806925549563595,0.4435359406923044,nonlinear_aero,15.0,1.0,0.0,16.868373065607017,16.868582945782443,0.6,0.6,0.00020988017542578064,0.00020988017542578064,1,1,1,0
775,R0775,FRAGILE,PD,0.0,1.0348884927302366,0.0177056782272661,-0.0041542716740736,-36.01662898537179,8.956430537557935,0.8979214812316103,23.98279144215515,12.872304645881844,5,0.0053387635308648,0.1806925549563595,0.4435359406923044,dyn_aero,15.0,1.0,0.0,16.725418074144486,16.868582945782443,0.6,0.6,0.143164871637957,0.143164871637957,1,1,1,0
775,R0775,FRAGILE,PD,0.0,1.0348884927302366,0.0177056782272661,-0.0041542716740736,-36.01662898537179,8.956430537557935,0.8979214812316103,23.98279144215515,12.872304645881844,5,0.0053387635308648,0.1806925549563595,0.4435359406923044,thrust_curve,15.0,1.0,0.0,16.558397724088127,16.868582945782443,0.6,0.6,0.31018522169431506,0.31018522169431506,1,1,1,0
775,R0775,FRAGILE,PD,0.0,1.0348884927302366,0.0177056782272661,-0.0041542716740736,-36.01662898537179,8.956430537557935,0.8979214812316103,23.98279144215515,12.872304645881844,5,0.0053387635308648,0.1806925549563595,0.4435359406923044,cg_shift,15.0,1.0,0.0,16.40637232132489,16.868582945782443,0.6,0.6,0.46221062445755123,0.46221062445755123,1,1,1,0
812,R0812,FRAGILE,PD,0.0,0.9764434207412298,0.0106128220127367,-0.0229287093636795,-41.671997958292735,10.425887560485034,1.3968560459003023,30.992657832203992,7.7285916430847,1,0.0083348559075191,0.1519341774639067,0.3971289988233165,reference,40.0,32.0,0.0,20.284680853946554,20.284680853946554,0.4,0.4,0.0,0.0,0,1,1,0
812,R0812,FRAGILE,PD,0.0,0.9764434207412298,0.0106128220127367,-0.0229287093636795,-41.671997958292735,10.425887560485034,1.3968560459003023,30.992657832203992,7.7285916430847,1,0.0083348559075191,0.1519341774639067,0.3971289988233165,backlash,5.0,8.0,0.0,17.3214891289363,24.93137045100834,0.4,0.4,7.609881322072042,7.609881322072042,1,1,1,0
812,R0812,FRAGILE,PD,0.0,0.9764434207412298,0.0106128220127367,-0.0229287093636795,-41.671997958292735,10.425887560485034,1.3968560459003023,30.992657832203992,7.7285916430847,1,0.0083348559075191,0.1519341774639067,0.3971289988233165,slew,80.0,1.0,0.0,0.5485045595898848,85.14949176668021,1.0,0.0,84.60098720709033,84.60098720709033,1,1,0,1
812,R0812,FRAGILE,PD,0.0,0.9764434207412298,0.0106128220127367,-0.0229287093636795,-41.671997958292735,10.425887560485034,1.3968560459003023,30.992657832203992,7.7285916430847,1,0.0083348559075191,0.1519341774639067,0.3971289988233165,latency,40.0,32.0,0.0,20.284680853946554,20.284680853946554,0.4,0.4,0.0,0.0,0,1,1,0
812,R0812,FRAGILE,PD,0.0,0.9764434207412298,0.0106128220127367,-0.0229287093636795,-41.671997958292735,10.425887560485034,1.3968560459003023,30.992657832203992,7.7285916430847,1,0.0083348559075191,0.1519341774639067,0.3971289988233165,deadband,40.0,32.0,0.0,20.284680853946554,20.284680853946554,0.4,0.4,0.0,0.0,0,1,1,0
812,R0812,FRAGILE,PD,0.0,0.9764434207412298,0.0106128220127367,-0.0229287093636795,-41.671997958292735,10.425887560485034,1.3968560459003023,30.992657832203992,7.7285916430847,1,0.0083348559075191,0.1519341774639067,0.3971289988233165,nonlinear_aero,40.0,16.0,0.0,17.565603048462314,17.496916934858383,0.4,0.2,0.06868611360393118,-0.06868611360393118,0,1,0,1
812,R0812,FRAGILE,PD,0.0,0.9764434207412298,0.0106128220127367,-0.0229287093636795,-41.671997958292735,10.425887560485034,1.3968560459003023,30.992657832203992,7.7285916430847,1,0.0083348559075191,0.1519341774639067,0.3971289988233165,dyn_aero,40.0,16.0,0.0,16.13581028397747,17.496916934858383,0.6,0.2,1.361106650880913,1.361106650880913,1,1,0,1
812,R0812,FRAGILE,PD,0.0,0.9764434207412298,0.0106128220127367,-0.0229287093636795,-41.671997958292735,10.425887560485034,1.3968560459003023,30.992657832203992,7.7285916430847,1,0.0083348559075191,0.1519341774639067,0.3971289988233165,thrust_curve,80.0,32.0,0.0,20.12240809131535,17.298112068364322,0.4,0.2,2.824296022951028,-2.824296022951028,0,1,0,1
812,R0812,FRAGILE,PD,0.0,0.9764434207412298,0.0106128220127367,-0.0229287093636795,-41.671997958292735,10.425887560485034,1.3968560459003023,30.992657832203992,7.7285916430847,1,0.0083348559075191,0.1519341774639067,0.3971289988233165,cg_shift,15.0,32.0,0.0,19.784310452196046,22.5635429019457,0.4,0.4,2.779232449749653,2.779232449749653,1,1,1,0
907,R0907,FRAGILE,PD,0.0,1.479208834304934,0.0353190330438144,-0.0494406552365727,-54.07546850550308,10.921805226482263,1.966325995040464,90.11472838319423,3.343913074296544,2,0.1409785869910927,0.0878430896871926,0.4147988358642317,reference,15.0,1.0,0.0,6.885002566072908,6.885002566072908,0.6,0.6,0.0,0.0,0,1,1,0
907,R0907,FRAGILE,PD,0.0,1.479208834304934,0.0353190330438144,-0.0494406552365727,-54.07546850550308,10.921805226482263,1.966325995040464,90.11472838319423,3.343913074296544,2,0.1409785869910927,0.0878430896871926,0.4147988358642317,backlash,15.0,1.0,0.0,7.094027097026448,6.885002566072908,0.6,0.6,0.20902453095354012,-0.20902453095354012,0,1,1,0
907,R0907,FRAGILE,PD,0.0,1.479208834304934,0.0353190330438144,-0.0494406552365727,-54.07546850550308,10.921805226482263,1.966325995040464,90.11472838319423,3.343913074296544,2,0.1409785869910927,0.0878430896871926,0.4147988358642317,slew,80.0,1.0,0.0,0.7720121332252425,49.097919243394294,1.0,0.0,48.325907110169055,48.325907110169055,1,1,0,1
907,R0907,FRAGILE,PD,0.0,1.479208834304934,0.0353190330438144,-0.0494406552365727,-54.07546850550308,10.921805226482263,1.966325995040464,90.11472838319423,3.343913074296544,2,0.1409785869910927,0.0878430896871926,0.4147988358642317,latency,5.0,1.0,0.0,5.28048010017213,6.129156979257504,1.0,0.8,0.8486768790853736,0.8486768790853736,1,1,1,0
907,R0907,FRAGILE,PD,0.0,1.479208834304934,0.0353190330438144,-0.0494406552365727,-54.07546850550308,10.921805226482263,1.966325995040464,90.11472838319423,3.343913074296544,2,0.1409785869910927,0.0878430896871926,0.4147988358642317,deadband,15.0,1.0,0.0,6.493061031945187,6.885002566072908,0.6,0.6,0.3919415341277208,0.3919415341277208,1,1,1,0
907,R0907,FRAGILE,PD,0.0,1.479208834304934,0.0353190330438144,-0.0494406552365727,-54.07546850550308,10.921805226482263,1.966325995040464,90.11472838319423,3.343913074296544,2,0.1409785869910927,0.0878430896871926,0.4147988358642317,nonlinear_aero,15.0,1.0,0.0,6.954140607483464,6.885002566072908,0.6,0.6,0.06913804141055646,-0.06913804141055646,0,1,1,0
907,R0907,FRAGILE,PD,0.0,1.479208834304934,0.0353190330438144,-0.0494406552365727,-54.07546850550308,10.921805226482263,1.966325995040464,90.11472838319423,3.343913074296544,2,0.1409785869910927,0.0878430896871926,0.4147988358642317,dyn_aero,5.0,1.0,0.0,5.205603964549189,6.129156979257504,1.0,0.8,0.9235530147083146,0.9235530147083146,1,1,1,0
907,R0907,FRAGILE,PD,0.0,1.479208834304934,0.0353190330438144,-0.0494406552365727,-54.07546850550308,10.921805226482263,1.966325995040464,90.11472838319423,3.343913074296544,2,0.1409785869910927,0.0878430896871926,0.4147988358642317,thrust_curve,5.0,1.0,0.0,3.655143224332666,6.129156979257504,1.0,0.8,2.4740137549248375,2.4740137549248375,1,1,1,0
907,R0907,FRAGILE,PD,0.0,1.479208834304934,0.0353190330438144,-0.0494406552365727,-54.07546850550308,10.921805226482263,1.966325995040464,90.11472838319423,3.343913074296544,2,0.1409785869910927,0.0878430896871926,0.4147988358642317,cg_shift,15.0,1.0,0.0,6.880266405031864,6.885002566072908,0.6,0.6,0.004736161041043907,0.004736161041043907,1,1,1,0
293,R0293,FRAGILE,PD,0.0,1.1141732975939982,0.0141917443470188,-0.2838819949644576,-66.01044604411607,5.561941333159327,2.601474934018025,104.28117989108183,10.597200611091669,4,0.0961615778609898,0.1750700863689087,0.4145051076852169,reference,5.0,1.0,0.0,10.779203297131467,10.779203297131467,0.8,0.8,0.0,0.0,0,1,1,0
293,R0293,FRAGILE,PD,0.0,1.1141732975939982,0.0141917443470188,-0.2838819949644576,-66.01044604411607,5.561941333159327,2.601474934018025,104.28117989108183,10.597200611091669,4,0.0961615778609898,0.1750700863689087,0.4145051076852169,backlash,5.0,2.0,0.0,4.789455746436387,11.122558551721257,1.0,0.8,6.33310280528487,6.33310280528487,1,1,1,0
293,R0293,FRAGILE,PD,0.0,1.1141732975939982,0.0141917443470188,-0.2838819949644576,-66.01044604411607,5.561941333159327,2.601474934018025,104.28117989108183,10.597200611091669,4,0.0961615778609898,0.1750700863689087,0.4145051076852169,slew,80.0,1.0,0.0,1.3594233240638687,109.10196633062671,1.0,0.0,107.74254300656284,107.74254300656284,1,1,0,1
293,R0293,FRAGILE,PD,0.0,1.1141732975939982,0.0141917443470188,-0.2838819949644576,-66.01044604411607,5.561941333159327,2.601474934018025,104.28117989108183,10.597200611091669,4,0.0961615778609898,0.1750700863689087,0.4145051076852169,latency,2.0,2.0,0.0,10.456948910213034,11.668821801178005,0.6,0.4,1.2118728909649708,1.2118728909649708,1,1,1,0
293,R0293,FRAGILE,PD,0.0,1.1141732975939982,0.0141917443470188,-0.2838819949644576,-66.01044604411607,5.561941333159327,2.601474934018025,104.28117989108183,10.597200611091669,4,0.0961615778609898,0.1750700863689087,0.4145051076852169,deadband,5.0,8.0,0.0,12.327389399774145,13.79246761776263,0.6,0.2,1.465078217988486,1.465078217988486,1,1,0,1
293,R0293,FRAGILE,PD,0.0,1.1141732975939982,0.0141917443470188,-0.2838819949644576,-66.01044604411607,5.561941333159327,2.601474934018025,104.28117989108183,10.597200611091669,4,0.0961615778609898,0.1750700863689087,0.4145051076852169,nonlinear_aero,40.0,16.0,0.0,10.627581797960525,10.747912993076692,0.8,0.8,0.12033119511616697,0.12033119511616697,1,1,1,0
293,R0293,FRAGILE,PD,0.0,1.1141732975939982,0.0141917443470188,-0.2838819949644576,-66.01044604411607,5.561941333159327,2.601474934018025,104.28117989108183,10.597200611091669,4,0.0961615778609898,0.1750700863689087,0.4145051076852169,dyn_aero,2.0,1.0,0.0,7.342952657451656,10.444458257954448,1.0,0.6,3.101505600502792,3.101505600502792,1,1,1,0
293,R0293,FRAGILE,PD,0.0,1.1141732975939982,0.0141917443470188,-0.2838819949644576,-66.01044604411607,5.561941333159327,2.601474934018025,104.28117989108183,10.597200611091669,4,0.0961615778609898,0.1750700863689087,0.4145051076852169,thrust_curve,2.0,1.0,0.0,11.830453554861535,10.444458257954448,0.8,0.6,1.3859952969070868,-1.3859952969070868,0,1,1,0
293,R0293,FRAGILE,PD,0.0,1.1141732975939982,0.0141917443470188,-0.2838819949644576,-66.01044604411607,5.561941333159327,2.601474934018025,104.28117989108183,10.597200611091669,4,0.0961615778609898,0.1750700863689087,0.4145051076852169,cg_shift,2.0,2.0,0.0,7.341700111661356,11.668821801178005,1.0,0.4,4.327121689516649,4.327121689516649,1,1,1,0
361,R0361,FRAGILE,PD,0.0,1.2215277595718388,0.0177599033658078,-0.1766707236639871,-24.035259107011782,5.745464013318775,2.74744692744908,42.44337247656072,8.521672824114544,5,0.0603124803487722,0.0722551700943005,0.2821056406053663,reference,40.0,8.0,0.0,8.55701368808619,8.55701368808619,0.6,0.6,0.0,0.0,0,1,1,0
361,R0361,FRAGILE,PD,0.0,1.2215277595718388,0.0177599033658078,-0.1766707236639871,-24.035259107011782,5.745464013318775,2.74744692744908,42.44337247656072,8.521672824114544,5,0.0603124803487722,0.0722551700943005,0.2821056406053663,backlash,5.0,1.0,0.0,5.904710600289431,9.653936914560273,0.8,0.0,3.7492263142708415,3.7492263142708415,1,1,0,1
361,R0361,FRAGILE,PD,0.0,1.2215277595718388,0.0177599033658078,-0.1766707236639871,-24.035259107011782,5.745464013318775,2.74744692744908,42.44337247656072,8.521672824114544,5,0.0603124803487722,0.0722551700943005,0.2821056406053663,slew,80.0,1.0,0.0,1.864957894857825,67.34106556978341,1.0,0.0,65.47610767492559,65.47610767492559,1,1,0,1
361,R0361,FRAGILE,PD,0.0,1.2215277595718388,0.0177599033658078,-0.1766707236639871,-24.035259107011782,5.745464013318775,2.74744692744908,42.44337247656072,8.521672824114544,5,0.0603124803487722,0.0722551700943005,0.2821056406053663,latency,80.0,8.0,0.0,10.274647929978574,11.236312375568712,0.6,0.0,0.961664445590138,0.961664445590138,1,1,0,1
361,R0361,FRAGILE,PD,0.0,1.2215277595718388,0.0177599033658078,-0.1766707236639871,-24.035259107011782,5.745464013318775,2.74744692744908,42.44337247656072,8.521672824114544,5,0.0603124803487722,0.0722551700943005,0.2821056406053663,deadband,5.0,1.0,0.0,9.147225101669322,9.653936914560273,0.4,0.0,0.5067118128909502,0.5067118128909502,1,1,0,1
361,R0361,FRAGILE,PD,0.0,1.2215277595718388,0.0177599033658078,-0.1766707236639871,-24.035259107011782,5.745464013318775,2.74744692744908,42.44337247656072,8.521672824114544,5,0.0603124803487722,0.0722551700943005,0.2821056406053663,nonlinear_aero,40.0,8.0,0.0,8.81037082204944,8.55701368808619,0.4,0.6,0.25335713396325055,-0.25335713396325055,0,1,1,0
361,R0361,FRAGILE,PD,0.0,1.2215277595718388,0.0177599033658078,-0.1766707236639871,-24.035259107011782,5.745464013318775,2.74744692744908,42.44337247656072,8.521672824114544,5,0.0603124803487722,0.0722551700943005,0.2821056406053663,dyn_aero,2.0,1.0,0.0,4.800126510555193,6.848609551733712,1.0,0.6,2.0484830411785184,2.0484830411785184,1,1,1,0
361,R0361,FRAGILE,PD,0.0,1.2215277595718388,0.0177599033658078,-0.1766707236639871,-24.035259107011782,5.745464013318775,2.74744692744908,42.44337247656072,8.521672824114544,5,0.0603124803487722,0.0722551700943005,0.2821056406053663,thrust_curve,40.0,16.0,0.0,7.484559556811638,7.994150896357628,1.0,0.4,0.5095913395459908,0.5095913395459908,1,1,1,0
361,R0361,FRAGILE,PD,0.0,1.2215277595718388,0.0177599033658078,-0.1766707236639871,-24.035259107011782,5.745464013318775,2.74744692744908,42.44337247656072,8.521672824114544,5,0.0603124803487722,0.0722551700943005,0.2821056406053663,cg_shift,2.0,1.0,0.0,6.9077011598666385,6.848609551733712,0.8,0.6,0.05909160813292669,-0.05909160813292669,0,1,1,0
1179,R1179,FRAGILE,PD,0.0,1.000387796204827,0.020132598038617,-0.2405740995203627,-28.48150907796745,7.673597295392693,0.8197229028435804,109.37024517918218,3.9006943486693935,3,0.0798558429998873,0.0021552892323032,0.1749832088286455,reference,40.0,32.0,0.0,5.403922228929187,5.403922228929187,0.8,0.8,0.0,0.0,0,1,1,0
1179,R1179,FRAGILE,PD,0.0,1.000387796204827,0.020132598038617,-0.2405740995203627,-28.48150907796745,7.673597295392693,0.8197229028435804,109.37024517918218,3.9006943486693935,3,0.0798558429998873,0.0021552892323032,0.1749832088286455,backlash,40.0,16.0,0.0,4.306423257217507,4.192944459507139,1.0,1.0,0.11347879771036862,-0.11347879771036862,0,1,1,0
1179,R1179,FRAGILE,PD,0.0,1.000387796204827,0.020132598038617,-0.2405740995203627,-28.48150907796745,7.673597295392693,0.8197229028435804,109.37024517918218,3.9006943486693935,3,0.0798558429998873,0.0021552892323032,0.1749832088286455,slew,80.0,1.0,0.0,0.7213393801645387,40.69841663234642,1.0,0.0,39.977077252181886,39.977077252181886,1,1,0,1
1179,R1179,FRAGILE,PD,0.0,1.000387796204827,0.020132598038617,-0.2405740995203627,-28.48150907796745,7.673597295392693,0.8197229028435804,109.37024517918218,3.9006943486693935,3,0.0798558429998873,0.0021552892323032,0.1749832088286455,latency,40.0,1.0,0.0,8.5954190430566,9.991613782209871,0.4,0.2,1.3961947391532714,1.3961947391532714,1,1,0,1
1179,R1179,FRAGILE,PD,0.0,1.000387796204827,0.020132598038617,-0.2405740995203627,-28.48150907796745,7.673597295392693,0.8197229028435804,109.37024517918218,3.9006943486693935,3,0.0798558429998873,0.0021552892323032,0.1749832088286455,deadband,40.0,1.0,0.0,9.359988430030649,9.991613782209871,0.4,0.2,0.6316253521792223,0.6316253521792223,1,1,0,1
1179,R1179,FRAGILE,PD,0.0,1.000387796204827,0.020132598038617,-0.2405740995203627,-28.48150907796745,7.673597295392693,0.8197229028435804,109.37024517918218,3.9006943486693935,3,0.0798558429998873,0.0021552892323032,0.1749832088286455,nonlinear_aero,40.0,32.0,0.0,5.399085684327287,5.403922228929187,0.8,0.8,0.004836544601900528,0.004836544601900528,1,1,1,0
1179,R1179,FRAGILE,PD,0.0,1.000387796204827,0.020132598038617,-0.2405740995203627,-28.48150907796745,7.673597295392693,0.8197229028435804,109.37024517918218,3.9006943486693935,3,0.0798558429998873,0.0021552892323032,0.1749832088286455,dyn_aero,5.0,2.0,0.0,4.157398522331718,4.041536657064964,1.0,1.0,0.11586186526675402,-0.11586186526675402,0,1,1,0
1179,R1179,FRAGILE,PD,0.0,1.000387796204827,0.020132598038617,-0.2405740995203627,-28.48150907796745,7.673597295392693,0.8197229028435804,109.37024517918218,3.9006943486693935,3,0.0798558429998873,0.0021552892323032,0.1749832088286455,thrust_curve,40.0,1.0,0.0,12.314970627951316,9.991613782209871,0.4,0.2,2.3233568457414453,-2.3233568457414453,0,1,0,1
1179,R1179,FRAGILE,PD,0.0,1.000387796204827,0.020132598038617,-0.2405740995203627,-28.48150907796745,7.673597295392693,0.8197229028435804,109.37024517918218,3.9006943486693935,3,0.0798558429998873,0.0021552892323032,0.1749832088286455,cg_shift,15.0,8.0,0.0,4.707045211607406,4.3305138720714424,1.0,1.0,0.37653133953596374,-0.37653133953596374,0,1,1,0
385,R0385,FRAGILE,PD,0.0,1.9884687241068617,0.0220530630983489,-0.0901284401127379,-85.18983416000104,6.362453712394364,1.4950869372979143,103.06032619812598,5.971533588871064,6,0.1009873807988417,0.0757967985466934,0.1637649915811173,reference,40.0,2.0,0.0,11.949069054960134,11.949069054960134,0.4,0.4,0.0,0.0,0,1,1,0
385,R0385,FRAGILE,PD,0.0,1.9884687241068617,0.0220530630983489,-0.0901284401127379,-85.18983416000104,6.362453712394364,1.4950869372979143,103.06032619812598,5.971533588871064,6,0.1009873807988417,0.0757967985466934,0.1637649915811173,backlash,5.0,1.0,0.0,5.818990249038615,5.496831643692613,0.8,0.8,0.3221586053460017,-0.3221586053460017,0,1,1,0
385,R0385,FRAGILE,PD,0.0,1.9884687241068617,0.0220530630983489,-0.0901284401127379,-85.18983416000104,6.362453712394364,1.4950869372979143,103.06032619812598,5.971533588871064,6,0.1009873807988417,0.0757967985466934,0.1637649915811173,slew,40.0,1.0,0.0,0.9171766123005417,20.5877469666065,1.0,0.2,19.67057035430596,19.67057035430596,1,1,0,1
385,R0385,FRAGILE,PD,0.0,1.9884687241068617,0.0220530630983489,-0.0901284401127379,-85.18983416000104,6.362453712394364,1.4950869372979143,103.06032619812598,5.971533588871064,6,0.1009873807988417,0.0757967985466934,0.1637649915811173,latency,15.0,8.0,0.0,5.975859312839157,5.687565347347968,1.0,1.0,0.2882939654911887,-0.2882939654911887,0,1,1,0
385,R0385,FRAGILE,PD,0.0,1.9884687241068617,0.0220530630983489,-0.0901284401127379,-85.18983416000104,6.362453712394364,1.4950869372979143,103.06032619812598,5.971533588871064,6,0.1009873807988417,0.0757967985466934,0.1637649915811173,deadband,40.0,16.0,0.0,4.627201745180661,5.41610231167725,0.8,1.0,0.7889005664965891,0.7889005664965891,1,1,1,0
385,R0385,FRAGILE,PD,0.0,1.9884687241068617,0.0220530630983489,-0.0901284401127379,-85.18983416000104,6.362453712394364,1.4950869372979143,103.06032619812598,5.971533588871064,6,0.1009873807988417,0.0757967985466934,0.1637649915811173,nonlinear_aero,40.0,2.0,0.0,11.949070495513848,11.949069054960134,0.4,0.4,1.440553713649706e-06,-1.440553713649706e-06,0,1,1,0
385,R0385,FRAGILE,PD,0.0,1.9884687241068617,0.0220530630983489,-0.0901284401127379,-85.18983416000104,6.362453712394364,1.4950869372979143,103.06032619812598,5.971533588871064,6,0.1009873807988417,0.0757967985466934,0.1637649915811173,dyn_aero,5.0,1.0,0.0,6.160340830172908,5.496831643692613,0.8,0.8,0.6635091864802947,-0.6635091864802947,0,1,1,0
385,R0385,FRAGILE,PD,0.0,1.9884687241068617,0.0220530630983489,-0.0901284401127379,-85.18983416000104,6.362453712394364,1.4950869372979143,103.06032619812598,5.971533588871064,6,0.1009873807988417,0.0757967985466934,0.1637649915811173,thrust_curve,80.0,16.0,0.0,3.662925365197791,5.94541136374833,1.0,0.4,2.282485998550539,2.282485998550539,1,1,1,0
385,R0385,FRAGILE,PD,0.0,1.9884687241068617,0.0220530630983489,-0.0901284401127379,-85.18983416000104,6.362453712394364,1.4950869372979143,103.06032619812598,5.971533588871064,6,0.1009873807988417,0.0757967985466934,0.1637649915811173,cg_shift,5.0,2.0,0.0,4.0645597534337305,4.849491124250049,1.0,1.0,0.7849313708163184,0.7849313708163184,1,1,1,0
30,R0030,FRAGILE,PD,0.0,1.294009986410223,0.0181567679919692,-0.1326960202370853,-27.98863776069087,5.166603450687656,2.260265489318057,44.05466966160034,6.1854510607405455,1,0.1176437640034631,0.1551407048796619,0.1483432342650507,reference,15.0,1.0,0.0,6.91309309185881,6.91309309185881,0.6,0.6,0.0,0.0,0,1,1,0
30,R0030,FRAGILE,PD,0.0,1.294009986410223,0.0181567679919692,-0.1326960202370853,-27.98863776069087,5.166603450687656,2.260265489318057,44.05466966160034,6.1854510607405455,1,0.1176437640034631,0.1551407048796619,0.1483432342650507,backlash,5.0,2.0,0.0,4.511621734425994,5.602609670156544,1.0,0.8,1.09098793573055,1.09098793573055,1,1,1,0
30,R0030,FRAGILE,PD,0.0,1.294009986410223,0.0181567679919692,-0.1326960202370853,-27.98863776069087,5.166603450687656,2.260265489318057,44.05466966160034,6.1854510607405455,1,0.1176437640034631,0.1551407048796619,0.1483432342650507,slew,80.0,1.0,0.0,0.6650857323861405,59.01538979307728,1.0,0.0,58.350304060691144,58.350304060691144,1,1,0,1
30,R0030,FRAGILE,PD,0.0,1.294009986410223,0.0181567679919692,-0.1326960202370853,-27.98863776069087,5.166603450687656,2.260265489318057,44.05466966160034,6.1854510607405455,1,0.1176437640034631,0.1551407048796619,0.1483432342650507,latency,15.0,1.0,0.0,6.91309309185881,6.91309309185881,0.6,0.6,0.0,0.0,0,1,1,0
30,R0030,FRAGILE,PD,0.0,1.294009986410223,0.0181567679919692,-0.1326960202370853,-27.98863776069087,5.166603450687656,2.260265489318057,44.05466966160034,6.1854510607405455,1,0.1176437640034631,0.1551407048796619,0.1483432342650507,deadband,2.0,1.0,0.0,3.6965820793590836,5.853471509300377,1.0,0.6,2.1568894299412933,2.1568894299412933,1,1,1,0
30,R0030,FRAGILE,PD,0.0,1.294009986410223,0.0181567679919692,-0.1326960202370853,-27.98863776069087,5.166603450687656,2.260265489318057,44.05466966160034,6.1854510607405455,1,0.1176437640034631,0.1551407048796619,0.1483432342650507,nonlinear_aero,15.0,1.0,0.0,6.953001933434903,6.91309309185881,0.6,0.6,0.03990884157609287,-0.03990884157609287,0,1,1,0
30,R0030,FRAGILE,PD,0.0,1.294009986410223,0.0181567679919692,-0.1326960202370853,-27.98863776069087,5.166603450687656,2.260265489318057,44.05466966160034,6.1854510607405455,1,0.1176437640034631,0.1551407048796619,0.1483432342650507,dyn_aero,5.0,1.0,0.0,3.9733001801678904,5.726293122469802,1.0,0.4,1.752992942301912,1.752992942301912,1,1,1,0
30,R0030,FRAGILE,PD,0.0,1.294009986410223,0.0181567679919692,-0.1326960202370853,-27.98863776069087,5.166603450687656,2.260265489318057,44.05466966160034,6.1854510607405455,1,0.1176437640034631,0.1551407048796619,0.1483432342650507,thrust_curve,2.0,1.0,0.0,6.0828787839609895,5.853471509300377,1.0,0.6,0.22940727466061261,-0.22940727466061261,0,1,1,0
30,R0030,FRAGILE,PD,0.0,1.294009986410223,0.0181567679919692,-0.1326960202370853,-27.98863776069087,5.166603450687656,2.260265489318057,44.05466966160034,6.1854510607405455,1,0.1176437640034631,0.1551407048796619,0.1483432342650507,cg_shift,2.0,1.0,0.0,5.963934841303972,5.853471509300377,0.8,0.6,0.11046333200359548,-0.11046333200359548,0,1,1,0
519,R0519,FRAGILE,PD,0.0,1.997674190406272,0.0164200715516354,-0.0519534170191534,-48.04924747738509,7.228079207590422,2.634173154717166,68.14530289337632,7.435947958991416,6,0.1352066966903189,0.1825733277366866,0.1627404501089642,reference,15.0,2.0,0.0,5.3532165171270965,5.3532165171270965,0.8,0.8,0.0,0.0,0,1,1,0
519,R0519,FRAGILE,PD,0.0,1.997674190406272,0.0164200715516354,-0.0519534170191534,-48.04924747738509,7.228079207590422,2.634173154717166,68.14530289337632,7.435947958991416,6,0.1352066966903189,0.1825733277366866,0.1627404501089642,backlash,15.0,8.0,0.0,5.415079921613808,6.24321446582511,1.0,0.6,0.8281345442113022,0.8281345442113022,1,1,1,0
519,R0519,FRAGILE,PD,0.0,1.997674190406272,0.0164200715516354,-0.0519534170191534,-48.04924747738509,7.228079207590422,2.634173154717166,68.14530289337632,7.435947958991416,6,0.1352066966903189,0.1825733277366866,0.1627404501089642,slew,80.0,1.0,0.0,2.981847764192537,72.54280180296473,1.0,0.0,69.5609540387722,69.5609540387722,1,1,0,1
519,R0519,FRAGILE,PD,0.0,1.997674190406272,0.0164200715516354,-0.0519534170191534,-48.04924747738509,7.228079207590422,2.634173154717166,68.14530289337632,7.435947958991416,6,0.1352066966903189,0.1825733277366866,0.1627404501089642,latency,15.0,2.0,0.0,4.800675539724542,5.3532165171270965,0.8,0.8,0.552540977402554,0.552540977402554,1,1,1,0
519,R0519,FRAGILE,PD,0.0,1.997674190406272,0.0164200715516354,-0.0519534170191534,-48.04924747738509,7.228079207590422,2.634173154717166,68.14530289337632,7.435947958991416,6,0.1352066966903189,0.1825733277366866,0.1627404501089642,deadband,15.0,2.0,0.0,4.961472717882087,5.3532165171270965,0.8,0.8,0.3917437992450097,0.3917437992450097,1,1,1,0
519,R0519,FRAGILE,PD,0.0,1.997674190406272,0.0164200715516354,-0.0519534170191534,-48.04924747738509,7.228079207590422,2.634173154717166,68.14530289337632,7.435947958991416,6,0.1352066966903189,0.1825733277366866,0.1627404501089642,nonlinear_aero,15.0,2.0,0.0,5.433342998304004,5.3532165171270965,0.8,0.8,0.08012648117690713,-0.08012648117690713,0,1,1,0
519,R0519,FRAGILE,PD,0.0,1.997674190406272,0.0164200715516354,-0.0519534170191534,-48.04924747738509,7.228079207590422,2.634173154717166,68.14530289337632,7.435947958991416,6,0.1352066966903189,0.1825733277366866,0.1627404501089642,dyn_aero,5.0,2.0,0.0,5.117126092586839,5.505001833554315,1.0,0.8,0.387875740967476,0.387875740967476,1,1,1,0
519,R0519,FRAGILE,PD,0.0,1.997674190406272,0.0164200715516354,-0.0519534170191534,-48.04924747738509,7.228079207590422,2.634173154717166,68.14530289337632,7.435947958991416,6,0.1352066966903189,0.1825733277366866,0.1627404501089642,thrust_curve,5.0,1.0,0.0,4.728005545724708,5.381149921226477,0.8,0.8,0.6531443755017694,0.6531443755017694,1,1,1,0
519,R0519,FRAGILE,PD,0.0,1.997674190406272,0.0164200715516354,-0.0519534170191534,-48.04924747738509,7.228079207590422,2.634173154717166,68.14530289337632,7.435947958991416,6,0.1352066966903189,0.1825733277366866,0.1627404501089642,cg_shift,80.0,8.0,0.0,6.7960280590071465,6.214028755203412,0.4,0.4,0.5819993038037348,-0.5819993038037348,0,1,1,0
171,R0171,FRAGILE,PD,0.0,1.917093042158145,0.014065692753006,-0.003363217541428,-30.02896715624164,7.117270902764103,1.401494306337212,119.32409026206084,9.224610384365471,5,0.1074752154548232,0.2175631162406859,0.0777923364969682,reference,15.0,2.0,0.0,5.406435607510458,5.406435607510458,0.6,0.6,0.0,0.0,0,1,1,0
171,R0171,FRAGILE,PD,0.0,1.917093042158145,0.014065692753006,-0.003363217541428,-30.02896715624164,7.117270902764103,1.401494306337212,119.32409026206084,9.224610384365471,5,0.1074752154548232,0.2175631162406859,0.0777923364969682,backlash,40.0,16.0,0.0,4.136649511612838,7.09103393918182,1.0,0.8,2.954384427568982,2.954384427568982,1,1,1,0
171,R0171,FRAGILE,PD,0.0,1.917093042158145,0.014065692753006,-0.003363217541428,-30.02896715624164,7.117270902764103,1.401494306337212,119.32409026206084,9.224610384365471,5,0.1074752154548232,0.2175631162406859,0.0777923364969682,slew,80.0,1.0,0.0,1.3940261715469586,43.638198286973264,1.0,0.0,42.2441721154263,42.2441721154263,1,1,0,1
171,R0171,FRAGILE,PD,0.0,1.917093042158145,0.014065692753006,-0.003363217541428,-30.02896715624164,7.117270902764103,1.401494306337212,119.32409026206084,9.224610384365471,5,0.1074752154548232,0.2175631162406859,0.0777923364969682,latency,15.0,2.0,0.0,5.713160520251501,5.406435607510458,0.6,0.6,0.30672491274104274,-0.30672491274104274,0,1,1,0
171,R0171,FRAGILE,PD,0.0,1.917093042158145,0.014065692753006,-0.003363217541428,-30.02896715624164,7.117270902764103,1.401494306337212,119.32409026206084,9.224610384365471,5,0.1074752154548232,0.2175631162406859,0.0777923364969682,deadband,5.0,1.0,0.0,4.473753924519892,4.559704837960573,0.8,0.8,0.08595091344068084,0.08595091344068084,1,1,1,0
171,R0171,FRAGILE,PD,0.0,1.917093042158145,0.014065692753006,-0.003363217541428,-30.02896715624164,7.117270902764103,1.401494306337212,119.32409026206084,9.224610384365471,5,0.1074752154548232,0.2175631162406859,0.0777923364969682,nonlinear_aero,15.0,2.0,0.0,5.406435590351123,5.406435607510458,0.6,0.6,1.715933528600999e-08,1.715933528600999e-08,1,1,1,0
171,R0171,FRAGILE,PD,0.0,1.917093042158145,0.014065692753006,-0.003363217541428,-30.02896715624164,7.117270902764103,1.401494306337212,119.32409026206084,9.224610384365471,5,0.1074752154548232,0.2175631162406859,0.0777923364969682,dyn_aero,5.0,1.0,0.0,4.658526596994497,4.559704837960573,0.8,0.8,0.09882175903392376,-0.09882175903392376,0,1,1,0
171,R0171,FRAGILE,PD,0.0,1.917093042158145,0.014065692753006,-0.003363217541428,-30.02896715624164,7.117270902764103,1.401494306337212,119.32409026206084,9.224610384365471,5,0.1074752154548232,0.2175631162406859,0.0777923364969682,thrust_curve,15.0,1.0,0.0,5.0037805888729805,6.867256524277553,0.8,0.6,1.8634759354045727,1.8634759354045727,1,1,1,0
171,R0171,FRAGILE,PD,0.0,1.917093042158145,0.014065692753006,-0.003363217541428,-30.02896715624164,7.117270902764103,1.401494306337212,119.32409026206084,9.224610384365471,5,0.1074752154548232,0.2175631162406859,0.0777923364969682,cg_shift,5.0,1.0,0.0,4.8580191773070895,4.559704837960573,0.8,0.8,0.29831433934651663,-0.29831433934651663,0,1,1,0
643,R0643,FRAGILE,PD,0.0,1.1059804020544084,0.0145010608693846,-0.0048936845944935,-74.0782438376464,13.144960304952397,2.6355232685307977,62.857271914955874,13.99886375207899,4,0.0822627066491555,0.1937819862761919,0.2188465060162773,reference,2.0,1.0,0.0,10.172893724870132,10.172893724870132,0.6,0.6,0.0,0.0,0,1,1,0
643,R0643,FRAGILE,PD,0.0,1.1059804020544084,0.0145010608693846,-0.0048936845944935,-74.0782438376464,13.144960304952397,2.6355232685307977,62.857271914955874,13.99886375207899,4,0.0822627066491555,0.1937819862761919,0.2188465060162773,backlash,5.0,1.0,0.0,5.710485034293657,12.22752545985838,0.8,0.6,6.517040425564724,6.517040425564724,1,1,1,0
643,R0643,FRAGILE,PD,0.0,1.1059804020544084,0.0145010608693846,-0.0048936845944935,-74.0782438376464,13.144960304952397,2.6355232685307977,62.857271914955874,13.99886375207899,4,0.0822627066491555,0.1937819862761919,0.2188465060162773,slew,80.0,1.0,0.0,2.051288933117924,42.70620223117999,1.0,0.0,40.65491329806206,40.65491329806206,1,1,0,1
643,R0643,FRAGILE,PD,0.0,1.1059804020544084,0.0145010608693846,-0.0048936845944935,-74.0782438376464,13.144960304952397,2.6355232685307977,62.857271914955874,13.99886375207899,4,0.0822627066491555,0.1937819862761919,0.2188465060162773,latency,15.0,8.0,0.0,9.758815554427624,10.109659561614212,0.6,0.4,0.3508440071865877,0.3508440071865877,1,1,1,0
643,R0643,FRAGILE,PD,0.0,1.1059804020544084,0.0145010608693846,-0.0048936845944935,-74.0782438376464,13.144960304952397,2.6355232685307977,62.857271914955874,13.99886375207899,4,0.0822627066491555,0.1937819862761919,0.2188465060162773,deadband,5.0,2.0,0.0,9.668109440294648,9.950011749951724,0.6,0.4,0.28190230965707563,0.28190230965707563,1,1,1,0
643,R0643,FRAGILE,PD,0.0,1.1059804020544084,0.0145010608693846,-0.0048936845944935,-74.0782438376464,13.144960304952397,2.6355232685307977,62.857271914955874,13.99886375207899,4,0.0822627066491555,0.1937819862761919,0.2188465060162773,nonlinear_aero,2.0,1.0,0.0,10.151713142496003,10.172893724870132,0.6,0.6,0.021180582374128676,0.021180582374128676,1,1,1,0
643,R0643,FRAGILE,PD,0.0,1.1059804020544084,0.0145010608693846,-0.0048936845944935,-74.0782438376464,13.144960304952397,2.6355232685307977,62.857271914955874,13.99886375207899,4,0.0822627066491555,0.1937819862761919,0.2188465060162773,dyn_aero,40.0,16.0,0.0,4.767541031811056,10.53033270436773,1.0,0.4,5.762791672556674,5.762791672556674,1,1,1,0
643,R0643,FRAGILE,PD,0.0,1.1059804020544084,0.0145010608693846,-0.0048936845944935,-74.0782438376464,13.144960304952397,2.6355232685307977,62.857271914955874,13.99886375207899,4,0.0822627066491555,0.1937819862761919,0.2188465060162773,thrust_curve,80.0,16.0,0.0,9.586530155534055,12.376509197658534,0.8,0.6,2.789979042124479,2.789979042124479,1,1,1,0
643,R0643,FRAGILE,PD,0.0,1.1059804020544084,0.0145010608693846,-0.0048936845944935,-74.0782438376464,13.144960304952397,2.6355232685307977,62.857271914955874,13.99886375207899,4,0.0822627066491555,0.1937819862761919,0.2188465060162773,cg_shift,40.0,16.0,0.0,9.506826929330202,10.53033270436773,0.6,0.4,1.0235057750375276,1.0235057750375276,1,1,1,0
157,R0157,FRAGILE,PD,0.0,1.2070635063922992,0.0267040118555463,-0.2390226020196179,-70.26850859220139,12.664168482546362,1.792985399416887,80.47701845915063,2.3272021118568045,2,0.0909788380347993,0.157661848956129,0.0720226486076974,reference,80.0,8.0,0.0,5.9479425434099795,5.9479425434099795,0.6,0.6,0.0,0.0,0,1,1,0
157,R0157,FRAGILE,PD,0.0,1.2070635063922992,0.0267040118555463,-0.2390226020196179,-70.26850859220139,12.664168482546362,1.792985399416887,80.47701845915063,2.3272021118568045,2,0.0909788380347993,0.157661848956129,0.0720226486076974,backlash,40.0,2.0,0.0,5.035511662839516,6.296634624315378,0.8,0.8,1.261122961475862,1.261122961475862,1,1,1,0
157,R0157,FRAGILE,PD,0.0,1.2070635063922992,0.0267040118555463,-0.2390226020196179,-70.26850859220139,12.664168482546362,1.792985399416887,80.47701845915063,2.3272021118568045,2,0.0909788380347993,0.157661848956129,0.0720226486076974,slew,80.0,1.0,0.0,0.7814067286338252,33.127268624720784,1.0,0.0,32.34586189608696,32.34586189608696,1,1,0,1
157,R0157,FRAGILE,PD,0.0,1.2070635063922992,0.0267040118555463,-0.2390226020196179,-70.26850859220139,12.664168482546362,1.792985399416887,80.47701845915063,2.3272021118568045,2,0.0909788380347993,0.157661848956129,0.0720226486076974,latency,80.0,8.0,0.0,5.922561007995479,5.9479425434099795,0.6,0.6,0.02538153541450061,0.02538153541450061,1,1,1,0
157,R0157,FRAGILE,PD,0.0,1.2070635063922992,0.0267040118555463,-0.2390226020196179,-70.26850859220139,12.664168482546362,1.792985399416887,80.47701845915063,2.3272021118568045,2,0.0909788380347993,0.157661848956129,0.0720226486076974,deadband,15.0,1.0,0.0,6.181026437041345,6.038186011230583,0.8,0.6,0.1428404258107614,-0.1428404258107614,0,1,1,0
157,R0157,FRAGILE,PD,0.0,1.2070635063922992,0.0267040118555463,-0.2390226020196179,-70.26850859220139,12.664168482546362,1.792985399416887,80.47701845915063,2.3272021118568045,2,0.0909788380347993,0.157661848956129,0.0720226486076974,nonlinear_aero,15.0,1.0,0.0,6.099647505419549,6.038186011230583,0.6,0.6,0.06146149418896574,-0.06146149418896574,0,1,1,0
157,R0157,FRAGILE,PD,0.0,1.2070635063922992,0.0267040118555463,-0.2390226020196179,-70.26850859220139,12.664168482546362,1.792985399416887,80.47701845915063,2.3272021118568045,2,0.0909788380347993,0.157661848956129,0.0720226486076974,dyn_aero,15.0,1.0,0.0,5.339528622549851,6.038186011230583,0.8,0.6,0.6986573886807319,0.6986573886807319,1,1,1,0
157,R0157,FRAGILE,PD,0.0,1.2070635063922992,0.0267040118555463,-0.2390226020196179,-70.26850859220139,12.664168482546362,1.792985399416887,80.47701845915063,2.3272021118568045,2,0.0909788380347993,0.157661848956129,0.0720226486076974,thrust_curve,15.0,1.0,0.0,5.328663774269305,6.038186011230583,0.6,0.6,0.7095222369612779,0.7095222369612779,1,1,1,0
157,R0157,FRAGILE,PD,0.0,1.2070635063922992,0.0267040118555463,-0.2390226020196179,-70.26850859220139,12.664168482546362,1.792985399416887,80.47701845915063,2.3272021118568045,2,0.0909788380347993,0.157661848956129,0.0720226486076974,cg_shift,15.0,1.0,0.0,5.650003436391428,6.038186011230583,0.8,0.6,0.3881825748391554,0.3881825748391554,1,1,1,0
432,R0432,FRAGILE,PD,0.0,1.8437435392112225,0.0163364549326878,-0.2718185168996739,-42.37476197425293,6.249857605554012,1.5749472222611636,115.23475042806749,4.10073696347326,3,0.1142133084116656,0.1522389941781624,0.4182095222359474,reference,80.0,8.0,0.0,6.1687902007437,6.1687902007437,0.8,0.8,0.0,0.0,0,1,1,0
432,R0432,FRAGILE,PD,0.0,1.8437435392112225,0.0163364549326878,-0.2718185168996739,-42.37476197425293,6.249857605554012,1.5749472222611636,115.23475042806749,4.10073696347326,3,0.1142133084116656,0.1522389941781624,0.4182095222359474,backlash,40.0,2.0,0.0,4.733688980123864,7.844121499357115,0.6,0.4,3.1104325192332514,3.1104325192332514,1,1,1,0
432,R0432,FRAGILE,PD,0.0,1.8437435392112225,0.0163364549326878,-0.2718185168996739,-42.37476197425293,6.249857605554012,1.5749472222611636,115.23475042806749,4.10073696347326,3,0.1142133084116656,0.1522389941781624,0.4182095222359474,slew,40.0,1.0,0.0,0.8647314036898196,25.92846568540951,1.0,0.0,25.06373428171969,25.06373428171969,1,1,0,1
432,R0432,FRAGILE,PD,0.0,1.8437435392112225,0.0163364549326878,-0.2718185168996739,-42.37476197425293,6.249857605554012,1.5749472222611636,115.23475042806749,4.10073696347326,3,0.1142133084116656,0.1522389941781624,0.4182095222359474,latency,15.0,1.0,0.0,7.182772070631439,7.533808713482469,0.8,0.8,0.35103664285102987,0.35103664285102987,1,1,1,0
432,R0432,FRAGILE,PD,0.0,1.8437435392112225,0.0163364549326878,-0.2718185168996739,-42.37476197425293,6.249857605554012,1.5749472222611636,115.23475042806749,4.10073696347326,3,0.1142133084116656,0.1522389941781624,0.4182095222359474,deadband,15.0,1.0,0.0,6.757545898094373,7.533808713482469,0.8,0.8,0.7762628153880966,0.7762628153880966,1,1,1,0
432,R0432,FRAGILE,PD,0.0,1.8437435392112225,0.0163364549326878,-0.2718185168996739,-42.37476197425293,6.249857605554012,1.5749472222611636,115.23475042806749,4.10073696347326,3,0.1142133084116656,0.1522389941781624,0.4182095222359474,nonlinear_aero,80.0,8.0,0.0,5.948269828948659,6.1687902007437,0.8,0.8,0.22052037179504147,0.22052037179504147,1,1,1,0
432,R0432,FRAGILE,PD,0.0,1.8437435392112225,0.0163364549326878,-0.2718185168996739,-42.37476197425293,6.249857605554012,1.5749472222611636,115.23475042806749,4.10073696347326,3,0.1142133084116656,0.1522389941781624,0.4182095222359474,dyn_aero,80.0,8.0,0.0,6.735712839575558,6.1687902007437,0.8,0.8,0.5669226388318576,-0.5669226388318576,0,1,1,0
432,R0432,FRAGILE,PD,0.0,1.8437435392112225,0.0163364549326878,-0.2718185168996739,-42.37476197425293,6.249857605554012,1.5749472222611636,115.23475042806749,4.10073696347326,3,0.1142133084116656,0.1522389941781624,0.4182095222359474,thrust_curve,80.0,32.0,0.0,5.294922410455396,6.270230399177977,1.0,0.8,0.9753079887225811,0.9753079887225811,1,1,1,0
432,R0432,FRAGILE,PD,0.0,1.8437435392112225,0.0163364549326878,-0.2718185168996739,-42.37476197425293,6.249857605554012,1.5749472222611636,115.23475042806749,4.10073696347326,3,0.1142133084116656,0.1522389941781624,0.4182095222359474,cg_shift,15.0,1.0,0.0,6.456106972235842,7.533808713482469,0.8,0.8,1.077701741246627,1.077701741246627,1,1,1,0
593,R0593,FRAGILE,PD,0.0,1.8337900900857025,0.0160676586602665,-0.2630064656006308,-58.02173254547533,8.560640032421993,2.5003903635336586,116.87029090965696,8.965043474060632,5,0.0179410013049196,0.1559137714555569,0.0780540268313274,reference,5.0,2.0,0.0,5.866742605550253,5.866742605550253,1.0,1.0,0.0,0.0,0,1,1,0
593,R0593,FRAGILE,PD,0.0,1.8337900900857025,0.0160676586602665,-0.2630064656006308,-58.02173254547533,8.560640032421993,2.5003903635336586,116.87029090965696,8.965043474060632,5,0.0179410013049196,0.1559137714555569,0.0780540268313274,backlash,40.0,2.0,0.0,7.0795689123237775,15.93697833002022,0.8,0.0,8.857409417696443,8.857409417696443,1,1,0,1
593,R0593,FRAGILE,PD,0.0,1.8337900900857025,0.0160676586602665,-0.2630064656006308,-58.02173254547533,8.560640032421993,2.5003903635336586,116.87029090965696,8.965043474060632,5,0.0179410013049196,0.1559137714555569,0.0780540268313274,slew,80.0,1.0,0.0,3.2643118020133803,71.80235008386605,0.8,0.0,68.53803828185266,68.53803828185266,1,1,0,1
593,R0593,FRAGILE,PD,0.0,1.8337900900857025,0.0160676586602665,-0.2630064656006308,-58.02173254547533,8.560640032421993,2.5003903635336586,116.87029090965696,8.965043474060632,5,0.0179410013049196,0.1559137714555569,0.0780540268313274,latency,15.0,8.0,0.0,5.321255546958239,6.935866129631606,1.0,0.8,1.6146105826733663,1.6146105826733663,1,1,1,0
593,R0593,FRAGILE,PD,0.0,1.8337900900857025,0.0160676586602665,-0.2630064656006308,-58.02173254547533,8.560640032421993,2.5003903635336586,116.87029090965696,8.965043474060632,5,0.0179410013049196,0.1559137714555569,0.0780540268313274,deadband,5.0,2.0,0.0,5.926454258770869,5.866742605550253,1.0,1.0,0.059711653220616334,-0.059711653220616334,0,1,1,0
593,R0593,FRAGILE,PD,0.0,1.8337900900857025,0.0160676586602665,-0.2630064656006308,-58.02173254547533,8.560640032421993,2.5003903635336586,116.87029090965696,8.965043474060632,5,0.0179410013049196,0.1559137714555569,0.0780540268313274,nonlinear_aero,5.0,2.0,0.0,5.749819590377085,5.866742605550253,1.0,1.0,0.11692301517316839,0.11692301517316839,1,1,1,0
593,R0593,FRAGILE,PD,0.0,1.8337900900857025,0.0160676586602665,-0.2630064656006308,-58.02173254547533,8.560640032421993,2.5003903635336586,116.87029090965696,8.965043474060632,5,0.0179410013049196,0.1559137714555569,0.0780540268313274,dyn_aero,15.0,8.0,0.0,5.1085542748011195,6.935866129631606,1.0,0.8,1.8273118548304863,1.8273118548304863,1,1,1,0
593,R0593,FRAGILE,PD,0.0,1.8337900900857025,0.0160676586602665,-0.2630064656006308,-58.02173254547533,8.560640032421993,2.5003903635336586,116.87029090965696,8.965043474060632,5,0.0179410013049196,0.1559137714555569,0.0780540268313274,thrust_curve,15.0,2.0,0.0,4.156900514518836,8.065836861410947,0.8,0.6,3.9089363468921112,3.9089363468921112,1,1,1,0
593,R0593,FRAGILE,PD,0.0,1.8337900900857025,0.0160676586602665,-0.2630064656006308,-58.02173254547533,8.560640032421993,2.5003903635336586,116.87029090965696,8.965043474060632,5,0.0179410013049196,0.1559137714555569,0.0780540268313274,cg_shift,5.0,2.0,0.0,6.110463634628887,5.866742605550253,1.0,1.0,0.24372102907863447,-0.24372102907863447,0,1,1,0
232,R0232,FRAGILE,PD,0.0,1.0258279814158704,0.0175185096736963,-0.1958231169262016,-83.11872210776374,12.111881453154837,2.5365355810636694,64.0034960397496,2.912630770278962,5,0.0519685041897231,0.2392807805884979,0.3894692590065188,reference,80.0,8.0,0.0,10.82952406959119,10.82952406959119,0.6,0.6,0.0,0.0,0,1,1,0
232,R0232,FRAGILE,PD,0.0,1.0258279814158704,0.0175185096736963,-0.1958231169262016,-83.11872210776374,12.111881453154837,2.5365355810636694,64.0034960397496,2.912630770278962,5,0.0519685041897231,0.2392807805884979,0.3894692590065188,backlash,80.0,8.0,0.0,6.3384996626549235,10.82952406959119,0.8,0.6,4.491024406936267,4.491024406936267,1,1,1,0
232,R0232,FRAGILE,PD,0.0,1.0258279814158704,0.0175185096736963,-0.1958231169262016,-83.11872210776374,12.111881453154837,2.5365355810636694,64.0034960397496,2.912630770278962,5,0.0519685041897231,0.2392807805884979,0.3894692590065188,slew,80.0,1.0,0.0,1.0199019469243058,142.69246443540055,1.0,0.0,141.67256248847625,141.67256248847625,1,1,0,1
232,R0232,FRAGILE,PD,0.0,1.0258279814158704,0.0175185096736963,-0.1958231169262016,-83.11872210776374,12.111881453154837,2.5365355810636694,64.0034960397496,2.912630770278962,5,0.0519685041897231,0.2392807805884979,0.3894692590065188,latency,2.0,1.0,0.0,6.934349704030838,6.513843229976629,1.0,1.0,0.4205064740542088,-0.4205064740542088,0,1,1,0
232,R0232,FRAGILE,PD,0.0,1.0258279814158704,0.0175185096736963,-0.1958231169262016,-83.11872210776374,12.111881453154837,2.5365355810636694,64.0034960397496,2.912630770278962,5,0.0519685041897231,0.2392807805884979,0.3894692590065188,deadband,5.0,2.0,0.0,7.007807217323451,6.538345211645394,1.0,0.8,0.4694620056780572,-0.4694620056780572,0,1,1,0
232,R0232,FRAGILE,PD,0.0,1.0258279814158704,0.0175185096736963,-0.1958231169262016,-83.11872210776374,12.111881453154837,2.5365355810636694,64.0034960397496,2.912630770278962,5,0.0519685041897231,0.2392807805884979,0.3894692590065188,nonlinear_aero,5.0,2.0,0.0,6.389647607593403,6.538345211645394,1.0,0.8,0.14869760405199095,0.14869760405199095,1,1,1,0
232,R0232,FRAGILE,PD,0.0,1.0258279814158704,0.0175185096736963,-0.1958231169262016,-83.11872210776374,12.111881453154837,2.5365355810636694,64.0034960397496,2.912630770278962,5,0.0519685041897231,0.2392807805884979,0.3894692590065188,dyn_aero,80.0,8.0,0.0,7.68511892606665,10.82952406959119,0.6,0.6,3.1444051435245406,3.1444051435245406,1,1,1,0
232,R0232,FRAGILE,PD,0.0,1.0258279814158704,0.0175185096736963,-0.1958231169262016,-83.11872210776374,12.111881453154837,2.5365355810636694,64.0034960397496,2.912630770278962,5,0.0519685041897231,0.2392807805884979,0.3894692590065188,thrust_curve,2.0,1.0,0.0,8.65934349785295,6.513843229976629,0.8,1.0,2.1455002678763204,-2.1455002678763204,0,1,1,0
232,R0232,FRAGILE,PD,0.0,1.0258279814158704,0.0175185096736963,-0.1958231169262016,-83.11872210776374,12.111881453154837,2.5365355810636694,64.0034960397496,2.912630770278962,5,0.0519685041897231,0.2392807805884979,0.3894692590065188,cg_shift,2.0,1.0,0.0,5.3726626740436245,6.513843229976629,1.0,1.0,1.1411805559330048,1.1411805559330048,1,1,1,0
256,R0256,FRAGILE,PD,0.0,1.6229283249648954,0.0198898713582348,-0.180926218366993,-44.26657328180034,8.242346120623896,1.9576369851142448,74.58396495208959,10.537309986748443,4,0.0437612571798862,0.1276550722965195,0.1737542449851353,reference,80.0,8.0,0.0,6.377111013330902,6.377111013330902,0.8,0.8,0.0,0.0,0,1,1,0
256,R0256,FRAGILE,PD,0.0,1.6229283249648954,0.0198898713582348,-0.180926218366993,-44.26657328180034,8.242346120623896,1.9576369851142448,74.58396495208959,10.537309986748443,4,0.0437612571798862,0.1276550722965195,0.1737542449851353,backlash,5.0,1.0,0.0,3.25581285321877,5.009919730340162,1.0,0.8,1.7541068771213917,1.7541068771213917,1,1,1,0
256,R0256,FRAGILE,PD,0.0,1.6229283249648954,0.0198898713582348,-0.180926218366993,-44.26657328180034,8.242346120623896,1.9576369851142448,74.58396495208959,10.537309986748443,4,0.0437612571798862,0.1276550722965195,0.1737542449851353,slew,40.0,1.0,0.0,1.0697471480388008,22.430060295782237,1.0,0.0,21.360313147743437,21.360313147743437,1,1,0,1
256,R0256,FRAGILE,PD,0.0,1.6229283249648954,0.0198898713582348,-0.180926218366993,-44.26657328180034,8.242346120623896,1.9576369851142448,74.58396495208959,10.537309986748443,4,0.0437612571798862,0.1276550722965195,0.1737542449851353,latency,5.0,1.0,0.0,4.490644770049727,5.009919730340162,1.0,0.8,0.519274960290435,0.519274960290435,1,1,1,0
256,R0256,FRAGILE,PD,0.0,1.6229283249648954,0.0198898713582348,-0.180926218366993,-44.26657328180034,8.242346120623896,1.9576369851142448,74.58396495208959,10.537309986748443,4,0.0437612571798862,0.1276550722965195,0.1737542449851353,deadband,2.0,1.0,0.0,4.7916402013040145,5.437028142360642,1.0,0.8,0.6453879410566277,0.6453879410566277,1,1,1,0
256,R0256,FRAGILE,PD,0.0,1.6229283249648954,0.0198898713582348,-0.180926218366993,-44.26657328180034,8.242346120623896,1.9576369851142448,74.58396495208959,10.537309986748443,4,0.0437612571798862,0.1276550722965195,0.1737542449851353,nonlinear_aero,80.0,8.0,0.0,6.3812231284463365,6.377111013330902,0.6,0.8,0.004112115115434634,-0.004112115115434634,0,1,1,0
256,R0256,FRAGILE,PD,0.0,1.6229283249648954,0.0198898713582348,-0.180926218366993,-44.26657328180034,8.242346120623896,1.9576369851142448,74.58396495208959,10.537309986748443,4,0.0437612571798862,0.1276550722965195,0.1737542449851353,dyn_aero,2.0,1.0,0.0,3.5198271770926555,5.437028142360642,1.0,0.8,1.9172009652679867,1.9172009652679867,1,1,1,0
256,R0256,FRAGILE,PD,0.0,1.6229283249648954,0.0198898713582348,-0.180926218366993,-44.26657328180034,8.242346120623896,1.9576369851142448,74.58396495208959,10.537309986748443,4,0.0437612571798862,0.1276550722965195,0.1737542449851353,thrust_curve,2.0,1.0,0.0,4.604958477893346,5.437028142360642,1.0,0.8,0.832069664467296,0.832069664467296,1,1,1,0
256,R0256,FRAGILE,PD,0.0,1.6229283249648954,0.0198898713582348,-0.180926218366993,-44.26657328180034,8.242346120623896,1.9576369851142448,74.58396495208959,10.537309986748443,4,0.0437612571798862,0.1276550722965195,0.1737542449851353,cg_shift,15.0,2.0,0.0,5.975547124967027,6.1487642253726404,0.8,0.6,0.17321710040561378,0.17321710040561378,1,1,1,0
1123,R1123,FRAGILE,PD,0.0,1.1456397260604054,0.0122348435961958,-0.0878461899550157,-43.40524453796945,9.458676564644588,1.5909223084759452,58.14060013951514,5.861519204042914,4,0.0172783116799574,0.1382454411533597,0.4034155813550271,reference,40.0,8.0,0.0,12.14617620169357,12.14617620169357,0.6,0.6,0.0,0.0,0,1,1,0
1123,R1123,FRAGILE,PD,0.0,1.1456397260604054,0.0122348435961958,-0.0878461899550157,-43.40524453796945,9.458676564644588,1.5909223084759452,58.14060013951514,5.861519204042914,4,0.0172783116799574,0.1382454411533597,0.4034155813550271,backlash,5.0,1.0,0.0,8.316745831440194,13.016195045171443,0.8,0.2,4.699449213731249,4.699449213731249,1,1,0,1
1123,R1123,FRAGILE,PD,0.0,1.1456397260604054,0.0122348435961958,-0.0878461899550157,-43.40524453796945,9.458676564644588,1.5909223084759452,58.14060013951514,5.861519204042914,4,0.0172783116799574,0.1382454411533597,0.4034155813550271,slew,40.0,1.0,0.0,1.1936375580857863,63.05275575126459,1.0,0.0,61.8591181931788,61.8591181931788,1,1,0,1
1123,R1123,FRAGILE,PD,0.0,1.1456397260604054,0.0122348435961958,-0.0878461899550157,-43.40524453796945,9.458676564644588,1.5909223084759452,58.14060013951514,5.861519204042914,4,0.0172783116799574,0.1382454411533597,0.4034155813550271,latency,5.0,1.0,0.0,13.18175943441597,13.016195045171443,0.2,0.2,0.1655643892445262,-0.1655643892445262,0,0,0,0
1123,R1123,FRAGILE,PD,0.0,1.1456397260604054,0.0122348435961958,-0.0878461899550157,-43.40524453796945,9.458676564644588,1.5909223084759452,58.14060013951514,5.861519204042914,4,0.0172783116799574,0.1382454411533597,0.4034155813550271,deadband,40.0,8.0,0.0,12.699645531043489,12.14617620169357,0.6,0.6,0.5534693293499178,-0.5534693293499178,0,1,1,0
1123,R1123,FRAGILE,PD,0.0,1.1456397260604054,0.0122348435961958,-0.0878461899550157,-43.40524453796945,9.458676564644588,1.5909223084759452,58.14060013951514,5.861519204042914,4,0.0172783116799574,0.1382454411533597,0.4034155813550271,nonlinear_aero,40.0,8.0,0.0,12.388402923371668,12.14617620169357,0.6,0.6,0.24222672167809733,-0.24222672167809733,0,1,1,0
1123,R1123,FRAGILE,PD,0.0,1.1456397260604054,0.0122348435961958,-0.0878461899550157,-43.40524453796945,9.458676564644588,1.5909223084759452,58.14060013951514,5.861519204042914,4,0.0172783116799574,0.1382454411533597,0.4034155813550271,dyn_aero,5.0,2.0,0.0,10.804700843258182,11.868859281247968,0.4,0.2,1.0641584379897857,1.0641584379897857,1,1,0,1
1123,R1123,FRAGILE,PD,0.0,1.1456397260604054,0.0122348435961958,-0.0878461899550157,-43.40524453796945,9.458676564644588,1.5909223084759452,58.14060013951514,5.861519204042914,4,0.0172783116799574,0.1382454411533597,0.4034155813550271,thrust_curve,2.0,2.0,0.0,13.271839944725077,11.551813568630358,0.2,0.2,1.7200263760947188,-1.7200263760947188,0,0,0,0
1123,R1123,FRAGILE,PD,0.0,1.1456397260604054,0.0122348435961958,-0.0878461899550157,-43.40524453796945,9.458676564644588,1.5909223084759452,58.14060013951514,5.861519204042914,4,0.0172783116799574,0.1382454411533597,0.4034155813550271,cg_shift,80.0,16.0,0.0,11.922551298264658,14.074531176122331,0.4,0.2,2.1519798778576735,2.1519798778576735,1,1,0,1
312,R0312,FRAGILE,PD,0.0,1.2296974115749986,0.0207323746285786,-0.2448291150356038,-25.934879115247185,10.3724627685572,2.564336795935951,70.69809597862557,8.365959468072013,1,0.0482469040661208,0.0517571661499254,0.2308936100060317,reference,40.0,2.0,0.0,10.8665929005344,10.8665929005344,0.6,0.6,0.0,0.0,0,1,1,0
312,R0312,FRAGILE,PD,0.0,1.2296974115749986,0.0207323746285786,-0.2448291150356038,-25.934879115247185,10.3724627685572,2.564336795935951,70.69809597862557,8.365959468072013,1,0.0482469040661208,0.0517571661499254,0.2308936100060317,backlash,40.0,16.0,0.0,4.844407944923374,4.922846520684911,1.0,1.0,0.07843857576153734,0.07843857576153734,1,1,1,0
312,R0312,FRAGILE,PD,0.0,1.2296974115749986,0.0207323746285786,-0.2448291150356038,-25.934879115247185,10.3724627685572,2.564336795935951,70.69809597862557,8.365959468072013,1,0.0482469040661208,0.0517571661499254,0.2308936100060317,slew,80.0,1.0,0.0,0.515470022187678,31.008574337368962,1.0,0.0,30.493104315181284,30.493104315181284,1,1,0,1
312,R0312,FRAGILE,PD,0.0,1.2296974115749986,0.0207323746285786,-0.2448291150356038,-25.934879115247185,10.3724627685572,2.564336795935951,70.69809597862557,8.365959468072013,1,0.0482469040661208,0.0517571661499254,0.2308936100060317,latency,40.0,2.0,0.0,10.8665929005344,10.8665929005344,0.6,0.6,0.0,0.0,0,1,1,0
312,R0312,FRAGILE,PD,0.0,1.2296974115749986,0.0207323746285786,-0.2448291150356038,-25.934879115247185,10.3724627685572,2.564336795935951,70.69809597862557,8.365959468072013,1,0.0482469040661208,0.0517571661499254,0.2308936100060317,deadband,5.0,1.0,0.0,5.609273244180512,5.888064123341937,0.8,0.6,0.2787908791614244,0.2787908791614244,1,1,1,0
312,R0312,FRAGILE,PD,0.0,1.2296974115749986,0.0207323746285786,-0.2448291150356038,-25.934879115247185,10.3724627685572,2.564336795935951,70.69809597862557,8.365959468072013,1,0.0482469040661208,0.0517571661499254,0.2308936100060317,nonlinear_aero,40.0,2.0,0.0,10.738628087911504,10.8665929005344,0.6,0.6,0.1279648126228956,0.1279648126228956,1,1,1,0
312,R0312,FRAGILE,PD,0.0,1.2296974115749986,0.0207323746285786,-0.2448291150356038,-25.934879115247185,10.3724627685572,2.564336795935951,70.69809597862557,8.365959468072013,1,0.0482469040661208,0.0517571661499254,0.2308936100060317,dyn_aero,15.0,2.0,0.0,5.342690442306976,6.8420562324613154,0.8,0.6,1.4993657901543394,1.4993657901543394,1,1,1,0
312,R0312,FRAGILE,PD,0.0,1.2296974115749986,0.0207323746285786,-0.2448291150356038,-25.934879115247185,10.3724627685572,2.564336795935951,70.69809597862557,8.365959468072013,1,0.0482469040661208,0.0517571661499254,0.2308936100060317,thrust_curve,2.0,1.0,0.0,5.656578042725657,4.76221174067829,1.0,1.0,0.8943663020473673,-0.8943663020473673,0,1,1,0
312,R0312,FRAGILE,PD,0.0,1.2296974115749986,0.0207323746285786,-0.2448291150356038,-25.934879115247185,10.3724627685572,2.564336795935951,70.69809597862557,8.365959468072013,1,0.0482469040661208,0.0517571661499254,0.2308936100060317,cg_shift,5.0,2.0,0.0,4.84564609987693,4.380882399481656,1.0,1.0,0.4647637003952738,-0.4647637003952738,0,1,1,0
1143,R1143,FRAGILE,PD,0.0,0.9959558853657734,0.0197769062368714,-0.2570504749516339,-83.21046684126088,11.639030452253795,1.874598310305133,33.35384722133409,2.3571887620368903,2,0.1399249669527124,0.180923342447505,0.4468769169795685,reference,5.0,1.0,0.0,10.115161466740437,10.115161466740437,0.6,0.6,0.0,0.0,0,1,1,0
1143,R1143,FRAGILE,PD,0.0,0.9959558853657734,0.0197769062368714,-0.2570504749516339,-83.21046684126088,11.639030452253795,1.874598310305133,33.35384722133409,2.3571887620368903,2,0.1399249669527124,0.180923342447505,0.4468769169795685,backlash,15.0,1.0,0.0,8.854809529154249,15.235568549811177,0.6,0.2,6.380759020656928,6.380759020656928,1,1,0,1
1143,R1143,FRAGILE,PD,0.0,0.9959558853657734,0.0197769062368714,-0.2570504749516339,-83.21046684126088,11.639030452253795,1.874598310305133,33.35384722133409,2.3571887620368903,2,0.1399249669527124,0.180923342447505,0.4468769169795685,slew,40.0,1.0,0.0,1.1592726230987556,54.61513712318576,1.0,0.0,53.455864500087,53.455864500087,1,1,0,1
1143,R1143,FRAGILE,PD,0.0,0.9959558853657734,0.0197769062368714,-0.2570504749516339,-83.21046684126088,11.639030452253795,1.874598310305133,33.35384722133409,2.3571887620368903,2,0.1399249669527124,0.180923342447505,0.4468769169795685,latency,2.0,2.0,0.0,8.921961317408819,9.832776995106423,0.6,0.6,0.9108156776976042,0.9108156776976042,1,1,1,0
1143,R1143,FRAGILE,PD,0.0,0.9959558853657734,0.0197769062368714,-0.2570504749516339,-83.21046684126088,11.639030452253795,1.874598310305133,33.35384722133409,2.3571887620368903,2,0.1399249669527124,0.180923342447505,0.4468769169795685,deadband,40.0,16.0,0.0,9.528460018544123,9.475686656274585,0.6,0.6,0.05277336226953899,-0.05277336226953899,0,1,1,0
1143,R1143,FRAGILE,PD,0.0,0.9959558853657734,0.0197769062368714,-0.2570504749516339,-83.21046684126088,11.639030452253795,1.874598310305133,33.35384722133409,2.3571887620368903,2,0.1399249669527124,0.180923342447505,0.4468769169795685,nonlinear_aero,5.0,1.0,0.0,10.213650312674924,10.115161466740437,0.6,0.6,0.09848884593448659,-0.09848884593448659,0,1,1,0
1143,R1143,FRAGILE,PD,0.0,0.9959558853657734,0.0197769062368714,-0.2570504749516339,-83.21046684126088,11.639030452253795,1.874598310305133,33.35384722133409,2.3571887620368903,2,0.1399249669527124,0.180923342447505,0.4468769169795685,dyn_aero,2.0,1.0,0.0,6.823427691987429,8.771450134573177,1.0,0.8,1.9480224425857484,1.9480224425857484,1,1,1,0
1143,R1143,FRAGILE,PD,0.0,0.9959558853657734,0.0197769062368714,-0.2570504749516339,-83.21046684126088,11.639030452253795,1.874598310305133,33.35384722133409,2.3571887620368903,2,0.1399249669527124,0.180923342447505,0.4468769169795685,thrust_curve,2.0,1.0,0.0,9.201335159258377,8.771450134573177,1.0,0.8,0.4298850246852002,-0.4298850246852002,0,1,1,0
1143,R1143,FRAGILE,PD,0.0,0.9959558853657734,0.0197769062368714,-0.2570504749516339,-83.21046684126088,11.639030452253795,1.874598310305133,33.35384722133409,2.3571887620368903,2,0.1399249669527124,0.180923342447505,0.4468769169795685,cg_shift,40.0,16.0,0.0,7.869423843634159,9.475686656274585,0.8,0.6,1.6062628126404253,1.6062628126404253,1,1,1,0
817,R0817,FRAGILE,PD,0.0,1.0782435664006085,0.0176834076923662,-0.0245259151616771,-79.6313319405834,10.960997074698705,1.0400505684289774,50.04460695776378,6.272451515707556,6,0.1024279658805316,0.236279817383133,0.3579981098538093,reference,15.0,8.0,0.0,10.796382187659484,10.796382187659484,0.8,0.8,0.0,0.0,0,1,1,0
817,R0817,FRAGILE,PD,0.0,1.0782435664006085,0.0176834076923662,-0.0245259151616771,-79.6313319405834,10.960997074698705,1.0400505684289774,50.04460695776378,6.272451515707556,6,0.1024279658805316,0.236279817383133,0.3579981098538093,backlash,2.0,1.0,0.0,7.729594413552381,13.218527588495354,1.0,0.6,5.488933174942972,5.488933174942972,1,1,1,0
817,R0817,FRAGILE,PD,0.0,1.0782435664006085,0.0176834076923662,-0.0245259151616771,-79.6313319405834,10.960997074698705,1.0400505684289774,50.04460695776378,6.272451515707556,6,0.1024279658805316,0.236279817383133,0.3579981098538093,slew,40.0,1.0,0.0,0.8511063973338004,36.668047591207845,1.0,0.0,35.816941193874044,35.816941193874044,1,1,0,1
817,R0817,FRAGILE,PD,0.0,1.0782435664006085,0.0176834076923662,-0.0245259151616771,-79.6313319405834,10.960997074698705,1.0400505684289774,50.04460695776378,6.272451515707556,6,0.1024279658805316,0.236279817383133,0.3579981098538093,latency,15.0,8.0,0.0,10.479134900393197,10.796382187659484,0.8,0.8,0.31724728726628726,0.31724728726628726,1,1,1,0
817,R0817,FRAGILE,PD,0.0,1.0782435664006085,0.0176834076923662,-0.0245259151616771,-79.6313319405834,10.960997074698705,1.0400505684289774,50.04460695776378,6.272451515707556,6,0.1024279658805316,0.236279817383133,0.3579981098538093,deadband,80.0,32.0,0.0,10.141877864916687,10.716431946491884,0.8,0.6,0.5745540815751973,0.5745540815751973,1,1,1,0
817,R0817,FRAGILE,PD,0.0,1.0782435664006085,0.0176834076923662,-0.0245259151616771,-79.6313319405834,10.960997074698705,1.0400505684289774,50.04460695776378,6.272451515707556,6,0.1024279658805316,0.236279817383133,0.3579981098538093,nonlinear_aero,15.0,8.0,0.0,10.79578716360227,10.796382187659484,0.8,0.8,0.0005950240572136778,0.0005950240572136778,1,1,1,0
817,R0817,FRAGILE,PD,0.0,1.0782435664006085,0.0176834076923662,-0.0245259151616771,-79.6313319405834,10.960997074698705,1.0400505684289774,50.04460695776378,6.272451515707556,6,0.1024279658805316,0.236279817383133,0.3579981098538093,dyn_aero,5.0,1.0,0.0,11.567557648039642,11.323742132997591,0.6,0.6,0.24381551504205135,-0.24381551504205135,0,1,1,0
817,R0817,FRAGILE,PD,0.0,1.0782435664006085,0.0176834076923662,-0.0245259151616771,-79.6313319405834,10.960997074698705,1.0400505684289774,50.04460695776378,6.272451515707556,6,0.1024279658805316,0.236279817383133,0.3579981098538093,thrust_curve,15.0,8.0,0.0,11.054278088830035,10.796382187659484,0.8,0.8,0.25789590117055106,-0.25789590117055106,0,1,1,0
817,R0817,FRAGILE,PD,0.0,1.0782435664006085,0.0176834076923662,-0.0245259151616771,-79.6313319405834,10.960997074698705,1.0400505684289774,50.04460695776378,6.272451515707556,6,0.1024279658805316,0.236279817383133,0.3579981098538093,cg_shift,15.0,8.0,0.0,10.777778392546459,10.796382187659484,0.8,0.8,0.0186037951130249,0.0186037951130249,1,1,1,0
380,R0380,FRAGILE,PD,0.0,1.01269362892165,0.0295916495619488,-0.1377285151450816,-21.88689853045921,12.084801593769887,1.8399579785196616,66.87058684888768,9.719308226544236,4,0.1226832725278435,0.2316475895473073,0.4496743369696221,reference,5.0,2.0,0.0,10.3026570338252,10.3026570338252,0.8,0.8,0.0,0.0,0,1,1,0
380,R0380,FRAGILE,PD,0.0,1.01269362892165,0.0295916495619488,-0.1377285151450816,-21.88689853045921,12.084801593769887,1.8399579785196616,66.87058684888768,9.719308226544236,4,0.1226832725278435,0.2316475895473073,0.4496743369696221,backlash,2.0,1.0,0.0,6.3988314838813585,11.453661168312975,1.0,0.6,5.054829684431616,5.054829684431616,1,1,1,0
380,R0380,FRAGILE,PD,0.0,1.01269362892165,0.0295916495619488,-0.1377285151450816,-21.88689853045921,12.084801593769887,1.8399579785196616,66.87058684888768,9.719308226544236,4,0.1226832725278435,0.2316475895473073,0.4496743369696221,slew,80.0,1.0,0.0,0.3573448905299106,32.84148026889234,1.0,0.0,32.48413537836243,32.48413537836243,1,1,0,1
380,R0380,FRAGILE,PD,0.0,1.01269362892165,0.0295916495619488,-0.1377285151450816,-21.88689853045921,12.084801593769887,1.8399579785196616,66.87058684888768,9.719308226544236,4,0.1226832725278435,0.2316475895473073,0.4496743369696221,latency,15.0,8.0,0.0,10.302599486892799,10.565183116417874,0.6,0.6,0.26258362952507497,0.26258362952507497,1,1,1,0
380,R0380,FRAGILE,PD,0.0,1.01269362892165,0.0295916495619488,-0.1377285151450816,-21.88689853045921,12.084801593769887,1.8399579785196616,66.87058684888768,9.719308226544236,4,0.1226832725278435,0.2316475895473073,0.4496743369696221,deadband,5.0,2.0,0.0,10.039874158193724,10.3026570338252,0.8,0.8,0.2627828756314763,0.2627828756314763,1,1,1,0
380,R0380,FRAGILE,PD,0.0,1.01269362892165,0.0295916495619488,-0.1377285151450816,-21.88689853045921,12.084801593769887,1.8399579785196616,66.87058684888768,9.719308226544236,4,0.1226832725278435,0.2316475895473073,0.4496743369696221,nonlinear_aero,5.0,2.0,0.0,10.211863050938543,10.3026570338252,0.8,0.8,0.09079398288665708,0.09079398288665708,1,1,1,0
380,R0380,FRAGILE,PD,0.0,1.01269362892165,0.0295916495619488,-0.1377285151450816,-21.88689853045921,12.084801593769887,1.8399579785196616,66.87058684888768,9.719308226544236,4,0.1226832725278435,0.2316475895473073,0.4496743369696221,dyn_aero,15.0,8.0,0.0,8.008780606504864,10.565183116417874,0.8,0.6,2.55640250991301,2.55640250991301,1,1,1,0
380,R0380,FRAGILE,PD,0.0,1.01269362892165,0.0295916495619488,-0.1377285151450816,-21.88689853045921,12.084801593769887,1.8399579785196616,66.87058684888768,9.719308226544236,4,0.1226832725278435,0.2316475895473073,0.4496743369696221,thrust_curve,5.0,1.0,0.0,10.912022979047778,10.311754670802987,0.8,0.6,0.6002683082447913,-0.6002683082447913,0,1,1,0
380,R0380,FRAGILE,PD,0.0,1.01269362892165,0.0295916495619488,-0.1377285151450816,-21.88689853045921,12.084801593769887,1.8399579785196616,66.87058684888768,9.719308226544236,4,0.1226832725278435,0.2316475895473073,0.4496743369696221,cg_shift,5.0,2.0,0.0,9.74385712915728,10.3026570338252,0.8,0.8,0.5587999046679197,0.5587999046679197,1,1,1,0
647,R0647,FRAGILE,PD,0.5032506764041501,2.030007788795992,0.0136082912419032,0.1740893961465532,-16.128459995568335,12.512339426042296,2.79808285797181,73.75537175359666,7.329318241247162,2,0.064124254011539,0.2416681196568398,0.2837336026541745,reference,5.0,1.0,0.0,6.84908185210935,6.84908185210935,0.8,0.8,0.0,0.0,0,1,1,0
647,R0647,FRAGILE,PD,0.5032506764041501,2.030007788795992,0.0136082912419032,0.1740893961465532,-16.128459995568335,12.512339426042296,2.79808285797181,73.75537175359666,7.329318241247162,2,0.064124254011539,0.2416681196568398,0.2837336026541745,backlash,15.0,2.0,0.0,6.581764565002449,8.852063220575493,0.8,0.2,2.270298655573044,2.270298655573044,1,1,0,1
647,R0647,FRAGILE,PD,0.5032506764041501,2.030007788795992,0.0136082912419032,0.1740893961465532,-16.128459995568335,12.512339426042296,2.79808285797181,73.75537175359666,7.329318241247162,2,0.064124254011539,0.2416681196568398,0.2837336026541745,slew,80.0,1.0,0.0,1.1194023402228699,90.76848968115118,1.0,0.0,89.6490873409283,89.6490873409283,1,1,0,1
647,R0647,FRAGILE,PD,0.5032506764041501,2.030007788795992,0.0136082912419032,0.1740893961465532,-16.128459995568335,12.512339426042296,2.79808285797181,73.75537175359666,7.329318241247162,2,0.064124254011539,0.2416681196568398,0.2837336026541745,latency,40.0,8.0,0.0,8.270198917619176,8.504190860545254,0.6,0.6,0.23399194292607817,0.23399194292607817,1,1,1,0
647,R0647,FRAGILE,PD,0.5032506764041501,2.030007788795992,0.0136082912419032,0.1740893961465532,-16.128459995568335,12.512339426042296,2.79808285797181,73.75537175359666,7.329318241247162,2,0.064124254011539,0.2416681196568398,0.2837336026541745,deadband,2.0,1.0,0.0,6.1221284744232225,7.577571599742036,1.0,0.8,1.4554431253188138,1.4554431253188138,1,1,1,0
647,R0647,FRAGILE,PD,0.5032506764041501,2.030007788795992,0.0136082912419032,0.1740893961465532,-16.128459995568335,12.512339426042296,2.79808285797181,73.75537175359666,7.329318241247162,2,0.064124254011539,0.2416681196568398,0.2837336026541745,nonlinear_aero,5.0,1.0,0.0,6.78060138597411,6.84908185210935,0.8,0.8,0.06848046613523984,0.06848046613523984,1,1,1,0
647,R0647,FRAGILE,PD,0.5032506764041501,2.030007788795992,0.0136082912419032,0.1740893961465532,-16.128459995568335,12.512339426042296,2.79808285797181,73.75537175359666,7.329318241247162,2,0.064124254011539,0.2416681196568398,0.2837336026541745,dyn_aero,2.0,1.0,0.0,5.9362379900110085,7.577571599742036,1.0,0.8,1.6413336097310278,1.6413336097310278,1,1,1,0
647,R0647,FRAGILE,PD,0.5032506764041501,2.030007788795992,0.0136082912419032,0.1740893961465532,-16.128459995568335,12.512339426042296,2.79808285797181,73.75537175359666,7.329318241247162,2,0.064124254011539,0.2416681196568398,0.2837336026541745,thrust_curve,2.0,1.0,0.0,6.667803388824646,7.577571599742036,1.0,0.8,0.9097682109173899,0.9097682109173899,1,1,1,0
647,R0647,FRAGILE,PD,0.5032506764041501,2.030007788795992,0.0136082912419032,0.1740893961465532,-16.128459995568335,12.512339426042296,2.79808285797181,73.75537175359666,7.329318241247162,2,0.064124254011539,0.2416681196568398,0.2837336026541745,cg_shift,40.0,16.0,0.0,9.175260370701732,8.40560047169265,0.8,0.6,0.769659899009083,-0.769659899009083,0,1,1,0
870,R0870,FRAGILE,PD,5.350639660325545,1.1817718500747092,0.0153085146021991,0.2716284188546041,-79.26187974626718,8.550826027487068,1.4553471607214523,108.32264730118357,11.868942910314583,4,0.0875564678455805,0.0282227350471865,0.0631568238706932,reference,40.0,2.0,0.0,10.266703581255943,10.266703581255943,0.6,0.6,0.0,0.0,0,1,1,0
870,R0870,FRAGILE,PD,5.350639660325545,1.1817718500747092,0.0153085146021991,0.2716284188546041,-79.26187974626718,8.550826027487068,1.4553471607214523,108.32264730118357,11.868942910314583,4,0.0875564678455805,0.0282227350471865,0.0631568238706932,backlash,15.0,1.0,0.0,6.431363710652748,6.98229297637842,0.6,0.6,0.5509292657256717,0.5509292657256717,1,1,1,0
870,R0870,FRAGILE,PD,5.350639660325545,1.1817718500747092,0.0153085146021991,0.2716284188546041,-79.26187974626718,8.550826027487068,1.4553471607214523,108.32264730118357,11.868942910314583,4,0.0875564678455805,0.0282227350471865,0.0631568238706932,slew,80.0,1.0,0.0,0.8978775191106806,28.057445613738658,1.0,0.0,27.15956809462798,27.15956809462798,1,1,0,1
870,R0870,FRAGILE,PD,5.350639660325545,1.1817718500747092,0.0153085146021991,0.2716284188546041,-79.26187974626718,8.550826027487068,1.4553471607214523,108.32264730118357,11.868942910314583,4,0.0875564678455805,0.0282227350471865,0.0631568238706932,latency,5.0,2.0,0.0,4.057417771957225,4.2391379737905055,1.0,1.0,0.1817202018332802,0.1817202018332802,1,1,1,0
870,R0870,FRAGILE,PD,5.350639660325545,1.1817718500747092,0.0153085146021991,0.2716284188546041,-79.26187974626718,8.550826027487068,1.4553471607214523,108.32264730118357,11.868942910314583,4,0.0875564678455805,0.0282227350471865,0.0631568238706932,deadband,2.0,1.0,0.0,4.041062759088115,4.936263741503472,1.0,1.0,0.8952009824153571,0.8952009824153571,1,1,1,0
870,R0870,FRAGILE,PD,5.350639660325545,1.1817718500747092,0.0153085146021991,0.2716284188546041,-79.26187974626718,8.550826027487068,1.4553471607214523,108.32264730118357,11.868942910314583,4,0.0875564678455805,0.0282227350471865,0.0631568238706932,nonlinear_aero,40.0,2.0,0.0,10.089681418077674,10.266703581255943,0.6,0.6,0.17702216317826824,0.17702216317826824,1,1,1,0
870,R0870,FRAGILE,PD,5.350639660325545,1.1817718500747092,0.0153085146021991,0.2716284188546041,-79.26187974626718,8.550826027487068,1.4553471607214523,108.32264730118357,11.868942910314583,4,0.0875564678455805,0.0282227350471865,0.0631568238706932,dyn_aero,40.0,2.0,0.0,8.952938285774426,10.266703581255943,0.6,0.6,1.3137652954815167,1.3137652954815167,1,1,1,0
870,R0870,FRAGILE,PD,5.350639660325545,1.1817718500747092,0.0153085146021991,0.2716284188546041,-79.26187974626718,8.550826027487068,1.4553471607214523,108.32264730118357,11.868942910314583,4,0.0875564678455805,0.0282227350471865,0.0631568238706932,thrust_curve,5.0,1.0,0.0,3.267238813170421,4.654843640225885,1.0,0.8,1.3876048270554642,1.3876048270554642,1,1,1,0
870,R0870,FRAGILE,PD,5.350639660325545,1.1817718500747092,0.0153085146021991,0.2716284188546041,-79.26187974626718,8.550826027487068,1.4553471607214523,108.32264730118357,11.868942910314583,4,0.0875564678455805,0.0282227350471865,0.0631568238706932,cg_shift,2.0,1.0,0.0,4.63014085299873,4.936263741503472,1.0,1.0,0.306122888504742,0.306122888504742,1,1,1,0
404,R0404,FRAGILE,PD,1.4384841328550586,1.8194935768757223,0.0105602126383309,0.1532972814955223,-53.391358337082224,7.090153087672336,2.910044029504775,65.70712584652577,8.2082791432865,3,0.1284979337999659,0.1994195099858403,0.3596527851299359,reference,40.0,8.0,0.0,12.398836202598076,12.398836202598076,0.4,0.4,0.0,0.0,0,1,1,0
404,R0404,FRAGILE,PD,1.4384841328550586,1.8194935768757223,0.0105602126383309,0.1532972814955223,-53.391358337082224,7.090153087672336,2.910044029504775,65.70712584652577,8.2082791432865,3,0.1284979337999659,0.1994195099858403,0.3596527851299359,backlash,80.0,8.0,0.0,7.6974872651337645,17.178261347604664,0.4,0.4,9.4807740824709,9.4807740824709,1,1,1,0
404,R0404,FRAGILE,PD,1.4384841328550586,1.8194935768757223,0.0105602126383309,0.1532972814955223,-53.391358337082224,7.090153087672336,2.910044029504775,65.70712584652577,8.2082791432865,3,0.1284979337999659,0.1994195099858403,0.3596527851299359,slew,80.0,1.0,0.0,1.99591053211258,129.76375101782804,1.0,0.0,127.76784048571547,127.76784048571547,1,1,0,1
404,R0404,FRAGILE,PD,1.4384841328550586,1.8194935768757223,0.0105602126383309,0.1532972814955223,-53.391358337082224,7.090153087672336,2.910044029504775,65.70712584652577,8.2082791432865,3,0.1284979337999659,0.1994195099858403,0.3596527851299359,latency,5.0,1.0,0.0,11.04925085693697,11.438737302838666,0.4,0.2,0.3894864459016958,0.3894864459016958,1,1,0,1
404,R0404,FRAGILE,PD,1.4384841328550586,1.8194935768757223,0.0105602126383309,0.1532972814955223,-53.391358337082224,7.090153087672336,2.910044029504775,65.70712584652577,8.2082791432865,3,0.1284979337999659,0.1994195099858403,0.3596527851299359,deadband,5.0,2.0,0.0,11.474440627997373,10.337492091749132,0.6,0.6,1.1369485362482408,-1.1369485362482408,0,1,1,0
404,R0404,FRAGILE,PD,1.4384841328550586,1.8194935768757223,0.0105602126383309,0.1532972814955223,-53.391358337082224,7.090153087672336,2.910044029504775,65.70712584652577,8.2082791432865,3,0.1284979337999659,0.1994195099858403,0.3596527851299359,nonlinear_aero,5.0,1.0,0.0,11.433373062434777,11.438737302838666,0.4,0.2,0.005364240403888942,0.005364240403888942,1,1,0,1
404,R0404,FRAGILE,PD,1.4384841328550586,1.8194935768757223,0.0105602126383309,0.1532972814955223,-53.391358337082224,7.090153087672336,2.910044029504775,65.70712584652577,8.2082791432865,3,0.1284979337999659,0.1994195099858403,0.3596527851299359,dyn_aero,2.0,1.0,0.0,8.318572067446842,9.502211889627812,0.8,0.6,1.1836398221809699,1.1836398221809699,1,1,1,0
404,R0404,FRAGILE,PD,1.4384841328550586,1.8194935768757223,0.0105602126383309,0.1532972814955223,-53.391358337082224,7.090153087672336,2.910044029504775,65.70712584652577,8.2082791432865,3,0.1284979337999659,0.1994195099858403,0.3596527851299359,thrust_curve,15.0,8.0,0.0,9.22461534458875,11.463418246251832,0.8,0.4,2.2388029016630817,2.2388029016630817,1,1,1,0
404,R0404,FRAGILE,PD,1.4384841328550586,1.8194935768757223,0.0105602126383309,0.1532972814955223,-53.391358337082224,7.090153087672336,2.910044029504775,65.70712584652577,8.2082791432865,3,0.1284979337999659,0.1994195099858403,0.3596527851299359,cg_shift,40.0,8.0,0.0,11.488919461098243,12.398836202598076,0.4,0.4,0.909916741499833,0.909916741499833,1,1,1,0
625,R0625,FRAGILE,PD,1.2570873434708223,1.4141076423902126,0.0128037410927466,0.2291938156398863,-21.011277810692363,12.710190248889614,1.319102905646906,17.37260923149899,12.687252904147924,4,0.074479894583292,0.1269119998278297,0.411495940421036,reference,80.0,8.0,0.0,16.08877049686095,16.08877049686095,0.6,0.6,0.0,0.0,0,1,1,0
625,R0625,FRAGILE,PD,1.2570873434708223,1.4141076423902126,0.0128037410927466,0.2291938156398863,-21.011277810692363,12.710190248889614,1.319102905646906,17.37260923149899,12.687252904147924,4,0.074479894583292,0.1269119998278297,0.411495940421036,backlash,5.0,1.0,0.0,12.346048617767057,21.635552434898397,0.8,0.2,9.28950381713134,9.28950381713134,1,1,0,1
625,R0625,FRAGILE,PD,1.2570873434708223,1.4141076423902126,0.0128037410927466,0.2291938156398863,-21.011277810692363,12.710190248889614,1.319102905646906,17.37260923149899,12.687252904147924,4,0.074479894583292,0.1269119998278297,0.411495940421036,slew,80.0,1.0,0.0,1.3388436933354904,42.74994928519404,1.0,0.0,41.41110559185855,41.41110559185855,1,1,0,1
625,R0625,FRAGILE,PD,1.2570873434708223,1.4141076423902126,0.0128037410927466,0.2291938156398863,-21.011277810692363,12.710190248889614,1.319102905646906,17.37260923149899,12.687252904147924,4,0.074479894583292,0.1269119998278297,0.411495940421036,latency,80.0,8.0,0.0,15.802881955305471,16.08877049686095,0.6,0.6,0.2858885415554777,0.2858885415554777,1,1,1,0
625,R0625,FRAGILE,PD,1.2570873434708223,1.4141076423902126,0.0128037410927466,0.2291938156398863,-21.011277810692363,12.710190248889614,1.319102905646906,17.37260923149899,12.687252904147924,4,0.074479894583292,0.1269119998278297,0.411495940421036,deadband,80.0,8.0,0.0,16.073290320344103,16.08877049686095,0.6,0.6,0.015480176516845745,0.015480176516845745,1,1,1,0
625,R0625,FRAGILE,PD,1.2570873434708223,1.4141076423902126,0.0128037410927466,0.2291938156398863,-21.011277810692363,12.710190248889614,1.319102905646906,17.37260923149899,12.687252904147924,4,0.074479894583292,0.1269119998278297,0.411495940421036,nonlinear_aero,80.0,8.0,0.0,16.112822131838065,16.08877049686095,0.6,0.6,0.024051634977116265,-0.024051634977116265,0,1,1,0
625,R0625,FRAGILE,PD,1.2570873434708223,1.4141076423902126,0.0128037410927466,0.2291938156398863,-21.011277810692363,12.710190248889614,1.319102905646906,17.37260923149899,12.687252904147924,4,0.074479894583292,0.1269119998278297,0.411495940421036,dyn_aero,80.0,8.0,0.0,15.68980541011447,16.08877049686095,0.8,0.6,0.3989650867464789,0.3989650867464789,1,1,1,0
625,R0625,FRAGILE,PD,1.2570873434708223,1.4141076423902126,0.0128037410927466,0.2291938156398863,-21.011277810692363,12.710190248889614,1.319102905646906,17.37260923149899,12.687252904147924,4,0.074479894583292,0.1269119998278297,0.411495940421036,thrust_curve,15.0,1.0,0.0,15.897051731161628,15.102877620874768,0.6,0.2,0.7941741102868605,-0.7941741102868605,0,1,0,1
625,R0625,FRAGILE,PD,1.2570873434708223,1.4141076423902126,0.0128037410927466,0.2291938156398863,-21.011277810692363,12.710190248889614,1.319102905646906,17.37260923149899,12.687252904147924,4,0.074479894583292,0.1269119998278297,0.411495940421036,cg_shift,80.0,8.0,0.0,15.486604141656205,16.08877049686095,0.8,0.6,0.6021663552047443,0.6021663552047443,1,1,1,0
360,R0360,FRAGILE,PD,0.0788436834153817,1.9381573423787903,0.0100861163139586,0.0119734456379059,-29.116873236349434,12.74354299162547,1.757489823771825,57.526434538648125,12.989650785597911,4,0.0788689609068144,0.1681632738312722,0.1693228449978382,reference,2.0,1.0,0.0,7.735227686143219,7.735227686143219,0.8,0.8,0.0,0.0,0,1,1,0
360,R0360,FRAGILE,PD,0.0788436834153817,1.9381573423787903,0.0100861163139586,0.0119734456379059,-29.116873236349434,12.74354299162547,1.757489823771825,57.526434538648125,12.989650785597911,4,0.0788689609068144,0.1681632738312722,0.1693228449978382,backlash,5.0,1.0,0.0,4.345639489449735,8.503244333037609,0.8,0.6,4.157604843587873,4.157604843587873,1,1,1,0
360,R0360,FRAGILE,PD,0.0788436834153817,1.9381573423787903,0.0100861163139586,0.0119734456379059,-29.116873236349434,12.74354299162547,1.757489823771825,57.526434538648125,12.989650785597911,4,0.0788689609068144,0.1681632738312722,0.1693228449978382,slew,80.0,1.0,0.0,2.1563113138822994,35.82454342467595,1.0,0.0,33.66823211079365,33.66823211079365,1,1,0,1
360,R0360,FRAGILE,PD,0.0788436834153817,1.9381573423787903,0.0100861163139586,0.0119734456379059,-29.116873236349434,12.74354299162547,1.757489823771825,57.526434538648125,12.989650785597911,4,0.0788689609068144,0.1681632738312722,0.1693228449978382,latency,2.0,1.0,0.0,7.099635180244498,7.735227686143219,1.0,0.8,0.6355925058987211,0.6355925058987211,1,1,1,0
360,R0360,FRAGILE,PD,0.0788436834153817,1.9381573423787903,0.0100861163139586,0.0119734456379059,-29.116873236349434,12.74354299162547,1.757489823771825,57.526434538648125,12.989650785597911,4,0.0788689609068144,0.1681632738312722,0.1693228449978382,deadband,5.0,2.0,0.0,6.793494901432912,7.346710666365875,0.8,0.8,0.553215764932963,0.553215764932963,1,1,1,0
360,R0360,FRAGILE,PD,0.0788436834153817,1.9381573423787903,0.0100861163139586,0.0119734456379059,-29.116873236349434,12.74354299162547,1.757489823771825,57.526434538648125,12.989650785597911,4,0.0788689609068144,0.1681632738312722,0.1693228449978382,nonlinear_aero,2.0,1.0,0.0,7.735467507067485,7.735227686143219,0.8,0.8,0.00023982092426599877,-0.00023982092426599877,0,1,1,0
360,R0360,FRAGILE,PD,0.0788436834153817,1.9381573423787903,0.0100861163139586,0.0119734456379059,-29.116873236349434,12.74354299162547,1.757489823771825,57.526434538648125,12.989650785597911,4,0.0788689609068144,0.1681632738312722,0.1693228449978382,dyn_aero,80.0,32.0,0.0,5.925229278447754,7.007115635386765,0.8,0.6,1.0818863569390116,1.0818863569390116,1,1,1,0
360,R0360,FRAGILE,PD,0.0788436834153817,1.9381573423787903,0.0100861163139586,0.0119734456379059,-29.116873236349434,12.74354299162547,1.757489823771825,57.526434538648125,12.989650785597911,4,0.0788689609068144,0.1681632738312722,0.1693228449978382,thrust_curve,15.0,8.0,0.0,7.450212735019446,6.7752435412285905,0.8,0.8,0.6749691937908553,-0.6749691937908553,0,1,1,0
360,R0360,FRAGILE,PD,0.0788436834153817,1.9381573423787903,0.0100861163139586,0.0119734456379059,-29.116873236349434,12.74354299162547,1.757489823771825,57.526434538648125,12.989650785597911,4,0.0788689609068144,0.1681632738312722,0.1693228449978382,cg_shift,40.0,16.0,0.0,6.356351429055339,6.591446902884409,0.6,0.8,0.23509547382907048,0.23509547382907048,1,1,1,0
1092,R1092,FRAGILE,PD,3.1011152747776727,1.0689199080214866,0.0127074139796943,0.2825560309275727,-41.610675560467776,11.547300213957923,1.2920572013024123,102.9514750085741,3.4874520494081267,2,0.1153272538919876,0.1752058431001082,0.116530734829264,reference,40.0,2.0,0.0,6.082450463206085,6.082450463206085,0.6,0.6,0.0,0.0,0,1,1,0
1092,R1092,FRAGILE,PD,3.1011152747776727,1.0689199080214866,0.0127074139796943,0.2825560309275727,-41.610675560467776,11.547300213957923,1.2920572013024123,102.9514750085741,3.4874520494081267,2,0.1153272538919876,0.1752058431001082,0.116530734829264,backlash,15.0,1.0,0.0,5.538175693860818,6.460586670795817,1.0,0.8,0.9224109769349988,0.9224109769349988,1,1,1,0
1092,R1092,FRAGILE,PD,3.1011152747776727,1.0689199080214866,0.0127074139796943,0.2825560309275727,-41.610675560467776,11.547300213957923,1.2920572013024123,102.9514750085741,3.4874520494081267,2,0.1153272538919876,0.1752058431001082,0.116530734829264,slew,15.0,1.0,0.0,1.3085098696649116,6.460586670795817,1.0,0.8,5.152076801130906,5.152076801130906,1,1,1,0
1092,R1092,FRAGILE,PD,3.1011152747776727,1.0689199080214866,0.0127074139796943,0.2825560309275727,-41.610675560467776,11.547300213957923,1.2920572013024123,102.9514750085741,3.4874520494081267,2,0.1153272538919876,0.1752058431001082,0.116530734829264,latency,40.0,2.0,0.0,5.445883510682415,6.082450463206085,0.6,0.6,0.6365669525236699,0.6365669525236699,1,1,1,0
1092,R1092,FRAGILE,PD,3.1011152747776727,1.0689199080214866,0.0127074139796943,0.2825560309275727,-41.610675560467776,11.547300213957923,1.2920572013024123,102.9514750085741,3.4874520494081267,2,0.1153272538919876,0.1752058431001082,0.116530734829264,deadband,15.0,1.0,0.0,5.662042436883394,6.460586670795817,0.8,0.8,0.7985442339124234,0.7985442339124234,1,1,1,0
1092,R1092,FRAGILE,PD,3.1011152747776727,1.0689199080214866,0.0127074139796943,0.2825560309275727,-41.610675560467776,11.547300213957923,1.2920572013024123,102.9514750085741,3.4874520494081267,2,0.1153272538919876,0.1752058431001082,0.116530734829264,nonlinear_aero,40.0,2.0,0.0,6.1020136557223195,6.082450463206085,0.6,0.6,0.01956319251623473,-0.01956319251623473,0,1,1,0
1092,R1092,FRAGILE,PD,3.1011152747776727,1.0689199080214866,0.0127074139796943,0.2825560309275727,-41.610675560467776,11.547300213957923,1.2920572013024123,102.9514750085741,3.4874520494081267,2,0.1153272538919876,0.1752058431001082,0.116530734829264,dyn_aero,40.0,2.0,0.0,5.972716736872661,6.082450463206085,0.6,0.6,0.10973372633342393,0.10973372633342393,1,1,1,0
1092,R1092,FRAGILE,PD,3.1011152747776727,1.0689199080214866,0.0127074139796943,0.2825560309275727,-41.610675560467776,11.547300213957923,1.2920572013024123,102.9514750085741,3.4874520494081267,2,0.1153272538919876,0.1752058431001082,0.116530734829264,thrust_curve,15.0,8.0,0.0,4.353012076918672,5.423259039275942,1.0,0.8,1.0702469623572703,1.0702469623572703,1,1,1,0
1092,R1092,FRAGILE,PD,3.1011152747776727,1.0689199080214866,0.0127074139796943,0.2825560309275727,-41.610675560467776,11.547300213957923,1.2920572013024123,102.9514750085741,3.4874520494081267,2,0.1153272538919876,0.1752058431001082,0.116530734829264,cg_shift,80.0,8.0,0.0,5.931816823374019,6.559676774737009,0.8,0.8,0.6278599513629901,0.6278599513629901,1,1,1,0
471,R0471,FRAGILE,PD,0.8582831656062889,1.574864740201645,0.0155369403813751,0.1218396455238716,-36.67400592370527,12.28873444991347,2.436304859791213,100.64368300801316,14.498501207576645,4,0.0933417907029206,0.1119993194533701,0.2130172699917419,reference,2.0,1.0,0.0,7.220036476963719,7.220036476963719,0.8,0.8,0.0,0.0,0,1,1,0
471,R0471,FRAGILE,PD,0.8582831656062889,1.574864740201645,0.0155369403813751,0.1218396455238716,-36.67400592370527,12.28873444991347,2.436304859791213,100.64368300801316,14.498501207576645,4,0.0933417907029206,0.1119993194533701,0.2130172699917419,backlash,40.0,2.0,0.0,10.583752379532502,17.281543583494933,0.6,0.0,6.697791203962431,6.697791203962431,1,1,0,1
471,R0471,FRAGILE,PD,0.8582831656062889,1.574864740201645,0.0155369403813751,0.1218396455238716,-36.67400592370527,12.28873444991347,2.436304859791213,100.64368300801316,14.498501207576645,4,0.0933417907029206,0.1119993194533701,0.2130172699917419,slew,40.0,1.0,0.0,2.6748344905841597,41.4872242110825,1.0,0.0,38.81238972049834,38.81238972049834,1,1,0,1
471,R0471,FRAGILE,PD,0.8582831656062889,1.574864740201645,0.0155369403813751,0.1218396455238716,-36.67400592370527,12.28873444991347,2.436304859791213,100.64368300801316,14.498501207576645,4,0.0933417907029206,0.1119993194533701,0.2130172699917419,latency,5.0,1.0,0.0,6.00170137314622,7.815782454401303,0.6,0.6,1.8140810812550825,1.8140810812550825,1,1,1,0
471,R0471,FRAGILE,PD,0.8582831656062889,1.574864740201645,0.0155369403813751,0.1218396455238716,-36.67400592370527,12.28873444991347,2.436304859791213,100.64368300801316,14.498501207576645,4,0.0933417907029206,0.1119993194533701,0.2130172699917419,deadband,5.0,1.0,0.0,8.4213274004933,7.815782454401303,0.6,0.6,0.6055449460919977,-0.6055449460919977,0,1,1,0
471,R0471,FRAGILE,PD,0.8582831656062889,1.574864740201645,0.0155369403813751,0.1218396455238716,-36.67400592370527,12.28873444991347,2.436304859791213,100.64368300801316,14.498501207576645,4,0.0933417907029206,0.1119993194533701,0.2130172699917419,nonlinear_aero,2.0,1.0,0.0,7.295271555914989,7.220036476963719,0.8,0.8,0.07523507895127057,-0.07523507895127057,0,1,1,0
471,R0471,FRAGILE,PD,0.8582831656062889,1.574864740201645,0.0155369403813751,0.1218396455238716,-36.67400592370527,12.28873444991347,2.436304859791213,100.64368300801316,14.498501207576645,4,0.0933417907029206,0.1119993194533701,0.2130172699917419,dyn_aero,15.0,2.0,0.0,7.058076155435744,8.58763373433288,0.8,0.4,1.5295575788971352,1.5295575788971352,1,1,1,0
471,R0471,FRAGILE,PD,0.8582831656062889,1.574864740201645,0.0155369403813751,0.1218396455238716,-36.67400592370527,12.28873444991347,2.436304859791213,100.64368300801316,14.498501207576645,4,0.0933417907029206,0.1119993194533701,0.2130172699917419,thrust_curve,2.0,1.0,0.0,6.572005242456039,7.220036476963719,0.8,0.8,0.6480312345076795,0.6480312345076795,1,1,1,0
471,R0471,FRAGILE,PD,0.8582831656062889,1.574864740201645,0.0155369403813751,0.1218396455238716,-36.67400592370527,12.28873444991347,2.436304859791213,100.64368300801316,14.498501207576645,4,0.0933417907029206,0.1119993194533701,0.2130172699917419,cg_shift,40.0,8.0,0.0,7.220294673781535,9.478202525831126,0.6,0.6,2.2579078520495903,2.2579078520495903,1,1,1,0
255,R0255,FRAGILE,PD,0.0804857164823063,1.480035534991437,0.0102468153446987,0.0159643854819289,-27.0519786024804,13.600565527107552,2.5879967000408914,82.82027866436434,14.682474561755628,1,0.0684124958402238,0.0804027608505112,0.356967947659954,reference,40.0,8.0,0.0,11.301646033340807,11.301646033340807,0.6,0.6,0.0,0.0,0,1,1,0
255,R0255,FRAGILE,PD,0.0804857164823063,1.480035534991437,0.0102468153446987,0.0159643854819289,-27.0519786024804,13.600565527107552,2.5879967000408914,82.82027866436434,14.682474561755628,1,0.0684124958402238,0.0804027608505112,0.356967947659954,backlash,5.0,1.0,0.0,6.925826330758122,12.306126549950838,0.8,0.4,5.380300219192716,5.380300219192716,1,1,1,0
255,R0255,FRAGILE,PD,0.0804857164823063,1.480035534991437,0.0102468153446987,0.0159643854819289,-27.0519786024804,13.600565527107552,2.5879967000408914,82.82027866436434,14.682474561755628,1,0.0684124958402238,0.0804027608505112,0.356967947659954,slew,80.0,1.0,0.0,0.40735769870292443,83.50350539091899,1.0,0.0,83.09614769221606,83.09614769221606,1,1,0,1
255,R0255,FRAGILE,PD,0.0804857164823063,1.480035534991437,0.0102468153446987,0.0159643854819289,-27.0519786024804,13.600565527107552,2.5879967000408914,82.82027866436434,14.682474561755628,1,0.0684124958402238,0.0804027608505112,0.356967947659954,latency,40.0,8.0,0.0,11.301646033340807,11.301646033340807,0.6,0.6,0.0,0.0,0,1,1,0
255,R0255,FRAGILE,PD,0.0804857164823063,1.480035534991437,0.0102468153446987,0.0159643854819289,-27.0519786024804,13.600565527107552,2.5879967000408914,82.82027866436434,14.682474561755628,1,0.0684124958402238,0.0804027608505112,0.356967947659954,deadband,5.0,1.0,0.0,11.133976710476109,12.306126549950838,0.4,0.4,1.172149839474729,1.172149839474729,1,1,1,0
255,R0255,FRAGILE,PD,0.0804857164823063,1.480035534991437,0.0102468153446987,0.0159643854819289,-27.0519786024804,13.600565527107552,2.5879967000408914,82.82027866436434,14.682474561755628,1,0.0684124958402238,0.0804027608505112,0.356967947659954,nonlinear_aero,80.0,16.0,0.0,11.819178574539256,11.748737878632273,0.4,0.4,0.07044069590698321,-0.07044069590698321,0,1,1,0
255,R0255,FRAGILE,PD,0.0804857164823063,1.480035534991437,0.0102468153446987,0.0159643854819289,-27.0519786024804,13.600565527107552,2.5879967000408914,82.82027866436434,14.682474561755628,1,0.0684124958402238,0.0804027608505112,0.356967947659954,dyn_aero,5.0,1.0,0.0,10.593821293627002,12.306126549950838,0.6,0.4,1.7123052563238357,1.7123052563238357,1,1,1,0
255,R0255,FRAGILE,PD,0.0804857164823063,1.480035534991437,0.0102468153446987,0.0159643854819289,-27.0519786024804,13.600565527107552,2.5879967000408914,82.82027866436434,14.682474561755628,1,0.0684124958402238,0.0804027608505112,0.356967947659954,thrust_curve,2.0,1.0,0.0,11.05645571061994,8.73990845887182,0.8,0.4,2.316547251748119,-2.316547251748119,0,1,1,0
255,R0255,FRAGILE,PD,0.0804857164823063,1.480035534991437,0.0102468153446987,0.0159643854819289,-27.0519786024804,13.600565527107552,2.5879967000408914,82.82027866436434,14.682474561755628,1,0.0684124958402238,0.0804027608505112,0.356967947659954,cg_shift,5.0,1.0,0.0,10.39784361686161,12.306126549950838,0.4,0.4,1.908282933089227,1.908282933089227,1,1,1,0
199,R0199,FRAGILE,PD,1.3887610688238876,1.2585921181942024,0.0132909555080738,0.1462827270323703,-45.903337726675176,11.306234413601056,2.101446918043316,10.337494625808898,3.266052126793942,4,0.1048053807965738,0.1263896547712586,0.1425365135014948,reference,5.0,2.0,0.0,7.6007546874294984,7.6007546874294984,0.8,0.8,0.0,0.0,0,1,1,0
199,R0199,FRAGILE,PD,1.3887610688238876,1.2585921181942024,0.0132909555080738,0.1462827270323703,-45.903337726675176,11.306234413601056,2.101446918043316,10.337494625808898,3.266052126793942,4,0.1048053807965738,0.1263896547712586,0.1425365135014948,backlash,80.0,8.0,0.0,6.617052387471655,10.671110941649115,0.6,0.4,4.05405855417746,4.05405855417746,1,1,1,0
199,R0199,FRAGILE,PD,1.3887610688238876,1.2585921181942024,0.0132909555080738,0.1462827270323703,-45.903337726675176,11.306234413601056,2.101446918043316,10.337494625808898,3.266052126793942,4,0.1048053807965738,0.1263896547712586,0.1425365135014948,slew,80.0,1.0,0.0,0.9952029474199285,23.23680714261399,1.0,0.2,22.24160419519406,22.24160419519406,1,1,0,1
199,R0199,FRAGILE,PD,1.3887610688238876,1.2585921181942024,0.0132909555080738,0.1462827270323703,-45.903337726675176,11.306234413601056,2.101446918043316,10.337494625808898,3.266052126793942,4,0.1048053807965738,0.1263896547712586,0.1425365135014948,latency,40.0,16.0,0.0,7.108180703791861,8.050634270885944,1.0,0.8,0.9424535670940823,0.9424535670940823,1,1,1,0
199,R0199,FRAGILE,PD,1.3887610688238876,1.2585921181942024,0.0132909555080738,0.1462827270323703,-45.903337726675176,11.306234413601056,2.101446918043316,10.337494625808898,3.266052126793942,4,0.1048053807965738,0.1263896547712586,0.1425365135014948,deadband,15.0,8.0,0.0,7.693651021107942,8.571932750517274,0.6,0.6,0.8782817294093315,0.8782817294093315,1,1,1,0
199,R0199,FRAGILE,PD,1.3887610688238876,1.2585921181942024,0.0132909555080738,0.1462827270323703,-45.903337726675176,11.306234413601056,2.101446918043316,10.337494625808898,3.266052126793942,4,0.1048053807965738,0.1263896547712586,0.1425365135014948,nonlinear_aero,5.0,2.0,0.0,7.553370630559812,7.6007546874294984,1.0,0.8,0.04738405686968683,0.04738405686968683,1,1,1,0
199,R0199,FRAGILE,PD,1.3887610688238876,1.2585921181942024,0.0132909555080738,0.1462827270323703,-45.903337726675176,11.306234413601056,2.101446918043316,10.337494625808898,3.266052126793942,4,0.1048053807965738,0.1263896547712586,0.1425365135014948,dyn_aero,40.0,16.0,0.0,6.179567071957269,8.050634270885944,1.0,0.8,1.8710671989286745,1.8710671989286745,1,1,1,0
199,R0199,FRAGILE,PD,1.3887610688238876,1.2585921181942024,0.0132909555080738,0.1462827270323703,-45.903337726675176,11.306234413601056,2.101446918043316,10.337494625808898,3.266052126793942,4,0.1048053807965738,0.1263896547712586,0.1425365135014948,thrust_curve,15.0,2.0,0.0,6.38372802711256,9.594781374854431,0.8,0.6,3.2110533477418715,3.2110533477418715,1,1,1,0
199,R0199,FRAGILE,PD,1.3887610688238876,1.2585921181942024,0.0132909555080738,0.1462827270323703,-45.903337726675176,11.306234413601056,2.101446918043316,10.337494625808898,3.266052126793942,4,0.1048053807965738,0.1263896547712586,0.1425365135014948,cg_shift,5.0,2.0,0.0,7.999398514967064,7.6007546874294984,0.8,0.8,0.39864382753756544,-0.39864382753756544,0,1,1,0
878,R0878,FRAGILE,PD,1.4970089749282018,1.0573149808079292,0.0246933174197379,0.2531989995833532,-28.92403232867084,11.659495404811627,2.1512540663374065,53.12827673331423,7.0511395343780645,2,0.0145312641040052,0.1687954615176707,0.3477890554144321,reference,2.0,2.0,0.0,10.03920946572506,10.03920946572506,0.6,0.6,0.0,0.0,0,1,1,0
878,R0878,FRAGILE,PD,1.4970089749282018,1.0573149808079292,0.0246933174197379,0.2531989995833532,-28.92403232867084,11.659495404811627,2.1512540663374065,53.12827673331423,7.0511395343780645,2,0.0145312641040052,0.1687954615176707,0.3477890554144321,backlash,5.0,1.0,0.0,6.087325817053403,9.614035913015915,0.6,0.6,3.526710095962512,3.526710095962512,1,1,1,0
878,R0878,FRAGILE,PD,1.4970089749282018,1.0573149808079292,0.0246933174197379,0.2531989995833532,-28.92403232867084,11.659495404811627,2.1512540663374065,53.12827673331423,7.0511395343780645,2,0.0145312641040052,0.1687954615176707,0.3477890554144321,slew,40.0,1.0,0.0,0.6128027337473456,27.910099230001823,1.0,0.0,27.29729649625448,27.29729649625448,1,1,0,1
878,R0878,FRAGILE,PD,1.4970089749282018,1.0573149808079292,0.0246933174197379,0.2531989995833532,-28.92403232867084,11.659495404811627,2.1512540663374065,53.12827673331423,7.0511395343780645,2,0.0145312641040052,0.1687954615176707,0.3477890554144321,latency,40.0,16.0,0.0,8.280391156365232,9.825918025604107,0.8,0.4,1.5455268692388753,1.5455268692388753,1,1,1,0
878,R0878,FRAGILE,PD,1.4970089749282018,1.0573149808079292,0.0246933174197379,0.2531989995833532,-28.92403232867084,11.659495404811627,2.1512540663374065,53.12827673331423,7.0511395343780645,2,0.0145312641040052,0.1687954615176707,0.3477890554144321,deadband,2.0,2.0,0.0,9.83772100157476,10.03920946572506,0.6,0.6,0.20148846415029986,0.20148846415029986,1,1,1,0
878,R0878,FRAGILE,PD,1.4970089749282018,1.0573149808079292,0.0246933174197379,0.2531989995833532,-28.92403232867084,11.659495404811627,2.1512540663374065,53.12827673331423,7.0511395343780645,2,0.0145312641040052,0.1687954615176707,0.3477890554144321,nonlinear_aero,80.0,32.0,0.0,8.627180273965418,9.241690181896837,0.6,0.4,0.6145099079314189,0.6145099079314189,1,1,1,0
878,R0878,FRAGILE,PD,1.4970089749282018,1.0573149808079292,0.0246933174197379,0.2531989995833532,-28.92403232867084,11.659495404811627,2.1512540663374065,53.12827673331423,7.0511395343780645,2,0.0145312641040052,0.1687954615176707,0.3477890554144321,dyn_aero,40.0,16.0,0.0,5.963666473652217,9.825918025604107,0.8,0.4,3.86225155195189,3.86225155195189,1,1,1,0
878,R0878,FRAGILE,PD,1.4970089749282018,1.0573149808079292,0.0246933174197379,0.2531989995833532,-28.92403232867084,11.659495404811627,2.1512540663374065,53.12827673331423,7.0511395343780645,2,0.0145312641040052,0.1687954615176707,0.3477890554144321,thrust_curve,5.0,2.0,0.0,9.320790032405352,8.90260736514017,0.8,0.4,0.4181826672651816,-0.4181826672651816,0,1,1,0
878,R0878,FRAGILE,PD,1.4970089749282018,1.0573149808079292,0.0246933174197379,0.2531989995833532,-28.92403232867084,11.659495404811627,2.1512540663374065,53.12827673331423,7.0511395343780645,2,0.0145312641040052,0.1687954615176707,0.3477890554144321,cg_shift,2.0,1.0,0.0,8.659646374842856,9.985276698626967,0.6,0.6,1.325630323784111,1.325630323784111,1,1,1,0
282,R0282,FRAGILE,PD,2.524835305236641,1.4660300087031477,0.0257546569238736,0.2341199112035086,-58.11868873441475,10.436530287983564,2.6106044390205394,88.3748533220586,13.555810080955098,5,0.1437007587529978,0.2112652464383179,0.311433840884138,reference,2.0,1.0,0.0,6.46129202623856,6.46129202623856,1.0,1.0,0.0,0.0,0,1,1,0
282,R0282,FRAGILE,PD,2.524835305236641,1.4660300087031477,0.0257546569238736,0.2341199112035086,-58.11868873441475,10.436530287983564,2.6106044390205394,88.3748533220586,13.555810080955098,5,0.1437007587529978,0.2112652464383179,0.311433840884138,backlash,15.0,2.0,0.0,6.161264637250513,9.627872188168315,0.8,0.6,3.466607550917802,3.466607550917802,1,1,1,0
282,R0282,FRAGILE,PD,2.524835305236641,1.4660300087031477,0.0257546569238736,0.2341199112035086,-58.11868873441475,10.436530287983564,2.6106044390205394,88.3748533220586,13.555810080955098,5,0.1437007587529978,0.2112652464383179,0.311433840884138,slew,80.0,1.0,0.0,1.9986882897292488,34.022311862737105,1.0,0.0,32.02362357300785,32.02362357300785,1,1,0,1
282,R0282,FRAGILE,PD,2.524835305236641,1.4660300087031477,0.0257546569238736,0.2341199112035086,-58.11868873441475,10.436530287983564,2.6106044390205394,88.3748533220586,13.555810080955098,5,0.1437007587529978,0.2112652464383179,0.311433840884138,latency,2.0,1.0,0.0,6.299946279828712,6.46129202623856,1.0,1.0,0.16134574640984845,0.16134574640984845,1,1,1,0
282,R0282,FRAGILE,PD,2.524835305236641,1.4660300087031477,0.0257546569238736,0.2341199112035086,-58.11868873441475,10.436530287983564,2.6106044390205394,88.3748533220586,13.555810080955098,5,0.1437007587529978,0.2112652464383179,0.311433840884138,deadband,2.0,1.0,0.0,6.865491126197172,6.46129202623856,1.0,1.0,0.40419909995861225,-0.40419909995861225,0,1,1,0
282,R0282,FRAGILE,PD,2.524835305236641,1.4660300087031477,0.0257546569238736,0.2341199112035086,-58.11868873441475,10.436530287983564,2.6106044390205394,88.3748533220586,13.555810080955098,5,0.1437007587529978,0.2112652464383179,0.311433840884138,nonlinear_aero,2.0,1.0,0.0,6.472864916807272,6.46129202623856,1.0,1.0,0.011572890568712246,-0.011572890568712246,0,1,1,0
282,R0282,FRAGILE,PD,2.524835305236641,1.4660300087031477,0.0257546569238736,0.2341199112035086,-58.11868873441475,10.436530287983564,2.6106044390205394,88.3748533220586,13.555810080955098,5,0.1437007587529978,0.2112652464383179,0.311433840884138,dyn_aero,2.0,1.0,0.0,7.424941604098289,6.46129202623856,0.8,1.0,0.9636495778597292,-0.9636495778597292,0,1,1,0
282,R0282,FRAGILE,PD,2.524835305236641,1.4660300087031477,0.0257546569238736,0.2341199112035086,-58.11868873441475,10.436530287983564,2.6106044390205394,88.3748533220586,13.555810080955098,5,0.1437007587529978,0.2112652464383179,0.311433840884138,thrust_curve,40.0,16.0,0.0,6.609833630755436,6.303770057629639,1.0,0.6,0.30606357312579746,-0.30606357312579746,0,1,1,0
282,R0282,FRAGILE,PD,2.524835305236641,1.4660300087031477,0.0257546569238736,0.2341199112035086,-58.11868873441475,10.436530287983564,2.6106044390205394,88.3748533220586,13.555810080955098,5,0.1437007587529978,0.2112652464383179,0.311433840884138,cg_shift,40.0,16.0,0.0,5.560018204196516,6.303770057629639,0.8,0.6,0.7437518534331229,0.7437518534331229,1,1,1,0
554,R0554,FRAGILE,PD,4.511273440825517,1.086920238033052,0.0285385709046964,0.2943608345231593,-88.15644038767178,10.872431432970988,2.97418996603644,53.05265721640063,14.02175683347368,6,0.1171075396504407,0.1460865298116238,0.1471266235423351,reference,5.0,2.0,0.0,6.952212346020742,6.952212346020742,0.6,0.6,0.0,0.0,0,1,1,0
554,R0554,FRAGILE,PD,4.511273440825517,1.086920238033052,0.0285385709046964,0.2943608345231593,-88.15644038767178,10.872431432970988,2.97418996603644,53.05265721640063,14.02175683347368,6,0.1171075396504407,0.1460865298116238,0.1471266235423351,backlash,15.0,1.0,0.0,6.042273616031891,8.000158165417947,0.6,0.6,1.9578845493860557,1.9578845493860557,1,1,1,0
554,R0554,FRAGILE,PD,4.511273440825517,1.086920238033052,0.0285385709046964,0.2943608345231593,-88.15644038767178,10.872431432970988,2.97418996603644,53.05265721640063,14.02175683347368,6,0.1171075396504407,0.1460865298116238,0.1471266235423351,slew,40.0,1.0,0.0,1.8851658483527651,14.167542716894985,1.0,0.0,12.28237686854222,12.28237686854222,1,1,0,1
554,R0554,FRAGILE,PD,4.511273440825517,1.086920238033052,0.0285385709046964,0.2943608345231593,-88.15644038767178,10.872431432970988,2.97418996603644,53.05265721640063,14.02175683347368,6,0.1171075396504407,0.1460865298116238,0.1471266235423351,latency,2.0,1.0,0.0,7.473172428044921,7.371248159700935,0.6,0.6,0.10192426834398649,-0.10192426834398649,0,1,1,0
554,R0554,FRAGILE,PD,4.511273440825517,1.086920238033052,0.0285385709046964,0.2943608345231593,-88.15644038767178,10.872431432970988,2.97418996603644,53.05265721640063,14.02175683347368,6,0.1171075396504407,0.1460865298116238,0.1471266235423351,deadband,2.0,1.0,0.0,7.447023817114821,7.371248159700935,0.6,0.6,0.07577565741388614,-0.07577565741388614,0,1,1,0
554,R0554,FRAGILE,PD,4.511273440825517,1.086920238033052,0.0285385709046964,0.2943608345231593,-88.15644038767178,10.872431432970988,2.97418996603644,53.05265721640063,14.02175683347368,6,0.1171075396504407,0.1460865298116238,0.1471266235423351,nonlinear_aero,5.0,1.0,0.0,5.923160334395133,5.692823634654646,0.8,0.8,0.2303366997404872,-0.2303366997404872,0,1,1,0
554,R0554,FRAGILE,PD,4.511273440825517,1.086920238033052,0.0285385709046964,0.2943608345231593,-88.15644038767178,10.872431432970988,2.97418996603644,53.05265721640063,14.02175683347368,6,0.1171075396504407,0.1460865298116238,0.1471266235423351,dyn_aero,40.0,8.0,0.0,3.523513520543782,6.259050683406706,1.0,0.8,2.7355371628629235,2.7355371628629235,1,1,1,0
554,R0554,FRAGILE,PD,4.511273440825517,1.086920238033052,0.0285385709046964,0.2943608345231593,-88.15644038767178,10.872431432970988,2.97418996603644,53.05265721640063,14.02175683347368,6,0.1171075396504407,0.1460865298116238,0.1471266235423351,thrust_curve,15.0,1.0,0.0,3.5694271969211164,8.000158165417947,0.8,0.6,4.43073096849683,4.43073096849683,1,1,1,0
554,R0554,FRAGILE,PD,4.511273440825517,1.086920238033052,0.0285385709046964,0.2943608345231593,-88.15644038767178,10.872431432970988,2.97418996603644,53.05265721640063,14.02175683347368,6,0.1171075396504407,0.1460865298116238,0.1471266235423351,cg_shift,5.0,1.0,0.0,7.46301765405673,5.692823634654646,0.2,0.8,1.7701940194020844,-1.7701940194020844,0,0,1,1
288,R0288,FRAGILE,PD,1.006227184614055,0.927240534782379,0.0298293325600061,0.1321601652415092,-42.79497179879071,8.775573717131094,2.839836962637869,95.65080987405106,10.6462008609451,5,0.0568283374397465,0.1528104767929105,0.3002878111312322,reference,15.0,2.0,0.0,9.42309628551476,9.42309628551476,0.6,0.6,0.0,0.0,0,1,1,0
288,R0288,FRAGILE,PD,1.006227184614055,0.927240534782379,0.0298293325600061,0.1321601652415092,-42.79497179879071,8.775573717131094,2.839836962637869,95.65080987405106,10.6462008609451,5,0.0568283374397465,0.1528104767929105,0.3002878111312322,backlash,15.0,8.0,0.0,4.400053644656732,8.983877276822815,1.0,0.4,4.583823632166083,4.583823632166083,1,1,1,0
288,R0288,FRAGILE,PD,1.006227184614055,0.927240534782379,0.0298293325600061,0.1321601652415092,-42.79497179879071,8.775573717131094,2.839836962637869,95.65080987405106,10.6462008609451,5,0.0568283374397465,0.1528104767929105,0.3002878111312322,slew,40.0,1.0,0.0,1.5400852318325187,44.20287641792708,1.0,0.0,42.66279118609456,42.66279118609456,1,1,0,1
288,R0288,FRAGILE,PD,1.006227184614055,0.927240534782379,0.0298293325600061,0.1321601652415092,-42.79497179879071,8.775573717131094,2.839836962637869,95.65080987405106,10.6462008609451,5,0.0568283374397465,0.1528104767929105,0.3002878111312322,latency,15.0,2.0,0.0,9.483331636718102,9.42309628551476,0.4,0.6,0.060235351203342447,-0.060235351203342447,0,1,1,0
288,R0288,FRAGILE,PD,1.006227184614055,0.927240534782379,0.0298293325600061,0.1321601652415092,-42.79497179879071,8.775573717131094,2.839836962637869,95.65080987405106,10.6462008609451,5,0.0568283374397465,0.1528104767929105,0.3002878111312322,deadband,15.0,2.0,0.0,10.18397797988769,9.42309628551476,0.6,0.6,0.7608816943729302,-0.7608816943729302,0,1,1,0
288,R0288,FRAGILE,PD,1.006227184614055,0.927240534782379,0.0298293325600061,0.1321601652415092,-42.79497179879071,8.775573717131094,2.839836962637869,95.65080987405106,10.6462008609451,5,0.0568283374397465,0.1528104767929105,0.3002878111312322,nonlinear_aero,40.0,8.0,0.0,8.564780995481271,9.17445028016245,0.4,0.2,0.6096692846811784,0.6096692846811784,1,1,0,1
288,R0288,FRAGILE,PD,1.006227184614055,0.927240534782379,0.0298293325600061,0.1321601652415092,-42.79497179879071,8.775573717131094,2.839836962637869,95.65080987405106,10.6462008609451,5,0.0568283374397465,0.1528104767929105,0.3002878111312322,dyn_aero,2.0,1.0,0.0,5.25906777520178,7.764270603473642,0.8,0.4,2.5052028282718624,2.5052028282718624,1,1,1,0
288,R0288,FRAGILE,PD,1.006227184614055,0.927240534782379,0.0298293325600061,0.1321601652415092,-42.79497179879071,8.775573717131094,2.839836962637869,95.65080987405106,10.6462008609451,5,0.0568283374397465,0.1528104767929105,0.3002878111312322,thrust_curve,2.0,1.0,0.0,7.843189966416546,7.764270603473642,0.8,0.4,0.07891936294290325,-0.07891936294290325,0,1,1,0
288,R0288,FRAGILE,PD,1.006227184614055,0.927240534782379,0.0298293325600061,0.1321601652415092,-42.79497179879071,8.775573717131094,2.839836962637869,95.65080987405106,10.6462008609451,5,0.0568283374397465,0.1528104767929105,0.3002878111312322,cg_shift,2.0,1.0,0.0,8.467356750735618,7.764270603473642,0.6,0.4,0.7030861472619758,-0.7030861472619758,0,1,1,0
1160,R1160,FRAGILE,PD,2.383612821051888,1.1711134681323736,0.0166249290736455,0.2505928474732729,-52.05164618677185,13.51717360171456,2.69174378920541,117.759712067854,6.51895088674337,6,0.0302504475181767,0.2458887074155287,0.1262637583162867,reference,15.0,8.0,0.0,7.713968146484646,7.713968146484646,0.6,0.6,0.0,0.0,0,1,1,0
1160,R1160,FRAGILE,PD,2.383612821051888,1.1711134681323736,0.0166249290736455,0.2505928474732729,-52.05164618677185,13.51717360171456,2.69174378920541,117.759712067854,6.51895088674337,6,0.0302504475181767,0.2458887074155287,0.1262637583162867,backlash,15.0,1.0,0.0,6.5581705747755965,13.0348235565626,0.8,0.2,6.476652981787003,6.476652981787003,1,1,0,1
1160,R1160,FRAGILE,PD,2.383612821051888,1.1711134681323736,0.0166249290736455,0.2505928474732729,-52.05164618677185,13.51717360171456,2.69174378920541,117.759712067854,6.51895088674337,6,0.0302504475181767,0.2458887074155287,0.1262637583162867,slew,40.0,1.0,0.0,2.090655718636642,45.47416433817416,1.0,0.0,43.38350861953752,43.38350861953752,1,1,0,1
1160,R1160,FRAGILE,PD,2.383612821051888,1.1711134681323736,0.0166249290736455,0.2505928474732729,-52.05164618677185,13.51717360171456,2.69174378920541,117.759712067854,6.51895088674337,6,0.0302504475181767,0.2458887074155287,0.1262637583162867,latency,2.0,1.0,0.0,6.385498605919253,5.493813390083681,0.8,1.0,0.8916852158355715,-0.8916852158355715,0,1,1,0
1160,R1160,FRAGILE,PD,2.383612821051888,1.1711134681323736,0.0166249290736455,0.2505928474732729,-52.05164618677185,13.51717360171456,2.69174378920541,117.759712067854,6.51895088674337,6,0.0302504475181767,0.2458887074155287,0.1262637583162867,deadband,15.0,8.0,0.0,7.910454038735892,7.713968146484646,0.8,0.6,0.19648589225124624,-0.19648589225124624,0,1,1,0
1160,R1160,FRAGILE,PD,2.383612821051888,1.1711134681323736,0.0166249290736455,0.2505928474732729,-52.05164618677185,13.51717360171456,2.69174378920541,117.759712067854,6.51895088674337,6,0.0302504475181767,0.2458887074155287,0.1262637583162867,nonlinear_aero,15.0,8.0,0.0,7.70427257430769,7.713968146484646,0.6,0.6,0.009695572176956269,0.009695572176956269,1,1,1,0
1160,R1160,FRAGILE,PD,2.383612821051888,1.1711134681323736,0.0166249290736455,0.2505928474732729,-52.05164618677185,13.51717360171456,2.69174378920541,117.759712067854,6.51895088674337,6,0.0302504475181767,0.2458887074155287,0.1262637583162867,dyn_aero,2.0,1.0,0.0,5.074410862887527,5.493813390083681,1.0,1.0,0.4194025271961541,0.4194025271961541,1,1,1,0
1160,R1160,FRAGILE,PD,2.383612821051888,1.1711134681323736,0.0166249290736455,0.2505928474732729,-52.05164618677185,13.51717360171456,2.69174378920541,117.759712067854,6.51895088674337,6,0.0302504475181767,0.2458887074155287,0.1262637583162867,thrust_curve,5.0,1.0,0.0,5.487203747200181,7.463419522644479,0.8,0.6,1.976215775444298,1.976215775444298,1,1,1,0
1160,R1160,FRAGILE,PD,2.383612821051888,1.1711134681323736,0.0166249290736455,0.2505928474732729,-52.05164618677185,13.51717360171456,2.69174378920541,117.759712067854,6.51895088674337,6,0.0302504475181767,0.2458887074155287,0.1262637583162867,cg_shift,15.0,8.0,0.0,9.161435548090429,7.713968146484646,0.8,0.6,1.447467401605783,-1.447467401605783,0,1,1,0
778,R0778,FRAGILE,PD,0.7070564040855071,1.5373607467211563,0.0260410655979781,0.1343455390393372,-23.744151000616668,13.248480975415706,1.8295763426802296,103.71343223492563,2.5262219707782028,5,0.0919206890610919,0.2369806852932779,0.1758639350140881,reference,40.0,2.0,0.0,5.693554740766889,5.693554740766889,0.6,0.6,0.0,0.0,0,1,1,0
778,R0778,FRAGILE,PD,0.7070564040855071,1.5373607467211563,0.0260410655979781,0.1343455390393372,-23.744151000616668,13.248480975415706,1.8295763426802296,103.71343223492563,2.5262219707782028,5,0.0919206890610919,0.2369806852932779,0.1758639350140881,backlash,40.0,16.0,0.0,4.81685176381207,4.936035301646626,0.8,1.0,0.11918353783455604,0.11918353783455604,1,1,1,0
778,R0778,FRAGILE,PD,0.7070564040855071,1.5373607467211563,0.0260410655979781,0.1343455390393372,-23.744151000616668,13.248480975415706,1.8295763426802296,103.71343223492563,2.5262219707782028,5,0.0919206890610919,0.2369806852932779,0.1758639350140881,slew,80.0,1.0,0.0,0.9852612424564597,32.55466547238359,1.0,0.0,31.56940422992713,31.56940422992713,1,1,0,1
778,R0778,FRAGILE,PD,0.7070564040855071,1.5373607467211563,0.0260410655979781,0.1343455390393372,-23.744151000616668,13.248480975415706,1.8295763426802296,103.71343223492563,2.5262219707782028,5,0.0919206890610919,0.2369806852932779,0.1758639350140881,latency,40.0,2.0,0.0,5.275782856232101,5.693554740766889,0.6,0.6,0.41777188453478864,0.41777188453478864,1,1,1,0
778,R0778,FRAGILE,PD,0.7070564040855071,1.5373607467211563,0.0260410655979781,0.1343455390393372,-23.744151000616668,13.248480975415706,1.8295763426802296,103.71343223492563,2.5262219707782028,5,0.0919206890610919,0.2369806852932779,0.1758639350140881,deadband,40.0,2.0,0.0,5.923919451299474,5.693554740766889,0.6,0.6,0.23036471053258456,-0.23036471053258456,0,1,1,0
778,R0778,FRAGILE,PD,0.7070564040855071,1.5373607467211563,0.0260410655979781,0.1343455390393372,-23.744151000616668,13.248480975415706,1.8295763426802296,103.71343223492563,2.5262219707782028,5,0.0919206890610919,0.2369806852932779,0.1758639350140881,nonlinear_aero,40.0,2.0,0.0,5.713838076404585,5.693554740766889,0.6,0.6,0.020283335637695465,-0.020283335637695465,0,1,1,0
778,R0778,FRAGILE,PD,0.7070564040855071,1.5373607467211563,0.0260410655979781,0.1343455390393372,-23.744151000616668,13.248480975415706,1.8295763426802296,103.71343223492563,2.5262219707782028,5,0.0919206890610919,0.2369806852932779,0.1758639350140881,dyn_aero,40.0,2.0,0.0,5.437958417115745,5.693554740766889,0.6,0.6,0.2555963236511447,0.2555963236511447,1,1,1,0
778,R0778,FRAGILE,PD,0.7070564040855071,1.5373607467211563,0.0260410655979781,0.1343455390393372,-23.744151000616668,13.248480975415706,1.8295763426802296,103.71343223492563,2.5262219707782028,5,0.0919206890610919,0.2369806852932779,0.1758639350140881,thrust_curve,5.0,1.0,0.0,3.6018100177173276,4.639831520614569,1.0,0.8,1.0380215028972417,1.0380215028972417,1,1,1,0
778,R0778,FRAGILE,PD,0.7070564040855071,1.5373607467211563,0.0260410655979781,0.1343455390393372,-23.744151000616668,13.248480975415706,1.8295763426802296,103.71343223492563,2.5262219707782028,5,0.0919206890610919,0.2369806852932779,0.1758639350140881,cg_shift,80.0,32.0,0.0,4.348745250815031,4.863025010666371,1.0,1.0,0.5142797598513402,0.5142797598513402,1,1,1,0
366,R0366,FRAGILE,PD,0.5008196284324995,1.7987405928754232,0.0178706655937717,0.0292900971026152,-72.24225515833952,6.161382969340089,1.6045763765466063,90.94480005178968,6.002910968481965,4,0.0963406481827454,0.0196251632706598,0.2325666847623871,reference,40.0,2.0,0.0,9.421641234527149,9.421641234527149,0.4,0.4,0.0,0.0,0,1,1,0
366,R0366,FRAGILE,PD,0.5008196284324995,1.7987405928754232,0.0178706655937717,0.0292900971026152,-72.24225515833952,6.161382969340089,1.6045763765466063,90.94480005178968,6.002910968481965,4,0.0963406481827454,0.0196251632706598,0.2325666847623871,backlash,15.0,1.0,0.0,8.397881308842264,8.136326455379844,0.6,0.4,0.26155485346241925,-0.26155485346241925,0,1,1,0
366,R0366,FRAGILE,PD,0.5008196284324995,1.7987405928754232,0.0178706655937717,0.0292900971026152,-72.24225515833952,6.161382969340089,1.6045763765466063,90.94480005178968,6.002910968481965,4,0.0963406481827454,0.0196251632706598,0.2325666847623871,slew,80.0,1.0,0.0,0.718210310935608,56.94842499378874,1.0,0.0,56.23021468285313,56.23021468285313,1,1,0,1
366,R0366,FRAGILE,PD,0.5008196284324995,1.7987405928754232,0.0178706655937717,0.0292900971026152,-72.24225515833952,6.161382969340089,1.6045763765466063,90.94480005178968,6.002910968481965,4,0.0963406481827454,0.0196251632706598,0.2325666847623871,latency,15.0,1.0,0.0,7.70345979894285,8.136326455379844,0.6,0.4,0.4328666564369943,0.4328666564369943,1,1,1,0
366,R0366,FRAGILE,PD,0.5008196284324995,1.7987405928754232,0.0178706655937717,0.0292900971026152,-72.24225515833952,6.161382969340089,1.6045763765466063,90.94480005178968,6.002910968481965,4,0.0963406481827454,0.0196251632706598,0.2325666847623871,deadband,40.0,8.0,0.0,5.4309572949498595,5.1474925304940555,0.8,0.6,0.28346476445580393,-0.28346476445580393,0,1,1,0
366,R0366,FRAGILE,PD,0.5008196284324995,1.7987405928754232,0.0178706655937717,0.0292900971026152,-72.24225515833952,6.161382969340089,1.6045763765466063,90.94480005178968,6.002910968481965,4,0.0963406481827454,0.0196251632706598,0.2325666847623871,nonlinear_aero,40.0,2.0,0.0,9.421809755525397,9.421641234527149,0.4,0.4,0.00016852099824760103,-0.00016852099824760103,0,1,1,0
366,R0366,FRAGILE,PD,0.5008196284324995,1.7987405928754232,0.0178706655937717,0.0292900971026152,-72.24225515833952,6.161382969340089,1.6045763765466063,90.94480005178968,6.002910968481965,4,0.0963406481827454,0.0196251632706598,0.2325666847623871,dyn_aero,80.0,8.0,0.0,6.169912437365667,6.342472856524911,0.4,0.4,0.17256041915924403,0.17256041915924403,1,1,1,0
366,R0366,FRAGILE,PD,0.5008196284324995,1.7987405928754232,0.0178706655937717,0.0292900971026152,-72.24225515833952,6.161382969340089,1.6045763765466063,90.94480005178968,6.002910968481965,4,0.0963406481827454,0.0196251632706598,0.2325666847623871,thrust_curve,80.0,32.0,0.0,4.0976057054486965,4.465983324481539,1.0,1.0,0.3683776190328425,0.3683776190328425,1,1,1,0
366,R0366,FRAGILE,PD,0.5008196284324995,1.7987405928754232,0.0178706655937717,0.0292900971026152,-72.24225515833952,6.161382969340089,1.6045763765466063,90.94480005178968,6.002910968481965,4,0.0963406481827454,0.0196251632706598,0.2325666847623871,cg_shift,80.0,32.0,0.0,4.418728600161375,4.465983324481539,0.8,1.0,0.04725472432016442,0.04725472432016442,1,1,1,0
835,R0835,FRAGILE,PD,2.830381626927713,1.367252290193202,0.0105999671342492,0.1664516033102479,-88.30099169111976,6.399221144355488,2.423907262188973,107.89823601204164,7.581134135307765,5,0.1077090535128346,0.2338434340934926,0.1318088759595759,reference,5.0,2.0,0.0,7.617630468780557,7.617630468780557,0.6,0.6,0.0,0.0,0,1,1,0
835,R0835,FRAGILE,PD,2.830381626927713,1.367252290193202,0.0105999671342492,0.1664516033102479,-88.30099169111976,6.399221144355488,2.423907262188973,107.89823601204164,7.581134135307765,5,0.1077090535128346,0.2338434340934926,0.1318088759595759,backlash,40.0,2.0,0.0,5.4387000532451335,16.01248823658261,0.6,0.2,10.573788183337475,10.573788183337475,1,1,0,1
835,R0835,FRAGILE,PD,2.830381626927713,1.367252290193202,0.0105999671342492,0.1664516033102479,-88.30099169111976,6.399221144355488,2.423907262188973,107.89823601204164,7.581134135307765,5,0.1077090535128346,0.2338434340934926,0.1318088759595759,slew,40.0,1.0,0.0,2.38175802227457,60.0813077419351,1.0,0.0,57.69954971966053,57.69954971966053,1,1,0,1
835,R0835,FRAGILE,PD,2.830381626927713,1.367252290193202,0.0105999671342492,0.1664516033102479,-88.30099169111976,6.399221144355488,2.423907262188973,107.89823601204164,7.581134135307765,5,0.1077090535128346,0.2338434340934926,0.1318088759595759,latency,15.0,8.0,0.0,7.556496199394035,7.8504793152111745,0.8,0.8,0.29398311581713976,0.29398311581713976,1,1,1,0
835,R0835,FRAGILE,PD,2.830381626927713,1.367252290193202,0.0105999671342492,0.1664516033102479,-88.30099169111976,6.399221144355488,2.423907262188973,107.89823601204164,7.581134135307765,5,0.1077090535128346,0.2338434340934926,0.1318088759595759,deadband,2.0,1.0,0.0,6.671661496118153,7.635618116989223,1.0,1.0,0.9639566208710697,0.9639566208710697,1,1,1,0
835,R0835,FRAGILE,PD,2.830381626927713,1.367252290193202,0.0105999671342492,0.1664516033102479,-88.30099169111976,6.399221144355488,2.423907262188973,107.89823601204164,7.581134135307765,5,0.1077090535128346,0.2338434340934926,0.1318088759595759,nonlinear_aero,5.0,2.0,0.0,7.357576762367751,7.617630468780557,0.8,0.6,0.2600537064128057,0.2600537064128057,1,1,1,0
835,R0835,FRAGILE,PD,2.830381626927713,1.367252290193202,0.0105999671342492,0.1664516033102479,-88.30099169111976,6.399221144355488,2.423907262188973,107.89823601204164,7.581134135307765,5,0.1077090535128346,0.2338434340934926,0.1318088759595759,dyn_aero,15.0,8.0,0.0,7.430972665622742,7.8504793152111745,1.0,0.8,0.4195066495884321,0.4195066495884321,1,1,1,0
835,R0835,FRAGILE,PD,2.830381626927713,1.367252290193202,0.0105999671342492,0.1664516033102479,-88.30099169111976,6.399221144355488,2.423907262188973,107.89823601204164,7.581134135307765,5,0.1077090535128346,0.2338434340934926,0.1318088759595759,thrust_curve,5.0,1.0,0.0,6.058481107272145,8.7394726090795,0.8,0.4,2.6809915018073553,2.6809915018073553,1,1,1,0
835,R0835,FRAGILE,PD,2.830381626927713,1.367252290193202,0.0105999671342492,0.1664516033102479,-88.30099169111976,6.399221144355488,2.423907262188973,107.89823601204164,7.581134135307765,5,0.1077090535128346,0.2338434340934926,0.1318088759595759,cg_shift,40.0,16.0,0.0,8.55899511145194,8.853148699293612,0.6,0.4,0.2941535878416719,0.2941535878416719,1,1,1,0
855,R0855,FRAGILE,PD,1.370283712067294,1.3074706483014,0.0335796828846442,0.20833474553324,-36.19205418334524,7.604178032926803,2.721621667832625,27.136711689221453,7.4498875649271294,4,0.098513643806193,0.1064871986424761,0.4406677157898309,reference,5.0,2.0,0.0,8.172728558414404,8.172728558414404,0.8,0.8,0.0,0.0,0,1,1,0
855,R0855,FRAGILE,PD,1.370283712067294,1.3074706483014,0.0335796828846442,0.20833474553324,-36.19205418334524,7.604178032926803,2.721621667832625,27.136711689221453,7.4498875649271294,4,0.098513643806193,0.1064871986424761,0.4406677157898309,backlash,5.0,1.0,0.0,5.018323175405088,7.438323013335799,0.8,0.6,2.4199998379307104,2.4199998379307104,1,1,1,0
855,R0855,FRAGILE,PD,1.370283712067294,1.3074706483014,0.0335796828846442,0.20833474553324,-36.19205418334524,7.604178032926803,2.721621667832625,27.136711689221453,7.4498875649271294,4,0.098513643806193,0.1064871986424761,0.4406677157898309,slew,80.0,1.0,0.0,0.4891510217066949,25.517651043972812,1.0,0.2,25.028500022266115,25.028500022266115,1,1,0,1
855,R0855,FRAGILE,PD,1.370283712067294,1.3074706483014,0.0335796828846442,0.20833474553324,-36.19205418334524,7.604178032926803,2.721621667832625,27.136711689221453,7.4498875649271294,4,0.098513643806193,0.1064871986424761,0.4406677157898309,latency,5.0,2.0,0.0,8.569398712081972,8.172728558414404,0.6,0.8,0.39667015366756786,-0.39667015366756786,0,1,1,0
855,R0855,FRAGILE,PD,1.370283712067294,1.3074706483014,0.0335796828846442,0.20833474553324,-36.19205418334524,7.604178032926803,2.721621667832625,27.136711689221453,7.4498875649271294,4,0.098513643806193,0.1064871986424761,0.4406677157898309,deadband,5.0,2.0,0.0,7.8610259349696605,8.172728558414404,0.8,0.8,0.3117026234447433,0.3117026234447433,1,1,1,0
855,R0855,FRAGILE,PD,1.370283712067294,1.3074706483014,0.0335796828846442,0.20833474553324,-36.19205418334524,7.604178032926803,2.721621667832625,27.136711689221453,7.4498875649271294,4,0.098513643806193,0.1064871986424761,0.4406677157898309,nonlinear_aero,5.0,2.0,0.0,8.301443152946353,8.172728558414404,0.6,0.8,0.12871459453194944,-0.12871459453194944,0,1,1,0
855,R0855,FRAGILE,PD,1.370283712067294,1.3074706483014,0.0335796828846442,0.20833474553324,-36.19205418334524,7.604178032926803,2.721621667832625,27.136711689221453,7.4498875649271294,4,0.098513643806193,0.1064871986424761,0.4406677157898309,dyn_aero,80.0,32.0,0.0,6.298181249577295,7.4138536621552715,1.0,0.8,1.1156724125779762,1.1156724125779762,1,1,1,0
855,R0855,FRAGILE,PD,1.370283712067294,1.3074706483014,0.0335796828846442,0.20833474553324,-36.19205418334524,7.604178032926803,2.721621667832625,27.136711689221453,7.4498875649271294,4,0.098513643806193,0.1064871986424761,0.4406677157898309,thrust_curve,80.0,8.0,0.0,6.426567634966328,9.759670519095867,0.8,0.2,3.3331028841295387,3.3331028841295387,1,1,0,1
855,R0855,FRAGILE,PD,1.370283712067294,1.3074706483014,0.0335796828846442,0.20833474553324,-36.19205418334524,7.604178032926803,2.721621667832625,27.136711689221453,7.4498875649271294,4,0.098513643806193,0.1064871986424761,0.4406677157898309,cg_shift,40.0,16.0,0.0,8.077885187582698,7.681948277314757,0.6,0.8,0.39593691026794087,-0.39593691026794087,0,1,1,0
1097,R1097,FRAGILE,PD,2.0504783998735445,0.9353299279155594,0.0178058706683947,0.1233466373740792,-76.14361664493171,11.627050971041974,1.885862819517143,63.70505401999037,12.161208252952942,5,0.0682131248024514,0.2044559445243906,0.4133370428018837,reference,40.0,16.0,0.0,14.535564546694328,14.535564546694328,0.4,0.4,0.0,0.0,0,1,1,0
1097,R1097,FRAGILE,PD,2.0504783998735445,0.9353299279155594,0.0178058706683947,0.1233466373740792,-76.14361664493171,11.627050971041974,1.885862819517143,63.70505401999037,12.161208252952942,5,0.0682131248024514,0.2044559445243906,0.4133370428018837,backlash,2.0,1.0,0.0,8.765794592473322,18.02239969097213,0.8,0.2,9.256605098498808,9.256605098498808,1,1,0,1
1097,R1097,FRAGILE,PD,2.0504783998735445,0.9353299279155594,0.0178058706683947,0.1233466373740792,-76.14361664493171,11.627050971041974,1.885862819517143,63.70505401999037,12.161208252952942,5,0.0682131248024514,0.2044559445243906,0.4133370428018837,slew,80.0,1.0,0.0,1.6535350915671418,63.157748680695605,0.8,0.0,61.50421358912846,61.50421358912846,1,1,0,1
1097,R1097,FRAGILE,PD,2.0504783998735445,0.9353299279155594,0.0178058706683947,0.1233466373740792,-76.14361664493171,11.627050971041974,1.885862819517143,63.70505401999037,12.161208252952942,5,0.0682131248024514,0.2044559445243906,0.4133370428018837,latency,80.0,32.0,0.0,13.825114273412249,14.39629633082877,0.4,0.2,0.5711820574165216,0.5711820574165216,1,1,0,1
1097,R1097,FRAGILE,PD,2.0504783998735445,0.9353299279155594,0.0178058706683947,0.1233466373740792,-76.14361664493171,11.627050971041974,1.885862819517143,63.70505401999037,12.161208252952942,5,0.0682131248024514,0.2044559445243906,0.4133370428018837,deadband,80.0,32.0,0.0,13.595710373117711,14.39629633082877,0.4,0.2,0.8005859577110588,0.8005859577110588,1,1,0,1
1097,R1097,FRAGILE,PD,2.0504783998735445,0.9353299279155594,0.0178058706683947,0.1233466373740792,-76.14361664493171,11.627050971041974,1.885862819517143,63.70505401999037,12.161208252952942,5,0.0682131248024514,0.2044559445243906,0.4133370428018837,nonlinear_aero,40.0,16.0,0.0,14.605978288215528,14.535564546694328,0.4,0.4,0.07041374152120028,-0.07041374152120028,0,1,1,0
1097,R1097,FRAGILE,PD,2.0504783998735445,0.9353299279155594,0.0178058706683947,0.1233466373740792,-76.14361664493171,11.627050971041974,1.885862819517143,63.70505401999037,12.161208252952942,5,0.0682131248024514,0.2044559445243906,0.4133370428018837,dyn_aero,40.0,16.0,0.0,11.889747427766304,14.535564546694328,0.6,0.4,2.645817118928024,2.645817118928024,1,1,1,0
1097,R1097,FRAGILE,PD,2.0504783998735445,0.9353299279155594,0.0178058706683947,0.1233466373740792,-76.14361664493171,11.627050971041974,1.885862819517143,63.70505401999037,12.161208252952942,5,0.0682131248024514,0.2044559445243906,0.4133370428018837,thrust_curve,80.0,16.0,0.0,14.077466519129263,17.403819612803808,0.6,0.2,3.3263530936745447,3.3263530936745447,1,1,0,1
1097,R1097,FRAGILE,PD,2.0504783998735445,0.9353299279155594,0.0178058706683947,0.1233466373740792,-76.14361664493171,11.627050971041974,1.885862819517143,63.70505401999037,12.161208252952942,5,0.0682131248024514,0.2044559445243906,0.4133370428018837,cg_shift,15.0,8.0,0.0,15.322320529897016,15.57166463781915,0.4,0.4,0.24934410792213413,0.24934410792213413,1,1,1,0
872,R0872,FRAGILE,PD,1.3589512957464662,2.0708934856049788,0.0229739432190303,0.1653952391099045,-47.40911517724019,6.086865109881671,2.992683499987748,118.73978178188784,13.775995845128657,2,0.0245474442121218,0.1872496406794647,0.3274497769132989,reference,5.0,1.0,0.0,6.007991828103836,6.007991828103836,0.8,0.8,0.0,0.0,0,1,1,0
872,R0872,FRAGILE,PD,1.3589512957464662,2.0708934856049788,0.0229739432190303,0.1653952391099045,-47.40911517724019,6.086865109881671,2.992683499987748,118.73978178188784,13.775995845128657,2,0.0245474442121218,0.1872496406794647,0.3274497769132989,backlash,80.0,8.0,0.0,7.655020893783595,7.9378665798107875,0.8,0.2,0.2828456860271924,0.2828456860271924,1,1,0,1
872,R0872,FRAGILE,PD,1.3589512957464662,2.0708934856049788,0.0229739432190303,0.1653952391099045,-47.40911517724019,6.086865109881671,2.992683499987748,118.73978178188784,13.775995845128657,2,0.0245474442121218,0.1872496406794647,0.3274497769132989,slew,80.0,1.0,0.0,0.3458325900900203,70.26828454728557,1.0,0.0,69.92245195719555,69.92245195719555,1,1,0,1
872,R0872,FRAGILE,PD,1.3589512957464662,2.0708934856049788,0.0229739432190303,0.1653952391099045,-47.40911517724019,6.086865109881671,2.992683499987748,118.73978178188784,13.775995845128657,2,0.0245474442121218,0.1872496406794647,0.3274497769132989,latency,2.0,1.0,0.0,4.631296471535738,5.310531070056659,1.0,0.8,0.6792345985209209,0.6792345985209209,1,1,1,0
872,R0872,FRAGILE,PD,1.3589512957464662,2.0708934856049788,0.0229739432190303,0.1653952391099045,-47.40911517724019,6.086865109881671,2.992683499987748,118.73978178188784,13.775995845128657,2,0.0245474442121218,0.1872496406794647,0.3274497769132989,deadband,40.0,8.0,0.0,5.968641751821947,7.039223898923258,1.0,1.0,1.0705821471013115,1.0705821471013115,1,1,1,0
872,R0872,FRAGILE,PD,1.3589512957464662,2.0708934856049788,0.0229739432190303,0.1653952391099045,-47.40911517724019,6.086865109881671,2.992683499987748,118.73978178188784,13.775995845128657,2,0.0245474442121218,0.1872496406794647,0.3274497769132989,nonlinear_aero,5.0,1.0,0.0,5.868353970614495,6.007991828103836,0.8,0.8,0.13963785748934043,0.13963785748934043,1,1,1,0
872,R0872,FRAGILE,PD,1.3589512957464662,2.0708934856049788,0.0229739432190303,0.1653952391099045,-47.40911517724019,6.086865109881671,2.992683499987748,118.73978178188784,13.775995845128657,2,0.0245474442121218,0.1872496406794647,0.3274497769132989,dyn_aero,2.0,1.0,0.0,4.886623006264003,5.310531070056659,1.0,0.8,0.42390806379265644,0.42390806379265644,1,1,1,0
872,R0872,FRAGILE,PD,1.3589512957464662,2.0708934856049788,0.0229739432190303,0.1653952391099045,-47.40911517724019,6.086865109881671,2.992683499987748,118.73978178188784,13.775995845128657,2,0.0245474442121218,0.1872496406794647,0.3274497769132989,thrust_curve,2.0,1.0,0.0,5.632006653730364,5.310531070056659,0.8,0.8,0.32147558367370443,-0.32147558367370443,0,1,1,0
872,R0872,FRAGILE,PD,1.3589512957464662,2.0708934856049788,0.0229739432190303,0.1653952391099045,-47.40911517724019,6.086865109881671,2.992683499987748,118.73978178188784,13.775995845128657,2,0.0245474442121218,0.1872496406794647,0.3274497769132989,cg_shift,5.0,1.0,0.0,6.4023497873766875,6.007991828103836,1.0,0.8,0.39435795927285167,-0.39435795927285167,0,1,1,0
517,R0517,FRAGILE,PD,1.8499817842586683,1.6192079603538776,0.0140990744664066,0.2650103937990634,-33.85328327551442,6.003653852698314,2.1139337189593297,32.89012748562172,10.305577105371524,5,0.0105507755550737,0.1254563739657319,0.2248618535180206,reference,40.0,16.0,0.0,7.573369262656809,7.573369262656809,0.8,0.8,0.0,0.0,0,1,1,0
517,R0517,FRAGILE,PD,1.8499817842586683,1.6192079603538776,0.0140990744664066,0.2650103937990634,-33.85328327551442,6.003653852698314,2.1139337189593297,32.89012748562172,10.305577105371524,5,0.0105507755550737,0.1254563739657319,0.2248618535180206,backlash,80.0,8.0,0.0,7.339846703087969,12.10814755125909,0.8,0.2,4.768300848171122,4.768300848171122,1,1,0,1
517,R0517,FRAGILE,PD,1.8499817842586683,1.6192079603538776,0.0140990744664066,0.2650103937990634,-33.85328327551442,6.003653852698314,2.1139337189593297,32.89012748562172,10.305577105371524,5,0.0105507755550737,0.1254563739657319,0.2248618535180206,slew,80.0,1.0,0.0,2.1184130426635406,27.761302769885372,1.0,0.0,25.64288972722183,25.64288972722183,1,1,0,1
517,R0517,FRAGILE,PD,1.8499817842586683,1.6192079603538776,0.0140990744664066,0.2650103937990634,-33.85328327551442,6.003653852698314,2.1139337189593297,32.89012748562172,10.305577105371524,5,0.0105507755550737,0.1254563739657319,0.2248618535180206,latency,5.0,2.0,0.0,7.746170241736598,7.772518554899753,0.8,0.8,0.026348313163154558,0.026348313163154558,1,1,1,0
517,R0517,FRAGILE,PD,1.8499817842586683,1.6192079603538776,0.0140990744664066,0.2650103937990634,-33.85328327551442,6.003653852698314,2.1139337189593297,32.89012748562172,10.305577105371524,5,0.0105507755550737,0.1254563739657319,0.2248618535180206,deadband,5.0,2.0,0.0,7.640981941272591,7.772518554899753,0.8,0.8,0.13153661362716207,0.13153661362716207,1,1,1,0
517,R0517,FRAGILE,PD,1.8499817842586683,1.6192079603538776,0.0140990744664066,0.2650103937990634,-33.85328327551442,6.003653852698314,2.1139337189593297,32.89012748562172,10.305577105371524,5,0.0105507755550737,0.1254563739657319,0.2248618535180206,nonlinear_aero,40.0,16.0,0.0,7.622946743514021,7.573369262656809,0.8,0.8,0.04957748085721203,-0.04957748085721203,0,1,1,0
517,R0517,FRAGILE,PD,1.8499817842586683,1.6192079603538776,0.0140990744664066,0.2650103937990634,-33.85328327551442,6.003653852698314,2.1139337189593297,32.89012748562172,10.305577105371524,5,0.0105507755550737,0.1254563739657319,0.2248618535180206,dyn_aero,40.0,16.0,0.0,6.984791351867218,7.573369262656809,1.0,0.8,0.5885779107895912,0.5885779107895912,1,1,1,0
517,R0517,FRAGILE,PD,1.8499817842586683,1.6192079603538776,0.0140990744664066,0.2650103937990634,-33.85328327551442,6.003653852698314,2.1139337189593297,32.89012748562172,10.305577105371524,5,0.0105507755550737,0.1254563739657319,0.2248618535180206,thrust_curve,15.0,2.0,0.0,6.802604860271065,9.889071401054858,0.8,0.6,3.0864665407837935,3.0864665407837935,1,1,1,0
517,R0517,FRAGILE,PD,1.8499817842586683,1.6192079603538776,0.0140990744664066,0.2650103937990634,-33.85328327551442,6.003653852698314,2.1139337189593297,32.89012748562172,10.305577105371524,5,0.0105507755550737,0.1254563739657319,0.2248618535180206,cg_shift,40.0,16.0,0.0,7.305367455198073,7.573369262656809,1.0,0.8,0.26800180745873536,0.26800180745873536,1,1,1,0
522,R0522,FRAGILE,PD,1.778541577693414,2.0934563573050764,0.0128619646250113,0.2728407524046264,-35.31718824365968,8.335531441078501,2.638526970042412,73.96262838959873,8.446377544911535,5,0.1041276029491781,0.1307392608588897,0.3407593303302849,reference,2.0,1.0,0.0,7.103050468471285,7.103050468471285,1.0,1.0,0.0,0.0,0,1,1,0
522,R0522,FRAGILE,PD,1.778541577693414,2.0934563573050764,0.0128619646250113,0.2728407524046264,-35.31718824365968,8.335531441078501,2.638526970042412,73.96262838959873,8.446377544911535,5,0.1041276029491781,0.1307392608588897,0.3407593303302849,backlash,5.0,2.0,0.0,4.614822805726661,8.201386474525165,1.0,0.6,3.5865636687985045,3.5865636687985045,1,1,1,0
522,R0522,FRAGILE,PD,1.778541577693414,2.0934563573050764,0.0128619646250113,0.2728407524046264,-35.31718824365968,8.335531441078501,2.638526970042412,73.96262838959873,8.446377544911535,5,0.1041276029491781,0.1307392608588897,0.3407593303302849,slew,80.0,1.0,0.0,2.6431795390248007,75.7414436797809,1.0,0.0,73.0982641407561,73.0982641407561,1,1,0,1
522,R0522,FRAGILE,PD,1.778541577693414,2.0934563573050764,0.0128619646250113,0.2728407524046264,-35.31718824365968,8.335531441078501,2.638526970042412,73.96262838959873,8.446377544911535,5,0.1041276029491781,0.1307392608588897,0.3407593303302849,latency,2.0,1.0,0.0,5.969773025370282,7.103050468471285,1.0,1.0,1.1332774431010035,1.1332774431010035,1,1,1,0
522,R0522,FRAGILE,PD,1.778541577693414,2.0934563573050764,0.0128619646250113,0.2728407524046264,-35.31718824365968,8.335531441078501,2.638526970042412,73.96262838959873,8.446377544911535,5,0.1041276029491781,0.1307392608588897,0.3407593303302849,deadband,5.0,1.0,0.0,8.662069126489724,8.495408371546675,0.6,0.2,0.16666075494304877,-0.16666075494304877,0,1,0,1
522,R0522,FRAGILE,PD,1.778541577693414,2.0934563573050764,0.0128619646250113,0.2728407524046264,-35.31718824365968,8.335531441078501,2.638526970042412,73.96262838959873,8.446377544911535,5,0.1041276029491781,0.1307392608588897,0.3407593303302849,nonlinear_aero,5.0,1.0,0.0,8.261420493239637,8.495408371546675,0.4,0.2,0.2339878783070386,0.2339878783070386,1,1,0,1
522,R0522,FRAGILE,PD,1.778541577693414,2.0934563573050764,0.0128619646250113,0.2728407524046264,-35.31718824365968,8.335531441078501,2.638526970042412,73.96262838959873,8.446377544911535,5,0.1041276029491781,0.1307392608588897,0.3407593303302849,dyn_aero,40.0,8.0,0.0,9.219564526073079,9.362843303611156,0.6,0.6,0.14327877753807705,0.14327877753807705,1,1,1,0
522,R0522,FRAGILE,PD,1.778541577693414,2.0934563573050764,0.0128619646250113,0.2728407524046264,-35.31718824365968,8.335531441078501,2.638526970042412,73.96262838959873,8.446377544911535,5,0.1041276029491781,0.1307392608588897,0.3407593303302849,thrust_curve,2.0,1.0,0.0,7.026817083076908,7.103050468471285,0.8,1.0,0.07623338539437707,0.07623338539437707,1,1,1,0
522,R0522,FRAGILE,PD,1.778541577693414,2.0934563573050764,0.0128619646250113,0.2728407524046264,-35.31718824365968,8.335531441078501,2.638526970042412,73.96262838959873,8.446377544911535,5,0.1041276029491781,0.1307392608588897,0.3407593303302849,cg_shift,40.0,16.0,0.0,9.00468134681717,10.55862599893868,0.6,0.4,1.5539446521215101,1.5539446521215101,1,1,1,0
558,R0558,FRAGILE,PD,0.8979769685692364,0.986152845533352,0.0250525745136919,0.2260930241048132,-21.09199045307265,8.41699059676529,2.5349997847628387,59.33985693251057,4.91674188631978,6,0.0994212491700217,0.0352477365013502,0.3898071975162793,reference,15.0,1.0,0.0,11.110664982553292,11.110664982553292,0.4,0.4,0.0,0.0,0,1,1,0
558,R0558,FRAGILE,PD,0.8979769685692364,0.986152845533352,0.0250525745136919,0.2260930241048132,-21.09199045307265,8.41699059676529,2.5349997847628387,59.33985693251057,4.91674188631978,6,0.0994212491700217,0.0352477365013502,0.3898071975162793,backlash,2.0,1.0,0.0,5.335972433940862,6.701552810952554,1.0,1.0,1.3655803770116925,1.3655803770116925,1,1,1,0
558,R0558,FRAGILE,PD,0.8979769685692364,0.986152845533352,0.0250525745136919,0.2260930241048132,-21.09199045307265,8.41699059676529,2.5349997847628387,59.33985693251057,4.91674188631978,6,0.0994212491700217,0.0352477365013502,0.3898071975162793,slew,40.0,1.0,0.0,1.361599149211526,29.6037050101601,1.0,0.2,28.242105860948573,28.242105860948573,1,1,0,1
558,R0558,FRAGILE,PD,0.8979769685692364,0.986152845533352,0.0250525745136919,0.2260930241048132,-21.09199045307265,8.41699059676529,2.5349997847628387,59.33985693251057,4.91674188631978,6,0.0994212491700217,0.0352477365013502,0.3898071975162793,latency,15.0,1.0,0.0,8.68365197366084,11.110664982553292,0.4,0.4,2.4270130088924518,2.4270130088924518,1,1,1,0
558,R0558,FRAGILE,PD,0.8979769685692364,0.986152845533352,0.0250525745136919,0.2260930241048132,-21.09199045307265,8.41699059676529,2.5349997847628387,59.33985693251057,4.91674188631978,6,0.0994212491700217,0.0352477365013502,0.3898071975162793,deadband,40.0,16.0,0.0,5.885536418490643,5.717487597243705,0.8,0.8,0.16804882124693776,-0.16804882124693776,0,1,1,0
558,R0558,FRAGILE,PD,0.8979769685692364,0.986152845533352,0.0250525745136919,0.2260930241048132,-21.09199045307265,8.41699059676529,2.5349997847628387,59.33985693251057,4.91674188631978,6,0.0994212491700217,0.0352477365013502,0.3898071975162793,nonlinear_aero,15.0,1.0,0.0,11.14724613621767,11.110664982553292,0.4,0.4,0.0365811536643772,-0.0365811536643772,0,1,1,0
558,R0558,FRAGILE,PD,0.8979769685692364,0.986152845533352,0.0250525745136919,0.2260930241048132,-21.09199045307265,8.41699059676529,2.5349997847628387,59.33985693251057,4.91674188631978,6,0.0994212491700217,0.0352477365013502,0.3898071975162793,dyn_aero,5.0,1.0,0.0,4.099812748025829,6.22754429811986,1.0,0.6,2.1277315500940315,2.1277315500940315,1,1,1,0
558,R0558,FRAGILE,PD,0.8979769685692364,0.986152845533352,0.0250525745136919,0.2260930241048132,-21.09199045307265,8.41699059676529,2.5349997847628387,59.33985693251057,4.91674188631978,6,0.0994212491700217,0.0352477365013502,0.3898071975162793,thrust_curve,5.0,1.0,0.0,6.171602045679817,6.22754429811986,0.6,0.6,0.05594225244004303,0.05594225244004303,1,1,1,0
558,R0558,FRAGILE,PD,0.8979769685692364,0.986152845533352,0.0250525745136919,0.2260930241048132,-21.09199045307265,8.41699059676529,2.5349997847628387,59.33985693251057,4.91674188631978,6,0.0994212491700217,0.0352477365013502,0.3898071975162793,cg_shift,80.0,32.0,0.0,5.783906919972094,4.738250747095873,0.8,0.8,1.045656172876221,-1.045656172876221,0,1,1,0
1075,R1075,FRAGILE,PD,0.6887771479282069,0.9819870975697093,0.0291518083784519,0.1096581031510374,-18.26071768384297,13.977055172705688,0.7597287270226887,69.86197448427801,5.527208779631513,3,0.1498825054779628,0.2199351498793762,0.3335367869617134,reference,2.0,1.0,0.0,7.214120928215186,7.214120928215186,1.0,1.0,0.0,0.0,0,1,1,0
1075,R1075,FRAGILE,PD,0.6887771479282069,0.9819870975697093,0.0291518083784519,0.1096581031510374,-18.26071768384297,13.977055172705688,0.7597287270226887,69.86197448427801,5.527208779631513,3,0.1498825054779628,0.2199351498793762,0.3335367869617134,backlash,5.0,1.0,0.0,4.560783293075795,6.574082196651069,1.0,0.6,2.013298903575274,2.013298903575274,1,1,1,0
1075,R1075,FRAGILE,PD,0.6887771479282069,0.9819870975697093,0.0291518083784519,0.1096581031510374,-18.26071768384297,13.977055172705688,0.7597287270226887,69.86197448427801,5.527208779631513,3,0.1498825054779628,0.2199351498793762,0.3335367869617134,slew,40.0,1.0,0.0,0.7056842387409865,12.689509535471922,1.0,0.4,11.983825296730936,11.983825296730936,1,1,1,0
1075,R1075,FRAGILE,PD,0.6887771479282069,0.9819870975697093,0.0291518083784519,0.1096581031510374,-18.26071768384297,13.977055172705688,0.7597287270226887,69.86197448427801,5.527208779631513,3,0.1498825054779628,0.2199351498793762,0.3335367869617134,latency,40.0,16.0,0.0,6.175114725539424,6.566468242523371,1.0,0.8,0.3913535169839468,0.3913535169839468,1,1,1,0
1075,R1075,FRAGILE,PD,0.6887771479282069,0.9819870975697093,0.0291518083784519,0.1096581031510374,-18.26071768384297,13.977055172705688,0.7597287270226887,69.86197448427801,5.527208779631513,3,0.1498825054779628,0.2199351498793762,0.3335367869617134,deadband,40.0,16.0,0.0,6.105194158754889,6.566468242523371,1.0,0.8,0.46127408376848145,0.46127408376848145,1,1,1,0
1075,R1075,FRAGILE,PD,0.6887771479282069,0.9819870975697093,0.0291518083784519,0.1096581031510374,-18.26071768384297,13.977055172705688,0.7597287270226887,69.86197448427801,5.527208779631513,3,0.1498825054779628,0.2199351498793762,0.3335367869617134,nonlinear_aero,2.0,1.0,0.0,7.216331694477182,7.214120928215186,1.0,1.0,0.0022107662619959,-0.0022107662619959,0,1,1,0
1075,R1075,FRAGILE,PD,0.6887771479282069,0.9819870975697093,0.0291518083784519,0.1096581031510374,-18.26071768384297,13.977055172705688,0.7597287270226887,69.86197448427801,5.527208779631513,3,0.1498825054779628,0.2199351498793762,0.3335367869617134,dyn_aero,2.0,1.0,0.0,7.340048459031936,7.214120928215186,1.0,1.0,0.12592753081675045,-0.12592753081675045,0,1,1,0
1075,R1075,FRAGILE,PD,0.6887771479282069,0.9819870975697093,0.0291518083784519,0.1096581031510374,-18.26071768384297,13.977055172705688,0.7597287270226887,69.86197448427801,5.527208779631513,3,0.1498825054779628,0.2199351498793762,0.3335367869617134,thrust_curve,2.0,1.0,0.0,6.914352082316381,7.214120928215186,0.8,1.0,0.2997688458988046,0.2997688458988046,1,1,1,0
1075,R1075,FRAGILE,PD,0.6887771479282069,0.9819870975697093,0.0291518083784519,0.1096581031510374,-18.26071768384297,13.977055172705688,0.7597287270226887,69.86197448427801,5.527208779631513,3,0.1498825054779628,0.2199351498793762,0.3335367869617134,cg_shift,2.0,1.0,0.0,7.13125626992593,7.214120928215186,0.8,1.0,0.08286465828925582,0.08286465828925582,1,1,1,0
202,R0202,FRAGILE,PD,0.1266079864643885,1.7424189100325282,0.020320845285812,0.0259171872349221,-27.014193094115697,13.6505359268575,2.7487572838165013,47.8594583601078,6.950135247391368,2,0.0904410033046335,0.1199555421227433,0.1440164824478082,reference,5.0,1.0,0.0,4.118623610940167,4.118623610940167,1.0,1.0,0.0,0.0,0,1,1,0
202,R0202,FRAGILE,PD,0.1266079864643885,1.7424189100325282,0.020320845285812,0.0259171872349221,-27.014193094115697,13.6505359268575,2.7487572838165013,47.8594583601078,6.950135247391368,2,0.0904410033046335,0.1199555421227433,0.1440164824478082,backlash,40.0,8.0,0.0,4.672276136967029,5.9603246415530355,0.8,0.8,1.2880485045860066,1.2880485045860066,1,1,1,0
202,R0202,FRAGILE,PD,0.1266079864643885,1.7424189100325282,0.020320845285812,0.0259171872349221,-27.014193094115697,13.6505359268575,2.7487572838165013,47.8594583601078,6.950135247391368,2,0.0904410033046335,0.1199555421227433,0.1440164824478082,slew,80.0,1.0,0.0,0.708756404533099,42.68568220619839,1.0,0.0,41.976925801665296,41.976925801665296,1,1,0,1
202,R0202,FRAGILE,PD,0.1266079864643885,1.7424189100325282,0.020320845285812,0.0259171872349221,-27.014193094115697,13.6505359268575,2.7487572838165013,47.8594583601078,6.950135247391368,2,0.0904410033046335,0.1199555421227433,0.1440164824478082,latency,80.0,8.0,0.0,5.754040409941423,5.203539240399341,0.8,0.8,0.5505011695420823,-0.5505011695420823,0,1,1,0
202,R0202,FRAGILE,PD,0.1266079864643885,1.7424189100325282,0.020320845285812,0.0259171872349221,-27.014193094115697,13.6505359268575,2.7487572838165013,47.8594583601078,6.950135247391368,2,0.0904410033046335,0.1199555421227433,0.1440164824478082,deadband,5.0,1.0,0.0,4.045026163865552,4.118623610940167,1.0,1.0,0.07359744707461502,0.07359744707461502,1,1,1,0
202,R0202,FRAGILE,PD,0.1266079864643885,1.7424189100325282,0.020320845285812,0.0259171872349221,-27.014193094115697,13.6505359268575,2.7487572838165013,47.8594583601078,6.950135247391368,2,0.0904410033046335,0.1199555421227433,0.1440164824478082,nonlinear_aero,5.0,1.0,0.0,4.118896331211372,4.118623610940167,1.0,1.0,0.0002727202712051735,-0.0002727202712051735,0,1,1,0
202,R0202,FRAGILE,PD,0.1266079864643885,1.7424189100325282,0.020320845285812,0.0259171872349221,-27.014193094115697,13.6505359268575,2.7487572838165013,47.8594583601078,6.950135247391368,2,0.0904410033046335,0.1199555421227433,0.1440164824478082,dyn_aero,5.0,1.0,0.0,4.258358008474467,4.118623610940167,1.0,1.0,0.1397343975342995,-0.1397343975342995,0,1,1,0
202,R0202,FRAGILE,PD,0.1266079864643885,1.7424189100325282,0.020320845285812,0.0259171872349221,-27.014193094115697,13.6505359268575,2.7487572838165013,47.8594583601078,6.950135247391368,2,0.0904410033046335,0.1199555421227433,0.1440164824478082,thrust_curve,5.0,1.0,0.0,3.582328512902028,4.118623610940167,1.0,1.0,0.5362950980381394,0.5362950980381394,1,1,1,0
202,R0202,FRAGILE,PD,0.1266079864643885,1.7424189100325282,0.020320845285812,0.0259171872349221,-27.014193094115697,13.6505359268575,2.7487572838165013,47.8594583601078,6.950135247391368,2,0.0904410033046335,0.1199555421227433,0.1440164824478082,cg_shift,15.0,2.0,0.0,5.355849318930444,5.306906104172332,0.8,0.8,0.04894321475811214,-0.04894321475811214,0,1,1,0
130,R0130,FRAGILE,PD,3.1165982856028114,1.3902347794101986,0.0114300810550944,0.2134945421520885,-63.922347918026446,10.578706882777254,1.7235194998669965,22.10144456215544,7.99200972193607,3,0.0011861081987106,0.0825415236705404,0.2422060259887852,reference,2.0,1.0,0.0,9.839136109500576,9.839136109500576,0.8,0.8,0.0,0.0,0,1,1,0
130,R0130,FRAGILE,PD,3.1165982856028114,1.3902347794101986,0.0114300810550944,0.2134945421520885,-63.922347918026446,10.578706882777254,1.7235194998669965,22.10144456215544,7.99200972193607,3,0.0011861081987106,0.0825415236705404,0.2422060259887852,backlash,5.0,1.0,0.0,7.154214970682193,9.922453468287788,0.6,0.6,2.768238497605595,2.768238497605595,1,1,1,0
130,R0130,FRAGILE,PD,3.1165982856028114,1.3902347794101986,0.0114300810550944,0.2134945421520885,-63.922347918026446,10.578706882777254,1.7235194998669965,22.10144456215544,7.99200972193607,3,0.0011861081987106,0.0825415236705404,0.2422060259887852,slew,80.0,1.0,0.0,0.6875825660540169,33.710811995192756,1.0,0.0,33.02322942913874,33.02322942913874,1,1,0,1
130,R0130,FRAGILE,PD,3.1165982856028114,1.3902347794101986,0.0114300810550944,0.2134945421520885,-63.922347918026446,10.578706882777254,1.7235194998669965,22.10144456215544,7.99200972193607,3,0.0011861081987106,0.0825415236705404,0.2422060259887852,latency,2.0,1.0,0.0,9.30126394721967,9.839136109500576,0.8,0.8,0.5378721622809053,0.5378721622809053,1,1,1,0
130,R0130,FRAGILE,PD,3.1165982856028114,1.3902347794101986,0.0114300810550944,0.2134945421520885,-63.922347918026446,10.578706882777254,1.7235194998669965,22.10144456215544,7.99200972193607,3,0.0011861081987106,0.0825415236705404,0.2422060259887852,deadband,2.0,1.0,0.0,9.839136109500576,9.839136109500576,0.8,0.8,0.0,0.0,0,1,1,0
130,R0130,FRAGILE,PD,3.1165982856028114,1.3902347794101986,0.0114300810550944,0.2134945421520885,-63.922347918026446,10.578706882777254,1.7235194998669965,22.10144456215544,7.99200972193607,3,0.0011861081987106,0.0825415236705404,0.2422060259887852,nonlinear_aero,2.0,1.0,0.0,10.237108637924283,9.839136109500576,0.8,0.8,0.39797252842370767,-0.39797252842370767,0,1,1,0
130,R0130,FRAGILE,PD,3.1165982856028114,1.3902347794101986,0.0114300810550944,0.2134945421520885,-63.922347918026446,10.578706882777254,1.7235194998669965,22.10144456215544,7.99200972193607,3,0.0011861081987106,0.0825415236705404,0.2422060259887852,dyn_aero,2.0,1.0,0.0,10.399651825599912,9.839136109500576,0.6,0.8,0.5605157160993368,-0.5605157160993368,0,1,1,0
130,R0130,FRAGILE,PD,3.1165982856028114,1.3902347794101986,0.0114300810550944,0.2134945421520885,-63.922347918026446,10.578706882777254,1.7235194998669965,22.10144456215544,7.99200972193607,3,0.0011861081987106,0.0825415236705404,0.2422060259887852,thrust_curve,5.0,1.0,0.0,9.642941707590483,9.922453468287788,0.6,0.6,0.27951176069730543,0.27951176069730543,1,1,1,0
130,R0130,FRAGILE,PD,3.1165982856028114,1.3902347794101986,0.0114300810550944,0.2134945421520885,-63.922347918026446,10.578706882777254,1.7235194998669965,22.10144456215544,7.99200972193607,3,0.0011861081987106,0.0825415236705404,0.2422060259887852,cg_shift,2.0,1.0,0.0,9.651234268974447,9.839136109500576,0.4,0.8,0.1879018405261288,0.1879018405261288,1,1,1,0
1187,R1187,FRAGILE,PD,0.6803050707753697,1.8001340242179644,0.0112233856106623,0.1566985986183134,-22.14064080654964,10.91470294352444,2.3377714284963007,20.97498914112151,2.06352605634973,6,0.1484221116083385,0.1951794773515582,0.2639461293298836,reference,2.0,1.0,0.0,7.521852073267017,7.521852073267017,0.8,0.8,0.0,0.0,0,1,1,0
1187,R1187,FRAGILE,PD,0.6803050707753697,1.8001340242179644,0.0112233856106623,0.1566985986183134,-22.14064080654964,10.91470294352444,2.3377714284963007,20.97498914112151,2.06352605634973,6,0.1484221116083385,0.1951794773515582,0.2639461293298836,backlash,40.0,2.0,0.0,9.1038003990767,28.710421700787386,0.6,0.0,19.606621301710685,19.606621301710685,1,1,0,1
1187,R1187,FRAGILE,PD,0.6803050707753697,1.8001340242179644,0.0112233856106623,0.1566985986183134,-22.14064080654964,10.91470294352444,2.3377714284963007,20.97498914112151,2.06352605634973,6,0.1484221116083385,0.1951794773515582,0.2639461293298836,slew,15.0,1.0,0.0,2.015471071207382,19.119737880001615,1.0,0.0,17.104266808794232,17.104266808794232,1,1,0,1
1187,R1187,FRAGILE,PD,0.6803050707753697,1.8001340242179644,0.0112233856106623,0.1566985986183134,-22.14064080654964,10.91470294352444,2.3377714284963007,20.97498914112151,2.06352605634973,6,0.1484221116083385,0.1951794773515582,0.2639461293298836,latency,2.0,2.0,0.0,7.5496374091849585,8.992175770974976,0.6,0.6,1.4425383617900174,1.4425383617900174,1,1,1,0
1187,R1187,FRAGILE,PD,0.6803050707753697,1.8001340242179644,0.0112233856106623,0.1566985986183134,-22.14064080654964,10.91470294352444,2.3377714284963007,20.97498914112151,2.06352605634973,6,0.1484221116083385,0.1951794773515582,0.2639461293298836,deadband,5.0,1.0,0.0,8.816073790061735,8.133904315876425,0.4,0.4,0.6821694741853097,-0.6821694741853097,0,1,1,0
1187,R1187,FRAGILE,PD,0.6803050707753697,1.8001340242179644,0.0112233856106623,0.1566985986183134,-22.14064080654964,10.91470294352444,2.3377714284963007,20.97498914112151,2.06352605634973,6,0.1484221116083385,0.1951794773515582,0.2639461293298836,nonlinear_aero,2.0,1.0,0.0,7.4472095246285335,7.521852073267017,0.8,0.8,0.07464254863848385,0.07464254863848385,1,1,1,0
1187,R1187,FRAGILE,PD,0.6803050707753697,1.8001340242179644,0.0112233856106623,0.1566985986183134,-22.14064080654964,10.91470294352444,2.3377714284963007,20.97498914112151,2.06352605634973,6,0.1484221116083385,0.1951794773515582,0.2639461293298836,dyn_aero,2.0,1.0,0.0,6.68549904273384,7.521852073267017,1.0,0.8,0.8363530305331777,0.8363530305331777,1,1,1,0
1187,R1187,FRAGILE,PD,0.6803050707753697,1.8001340242179644,0.0112233856106623,0.1566985986183134,-22.14064080654964,10.91470294352444,2.3377714284963007,20.97498914112151,2.06352605634973,6,0.1484221116083385,0.1951794773515582,0.2639461293298836,thrust_curve,2.0,1.0,0.0,6.880161446535681,7.521852073267017,0.8,0.8,0.6416906267313367,0.6416906267313367,1,1,1,0
1187,R1187,FRAGILE,PD,0.6803050707753697,1.8001340242179644,0.0112233856106623,0.1566985986183134,-22.14064080654964,10.91470294352444,2.3377714284963007,20.97498914112151,2.06352605634973,6,0.1484221116083385,0.1951794773515582,0.2639461293298836,cg_shift,5.0,1.0,0.0,8.795215841691196,8.133904315876425,0.6,0.4,0.6613115258147708,-0.6613115258147708,0,1,1,0
262,R0262,FRAGILE,PD,2.3424682986654,1.6257390564230747,0.0147475377521835,0.1689809095491318,-78.69382214433881,13.512294597097284,2.8967297943925825,80.9721872174405,12.42896933259427,2,0.0532849363360059,0.1351477867684527,0.2114609623872981,reference,80.0,16.0,0.0,6.8491071876607705,6.8491071876607705,0.8,0.8,0.0,0.0,0,1,1,0
262,R0262,FRAGILE,PD,2.3424682986654,1.6257390564230747,0.0147475377521835,0.1689809095491318,-78.69382214433881,13.512294597097284,2.8967297943925825,80.9721872174405,12.42896933259427,2,0.0532849363360059,0.1351477867684527,0.2114609623872981,backlash,15.0,8.0,0.0,4.578054130055785,7.219955872614979,1.0,0.8,2.6419017425591944,2.6419017425591944,1,1,1,0
262,R0262,FRAGILE,PD,2.3424682986654,1.6257390564230747,0.0147475377521835,0.1689809095491318,-78.69382214433881,13.512294597097284,2.8967297943925825,80.9721872174405,12.42896933259427,2,0.0532849363360059,0.1351477867684527,0.2114609623872981,slew,80.0,1.0,0.0,1.1350733265530497,77.72913514491333,1.0,0.0,76.59406181836027,76.59406181836027,1,1,0,1
262,R0262,FRAGILE,PD,2.3424682986654,1.6257390564230747,0.0147475377521835,0.1689809095491318,-78.69382214433881,13.512294597097284,2.8967297943925825,80.9721872174405,12.42896933259427,2,0.0532849363360059,0.1351477867684527,0.2114609623872981,latency,40.0,16.0,0.0,7.214053736348012,8.066379427767595,0.8,0.8,0.8523256914195834,0.8523256914195834,1,1,1,0
262,R0262,FRAGILE,PD,2.3424682986654,1.6257390564230747,0.0147475377521835,0.1689809095491318,-78.69382214433881,13.512294597097284,2.8967297943925825,80.9721872174405,12.42896933259427,2,0.0532849363360059,0.1351477867684527,0.2114609623872981,deadband,2.0,1.0,0.0,6.2451019762864926,7.424414581229563,0.8,0.6,1.1793126049430702,1.1793126049430702,1,1,1,0
262,R0262,FRAGILE,PD,2.3424682986654,1.6257390564230747,0.0147475377521835,0.1689809095491318,-78.69382214433881,13.512294597097284,2.8967297943925825,80.9721872174405,12.42896933259427,2,0.0532849363360059,0.1351477867684527,0.2114609623872981,nonlinear_aero,80.0,32.0,0.0,7.84993260293994,7.936725718339249,0.8,0.8,0.0867931153993089,0.0867931153993089,1,1,1,0
262,R0262,FRAGILE,PD,2.3424682986654,1.6257390564230747,0.0147475377521835,0.1689809095491318,-78.69382214433881,13.512294597097284,2.8967297943925825,80.9721872174405,12.42896933259427,2,0.0532849363360059,0.1351477867684527,0.2114609623872981,dyn_aero,80.0,16.0,0.0,5.6095824889793615,6.8491071876607705,1.0,0.8,1.239524698681409,1.239524698681409,1,1,1,0
262,R0262,FRAGILE,PD,2.3424682986654,1.6257390564230747,0.0147475377521835,0.1689809095491318,-78.69382214433881,13.512294597097284,2.8967297943925825,80.9721872174405,12.42896933259427,2,0.0532849363360059,0.1351477867684527,0.2114609623872981,thrust_curve,80.0,32.0,0.0,5.488487334917735,7.936725718339249,0.8,0.8,2.448238383421513,2.448238383421513,1,1,1,0
262,R0262,FRAGILE,PD,2.3424682986654,1.6257390564230747,0.0147475377521835,0.1689809095491318,-78.69382214433881,13.512294597097284,2.8967297943925825,80.9721872174405,12.42896933259427,2,0.0532849363360059,0.1351477867684527,0.2114609623872981,cg_shift,2.0,1.0,0.0,7.11468357928244,7.424414581229563,0.6,0.6,0.30973100194712266,0.30973100194712266,1,1,1,0
368,R0368,FRAGILE,PD,0.0120731681001625,1.4053486225708771,0.0282458389671823,0.0010824088740427,-62.62966473232004,11.72026460964996,2.833995992936432,113.334734193216,14.79863712830668,3,0.0954845550444769,0.2482643469996009,0.3609739724627436,reference,2.0,1.0,0.0,6.519788321281172,6.519788321281172,0.8,0.8,0.0,0.0,0,1,1,0
368,R0368,FRAGILE,PD,0.0120731681001625,1.4053486225708771,0.0282458389671823,0.0010824088740427,-62.62966473232004,11.72026460964996,2.833995992936432,113.334734193216,14.79863712830668,3,0.0954845550444769,0.2482643469996009,0.3609739724627436,backlash,5.0,1.0,0.0,5.090580899908234,7.572535875382448,0.8,0.6,2.4819549754742134,2.4819549754742134,1,1,1,0
368,R0368,FRAGILE,PD,0.0120731681001625,1.4053486225708771,0.0282458389671823,0.0010824088740427,-62.62966473232004,11.72026460964996,2.833995992936432,113.334734193216,14.79863712830668,3,0.0954845550444769,0.2482643469996009,0.3609739724627436,slew,80.0,1.0,0.0,0.4388288005474907,50.048005862183835,1.0,0.0,49.609177061636345,49.609177061636345,1,1,0,1
368,R0368,FRAGILE,PD,0.0120731681001625,1.4053486225708771,0.0282458389671823,0.0010824088740427,-62.62966473232004,11.72026460964996,2.833995992936432,113.334734193216,14.79863712830668,3,0.0954845550444769,0.2482643469996009,0.3609739724627436,latency,2.0,1.0,0.0,7.281772994363138,6.519788321281172,1.0,0.8,0.7619846730819662,-0.7619846730819662,0,1,1,0
368,R0368,FRAGILE,PD,0.0120731681001625,1.4053486225708771,0.0282458389671823,0.0010824088740427,-62.62966473232004,11.72026460964996,2.833995992936432,113.334734193216,14.79863712830668,3,0.0954845550444769,0.2482643469996009,0.3609739724627436,deadband,80.0,32.0,0.0,7.054598621974418,6.723437028104908,0.6,0.6,0.33116159386950983,-0.33116159386950983,0,1,1,0
368,R0368,FRAGILE,PD,0.0120731681001625,1.4053486225708771,0.0282458389671823,0.0010824088740427,-62.62966473232004,11.72026460964996,2.833995992936432,113.334734193216,14.79863712830668,3,0.0954845550444769,0.2482643469996009,0.3609739724627436,nonlinear_aero,2.0,1.0,0.0,6.519893785160423,6.519788321281172,0.8,0.8,0.00010546387925103318,-0.00010546387925103318,0,1,1,0
368,R0368,FRAGILE,PD,0.0120731681001625,1.4053486225708771,0.0282458389671823,0.0010824088740427,-62.62966473232004,11.72026460964996,2.833995992936432,113.334734193216,14.79863712830668,3,0.0954845550444769,0.2482643469996009,0.3609739724627436,dyn_aero,2.0,1.0,0.0,5.251572360964048,6.519788321281172,1.0,0.8,1.2682159603171232,1.2682159603171232,1,1,1,0
368,R0368,FRAGILE,PD,0.0120731681001625,1.4053486225708771,0.0282458389671823,0.0010824088740427,-62.62966473232004,11.72026460964996,2.833995992936432,113.334734193216,14.79863712830668,3,0.0954845550444769,0.2482643469996009,0.3609739724627436,thrust_curve,5.0,1.0,0.0,6.954517069362273,7.572535875382448,1.0,0.6,0.6180188060201743,0.6180188060201743,1,1,1,0
368,R0368,FRAGILE,PD,0.0120731681001625,1.4053486225708771,0.0282458389671823,0.0010824088740427,-62.62966473232004,11.72026460964996,2.833995992936432,113.334734193216,14.79863712830668,3,0.0954845550444769,0.2482643469996009,0.3609739724627436,cg_shift,2.0,1.0,0.0,6.497666406484852,6.519788321281172,1.0,0.8,0.022121914796319864,0.022121914796319864,1,1,1,0
868,R0868,FRAGILE,PD,0.6374603679206231,1.0430134490073817,0.0232793370896669,0.1177740165977628,-30.842725085845423,10.847870640476218,2.9187503215163524,117.56739877518056,10.398412671154492,4,0.027112858040167,0.2304155174352666,0.1171238684420654,reference,5.0,1.0,0.0,4.742231828790167,4.742231828790167,1.0,1.0,0.0,0.0,0,1,1,0
868,R0868,FRAGILE,PD,0.6374603679206231,1.0430134490073817,0.0232793370896669,0.1177740165977628,-30.842725085845423,10.847870640476218,2.9187503215163524,117.56739877518056,10.398412671154492,4,0.027112858040167,0.2304155174352666,0.1171238684420654,backlash,5.0,2.0,0.0,3.390187153631787,5.529941263447764,1.0,0.8,2.139754109815977,2.139754109815977,1,1,1,0
868,R0868,FRAGILE,PD,0.6374603679206231,1.0430134490073817,0.0232793370896669,0.1177740165977628,-30.842725085845423,10.847870640476218,2.9187503215163524,117.56739877518056,10.398412671154492,4,0.027112858040167,0.2304155174352666,0.1171238684420654,slew,80.0,1.0,0.0,1.191006282437704,63.79762388242833,1.0,0.0,62.60661759999063,62.60661759999063,1,1,0,1
868,R0868,FRAGILE,PD,0.6374603679206231,1.0430134490073817,0.0232793370896669,0.1177740165977628,-30.842725085845423,10.847870640476218,2.9187503215163524,117.56739877518056,10.398412671154492,4,0.027112858040167,0.2304155174352666,0.1171238684420654,latency,5.0,1.0,0.0,4.404330975685849,4.742231828790167,1.0,1.0,0.3379008531043173,0.3379008531043173,1,1,1,0
868,R0868,FRAGILE,PD,0.6374603679206231,1.0430134490073817,0.0232793370896669,0.1177740165977628,-30.842725085845423,10.847870640476218,2.9187503215163524,117.56739877518056,10.398412671154492,4,0.027112858040167,0.2304155174352666,0.1171238684420654,deadband,5.0,1.0,0.0,5.154256087433611,4.742231828790167,1.0,1.0,0.41202425864344416,-0.41202425864344416,0,1,1,0
868,R0868,FRAGILE,PD,0.6374603679206231,1.0430134490073817,0.0232793370896669,0.1177740165977628,-30.842725085845423,10.847870640476218,2.9187503215163524,117.56739877518056,10.398412671154492,4,0.027112858040167,0.2304155174352666,0.1171238684420654,nonlinear_aero,5.0,1.0,0.0,4.9820386835301935,4.742231828790167,0.8,1.0,0.23980685474002694,-0.23980685474002694,0,1,1,0
868,R0868,FRAGILE,PD,0.6374603679206231,1.0430134490073817,0.0232793370896669,0.1177740165977628,-30.842725085845423,10.847870640476218,2.9187503215163524,117.56739877518056,10.398412671154492,4,0.027112858040167,0.2304155174352666,0.1171238684420654,dyn_aero,2.0,1.0,0.0,2.577800853905721,5.790196029224708,1.0,0.8,3.2123951753189868,3.2123951753189868,1,1,1,0
868,R0868,FRAGILE,PD,0.6374603679206231,1.0430134490073817,0.0232793370896669,0.1177740165977628,-30.842725085845423,10.847870640476218,2.9187503215163524,117.56739877518056,10.398412671154492,4,0.027112858040167,0.2304155174352666,0.1171238684420654,thrust_curve,5.0,1.0,0.0,3.7996468385064963,4.742231828790167,1.0,1.0,0.9425849902836703,0.9425849902836703,1,1,1,0
868,R0868,FRAGILE,PD,0.6374603679206231,1.0430134490073817,0.0232793370896669,0.1177740165977628,-30.842725085845423,10.847870640476218,2.9187503215163524,117.56739877518056,10.398412671154492,4,0.027112858040167,0.2304155174352666,0.1171238684420654,cg_shift,2.0,1.0,0.0,5.782747016873662,5.790196029224708,0.6,0.8,0.007449012351045781,0.007449012351045781,1,1,1,0
491,R0491,FRAGILE,PD,0.3595546807532666,1.1018969544105413,0.0109640295650399,0.0336346297320731,-56.3155163631033,7.553353920419334,2.4945856203607573,43.65520152867153,12.169811135225842,6,0.0168008296311237,0.1178132654380729,0.3883064130113716,reference,5.0,8.0,0.0,17.29709269770857,17.29709269770857,0.4,0.4,0.0,0.0,0,1,1,0
491,R0491,FRAGILE,PD,0.3595546807532666,1.1018969544105413,0.0109640295650399,0.0336346297320731,-56.3155163631033,7.553353920419334,2.4945856203607573,43.65520152867153,12.169811135225842,6,0.0168008296311237,0.1178132654380729,0.3883064130113716,backlash,2.0,1.0,0.0,10.020695439378837,15.233697603774734,0.6,0.4,5.213002164395897,5.213002164395897,1,1,1,0
491,R0491,FRAGILE,PD,0.3595546807532666,1.1018969544105413,0.0109640295650399,0.0336346297320731,-56.3155163631033,7.553353920419334,2.4945856203607573,43.65520152867153,12.169811135225842,6,0.0168008296311237,0.1178132654380729,0.3883064130113716,slew,80.0,1.0,0.0,4.064813275404741,86.61732713305162,0.8,0.0,82.55251385764687,82.55251385764687,1,1,0,1
491,R0491,FRAGILE,PD,0.3595546807532666,1.1018969544105413,0.0109640295650399,0.0336346297320731,-56.3155163631033,7.553353920419334,2.4945856203607573,43.65520152867153,12.169811135225842,6,0.0168008296311237,0.1178132654380729,0.3883064130113716,latency,40.0,32.0,0.0,15.531506402200055,15.887242933594248,0.4,0.2,0.3557365313941929,0.3557365313941929,1,1,0,1
491,R0491,FRAGILE,PD,0.3595546807532666,1.1018969544105413,0.0109640295650399,0.0336346297320731,-56.3155163631033,7.553353920419334,2.4945856203607573,43.65520152867153,12.169811135225842,6,0.0168008296311237,0.1178132654380729,0.3883064130113716,deadband,2.0,2.0,0.0,17.170720785007955,17.333082799984247,0.4,0.4,0.1623620149762921,0.1623620149762921,1,1,1,0
491,R0491,FRAGILE,PD,0.3595546807532666,1.1018969544105413,0.0109640295650399,0.0336346297320731,-56.3155163631033,7.553353920419334,2.4945856203607573,43.65520152867153,12.169811135225842,6,0.0168008296311237,0.1178132654380729,0.3883064130113716,nonlinear_aero,5.0,8.0,0.0,17.554721763310646,17.29709269770857,0.4,0.4,0.25762906560207455,-0.25762906560207455,0,1,1,0
491,R0491,FRAGILE,PD,0.3595546807532666,1.1018969544105413,0.0109640295650399,0.0336346297320731,-56.3155163631033,7.553353920419334,2.4945856203607573,43.65520152867153,12.169811135225842,6,0.0168008296311237,0.1178132654380729,0.3883064130113716,dyn_aero,40.0,16.0,0.0,9.374720914339985,17.266209212862204,0.8,0.4,7.891488298522219,7.891488298522219,1,1,1,0
491,R0491,FRAGILE,PD,0.3595546807532666,1.1018969544105413,0.0109640295650399,0.0336346297320731,-56.3155163631033,7.553353920419334,2.4945856203607573,43.65520152867153,12.169811135225842,6,0.0168008296311237,0.1178132654380729,0.3883064130113716,thrust_curve,40.0,16.0,0.0,21.718804720190562,17.266209212862204,0.4,0.4,4.452595507328358,-4.452595507328358,0,1,1,0
491,R0491,FRAGILE,PD,0.3595546807532666,1.1018969544105413,0.0109640295650399,0.0336346297320731,-56.3155163631033,7.553353920419334,2.4945856203607573,43.65520152867153,12.169811135225842,6,0.0168008296311237,0.1178132654380729,0.3883064130113716,cg_shift,15.0,16.0,0.0,15.556341185564659,16.384847680411006,0.2,0.4,0.8285064948463479,0.8285064948463479,1,0,1,1
1144,R1144,FRAGILE,PD,1.072729259786123,2.0228937425044937,0.0199722105244035,0.1551648796370615,-35.79570791123818,8.151823577208914,2.409724430969958,91.79679998520776,14.36905754565148,6,0.0082958883617544,0.1065927143110746,0.4447804164466011,reference,2.0,1.0,0.0,7.749228363146242,7.749228363146242,0.6,0.6,0.0,0.0,0,1,1,0
1144,R1144,FRAGILE,PD,1.072729259786123,2.0228937425044937,0.0199722105244035,0.1551648796370615,-35.79570791123818,8.151823577208914,2.409724430969958,91.79679998520776,14.36905754565148,6,0.0082958883617544,0.1065927143110746,0.4447804164466011,backlash,2.0,1.0,0.0,4.278789607574218,7.749228363146242,1.0,0.6,3.470438755572024,3.470438755572024,1,1,1,0
1144,R1144,FRAGILE,PD,1.072729259786123,2.0228937425044937,0.0199722105244035,0.1551648796370615,-35.79570791123818,8.151823577208914,2.409724430969958,91.79679998520776,14.36905754565148,6,0.0082958883617544,0.1065927143110746,0.4447804164466011,slew,80.0,1.0,0.0,1.3322015250307118,60.83439925931676,1.0,0.0,59.50219773428605,59.50219773428605,1,1,0,1
1144,R1144,FRAGILE,PD,1.072729259786123,2.0228937425044937,0.0199722105244035,0.1551648796370615,-35.79570791123818,8.151823577208914,2.409724430969958,91.79679998520776,14.36905754565148,6,0.0082958883617544,0.1065927143110746,0.4447804164466011,latency,2.0,1.0,0.0,7.018497073166662,7.749228363146242,0.8,0.6,0.7307312899795804,0.7307312899795804,1,1,1,0
1144,R1144,FRAGILE,PD,1.072729259786123,2.0228937425044937,0.0199722105244035,0.1551648796370615,-35.79570791123818,8.151823577208914,2.409724430969958,91.79679998520776,14.36905754565148,6,0.0082958883617544,0.1065927143110746,0.4447804164466011,deadband,2.0,1.0,0.0,7.797986868254773,7.749228363146242,0.6,0.6,0.048758505108530414,-0.048758505108530414,0,1,1,0
1144,R1144,FRAGILE,PD,1.072729259786123,2.0228937425044937,0.0199722105244035,0.1551648796370615,-35.79570791123818,8.151823577208914,2.409724430969958,91.79679998520776,14.36905754565148,6,0.0082958883617544,0.1065927143110746,0.4447804164466011,nonlinear_aero,2.0,1.0,0.0,7.564623511648693,7.749228363146242,0.8,0.6,0.18460485149754913,0.18460485149754913,1,1,1,0
1144,R1144,FRAGILE,PD,1.072729259786123,2.0228937425044937,0.0199722105244035,0.1551648796370615,-35.79570791123818,8.151823577208914,2.409724430969958,91.79679998520776,14.36905754565148,6,0.0082958883617544,0.1065927143110746,0.4447804164466011,dyn_aero,2.0,1.0,0.0,6.454391711347958,7.749228363146242,0.8,0.6,1.2948366517982848,1.2948366517982848,1,1,1,0
1144,R1144,FRAGILE,PD,1.072729259786123,2.0228937425044937,0.0199722105244035,0.1551648796370615,-35.79570791123818,8.151823577208914,2.409724430969958,91.79679998520776,14.36905754565148,6,0.0082958883617544,0.1065927143110746,0.4447804164466011,thrust_curve,40.0,16.0,0.0,6.488854474528951,8.585020084640506,1.0,0.4,2.096165610111555,2.096165610111555,1,1,1,0
1144,R1144,FRAGILE,PD,1.072729259786123,2.0228937425044937,0.0199722105244035,0.1551648796370615,-35.79570791123818,8.151823577208914,2.409724430969958,91.79679998520776,14.36905754565148,6,0.0082958883617544,0.1065927143110746,0.4447804164466011,cg_shift,2.0,1.0,0.0,8.000125859744069,7.749228363146242,0.6,0.6,0.2508974965978261,-0.2508974965978261,0,1,1,0
513,R0513,FRAGILE,PD,0.8270144105177198,0.95039250182879,0.0371162101823136,0.0436132501646494,-86.40124253900782,7.679070351520042,1.8661630758210688,77.82081479981865,4.909876309843256,6,0.0087348607243141,0.2415790011878382,0.3253764679123784,reference,15.0,2.0,0.0,8.616929542347311,8.616929542347311,0.8,0.8,0.0,0.0,0,1,1,0
513,R0513,FRAGILE,PD,0.8270144105177198,0.95039250182879,0.0371162101823136,0.0436132501646494,-86.40124253900782,7.679070351520042,1.8661630758210688,77.82081479981865,4.909876309843256,6,0.0087348607243141,0.2415790011878382,0.3253764679123784,backlash,2.0,1.0,0.0,4.296621841684488,5.774416670792495,1.0,0.8,1.4777948291080065,1.4777948291080065,1,1,1,0
513,R0513,FRAGILE,PD,0.8270144105177198,0.95039250182879,0.0371162101823136,0.0436132501646494,-86.40124253900782,7.679070351520042,1.8661630758210688,77.82081479981865,4.909876309843256,6,0.0087348607243141,0.2415790011878382,0.3253764679123784,slew,40.0,1.0,0.0,0.943100200457501,35.05233006808781,1.0,0.0,34.10922986763031,34.10922986763031,1,1,0,1
513,R0513,FRAGILE,PD,0.8270144105177198,0.95039250182879,0.0371162101823136,0.0436132501646494,-86.40124253900782,7.679070351520042,1.8661630758210688,77.82081479981865,4.909876309843256,6,0.0087348607243141,0.2415790011878382,0.3253764679123784,latency,2.0,1.0,0.0,5.556157435019508,5.774416670792495,0.8,0.8,0.21825923577298667,0.21825923577298667,1,1,1,0
513,R0513,FRAGILE,PD,0.8270144105177198,0.95039250182879,0.0371162101823136,0.0436132501646494,-86.40124253900782,7.679070351520042,1.8661630758210688,77.82081479981865,4.909876309843256,6,0.0087348607243141,0.2415790011878382,0.3253764679123784,deadband,15.0,2.0,0.0,8.460533708809155,8.616929542347311,0.8,0.8,0.15639583353815567,0.15639583353815567,1,1,1,0
513,R0513,FRAGILE,PD,0.8270144105177198,0.95039250182879,0.0371162101823136,0.0436132501646494,-86.40124253900782,7.679070351520042,1.8661630758210688,77.82081479981865,4.909876309843256,6,0.0087348607243141,0.2415790011878382,0.3253764679123784,nonlinear_aero,15.0,2.0,0.0,8.509337484444425,8.616929542347311,0.8,0.8,0.1075920579028864,0.1075920579028864,1,1,1,0
513,R0513,FRAGILE,PD,0.8270144105177198,0.95039250182879,0.0371162101823136,0.0436132501646494,-86.40124253900782,7.679070351520042,1.8661630758210688,77.82081479981865,4.909876309843256,6,0.0087348607243141,0.2415790011878382,0.3253764679123784,dyn_aero,2.0,1.0,0.0,5.023796541498006,5.774416670792495,1.0,0.8,0.7506201292944885,0.7506201292944885,1,1,1,0
513,R0513,FRAGILE,PD,0.8270144105177198,0.95039250182879,0.0371162101823136,0.0436132501646494,-86.40124253900782,7.679070351520042,1.8661630758210688,77.82081479981865,4.909876309843256,6,0.0087348607243141,0.2415790011878382,0.3253764679123784,thrust_curve,2.0,1.0,0.0,6.58291863881429,5.774416670792495,1.0,0.8,0.8085019680217949,-0.8085019680217949,0,1,1,0
513,R0513,FRAGILE,PD,0.8270144105177198,0.95039250182879,0.0371162101823136,0.0436132501646494,-86.40124253900782,7.679070351520042,1.8661630758210688,77.82081479981865,4.909876309843256,6,0.0087348607243141,0.2415790011878382,0.3253764679123784,cg_shift,15.0,2.0,0.0,8.675781747997188,8.616929542347311,0.6,0.8,0.058852205649877476,-0.058852205649877476,0,1,1,0
843,R0843,FRAGILE,PD,0.2469331277240269,1.7693788411405371,0.0210159374848298,0.0260535319958295,-48.623571544933405,10.039446553164058,2.3657403498938665,65.62583901529715,3.518281375498708,2,0.0148736129405507,0.1206762968235292,0.0816190384372523,reference,15.0,1.0,0.0,8.527527725154117,8.527527725154117,0.4,0.4,0.0,0.0,0,1,1,0
843,R0843,FRAGILE,PD,0.2469331277240269,1.7693788411405371,0.0210159374848298,0.0260535319958295,-48.623571544933405,10.039446553164058,2.3657403498938665,65.62583901529715,3.518281375498708,2,0.0148736129405507,0.1206762968235292,0.0816190384372523,backlash,15.0,1.0,0.0,6.079483111049622,8.527527725154117,0.6,0.4,2.4480446141044956,2.4480446141044956,1,1,1,0
843,R0843,FRAGILE,PD,0.2469331277240269,1.7693788411405371,0.0210159374848298,0.0260535319958295,-48.623571544933405,10.039446553164058,2.3657403498938665,65.62583901529715,3.518281375498708,2,0.0148736129405507,0.1206762968235292,0.0816190384372523,slew,15.0,1.0,0.0,1.3114647374566681,8.527527725154117,1.0,0.4,7.216062987697449,7.216062987697449,1,1,1,0
843,R0843,FRAGILE,PD,0.2469331277240269,1.7693788411405371,0.0210159374848298,0.0260535319958295,-48.623571544933405,10.039446553164058,2.3657403498938665,65.62583901529715,3.518281375498708,2,0.0148736129405507,0.1206762968235292,0.0816190384372523,latency,5.0,2.0,0.0,4.223870338091752,5.308327232309985,1.0,1.0,1.084456894218233,1.084456894218233,1,1,1,0
843,R0843,FRAGILE,PD,0.2469331277240269,1.7693788411405371,0.0210159374848298,0.0260535319958295,-48.623571544933405,10.039446553164058,2.3657403498938665,65.62583901529715,3.518281375498708,2,0.0148736129405507,0.1206762968235292,0.0816190384372523,deadband,15.0,1.0,0.0,8.637934066202362,8.527527725154117,0.4,0.4,0.11040634104824498,-0.11040634104824498,0,1,1,0
843,R0843,FRAGILE,PD,0.2469331277240269,1.7693788411405371,0.0210159374848298,0.0260535319958295,-48.623571544933405,10.039446553164058,2.3657403498938665,65.62583901529715,3.518281375498708,2,0.0148736129405507,0.1206762968235292,0.0816190384372523,nonlinear_aero,15.0,1.0,0.0,8.53140035125446,8.527527725154117,0.4,0.4,0.0038726261003425577,-0.0038726261003425577,0,1,1,0
843,R0843,FRAGILE,PD,0.2469331277240269,1.7693788411405371,0.0210159374848298,0.0260535319958295,-48.623571544933405,10.039446553164058,2.3657403498938665,65.62583901529715,3.518281375498708,2,0.0148736129405507,0.1206762968235292,0.0816190384372523,dyn_aero,40.0,16.0,0.0,4.222536943345657,5.533239261807637,1.0,1.0,1.3107023184619795,1.3107023184619795,1,1,1,0
843,R0843,FRAGILE,PD,0.2469331277240269,1.7693788411405371,0.0210159374848298,0.0260535319958295,-48.623571544933405,10.039446553164058,2.3657403498938665,65.62583901529715,3.518281375498708,2,0.0148736129405507,0.1206762968235292,0.0816190384372523,thrust_curve,80.0,16.0,0.0,4.588395625458507,6.561399871091439,0.8,0.8,1.9730042456329313,1.9730042456329313,1,1,1,0
843,R0843,FRAGILE,PD,0.2469331277240269,1.7693788411405371,0.0210159374848298,0.0260535319958295,-48.623571544933405,10.039446553164058,2.3657403498938665,65.62583901529715,3.518281375498708,2,0.0148736129405507,0.1206762968235292,0.0816190384372523,cg_shift,80.0,8.0,0.0,6.034067226601945,7.137863332334581,0.8,0.6,1.103796105732636,1.103796105732636,1,1,1,0
1178,R1178,FRAGILE,PD,3.6001616239065224,1.6402978052093853,0.0213837298546831,0.292873349638892,-68.68226697521469,10.13136313955121,2.8061043689441045,41.39930962353303,13.041574776292713,6,0.0371980853737444,0.1533403987745999,0.3776499228176375,reference,5.0,1.0,0.0,8.734375311475135,8.734375311475135,0.6,0.6,0.0,0.0,0,1,1,0
1178,R1178,FRAGILE,PD,3.6001616239065224,1.6402978052093853,0.0213837298546831,0.292873349638892,-68.68226697521469,10.13136313955121,2.8061043689441045,41.39930962353303,13.041574776292713,6,0.0371980853737444,0.1533403987745999,0.3776499228176375,backlash,2.0,1.0,0.0,6.398254983330573,11.41892227899735,1.0,0.6,5.020667295666777,5.020667295666777,1,1,1,0
1178,R1178,FRAGILE,PD,3.6001616239065224,1.6402978052093853,0.0213837298546831,0.292873349638892,-68.68226697521469,10.13136313955121,2.8061043689441045,41.39930962353303,13.041574776292713,6,0.0371980853737444,0.1533403987745999,0.3776499228176375,slew,40.0,1.0,0.0,1.766030470044003,34.0816623889978,1.0,0.0,32.3156319189538,32.3156319189538,1,1,0,1
1178,R1178,FRAGILE,PD,3.6001616239065224,1.6402978052093853,0.0213837298546831,0.292873349638892,-68.68226697521469,10.13136313955121,2.8061043689441045,41.39930962353303,13.041574776292713,6,0.0371980853737444,0.1533403987745999,0.3776499228176375,latency,5.0,1.0,0.0,8.58915254964582,8.734375311475135,0.6,0.6,0.1452227618293147,0.1452227618293147,1,1,1,0
1178,R1178,FRAGILE,PD,3.6001616239065224,1.6402978052093853,0.0213837298546831,0.292873349638892,-68.68226697521469,10.13136313955121,2.8061043689441045,41.39930962353303,13.041574776292713,6,0.0371980853737444,0.1533403987745999,0.3776499228176375,deadband,5.0,1.0,0.0,8.640557811046534,8.734375311475135,0.6,0.6,0.09381750042860126,0.09381750042860126,1,1,1,0
1178,R1178,FRAGILE,PD,3.6001616239065224,1.6402978052093853,0.0213837298546831,0.292873349638892,-68.68226697521469,10.13136313955121,2.8061043689441045,41.39930962353303,13.041574776292713,6,0.0371980853737444,0.1533403987745999,0.3776499228176375,nonlinear_aero,5.0,1.0,0.0,8.749702631467427,8.734375311475135,0.6,0.6,0.015327319992291422,-0.015327319992291422,0,1,1,0
1178,R1178,FRAGILE,PD,3.6001616239065224,1.6402978052093853,0.0213837298546831,0.292873349638892,-68.68226697521469,10.13136313955121,2.8061043689441045,41.39930962353303,13.041574776292713,6,0.0371980853737444,0.1533403987745999,0.3776499228176375,dyn_aero,40.0,8.0,0.0,7.319166411039854,8.879828137150572,0.8,0.6,1.5606617261107179,1.5606617261107179,1,1,1,0
1178,R1178,FRAGILE,PD,3.6001616239065224,1.6402978052093853,0.0213837298546831,0.292873349638892,-68.68226697521469,10.13136313955121,2.8061043689441045,41.39930962353303,13.041574776292713,6,0.0371980853737444,0.1533403987745999,0.3776499228176375,thrust_curve,80.0,8.0,0.0,7.504126848940048,12.585028266087964,0.8,0.4,5.080901417147915,5.080901417147915,1,1,1,0
1178,R1178,FRAGILE,PD,3.6001616239065224,1.6402978052093853,0.0213837298546831,0.292873349638892,-68.68226697521469,10.13136313955121,2.8061043689441045,41.39930962353303,13.041574776292713,6,0.0371980853737444,0.1533403987745999,0.3776499228176375,cg_shift,5.0,1.0,0.0,9.309528485715898,8.734375311475135,0.6,0.6,0.5751531742407625,-0.5751531742407625,0,1,1,0
988,R0988,FRAGILE,PD,0.5863674558054558,1.0184458123740658,0.0120041519909097,0.0361498245369127,-87.23972721605055,7.766068514461192,2.6001603623086984,88.89942126689175,5.965577972894351,5,0.0809348411118771,0.2408789162060539,0.2139626076282698,reference,5.0,2.0,0.0,9.93522365558331,9.93522365558331,0.6,0.6,0.0,0.0,0,1,1,0
988,R0988,FRAGILE,PD,0.5863674558054558,1.0184458123740658,0.0120041519909097,0.0361498245369127,-87.23972721605055,7.766068514461192,2.6001603623086984,88.89942126689175,5.965577972894351,5,0.0809348411118771,0.2408789162060539,0.2139626076282698,backlash,15.0,1.0,0.0,6.018345903091312,15.265025830778583,0.4,0.2,9.246679927687271,9.246679927687271,1,1,0,1
988,R0988,FRAGILE,PD,0.5863674558054558,1.0184458123740658,0.0120041519909097,0.0361498245369127,-87.23972721605055,7.766068514461192,2.6001603623086984,88.89942126689175,5.965577972894351,5,0.0809348411118771,0.2408789162060539,0.2139626076282698,slew,80.0,2.0,0.0,3.295454645314438,79.49737133026235,1.0,0.0,76.20191668494792,76.20191668494792,1,1,0,1
988,R0988,FRAGILE,PD,0.5863674558054558,1.0184458123740658,0.0120041519909097,0.0361498245369127,-87.23972721605055,7.766068514461192,2.6001603623086984,88.89942126689175,5.965577972894351,5,0.0809348411118771,0.2408789162060539,0.2139626076282698,latency,5.0,2.0,0.0,8.753218428179041,9.93522365558331,0.6,0.6,1.1820052274042698,1.1820052274042698,1,1,1,0
988,R0988,FRAGILE,PD,0.5863674558054558,1.0184458123740658,0.0120041519909097,0.0361498245369127,-87.23972721605055,7.766068514461192,2.6001603623086984,88.89942126689175,5.965577972894351,5,0.0809348411118771,0.2408789162060539,0.2139626076282698,deadband,5.0,2.0,0.0,9.044266828696006,9.93522365558331,0.8,0.6,0.8909568268873045,0.8909568268873045,1,1,1,0
988,R0988,FRAGILE,PD,0.5863674558054558,1.0184458123740658,0.0120041519909097,0.0361498245369127,-87.23972721605055,7.766068514461192,2.6001603623086984,88.89942126689175,5.965577972894351,5,0.0809348411118771,0.2408789162060539,0.2139626076282698,nonlinear_aero,5.0,2.0,0.0,9.7203329015261,9.93522365558331,0.6,0.6,0.21489075405721003,0.21489075405721003,1,1,1,0
988,R0988,FRAGILE,PD,0.5863674558054558,1.0184458123740658,0.0120041519909097,0.0361498245369127,-87.23972721605055,7.766068514461192,2.6001603623086984,88.89942126689175,5.965577972894351,5,0.0809348411118771,0.2408789162060539,0.2139626076282698,dyn_aero,5.0,1.0,0.0,6.372897396232712,10.350642864552109,0.6,0.4,3.977745468319397,3.977745468319397,1,1,1,0
988,R0988,FRAGILE,PD,0.5863674558054558,1.0184458123740658,0.0120041519909097,0.0361498245369127,-87.23972721605055,7.766068514461192,2.6001603623086984,88.89942126689175,5.965577972894351,5,0.0809348411118771,0.2408789162060539,0.2139626076282698,thrust_curve,2.0,1.0,0.0,8.75439557863867,9.914283725389994,0.6,0.6,1.1598881467513245,1.1598881467513245,1,1,1,0
988,R0988,FRAGILE,PD,0.5863674558054558,1.0184458123740658,0.0120041519909097,0.0361498245369127,-87.23972721605055,7.766068514461192,2.6001603623086984,88.89942126689175,5.965577972894351,5,0.0809348411118771,0.2408789162060539,0.2139626076282698,cg_shift,5.0,2.0,0.0,9.344899014375372,9.93522365558331,0.6,0.6,0.590324641207939,0.590324641207939,1,1,1,0
1112,R1112,MARGINAL,PD,0.0,0.9408549165879102,0.0153256466110406,-0.0630825967799046,-58.86575305516431,13.37231849615828,0.9144947372666576,25.36764092623103,9.620362056695283,4,0.0152435433233794,0.189868026307817,0.3048465127502175,reference,15.0,2.0,0.0,14.793655808940375,14.793655808940375,0.8,0.8,0.0,0.0,0,1,1,0
1112,R1112,MARGINAL,PD,0.0,0.9408549165879102,0.0153256466110406,-0.0630825967799046,-58.86575305516431,13.37231849615828,0.9144947372666576,25.36764092623103,9.620362056695283,4,0.0152435433233794,0.189868026307817,0.3048465127502175,backlash,5.0,1.0,0.0,10.225046464579064,18.110656808297232,0.8,0.4,7.885610343718168,7.885610343718168,1,1,1,0
1112,R1112,MARGINAL,PD,0.0,0.9408549165879102,0.0153256466110406,-0.0630825967799046,-58.86575305516431,13.37231849615828,0.9144947372666576,25.36764092623103,9.620362056695283,4,0.0152435433233794,0.189868026307817,0.3048465127502175,slew,80.0,1.0,0.0,0.34865014905304703,49.77519659689338,1.0,0.0,49.42654644784033,49.42654644784033,1,1,0,1
1112,R1112,MARGINAL,PD,0.0,0.9408549165879102,0.0153256466110406,-0.0630825967799046,-58.86575305516431,13.37231849615828,0.9144947372666576,25.36764092623103,9.620362056695283,4,0.0152435433233794,0.189868026307817,0.3048465127502175,latency,15.0,2.0,0.0,14.538904439105456,14.793655808940375,0.8,0.8,0.25475136983491886,0.25475136983491886,1,1,1,0
1112,R1112,MARGINAL,PD,0.0,0.9408549165879102,0.0153256466110406,-0.0630825967799046,-58.86575305516431,13.37231849615828,0.9144947372666576,25.36764092623103,9.620362056695283,4,0.0152435433233794,0.189868026307817,0.3048465127502175,deadband,15.0,2.0,0.0,14.807807146013687,14.793655808940375,0.8,0.8,0.01415133707331151,-0.01415133707331151,0,1,1,0
1112,R1112,MARGINAL,PD,0.0,0.9408549165879102,0.0153256466110406,-0.0630825967799046,-58.86575305516431,13.37231849615828,0.9144947372666576,25.36764092623103,9.620362056695283,4,0.0152435433233794,0.189868026307817,0.3048465127502175,nonlinear_aero,15.0,2.0,0.0,14.767262301626062,14.793655808940375,0.8,0.8,0.02639350731431378,0.02639350731431378,1,1,1,0
1112,R1112,MARGINAL,PD,0.0,0.9408549165879102,0.0153256466110406,-0.0630825967799046,-58.86575305516431,13.37231849615828,0.9144947372666576,25.36764092623103,9.620362056695283,4,0.0152435433233794,0.189868026307817,0.3048465127502175,dyn_aero,15.0,2.0,0.0,14.547281285241715,14.793655808940375,0.8,0.8,0.24637452369866075,0.24637452369866075,1,1,1,0
1112,R1112,MARGINAL,PD,0.0,0.9408549165879102,0.0153256466110406,-0.0630825967799046,-58.86575305516431,13.37231849615828,0.9144947372666576,25.36764092623103,9.620362056695283,4,0.0152435433233794,0.189868026307817,0.3048465127502175,thrust_curve,15.0,2.0,0.0,14.65044299645956,14.793655808940375,0.8,0.8,0.1432128124808152,0.1432128124808152,1,1,1,0
1112,R1112,MARGINAL,PD,0.0,0.9408549165879102,0.0153256466110406,-0.0630825967799046,-58.86575305516431,13.37231849615828,0.9144947372666576,25.36764092623103,9.620362056695283,4,0.0152435433233794,0.189868026307817,0.3048465127502175,cg_shift,15.0,2.0,0.0,14.340431990631803,14.793655808940375,0.8,0.8,0.4532238183085724,0.4532238183085724,1,1,1,0
1017,R1017,MARGINAL,PD,0.0,1.005639797704268,0.0130844399179941,-0.0526076315562839,-53.88708963829515,9.29361566775263,0.9860306790073136,98.2771914636626,12.31872874615808,1,0.038428507848437,0.0916144841492307,0.297869220362811,reference,2.0,1.0,0.0,9.053954488637956,9.053954488637956,0.8,0.8,0.0,0.0,0,1,1,0
1017,R1017,MARGINAL,PD,0.0,1.005639797704268,0.0130844399179941,-0.0526076315562839,-53.88708963829515,9.29361566775263,0.9860306790073136,98.2771914636626,12.31872874615808,1,0.038428507848437,0.0916144841492307,0.297869220362811,backlash,5.0,1.0,0.0,9.339480044348061,12.08640135519351,0.4,0.0,2.7469213108454493,2.7469213108454493,1,1,0,1
1017,R1017,MARGINAL,PD,0.0,1.005639797704268,0.0130844399179941,-0.0526076315562839,-53.88708963829515,9.29361566775263,0.9860306790073136,98.2771914636626,12.31872874615808,1,0.038428507848437,0.0916144841492307,0.297869220362811,slew,80.0,1.0,0.0,0.3598501368524317,52.63379581268886,1.0,0.0,52.27394567583643,52.27394567583643,1,1,0,1
1017,R1017,MARGINAL,PD,0.0,1.005639797704268,0.0130844399179941,-0.0526076315562839,-53.88708963829515,9.29361566775263,0.9860306790073136,98.2771914636626,12.31872874615808,1,0.038428507848437,0.0916144841492307,0.297869220362811,latency,2.0,1.0,0.0,9.053954488637956,9.053954488637956,0.8,0.8,0.0,0.0,0,1,1,0
1017,R1017,MARGINAL,PD,0.0,1.005639797704268,0.0130844399179941,-0.0526076315562839,-53.88708963829515,9.29361566775263,0.9860306790073136,98.2771914636626,12.31872874615808,1,0.038428507848437,0.0916144841492307,0.297869220362811,deadband,15.0,8.0,0.0,9.866755797263334,10.37756897981997,0.4,0.2,0.5108131825566353,0.5108131825566353,1,1,0,1
1017,R1017,MARGINAL,PD,0.0,1.005639797704268,0.0130844399179941,-0.0526076315562839,-53.88708963829515,9.29361566775263,0.9860306790073136,98.2771914636626,12.31872874615808,1,0.038428507848437,0.0916144841492307,0.297869220362811,nonlinear_aero,2.0,1.0,0.0,9.154091717604313,9.053954488637956,0.8,0.8,0.10013722896635713,-0.10013722896635713,0,1,1,0
1017,R1017,MARGINAL,PD,0.0,1.005639797704268,0.0130844399179941,-0.0526076315562839,-53.88708963829515,9.29361566775263,0.9860306790073136,98.2771914636626,12.31872874615808,1,0.038428507848437,0.0916144841492307,0.297869220362811,dyn_aero,5.0,1.0,0.0,12.072838812912764,12.08640135519351,0.2,0.0,0.013562542280746825,0.013562542280746825,1,0,0,0
1017,R1017,MARGINAL,PD,0.0,1.005639797704268,0.0130844399179941,-0.0526076315562839,-53.88708963829515,9.29361566775263,0.9860306790073136,98.2771914636626,12.31872874615808,1,0.038428507848437,0.0916144841492307,0.297869220362811,thrust_curve,2.0,1.0,0.0,9.089025380182454,9.053954488637956,0.6,0.8,0.03507089154449794,-0.03507089154449794,0,1,1,0
1017,R1017,MARGINAL,PD,0.0,1.005639797704268,0.0130844399179941,-0.0526076315562839,-53.88708963829515,9.29361566775263,0.9860306790073136,98.2771914636626,12.31872874615808,1,0.038428507848437,0.0916144841492307,0.297869220362811,cg_shift,2.0,1.0,0.0,8.859397486280448,9.053954488637956,0.6,0.8,0.1945570023575076,0.1945570023575076,1,1,1,0
115,R0115,MARGINAL,PD,0.0,1.430484553581482,0.0266200445470579,-0.0019862870719176,-58.47034002295453,6.298438603433583,2.326814986858144,96.71889166012596,14.22137546511397,4,0.110924004700598,0.217236323671373,0.1082034550094042,reference,5.0,1.0,0.0,3.206881591573427,3.206881591573427,0.8,0.8,0.0,0.0,0,1,1,0
115,R0115,MARGINAL,PD,0.0,1.430484553581482,0.0266200445470579,-0.0019862870719176,-58.47034002295453,6.298438603433583,2.326814986858144,96.71889166012596,14.22137546511397,4,0.110924004700598,0.217236323671373,0.1082034550094042,backlash,80.0,16.0,0.0,3.892378494621748,4.770689662347005,1.0,0.6,0.8783111677252569,0.8783111677252569,1,1,1,0
115,R0115,MARGINAL,PD,0.0,1.430484553581482,0.0266200445470579,-0.0019862870719176,-58.47034002295453,6.298438603433583,2.326814986858144,96.71889166012596,14.22137546511397,4,0.110924004700598,0.217236323671373,0.1082034550094042,slew,80.0,1.0,0.0,0.9320929748341026,21.844453040451352,1.0,0.0,20.91236006561725,20.91236006561725,1,1,0,1
115,R0115,MARGINAL,PD,0.0,1.430484553581482,0.0266200445470579,-0.0019862870719176,-58.47034002295453,6.298438603433583,2.326814986858144,96.71889166012596,14.22137546511397,4,0.110924004700598,0.217236323671373,0.1082034550094042,latency,5.0,1.0,0.0,2.8170069596967835,3.206881591573427,1.0,0.8,0.3898746318766433,0.3898746318766433,1,1,1,0
115,R0115,MARGINAL,PD,0.0,1.430484553581482,0.0266200445470579,-0.0019862870719176,-58.47034002295453,6.298438603433583,2.326814986858144,96.71889166012596,14.22137546511397,4,0.110924004700598,0.217236323671373,0.1082034550094042,deadband,2.0,1.0,0.0,3.15448977237599,4.074579389607459,1.0,0.8,0.920089617231469,0.920089617231469,1,1,1,0
115,R0115,MARGINAL,PD,0.0,1.430484553581482,0.0266200445470579,-0.0019862870719176,-58.47034002295453,6.298438603433583,2.326814986858144,96.71889166012596,14.22137546511397,4,0.110924004700598,0.217236323671373,0.1082034550094042,nonlinear_aero,5.0,1.0,0.0,3.2068715676345634,3.206881591573427,0.8,0.8,1.0023938863401582e-05,1.0023938863401582e-05,1,1,1,0
115,R0115,MARGINAL,PD,0.0,1.430484553581482,0.0266200445470579,-0.0019862870719176,-58.47034002295453,6.298438603433583,2.326814986858144,96.71889166012596,14.22137546511397,4,0.110924004700598,0.217236323671373,0.1082034550094042,dyn_aero,5.0,1.0,0.0,2.3709221673212335,3.206881591573427,1.0,0.8,0.8359594242521933,0.8359594242521933,1,1,1,0
115,R0115,MARGINAL,PD,0.0,1.430484553581482,0.0266200445470579,-0.0019862870719176,-58.47034002295453,6.298438603433583,2.326814986858144,96.71889166012596,14.22137546511397,4,0.110924004700598,0.217236323671373,0.1082034550094042,thrust_curve,5.0,1.0,0.0,2.9111070570823134,3.206881591573427,1.0,0.8,0.29577453449111335,0.29577453449111335,1,1,1,0
115,R0115,MARGINAL,PD,0.0,1.430484553581482,0.0266200445470579,-0.0019862870719176,-58.47034002295453,6.298438603433583,2.326814986858144,96.71889166012596,14.22137546511397,4,0.110924004700598,0.217236323671373,0.1082034550094042,cg_shift,5.0,1.0,0.0,3.177239523122053,3.206881591573427,1.0,0.8,0.02964206845137385,0.02964206845137385,1,1,1,0
420,R0420,MARGINAL,PD,0.0,1.4622862880250596,0.0172457881533553,-0.1280377299388323,-40.17855653794384,12.230476134072935,2.4532233409903723,81.00154485921902,8.32421950440346,6,0.1027726297656499,0.1124005515716764,0.4213788248919719,reference,5.0,1.0,0.0,8.729182433962974,8.729182433962974,0.6,0.6,0.0,0.0,0,1,1,0
420,R0420,MARGINAL,PD,0.0,1.4622862880250596,0.0172457881533553,-0.1280377299388323,-40.17855653794384,12.230476134072935,2.4532233409903723,81.00154485921902,8.32421950440346,6,0.1027726297656499,0.1124005515716764,0.4213788248919719,backlash,15.0,1.0,0.0,10.101850206398476,16.667567102068574,0.6,0.2,6.565716895670098,6.565716895670098,1,1,0,1
420,R0420,MARGINAL,PD,0.0,1.4622862880250596,0.0172457881533553,-0.1280377299388323,-40.17855653794384,12.230476134072935,2.4532233409903723,81.00154485921902,8.32421950440346,6,0.1027726297656499,0.1124005515716764,0.4213788248919719,slew,80.0,1.0,0.0,2.3674184919090413,75.49263323506025,1.0,0.0,73.12521474315122,73.12521474315122,1,1,0,1
420,R0420,MARGINAL,PD,0.0,1.4622862880250596,0.0172457881533553,-0.1280377299388323,-40.17855653794384,12.230476134072935,2.4532233409903723,81.00154485921902,8.32421950440346,6,0.1027726297656499,0.1124005515716764,0.4213788248919719,latency,5.0,1.0,0.0,8.018640772911878,8.729182433962974,0.6,0.6,0.7105416610510957,0.7105416610510957,1,1,1,0
420,R0420,MARGINAL,PD,0.0,1.4622862880250596,0.0172457881533553,-0.1280377299388323,-40.17855653794384,12.230476134072935,2.4532233409903723,81.00154485921902,8.32421950440346,6,0.1027726297656499,0.1124005515716764,0.4213788248919719,deadband,40.0,16.0,0.0,7.121955586018347,7.275033234716609,0.8,1.0,0.1530776486982619,0.1530776486982619,1,1,1,0
420,R0420,MARGINAL,PD,0.0,1.4622862880250596,0.0172457881533553,-0.1280377299388323,-40.17855653794384,12.230476134072935,2.4532233409903723,81.00154485921902,8.32421950440346,6,0.1027726297656499,0.1124005515716764,0.4213788248919719,nonlinear_aero,2.0,1.0,0.0,6.813328900672701,7.062696042774936,1.0,0.8,0.2493671421022352,0.2493671421022352,1,1,1,0
420,R0420,MARGINAL,PD,0.0,1.4622862880250596,0.0172457881533553,-0.1280377299388323,-40.17855653794384,12.230476134072935,2.4532233409903723,81.00154485921902,8.32421950440346,6,0.1027726297656499,0.1124005515716764,0.4213788248919719,dyn_aero,5.0,1.0,0.0,7.630453698322708,8.729182433962974,0.8,0.6,1.0987287356402655,1.0987287356402655,1,1,1,0
420,R0420,MARGINAL,PD,0.0,1.4622862880250596,0.0172457881533553,-0.1280377299388323,-40.17855653794384,12.230476134072935,2.4532233409903723,81.00154485921902,8.32421950440346,6,0.1027726297656499,0.1124005515716764,0.4213788248919719,thrust_curve,2.0,1.0,0.0,8.179323379855205,7.062696042774936,1.0,0.8,1.1166273370802688,-1.1166273370802688,0,1,1,0
420,R0420,MARGINAL,PD,0.0,1.4622862880250596,0.0172457881533553,-0.1280377299388323,-40.17855653794384,12.230476134072935,2.4532233409903723,81.00154485921902,8.32421950440346,6,0.1027726297656499,0.1124005515716764,0.4213788248919719,cg_shift,40.0,16.0,0.0,8.28276389569761,7.275033234716609,0.6,1.0,1.0077306609810002,-1.0077306609810002,0,1,1,0
586,R0586,MARGINAL,PD,0.0,1.9556385850421123,0.0257184498888172,-0.2884402326380492,-54.11959319387119,5.926162915418161,1.5092925708023952,99.9067942696559,3.219196259489908,3,0.0046320304865498,0.1628684964674342,0.226785191179948,reference,40.0,2.0,0.0,8.627009198431926,8.627009198431926,0.4,0.4,0.0,0.0,0,1,1,0
586,R0586,MARGINAL,PD,0.0,1.9556385850421123,0.0257184498888172,-0.2884402326380492,-54.11959319387119,5.926162915418161,1.5092925708023952,99.9067942696559,3.219196259489908,3,0.0046320304865498,0.1628684964674342,0.226785191179948,backlash,40.0,2.0,0.0,5.5217119324861565,8.627009198431926,1.0,0.4,3.1052972659457696,3.1052972659457696,1,1,1,0
586,R0586,MARGINAL,PD,0.0,1.9556385850421123,0.0257184498888172,-0.2884402326380492,-54.11959319387119,5.926162915418161,1.5092925708023952,99.9067942696559,3.219196259489908,3,0.0046320304865498,0.1628684964674342,0.226785191179948,slew,80.0,1.0,0.0,0.8134844956665896,49.32474969307244,1.0,0.0,48.51126519740585,48.51126519740585,1,1,0,1
586,R0586,MARGINAL,PD,0.0,1.9556385850421123,0.0257184498888172,-0.2884402326380492,-54.11959319387119,5.926162915418161,1.5092925708023952,99.9067942696559,3.219196259489908,3,0.0046320304865498,0.1628684964674342,0.226785191179948,latency,40.0,2.0,0.0,8.087641191279271,8.627009198431926,0.8,0.4,0.539368007152655,0.539368007152655,1,1,1,0
586,R0586,MARGINAL,PD,0.0,1.9556385850421123,0.0257184498888172,-0.2884402326380492,-54.11959319387119,5.926162915418161,1.5092925708023952,99.9067942696559,3.219196259489908,3,0.0046320304865498,0.1628684964674342,0.226785191179948,deadband,40.0,2.0,0.0,8.24265765198171,8.627009198431926,0.6,0.4,0.3843515464502154,0.3843515464502154,1,1,1,0
586,R0586,MARGINAL,PD,0.0,1.9556385850421123,0.0257184498888172,-0.2884402326380492,-54.11959319387119,5.926162915418161,1.5092925708023952,99.9067942696559,3.219196259489908,3,0.0046320304865498,0.1628684964674342,0.226785191179948,nonlinear_aero,40.0,2.0,0.0,8.626881770477212,8.627009198431926,0.4,0.4,0.0001274279547143209,0.0001274279547143209,1,1,1,0
586,R0586,MARGINAL,PD,0.0,1.9556385850421123,0.0257184498888172,-0.2884402326380492,-54.11959319387119,5.926162915418161,1.5092925708023952,99.9067942696559,3.219196259489908,3,0.0046320304865498,0.1628684964674342,0.226785191179948,dyn_aero,40.0,2.0,0.0,8.809452260899679,8.627009198431926,0.4,0.4,0.18244306246775288,-0.18244306246775288,0,1,1,0
586,R0586,MARGINAL,PD,0.0,1.9556385850421123,0.0257184498888172,-0.2884402326380492,-54.11959319387119,5.926162915418161,1.5092925708023952,99.9067942696559,3.219196259489908,3,0.0046320304865498,0.1628684964674342,0.226785191179948,thrust_curve,5.0,1.0,0.0,4.274701595219695,4.953940756052466,1.0,0.8,0.679239160832771,0.679239160832771,1,1,1,0
586,R0586,MARGINAL,PD,0.0,1.9556385850421123,0.0257184498888172,-0.2884402326380492,-54.11959319387119,5.926162915418161,1.5092925708023952,99.9067942696559,3.219196259489908,3,0.0046320304865498,0.1628684964674342,0.226785191179948,cg_shift,15.0,8.0,0.0,5.340714352327488,5.008448422139862,1.0,1.0,0.33226593018762607,-0.33226593018762607,0,1,1,0
622,R0622,MARGINAL,PD,0.0,1.0791854139156447,0.0144737113925423,-0.2650365251772832,-39.1568918223134,8.797387384685537,1.6816254348287272,99.70625933947112,8.480096246264072,2,0.0558662391410003,0.0615565273538102,0.2823957736432609,reference,5.0,2.0,0.0,6.598530677695922,6.598530677695922,0.8,0.8,0.0,0.0,0,1,1,0
622,R0622,MARGINAL,PD,0.0,1.0791854139156447,0.0144737113925423,-0.2650365251772832,-39.1568918223134,8.797387384685537,1.6816254348287272,99.70625933947112,8.480096246264072,2,0.0558662391410003,0.0615565273538102,0.2823957736432609,backlash,5.0,1.0,0.0,5.550614546242732,6.401615338298612,0.8,0.6,0.8510007920558795,0.8510007920558795,1,1,1,0
622,R0622,MARGINAL,PD,0.0,1.0791854139156447,0.0144737113925423,-0.2650365251772832,-39.1568918223134,8.797387384685537,1.6816254348287272,99.70625933947112,8.480096246264072,2,0.0558662391410003,0.0615565273538102,0.2823957736432609,slew,80.0,1.0,0.0,0.47519314451981953,60.67985225064704,1.0,0.0,60.20465910612722,60.20465910612722,1,1,0,1
622,R0622,MARGINAL,PD,0.0,1.0791854139156447,0.0144737113925423,-0.2650365251772832,-39.1568918223134,8.797387384685537,1.6816254348287272,99.70625933947112,8.480096246264072,2,0.0558662391410003,0.0615565273538102,0.2823957736432609,latency,5.0,2.0,0.0,5.766058509317677,6.598530677695922,1.0,0.8,0.8324721683782448,0.8324721683782448,1,1,1,0
622,R0622,MARGINAL,PD,0.0,1.0791854139156447,0.0144737113925423,-0.2650365251772832,-39.1568918223134,8.797387384685537,1.6816254348287272,99.70625933947112,8.480096246264072,2,0.0558662391410003,0.0615565273538102,0.2823957736432609,deadband,2.0,1.0,0.0,5.714233264589902,5.968485303224497,0.8,1.0,0.2542520386345952,0.2542520386345952,1,1,1,0
622,R0622,MARGINAL,PD,0.0,1.0791854139156447,0.0144737113925423,-0.2650365251772832,-39.1568918223134,8.797387384685537,1.6816254348287272,99.70625933947112,8.480096246264072,2,0.0558662391410003,0.0615565273538102,0.2823957736432609,nonlinear_aero,2.0,1.0,0.0,5.748371139897029,5.968485303224497,1.0,1.0,0.22011416332746858,0.22011416332746858,1,1,1,0
622,R0622,MARGINAL,PD,0.0,1.0791854139156447,0.0144737113925423,-0.2650365251772832,-39.1568918223134,8.797387384685537,1.6816254348287272,99.70625933947112,8.480096246264072,2,0.0558662391410003,0.0615565273538102,0.2823957736432609,dyn_aero,40.0,8.0,0.0,5.488327843136744,6.715524957673933,1.0,0.8,1.227197114537189,1.227197114537189,1,1,1,0
622,R0622,MARGINAL,PD,0.0,1.0791854139156447,0.0144737113925423,-0.2650365251772832,-39.1568918223134,8.797387384685537,1.6816254348287272,99.70625933947112,8.480096246264072,2,0.0558662391410003,0.0615565273538102,0.2823957736432609,thrust_curve,5.0,1.0,0.0,7.787060535383683,6.401615338298612,0.4,0.6,1.3854451970850707,-1.3854451970850707,0,1,1,0
622,R0622,MARGINAL,PD,0.0,1.0791854139156447,0.0144737113925423,-0.2650365251772832,-39.1568918223134,8.797387384685537,1.6816254348287272,99.70625933947112,8.480096246264072,2,0.0558662391410003,0.0615565273538102,0.2823957736432609,cg_shift,15.0,1.0,0.0,9.424205999790539,11.409967741450103,0.6,0.2,1.985761741659564,1.985761741659564,1,1,0,1
1145,R1145,MARGINAL,PD,0.0,1.019575209303237,0.0136426729693014,-0.293908486069632,-87.73464969471493,7.651517914757555,2.725602504616023,115.33162442827368,13.592246171481236,4,0.0847219282052672,0.1991393592589045,0.3251258259258247,reference,15.0,16.0,0.0,12.482572681081967,12.482572681081967,0.6,0.6,0.0,0.0,0,1,1,0
1145,R1145,MARGINAL,PD,0.0,1.019575209303237,0.0136426729693014,-0.293908486069632,-87.73464969471493,7.651517914757555,2.725602504616023,115.33162442827368,13.592246171481236,4,0.0847219282052672,0.1991393592589045,0.3251258259258247,backlash,40.0,16.0,0.0,5.597386668106109,12.431158210224352,1.0,0.4,6.833771542118242,6.833771542118242,1,1,1,0
1145,R1145,MARGINAL,PD,0.0,1.019575209303237,0.0136426729693014,-0.293908486069632,-87.73464969471493,7.651517914757555,2.725602504616023,115.33162442827368,13.592246171481236,4,0.0847219282052672,0.1991393592589045,0.3251258259258247,slew,80.0,1.0,0.0,2.1789409107785294,129.39704576524488,1.0,0.0,127.21810485446635,127.21810485446635,1,1,0,1
1145,R1145,MARGINAL,PD,0.0,1.019575209303237,0.0136426729693014,-0.293908486069632,-87.73464969471493,7.651517914757555,2.725602504616023,115.33162442827368,13.592246171481236,4,0.0847219282052672,0.1991393592589045,0.3251258259258247,latency,5.0,2.0,0.0,12.514576778009129,12.213947741414149,0.4,0.4,0.3006290365949802,-0.3006290365949802,0,1,1,0
1145,R1145,MARGINAL,PD,0.0,1.019575209303237,0.0136426729693014,-0.293908486069632,-87.73464969471493,7.651517914757555,2.725602504616023,115.33162442827368,13.592246171481236,4,0.0847219282052672,0.1991393592589045,0.3251258259258247,deadband,40.0,32.0,0.0,11.769004756489108,11.739308229467799,0.8,0.6,0.02969652702130965,-0.02969652702130965,0,1,1,0
1145,R1145,MARGINAL,PD,0.0,1.019575209303237,0.0136426729693014,-0.293908486069632,-87.73464969471493,7.651517914757555,2.725602504616023,115.33162442827368,13.592246171481236,4,0.0847219282052672,0.1991393592589045,0.3251258259258247,nonlinear_aero,15.0,16.0,0.0,12.17154259573201,12.482572681081967,0.4,0.6,0.311030085349957,0.311030085349957,1,1,1,0
1145,R1145,MARGINAL,PD,0.0,1.019575209303237,0.0136426729693014,-0.293908486069632,-87.73464969471493,7.651517914757555,2.725602504616023,115.33162442827368,13.592246171481236,4,0.0847219282052672,0.1991393592589045,0.3251258259258247,dyn_aero,2.0,1.0,0.0,4.120695795138701,10.669458395017045,1.0,0.6,6.548762599878344,6.548762599878344,1,1,1,0
1145,R1145,MARGINAL,PD,0.0,1.019575209303237,0.0136426729693014,-0.293908486069632,-87.73464969471493,7.651517914757555,2.725602504616023,115.33162442827368,13.592246171481236,4,0.0847219282052672,0.1991393592589045,0.3251258259258247,thrust_curve,40.0,32.0,0.0,12.649524730178783,11.739308229467799,0.6,0.6,0.9102165007109839,-0.9102165007109839,0,1,1,0
1145,R1145,MARGINAL,PD,0.0,1.019575209303237,0.0136426729693014,-0.293908486069632,-87.73464969471493,7.651517914757555,2.725602504616023,115.33162442827368,13.592246171481236,4,0.0847219282052672,0.1991393592589045,0.3251258259258247,cg_shift,2.0,1.0,0.0,7.064210767878842,10.669458395017045,1.0,0.6,3.605247627138203,3.605247627138203,1,1,1,0
927,R0927,MARGINAL,PD,0.0,1.5872862439985198,0.0143335272421491,-0.10396298135056,-50.561058426684994,11.617162471814048,1.2979447285264882,84.73264528813957,10.24781901989387,4,0.0041024937730953,0.1795915664239189,0.4442969225179169,reference,2.0,1.0,0.0,9.04154096460961,9.04154096460961,0.6,0.6,0.0,0.0,0,1,1,0
927,R0927,MARGINAL,PD,0.0,1.5872862439985198,0.0143335272421491,-0.10396298135056,-50.561058426684994,11.617162471814048,1.2979447285264882,84.73264528813957,10.24781901989387,4,0.0041024937730953,0.1795915664239189,0.4442969225179169,backlash,2.0,1.0,0.0,5.873191089572794,9.04154096460961,1.0,0.6,3.1683498750368155,3.1683498750368155,1,1,1,0
927,R0927,MARGINAL,PD,0.0,1.5872862439985198,0.0143335272421491,-0.10396298135056,-50.561058426684994,11.617162471814048,1.2979447285264882,84.73264528813957,10.24781901989387,4,0.0041024937730953,0.1795915664239189,0.4442969225179169,slew,80.0,1.0,0.0,0.8601551125605151,67.8885871518645,1.0,0.0,67.02843203930398,67.02843203930398,1,1,0,1
927,R0927,MARGINAL,PD,0.0,1.5872862439985198,0.0143335272421491,-0.10396298135056,-50.561058426684994,11.617162471814048,1.2979447285264882,84.73264528813957,10.24781901989387,4,0.0041024937730953,0.1795915664239189,0.4442969225179169,latency,2.0,1.0,0.0,8.995559161586916,9.04154096460961,0.6,0.6,0.04598180302269306,0.04598180302269306,1,1,1,0
927,R0927,MARGINAL,PD,0.0,1.5872862439985198,0.0143335272421491,-0.10396298135056,-50.561058426684994,11.617162471814048,1.2979447285264882,84.73264528813957,10.24781901989387,4,0.0041024937730953,0.1795915664239189,0.4442969225179169,deadband,2.0,1.0,0.0,9.043454295412735,9.04154096460961,0.6,0.6,0.0019133308031253904,-0.0019133308031253904,0,1,1,0
927,R0927,MARGINAL,PD,0.0,1.5872862439985198,0.0143335272421491,-0.10396298135056,-50.561058426684994,11.617162471814048,1.2979447285264882,84.73264528813957,10.24781901989387,4,0.0041024937730953,0.1795915664239189,0.4442969225179169,nonlinear_aero,2.0,1.0,0.0,9.03443340820198,9.04154096460961,0.6,0.6,0.0071075564076288344,0.0071075564076288344,1,1,1,0
927,R0927,MARGINAL,PD,0.0,1.5872862439985198,0.0143335272421491,-0.10396298135056,-50.561058426684994,11.617162471814048,1.2979447285264882,84.73264528813957,10.24781901989387,4,0.0041024937730953,0.1795915664239189,0.4442969225179169,dyn_aero,5.0,8.0,0.0,9.175357726323995,10.601881250650425,0.4,0.6,1.4265235243264307,1.4265235243264307,1,1,1,0
927,R0927,MARGINAL,PD,0.0,1.5872862439985198,0.0143335272421491,-0.10396298135056,-50.561058426684994,11.617162471814048,1.2979447285264882,84.73264528813957,10.24781901989387,4,0.0041024937730953,0.1795915664239189,0.4442969225179169,thrust_curve,2.0,1.0,0.0,9.844132331130206,9.04154096460961,0.8,0.6,0.8025913665205966,-0.8025913665205966,0,1,1,0
927,R0927,MARGINAL,PD,0.0,1.5872862439985198,0.0143335272421491,-0.10396298135056,-50.561058426684994,11.617162471814048,1.2979447285264882,84.73264528813957,10.24781901989387,4,0.0041024937730953,0.1795915664239189,0.4442969225179169,cg_shift,2.0,1.0,0.0,9.296826428300417,9.04154096460961,0.6,0.6,0.2552854636908073,-0.2552854636908073,0,1,1,0
384,R0384,MARGINAL,PD,0.0,1.2417403119414043,0.0219261592276143,-0.1614148975892178,-89.262379585784,11.20094775571934,2.755619537124148,88.62607014260878,4.613193086254025,3,0.0608295687060841,0.2426348682760513,0.1180282755265644,reference,15.0,16.0,0.0,8.083911012043211,8.083911012043211,0.6,0.6,0.0,0.0,0,1,1,0
384,R0384,MARGINAL,PD,0.0,1.2417403119414043,0.0219261592276143,-0.1614148975892178,-89.262379585784,11.20094775571934,2.755619537124148,88.62607014260878,4.613193086254025,3,0.0608295687060841,0.2426348682760513,0.1180282755265644,backlash,40.0,2.0,0.0,4.9898577340103945,14.274982389901677,0.8,0.0,9.285124655891282,9.285124655891282,1,1,0,1
384,R0384,MARGINAL,PD,0.0,1.2417403119414043,0.0219261592276143,-0.1614148975892178,-89.262379585784,11.20094775571934,2.755619537124148,88.62607014260878,4.613193086254025,3,0.0608295687060841,0.2426348682760513,0.1180282755265644,slew,80.0,1.0,0.0,0.8077457041755842,75.66527713085334,1.0,0.0,74.85753142667775,74.85753142667775,1,1,0,1
384,R0384,MARGINAL,PD,0.0,1.2417403119414043,0.0219261592276143,-0.1614148975892178,-89.262379585784,11.20094775571934,2.755619537124148,88.62607014260878,4.613193086254025,3,0.0608295687060841,0.2426348682760513,0.1180282755265644,latency,15.0,8.0,0.0,6.984549583632509,6.9999638229439025,0.8,0.8,0.01541423931139363,0.01541423931139363,1,1,1,0
384,R0384,MARGINAL,PD,0.0,1.2417403119414043,0.0219261592276143,-0.1614148975892178,-89.262379585784,11.20094775571934,2.755619537124148,88.62607014260878,4.613193086254025,3,0.0608295687060841,0.2426348682760513,0.1180282755265644,deadband,5.0,8.0,0.0,5.2452983356363205,5.652715139234098,0.8,0.8,0.4074168035977772,0.4074168035977772,1,1,1,0
384,R0384,MARGINAL,PD,0.0,1.2417403119414043,0.0219261592276143,-0.1614148975892178,-89.262379585784,11.20094775571934,2.755619537124148,88.62607014260878,4.613193086254025,3,0.0608295687060841,0.2426348682760513,0.1180282755265644,nonlinear_aero,15.0,16.0,0.0,7.807003031369348,8.083911012043211,0.6,0.6,0.27690798067386346,0.27690798067386346,1,1,1,0
384,R0384,MARGINAL,PD,0.0,1.2417403119414043,0.0219261592276143,-0.1614148975892178,-89.262379585784,11.20094775571934,2.755619537124148,88.62607014260878,4.613193086254025,3,0.0608295687060841,0.2426348682760513,0.1180282755265644,dyn_aero,5.0,2.0,0.0,4.5268486494335995,4.673537830992524,1.0,1.0,0.14668918155892463,0.14668918155892463,1,1,1,0
384,R0384,MARGINAL,PD,0.0,1.2417403119414043,0.0219261592276143,-0.1614148975892178,-89.262379585784,11.20094775571934,2.755619537124148,88.62607014260878,4.613193086254025,3,0.0608295687060841,0.2426348682760513,0.1180282755265644,thrust_curve,15.0,2.0,0.0,5.283574123517434,8.648774649311713,0.8,0.4,3.365200525794279,3.365200525794279,1,1,1,0
384,R0384,MARGINAL,PD,0.0,1.2417403119414043,0.0219261592276143,-0.1614148975892178,-89.262379585784,11.20094775571934,2.755619537124148,88.62607014260878,4.613193086254025,3,0.0608295687060841,0.2426348682760513,0.1180282755265644,cg_shift,80.0,32.0,0.0,7.912900796425386,6.662702787895991,0.8,1.0,1.250198008529395,-1.250198008529395,0,1,1,0
949,R0949,MARGINAL,PD,0.0,1.1653654019397126,0.0154376919642062,-0.2282449037557863,-74.79134288733322,12.142846067852858,1.3476775853387315,36.64968358162376,5.855454597692798,4,0.0844953237617903,0.100405866955998,0.4349538442875107,reference,2.0,1.0,0.0,10.130105978241648,10.130105978241648,0.6,0.6,0.0,0.0,0,1,1,0
949,R0949,MARGINAL,PD,0.0,1.1653654019397126,0.0154376919642062,-0.2282449037557863,-74.79134288733322,12.142846067852858,1.3476775853387315,36.64968358162376,5.855454597692798,4,0.0844953237617903,0.100405866955998,0.4349538442875107,backlash,2.0,1.0,0.0,8.217874936276715,10.130105978241648,1.0,0.6,1.912231041964933,1.912231041964933,1,1,1,0
949,R0949,MARGINAL,PD,0.0,1.1653654019397126,0.0154376919642062,-0.2282449037557863,-74.79134288733322,12.142846067852858,1.3476775853387315,36.64968358162376,5.855454597692798,4,0.0844953237617903,0.100405866955998,0.4349538442875107,slew,80.0,1.0,0.0,0.6163278061543523,55.52206843541194,1.0,0.0,54.905740629257586,54.905740629257586,1,1,0,1
949,R0949,MARGINAL,PD,0.0,1.1653654019397126,0.0154376919642062,-0.2282449037557863,-74.79134288733322,12.142846067852858,1.3476775853387315,36.64968358162376,5.855454597692798,4,0.0844953237617903,0.100405866955998,0.4349538442875107,latency,2.0,1.0,0.0,10.261766480671398,10.130105978241648,0.6,0.6,0.13166050242974947,-0.13166050242974947,0,1,1,0
949,R0949,MARGINAL,PD,0.0,1.1653654019397126,0.0154376919642062,-0.2282449037557863,-74.79134288733322,12.142846067852858,1.3476775853387315,36.64968358162376,5.855454597692798,4,0.0844953237617903,0.100405866955998,0.4349538442875107,deadband,5.0,8.0,0.0,12.566443866521467,12.442277851665088,0.2,0.4,0.1241660148563799,-0.1241660148563799,0,0,1,1
949,R0949,MARGINAL,PD,0.0,1.1653654019397126,0.0154376919642062,-0.2282449037557863,-74.79134288733322,12.142846067852858,1.3476775853387315,36.64968358162376,5.855454597692798,4,0.0844953237617903,0.100405866955998,0.4349538442875107,nonlinear_aero,2.0,1.0,0.0,10.15996108466307,10.130105978241648,0.6,0.6,0.029855106421422306,-0.029855106421422306,0,1,1,0
949,R0949,MARGINAL,PD,0.0,1.1653654019397126,0.0154376919642062,-0.2282449037557863,-74.79134288733322,12.142846067852858,1.3476775853387315,36.64968358162376,5.855454597692798,4,0.0844953237617903,0.100405866955998,0.4349538442875107,dyn_aero,15.0,8.0,0.0,9.773507144168263,10.361493269888857,0.6,0.4,0.5879861257205938,0.5879861257205938,1,1,1,0
949,R0949,MARGINAL,PD,0.0,1.1653654019397126,0.0154376919642062,-0.2282449037557863,-74.79134288733322,12.142846067852858,1.3476775853387315,36.64968358162376,5.855454597692798,4,0.0844953237617903,0.100405866955998,0.4349538442875107,thrust_curve,5.0,1.0,0.0,12.029664149681,14.172225513422916,0.4,0.0,2.1425613637419154,2.1425613637419154,1,1,0,1
949,R0949,MARGINAL,PD,0.0,1.1653654019397126,0.0154376919642062,-0.2282449037557863,-74.79134288733322,12.142846067852858,1.3476775853387315,36.64968358162376,5.855454597692798,4,0.0844953237617903,0.100405866955998,0.4349538442875107,cg_shift,2.0,1.0,0.0,9.719565123991885,10.130105978241648,0.6,0.6,0.4105408542497635,0.4105408542497635,1,1,1,0
1021,R1021,MARGINAL,PD,0.0,1.7290697476499406,0.0100247784702589,-0.1562148463192356,-17.6797436018674,5.588949418437551,2.270590009577845,72.59496726300927,14.541416990144182,6,0.1113129581649094,0.1881857564947306,0.3620767950540466,reference,15.0,8.0,0.0,11.986779396014665,11.986779396014665,0.6,0.6,0.0,0.0,0,1,1,0
1021,R1021,MARGINAL,PD,0.0,1.7290697476499406,0.0100247784702589,-0.1562148463192356,-17.6797436018674,5.588949418437551,2.270590009577845,72.59496726300927,14.541416990144182,6,0.1113129581649094,0.1881857564947306,0.3620767950540466,backlash,5.0,1.0,0.0,7.115109611121902,15.399257622625901,0.8,0.2,8.284148011504,8.284148011504,1,1,0,1
1021,R1021,MARGINAL,PD,0.0,1.7290697476499406,0.0100247784702589,-0.1562148463192356,-17.6797436018674,5.588949418437551,2.270590009577845,72.59496726300927,14.541416990144182,6,0.1113129581649094,0.1881857564947306,0.3620767950540466,slew,80.0,1.0,0.0,3.727789294631384,85.38348218302704,1.0,0.0,81.65569288839566,81.65569288839566,1,1,0,1
1021,R1021,MARGINAL,PD,0.0,1.7290697476499406,0.0100247784702589,-0.1562148463192356,-17.6797436018674,5.588949418437551,2.270590009577845,72.59496726300927,14.541416990144182,6,0.1113129581649094,0.1881857564947306,0.3620767950540466,latency,40.0,32.0,0.0,10.895410999200639,11.689566756895985,0.8,0.6,0.7941557576953464,0.7941557576953464,1,1,1,0
1021,R1021,MARGINAL,PD,0.0,1.7290697476499406,0.0100247784702589,-0.1562148463192356,-17.6797436018674,5.588949418437551,2.270590009577845,72.59496726300927,14.541416990144182,6,0.1113129581649094,0.1881857564947306,0.3620767950540466,deadband,15.0,8.0,0.0,11.83621006567077,11.986779396014665,0.6,0.6,0.1505693303438953,0.1505693303438953,1,1,1,0
1021,R1021,MARGINAL,PD,0.0,1.7290697476499406,0.0100247784702589,-0.1562148463192356,-17.6797436018674,5.588949418437551,2.270590009577845,72.59496726300927,14.541416990144182,6,0.1113129581649094,0.1881857564947306,0.3620767950540466,nonlinear_aero,15.0,8.0,0.0,11.98003742780133,11.986779396014665,0.6,0.6,0.00674196821333517,0.00674196821333517,1,1,1,0
1021,R1021,MARGINAL,PD,0.0,1.7290697476499406,0.0100247784702589,-0.1562148463192356,-17.6797436018674,5.588949418437551,2.270590009577845,72.59496726300927,14.541416990144182,6,0.1113129581649094,0.1881857564947306,0.3620767950540466,dyn_aero,40.0,32.0,0.0,10.345997655127102,11.689566756895985,0.8,0.6,1.3435691017688836,1.3435691017688836,1,1,1,0
1021,R1021,MARGINAL,PD,0.0,1.7290697476499406,0.0100247784702589,-0.1562148463192356,-17.6797436018674,5.588949418437551,2.270590009577845,72.59496726300927,14.541416990144182,6,0.1113129581649094,0.1881857564947306,0.3620767950540466,thrust_curve,5.0,1.0,0.0,12.722821896084108,15.399257622625901,0.6,0.2,2.6764357265417935,2.6764357265417935,1,1,0,1
1021,R1021,MARGINAL,PD,0.0,1.7290697476499406,0.0100247784702589,-0.1562148463192356,-17.6797436018674,5.588949418437551,2.270590009577845,72.59496726300927,14.541416990144182,6,0.1113129581649094,0.1881857564947306,0.3620767950540466,cg_shift,5.0,8.0,0.0,9.938935711738939,12.566915827723893,0.8,0.2,2.627980115984954,2.627980115984954,1,1,0,1
830,R0830,MARGINAL,PD,0.0,1.4873274188904422,0.0138218271094949,-0.1696657956280508,-38.72596930784844,8.848788163106185,2.545298726255374,68.76977843423805,2.415683686902678,5,0.0793291809185047,0.1246460154537318,0.1342945278929703,reference,15.0,1.0,0.0,3.3852076816160497,3.3852076816160497,1.0,1.0,0.0,0.0,0,1,1,0
830,R0830,MARGINAL,PD,0.0,1.4873274188904422,0.0138218271094949,-0.1696657956280508,-38.72596930784844,8.848788163106185,2.545298726255374,68.76977843423805,2.415683686902678,5,0.0793291809185047,0.1246460154537318,0.1342945278929703,backlash,15.0,2.0,0.0,5.6557053399926565,4.796683376834752,0.8,0.8,0.8590219631579048,-0.8590219631579048,0,1,1,0
830,R0830,MARGINAL,PD,0.0,1.4873274188904422,0.0138218271094949,-0.1696657956280508,-38.72596930784844,8.848788163106185,2.545298726255374,68.76977843423805,2.415683686902678,5,0.0793291809185047,0.1246460154537318,0.1342945278929703,slew,80.0,1.0,0.0,1.576718081884279,89.52848888928128,1.0,0.0,87.951770807397,87.951770807397,1,1,0,1
830,R0830,MARGINAL,PD,0.0,1.4873274188904422,0.0138218271094949,-0.1696657956280508,-38.72596930784844,8.848788163106185,2.545298726255374,68.76977843423805,2.415683686902678,5,0.0793291809185047,0.1246460154537318,0.1342945278929703,latency,15.0,1.0,0.0,4.493457309794841,3.3852076816160497,1.0,1.0,1.108249628178791,-1.108249628178791,0,1,1,0
830,R0830,MARGINAL,PD,0.0,1.4873274188904422,0.0138218271094949,-0.1696657956280508,-38.72596930784844,8.848788163106185,2.545298726255374,68.76977843423805,2.415683686902678,5,0.0793291809185047,0.1246460154537318,0.1342945278929703,deadband,15.0,1.0,0.0,3.5963626590714477,3.3852076816160497,0.8,1.0,0.21115497745539802,-0.21115497745539802,0,1,1,0
830,R0830,MARGINAL,PD,0.0,1.4873274188904422,0.0138218271094949,-0.1696657956280508,-38.72596930784844,8.848788163106185,2.545298726255374,68.76977843423805,2.415683686902678,5,0.0793291809185047,0.1246460154537318,0.1342945278929703,nonlinear_aero,15.0,1.0,0.0,3.521903111277356,3.3852076816160497,0.8,1.0,0.1366954296613061,-0.1366954296613061,0,1,1,0
830,R0830,MARGINAL,PD,0.0,1.4873274188904422,0.0138218271094949,-0.1696657956280508,-38.72596930784844,8.848788163106185,2.545298726255374,68.76977843423805,2.415683686902678,5,0.0793291809185047,0.1246460154537318,0.1342945278929703,dyn_aero,15.0,2.0,0.0,4.227550165065248,4.796683376834752,0.8,0.8,0.569133211769504,0.569133211769504,1,1,1,0
830,R0830,MARGINAL,PD,0.0,1.4873274188904422,0.0138218271094949,-0.1696657956280508,-38.72596930784844,8.848788163106185,2.545298726255374,68.76977843423805,2.415683686902678,5,0.0793291809185047,0.1246460154537318,0.1342945278929703,thrust_curve,15.0,1.0,0.0,7.098232720054204,3.3852076816160497,0.6,1.0,3.7130250384381545,-3.7130250384381545,0,1,1,0
830,R0830,MARGINAL,PD,0.0,1.4873274188904422,0.0138218271094949,-0.1696657956280508,-38.72596930784844,8.848788163106185,2.545298726255374,68.76977843423805,2.415683686902678,5,0.0793291809185047,0.1246460154537318,0.1342945278929703,cg_shift,15.0,1.0,0.0,3.6608911439576084,3.3852076816160497,0.8,1.0,0.2756834623415587,-0.2756834623415587,0,1,1,0
795,R0795,MARGINAL,PD,0.0,0.9008617418801148,0.0330798433979905,-0.0358796497685935,-44.55756623780158,9.217667788971106,2.0035885996034253,66.71903262323454,8.346531826871512,2,0.0305694491678435,0.141319531369038,0.4367698877058944,reference,40.0,16.0,0.0,7.1472126771642195,7.1472126771642195,0.6,0.6,0.0,0.0,0,1,1,0
795,R0795,MARGINAL,PD,0.0,0.9008617418801148,0.0330798433979905,-0.0358796497685935,-44.55756623780158,9.217667788971106,2.0035885996034253,66.71903262323454,8.346531826871512,2,0.0305694491678435,0.141319531369038,0.4367698877058944,backlash,2.0,1.0,0.0,4.966636941441072,7.825262228053385,1.0,0.8,2.8586252866123125,2.8586252866123125,1,1,1,0
795,R0795,MARGINAL,PD,0.0,0.9008617418801148,0.0330798433979905,-0.0358796497685935,-44.55756623780158,9.217667788971106,2.0035885996034253,66.71903262323454,8.346531826871512,2,0.0305694491678435,0.141319531369038,0.4367698877058944,slew,80.0,1.0,0.0,0.41626547041747075,37.307269402191274,1.0,0.0,36.8910039317738,36.8910039317738,1,1,0,1
795,R0795,MARGINAL,PD,0.0,0.9008617418801148,0.0330798433979905,-0.0358796497685935,-44.55756623780158,9.217667788971106,2.0035885996034253,66.71903262323454,8.346531826871512,2,0.0305694491678435,0.141319531369038,0.4367698877058944,latency,2.0,1.0,0.0,7.373055729122652,7.825262228053385,1.0,0.8,0.4522064989307326,0.4522064989307326,1,1,1,0
795,R0795,MARGINAL,PD,0.0,0.9008617418801148,0.0330798433979905,-0.0358796497685935,-44.55756623780158,9.217667788971106,2.0035885996034253,66.71903262323454,8.346531826871512,2,0.0305694491678435,0.141319531369038,0.4367698877058944,deadband,2.0,1.0,0.0,7.480121170053243,7.825262228053385,1.0,0.8,0.3451410580001415,0.3451410580001415,1,1,1,0
795,R0795,MARGINAL,PD,0.0,0.9008617418801148,0.0330798433979905,-0.0358796497685935,-44.55756623780158,9.217667788971106,2.0035885996034253,66.71903262323454,8.346531826871512,2,0.0305694491678435,0.141319531369038,0.4367698877058944,nonlinear_aero,40.0,16.0,0.0,7.142133967424405,7.1472126771642195,0.6,0.6,0.005078709739814613,0.005078709739814613,1,1,1,0
795,R0795,MARGINAL,PD,0.0,0.9008617418801148,0.0330798433979905,-0.0358796497685935,-44.55756623780158,9.217667788971106,2.0035885996034253,66.71903262323454,8.346531826871512,2,0.0305694491678435,0.141319531369038,0.4367698877058944,dyn_aero,2.0,1.0,0.0,5.8641687773471896,7.825262228053385,1.0,0.8,1.961093450706195,1.961093450706195,1,1,1,0
795,R0795,MARGINAL,PD,0.0,0.9008617418801148,0.0330798433979905,-0.0358796497685935,-44.55756623780158,9.217667788971106,2.0035885996034253,66.71903262323454,8.346531826871512,2,0.0305694491678435,0.141319531369038,0.4367698877058944,thrust_curve,5.0,1.0,0.0,8.290801785203255,8.748603387135963,0.8,0.6,0.457801601932708,0.457801601932708,1,1,1,0
795,R0795,MARGINAL,PD,0.0,0.9008617418801148,0.0330798433979905,-0.0358796497685935,-44.55756623780158,9.217667788971106,2.0035885996034253,66.71903262323454,8.346531826871512,2,0.0305694491678435,0.141319531369038,0.4367698877058944,cg_shift,2.0,1.0,0.0,6.637921844757893,7.825262228053385,1.0,0.8,1.1873403832954912,1.1873403832954912,1,1,1,0
131,R0131,MARGINAL,PD,0.0,1.796273746034238,0.0273019668172285,-0.2393309753156798,-20.733743703211104,8.401332328453295,1.7776303366286712,101.25831002045965,2.606386508586807,3,0.0337333869116703,0.0455724933430661,0.2118182163723183,reference,40.0,2.0,0.0,4.319811645175524,4.319811645175524,0.8,0.8,0.0,0.0,0,1,1,0
131,R0131,MARGINAL,PD,0.0,1.796273746034238,0.0273019668172285,-0.2393309753156798,-20.733743703211104,8.401332328453295,1.7776303366286712,101.25831002045965,2.606386508586807,3,0.0337333869116703,0.0455724933430661,0.2118182163723183,backlash,40.0,2.0,0.0,4.353575791905541,4.319811645175524,0.6,0.8,0.03376414673001715,-0.03376414673001715,0,1,1,0
131,R0131,MARGINAL,PD,0.0,1.796273746034238,0.0273019668172285,-0.2393309753156798,-20.733743703211104,8.401332328453295,1.7776303366286712,101.25831002045965,2.606386508586807,3,0.0337333869116703,0.0455724933430661,0.2118182163723183,slew,40.0,1.0,0.0,1.001526145531262,9.636155886252725,1.0,0.4,8.634629740721463,8.634629740721463,1,1,1,0
131,R0131,MARGINAL,PD,0.0,1.796273746034238,0.0273019668172285,-0.2393309753156798,-20.733743703211104,8.401332328453295,1.7776303366286712,101.25831002045965,2.606386508586807,3,0.0337333869116703,0.0455724933430661,0.2118182163723183,latency,40.0,2.0,0.0,5.02887509253283,4.319811645175524,0.8,0.8,0.7090634473573054,-0.7090634473573054,0,1,1,0
131,R0131,MARGINAL,PD,0.0,1.796273746034238,0.0273019668172285,-0.2393309753156798,-20.733743703211104,8.401332328453295,1.7776303366286712,101.25831002045965,2.606386508586807,3,0.0337333869116703,0.0455724933430661,0.2118182163723183,deadband,40.0,2.0,0.0,4.269720039687753,4.319811645175524,0.8,0.8,0.05009160548777114,0.05009160548777114,1,1,1,0
131,R0131,MARGINAL,PD,0.0,1.796273746034238,0.0273019668172285,-0.2393309753156798,-20.733743703211104,8.401332328453295,1.7776303366286712,101.25831002045965,2.606386508586807,3,0.0337333869116703,0.0455724933430661,0.2118182163723183,nonlinear_aero,40.0,2.0,0.0,4.30013862013394,4.319811645175524,0.8,0.8,0.01967302504158397,0.01967302504158397,1,1,1,0
131,R0131,MARGINAL,PD,0.0,1.796273746034238,0.0273019668172285,-0.2393309753156798,-20.733743703211104,8.401332328453295,1.7776303366286712,101.25831002045965,2.606386508586807,3,0.0337333869116703,0.0455724933430661,0.2118182163723183,dyn_aero,40.0,2.0,0.0,4.3310224640863595,4.319811645175524,0.8,0.8,0.011210818910835307,-0.011210818910835307,0,1,1,0
131,R0131,MARGINAL,PD,0.0,1.796273746034238,0.0273019668172285,-0.2393309753156798,-20.733743703211104,8.401332328453295,1.7776303366286712,101.25831002045965,2.606386508586807,3,0.0337333869116703,0.0455724933430661,0.2118182163723183,thrust_curve,5.0,1.0,0.0,3.7445264731992993,4.794065502872,1.0,1.0,1.0495390296727005,1.0495390296727005,1,1,1,0
131,R0131,MARGINAL,PD,0.0,1.796273746034238,0.0273019668172285,-0.2393309753156798,-20.733743703211104,8.401332328453295,1.7776303366286712,101.25831002045965,2.606386508586807,3,0.0337333869116703,0.0455724933430661,0.2118182163723183,cg_shift,15.0,1.0,0.0,5.008287193467737,5.124454307055051,0.8,0.8,0.11616711358731369,0.11616711358731369,1,1,1,0
276,R0276,MARGINAL,PD,0.0,1.6238974747007386,0.0275899221063909,-0.0360264536319211,-87.0504508592137,11.739701820122692,1.470050957124497,89.2763095825167,13.688832870008788,5,0.0132373446659222,0.085760492624061,0.4212738845333907,reference,15.0,8.0,0.0,5.71703694642163,5.71703694642163,0.8,0.8,0.0,0.0,0,1,1,0
276,R0276,MARGINAL,PD,0.0,1.6238974747007386,0.0275899221063909,-0.0360264536319211,-87.0504508592137,11.739701820122692,1.470050957124497,89.2763095825167,13.688832870008788,5,0.0132373446659222,0.085760492624061,0.4212738845333907,backlash,2.0,1.0,0.0,5.599298545973054,6.620083630122059,1.0,0.8,1.0207850841490043,1.0207850841490043,1,1,1,0
276,R0276,MARGINAL,PD,0.0,1.6238974747007386,0.0275899221063909,-0.0360264536319211,-87.0504508592137,11.739701820122692,1.470050957124497,89.2763095825167,13.688832870008788,5,0.0132373446659222,0.085760492624061,0.4212738845333907,slew,80.0,1.0,0.0,0.2833404051508996,20.8869208752378,1.0,0.0,20.6035804700869,20.6035804700869,1,1,0,1
276,R0276,MARGINAL,PD,0.0,1.6238974747007386,0.0275899221063909,-0.0360264536319211,-87.0504508592137,11.739701820122692,1.470050957124497,89.2763095825167,13.688832870008788,5,0.0132373446659222,0.085760492624061,0.4212738845333907,latency,5.0,2.0,0.0,5.198590506364227,5.5701179774121625,1.0,0.8,0.37152747104793526,0.37152747104793526,1,1,1,0
276,R0276,MARGINAL,PD,0.0,1.6238974747007386,0.0275899221063909,-0.0360264536319211,-87.0504508592137,11.739701820122692,1.470050957124497,89.2763095825167,13.688832870008788,5,0.0132373446659222,0.085760492624061,0.4212738845333907,deadband,15.0,8.0,0.0,5.319514046525679,5.71703694642163,1.0,0.8,0.397522899895951,0.397522899895951,1,1,1,0
276,R0276,MARGINAL,PD,0.0,1.6238974747007386,0.0275899221063909,-0.0360264536319211,-87.0504508592137,11.739701820122692,1.470050957124497,89.2763095825167,13.688832870008788,5,0.0132373446659222,0.085760492624061,0.4212738845333907,nonlinear_aero,15.0,8.0,0.0,5.716967264326911,5.71703694642163,0.8,0.8,6.96820947192478e-05,6.96820947192478e-05,1,1,1,0
276,R0276,MARGINAL,PD,0.0,1.6238974747007386,0.0275899221063909,-0.0360264536319211,-87.0504508592137,11.739701820122692,1.470050957124497,89.2763095825167,13.688832870008788,5,0.0132373446659222,0.085760492624061,0.4212738845333907,dyn_aero,2.0,1.0,0.0,6.200638529690803,6.620083630122059,1.0,0.8,0.4194451004312558,0.4194451004312558,1,1,1,0
276,R0276,MARGINAL,PD,0.0,1.6238974747007386,0.0275899221063909,-0.0360264536319211,-87.0504508592137,11.739701820122692,1.470050957124497,89.2763095825167,13.688832870008788,5,0.0132373446659222,0.085760492624061,0.4212738845333907,thrust_curve,15.0,8.0,0.0,5.893169845180264,5.71703694642163,1.0,0.8,0.1761328987586337,-0.1761328987586337,0,1,1,0
276,R0276,MARGINAL,PD,0.0,1.6238974747007386,0.0275899221063909,-0.0360264536319211,-87.0504508592137,11.739701820122692,1.470050957124497,89.2763095825167,13.688832870008788,5,0.0132373446659222,0.085760492624061,0.4212738845333907,cg_shift,2.0,1.0,0.0,6.5331390838995445,6.620083630122059,0.8,0.8,0.08694454622251424,0.08694454622251424,1,1,1,0
1122,R1122,MARGINAL,PD,0.1341916712473747,1.1425028716892072,0.0270724514770551,0.0242474153838283,-31.34200889350328,5.18589077112176,2.882918104459452,82.99512408265683,8.505276743729882,4,0.0166629187285896,0.208799965703243,0.399923725963313,reference,2.0,1.0,0.0,7.829793332526043,7.829793332526043,0.4,0.4,0.0,0.0,0,1,1,0
1122,R1122,MARGINAL,PD,0.1341916712473747,1.1425028716892072,0.0270724514770551,0.0242474153838283,-31.34200889350328,5.18589077112176,2.882918104459452,82.99512408265683,8.505276743729882,4,0.0166629187285896,0.208799965703243,0.399923725963313,backlash,5.0,2.0,0.0,4.195518334353344,8.614236987437232,1.0,0.4,4.4187186530838884,4.4187186530838884,1,1,1,0
1122,R1122,MARGINAL,PD,0.1341916712473747,1.1425028716892072,0.0270724514770551,0.0242474153838283,-31.34200889350328,5.18589077112176,2.882918104459452,82.99512408265683,8.505276743729882,4,0.0166629187285896,0.208799965703243,0.399923725963313,slew,80.0,1.0,0.0,1.0168613060195093,89.83856313304183,1.0,0.0,88.82170182702232,88.82170182702232,1,1,0,1
1122,R1122,MARGINAL,PD,0.1341916712473747,1.1425028716892072,0.0270724514770551,0.0242474153838283,-31.34200889350328,5.18589077112176,2.882918104459452,82.99512408265683,8.505276743729882,4,0.0166629187285896,0.208799965703243,0.399923725963313,latency,5.0,2.0,0.0,8.36909257956612,8.614236987437232,0.6,0.4,0.2451444078711127,0.2451444078711127,1,1,1,0
1122,R1122,MARGINAL,PD,0.1341916712473747,1.1425028716892072,0.0270724514770551,0.0242474153838283,-31.34200889350328,5.18589077112176,2.882918104459452,82.99512408265683,8.505276743729882,4,0.0166629187285896,0.208799965703243,0.399923725963313,deadband,15.0,8.0,0.0,8.163300509542617,8.033801666606573,0.6,0.6,0.1294988429360444,-0.1294988429360444,0,1,1,0
1122,R1122,MARGINAL,PD,0.1341916712473747,1.1425028716892072,0.0270724514770551,0.0242474153838283,-31.34200889350328,5.18589077112176,2.882918104459452,82.99512408265683,8.505276743729882,4,0.0166629187285896,0.208799965703243,0.399923725963313,nonlinear_aero,2.0,1.0,0.0,7.817669006137725,7.829793332526043,0.4,0.4,0.012124326388317286,0.012124326388317286,1,1,1,0
1122,R1122,MARGINAL,PD,0.1341916712473747,1.1425028716892072,0.0270724514770551,0.0242474153838283,-31.34200889350328,5.18589077112176,2.882918104459452,82.99512408265683,8.505276743729882,4,0.0166629187285896,0.208799965703243,0.399923725963313,dyn_aero,2.0,1.0,0.0,4.552322133428044,7.829793332526043,1.0,0.4,3.2774711990979988,3.2774711990979988,1,1,1,0
1122,R1122,MARGINAL,PD,0.1341916712473747,1.1425028716892072,0.0270724514770551,0.0242474153838283,-31.34200889350328,5.18589077112176,2.882918104459452,82.99512408265683,8.505276743729882,4,0.0166629187285896,0.208799965703243,0.399923725963313,thrust_curve,5.0,2.0,0.0,8.290211587245278,8.614236987437232,0.8,0.4,0.3240254001919549,0.3240254001919549,1,1,1,0
1122,R1122,MARGINAL,PD,0.1341916712473747,1.1425028716892072,0.0270724514770551,0.0242474153838283,-31.34200889350328,5.18589077112176,2.882918104459452,82.99512408265683,8.505276743729882,4,0.0166629187285896,0.208799965703243,0.399923725963313,cg_shift,15.0,8.0,0.0,9.06269712119148,8.033801666606573,0.6,0.6,1.028895454584907,-1.028895454584907,0,1,1,0
28,R0028,MARGINAL,PD,1.2475363155900772,1.1971718654803365,0.0152870479661188,0.1707486425414677,-27.8766143099067,7.888977780583821,1.308540123113688,107.00315267734494,12.980399035434166,6,0.1153874397591473,0.2352158546426903,0.3082046486001493,reference,15.0,8.0,0.0,9.13897562972898,9.13897562972898,0.6,0.6,0.0,0.0,0,1,1,0
28,R0028,MARGINAL,PD,1.2475363155900772,1.1971718654803365,0.0152870479661188,0.1707486425414677,-27.8766143099067,7.888977780583821,1.308540123113688,107.00315267734494,12.980399035434166,6,0.1153874397591473,0.2352158546426903,0.3082046486001493,backlash,5.0,1.0,0.0,6.771282553926332,11.018946052537597,0.8,0.6,4.247663498611265,4.247663498611265,1,1,1,0
28,R0028,MARGINAL,PD,1.2475363155900772,1.1971718654803365,0.0152870479661188,0.1707486425414677,-27.8766143099067,7.888977780583821,1.308540123113688,107.00315267734494,12.980399035434166,6,0.1153874397591473,0.2352158546426903,0.3082046486001493,slew,80.0,1.0,0.0,1.3221273061290848,54.25371569411142,1.0,0.0,52.93158838798234,52.93158838798234,1,1,0,1
28,R0028,MARGINAL,PD,1.2475363155900772,1.1971718654803365,0.0152870479661188,0.1707486425414677,-27.8766143099067,7.888977780583821,1.308540123113688,107.00315267734494,12.980399035434166,6,0.1153874397591473,0.2352158546426903,0.3082046486001493,latency,15.0,8.0,0.0,8.84955955055294,9.13897562972898,0.6,0.6,0.28941607917604095,0.28941607917604095,1,1,1,0
28,R0028,MARGINAL,PD,1.2475363155900772,1.1971718654803365,0.0152870479661188,0.1707486425414677,-27.8766143099067,7.888977780583821,1.308540123113688,107.00315267734494,12.980399035434166,6,0.1153874397591473,0.2352158546426903,0.3082046486001493,deadband,15.0,8.0,0.0,9.206335666333414,9.13897562972898,0.4,0.6,0.06736003660443401,-0.06736003660443401,0,1,1,0
28,R0028,MARGINAL,PD,1.2475363155900772,1.1971718654803365,0.0152870479661188,0.1707486425414677,-27.8766143099067,7.888977780583821,1.308540123113688,107.00315267734494,12.980399035434166,6,0.1153874397591473,0.2352158546426903,0.3082046486001493,nonlinear_aero,15.0,8.0,0.0,9.143295090223395,9.13897562972898,0.6,0.6,0.004319460494414784,-0.004319460494414784,0,1,1,0
28,R0028,MARGINAL,PD,1.2475363155900772,1.1971718654803365,0.0152870479661188,0.1707486425414677,-27.8766143099067,7.888977780583821,1.308540123113688,107.00315267734494,12.980399035434166,6,0.1153874397591473,0.2352158546426903,0.3082046486001493,dyn_aero,15.0,8.0,0.0,8.698098476356458,9.13897562972898,0.8,0.6,0.4408771533725222,0.4408771533725222,1,1,1,0
28,R0028,MARGINAL,PD,1.2475363155900772,1.1971718654803365,0.0152870479661188,0.1707486425414677,-27.8766143099067,7.888977780583821,1.308540123113688,107.00315267734494,12.980399035434166,6,0.1153874397591473,0.2352158546426903,0.3082046486001493,thrust_curve,15.0,8.0,0.0,9.086075748012567,9.13897562972898,1.0,0.6,0.05289988171641369,0.05289988171641369,1,1,1,0
28,R0028,MARGINAL,PD,1.2475363155900772,1.1971718654803365,0.0152870479661188,0.1707486425414677,-27.8766143099067,7.888977780583821,1.308540123113688,107.00315267734494,12.980399035434166,6,0.1153874397591473,0.2352158546426903,0.3082046486001493,cg_shift,80.0,32.0,0.0,10.311230767484464,10.156633311119624,0.4,0.4,0.15459745636484,-0.15459745636484,0,1,1,0
493,R0493,MARGINAL,PD,0.0524796869593336,1.6417599287655855,0.0206965676999667,0.0033938609906264,-76.24713553593294,11.148114146988204,2.1855037641558104,48.19447307895872,5.874168906328152,5,0.0525130991568722,0.059139133165314,0.3998300750047262,reference,5.0,1.0,0.0,6.3692262680515395,6.3692262680515395,0.6,0.6,0.0,0.0,0,1,1,0
493,R0493,MARGINAL,PD,0.0524796869593336,1.6417599287655855,0.0206965676999667,0.0033938609906264,-76.24713553593294,11.148114146988204,2.1855037641558104,48.19447307895872,5.874168906328152,5,0.0525130991568722,0.059139133165314,0.3998300750047262,backlash,5.0,1.0,0.0,4.73092669917582,6.3692262680515395,0.8,0.6,1.6382995688757198,1.6382995688757198,1,1,1,0
493,R0493,MARGINAL,PD,0.0524796869593336,1.6417599287655855,0.0206965676999667,0.0033938609906264,-76.24713553593294,11.148114146988204,2.1855037641558104,48.19447307895872,5.874168906328152,5,0.0525130991568722,0.059139133165314,0.3998300750047262,slew,5.0,1.0,0.0,2.373398944170447,6.3692262680515395,1.0,0.6,3.9958273238810924,3.9958273238810924,1,1,1,0
493,R0493,MARGINAL,PD,0.0524796869593336,1.6417599287655855,0.0206965676999667,0.0033938609906264,-76.24713553593294,11.148114146988204,2.1855037641558104,48.19447307895872,5.874168906328152,5,0.0525130991568722,0.059139133165314,0.3998300750047262,latency,5.0,1.0,0.0,6.439313370777616,6.3692262680515395,0.6,0.6,0.07008710272607654,-0.07008710272607654,0,1,1,0
493,R0493,MARGINAL,PD,0.0524796869593336,1.6417599287655855,0.0206965676999667,0.0033938609906264,-76.24713553593294,11.148114146988204,2.1855037641558104,48.19447307895872,5.874168906328152,5,0.0525130991568722,0.059139133165314,0.3998300750047262,deadband,5.0,1.0,0.0,6.306571080024081,6.3692262680515395,0.6,0.6,0.06265518802745884,0.06265518802745884,1,1,1,0
493,R0493,MARGINAL,PD,0.0524796869593336,1.6417599287655855,0.0206965676999667,0.0033938609906264,-76.24713553593294,11.148114146988204,2.1855037641558104,48.19447307895872,5.874168906328152,5,0.0525130991568722,0.059139133165314,0.3998300750047262,nonlinear_aero,5.0,1.0,0.0,6.369333063351518,6.3692262680515395,0.6,0.6,0.00010679529997847936,-0.00010679529997847936,0,1,1,0
493,R0493,MARGINAL,PD,0.0524796869593336,1.6417599287655855,0.0206965676999667,0.0033938609906264,-76.24713553593294,11.148114146988204,2.1855037641558104,48.19447307895872,5.874168906328152,5,0.0525130991568722,0.059139133165314,0.3998300750047262,dyn_aero,5.0,1.0,0.0,5.773386807135712,6.3692262680515395,0.8,0.6,0.5958394609158271,0.5958394609158271,1,1,1,0
493,R0493,MARGINAL,PD,0.0524796869593336,1.6417599287655855,0.0206965676999667,0.0033938609906264,-76.24713553593294,11.148114146988204,2.1855037641558104,48.19447307895872,5.874168906328152,5,0.0525130991568722,0.059139133165314,0.3998300750047262,thrust_curve,2.0,1.0,0.0,5.980929207518988,5.7546421198881434,1.0,1.0,0.22628708763084493,-0.22628708763084493,0,1,1,0
493,R0493,MARGINAL,PD,0.0524796869593336,1.6417599287655855,0.0206965676999667,0.0033938609906264,-76.24713553593294,11.148114146988204,2.1855037641558104,48.19447307895872,5.874168906328152,5,0.0525130991568722,0.059139133165314,0.3998300750047262,cg_shift,5.0,1.0,0.0,7.19440044552119,6.3692262680515395,0.6,0.6,0.8251741774696502,-0.8251741774696502,0,1,1,0
539,R0539,MARGINAL,PD,0.7424581226327032,0.9252704381914684,0.0185123924380554,0.067577962667131,-43.419220650050505,8.83747382923769,1.4038773786293446,102.36655127644212,7.414800645481795,2,0.0136004304198119,0.1479980026937861,0.1880893321893109,reference,5.0,1.0,0.0,7.030028665201849,7.030028665201849,0.6,0.6,0.0,0.0,0,1,1,0
539,R0539,MARGINAL,PD,0.7424581226327032,0.9252704381914684,0.0185123924380554,0.067577962667131,-43.419220650050505,8.83747382923769,1.4038773786293446,102.36655127644212,7.414800645481795,2,0.0136004304198119,0.1479980026937861,0.1880893321893109,backlash,40.0,8.0,0.0,6.084789012795665,8.703696558449083,0.8,0.4,2.6189075456534185,2.6189075456534185,1,1,1,0
539,R0539,MARGINAL,PD,0.7424581226327032,0.9252704381914684,0.0185123924380554,0.067577962667131,-43.419220650050505,8.83747382923769,1.4038773786293446,102.36655127644212,7.414800645481795,2,0.0136004304198119,0.1479980026937861,0.1880893321893109,slew,80.0,1.0,0.0,0.49028141471243974,46.53959401146576,1.0,0.0,46.04931259675332,46.04931259675332,1,1,0,1
539,R0539,MARGINAL,PD,0.7424581226327032,0.9252704381914684,0.0185123924380554,0.067577962667131,-43.419220650050505,8.83747382923769,1.4038773786293446,102.36655127644212,7.414800645481795,2,0.0136004304198119,0.1479980026937861,0.1880893321893109,latency,40.0,8.0,0.0,7.142329912340739,8.703696558449083,0.6,0.4,1.5613666461083442,1.5613666461083442,1,1,1,0
539,R0539,MARGINAL,PD,0.7424581226327032,0.9252704381914684,0.0185123924380554,0.067577962667131,-43.419220650050505,8.83747382923769,1.4038773786293446,102.36655127644212,7.414800645481795,2,0.0136004304198119,0.1479980026937861,0.1880893321893109,deadband,5.0,1.0,0.0,7.021457569575,7.030028665201849,0.6,0.6,0.008571095626848546,0.008571095626848546,1,1,1,0
539,R0539,MARGINAL,PD,0.7424581226327032,0.9252704381914684,0.0185123924380554,0.067577962667131,-43.419220650050505,8.83747382923769,1.4038773786293446,102.36655127644212,7.414800645481795,2,0.0136004304198119,0.1479980026937861,0.1880893321893109,nonlinear_aero,5.0,1.0,0.0,7.065926820129873,7.030028665201849,0.6,0.6,0.03589815492802373,-0.03589815492802373,0,1,1,0
539,R0539,MARGINAL,PD,0.7424581226327032,0.9252704381914684,0.0185123924380554,0.067577962667131,-43.419220650050505,8.83747382923769,1.4038773786293446,102.36655127644212,7.414800645481795,2,0.0136004304198119,0.1479980026937861,0.1880893321893109,dyn_aero,15.0,2.0,0.0,6.0823497003156985,8.1837191753874,0.8,0.6,2.101369475071702,2.101369475071702,1,1,1,0
539,R0539,MARGINAL,PD,0.7424581226327032,0.9252704381914684,0.0185123924380554,0.067577962667131,-43.419220650050505,8.83747382923769,1.4038773786293446,102.36655127644212,7.414800645481795,2,0.0136004304198119,0.1479980026937861,0.1880893321893109,thrust_curve,2.0,1.0,0.0,6.209494165120886,6.278621181456619,1.0,1.0,0.0691270163357327,0.0691270163357327,1,1,1,0
539,R0539,MARGINAL,PD,0.7424581226327032,0.9252704381914684,0.0185123924380554,0.067577962667131,-43.419220650050505,8.83747382923769,1.4038773786293446,102.36655127644212,7.414800645481795,2,0.0136004304198119,0.1479980026937861,0.1880893321893109,cg_shift,5.0,1.0,0.0,7.277394917920111,7.030028665201849,0.6,0.6,0.24736625271826185,-0.24736625271826185,0,1,1,0
814,R0814,MARGINAL,PD,1.2520127146389497,1.555376382786981,0.0137348376545538,0.296566736087077,-19.16298634638615,9.51043963054337,1.852049720695314,113.3589004732685,7.109601360780279,6,0.1299644625527402,0.0222952005261624,0.2049212102479705,reference,40.0,2.0,0.0,7.1144643486803405,7.1144643486803405,1.0,1.0,0.0,0.0,0,1,1,0
814,R0814,MARGINAL,PD,1.2520127146389497,1.555376382786981,0.0137348376545538,0.296566736087077,-19.16298634638615,9.51043963054337,1.852049720695314,113.3589004732685,7.109601360780279,6,0.1299644625527402,0.0222952005261624,0.2049212102479705,backlash,15.0,8.0,0.0,4.388140112292001,4.854464578996752,0.8,0.8,0.4663244667047506,0.4663244667047506,1,1,1,0
814,R0814,MARGINAL,PD,1.2520127146389497,1.555376382786981,0.0137348376545538,0.296566736087077,-19.16298634638615,9.51043963054337,1.852049720695314,113.3589004732685,7.109601360780279,6,0.1299644625527402,0.0222952005261624,0.2049212102479705,slew,80.0,1.0,0.0,1.9663276146557345,88.02013697800305,1.0,0.0,86.05380936334731,86.05380936334731,1,1,0,1
814,R0814,MARGINAL,PD,1.2520127146389497,1.555376382786981,0.0137348376545538,0.296566736087077,-19.16298634638615,9.51043963054337,1.852049720695314,113.3589004732685,7.109601360780279,6,0.1299644625527402,0.0222952005261624,0.2049212102479705,latency,15.0,1.0,0.0,7.57786602637608,7.839681435717577,0.6,0.6,0.26181540934149705,0.26181540934149705,1,1,1,0
814,R0814,MARGINAL,PD,1.2520127146389497,1.555376382786981,0.0137348376545538,0.296566736087077,-19.16298634638615,9.51043963054337,1.852049720695314,113.3589004732685,7.109601360780279,6,0.1299644625527402,0.0222952005261624,0.2049212102479705,deadband,40.0,2.0,0.0,8.006651343479762,7.1144643486803405,0.6,1.0,0.8921869947994212,-0.8921869947994212,0,1,1,0
814,R0814,MARGINAL,PD,1.2520127146389497,1.555376382786981,0.0137348376545538,0.296566736087077,-19.16298634638615,9.51043963054337,1.852049720695314,113.3589004732685,7.109601360780279,6,0.1299644625527402,0.0222952005261624,0.2049212102479705,nonlinear_aero,40.0,2.0,0.0,7.07664615580718,7.1144643486803405,1.0,1.0,0.03781819287316068,0.03781819287316068,1,1,1,0
814,R0814,MARGINAL,PD,1.2520127146389497,1.555376382786981,0.0137348376545538,0.296566736087077,-19.16298634638615,9.51043963054337,1.852049720695314,113.3589004732685,7.109601360780279,6,0.1299644625527402,0.0222952005261624,0.2049212102479705,dyn_aero,40.0,2.0,0.0,8.129914338462196,7.1144643486803405,0.8,1.0,1.0154499897818559,-1.0154499897818559,0,1,1,0
814,R0814,MARGINAL,PD,1.2520127146389497,1.555376382786981,0.0137348376545538,0.296566736087077,-19.16298634638615,9.51043963054337,1.852049720695314,113.3589004732685,7.109601360780279,6,0.1299644625527402,0.0222952005261624,0.2049212102479705,thrust_curve,5.0,1.0,0.0,4.933362384044284,6.228140079274692,0.8,0.8,1.2947776952304082,1.2947776952304082,1,1,1,0
814,R0814,MARGINAL,PD,1.2520127146389497,1.555376382786981,0.0137348376545538,0.296566736087077,-19.16298634638615,9.51043963054337,1.852049720695314,113.3589004732685,7.109601360780279,6,0.1299644625527402,0.0222952005261624,0.2049212102479705,cg_shift,80.0,8.0,0.0,5.9496367110219595,6.55586993421416,0.6,0.6,0.6062332231922003,0.6062332231922003,1,1,1,0
316,R0316,MARGINAL,PD,3.6160750953639824,1.0114315841079982,0.0255914431071952,0.2911272295433763,-54.28177581060165,9.765221638166036,1.7167131435235372,21.94736640800618,11.884433788367115,1,0.0730950491709598,0.1629330573707635,0.4430403330391444,reference,80.0,8.0,0.0,13.373554047695853,13.373554047695853,0.8,0.8,0.0,0.0,0,1,1,0
316,R0316,MARGINAL,PD,3.6160750953639824,1.0114315841079982,0.0255914431071952,0.2911272295433763,-54.28177581060165,9.765221638166036,1.7167131435235372,21.94736640800618,11.884433788367115,1,0.0730950491709598,0.1629330573707635,0.4430403330391444,backlash,15.0,2.0,0.0,8.867485994435745,15.855287243078863,0.6,0.4,6.987801248643118,6.987801248643118,1,1,1,0
316,R0316,MARGINAL,PD,3.6160750953639824,1.0114315841079982,0.0255914431071952,0.2911272295433763,-54.28177581060165,9.765221638166036,1.7167131435235372,21.94736640800618,11.884433788367115,1,0.0730950491709598,0.1629330573707635,0.4430403330391444,slew,80.0,1.0,0.0,0.3370647953902218,36.17099146342893,1.0,0.0,35.833926668038714,35.833926668038714,1,1,0,1
316,R0316,MARGINAL,PD,3.6160750953639824,1.0114315841079982,0.0255914431071952,0.2911272295433763,-54.28177581060165,9.765221638166036,1.7167131435235372,21.94736640800618,11.884433788367115,1,0.0730950491709598,0.1629330573707635,0.4430403330391444,latency,80.0,8.0,0.0,13.373554047695853,13.373554047695853,0.8,0.8,0.0,0.0,0,1,1,0
316,R0316,MARGINAL,PD,3.6160750953639824,1.0114315841079982,0.0255914431071952,0.2911272295433763,-54.28177581060165,9.765221638166036,1.7167131435235372,21.94736640800618,11.884433788367115,1,0.0730950491709598,0.1629330573707635,0.4430403330391444,deadband,80.0,8.0,0.0,13.201928355938076,13.373554047695853,0.8,0.8,0.17162569175777698,0.17162569175777698,1,1,1,0
316,R0316,MARGINAL,PD,3.6160750953639824,1.0114315841079982,0.0255914431071952,0.2911272295433763,-54.28177581060165,9.765221638166036,1.7167131435235372,21.94736640800618,11.884433788367115,1,0.0730950491709598,0.1629330573707635,0.4430403330391444,nonlinear_aero,80.0,8.0,0.0,13.538642593824843,13.373554047695853,0.8,0.8,0.16508854612898993,-0.16508854612898993,0,1,1,0
316,R0316,MARGINAL,PD,3.6160750953639824,1.0114315841079982,0.0255914431071952,0.2911272295433763,-54.28177581060165,9.765221638166036,1.7167131435235372,21.94736640800618,11.884433788367115,1,0.0730950491709598,0.1629330573707635,0.4430403330391444,dyn_aero,15.0,1.0,0.0,10.417947769635308,11.710080633893998,0.8,0.6,1.29213286425869,1.29213286425869,1,1,1,0
316,R0316,MARGINAL,PD,3.6160750953639824,1.0114315841079982,0.0255914431071952,0.2911272295433763,-54.28177581060165,9.765221638166036,1.7167131435235372,21.94736640800618,11.884433788367115,1,0.0730950491709598,0.1629330573707635,0.4430403330391444,thrust_curve,40.0,2.0,0.0,11.947851712467637,12.696466332228509,0.8,0.2,0.7486146197608718,0.7486146197608718,1,1,0,1
316,R0316,MARGINAL,PD,3.6160750953639824,1.0114315841079982,0.0255914431071952,0.2911272295433763,-54.28177581060165,9.765221638166036,1.7167131435235372,21.94736640800618,11.884433788367115,1,0.0730950491709598,0.1629330573707635,0.4430403330391444,cg_shift,80.0,8.0,0.0,13.605168553170728,13.373554047695853,0.8,0.8,0.23161450547487483,-0.23161450547487483,0,1,1,0
755,R0755,MARGINAL,PD,0.6900067371100985,1.6573979592923185,0.0253504866338384,0.1093200880537464,-29.768531050729003,6.166816748071027,1.9994334689688729,111.44967953315904,6.928140496175755,2,0.1481605019177267,0.1799525026480179,0.2010444479157949,reference,5.0,1.0,0.0,6.625042100063565,6.625042100063565,0.6,0.6,0.0,0.0,0,1,1,0
755,R0755,MARGINAL,PD,0.6900067371100985,1.6573979592923185,0.0253504866338384,0.1093200880537464,-29.768531050729003,6.166816748071027,1.9994334689688729,111.44967953315904,6.928140496175755,2,0.1481605019177267,0.1799525026480179,0.2010444479157949,backlash,80.0,8.0,0.0,6.029788982492208,10.417593026367271,0.8,0.4,4.387804043875063,4.387804043875063,1,1,1,0
755,R0755,MARGINAL,PD,0.6900067371100985,1.6573979592923185,0.0253504866338384,0.1093200880537464,-29.768531050729003,6.166816748071027,1.9994334689688729,111.44967953315904,6.928140496175755,2,0.1481605019177267,0.1799525026480179,0.2010444479157949,slew,40.0,1.0,0.0,0.5980451035272556,24.573316267455567,1.0,0.0,23.975271163928312,23.975271163928312,1,1,0,1
755,R0755,MARGINAL,PD,0.6900067371100985,1.6573979592923185,0.0253504866338384,0.1093200880537464,-29.768531050729003,6.166816748071027,1.9994334689688729,111.44967953315904,6.928140496175755,2,0.1481605019177267,0.1799525026480179,0.2010444479157949,latency,15.0,8.0,0.0,5.2221880167540204,7.079412031150004,1.0,0.6,1.8572240143959835,1.8572240143959835,1,1,1,0
755,R0755,MARGINAL,PD,0.6900067371100985,1.6573979592923185,0.0253504866338384,0.1093200880537464,-29.768531050729003,6.166816748071027,1.9994334689688729,111.44967953315904,6.928140496175755,2,0.1481605019177267,0.1799525026480179,0.2010444479157949,deadband,5.0,1.0,0.0,6.217910940875301,6.625042100063565,0.8,0.6,0.40713115918826404,0.40713115918826404,1,1,1,0
755,R0755,MARGINAL,PD,0.6900067371100985,1.6573979592923185,0.0253504866338384,0.1093200880537464,-29.768531050729003,6.166816748071027,1.9994334689688729,111.44967953315904,6.928140496175755,2,0.1481605019177267,0.1799525026480179,0.2010444479157949,nonlinear_aero,5.0,1.0,0.0,6.611831052055143,6.625042100063565,0.6,0.6,0.01321104800842221,0.01321104800842221,1,1,1,0
755,R0755,MARGINAL,PD,0.6900067371100985,1.6573979592923185,0.0253504866338384,0.1093200880537464,-29.768531050729003,6.166816748071027,1.9994334689688729,111.44967953315904,6.928140496175755,2,0.1481605019177267,0.1799525026480179,0.2010444479157949,dyn_aero,5.0,2.0,0.0,5.666737287766969,5.728888124881037,0.8,1.0,0.06215083711406777,0.06215083711406777,1,1,1,0
755,R0755,MARGINAL,PD,0.6900067371100985,1.6573979592923185,0.0253504866338384,0.1093200880537464,-29.768531050729003,6.166816748071027,1.9994334689688729,111.44967953315904,6.928140496175755,2,0.1481605019177267,0.1799525026480179,0.2010444479157949,thrust_curve,15.0,1.0,0.0,5.7036885457397,9.470057268079618,1.0,0.2,3.7663687223399176,3.7663687223399176,1,1,0,1
755,R0755,MARGINAL,PD,0.6900067371100985,1.6573979592923185,0.0253504866338384,0.1093200880537464,-29.768531050729003,6.166816748071027,1.9994334689688729,111.44967953315904,6.928140496175755,2,0.1481605019177267,0.1799525026480179,0.2010444479157949,cg_shift,15.0,8.0,0.0,5.785762256204942,7.079412031150004,1.0,0.6,1.2936497749450622,1.2936497749450622,1,1,1,0
217,R0217,MARGINAL,PD,0.059845495987028,1.331197846348101,0.017601914072461,0.0076483744490582,-33.24527412765814,13.184350725085633,1.6226843373666684,5.433926354430852,14.489343907766717,2,0.1266723328723153,0.162045136712369,0.2674414417194518,reference,80.0,1.0,0.0,12.968635209006631,12.968635209006631,0.6,0.6,0.0,0.0,0,1,1,0
217,R0217,MARGINAL,PD,0.059845495987028,1.331197846348101,0.017601914072461,0.0076483744490582,-33.24527412765814,13.184350725085633,1.6226843373666684,5.433926354430852,14.489343907766717,2,0.1266723328723153,0.162045136712369,0.2674414417194518,backlash,40.0,1.0,0.0,6.973645690179898,14.028474361488032,0.8,0.4,7.054828671308133,7.054828671308133,1,1,1,0
217,R0217,MARGINAL,PD,0.059845495987028,1.331197846348101,0.017601914072461,0.0076483744490582,-33.24527412765814,13.184350725085633,1.6226843373666684,5.433926354430852,14.489343907766717,2,0.1266723328723153,0.162045136712369,0.2674414417194518,slew,80.0,1.0,0.0,0.28087133219850957,12.968635209006631,1.0,0.6,12.687763876808122,12.687763876808122,1,1,1,0
217,R0217,MARGINAL,PD,0.059845495987028,1.331197846348101,0.017601914072461,0.0076483744490582,-33.24527412765814,13.184350725085633,1.6226843373666684,5.433926354430852,14.489343907766717,2,0.1266723328723153,0.162045136712369,0.2674414417194518,latency,80.0,1.0,0.0,12.942323930052813,12.968635209006631,0.8,0.6,0.026311278953818018,0.026311278953818018,1,1,1,0
217,R0217,MARGINAL,PD,0.059845495987028,1.331197846348101,0.017601914072461,0.0076483744490582,-33.24527412765814,13.184350725085633,1.6226843373666684,5.433926354430852,14.489343907766717,2,0.1266723328723153,0.162045136712369,0.2674414417194518,deadband,80.0,1.0,0.0,12.975217687397782,12.968635209006631,0.8,0.6,0.006582478391150559,-0.006582478391150559,0,1,1,0
217,R0217,MARGINAL,PD,0.059845495987028,1.331197846348101,0.017601914072461,0.0076483744490582,-33.24527412765814,13.184350725085633,1.6226843373666684,5.433926354430852,14.489343907766717,2,0.1266723328723153,0.162045136712369,0.2674414417194518,nonlinear_aero,80.0,1.0,0.0,12.972214284153122,12.968635209006631,0.6,0.6,0.0035790751464901405,-0.0035790751464901405,0,1,1,0
217,R0217,MARGINAL,PD,0.059845495987028,1.331197846348101,0.017601914072461,0.0076483744490582,-33.24527412765814,13.184350725085633,1.6226843373666684,5.433926354430852,14.489343907766717,2,0.1266723328723153,0.162045136712369,0.2674414417194518,dyn_aero,80.0,1.0,0.0,11.81921181074074,12.968635209006631,0.8,0.6,1.149423398265892,1.149423398265892,1,1,1,0
217,R0217,MARGINAL,PD,0.059845495987028,1.331197846348101,0.017601914072461,0.0076483744490582,-33.24527412765814,13.184350725085633,1.6226843373666684,5.433926354430852,14.489343907766717,2,0.1266723328723153,0.162045136712369,0.2674414417194518,thrust_curve,80.0,1.0,0.0,13.803400240174492,12.968635209006631,0.4,0.6,0.8347650311678603,-0.8347650311678603,0,1,1,0
217,R0217,MARGINAL,PD,0.059845495987028,1.331197846348101,0.017601914072461,0.0076483744490582,-33.24527412765814,13.184350725085633,1.6226843373666684,5.433926354430852,14.489343907766717,2,0.1266723328723153,0.162045136712369,0.2674414417194518,cg_shift,80.0,1.0,0.0,12.822806536876556,12.968635209006631,0.8,0.6,0.1458286721300759,0.1458286721300759,1,1,1,0
560,R0560,MARGINAL,PD,2.920964350313355,1.6755642438389613,0.0107817936383526,0.2369807530568667,-46.71165088239154,12.448774420929563,1.2909901689866987,108.0482937040835,10.610276474244136,3,0.0646218378491938,0.0460105252328939,0.3951686843044062,reference,5.0,2.0,0.0,5.868803871831201,5.868803871831201,0.8,0.8,0.0,0.0,0,1,1,0
560,R0560,MARGINAL,PD,2.920964350313355,1.6755642438389613,0.0107817936383526,0.2369807530568667,-46.71165088239154,12.448774420929563,1.2909901689866987,108.0482937040835,10.610276474244136,3,0.0646218378491938,0.0460105252328939,0.3951686843044062,backlash,5.0,1.0,0.0,6.354913321837776,6.712727890648054,1.0,0.8,0.3578145688102783,0.3578145688102783,1,1,1,0
560,R0560,MARGINAL,PD,2.920964350313355,1.6755642438389613,0.0107817936383526,0.2369807530568667,-46.71165088239154,12.448774420929563,1.2909901689866987,108.0482937040835,10.610276474244136,3,0.0646218378491938,0.0460105252328939,0.3951686843044062,slew,80.0,1.0,0.0,0.7824554845515476,61.10141782714663,1.0,0.0,60.318962342595086,60.318962342595086,1,1,0,1
560,R0560,MARGINAL,PD,2.920964350313355,1.6755642438389613,0.0107817936383526,0.2369807530568667,-46.71165088239154,12.448774420929563,1.2909901689866987,108.0482937040835,10.610276474244136,3,0.0646218378491938,0.0460105252328939,0.3951686843044062,latency,5.0,1.0,0.0,7.021678107869306,6.712727890648054,0.8,0.8,0.30895021722125193,-0.30895021722125193,0,1,1,0
560,R0560,MARGINAL,PD,2.920964350313355,1.6755642438389613,0.0107817936383526,0.2369807530568667,-46.71165088239154,12.448774420929563,1.2909901689866987,108.0482937040835,10.610276474244136,3,0.0646218378491938,0.0460105252328939,0.3951686843044062,deadband,5.0,2.0,0.0,5.406913326688577,5.868803871831201,1.0,0.8,0.46189054514262384,0.46189054514262384,1,1,1,0
560,R0560,MARGINAL,PD,2.920964350313355,1.6755642438389613,0.0107817936383526,0.2369807530568667,-46.71165088239154,12.448774420929563,1.2909901689866987,108.0482937040835,10.610276474244136,3,0.0646218378491938,0.0460105252328939,0.3951686843044062,nonlinear_aero,5.0,2.0,0.0,5.8690869024917305,5.868803871831201,0.8,0.8,0.00028303066052970394,-0.00028303066052970394,0,1,1,0
560,R0560,MARGINAL,PD,2.920964350313355,1.6755642438389613,0.0107817936383526,0.2369807530568667,-46.71165088239154,12.448774420929563,1.2909901689866987,108.0482937040835,10.610276474244136,3,0.0646218378491938,0.0460105252328939,0.3951686843044062,dyn_aero,15.0,1.0,0.0,11.067187720917783,11.703346992746646,0.4,0.4,0.6361592718288627,0.6361592718288627,1,1,1,0
560,R0560,MARGINAL,PD,2.920964350313355,1.6755642438389613,0.0107817936383526,0.2369807530568667,-46.71165088239154,12.448774420929563,1.2909901689866987,108.0482937040835,10.610276474244136,3,0.0646218378491938,0.0460105252328939,0.3951686843044062,thrust_curve,5.0,1.0,0.0,7.568502249056995,6.712727890648054,0.4,0.8,0.855774358408941,-0.855774358408941,0,1,1,0
560,R0560,MARGINAL,PD,2.920964350313355,1.6755642438389613,0.0107817936383526,0.2369807530568667,-46.71165088239154,12.448774420929563,1.2909901689866987,108.0482937040835,10.610276474244136,3,0.0646218378491938,0.0460105252328939,0.3951686843044062,cg_shift,15.0,1.0,0.0,12.219166503316103,11.703346992746646,0.4,0.4,0.5158195105694574,-0.5158195105694574,0,1,1,0
182,R0182,MARGINAL,PD,2.4773530889779587,1.2212686005310918,0.0168021698681253,0.1205790388289164,-73.64509898573563,5.447563147165388,1.15492659366731,93.58010550213318,9.837669329287216,6,0.0317854376115518,0.1256835168378033,0.302792440622511,reference,2.0,1.0,0.0,7.319697582780739,7.319697582780739,0.8,0.8,0.0,0.0,0,1,1,0
182,R0182,MARGINAL,PD,2.4773530889779587,1.2212686005310918,0.0168021698681253,0.1205790388289164,-73.64509898573563,5.447563147165388,1.15492659366731,93.58010550213318,9.837669329287216,6,0.0317854376115518,0.1256835168378033,0.302792440622511,backlash,2.0,1.0,0.0,5.556557345423074,7.319697582780739,1.0,0.8,1.763140237357665,1.763140237357665,1,1,1,0
182,R0182,MARGINAL,PD,2.4773530889779587,1.2212686005310918,0.0168021698681253,0.1205790388289164,-73.64509898573563,5.447563147165388,1.15492659366731,93.58010550213318,9.837669329287216,6,0.0317854376115518,0.1256835168378033,0.302792440622511,slew,40.0,1.0,0.0,1.0452831462127572,33.83503476841204,1.0,0.0,32.789751622199276,32.789751622199276,1,1,0,1
182,R0182,MARGINAL,PD,2.4773530889779587,1.2212686005310918,0.0168021698681253,0.1205790388289164,-73.64509898573563,5.447563147165388,1.15492659366731,93.58010550213318,9.837669329287216,6,0.0317854376115518,0.1256835168378033,0.302792440622511,latency,80.0,8.0,0.0,10.85792034350209,12.535674209681057,0.6,0.2,1.677753866178966,1.677753866178966,1,1,0,1
182,R0182,MARGINAL,PD,2.4773530889779587,1.2212686005310918,0.0168021698681253,0.1205790388289164,-73.64509898573563,5.447563147165388,1.15492659366731,93.58010550213318,9.837669329287216,6,0.0317854376115518,0.1256835168378033,0.302792440622511,deadband,2.0,1.0,0.0,7.1047338647749,7.319697582780739,0.8,0.8,0.2149637180058388,0.2149637180058388,1,1,1,0
182,R0182,MARGINAL,PD,2.4773530889779587,1.2212686005310918,0.0168021698681253,0.1205790388289164,-73.64509898573563,5.447563147165388,1.15492659366731,93.58010550213318,9.837669329287216,6,0.0317854376115518,0.1256835168378033,0.302792440622511,nonlinear_aero,2.0,1.0,0.0,7.319210403565187,7.319697582780739,0.8,0.8,0.0004871792155523025,0.0004871792155523025,1,1,1,0
182,R0182,MARGINAL,PD,2.4773530889779587,1.2212686005310918,0.0168021698681253,0.1205790388289164,-73.64509898573563,5.447563147165388,1.15492659366731,93.58010550213318,9.837669329287216,6,0.0317854376115518,0.1256835168378033,0.302792440622511,dyn_aero,2.0,1.0,0.0,6.4711056334731705,7.319697582780739,1.0,0.8,0.8485919493075684,0.8485919493075684,1,1,1,0
182,R0182,MARGINAL,PD,2.4773530889779587,1.2212686005310918,0.0168021698681253,0.1205790388289164,-73.64509898573563,5.447563147165388,1.15492659366731,93.58010550213318,9.837669329287216,6,0.0317854376115518,0.1256835168378033,0.302792440622511,thrust_curve,5.0,2.0,0.0,7.194516426359127,7.896716539560055,0.8,0.6,0.7022001132009281,0.7022001132009281,1,1,1,0
182,R0182,MARGINAL,PD,2.4773530889779587,1.2212686005310918,0.0168021698681253,0.1205790388289164,-73.64509898573563,5.447563147165388,1.15492659366731,93.58010550213318,9.837669329287216,6,0.0317854376115518,0.1256835168378033,0.302792440622511,cg_shift,2.0,1.0,0.0,6.990982261335707,7.319697582780739,0.8,0.8,0.32871532144503224,0.32871532144503224,1,1,1,0
794,R0794,MARGINAL,PD,3.911352866567914,1.8560773952518013,0.0394660592308616,0.2444700081508188,-88.24939654015996,5.641165510834226,2.734761967851466,90.04385340640616,2.7273540210667275,5,0.1181199311948222,0.1939097612770246,0.232000998422433,reference,80.0,8.0,0.0,6.845200098995413,6.845200098995413,0.6,0.6,0.0,0.0,0,1,1,0
794,R0794,MARGINAL,PD,3.911352866567914,1.8560773952518013,0.0394660592308616,0.2444700081508188,-88.24939654015996,5.641165510834226,2.734761967851466,90.04385340640616,2.7273540210667275,5,0.1181199311948222,0.1939097612770246,0.232000998422433,backlash,40.0,2.0,0.0,4.986981881053157,6.742724306965248,0.8,1.0,1.755742425912091,1.755742425912091,1,1,1,0
794,R0794,MARGINAL,PD,3.911352866567914,1.8560773952518013,0.0394660592308616,0.2444700081508188,-88.24939654015996,5.641165510834226,2.734761967851466,90.04385340640616,2.7273540210667275,5,0.1181199311948222,0.1939097612770246,0.232000998422433,slew,80.0,1.0,0.0,0.9888738274013846,51.873244181603255,1.0,0.0,50.88437035420187,50.88437035420187,1,1,0,1
794,R0794,MARGINAL,PD,3.911352866567914,1.8560773952518013,0.0394660592308616,0.2444700081508188,-88.24939654015996,5.641165510834226,2.734761967851466,90.04385340640616,2.7273540210667275,5,0.1181199311948222,0.1939097612770246,0.232000998422433,latency,40.0,2.0,0.0,7.419857585250713,6.742724306965248,1.0,1.0,0.6771332782854653,-0.6771332782854653,0,1,1,0
794,R0794,MARGINAL,PD,3.911352866567914,1.8560773952518013,0.0394660592308616,0.2444700081508188,-88.24939654015996,5.641165510834226,2.734761967851466,90.04385340640616,2.7273540210667275,5,0.1181199311948222,0.1939097612770246,0.232000998422433,deadband,80.0,8.0,0.0,6.408874982170877,6.845200098995413,0.6,0.6,0.4363251168245359,0.4363251168245359,1,1,1,0
794,R0794,MARGINAL,PD,3.911352866567914,1.8560773952518013,0.0394660592308616,0.2444700081508188,-88.24939654015996,5.641165510834226,2.734761967851466,90.04385340640616,2.7273540210667275,5,0.1181199311948222,0.1939097612770246,0.232000998422433,nonlinear_aero,80.0,8.0,0.0,6.776196595547677,6.845200098995413,0.6,0.6,0.06900350344773631,0.06900350344773631,1,1,1,0
794,R0794,MARGINAL,PD,3.911352866567914,1.8560773952518013,0.0394660592308616,0.2444700081508188,-88.24939654015996,5.641165510834226,2.734761967851466,90.04385340640616,2.7273540210667275,5,0.1181199311948222,0.1939097612770246,0.232000998422433,dyn_aero,15.0,1.0,0.0,6.250340787192801,6.780517968735127,0.8,0.6,0.5301771815423262,0.5301771815423262,1,1,1,0
794,R0794,MARGINAL,PD,3.911352866567914,1.8560773952518013,0.0394660592308616,0.2444700081508188,-88.24939654015996,5.641165510834226,2.734761967851466,90.04385340640616,2.7273540210667275,5,0.1181199311948222,0.1939097612770246,0.232000998422433,thrust_curve,5.0,1.0,0.0,3.1616066962775506,4.427497881851558,1.0,0.8,1.2658911855740071,1.2658911855740071,1,1,1,0
794,R0794,MARGINAL,PD,3.911352866567914,1.8560773952518013,0.0394660592308616,0.2444700081508188,-88.24939654015996,5.641165510834226,2.734761967851466,90.04385340640616,2.7273540210667275,5,0.1181199311948222,0.1939097612770246,0.232000998422433,cg_shift,80.0,8.0,0.0,7.589646258491686,6.845200098995413,0.6,0.6,0.744446159496273,-0.744446159496273,0,1,1,0
495,R0495,MARGINAL,PD,2.3301152930053304,1.6579438150629535,0.0268749103611868,0.1440289474896087,-67.33347751340311,6.701381263380752,1.5570612901883256,80.34018591286119,3.3112692013157465,5,0.0017924025556633,0.2335568499244589,0.4070177706973527,reference,5.0,1.0,0.0,6.10601564168024,6.10601564168024,0.6,0.6,0.0,0.0,0,1,1,0
495,R0495,MARGINAL,PD,2.3301152930053304,1.6579438150629535,0.0268749103611868,0.1440289474896087,-67.33347751340311,6.701381263380752,1.5570612901883256,80.34018591286119,3.3112692013157465,5,0.0017924025556633,0.2335568499244589,0.4070177706973527,backlash,15.0,8.0,0.0,4.337303376900356,7.79461436209923,1.0,0.6,3.457310985198874,3.457310985198874,1,1,1,0
495,R0495,MARGINAL,PD,2.3301152930053304,1.6579438150629535,0.0268749103611868,0.1440289474896087,-67.33347751340311,6.701381263380752,1.5570612901883256,80.34018591286119,3.3112692013157465,5,0.0017924025556633,0.2335568499244589,0.4070177706973527,slew,80.0,1.0,0.0,0.9343097200742274,43.625664946176265,1.0,0.0,42.69135522610204,42.69135522610204,1,1,0,1
495,R0495,MARGINAL,PD,2.3301152930053304,1.6579438150629535,0.0268749103611868,0.1440289474896087,-67.33347751340311,6.701381263380752,1.5570612901883256,80.34018591286119,3.3112692013157465,5,0.0017924025556633,0.2335568499244589,0.4070177706973527,latency,15.0,8.0,0.0,5.566097631391263,7.79461436209923,0.8,0.6,2.228516730707967,2.228516730707967,1,1,1,0
495,R0495,MARGINAL,PD,2.3301152930053304,1.6579438150629535,0.0268749103611868,0.1440289474896087,-67.33347751340311,6.701381263380752,1.5570612901883256,80.34018591286119,3.3112692013157465,5,0.0017924025556633,0.2335568499244589,0.4070177706973527,deadband,5.0,1.0,0.0,6.10601564168024,6.10601564168024,0.6,0.6,0.0,0.0,0,1,1,0
495,R0495,MARGINAL,PD,2.3301152930053304,1.6579438150629535,0.0268749103611868,0.1440289474896087,-67.33347751340311,6.701381263380752,1.5570612901883256,80.34018591286119,3.3112692013157465,5,0.0017924025556633,0.2335568499244589,0.4070177706973527,nonlinear_aero,5.0,1.0,0.0,6.136596923671279,6.10601564168024,0.6,0.6,0.030581281991039155,-0.030581281991039155,0,1,1,0
495,R0495,MARGINAL,PD,2.3301152930053304,1.6579438150629535,0.0268749103611868,0.1440289474896087,-67.33347751340311,6.701381263380752,1.5570612901883256,80.34018591286119,3.3112692013157465,5,0.0017924025556633,0.2335568499244589,0.4070177706973527,dyn_aero,5.0,2.0,0.0,4.8051824450804475,5.128999970134247,1.0,1.0,0.32381752505379957,0.32381752505379957,1,1,1,0
495,R0495,MARGINAL,PD,2.3301152930053304,1.6579438150629535,0.0268749103611868,0.1440289474896087,-67.33347751340311,6.701381263380752,1.5570612901883256,80.34018591286119,3.3112692013157465,5,0.0017924025556633,0.2335568499244589,0.4070177706973527,thrust_curve,2.0,2.0,0.0,5.651692016906695,7.249140808962527,0.8,0.8,1.5974487920558316,1.5974487920558316,1,1,1,0
495,R0495,MARGINAL,PD,2.3301152930053304,1.6579438150629535,0.0268749103611868,0.1440289474896087,-67.33347751340311,6.701381263380752,1.5570612901883256,80.34018591286119,3.3112692013157465,5,0.0017924025556633,0.2335568499244589,0.4070177706973527,cg_shift,5.0,2.0,0.0,5.246901409537765,5.128999970134247,0.8,1.0,0.11790143940351783,-0.11790143940351783,0,1,1,0
739,R0739,MARGINAL,PD,1.4975782489513898,1.2079182246526643,0.0280056049035522,0.2023776493893247,-33.05781305871294,11.409765194825605,1.7938790213678784,68.93354548544812,6.080688218963157,3,0.1395632779194064,0.1510459203308333,0.4456918578364107,reference,2.0,1.0,0.0,7.009432244126214,7.009432244126214,0.8,0.8,0.0,0.0,0,1,1,0
739,R0739,MARGINAL,PD,1.4975782489513898,1.2079182246526643,0.0280056049035522,0.2023776493893247,-33.05781305871294,11.409765194825605,1.7938790213678784,68.93354548544812,6.080688218963157,3,0.1395632779194064,0.1510459203308333,0.4456918578364107,backlash,15.0,2.0,0.0,7.146437194052953,10.817771261182596,0.8,0.4,3.671334067129643,3.671334067129643,1,1,1,0
739,R0739,MARGINAL,PD,1.4975782489513898,1.2079182246526643,0.0280056049035522,0.2023776493893247,-33.05781305871294,11.409765194825605,1.7938790213678784,68.93354548544812,6.080688218963157,3,0.1395632779194064,0.1510459203308333,0.4456918578364107,slew,80.0,1.0,0.0,0.515789338716429,56.926196550077634,1.0,0.0,56.4104072113612,56.4104072113612,1,1,0,1
739,R0739,MARGINAL,PD,1.4975782489513898,1.2079182246526643,0.0280056049035522,0.2023776493893247,-33.05781305871294,11.409765194825605,1.7938790213678784,68.93354548544812,6.080688218963157,3,0.1395632779194064,0.1510459203308333,0.4456918578364107,latency,80.0,8.0,0.0,10.718473137473646,11.56058729657823,0.6,0.4,0.8421141591045842,0.8421141591045842,1,1,1,0
739,R0739,MARGINAL,PD,1.4975782489513898,1.2079182246526643,0.0280056049035522,0.2023776493893247,-33.05781305871294,11.409765194825605,1.7938790213678784,68.93354548544812,6.080688218963157,3,0.1395632779194064,0.1510459203308333,0.4456918578364107,deadband,2.0,2.0,0.0,7.818234998337177,7.468082103516474,0.8,0.6,0.35015289482070244,-0.35015289482070244,0,1,1,0
739,R0739,MARGINAL,PD,1.4975782489513898,1.2079182246526643,0.0280056049035522,0.2023776493893247,-33.05781305871294,11.409765194825605,1.7938790213678784,68.93354548544812,6.080688218963157,3,0.1395632779194064,0.1510459203308333,0.4456918578364107,nonlinear_aero,2.0,1.0,0.0,7.0201496907140255,7.009432244126214,0.8,0.8,0.010717446587811708,-0.010717446587811708,0,1,1,0
739,R0739,MARGINAL,PD,1.4975782489513898,1.2079182246526643,0.0280056049035522,0.2023776493893247,-33.05781305871294,11.409765194825605,1.7938790213678784,68.93354548544812,6.080688218963157,3,0.1395632779194064,0.1510459203308333,0.4456918578364107,dyn_aero,2.0,1.0,0.0,6.850518392654747,7.009432244126214,0.8,0.8,0.15891385147146675,0.15891385147146675,1,1,1,0
739,R0739,MARGINAL,PD,1.4975782489513898,1.2079182246526643,0.0280056049035522,0.2023776493893247,-33.05781305871294,11.409765194825605,1.7938790213678784,68.93354548544812,6.080688218963157,3,0.1395632779194064,0.1510459203308333,0.4456918578364107,thrust_curve,2.0,1.0,0.0,8.033083976623917,7.009432244126214,1.0,0.8,1.0236517324977035,-1.0236517324977035,0,1,1,0
739,R0739,MARGINAL,PD,1.4975782489513898,1.2079182246526643,0.0280056049035522,0.2023776493893247,-33.05781305871294,11.409765194825605,1.7938790213678784,68.93354548544812,6.080688218963157,3,0.1395632779194064,0.1510459203308333,0.4456918578364107,cg_shift,2.0,1.0,0.0,6.853718262183901,7.009432244126214,0.8,0.8,0.15571398194231278,0.15571398194231278,1,1,1,0
930,R0930,MARGINAL,PD,1.7701266744454922,1.6470344466206883,0.0119441058151903,0.1279332494867385,-56.90586562438853,5.65841328524827,1.5204463552266567,12.664991439275266,8.249867568895468,1,0.1212198315559623,0.0661505338826119,0.322986019032796,reference,80.0,16.0,0.0,11.927115404042185,11.927115404042185,0.8,0.8,0.0,0.0,0,1,1,0
930,R0930,MARGINAL,PD,1.7701266744454922,1.6470344466206883,0.0119441058151903,0.1279332494867385,-56.90586562438853,5.65841328524827,1.5204463552266567,12.664991439275266,8.249867568895468,1,0.1212198315559623,0.0661505338826119,0.322986019032796,backlash,80.0,32.0,0.0,9.24317702800128,15.026658633450836,0.8,0.6,5.7834816054495555,5.7834816054495555,1,1,1,0
930,R0930,MARGINAL,PD,1.7701266744454922,1.6470344466206883,0.0119441058151903,0.1279332494867385,-56.90586562438853,5.65841328524827,1.5204463552266567,12.664991439275266,8.249867568895468,1,0.1212198315559623,0.0661505338826119,0.322986019032796,slew,80.0,1.0,0.0,0.5352481897990852,45.427309256034455,1.0,0.0,44.89206106623537,44.89206106623537,1,1,0,1
930,R0930,MARGINAL,PD,1.7701266744454922,1.6470344466206883,0.0119441058151903,0.1279332494867385,-56.90586562438853,5.65841328524827,1.5204463552266567,12.664991439275266,8.249867568895468,1,0.1212198315559623,0.0661505338826119,0.322986019032796,latency,80.0,16.0,0.0,11.927115404042185,11.927115404042185,0.8,0.8,0.0,0.0,0,1,1,0
930,R0930,MARGINAL,PD,1.7701266744454922,1.6470344466206883,0.0119441058151903,0.1279332494867385,-56.90586562438853,5.65841328524827,1.5204463552266567,12.664991439275266,8.249867568895468,1,0.1212198315559623,0.0661505338826119,0.322986019032796,deadband,40.0,8.0,0.0,11.943302476138856,12.1128157266809,0.8,0.8,0.16951325054204425,0.16951325054204425,1,1,1,0
930,R0930,MARGINAL,PD,1.7701266744454922,1.6470344466206883,0.0119441058151903,0.1279332494867385,-56.90586562438853,5.65841328524827,1.5204463552266567,12.664991439275266,8.249867568895468,1,0.1212198315559623,0.0661505338826119,0.322986019032796,nonlinear_aero,80.0,16.0,0.0,11.940002834257095,11.927115404042185,0.8,0.8,0.012887430214910012,-0.012887430214910012,0,1,1,0
930,R0930,MARGINAL,PD,1.7701266744454922,1.6470344466206883,0.0119441058151903,0.1279332494867385,-56.90586562438853,5.65841328524827,1.5204463552266567,12.664991439275266,8.249867568895468,1,0.1212198315559623,0.0661505338826119,0.322986019032796,dyn_aero,80.0,16.0,0.0,11.515194984048188,11.927115404042185,0.8,0.8,0.4119204199939972,0.4119204199939972,1,1,1,0
930,R0930,MARGINAL,PD,1.7701266744454922,1.6470344466206883,0.0119441058151903,0.1279332494867385,-56.90586562438853,5.65841328524827,1.5204463552266567,12.664991439275266,8.249867568895468,1,0.1212198315559623,0.0661505338826119,0.322986019032796,thrust_curve,80.0,8.0,0.0,10.739310192493898,11.363792127387043,0.8,0.6,0.6244819348931454,0.6244819348931454,1,1,1,0
930,R0930,MARGINAL,PD,1.7701266744454922,1.6470344466206883,0.0119441058151903,0.1279332494867385,-56.90586562438853,5.65841328524827,1.5204463552266567,12.664991439275266,8.249867568895468,1,0.1212198315559623,0.0661505338826119,0.322986019032796,cg_shift,80.0,16.0,0.0,11.179837602736939,11.927115404042185,0.8,0.8,0.7472778013052466,0.7472778013052466,1,1,1,0
608,R0608,MARGINAL,PD,0.3208776304542784,1.3457896338582016,0.0369681467777356,0.0203553599060978,-86.72850141510314,7.748548154740844,2.72082893132687,100.601602323811,6.749332077628004,5,0.1444014345325847,0.1542292048878395,0.4210277511152165,reference,80.0,16.0,0.0,6.392224072594173,6.392224072594173,0.6,0.6,0.0,0.0,0,1,1,0
608,R0608,MARGINAL,PD,0.3208776304542784,1.3457896338582016,0.0369681467777356,0.0203553599060978,-86.72850141510314,7.748548154740844,2.72082893132687,100.601602323811,6.749332077628004,5,0.1444014345325847,0.1542292048878395,0.4210277511152165,backlash,40.0,16.0,0.0,4.44198611007773,6.802782687953339,1.0,0.8,2.3607965778756093,2.3607965778756093,1,1,1,0
608,R0608,MARGINAL,PD,0.3208776304542784,1.3457896338582016,0.0369681467777356,0.0203553599060978,-86.72850141510314,7.748548154740844,2.72082893132687,100.601602323811,6.749332077628004,5,0.1444014345325847,0.1542292048878395,0.4210277511152165,slew,80.0,1.0,0.0,0.8039673922088543,52.15519814752717,1.0,0.0,51.35123075531832,51.35123075531832,1,1,0,1
608,R0608,MARGINAL,PD,0.3208776304542784,1.3457896338582016,0.0369681467777356,0.0203553599060978,-86.72850141510314,7.748548154740844,2.72082893132687,100.601602323811,6.749332077628004,5,0.1444014345325847,0.1542292048878395,0.4210277511152165,latency,5.0,1.0,0.0,5.593723269173529,6.184626744185328,0.8,0.8,0.5909034750117996,0.5909034750117996,1,1,1,0
608,R0608,MARGINAL,PD,0.3208776304542784,1.3457896338582016,0.0369681467777356,0.0203553599060978,-86.72850141510314,7.748548154740844,2.72082893132687,100.601602323811,6.749332077628004,5,0.1444014345325847,0.1542292048878395,0.4210277511152165,deadband,5.0,1.0,0.0,6.021767120438451,6.184626744185328,0.8,0.8,0.16285962374687735,0.16285962374687735,1,1,1,0
608,R0608,MARGINAL,PD,0.3208776304542784,1.3457896338582016,0.0369681467777356,0.0203553599060978,-86.72850141510314,7.748548154740844,2.72082893132687,100.601602323811,6.749332077628004,5,0.1444014345325847,0.1542292048878395,0.4210277511152165,nonlinear_aero,80.0,16.0,0.0,6.37640850686368,6.392224072594173,0.6,0.6,0.015815565730492587,0.015815565730492587,1,1,1,0
608,R0608,MARGINAL,PD,0.3208776304542784,1.3457896338582016,0.0369681467777356,0.0203553599060978,-86.72850141510314,7.748548154740844,2.72082893132687,100.601602323811,6.749332077628004,5,0.1444014345325847,0.1542292048878395,0.4210277511152165,dyn_aero,5.0,1.0,0.0,5.102589042031394,6.184626744185328,0.8,0.8,1.0820377021539338,1.0820377021539338,1,1,1,0
608,R0608,MARGINAL,PD,0.3208776304542784,1.3457896338582016,0.0369681467777356,0.0203553599060978,-86.72850141510314,7.748548154740844,2.72082893132687,100.601602323811,6.749332077628004,5,0.1444014345325847,0.1542292048878395,0.4210277511152165,thrust_curve,5.0,1.0,0.0,4.259915206989351,6.184626744185328,1.0,0.8,1.9247115371959769,1.9247115371959769,1,1,1,0
608,R0608,MARGINAL,PD,0.3208776304542784,1.3457896338582016,0.0369681467777356,0.0203553599060978,-86.72850141510314,7.748548154740844,2.72082893132687,100.601602323811,6.749332077628004,5,0.1444014345325847,0.1542292048878395,0.4210277511152165,cg_shift,5.0,1.0,0.0,5.678852319543692,6.184626744185328,0.8,0.8,0.5057744246416362,0.5057744246416362,1,1,1,0
162,R0162,EASY,PD,0.0,1.6944183966576412,0.0340429585469787,-0.2105920233177491,-38.457067477682514,9.732829229973468,2.1988010488214216,41.27706463713396,3.701361512676459,3,0.0517105446301683,0.0498312347231806,0.3435601312233439,reference,5.0,1.0,0.0,4.104640438407769,4.104640438407769,0.8,0.8,0.0,0.0,0,1,1,0
162,R0162,EASY,PD,0.0,1.6944183966576412,0.0340429585469787,-0.2105920233177491,-38.457067477682514,9.732829229973468,2.1988010488214216,41.27706463713396,3.701361512676459,3,0.0517105446301683,0.0498312347231806,0.3435601312233439,backlash,80.0,32.0,0.0,3.3744322881476903,4.516267732667704,1.0,1.0,1.141835444520014,1.141835444520014,1,1,1,0
162,R0162,EASY,PD,0.0,1.6944183966576412,0.0340429585469787,-0.2105920233177491,-38.457067477682514,9.732829229973468,2.1988010488214216,41.27706463713396,3.701361512676459,3,0.0517105446301683,0.0498312347231806,0.3435601312233439,slew,40.0,1.0,0.0,0.8449916004397314,17.223652882730455,1.0,0.4,16.378661282290725,16.378661282290725,1,1,1,0
162,R0162,EASY,PD,0.0,1.6944183966576412,0.0340429585469787,-0.2105920233177491,-38.457067477682514,9.732829229973468,2.1988010488214216,41.27706463713396,3.701361512676459,3,0.0517105446301683,0.0498312347231806,0.3435601312233439,latency,80.0,16.0,0.0,4.826541331277116,5.093566812379423,0.8,0.8,0.2670254811023076,0.2670254811023076,1,1,1,0
162,R0162,EASY,PD,0.0,1.6944183966576412,0.0340429585469787,-0.2105920233177491,-38.457067477682514,9.732829229973468,2.1988010488214216,41.27706463713396,3.701361512676459,3,0.0517105446301683,0.0498312347231806,0.3435601312233439,deadband,15.0,8.0,0.0,4.432775812424181,4.3265006637399415,1.0,1.0,0.10627514868423926,-0.10627514868423926,0,1,1,0
162,R0162,EASY,PD,0.0,1.6944183966576412,0.0340429585469787,-0.2105920233177491,-38.457067477682514,9.732829229973468,2.1988010488214216,41.27706463713396,3.701361512676459,3,0.0517105446301683,0.0498312347231806,0.3435601312233439,nonlinear_aero,5.0,1.0,0.0,4.060984083651876,4.104640438407769,0.8,0.8,0.04365635475589258,0.04365635475589258,1,1,1,0
162,R0162,EASY,PD,0.0,1.6944183966576412,0.0340429585469787,-0.2105920233177491,-38.457067477682514,9.732829229973468,2.1988010488214216,41.27706463713396,3.701361512676459,3,0.0517105446301683,0.0498312347231806,0.3435601312233439,dyn_aero,5.0,1.0,0.0,3.859037532575467,4.104640438407769,0.8,0.8,0.2456029058323015,0.2456029058323015,1,1,1,0
162,R0162,EASY,PD,0.0,1.6944183966576412,0.0340429585469787,-0.2105920233177491,-38.457067477682514,9.732829229973468,2.1988010488214216,41.27706463713396,3.701361512676459,3,0.0517105446301683,0.0498312347231806,0.3435601312233439,thrust_curve,5.0,1.0,0.0,3.0721374464941666,4.104640438407769,1.0,0.8,1.032502991913602,1.032502991913602,1,1,1,0
162,R0162,EASY,PD,0.0,1.6944183966576412,0.0340429585469787,-0.2105920233177491,-38.457067477682514,9.732829229973468,2.1988010488214216,41.27706463713396,3.701361512676459,3,0.0517105446301683,0.0498312347231806,0.3435601312233439,cg_shift,5.0,1.0,0.0,4.552686175539033,4.104640438407769,0.8,0.8,0.44804573713126405,-0.44804573713126405,0,1,1,0
203,R0203,EASY,PD,0.0,1.730450841704437,0.0246244630296578,-0.1786803422193784,-83.14878192415567,12.560588531596377,2.8770241482516665,65.43360653694998,9.987543748530683,5,0.083301686004916,0.0434379150255101,0.1296560560684468,reference,5.0,1.0,0.0,4.25931682401303,4.25931682401303,0.8,0.8,0.0,0.0,0,1,1,0
203,R0203,EASY,PD,0.0,1.730450841704437,0.0246244630296578,-0.1786803422193784,-83.14878192415567,12.560588531596377,2.8770241482516665,65.43360653694998,9.987543748530683,5,0.083301686004916,0.0434379150255101,0.1296560560684468,backlash,40.0,8.0,0.0,4.055164312454162,4.773253978982646,0.8,0.8,0.7180896665284839,0.7180896665284839,1,1,1,0
203,R0203,EASY,PD,0.0,1.730450841704437,0.0246244630296578,-0.1786803422193784,-83.14878192415567,12.560588531596377,2.8770241482516665,65.43360653694998,9.987543748530683,5,0.083301686004916,0.0434379150255101,0.1296560560684468,slew,80.0,1.0,0.0,1.9811072713639923,36.9894248688734,1.0,0.0,35.008317597509404,35.008317597509404,1,1,0,1
203,R0203,EASY,PD,0.0,1.730450841704437,0.0246244630296578,-0.1786803422193784,-83.14878192415567,12.560588531596377,2.8770241482516665,65.43360653694998,9.987543748530683,5,0.083301686004916,0.0434379150255101,0.1296560560684468,latency,5.0,2.0,0.0,3.8134327397180767,4.0966439595209065,1.0,1.0,0.2832112198028298,0.2832112198028298,1,1,1,0
203,R0203,EASY,PD,0.0,1.730450841704437,0.0246244630296578,-0.1786803422193784,-83.14878192415567,12.560588531596377,2.8770241482516665,65.43360653694998,9.987543748530683,5,0.083301686004916,0.0434379150255101,0.1296560560684468,deadband,2.0,1.0,0.0,3.8101129178950117,4.710544452123559,1.0,1.0,0.9004315342285469,0.9004315342285469,1,1,1,0
203,R0203,EASY,PD,0.0,1.730450841704437,0.0246244630296578,-0.1786803422193784,-83.14878192415567,12.560588531596377,2.8770241482516665,65.43360653694998,9.987543748530683,5,0.083301686004916,0.0434379150255101,0.1296560560684468,nonlinear_aero,5.0,1.0,0.0,4.178627197153554,4.25931682401303,0.8,0.8,0.08068962685947678,0.08068962685947678,1,1,1,0
203,R0203,EASY,PD,0.0,1.730450841704437,0.0246244630296578,-0.1786803422193784,-83.14878192415567,12.560588531596377,2.8770241482516665,65.43360653694998,9.987543748530683,5,0.083301686004916,0.0434379150255101,0.1296560560684468,dyn_aero,40.0,8.0,0.0,4.436344043568566,4.773253978982646,0.8,0.8,0.3369099354140799,0.3369099354140799,1,1,1,0
203,R0203,EASY,PD,0.0,1.730450841704437,0.0246244630296578,-0.1786803422193784,-83.14878192415567,12.560588531596377,2.8770241482516665,65.43360653694998,9.987543748530683,5,0.083301686004916,0.0434379150255101,0.1296560560684468,thrust_curve,40.0,1.0,0.0,4.445309386395517,21.59284103768987,0.8,0.2,17.14753165129435,17.14753165129435,1,1,0,1
203,R0203,EASY,PD,0.0,1.730450841704437,0.0246244630296578,-0.1786803422193784,-83.14878192415567,12.560588531596377,2.8770241482516665,65.43360653694998,9.987543748530683,5,0.083301686004916,0.0434379150255101,0.1296560560684468,cg_shift,80.0,16.0,0.0,4.945829541674269,4.359522536423583,0.6,0.8,0.5863070052506858,-0.5863070052506858,0,1,1,0
190,R0190,EASY,PD,0.0,0.9799260265433476,0.0259385827361679,-0.2373794696439171,-57.57301190900177,13.425661154384995,1.5041543655331469,32.636035873316246,6.084632391323893,3,0.0494393878932655,0.0455103373415498,0.3075679702094157,reference,5.0,2.0,0.0,6.0813026026196395,6.0813026026196395,1.0,1.0,0.0,0.0,0,1,1,0
190,R0190,EASY,PD,0.0,0.9799260265433476,0.0259385827361679,-0.2373794696439171,-57.57301190900177,13.425661154384995,1.5041543655331469,32.636035873316246,6.084632391323893,3,0.0494393878932655,0.0455103373415498,0.3075679702094157,backlash,2.0,1.0,0.0,6.677806350647702,6.772252850517032,1.0,0.8,0.09444649986932951,0.09444649986932951,1,1,1,0
190,R0190,EASY,PD,0.0,0.9799260265433476,0.0259385827361679,-0.2373794696439171,-57.57301190900177,13.425661154384995,1.5041543655331469,32.636035873316246,6.084632391323893,3,0.0494393878932655,0.0455103373415498,0.3075679702094157,slew,80.0,1.0,0.0,0.5451961348908803,21.33743173854834,1.0,0.0,20.79223560365746,20.79223560365746,1,1,0,1
190,R0190,EASY,PD,0.0,0.9799260265433476,0.0259385827361679,-0.2373794696439171,-57.57301190900177,13.425661154384995,1.5041543655331469,32.636035873316246,6.084632391323893,3,0.0494393878932655,0.0455103373415498,0.3075679702094157,latency,2.0,1.0,0.0,6.491444445322349,6.772252850517032,1.0,0.8,0.28080840519468264,0.28080840519468264,1,1,1,0
190,R0190,EASY,PD,0.0,0.9799260265433476,0.0259385827361679,-0.2373794696439171,-57.57301190900177,13.425661154384995,1.5041543655331469,32.636035873316246,6.084632391323893,3,0.0494393878932655,0.0455103373415498,0.3075679702094157,deadband,2.0,1.0,0.0,6.348107349123891,6.772252850517032,1.0,0.8,0.42414550139314056,0.42414550139314056,1,1,1,0
190,R0190,EASY,PD,0.0,0.9799260265433476,0.0259385827361679,-0.2373794696439171,-57.57301190900177,13.425661154384995,1.5041543655331469,32.636035873316246,6.084632391323893,3,0.0494393878932655,0.0455103373415498,0.3075679702094157,nonlinear_aero,5.0,2.0,0.0,6.078223767831792,6.0813026026196395,1.0,1.0,0.0030788347878472067,0.0030788347878472067,1,1,1,0
190,R0190,EASY,PD,0.0,0.9799260265433476,0.0259385827361679,-0.2373794696439171,-57.57301190900177,13.425661154384995,1.5041543655331469,32.636035873316246,6.084632391323893,3,0.0494393878932655,0.0455103373415498,0.3075679702094157,dyn_aero,2.0,1.0,0.0,5.627067447384112,6.772252850517032,1.0,0.8,1.1451854031329196,1.1451854031329196,1,1,1,0
190,R0190,EASY,PD,0.0,0.9799260265433476,0.0259385827361679,-0.2373794696439171,-57.57301190900177,13.425661154384995,1.5041543655331469,32.636035873316246,6.084632391323893,3,0.0494393878932655,0.0455103373415498,0.3075679702094157,thrust_curve,40.0,16.0,0.0,6.7650502500241485,6.273851550732806,1.0,0.6,0.49119869929134286,-0.49119869929134286,0,1,1,0
190,R0190,EASY,PD,0.0,0.9799260265433476,0.0259385827361679,-0.2373794696439171,-57.57301190900177,13.425661154384995,1.5041543655331469,32.636035873316246,6.084632391323893,3,0.0494393878932655,0.0455103373415498,0.3075679702094157,cg_shift,2.0,1.0,0.0,6.410495636054302,6.772252850517032,1.0,0.8,0.3617572144627301,0.3617572144627301,1,1,1,0
97,R0097,EASY,PD,0.0,0.9966100650780638,0.0341819240888384,-0.1197326711221361,-69.92538190651857,6.544868090066808,1.1102525798527942,115.91722113491812,9.827214763201225,5,0.0947802652702319,0.0394858149029541,0.1185038012116809,reference,5.0,1.0,0.0,3.0537917414438103,3.0537917414438103,1.0,1.0,0.0,0.0,0,1,1,0
97,R0097,EASY,PD,0.0,0.9966100650780638,0.0341819240888384,-0.1197326711221361,-69.92538190651857,6.544868090066808,1.1102525798527942,115.91722113491812,9.827214763201225,5,0.0947802652702319,0.0394858149029541,0.1185038012116809,backlash,15.0,2.0,0.0,3.459893588046905,3.852124017726331,0.8,0.8,0.3922304296794259,0.3922304296794259,1,1,1,0
97,R0097,EASY,PD,0.0,0.9966100650780638,0.0341819240888384,-0.1197326711221361,-69.92538190651857,6.544868090066808,1.1102525798527942,115.91722113491812,9.827214763201225,5,0.0947802652702319,0.0394858149029541,0.1185038012116809,slew,80.0,1.0,0.0,0.3720563321441277,19.154611334783176,1.0,0.2,18.78255500263905,18.78255500263905,1,1,0,1
97,R0097,EASY,PD,0.0,0.9966100650780638,0.0341819240888384,-0.1197326711221361,-69.92538190651857,6.544868090066808,1.1102525798527942,115.91722113491812,9.827214763201225,5,0.0947802652702319,0.0394858149029541,0.1185038012116809,latency,15.0,2.0,0.0,3.7074354458265204,3.852124017726331,0.8,0.8,0.14468857189981055,0.14468857189981055,1,1,1,0
97,R0097,EASY,PD,0.0,0.9966100650780638,0.0341819240888384,-0.1197326711221361,-69.92538190651857,6.544868090066808,1.1102525798527942,115.91722113491812,9.827214763201225,5,0.0947802652702319,0.0394858149029541,0.1185038012116809,deadband,15.0,2.0,0.0,3.6667699586116536,3.852124017726331,0.8,0.8,0.1853540591146774,0.1853540591146774,1,1,1,0
97,R0097,EASY,PD,0.0,0.9966100650780638,0.0341819240888384,-0.1197326711221361,-69.92538190651857,6.544868090066808,1.1102525798527942,115.91722113491812,9.827214763201225,5,0.0947802652702319,0.0394858149029541,0.1185038012116809,nonlinear_aero,5.0,1.0,0.0,3.053724029113672,3.0537917414438103,1.0,1.0,6.771233013846967e-05,6.771233013846967e-05,1,1,1,0
97,R0097,EASY,PD,0.0,0.9966100650780638,0.0341819240888384,-0.1197326711221361,-69.92538190651857,6.544868090066808,1.1102525798527942,115.91722113491812,9.827214763201225,5,0.0947802652702319,0.0394858149029541,0.1185038012116809,dyn_aero,80.0,8.0,0.0,4.740716404764702,4.9960045500247565,0.8,0.8,0.25528814526005483,0.25528814526005483,1,1,1,0
97,R0097,EASY,PD,0.0,0.9966100650780638,0.0341819240888384,-0.1197326711221361,-69.92538190651857,6.544868090066808,1.1102525798527942,115.91722113491812,9.827214763201225,5,0.0947802652702319,0.0394858149029541,0.1185038012116809,thrust_curve,5.0,1.0,0.0,2.8833899659919426,3.0537917414438103,1.0,1.0,0.17040177545186763,0.17040177545186763,1,1,1,0
97,R0097,EASY,PD,0.0,0.9966100650780638,0.0341819240888384,-0.1197326711221361,-69.92538190651857,6.544868090066808,1.1102525798527942,115.91722113491812,9.827214763201225,5,0.0947802652702319,0.0394858149029541,0.1185038012116809,cg_shift,80.0,8.0,0.0,4.662875038058977,4.9960045500247565,0.8,0.8,0.33312951196577956,0.33312951196577956,1,1,1,0
371,R0371,EASY,PD,0.0,1.6882076933938923,0.0173748820534046,-0.0671424599720579,-81.73855011831068,8.09781777030671,2.4026940399232664,6.218306757993247,13.78409376380863,1,0.1493707934955832,0.2427190329512986,0.1901815979433614,reference,80.0,1.0,0.0,7.642139182197107,7.642139182197107,0.8,0.8,0.0,0.0,0,1,1,0
371,R0371,EASY,PD,0.0,1.6882076933938923,0.0173748820534046,-0.0671424599720579,-81.73855011831068,8.09781777030671,2.4026940399232664,6.218306757993247,13.78409376380863,1,0.1493707934955832,0.2427190329512986,0.1901815979433614,backlash,15.0,1.0,0.0,3.8196060517735075,8.346563927634982,1.0,0.8,4.526957875861474,4.526957875861474,1,1,1,0
371,R0371,EASY,PD,0.0,1.6882076933938923,0.0173748820534046,-0.0671424599720579,-81.73855011831068,8.09781777030671,2.4026940399232664,6.218306757993247,13.78409376380863,1,0.1493707934955832,0.2427190329512986,0.1901815979433614,slew,80.0,1.0,0.0,0.3659925156704224,7.642139182197107,1.0,0.8,7.276146666526685,7.276146666526685,1,1,1,0
371,R0371,EASY,PD,0.0,1.6882076933938923,0.0173748820534046,-0.0671424599720579,-81.73855011831068,8.09781777030671,2.4026940399232664,6.218306757993247,13.78409376380863,1,0.1493707934955832,0.2427190329512986,0.1901815979433614,latency,80.0,1.0,0.0,7.642139182197107,7.642139182197107,0.8,0.8,0.0,0.0,0,1,1,0
371,R0371,EASY,PD,0.0,1.6882076933938923,0.0173748820534046,-0.0671424599720579,-81.73855011831068,8.09781777030671,2.4026940399232664,6.218306757993247,13.78409376380863,1,0.1493707934955832,0.2427190329512986,0.1901815979433614,deadband,80.0,1.0,0.0,7.6163511235579335,7.642139182197107,0.8,0.8,0.025788058639173883,0.025788058639173883,1,1,1,0
371,R0371,EASY,PD,0.0,1.6882076933938923,0.0173748820534046,-0.0671424599720579,-81.73855011831068,8.09781777030671,2.4026940399232664,6.218306757993247,13.78409376380863,1,0.1493707934955832,0.2427190329512986,0.1901815979433614,nonlinear_aero,80.0,1.0,0.0,7.628135496694756,7.642139182197107,0.8,0.8,0.014003685502351537,0.014003685502351537,1,1,1,0
371,R0371,EASY,PD,0.0,1.6882076933938923,0.0173748820534046,-0.0671424599720579,-81.73855011831068,8.09781777030671,2.4026940399232664,6.218306757993247,13.78409376380863,1,0.1493707934955832,0.2427190329512986,0.1901815979433614,dyn_aero,80.0,1.0,0.0,6.4512856454120735,7.642139182197107,0.8,0.8,1.190853536785034,1.190853536785034,1,1,1,0
371,R0371,EASY,PD,0.0,1.6882076933938923,0.0173748820534046,-0.0671424599720579,-81.73855011831068,8.09781777030671,2.4026940399232664,6.218306757993247,13.78409376380863,1,0.1493707934955832,0.2427190329512986,0.1901815979433614,thrust_curve,80.0,1.0,0.0,8.25804580422904,7.642139182197107,0.8,0.8,0.6159066220319325,-0.6159066220319325,0,1,1,0
371,R0371,EASY,PD,0.0,1.6882076933938923,0.0173748820534046,-0.0671424599720579,-81.73855011831068,8.09781777030671,2.4026940399232664,6.218306757993247,13.78409376380863,1,0.1493707934955832,0.2427190329512986,0.1901815979433614,cg_shift,80.0,1.0,0.0,7.437174986136023,7.642139182197107,0.8,0.8,0.20496419606108418,0.20496419606108418,1,1,1,0
187,R0187,EASY,PD,0.0,1.3343104374694543,0.0169293903137013,-0.0202419766828708,-89.62680003282435,11.270289258639032,2.167116863140256,34.53083098288233,8.336691919003949,4,0.0580829053928296,0.0952649742388137,0.3833075024703156,reference,15.0,8.0,0.0,8.364208496763325,8.364208496763325,0.8,0.8,0.0,0.0,0,1,1,0
187,R0187,EASY,PD,0.0,1.3343104374694543,0.0169293903137013,-0.0202419766828708,-89.62680003282435,11.270289258639032,2.167116863140256,34.53083098288233,8.336691919003949,4,0.0580829053928296,0.0952649742388137,0.3833075024703156,backlash,2.0,1.0,0.0,6.45801979406968,9.083432010581747,1.0,1.0,2.625412216512067,2.625412216512067,1,1,1,0
187,R0187,EASY,PD,0.0,1.3343104374694543,0.0169293903137013,-0.0202419766828708,-89.62680003282435,11.270289258639032,2.167116863140256,34.53083098288233,8.336691919003949,4,0.0580829053928296,0.0952649742388137,0.3833075024703156,slew,80.0,1.0,0.0,1.2672696915421313,36.90628631216581,1.0,0.0,35.63901662062368,35.63901662062368,1,1,0,1
187,R0187,EASY,PD,0.0,1.3343104374694543,0.0169293903137013,-0.0202419766828708,-89.62680003282435,11.270289258639032,2.167116863140256,34.53083098288233,8.336691919003949,4,0.0580829053928296,0.0952649742388137,0.3833075024703156,latency,15.0,8.0,0.0,8.37549633712919,8.364208496763325,0.8,0.8,0.011287840365865165,-0.011287840365865165,0,1,1,0
187,R0187,EASY,PD,0.0,1.3343104374694543,0.0169293903137013,-0.0202419766828708,-89.62680003282435,11.270289258639032,2.167116863140256,34.53083098288233,8.336691919003949,4,0.0580829053928296,0.0952649742388137,0.3833075024703156,deadband,15.0,8.0,0.0,8.369094666651506,8.364208496763325,0.8,0.8,0.0048861698881808024,-0.0048861698881808024,0,1,1,0
187,R0187,EASY,PD,0.0,1.3343104374694543,0.0169293903137013,-0.0202419766828708,-89.62680003282435,11.270289258639032,2.167116863140256,34.53083098288233,8.336691919003949,4,0.0580829053928296,0.0952649742388137,0.3833075024703156,nonlinear_aero,15.0,8.0,0.0,8.3612884033677,8.364208496763325,0.8,0.8,0.0029200933956250452,0.0029200933956250452,1,1,1,0
187,R0187,EASY,PD,0.0,1.3343104374694543,0.0169293903137013,-0.0202419766828708,-89.62680003282435,11.270289258639032,2.167116863140256,34.53083098288233,8.336691919003949,4,0.0580829053928296,0.0952649742388137,0.3833075024703156,dyn_aero,15.0,8.0,0.0,7.229639545077691,8.364208496763325,0.8,0.8,1.134568951685634,1.134568951685634,1,1,1,0
187,R0187,EASY,PD,0.0,1.3343104374694543,0.0169293903137013,-0.0202419766828708,-89.62680003282435,11.270289258639032,2.167116863140256,34.53083098288233,8.336691919003949,4,0.0580829053928296,0.0952649742388137,0.3833075024703156,thrust_curve,40.0,16.0,0.0,11.54345877640353,9.036371732989362,0.8,0.6,2.5070870434141668,-2.5070870434141668,0,1,1,0
187,R0187,EASY,PD,0.0,1.3343104374694543,0.0169293903137013,-0.0202419766828708,-89.62680003282435,11.270289258639032,2.167116863140256,34.53083098288233,8.336691919003949,4,0.0580829053928296,0.0952649742388137,0.3833075024703156,cg_shift,15.0,8.0,0.0,7.825770379803723,8.364208496763325,0.8,0.8,0.5384381169596022,0.5384381169596022,1,1,1,0
798,R0798,EASY,PD,0.0,2.079785791269182,0.0225582096674639,-0.0597463848298248,-45.77160203755059,6.602294900731891,2.729671013626081,69.31809056697465,3.149836073876088,4,0.0050485870922201,0.1960403158796428,0.0742483654323452,reference,80.0,32.0,0.0,4.302491230554018,4.302491230554018,1.0,1.0,0.0,0.0,0,1,1,0
798,R0798,EASY,PD,0.0,2.079785791269182,0.0225582096674639,-0.0597463848298248,-45.77160203755059,6.602294900731891,2.729671013626081,69.31809056697465,3.149836073876088,4,0.0050485870922201,0.1960403158796428,0.0742483654323452,backlash,80.0,8.0,0.0,5.777441902245191,8.362900255001684,0.8,0.4,2.5854583527564925,2.5854583527564925,1,1,1,0
798,R0798,EASY,PD,0.0,2.079785791269182,0.0225582096674639,-0.0597463848298248,-45.77160203755059,6.602294900731891,2.729671013626081,69.31809056697465,3.149836073876088,4,0.0050485870922201,0.1960403158796428,0.0742483654323452,slew,40.0,1.0,0.0,1.307493829599594,33.85617750648493,1.0,0.0,32.54868367688534,32.54868367688534,1,1,0,1
798,R0798,EASY,PD,0.0,2.079785791269182,0.0225582096674639,-0.0597463848298248,-45.77160203755059,6.602294900731891,2.729671013626081,69.31809056697465,3.149836073876088,4,0.0050485870922201,0.1960403158796428,0.0742483654323452,latency,40.0,16.0,0.0,4.976756391502208,6.217879228185405,1.0,0.8,1.2411228366831963,1.2411228366831963,1,1,1,0
798,R0798,EASY,PD,0.0,2.079785791269182,0.0225582096674639,-0.0597463848298248,-45.77160203755059,6.602294900731891,2.729671013626081,69.31809056697465,3.149836073876088,4,0.0050485870922201,0.1960403158796428,0.0742483654323452,deadband,80.0,32.0,0.0,4.302491230554018,4.302491230554018,1.0,1.0,0.0,0.0,0,1,1,0
798,R0798,EASY,PD,0.0,2.079785791269182,0.0225582096674639,-0.0597463848298248,-45.77160203755059,6.602294900731891,2.729671013626081,69.31809056697465,3.149836073876088,4,0.0050485870922201,0.1960403158796428,0.0742483654323452,nonlinear_aero,80.0,32.0,0.0,4.3763183628257964,4.302491230554018,1.0,1.0,0.07382713227177806,-0.07382713227177806,0,1,1,0
798,R0798,EASY,PD,0.0,2.079785791269182,0.0225582096674639,-0.0597463848298248,-45.77160203755059,6.602294900731891,2.729671013626081,69.31809056697465,3.149836073876088,4,0.0050485870922201,0.1960403158796428,0.0742483654323452,dyn_aero,40.0,32.0,0.0,4.23739729715683,6.458751778375164,0.8,1.0,2.2213544812183335,2.2213544812183335,1,1,1,0
798,R0798,EASY,PD,0.0,2.079785791269182,0.0225582096674639,-0.0597463848298248,-45.77160203755059,6.602294900731891,2.729671013626081,69.31809056697465,3.149836073876088,4,0.0050485870922201,0.1960403158796428,0.0742483654323452,thrust_curve,80.0,16.0,0.0,4.601539843392746,7.198328888372844,0.6,0.8,2.596789044980098,2.596789044980098,1,1,1,0
798,R0798,EASY,PD,0.0,2.079785791269182,0.0225582096674639,-0.0597463848298248,-45.77160203755059,6.602294900731891,2.729671013626081,69.31809056697465,3.149836073876088,4,0.0050485870922201,0.1960403158796428,0.0742483654323452,cg_shift,15.0,8.0,0.0,4.400206074558303,6.105586197819283,0.8,1.0,1.70538012326098,1.70538012326098,1,1,1,0
683,R0683,EASY,PD,0.0,1.0653745675962714,0.0226517230135723,-0.1753459724770565,-63.09998796992982,8.905745198050587,2.1205675021100885,27.98870022034281,13.263561498579143,5,0.102697815351615,0.101000242721826,0.1113221993727338,reference,80.0,8.0,0.0,3.5831155842276616,3.5831155842276616,0.8,0.8,0.0,0.0,0,1,1,0
683,R0683,EASY,PD,0.0,1.0653745675962714,0.0226517230135723,-0.1753459724770565,-63.09998796992982,8.905745198050587,2.1205675021100885,27.98870022034281,13.263561498579143,5,0.102697815351615,0.101000242721826,0.1113221993727338,backlash,5.0,1.0,0.0,3.5982735793663023,4.302016863182974,1.0,1.0,0.7037432838166717,0.7037432838166717,1,1,1,0
683,R0683,EASY,PD,0.0,1.0653745675962714,0.0226517230135723,-0.1753459724770565,-63.09998796992982,8.905745198050587,2.1205675021100885,27.98870022034281,13.263561498579143,5,0.102697815351615,0.101000242721826,0.1113221993727338,slew,80.0,1.0,0.0,1.8463358086335493,15.226210032742852,1.0,0.0,13.379874224109303,13.379874224109303,1,1,0,1
683,R0683,EASY,PD,0.0,1.0653745675962714,0.0226517230135723,-0.1753459724770565,-63.09998796992982,8.905745198050587,2.1205675021100885,27.98870022034281,13.263561498579143,5,0.102697815351615,0.101000242721826,0.1113221993727338,latency,80.0,8.0,0.0,3.5376380996524333,3.5831155842276616,0.8,0.8,0.04547748457522838,0.04547748457522838,1,1,1,0
683,R0683,EASY,PD,0.0,1.0653745675962714,0.0226517230135723,-0.1753459724770565,-63.09998796992982,8.905745198050587,2.1205675021100885,27.98870022034281,13.263561498579143,5,0.102697815351615,0.101000242721826,0.1113221993727338,deadband,80.0,8.0,0.0,3.557637177408668,3.5831155842276616,0.8,0.8,0.025478406818993715,0.025478406818993715,1,1,1,0
683,R0683,EASY,PD,0.0,1.0653745675962714,0.0226517230135723,-0.1753459724770565,-63.09998796992982,8.905745198050587,2.1205675021100885,27.98870022034281,13.263561498579143,5,0.102697815351615,0.101000242721826,0.1113221993727338,nonlinear_aero,80.0,8.0,0.0,3.5832978436005414,3.5831155842276616,0.8,0.8,0.00018225937287974503,-0.00018225937287974503,0,1,1,0
683,R0683,EASY,PD,0.0,1.0653745675962714,0.0226517230135723,-0.1753459724770565,-63.09998796992982,8.905745198050587,2.1205675021100885,27.98870022034281,13.263561498579143,5,0.102697815351615,0.101000242721826,0.1113221993727338,dyn_aero,15.0,2.0,0.0,2.690399248464563,3.7948469698699343,1.0,1.0,1.1044477214053714,1.1044477214053714,1,1,1,0
683,R0683,EASY,PD,0.0,1.0653745675962714,0.0226517230135723,-0.1753459724770565,-63.09998796992982,8.905745198050587,2.1205675021100885,27.98870022034281,13.263561498579143,5,0.102697815351615,0.101000242721826,0.1113221993727338,thrust_curve,40.0,2.0,0.0,3.585126806614227,5.498376616536339,0.8,0.6,1.913249809922112,1.913249809922112,1,1,1,0
683,R0683,EASY,PD,0.0,1.0653745675962714,0.0226517230135723,-0.1753459724770565,-63.09998796992982,8.905745198050587,2.1205675021100885,27.98870022034281,13.263561498579143,5,0.102697815351615,0.101000242721826,0.1113221993727338,cg_shift,40.0,8.0,0.0,3.787567207335499,3.980995543454104,1.0,1.0,0.19342833611860488,0.19342833611860488,1,1,1,0
942,R0942,EASY,PD,0.0,1.4556669526299393,0.0214673720039754,-0.0466642779582757,-63.44538492552529,9.710872357340664,1.0065999629679494,62.01457303939474,3.320582397049451,4,0.01912899740576,0.1346535052225412,0.1208300201528891,reference,5.0,2.0,0.0,4.134223039379966,4.134223039379966,1.0,1.0,0.0,0.0,0,1,1,0
942,R0942,EASY,PD,0.0,1.4556669526299393,0.0214673720039754,-0.0466642779582757,-63.44538492552529,9.710872357340664,1.0065999629679494,62.01457303939474,3.320582397049451,4,0.01912899740576,0.1346535052225412,0.1208300201528891,backlash,40.0,1.0,0.0,12.096355728062699,20.35761792549068,0.6,0.0,8.26126219742798,8.26126219742798,1,1,0,1
942,R0942,EASY,PD,0.0,1.4556669526299393,0.0214673720039754,-0.0466642779582757,-63.44538492552529,9.710872357340664,1.0065999629679494,62.01457303939474,3.320582397049451,4,0.01912899740576,0.1346535052225412,0.1208300201528891,slew,80.0,1.0,0.0,0.8212686127437857,31.9820885363387,1.0,0.0,31.160819923594914,31.160819923594914,1,1,0,1
942,R0942,EASY,PD,0.0,1.4556669526299393,0.0214673720039754,-0.0466642779582757,-63.44538492552529,9.710872357340664,1.0065999629679494,62.01457303939474,3.320582397049451,4,0.01912899740576,0.1346535052225412,0.1208300201528891,latency,15.0,8.0,0.0,4.620705107993622,5.328896069836698,1.0,1.0,0.7081909618430755,0.7081909618430755,1,1,1,0
942,R0942,EASY,PD,0.0,1.4556669526299393,0.0214673720039754,-0.0466642779582757,-63.44538492552529,9.710872357340664,1.0065999629679494,62.01457303939474,3.320582397049451,4,0.01912899740576,0.1346535052225412,0.1208300201528891,deadband,5.0,2.0,0.0,4.17270080981709,4.134223039379966,1.0,1.0,0.038477770437123304,-0.038477770437123304,0,1,1,0
942,R0942,EASY,PD,0.0,1.4556669526299393,0.0214673720039754,-0.0466642779582757,-63.44538492552529,9.710872357340664,1.0065999629679494,62.01457303939474,3.320582397049451,4,0.01912899740576,0.1346535052225412,0.1208300201528891,nonlinear_aero,5.0,2.0,0.0,4.134223039379963,4.134223039379966,1.0,1.0,3.552713678800501e-15,3.552713678800501e-15,1,1,1,0
942,R0942,EASY,PD,0.0,1.4556669526299393,0.0214673720039754,-0.0466642779582757,-63.44538492552529,9.710872357340664,1.0065999629679494,62.01457303939474,3.320582397049451,4,0.01912899740576,0.1346535052225412,0.1208300201528891,dyn_aero,5.0,1.0,0.0,4.319473586046913,4.4819672411388005,0.8,0.8,0.16249365509188785,0.16249365509188785,1,1,1,0
942,R0942,EASY,PD,0.0,1.4556669526299393,0.0214673720039754,-0.0466642779582757,-63.44538492552529,9.710872357340664,1.0065999629679494,62.01457303939474,3.320582397049451,4,0.01912899740576,0.1346535052225412,0.1208300201528891,thrust_curve,5.0,1.0,0.0,4.203254678167021,4.4819672411388005,0.8,0.8,0.27871256297177993,0.27871256297177993,1,1,1,0
942,R0942,EASY,PD,0.0,1.4556669526299393,0.0214673720039754,-0.0466642779582757,-63.44538492552529,9.710872357340664,1.0065999629679494,62.01457303939474,3.320582397049451,4,0.01912899740576,0.1346535052225412,0.1208300201528891,cg_shift,5.0,2.0,0.0,4.486648302870286,4.134223039379966,1.0,1.0,0.35242526349031955,-0.35242526349031955,0,1,1,0
765,R0765,EASY,PD,0.0,1.313952330157046,0.0248081080469255,-0.193960671430729,-27.37092987666147,8.996338951738595,1.1450844874112067,84.03483336744982,9.150089796098388,2,0.1014032574536099,0.0781674439949092,0.1656153885715081,reference,15.0,1.0,0.0,5.547481125363102,5.547481125363102,0.8,0.8,0.0,0.0,0,1,1,0
765,R0765,EASY,PD,0.0,1.313952330157046,0.0248081080469255,-0.193960671430729,-27.37092987666147,8.996338951738595,1.1450844874112067,84.03483336744982,9.150089796098388,2,0.1014032574536099,0.0781674439949092,0.1656153885715081,backlash,40.0,8.0,0.0,3.4774648930237477,4.45556110808093,1.0,0.8,0.9780962150571826,0.9780962150571826,1,1,1,0
765,R0765,EASY,PD,0.0,1.313952330157046,0.0248081080469255,-0.193960671430729,-27.37092987666147,8.996338951738595,1.1450844874112067,84.03483336744982,9.150089796098388,2,0.1014032574536099,0.0781674439949092,0.1656153885715081,slew,80.0,1.0,0.0,0.4018783655875283,24.169748854827013,1.0,0.0,23.767870489239485,23.767870489239485,1,1,0,1
765,R0765,EASY,PD,0.0,1.313952330157046,0.0248081080469255,-0.193960671430729,-27.37092987666147,8.996338951738595,1.1450844874112067,84.03483336744982,9.150089796098388,2,0.1014032574536099,0.0781674439949092,0.1656153885715081,latency,15.0,1.0,0.0,5.627913174364006,5.547481125363102,0.8,0.8,0.08043204900090473,-0.08043204900090473,0,1,1,0
765,R0765,EASY,PD,0.0,1.313952330157046,0.0248081080469255,-0.193960671430729,-27.37092987666147,8.996338951738595,1.1450844874112067,84.03483336744982,9.150089796098388,2,0.1014032574536099,0.0781674439949092,0.1656153885715081,deadband,15.0,1.0,0.0,5.558915650597055,5.547481125363102,0.8,0.8,0.011434525233953607,-0.011434525233953607,0,1,1,0
765,R0765,EASY,PD,0.0,1.313952330157046,0.0248081080469255,-0.193960671430729,-27.37092987666147,8.996338951738595,1.1450844874112067,84.03483336744982,9.150089796098388,2,0.1014032574536099,0.0781674439949092,0.1656153885715081,nonlinear_aero,15.0,1.0,0.0,5.546122962929681,5.547481125363102,0.8,0.8,0.0013581624334202402,0.0013581624334202402,1,1,1,0
765,R0765,EASY,PD,0.0,1.313952330157046,0.0248081080469255,-0.193960671430729,-27.37092987666147,8.996338951738595,1.1450844874112067,84.03483336744982,9.150089796098388,2,0.1014032574536099,0.0781674439949092,0.1656153885715081,dyn_aero,15.0,1.0,0.0,5.731382333917031,5.547481125363102,0.8,0.8,0.18390120855392933,-0.18390120855392933,0,1,1,0
765,R0765,EASY,PD,0.0,1.313952330157046,0.0248081080469255,-0.193960671430729,-27.37092987666147,8.996338951738595,1.1450844874112067,84.03483336744982,9.150089796098388,2,0.1014032574536099,0.0781674439949092,0.1656153885715081,thrust_curve,15.0,1.0,0.0,5.427094982935685,5.547481125363102,0.8,0.8,0.12038614242741641,0.12038614242741641,1,1,1,0
765,R0765,EASY,PD,0.0,1.313952330157046,0.0248081080469255,-0.193960671430729,-27.37092987666147,8.996338951738595,1.1450844874112067,84.03483336744982,9.150089796098388,2,0.1014032574536099,0.0781674439949092,0.1656153885715081,cg_shift,80.0,8.0,0.0,5.388670807430655,5.554185052609987,0.8,0.6,0.1655142451793319,0.1655142451793319,1,1,1,0
109,R0109,EASY,PD,0.2751776672950383,1.13078502147505,0.0320820935550844,0.0399367413125176,-28.05549347145116,10.26210556496289,1.4902309187351837,68.16206688917737,10.33509584410534,2,0.0375893020398715,0.0438547835653695,0.4398268926150289,reference,2.0,1.0,0.0,5.932922049048608,5.932922049048608,1.0,1.0,0.0,0.0,0,1,1,0
109,R0109,EASY,PD,0.2751776672950383,1.13078502147505,0.0320820935550844,0.0399367413125176,-28.05549347145116,10.26210556496289,1.4902309187351837,68.16206688917737,10.33509584410534,2,0.0375893020398715,0.0438547835653695,0.4398268926150289,backlash,2.0,1.0,0.0,6.8607402548235425,5.932922049048608,1.0,1.0,0.9278182057749342,-0.9278182057749342,0,1,1,0
109,R0109,EASY,PD,0.2751776672950383,1.13078502147505,0.0320820935550844,0.0399367413125176,-28.05549347145116,10.26210556496289,1.4902309187351837,68.16206688917737,10.33509584410534,2,0.0375893020398715,0.0438547835653695,0.4398268926150289,slew,80.0,1.0,0.0,0.3584912361719336,20.694805845888517,1.0,0.0,20.336314609716585,20.336314609716585,1,1,0,1
109,R0109,EASY,PD,0.2751776672950383,1.13078502147505,0.0320820935550844,0.0399367413125176,-28.05549347145116,10.26210556496289,1.4902309187351837,68.16206688917737,10.33509584410534,2,0.0375893020398715,0.0438547835653695,0.4398268926150289,latency,2.0,1.0,0.0,7.209861736146896,5.932922049048608,1.0,1.0,1.276939687098288,-1.276939687098288,0,1,1,0
109,R0109,EASY,PD,0.2751776672950383,1.13078502147505,0.0320820935550844,0.0399367413125176,-28.05549347145116,10.26210556496289,1.4902309187351837,68.16206688917737,10.33509584410534,2,0.0375893020398715,0.0438547835653695,0.4398268926150289,deadband,40.0,8.0,0.0,6.697031898798561,6.681049453237334,0.4,0.4,0.015982445561227188,-0.015982445561227188,0,1,1,0
109,R0109,EASY,PD,0.2751776672950383,1.13078502147505,0.0320820935550844,0.0399367413125176,-28.05549347145116,10.26210556496289,1.4902309187351837,68.16206688917737,10.33509584410534,2,0.0375893020398715,0.0438547835653695,0.4398268926150289,nonlinear_aero,2.0,1.0,0.0,5.9337690821599764,5.932922049048608,1.0,1.0,0.000847033111368134,-0.000847033111368134,0,1,1,0
109,R0109,EASY,PD,0.2751776672950383,1.13078502147505,0.0320820935550844,0.0399367413125176,-28.05549347145116,10.26210556496289,1.4902309187351837,68.16206688917737,10.33509584410534,2,0.0375893020398715,0.0438547835653695,0.4398268926150289,dyn_aero,2.0,1.0,0.0,6.502392997653905,5.932922049048608,1.0,1.0,0.5694709486052965,-0.5694709486052965,0,1,1,0
109,R0109,EASY,PD,0.2751776672950383,1.13078502147505,0.0320820935550844,0.0399367413125176,-28.05549347145116,10.26210556496289,1.4902309187351837,68.16206688917737,10.33509584410534,2,0.0375893020398715,0.0438547835653695,0.4398268926150289,thrust_curve,2.0,1.0,0.0,7.131618501814955,5.932922049048608,0.8,1.0,1.198696452766347,-1.198696452766347,0,1,1,0
109,R0109,EASY,PD,0.2751776672950383,1.13078502147505,0.0320820935550844,0.0399367413125176,-28.05549347145116,10.26210556496289,1.4902309187351837,68.16206688917737,10.33509584410534,2,0.0375893020398715,0.0438547835653695,0.4398268926150289,cg_shift,2.0,1.0,0.0,7.002446177791657,5.932922049048608,1.0,1.0,1.0695241287430486,-1.0695241287430486,0,1,1,0
358,R0358,EASY,PD,1.7614734750755685,1.4845850066755075,0.0386099476420044,0.1700140130976188,-38.34861080624805,9.105765634264616,1.2314459623848046,70.41493720408923,9.275998386475642,5,0.0114205912732071,0.2014763907563551,0.4019413265783261,reference,40.0,16.0,0.0,4.895645055406719,4.895645055406719,1.0,1.0,0.0,0.0,0,1,1,0
358,R0358,EASY,PD,1.7614734750755685,1.4845850066755075,0.0386099476420044,0.1700140130976188,-38.34861080624805,9.105765634264616,1.2314459623848046,70.41493720408923,9.275998386475642,5,0.0114205912732071,0.2014763907563551,0.4019413265783261,backlash,2.0,1.0,0.0,5.009759648876111,6.674576016736978,1.0,0.8,1.6648163678608672,1.6648163678608672,1,1,1,0
358,R0358,EASY,PD,1.7614734750755685,1.4845850066755075,0.0386099476420044,0.1700140130976188,-38.34861080624805,9.105765634264616,1.2314459623848046,70.41493720408923,9.275998386475642,5,0.0114205912732071,0.2014763907563551,0.4019413265783261,slew,80.0,1.0,0.0,0.40990299415194753,16.458108673237327,1.0,0.2,16.048205679085378,16.048205679085378,1,1,0,1
358,R0358,EASY,PD,1.7614734750755685,1.4845850066755075,0.0386099476420044,0.1700140130976188,-38.34861080624805,9.105765634264616,1.2314459623848046,70.41493720408923,9.275998386475642,5,0.0114205912732071,0.2014763907563551,0.4019413265783261,latency,80.0,32.0,0.0,4.959277084809184,5.152928505357848,1.0,1.0,0.19365142054866435,0.19365142054866435,1,1,1,0
358,R0358,EASY,PD,1.7614734750755685,1.4845850066755075,0.0386099476420044,0.1700140130976188,-38.34861080624805,9.105765634264616,1.2314459623848046,70.41493720408923,9.275998386475642,5,0.0114205912732071,0.2014763907563551,0.4019413265783261,deadband,40.0,16.0,0.0,4.86848473133024,4.895645055406719,1.0,1.0,0.027160324076478837,0.027160324076478837,1,1,1,0
358,R0358,EASY,PD,1.7614734750755685,1.4845850066755075,0.0386099476420044,0.1700140130976188,-38.34861080624805,9.105765634264616,1.2314459623848046,70.41493720408923,9.275998386475642,5,0.0114205912732071,0.2014763907563551,0.4019413265783261,nonlinear_aero,40.0,16.0,0.0,4.901226669035497,4.895645055406719,1.0,1.0,0.005581613628777404,-0.005581613628777404,0,1,1,0
358,R0358,EASY,PD,1.7614734750755685,1.4845850066755075,0.0386099476420044,0.1700140130976188,-38.34861080624805,9.105765634264616,1.2314459623848046,70.41493720408923,9.275998386475642,5,0.0114205912732071,0.2014763907563551,0.4019413265783261,dyn_aero,80.0,32.0,0.0,4.9689539276960994,5.152928505357848,1.0,1.0,0.18397457766174874,0.18397457766174874,1,1,1,0
358,R0358,EASY,PD,1.7614734750755685,1.4845850066755075,0.0386099476420044,0.1700140130976188,-38.34861080624805,9.105765634264616,1.2314459623848046,70.41493720408923,9.275998386475642,5,0.0114205912732071,0.2014763907563551,0.4019413265783261,thrust_curve,40.0,16.0,0.0,5.592444917647706,4.895645055406719,1.0,1.0,0.6967998622409866,-0.6967998622409866,0,1,1,0
358,R0358,EASY,PD,1.7614734750755685,1.4845850066755075,0.0386099476420044,0.1700140130976188,-38.34861080624805,9.105765634264616,1.2314459623848046,70.41493720408923,9.275998386475642,5,0.0114205912732071,0.2014763907563551,0.4019413265783261,cg_shift,5.0,1.0,0.0,5.085144183773214,5.131455227573388,1.0,1.0,0.04631104380017348,0.04631104380017348,1,1,1,0
192,R0192,EASY,PD,2.801273287130834,1.2231730472846896,0.0396036249882347,0.2075709672647518,-50.15234687178318,8.946448979618573,1.2413768571336234,62.447315162946026,7.272549475811312,4,0.1009224191592694,0.2309311763349373,0.1060751854018322,reference,5.0,1.0,0.0,2.3071387571993496,2.3071387571993496,1.0,1.0,0.0,0.0,0,1,1,0
192,R0192,EASY,PD,2.801273287130834,1.2231730472846896,0.0396036249882347,0.2075709672647518,-50.15234687178318,8.946448979618573,1.2413768571336234,62.447315162946026,7.272549475811312,4,0.1009224191592694,0.2309311763349373,0.1060751854018322,backlash,80.0,8.0,0.0,3.0168666622617004,3.5278520831284306,0.8,0.6,0.5109854208667302,0.5109854208667302,1,1,1,0
192,R0192,EASY,PD,2.801273287130834,1.2231730472846896,0.0396036249882347,0.2075709672647518,-50.15234687178318,8.946448979618573,1.2413768571336234,62.447315162946026,7.272549475811312,4,0.1009224191592694,0.2309311763349373,0.1060751854018322,slew,80.0,1.0,0.0,0.5761084635605316,6.974539216520883,1.0,0.6,6.398430752960351,6.398430752960351,1,1,1,0
192,R0192,EASY,PD,2.801273287130834,1.2231730472846896,0.0396036249882347,0.2075709672647518,-50.15234687178318,8.946448979618573,1.2413768571336234,62.447315162946026,7.272549475811312,4,0.1009224191592694,0.2309311763349373,0.1060751854018322,latency,5.0,1.0,0.0,2.366124204895413,2.3071387571993496,1.0,1.0,0.05898544769606362,-0.05898544769606362,0,1,1,0
192,R0192,EASY,PD,2.801273287130834,1.2231730472846896,0.0396036249882347,0.2075709672647518,-50.15234687178318,8.946448979618573,1.2413768571336234,62.447315162946026,7.272549475811312,4,0.1009224191592694,0.2309311763349373,0.1060751854018322,deadband,2.0,1.0,0.0,2.674685719218957,2.7761614727048185,1.0,1.0,0.10147575348586146,0.10147575348586146,1,1,1,0
192,R0192,EASY,PD,2.801273287130834,1.2231730472846896,0.0396036249882347,0.2075709672647518,-50.15234687178318,8.946448979618573,1.2413768571336234,62.447315162946026,7.272549475811312,4,0.1009224191592694,0.2309311763349373,0.1060751854018322,nonlinear_aero,5.0,1.0,0.0,2.3072227396910177,2.3071387571993496,1.0,1.0,8.398249166807759e-05,-8.398249166807759e-05,0,1,1,0
192,R0192,EASY,PD,2.801273287130834,1.2231730472846896,0.0396036249882347,0.2075709672647518,-50.15234687178318,8.946448979618573,1.2413768571336234,62.447315162946026,7.272549475811312,4,0.1009224191592694,0.2309311763349373,0.1060751854018322,dyn_aero,80.0,8.0,0.0,2.3788540484415077,3.5278520831284306,1.0,0.6,1.1489980346869229,1.1489980346869229,1,1,1,0
192,R0192,EASY,PD,2.801273287130834,1.2231730472846896,0.0396036249882347,0.2075709672647518,-50.15234687178318,8.946448979618573,1.2413768571336234,62.447315162946026,7.272549475811312,4,0.1009224191592694,0.2309311763349373,0.1060751854018322,thrust_curve,5.0,1.0,0.0,2.272102491375783,2.3071387571993496,1.0,1.0,0.03503626582356656,0.03503626582356656,1,1,1,0
192,R0192,EASY,PD,2.801273287130834,1.2231730472846896,0.0396036249882347,0.2075709672647518,-50.15234687178318,8.946448979618573,1.2413768571336234,62.447315162946026,7.272549475811312,4,0.1009224191592694,0.2309311763349373,0.1060751854018322,cg_shift,5.0,1.0,0.0,2.4196967014765933,2.3071387571993496,1.0,1.0,0.11255794427724375,-0.11255794427724375,0,1,1,0
1149,R1149,EASY,PD,1.8101300958666964,1.6601856244438742,0.0371686468317783,0.1775167354800272,-48.41947288518425,8.475741536532658,2.0267398483987016,45.47074193410606,3.632674702675111,5,0.0629031054174891,0.1044887452223368,0.2280960449417002,reference,5.0,1.0,0.0,4.3591526835082135,4.3591526835082135,0.8,0.8,0.0,0.0,0,1,1,0
1149,R1149,EASY,PD,1.8101300958666964,1.6601856244438742,0.0371686468317783,0.1775167354800272,-48.41947288518425,8.475741536532658,2.0267398483987016,45.47074193410606,3.632674702675111,5,0.0629031054174891,0.1044887452223368,0.2280960449417002,backlash,80.0,32.0,0.0,3.5760662542698065,5.405991024353677,1.0,1.0,1.8299247700838701,1.8299247700838701,1,1,1,0
1149,R1149,EASY,PD,1.8101300958666964,1.6601856244438742,0.0371686468317783,0.1775167354800272,-48.41947288518425,8.475741536532658,2.0267398483987016,45.47074193410606,3.632674702675111,5,0.0629031054174891,0.1044887452223368,0.2280960449417002,slew,80.0,1.0,0.0,0.9398177546849411,31.293691682821702,1.0,0.0,30.35387392813676,30.35387392813676,1,1,0,1
1149,R1149,EASY,PD,1.8101300958666964,1.6601856244438742,0.0371686468317783,0.1775167354800272,-48.41947288518425,8.475741536532658,2.0267398483987016,45.47074193410606,3.632674702675111,5,0.0629031054174891,0.1044887452223368,0.2280960449417002,latency,15.0,2.0,0.0,5.596858591535839,5.413540519383152,0.8,0.4,0.18331807215268725,-0.18331807215268725,0,1,1,0
1149,R1149,EASY,PD,1.8101300958666964,1.6601856244438742,0.0371686468317783,0.1775167354800272,-48.41947288518425,8.475741536532658,2.0267398483987016,45.47074193410606,3.632674702675111,5,0.0629031054174891,0.1044887452223368,0.2280960449417002,deadband,5.0,1.0,0.0,3.875964815241145,4.3591526835082135,0.8,0.8,0.4831878682670685,0.4831878682670685,1,1,1,0
1149,R1149,EASY,PD,1.8101300958666964,1.6601856244438742,0.0371686468317783,0.1775167354800272,-48.41947288518425,8.475741536532658,2.0267398483987016,45.47074193410606,3.632674702675111,5,0.0629031054174891,0.1044887452223368,0.2280960449417002,nonlinear_aero,5.0,1.0,0.0,4.384035937842722,4.3591526835082135,0.8,0.8,0.02488325433450811,-0.02488325433450811,0,1,1,0
1149,R1149,EASY,PD,1.8101300958666964,1.6601856244438742,0.0371686468317783,0.1775167354800272,-48.41947288518425,8.475741536532658,2.0267398483987016,45.47074193410606,3.632674702675111,5,0.0629031054174891,0.1044887452223368,0.2280960449417002,dyn_aero,5.0,1.0,0.0,4.186103075624503,4.3591526835082135,0.8,0.8,0.17304960788371027,0.17304960788371027,1,1,1,0
1149,R1149,EASY,PD,1.8101300958666964,1.6601856244438742,0.0371686468317783,0.1775167354800272,-48.41947288518425,8.475741536532658,2.0267398483987016,45.47074193410606,3.632674702675111,5,0.0629031054174891,0.1044887452223368,0.2280960449417002,thrust_curve,15.0,1.0,0.0,4.4207898601728175,7.274045473563322,0.8,0.6,2.8532556133905045,2.8532556133905045,1,1,1,0
1149,R1149,EASY,PD,1.8101300958666964,1.6601856244438742,0.0371686468317783,0.1775167354800272,-48.41947288518425,8.475741536532658,2.0267398483987016,45.47074193410606,3.632674702675111,5,0.0629031054174891,0.1044887452223368,0.2280960449417002,cg_shift,80.0,16.0,0.0,5.892103072997154,5.201504066236721,0.8,0.8,0.6905990067604328,-0.6905990067604328,0,1,1,0
32,R0032,EASY,PD,0.6103630186342234,1.6816737834717397,0.0281710473231022,0.1035531419445034,-22.642160761987483,10.608382181768077,1.3264312369990197,104.93688516939092,6.341389329091713,1,0.0313195998195797,0.074070723208615,0.0819160611791361,reference,5.0,1.0,0.0,4.312125645827007,4.312125645827007,1.0,1.0,0.0,0.0,0,1,1,0
32,R0032,EASY,PD,0.6103630186342234,1.6816737834717397,0.0281710473231022,0.1035531419445034,-22.642160761987483,10.608382181768077,1.3264312369990197,104.93688516939092,6.341389329091713,1,0.0313195998195797,0.074070723208615,0.0819160611791361,backlash,15.0,8.0,0.0,4.547754326044115,4.857735766623558,1.0,1.0,0.30998144057944366,0.30998144057944366,1,1,1,0
32,R0032,EASY,PD,0.6103630186342234,1.6816737834717397,0.0281710473231022,0.1035531419445034,-22.642160761987483,10.608382181768077,1.3264312369990197,104.93688516939092,6.341389329091713,1,0.0313195998195797,0.074070723208615,0.0819160611791361,slew,80.0,1.0,0.0,0.5757883478660327,21.45628123059419,1.0,0.0,20.880492882728156,20.880492882728156,1,1,0,1
32,R0032,EASY,PD,0.6103630186342234,1.6816737834717397,0.0281710473231022,0.1035531419445034,-22.642160761987483,10.608382181768077,1.3264312369990197,104.93688516939092,6.341389329091713,1,0.0313195998195797,0.074070723208615,0.0819160611791361,latency,5.0,1.0,0.0,4.312125645827007,4.312125645827007,1.0,1.0,0.0,0.0,0,1,1,0
32,R0032,EASY,PD,0.6103630186342234,1.6816737834717397,0.0281710473231022,0.1035531419445034,-22.642160761987483,10.608382181768077,1.3264312369990197,104.93688516939092,6.341389329091713,1,0.0313195998195797,0.074070723208615,0.0819160611791361,deadband,5.0,1.0,0.0,4.483848810853602,4.312125645827007,1.0,1.0,0.17172316502659513,-0.17172316502659513,0,1,1,0
32,R0032,EASY,PD,0.6103630186342234,1.6816737834717397,0.0281710473231022,0.1035531419445034,-22.642160761987483,10.608382181768077,1.3264312369990197,104.93688516939092,6.341389329091713,1,0.0313195998195797,0.074070723208615,0.0819160611791361,nonlinear_aero,5.0,1.0,0.0,4.312123894246587,4.312125645827007,1.0,1.0,1.7515804202616891e-06,1.7515804202616891e-06,1,1,1,0
32,R0032,EASY,PD,0.6103630186342234,1.6816737834717397,0.0281710473231022,0.1035531419445034,-22.642160761987483,10.608382181768077,1.3264312369990197,104.93688516939092,6.341389329091713,1,0.0313195998195797,0.074070723208615,0.0819160611791361,dyn_aero,5.0,1.0,0.0,4.126136227842938,4.312125645827007,1.0,1.0,0.18598941798406887,0.18598941798406887,1,1,1,0
32,R0032,EASY,PD,0.6103630186342234,1.6816737834717397,0.0281710473231022,0.1035531419445034,-22.642160761987483,10.608382181768077,1.3264312369990197,104.93688516939092,6.341389329091713,1,0.0313195998195797,0.074070723208615,0.0819160611791361,thrust_curve,5.0,1.0,0.0,3.691578628448103,4.312125645827007,1.0,1.0,0.6205470173789038,0.6205470173789038,1,1,1,0
32,R0032,EASY,PD,0.6103630186342234,1.6816737834717397,0.0281710473231022,0.1035531419445034,-22.642160761987483,10.608382181768077,1.3264312369990197,104.93688516939092,6.341389329091713,1,0.0313195998195797,0.074070723208615,0.0819160611791361,cg_shift,80.0,16.0,0.0,5.519065955014935,5.503631176200373,0.6,0.4,0.015434778814562122,-0.015434778814562122,0,1,1,0
582,R0582,EASY,PD,0.0052044585033215,1.6563156724279229,0.014085407370602,0.000373629453188,-70.22873018823461,11.51032652071847,2.2848600555830325,72.808505891946,3.0758031860957145,3,0.1017464664436142,0.2301772792681699,0.1439869706778259,reference,5.0,8.0,0.0,8.432387308665131,8.432387308665131,0.8,0.8,0.0,0.0,0,1,1,0
582,R0582,EASY,PD,0.0052044585033215,1.6563156724279229,0.014085407370602,0.000373629453188,-70.22873018823461,11.51032652071847,2.2848600555830325,72.808505891946,3.0758031860957145,3,0.1017464664436142,0.2301772792681699,0.1439869706778259,backlash,15.0,1.0,0.0,3.9402773003564597,8.469966295601944,1.0,0.6,4.529688995245484,4.529688995245484,1,1,1,0
582,R0582,EASY,PD,0.0052044585033215,1.6563156724279229,0.014085407370602,0.000373629453188,-70.22873018823461,11.51032652071847,2.2848600555830325,72.808505891946,3.0758031860957145,3,0.1017464664436142,0.2301772792681699,0.1439869706778259,slew,80.0,1.0,0.0,0.9825974473334037,98.24479506216696,1.0,0.0,97.26219761483355,97.26219761483355,1,1,0,1
582,R0582,EASY,PD,0.0052044585033215,1.6563156724279229,0.014085407370602,0.000373629453188,-70.22873018823461,11.51032652071847,2.2848600555830325,72.808505891946,3.0758031860957145,3,0.1017464664436142,0.2301772792681699,0.1439869706778259,latency,80.0,32.0,0.0,5.237732724332623,6.689626322118085,1.0,0.8,1.4518935977854621,1.4518935977854621,1,1,1,0
582,R0582,EASY,PD,0.0052044585033215,1.6563156724279229,0.014085407370602,0.000373629453188,-70.22873018823461,11.51032652071847,2.2848600555830325,72.808505891946,3.0758031860957145,3,0.1017464664436142,0.2301772792681699,0.1439869706778259,deadband,80.0,32.0,0.0,7.0399399527856135,6.689626322118085,0.6,0.8,0.35031363066752874,-0.35031363066752874,0,1,1,0
582,R0582,EASY,PD,0.0052044585033215,1.6563156724279229,0.014085407370602,0.000373629453188,-70.22873018823461,11.51032652071847,2.2848600555830325,72.808505891946,3.0758031860957145,3,0.1017464664436142,0.2301772792681699,0.1439869706778259,nonlinear_aero,5.0,8.0,0.0,8.427411792971906,8.432387308665131,0.8,0.8,0.004975515693224963,0.004975515693224963,1,1,1,0
582,R0582,EASY,PD,0.0052044585033215,1.6563156724279229,0.014085407370602,0.000373629453188,-70.22873018823461,11.51032652071847,2.2848600555830325,72.808505891946,3.0758031860957145,3,0.1017464664436142,0.2301772792681699,0.1439869706778259,dyn_aero,40.0,16.0,0.0,6.66753321459837,5.993446377084249,0.6,0.8,0.6740868375141211,-0.6740868375141211,0,1,1,0
582,R0582,EASY,PD,0.0052044585033215,1.6563156724279229,0.014085407370602,0.000373629453188,-70.22873018823461,11.51032652071847,2.2848600555830325,72.808505891946,3.0758031860957145,3,0.1017464664436142,0.2301772792681699,0.1439869706778259,thrust_curve,15.0,8.0,0.0,6.293292329922024,6.824236467276103,0.8,0.8,0.5309441373540791,0.5309441373540791,1,1,1,0
582,R0582,EASY,PD,0.0052044585033215,1.6563156724279229,0.014085407370602,0.000373629453188,-70.22873018823461,11.51032652071847,2.2848600555830325,72.808505891946,3.0758031860957145,3,0.1017464664436142,0.2301772792681699,0.1439869706778259,cg_shift,80.0,8.0,0.0,7.725204382325748,9.242052794923413,0.6,0.4,1.5168484125976658,1.5168484125976658,1,1,1,0
88,R0088,EASY,PD,1.666223057572454,1.5574737120048383,0.0380756810013622,0.0756518788164337,-85.09137188751704,6.4715788342821865,1.3416618554178714,64.79815319586577,11.491731064802622,2,0.0528733417226746,0.0055475562540393,0.2740246424438218,reference,40.0,2.0,0.0,4.848212701744421,4.848212701744421,0.8,0.8,0.0,0.0,0,1,1,0
88,R0088,EASY,PD,1.666223057572454,1.5574737120048383,0.0380756810013622,0.0756518788164337,-85.09137188751704,6.4715788342821865,1.3416618554178714,64.79815319586577,11.491731064802622,2,0.0528733417226746,0.0055475562540393,0.2740246424438218,backlash,40.0,2.0,0.0,4.509014276923504,4.848212701744421,0.8,0.8,0.3391984248209168,0.3391984248209168,1,1,1,0
88,R0088,EASY,PD,1.666223057572454,1.5574737120048383,0.0380756810013622,0.0756518788164337,-85.09137188751704,6.4715788342821865,1.3416618554178714,64.79815319586577,11.491731064802622,2,0.0528733417226746,0.0055475562540393,0.2740246424438218,slew,80.0,1.0,0.0,0.32553146874666045,9.01413464869612,1.0,0.2,8.688603179949459,8.688603179949459,1,1,0,1
88,R0088,EASY,PD,1.666223057572454,1.5574737120048383,0.0380756810013622,0.0756518788164337,-85.09137188751704,6.4715788342821865,1.3416618554178714,64.79815319586577,11.491731064802622,2,0.0528733417226746,0.0055475562540393,0.2740246424438218,latency,15.0,1.0,0.0,4.491884454363857,4.462883178204965,0.6,0.8,0.029001276158892253,-0.029001276158892253,0,1,1,0
88,R0088,EASY,PD,1.666223057572454,1.5574737120048383,0.0380756810013622,0.0756518788164337,-85.09137188751704,6.4715788342821865,1.3416618554178714,64.79815319586577,11.491731064802622,2,0.0528733417226746,0.0055475562540393,0.2740246424438218,deadband,2.0,1.0,0.0,4.144131473792832,4.613758626609927,1.0,1.0,0.469627152817095,0.469627152817095,1,1,1,0
88,R0088,EASY,PD,1.666223057572454,1.5574737120048383,0.0380756810013622,0.0756518788164337,-85.09137188751704,6.4715788342821865,1.3416618554178714,64.79815319586577,11.491731064802622,2,0.0528733417226746,0.0055475562540393,0.2740246424438218,nonlinear_aero,40.0,2.0,0.0,4.848248160369971,4.848212701744421,0.8,0.8,3.5458625550433e-05,-3.5458625550433e-05,0,1,1,0
88,R0088,EASY,PD,1.666223057572454,1.5574737120048383,0.0380756810013622,0.0756518788164337,-85.09137188751704,6.4715788342821865,1.3416618554178714,64.79815319586577,11.491731064802622,2,0.0528733417226746,0.0055475562540393,0.2740246424438218,dyn_aero,5.0,1.0,0.0,3.011441682639739,3.3018545109634445,1.0,1.0,0.2904128283237055,0.2904128283237055,1,1,1,0
88,R0088,EASY,PD,1.666223057572454,1.5574737120048383,0.0380756810013622,0.0756518788164337,-85.09137188751704,6.4715788342821865,1.3416618554178714,64.79815319586577,11.491731064802622,2,0.0528733417226746,0.0055475562540393,0.2740246424438218,thrust_curve,5.0,1.0,0.0,3.442282209181095,3.3018545109634445,1.0,1.0,0.14042769821765066,-0.14042769821765066,0,1,1,0
88,R0088,EASY,PD,1.666223057572454,1.5574737120048383,0.0380756810013622,0.0756518788164337,-85.09137188751704,6.4715788342821865,1.3416618554178714,64.79815319586577,11.491731064802622,2,0.0528733417226746,0.0055475562540393,0.2740246424438218,cg_shift,40.0,2.0,0.0,4.200643184165672,4.848212701744421,0.8,0.8,0.6475695175787486,0.6475695175787486,1,1,1,0
524,R0524,EASY,PD,1.3733427193178755,1.071612172498158,0.0228037202792503,0.1893636270885814,-23.24422946030404,10.26934968360257,0.9233459340541478,34.27871595997367,3.350268226950406,5,0.090039911137965,0.1030205980647291,0.360626509554351,reference,2.0,1.0,0.0,7.1014138623956695,7.1014138623956695,1.0,1.0,0.0,0.0,0,1,1,0
524,R0524,EASY,PD,1.3733427193178755,1.071612172498158,0.0228037202792503,0.1893636270885814,-23.24422946030404,10.26934968360257,0.9233459340541478,34.27871595997367,3.350268226950406,5,0.090039911137965,0.1030205980647291,0.360626509554351,backlash,80.0,8.0,0.0,9.791062756196302,14.439683351989718,0.6,0.0,4.648620595793416,4.648620595793416,1,1,0,1
524,R0524,EASY,PD,1.3733427193178755,1.071612172498158,0.0228037202792503,0.1893636270885814,-23.24422946030404,10.26934968360257,0.9233459340541478,34.27871595997367,3.350268226950406,5,0.090039911137965,0.1030205980647291,0.360626509554351,slew,80.0,1.0,0.0,1.0282748340015089,31.516182833333726,1.0,0.0,30.48790799933222,30.48790799933222,1,1,0,1
524,R0524,EASY,PD,1.3733427193178755,1.071612172498158,0.0228037202792503,0.1893636270885814,-23.24422946030404,10.26934968360257,0.9233459340541478,34.27871595997367,3.350268226950406,5,0.090039911137965,0.1030205980647291,0.360626509554351,latency,2.0,1.0,0.0,6.944318771621061,7.1014138623956695,1.0,1.0,0.15709509077460826,0.15709509077460826,1,1,1,0
524,R0524,EASY,PD,1.3733427193178755,1.071612172498158,0.0228037202792503,0.1893636270885814,-23.24422946030404,10.26934968360257,0.9233459340541478,34.27871595997367,3.350268226950406,5,0.090039911137965,0.1030205980647291,0.360626509554351,deadband,2.0,1.0,0.0,7.042079974082879,7.1014138623956695,1.0,1.0,0.05933388831279096,0.05933388831279096,1,1,1,0
524,R0524,EASY,PD,1.3733427193178755,1.071612172498158,0.0228037202792503,0.1893636270885814,-23.24422946030404,10.26934968360257,0.9233459340541478,34.27871595997367,3.350268226950406,5,0.090039911137965,0.1030205980647291,0.360626509554351,nonlinear_aero,2.0,1.0,0.0,7.0870416033593076,7.1014138623956695,1.0,1.0,0.014372259036361967,0.014372259036361967,1,1,1,0
524,R0524,EASY,PD,1.3733427193178755,1.071612172498158,0.0228037202792503,0.1893636270885814,-23.24422946030404,10.26934968360257,0.9233459340541478,34.27871595997367,3.350268226950406,5,0.090039911137965,0.1030205980647291,0.360626509554351,dyn_aero,2.0,1.0,0.0,6.8582291174706596,7.1014138623956695,1.0,1.0,0.24318474492500997,0.24318474492500997,1,1,1,0
524,R0524,EASY,PD,1.3733427193178755,1.071612172498158,0.0228037202792503,0.1893636270885814,-23.24422946030404,10.26934968360257,0.9233459340541478,34.27871595997367,3.350268226950406,5,0.090039911137965,0.1030205980647291,0.360626509554351,thrust_curve,2.0,1.0,0.0,6.847461785809179,7.1014138623956695,1.0,1.0,0.2539520765864909,0.2539520765864909,1,1,1,0
524,R0524,EASY,PD,1.3733427193178755,1.071612172498158,0.0228037202792503,0.1893636270885814,-23.24422946030404,10.26934968360257,0.9233459340541478,34.27871595997367,3.350268226950406,5,0.090039911137965,0.1030205980647291,0.360626509554351,cg_shift,2.0,1.0,0.0,6.6927077334000185,7.1014138623956695,1.0,1.0,0.40870612899565106,0.40870612899565106,1,1,1,0
972,R0972,EASY,PD,1.0336736211846436,1.5182711626457128,0.013219814866561,0.0896752869789813,-46.724982121029385,8.638135861457569,1.4769841548219305,51.771356379922736,2.996520908764131,4,0.0851838544648655,0.1495021242581969,0.0691314172459901,reference,5.0,2.0,0.0,4.927825896342622,4.927825896342622,1.0,1.0,0.0,0.0,0,1,1,0
972,R0972,EASY,PD,1.0336736211846436,1.5182711626457128,0.013219814866561,0.0896752869789813,-46.724982121029385,8.638135861457569,1.4769841548219305,51.771356379922736,2.996520908764131,4,0.0851838544648655,0.1495021242581969,0.0691314172459901,backlash,40.0,2.0,0.0,6.625600374683215,15.256547136897144,1.0,0.0,8.630946762213929,8.630946762213929,1,1,0,1
972,R0972,EASY,PD,1.0336736211846436,1.5182711626457128,0.013219814866561,0.0896752869789813,-46.724982121029385,8.638135861457569,1.4769841548219305,51.771356379922736,2.996520908764131,4,0.0851838544648655,0.1495021242581969,0.0691314172459901,slew,40.0,1.0,0.0,1.1488252018931515,29.841238882944953,1.0,0.0,28.692413681051804,28.692413681051804,1,1,0,1
972,R0972,EASY,PD,1.0336736211846436,1.5182711626457128,0.013219814866561,0.0896752869789813,-46.724982121029385,8.638135861457569,1.4769841548219305,51.771356379922736,2.996520908764131,4,0.0851838544648655,0.1495021242581969,0.0691314172459901,latency,80.0,32.0,0.0,5.3992939773845015,6.220618793465673,0.8,1.0,0.8213248160811712,0.8213248160811712,1,1,1,0
972,R0972,EASY,PD,1.0336736211846436,1.5182711626457128,0.013219814866561,0.0896752869789813,-46.724982121029385,8.638135861457569,1.4769841548219305,51.771356379922736,2.996520908764131,4,0.0851838544648655,0.1495021242581969,0.0691314172459901,deadband,15.0,8.0,0.0,4.716658534623605,4.936210644386129,1.0,1.0,0.2195521097625246,0.2195521097625246,1,1,1,0
972,R0972,EASY,PD,1.0336736211846436,1.5182711626457128,0.013219814866561,0.0896752869789813,-46.724982121029385,8.638135861457569,1.4769841548219305,51.771356379922736,2.996520908764131,4,0.0851838544648655,0.1495021242581969,0.0691314172459901,nonlinear_aero,5.0,2.0,0.0,5.000294216616515,4.927825896342622,1.0,1.0,0.07246832027389338,-0.07246832027389338,0,1,1,0
972,R0972,EASY,PD,1.0336736211846436,1.5182711626457128,0.013219814866561,0.0896752869789813,-46.724982121029385,8.638135861457569,1.4769841548219305,51.771356379922736,2.996520908764131,4,0.0851838544648655,0.1495021242581969,0.0691314172459901,dyn_aero,5.0,2.0,0.0,4.238265327633127,4.927825896342622,1.0,1.0,0.6895605687094948,0.6895605687094948,1,1,1,0
972,R0972,EASY,PD,1.0336736211846436,1.5182711626457128,0.013219814866561,0.0896752869789813,-46.724982121029385,8.638135861457569,1.4769841548219305,51.771356379922736,2.996520908764131,4,0.0851838544648655,0.1495021242581969,0.0691314172459901,thrust_curve,5.0,2.0,0.0,4.7249319204475135,4.927825896342622,1.0,1.0,0.20289397589510827,0.20289397589510827,1,1,1,0
972,R0972,EASY,PD,1.0336736211846436,1.5182711626457128,0.013219814866561,0.0896752869789813,-46.724982121029385,8.638135861457569,1.4769841548219305,51.771356379922736,2.996520908764131,4,0.0851838544648655,0.1495021242581969,0.0691314172459901,cg_shift,15.0,8.0,0.0,4.9014165108219405,4.936210644386129,1.0,1.0,0.03479413356418881,0.03479413356418881,1,1,1,0
598,R0598,EASY,PD,0.0628619347788801,1.669485401697454,0.0270144593204611,0.0103435415211733,-29.638012661088787,8.287829252002481,2.1377654818555465,42.61719600991238,2.0358539474277184,2,0.0398681753282954,0.1618743372945485,0.1195426740932047,reference,80.0,32.0,0.0,3.2504722223661693,3.2504722223661693,1.0,1.0,0.0,0.0,0,1,1,0
598,R0598,EASY,PD,0.0628619347788801,1.669485401697454,0.0270144593204611,0.0103435415211733,-29.638012661088787,8.287829252002481,2.1377654818555465,42.61719600991238,2.0358539474277184,2,0.0398681753282954,0.1618743372945485,0.1195426740932047,backlash,40.0,2.0,0.0,6.301352733115012,12.848408913633463,1.0,0.2,6.547056180518451,6.547056180518451,1,1,0,1
598,R0598,EASY,PD,0.0628619347788801,1.669485401697454,0.0270144593204611,0.0103435415211733,-29.638012661088787,8.287829252002481,2.1377654818555465,42.61719600991238,2.0358539474277184,2,0.0398681753282954,0.1618743372945485,0.1195426740932047,slew,80.0,1.0,0.0,0.8845051812445893,46.792737379235895,1.0,0.0,45.9082321979913,45.9082321979913,1,1,0,1
598,R0598,EASY,PD,0.0628619347788801,1.669485401697454,0.0270144593204611,0.0103435415211733,-29.638012661088787,8.287829252002481,2.1377654818555465,42.61719600991238,2.0358539474277184,2,0.0398681753282954,0.1618743372945485,0.1195426740932047,latency,80.0,16.0,0.0,6.458894683958201,4.983935237181591,0.8,0.8,1.4749594467766105,-1.4749594467766105,0,1,1,0
598,R0598,EASY,PD,0.0628619347788801,1.669485401697454,0.0270144593204611,0.0103435415211733,-29.638012661088787,8.287829252002481,2.1377654818555465,42.61719600991238,2.0358539474277184,2,0.0398681753282954,0.1618743372945485,0.1195426740932047,deadband,80.0,32.0,0.0,3.0585276617357806,3.2504722223661693,1.0,1.0,0.19194456063038867,0.19194456063038867,1,1,1,0
598,R0598,EASY,PD,0.0628619347788801,1.669485401697454,0.0270144593204611,0.0103435415211733,-29.638012661088787,8.287829252002481,2.1377654818555465,42.61719600991238,2.0358539474277184,2,0.0398681753282954,0.1618743372945485,0.1195426740932047,nonlinear_aero,80.0,32.0,0.0,3.2504668824561813,3.2504722223661693,1.0,1.0,5.339909987966962e-06,5.339909987966962e-06,1,1,1,0
598,R0598,EASY,PD,0.0628619347788801,1.669485401697454,0.0270144593204611,0.0103435415211733,-29.638012661088787,8.287829252002481,2.1377654818555465,42.61719600991238,2.0358539474277184,2,0.0398681753282954,0.1618743372945485,0.1195426740932047,dyn_aero,40.0,16.0,0.0,4.297772991115098,3.8952576031713724,1.0,1.0,0.4025153879437253,-0.4025153879437253,0,1,1,0
598,R0598,EASY,PD,0.0628619347788801,1.669485401697454,0.0270144593204611,0.0103435415211733,-29.638012661088787,8.287829252002481,2.1377654818555465,42.61719600991238,2.0358539474277184,2,0.0398681753282954,0.1618743372945485,0.1195426740932047,thrust_curve,5.0,1.0,0.0,3.8718719620605078,5.591989162156457,1.0,0.8,1.7201172000959493,1.7201172000959493,1,1,1,0
598,R0598,EASY,PD,0.0628619347788801,1.669485401697454,0.0270144593204611,0.0103435415211733,-29.638012661088787,8.287829252002481,2.1377654818555465,42.61719600991238,2.0358539474277184,2,0.0398681753282954,0.1618743372945485,0.1195426740932047,cg_shift,40.0,16.0,0.0,4.7277501231564365,3.8952576031713724,1.0,1.0,0.8324925199850641,-0.8324925199850641,0,1,1,0
