rocket_id,regime_label,boundary_distance,reference_decision,first_correct_fidelity_level,first_correct_fidelity_name,dominant_missing_physics,decision_history,mass,Iyy,static_margin,Cm_alpha,control_effectiveness,thrust,deadband,backlash,latency,wind_strength,nominal_servo_slew_deg_s,nominal_max_gimbal_deg,pipeline_layer,dataset_name,schema_version,parameter_vector_id
R0001,INFEASIBLE,-2.09121385013861,NOGO,5,L4_SENSOR_EFFECTS,SENSOR_LATENCY_NOISE,L0_BASELINE:GO -> L1_SATURATION:GO -> L2_SLEW_LIMIT:GO -> L3_ACTUATOR_NONLINEAR:GO -> L4_SENSOR_EFFECTS:GO -> L5_FULL:GO -> L0_BASELINE:GO -> L1_SATURATION:GO -> L2_SLEW_LIMIT:GO -> L3_ACTUATOR_NONLINEAR:GO -> L4_SENSOR_EFFECTS:GO -> L5_FULL:GO -> L0_BASELINE:GO -> L1_SATURATION:GO -> L2_SLEW_LIMIT:GO -> L3_ACTUATOR_NONLINEAR:GO -> L4_SENSOR_EFFECTS:GO -> L5_FULL:GO -> L0_BASELINE:GO -> L1_SATURATION:GO -> L2_SLEW_LIMIT:GO -> L3_ACTUATOR_NONLINEAR:GO -> L4_SENSOR_EFFECTS:GO -> L5_FULL:GO -> L0_BASELINE:NOGO -> L1_SATURATION:NOGO -> L2_SLEW_LIMIT:NOGO -> L3_ACTUATOR_NONLINEAR:NOGO -> L4_SENSOR_EFFECTS:NOGO -> L5_FULL:NOGO -> L0_BASELINE:NOGO -> L1_SATURATION:NOGO -> L2_SLEW_LIMIT:NOGO -> L3_ACTUATOR_NONLINEAR:NOGO -> L4_SENSOR_EFFECTS:NOGO -> L5_FULL:NOGO,1.99527101054848,0.016075944283475,0.218510967662151,-35.2343610982007,6.7186157025939,44.7906271852776,0.0928350255271907,0.117593409616664,2,0.0649304292050567,33.7886611312765,12.9984879456567,Exp4,fidelity_ladder_summary,regime-pipeline-v1,1
R0002,INFEASIBLE,-1.86178768261422,GO,1,L0_BASELINE,NONE,L0_BASELINE:GO -> L1_SATURATION:GO -> L2_SLEW_LIMIT:GO -> L3_ACTUATOR_NONLINEAR:GO -> L4_SENSOR_EFFECTS:GO -> L5_FULL:GO -> L0_BASELINE:GO -> L1_SATURATION:GO -> L2_SLEW_LIMIT:GO -> L3_ACTUATOR_NONLINEAR:GO -> L4_SENSOR_EFFECTS:GO -> L5_FULL:GO -> L0_BASELINE:GO -> L1_SATURATION:GO -> L2_SLEW_LIMIT:GO -> L3_ACTUATOR_NONLINEAR:GO -> L4_SENSOR_EFFECTS:GO -> L5_FULL:GO -> L0_BASELINE:GO -> L1_SATURATION:GO -> L2_SLEW_LIMIT:GO -> L3_ACTUATOR_NONLINEAR:GO -> L4_SENSOR_EFFECTS:GO -> L5_FULL:GO -> L0_BASELINE:GO -> L1_SATURATION:GO -> L2_SLEW_LIMIT:GO -> L3_ACTUATOR_NONLINEAR:GO -> L4_SENSOR_EFFECTS:GO -> L5_FULL:GO -> L0_BASELINE:GO -> L1_SATURATION:GO -> L2_SLEW_LIMIT:GO -> L3_ACTUATOR_NONLINEAR:GO -> L4_SENSOR_EFFECTS:GO -> L5_FULL:GO,1.82699404332563,0.0331707763699033,0.223979839611311,-32.8347833683677,11.3079263981368,25.1714894186843,0.0239481138569202,0.0479444835171912,5,0.346749926167326,58.6250535106185,12.634801365193,Exp4,fidelity_ladder_summary,regime-pipeline-v1,2
R0003,FRAGILE,0,GO,1,L0_BASELINE,NONE,L0_BASELINE:GO -> L1_SATURATION:GO -> L2_SLEW_LIMIT:GO -> L3_ACTUATOR_NONLINEAR:GO -> L4_SENSOR_EFFECTS:GO -> L5_FULL:GO -> L0_BASELINE:GO -> L1_SATURATION:GO -> L2_SLEW_LIMIT:GO -> L3_ACTUATOR_NONLINEAR:GO -> L4_SENSOR_EFFECTS:GO -> L5_FULL:GO -> L0_BASELINE:GO -> L1_SATURATION:GO -> L2_SLEW_LIMIT:GO -> L3_ACTUATOR_NONLINEAR:GO -> L4_SENSOR_EFFECTS:GO -> L5_FULL:GO -> L0_BASELINE:GO -> L1_SATURATION:GO -> L2_SLEW_LIMIT:GO -> L3_ACTUATOR_NONLINEAR:GO -> L4_SENSOR_EFFECTS:GO -> L5_FULL:GO -> L0_BASELINE:NOGO -> L1_SATURATION:NOGO -> L2_SLEW_LIMIT:NOGO -> L3_ACTUATOR_NONLINEAR:NOGO -> L4_SENSOR_EFFECTS:NOGO -> L5_FULL:NOGO -> L0_BASELINE:GO -> L1_SATURATION:GO -> L2_SLEW_LIMIT:GO -> L3_ACTUATOR_NONLINEAR:GO -> L4_SENSOR_EFFECTS:GO -> L5_FULL:GO,1.00321471084401,0.021787773896146,0.0574218350156832,-51.4149364595881,10.776329771463,37.7633742894319,0.00597194603761436,0.108053406800306,4,0.329000906387302,60.3653714483103,11.6409058575307,Exp4,fidelity_ladder_summary,regime-pipeline-v1,3
R0004,INFEASIBLE,-2.16905567741689,NOGO,4,L3_ACTUATOR_NONLINEAR,DEADBAND_BACKLASH,L0_BASELINE:GO -> L1_SATURATION:GO -> L2_SLEW_LIMIT:GO -> L3_ACTUATOR_NONLINEAR:GO -> L4_SENSOR_EFFECTS:GO -> L5_FULL:GO -> L0_BASELINE:GO -> L1_SATURATION:GO -> L2_SLEW_LIMIT:GO -> L3_ACTUATOR_NONLINEAR:GO -> L4_SENSOR_EFFECTS:GO -> L5_FULL:GO -> L0_BASELINE:GO -> L1_SATURATION:GO -> L2_SLEW_LIMIT:GO -> L3_ACTUATOR_NONLINEAR:GO -> L4_SENSOR_EFFECTS:GO -> L5_FULL:GO -> L0_BASELINE:NOGO -> L1_SATURATION:NOGO -> L2_SLEW_LIMIT:NOGO -> L3_ACTUATOR_NONLINEAR:NOGO -> L4_SENSOR_EFFECTS:NOGO -> L5_FULL:NOGO -> L0_BASELINE:NOGO -> L1_SATURATION:NOGO -> L2_SLEW_LIMIT:NOGO -> L3_ACTUATOR_NONLINEAR:NOGO -> L4_SENSOR_EFFECTS:NOGO -> L5_FULL:NOGO -> L0_BASELINE:NOGO -> L1_SATURATION:NOGO -> L2_SLEW_LIMIT:NOGO -> L3_ACTUATOR_NONLINEAR:NOGO -> L4_SENSOR_EFFECTS:NOGO -> L5_FULL:NOGO,2.05824631391908,0.0206233020582421,0.104954090399216,-35.7507455796907,13.1743589994668,31.8791800076872,0.0946441264580403,0.238566159180423,3,0.283626810691231,72.5049951975631,11.2252688727457,Exp4,fidelity_ladder_summary,regime-pipeline-v1,4
R0005,INFEASIBLE,-2.22178816824309,GO,1,L0_BASELINE,NONE,L0_BASELINE:GO -> L1_SATURATION:GO -> L2_SLEW_LIMIT:GO -> L3_ACTUATOR_NONLINEAR:GO -> L4_SENSOR_EFFECTS:GO -> L5_FULL:GO -> L0_BASELINE:GO -> L1_SATURATION:GO -> L2_SLEW_LIMIT:GO -> L3_ACTUATOR_NONLINEAR:GO -> L4_SENSOR_EFFECTS:GO -> L5_FULL:GO -> L0_BASELINE:GO -> L1_SATURATION:GO -> L2_SLEW_LIMIT:GO -> L3_ACTUATOR_NONLINEAR:GO -> L4_SENSOR_EFFECTS:GO -> L5_FULL:GO -> L0_BASELINE:GO -> L1_SATURATION:GO -> L2_SLEW_LIMIT:GO -> L3_ACTUATOR_NONLINEAR:GO -> L4_SENSOR_EFFECTS:GO -> L5_FULL:GO -> L0_BASELINE:GO -> L1_SATURATION:GO -> L2_SLEW_LIMIT:GO -> L3_ACTUATOR_NONLINEAR:GO -> L4_SENSOR_EFFECTS:GO -> L5_FULL:GO -> L0_BASELINE:GO -> L1_SATURATION:GO -> L2_SLEW_LIMIT:GO -> L3_ACTUATOR_NONLINEAR:GO -> L4_SENSOR_EFFECTS:GO -> L5_FULL:GO,1.97161177538485,0.0132230563528775,0.181519823204976,-53.9561811762918,5.43227520445308,25.738630375167,0.0637468598184062,0.0587243220197755,5,0.428156435996961,36.9700303158525,9.82259905287354,Exp4,fidelity_ladder_summary,regime-pipeline-v1,5
R0006,INFEASIBLE,-2.14209669229353,NOGO,5,L4_SENSOR_EFFECTS,SENSOR_LATENCY_NOISE,L0_BASELINE:GO -> L1_SATURATION:GO -> L2_SLEW_LIMIT:GO -> L3_ACTUATOR_NONLINEAR:GO -> L4_SENSOR_EFFECTS:GO -> L5_FULL:GO -> L0_BASELINE:GO -> L1_SATURATION:GO -> L2_SLEW_LIMIT:GO -> L3_ACTUATOR_NONLINEAR:GO -> L4_SENSOR_EFFECTS:GO -> L5_FULL:GO -> L0_BASELINE:GO -> L1_SATURATION:GO -> L2_SLEW_LIMIT:GO -> L3_ACTUATOR_NONLINEAR:GO -> L4_SENSOR_EFFECTS:GO -> L5_FULL:GO -> L0_BASELINE:GO -> L1_SATURATION:GO -> L2_SLEW_LIMIT:GO -> L3_ACTUATOR_NONLINEAR:GO -> L4_SENSOR_EFFECTS:GO -> L5_FULL:GO -> L0_BASELINE:NOGO -> L1_SATURATION:NOGO -> L2_SLEW_LIMIT:NOGO -> L3_ACTUATOR_NONLINEAR:NOGO -> L4_SENSOR_EFFECTS:NOGO -> L5_FULL:NOGO -> L0_BASELINE:NOGO -> L1_SATURATION:NOGO -> L2_SLEW_LIMIT:NOGO -> L3_ACTUATOR_NONLINEAR:NOGO -> L4_SENSOR_EFFECTS:NOGO -> L5_FULL:NOGO,0.958805460391126,0.0308733527299383,0.104661586932627,-32.1248722374023,5.24375374495583,43.3784627358974,0.0491006071937459,0.211149759617872,4,0.0704698966180312,61.2644745030214,10.5532400337252,Exp4,fidelity_ladder_summary,regime-pipeline-v1,6
R0007,EASY,1.84859070592387,GO,1,L0_BASELINE,NONE,L0_BASELINE:GO -> L1_SATURATION:GO -> L2_SLEW_LIMIT:GO -> L3_ACTUATOR_NONLINEAR:GO -> L4_SENSOR_EFFECTS:GO -> L5_FULL:GO -> L0_BASELINE:GO -> L1_SATURATION:GO -> L2_SLEW_LIMIT:GO -> L3_ACTUATOR_NONLINEAR:GO -> L4_SENSOR_EFFECTS:GO -> L5_FULL:GO -> L0_BASELINE:GO -> L1_SATURATION:GO -> L2_SLEW_LIMIT:GO -> L3_ACTUATOR_NONLINEAR:GO -> L4_SENSOR_EFFECTS:GO -> L5_FULL:GO -> L0_BASELINE:GO -> L1_SATURATION:GO -> L2_SLEW_LIMIT:GO -> L3_ACTUATOR_NONLINEAR:GO -> L4_SENSOR_EFFECTS:GO -> L5_FULL:GO -> L0_BASELINE:GO -> L1_SATURATION:GO -> L2_SLEW_LIMIT:GO -> L3_ACTUATOR_NONLINEAR:GO -> L4_SENSOR_EFFECTS:GO -> L5_FULL:GO -> L0_BASELINE:GO -> L1_SATURATION:GO -> L2_SLEW_LIMIT:GO -> L3_ACTUATOR_NONLINEAR:GO -> L4_SENSOR_EFFECTS:GO -> L5_FULL:GO,0.920409157215581,0.0215997586590195,0.178410423523253,-46.0682879855735,5.62985944545948,34.5382956897175,0.0507592835575592,0.0175330324036644,5,0.0772520559273756,44.144521671745,8.43499309303542,Exp4,fidelity_ladder_summary,regime-pipeline-v1,7
R0008,FRAGILE,0,GO,1,L0_BASELINE,NONE,L0_BASELINE:GO -> L1_SATURATION:GO -> L2_SLEW_LIMIT:GO -> L3_ACTUATOR_NONLINEAR:GO -> L4_SENSOR_EFFECTS:GO -> L5_FULL:GO -> L0_BASELINE:GO -> L1_SATURATION:GO -> L2_SLEW_LIMIT:GO -> L3_ACTUATOR_NONLINEAR:GO -> L4_SENSOR_EFFECTS:GO -> L5_FULL:GO -> L0_BASELINE:GO -> L1_SATURATION:GO -> L2_SLEW_LIMIT:GO -> L3_ACTUATOR_NONLINEAR:GO -> L4_SENSOR_EFFECTS:GO -> L5_FULL:GO -> L0_BASELINE:GO -> L1_SATURATION:GO -> L2_SLEW_LIMIT:GO -> L3_ACTUATOR_NONLINEAR:GO -> L4_SENSOR_EFFECTS:GO -> L5_FULL:GO -> L0_BASELINE:GO -> L1_SATURATION:GO -> L2_SLEW_LIMIT:GO -> L3_ACTUATOR_NONLINEAR:GO -> L4_SENSOR_EFFECTS:GO -> L5_FULL:GO -> L0_BASELINE:GO -> L1_SATURATION:GO -> L2_SLEW_LIMIT:GO -> L3_ACTUATOR_NONLINEAR:GO -> L4_SENSOR_EFFECTS:GO -> L5_FULL:GO,1.96700351983126,0.0104282170779141,0.0941000466551659,-62.6352689833525,6.04441303340237,27.4531337130734,0.0110571589293464,0.10643181782611,2,0.104008140707992,78.3716862071947,10.7835109572637,Exp4,fidelity_ladder_summary,regime-pipeline-v1,8
R0009,INFEASIBLE,-2.27722439183785,NOGO,4,L3_ACTUATOR_NONLINEAR,DEADBAND_BACKLASH,L0_BASELINE:GO -> L1_SATURATION:GO -> L2_SLEW_LIMIT:GO -> L3_ACTUATOR_NONLINEAR:GO -> L4_SENSOR_EFFECTS:GO -> L5_FULL:GO -> L0_BASELINE:GO -> L1_SATURATION:GO -> L2_SLEW_LIMIT:GO -> L3_ACTUATOR_NONLINEAR:GO -> L4_SENSOR_EFFECTS:GO -> L5_FULL:GO -> L0_BASELINE:GO -> L1_SATURATION:GO -> L2_SLEW_LIMIT:GO -> L3_ACTUATOR_NONLINEAR:GO -> L4_SENSOR_EFFECTS:GO -> L5_FULL:GO -> L0_BASELINE:NOGO -> L1_SATURATION:NOGO -> L2_SLEW_LIMIT:NOGO -> L3_ACTUATOR_NONLINEAR:NOGO -> L4_SENSOR_EFFECTS:NOGO -> L5_FULL:NOGO -> L0_BASELINE:NOGO -> L1_SATURATION:NOGO -> L2_SLEW_LIMIT:NOGO -> L3_ACTUATOR_NONLINEAR:NOGO -> L4_SENSOR_EFFECTS:NOGO -> L5_FULL:NOGO -> L0_BASELINE:NOGO -> L1_SATURATION:NOGO -> L2_SLEW_LIMIT:NOGO -> L3_ACTUATOR_NONLINEAR:NOGO -> L4_SENSOR_EFFECTS:NOGO -> L5_FULL:NOGO,1.06018688525023,0.0131015707961402,0.103521174449843,-61.8755448752849,11.3475246115026,27.4204654987282,0.135805806701827,0.160879462873478,6,0.152071128235874,51.1930041327902,12.466304107764,Exp4,fidelity_ladder_summary,regime-pipeline-v1,9
R0010,INFEASIBLE,-2.45823412139015,NOGO,4,L3_ACTUATOR_NONLINEAR,DEADBAND_BACKLASH,L0_BASELINE:GO -> L1_SATURATION:GO -> L2_SLEW_LIMIT:GO -> L3_ACTUATOR_NONLINEAR:GO -> L4_SENSOR_EFFECTS:GO -> L5_FULL:GO -> L0_BASELINE:GO -> L1_SATURATION:GO -> L2_SLEW_LIMIT:GO -> L3_ACTUATOR_NONLINEAR:GO -> L4_SENSOR_EFFECTS:GO -> L5_FULL:GO -> L0_BASELINE:GO -> L1_SATURATION:GO -> L2_SLEW_LIMIT:GO -> L3_ACTUATOR_NONLINEAR:GO -> L4_SENSOR_EFFECTS:GO -> L5_FULL:GO -> L0_BASELINE:NOGO -> L1_SATURATION:NOGO -> L2_SLEW_LIMIT:NOGO -> L3_ACTUATOR_NONLINEAR:NOGO -> L4_SENSOR_EFFECTS:NOGO -> L5_FULL:NOGO -> L0_BASELINE:NOGO -> L1_SATURATION:NOGO -> L2_SLEW_LIMIT:NOGO -> L3_ACTUATOR_NONLINEAR:NOGO -> L4_SENSOR_EFFECTS:NOGO -> L5_FULL:NOGO -> L0_BASELINE:NOGO -> L1_SATURATION:NOGO -> L2_SLEW_LIMIT:NOGO -> L3_ACTUATOR_NONLINEAR:NOGO -> L4_SENSOR_EFFECTS:NOGO -> L5_FULL:NOGO,1.47241546549103,0.0352379255683468,0.190419825812982,-69.0067721042531,7.04767648542655,47.1470597546876,0.142780443774772,0.194219695688486,2,0.20396160969324,93.0948297220111,9.67294301400684,Exp4,fidelity_ladder_summary,regime-pipeline-v1,10
R0011,INFEASIBLE,-2.51679596821066,NOGO,4,L3_ACTUATOR_NONLINEAR,DEADBAND_BACKLASH,L0_BASELINE:GO -> L1_SATURATION:GO -> L2_SLEW_LIMIT:GO -> L3_ACTUATOR_NONLINEAR:GO -> L4_SENSOR_EFFECTS:GO -> L5_FULL:GO -> L0_BASELINE:GO -> L1_SATURATION:GO -> L2_SLEW_LIMIT:GO -> L3_ACTUATOR_NONLINEAR:GO -> L4_SENSOR_EFFECTS:GO -> L5_FULL:GO -> L0_BASELINE:GO -> L1_SATURATION:GO -> L2_SLEW_LIMIT:GO -> L3_ACTUATOR_NONLINEAR:GO -> L4_SENSOR_EFFECTS:GO -> L5_FULL:GO -> L0_BASELINE:NOGO -> L1_SATURATION:NOGO -> L2_SLEW_LIMIT:NOGO -> L3_ACTUATOR_NONLINEAR:NOGO -> L4_SENSOR_EFFECTS:NOGO -> L5_FULL:NOGO -> L0_BASELINE:NOGO -> L1_SATURATION:NOGO -> L2_SLEW_LIMIT:NOGO -> L3_ACTUATOR_NONLINEAR:NOGO -> L4_SENSOR_EFFECTS:NOGO -> L5_FULL:NOGO -> L0_BASELINE:NOGO -> L1_SATURATION:NOGO -> L2_SLEW_LIMIT:NOGO -> L3_ACTUATOR_NONLINEAR:NOGO -> L4_SENSOR_EFFECTS:NOGO -> L5_FULL:NOGO,1.93598363228538,0.0394731069306906,0.207924774634719,-35.7128334099799,12.3136527106286,35.155880122414,0.10129076573473,0.227868207429628,4,0.205335904660424,31.7785771680268,13.0570249696517,Exp4,fidelity_ladder_summary,regime-pipeline-v1,11
R0012,EASY,1.89129525291801,GO,1,L0_BASELINE,NONE,L0_BASELINE:GO -> L1_SATURATION:GO -> L2_SLEW_LIMIT:GO -> L3_ACTUATOR_NONLINEAR:GO -> L4_SENSOR_EFFECTS:GO -> L5_FULL:GO -> L0_BASELINE:GO -> L1_SATURATION:GO -> L2_SLEW_LIMIT:GO -> L3_ACTUATOR_NONLINEAR:GO -> L4_SENSOR_EFFECTS:GO -> L5_FULL:GO -> L0_BASELINE:GO -> L1_SATURATION:GO -> L2_SLEW_LIMIT:GO -> L3_ACTUATOR_NONLINEAR:GO -> L4_SENSOR_EFFECTS:GO -> L5_FULL:GO -> L0_BASELINE:GO -> L1_SATURATION:GO -> L2_SLEW_LIMIT:GO -> L3_ACTUATOR_NONLINEAR:GO -> L4_SENSOR_EFFECTS:GO -> L5_FULL:GO -> L0_BASELINE:GO -> L1_SATURATION:GO -> L2_SLEW_LIMIT:GO -> L3_ACTUATOR_NONLINEAR:GO -> L4_SENSOR_EFFECTS:GO -> L5_FULL:GO -> L0_BASELINE:GO -> L1_SATURATION:GO -> L2_SLEW_LIMIT:GO -> L3_ACTUATOR_NONLINEAR:GO -> L4_SENSOR_EFFECTS:GO -> L5_FULL:GO,1.9225901919722,0.0171596256750889,0.115404742990614,-69.3549299115433,6.15317927829198,32.2476505613635,0.03351899531318,0.00164845383345265,3,0.172123646838558,57.1294015167807,10.2474293163912,Exp4,fidelity_ladder_summary,regime-pipeline-v1,12
R0013,INFEASIBLE,-1.86896395653583,NOGO,5,L4_SENSOR_EFFECTS,SENSOR_LATENCY_NOISE,L0_BASELINE:GO -> L1_SATURATION:GO -> L2_SLEW_LIMIT:GO -> L3_ACTUATOR_NONLINEAR:GO -> L4_SENSOR_EFFECTS:GO -> L5_FULL:GO -> L0_BASELINE:GO -> L1_SATURATION:GO -> L2_SLEW_LIMIT:GO -> L3_ACTUATOR_NONLINEAR:GO -> L4_SENSOR_EFFECTS:GO -> L5_FULL:GO -> L0_BASELINE:GO -> L1_SATURATION:GO -> L2_SLEW_LIMIT:GO -> L3_ACTUATOR_NONLINEAR:GO -> L4_SENSOR_EFFECTS:GO -> L5_FULL:GO -> L0_BASELINE:GO -> L1_SATURATION:GO -> L2_SLEW_LIMIT:GO -> L3_ACTUATOR_NONLINEAR:GO -> L4_SENSOR_EFFECTS:GO -> L5_FULL:GO -> L0_BASELINE:NOGO -> L1_SATURATION:NOGO -> L2_SLEW_LIMIT:NOGO -> L3_ACTUATOR_NONLINEAR:NOGO -> L4_SENSOR_EFFECTS:NOGO -> L5_FULL:NOGO -> L0_BASELINE:NOGO -> L1_SATURATION:NOGO -> L2_SLEW_LIMIT:NOGO -> L3_ACTUATOR_NONLINEAR:NOGO -> L4_SENSOR_EFFECTS:NOGO -> L5_FULL:NOGO,1.58914323371951,0.0161377842464959,0.147423910875658,-64.5756885911438,6.19575662022304,37.2594948094937,0.0929638036508675,0.147156439336002,3,0.35815517369724,50.1405829910976,9.9810677535889,Exp4,fidelity_ladder_summary,regime-pipeline-v1,13
R0014,INFEASIBLE,-2.18112272364659,NOGO,4,L3_ACTUATOR_NONLINEAR,DEADBAND_BACKLASH,L0_BASELINE:GO -> L1_SATURATION:GO -> L2_SLEW_LIMIT:GO -> L3_ACTUATOR_NONLINEAR:GO -> L4_SENSOR_EFFECTS:GO -> L5_FULL:GO -> L0_BASELINE:GO -> L1_SATURATION:GO -> L2_SLEW_LIMIT:GO -> L3_ACTUATOR_NONLINEAR:GO -> L4_SENSOR_EFFECTS:GO -> L5_FULL:GO -> L0_BASELINE:GO -> L1_SATURATION:GO -> L2_SLEW_LIMIT:GO -> L3_ACTUATOR_NONLINEAR:GO -> L4_SENSOR_EFFECTS:GO -> L5_FULL:GO -> L0_BASELINE:NOGO -> L1_SATURATION:NOGO -> L2_SLEW_LIMIT:NOGO -> L3_ACTUATOR_NONLINEAR:NOGO -> L4_SENSOR_EFFECTS:NOGO -> L5_FULL:NOGO -> L0_BASELINE:NOGO -> L1_SATURATION:NOGO -> L2_SLEW_LIMIT:NOGO -> L3_ACTUATOR_NONLINEAR:NOGO -> L4_SENSOR_EFFECTS:NOGO -> L5_FULL:NOGO -> L0_BASELINE:NOGO -> L1_SATURATION:NOGO -> L2_SLEW_LIMIT:NOGO -> L3_ACTUATOR_NONLINEAR:NOGO -> L4_SENSOR_EFFECTS:NOGO -> L5_FULL:NOGO,1.91838886502202,0.0347345359570947,0.0540534888266197,-55.4657398366924,13.4547343190669,42.2806376634095,0.057426301896904,0.21569298424927,3,0.092037611225355,82.5418619400507,14.9713135704622,Exp4,fidelity_ladder_summary,regime-pipeline-v1,14
R0015,INFEASIBLE,-1.90177703905256,NOGO,5,L4_SENSOR_EFFECTS,SENSOR_LATENCY_NOISE,L0_BASELINE:GO -> L1_SATURATION:GO -> L2_SLEW_LIMIT:GO -> L3_ACTUATOR_NONLINEAR:GO -> L4_SENSOR_EFFECTS:GO -> L5_FULL:GO -> L0_BASELINE:GO -> L1_SATURATION:GO -> L2_SLEW_LIMIT:GO -> L3_ACTUATOR_NONLINEAR:GO -> L4_SENSOR_EFFECTS:GO -> L5_FULL:GO -> L0_BASELINE:GO -> L1_SATURATION:GO -> L2_SLEW_LIMIT:GO -> L3_ACTUATOR_NONLINEAR:GO -> L4_SENSOR_EFFECTS:GO -> L5_FULL:GO -> L0_BASELINE:GO -> L1_SATURATION:GO -> L2_SLEW_LIMIT:GO -> L3_ACTUATOR_NONLINEAR:GO -> L4_SENSOR_EFFECTS:GO -> L5_FULL:GO -> L0_BASELINE:NOGO -> L1_SATURATION:NOGO -> L2_SLEW_LIMIT:NOGO -> L3_ACTUATOR_NONLINEAR:NOGO -> L4_SENSOR_EFFECTS:NOGO -> L5_FULL:NOGO -> L0_BASELINE:NOGO -> L1_SATURATION:NOGO -> L2_SLEW_LIMIT:NOGO -> L3_ACTUATOR_NONLINEAR:NOGO -> L4_SENSOR_EFFECTS:NOGO -> L5_FULL:NOGO,0.983172212673293,0.021880344183562,0.0751523348588453,-44.8525523059481,9.1999081368309,34.3051054556553,0.0824627986378182,0.125756631556387,5,0.397254474431871,73.3721590804389,13.5157023747189,Exp4,fidelity_ladder_summary,regime-pipeline-v1,15
R0016,FRAGILE,0,GO,1,L0_BASELINE,NONE,L0_BASELINE:GO -> L1_SATURATION:GO -> L2_SLEW_LIMIT:GO -> L3_ACTUATOR_NONLINEAR:GO -> L4_SENSOR_EFFECTS:GO -> L5_FULL:GO -> L0_BASELINE:GO -> L1_SATURATION:GO -> L2_SLEW_LIMIT:GO -> L3_ACTUATOR_NONLINEAR:GO -> L4_SENSOR_EFFECTS:GO -> L5_FULL:GO -> L0_BASELINE:GO -> L1_SATURATION:GO -> L2_SLEW_LIMIT:GO -> L3_ACTUATOR_NONLINEAR:GO -> L4_SENSOR_EFFECTS:GO -> L5_FULL:GO -> L0_BASELINE:NOGO -> L1_SATURATION:NOGO -> L2_SLEW_LIMIT:NOGO -> L3_ACTUATOR_NONLINEAR:NOGO -> L4_SENSOR_EFFECTS:NOGO -> L5_FULL:NOGO -> L0_BASELINE:NOGO -> L1_SATURATION:NOGO -> L2_SLEW_LIMIT:NOGO -> L3_ACTUATOR_NONLINEAR:NOGO -> L4_SENSOR_EFFECTS:NOGO -> L5_FULL:NOGO -> L0_BASELINE:GO -> L1_SATURATION:GO -> L2_SLEW_LIMIT:GO -> L3_ACTUATOR_NONLINEAR:GO -> L4_SENSOR_EFFECTS:GO -> L5_FULL:GO,1.7780854692257,0.0354135434712817,0.084788643814076,-38.0400908062338,10.2688487836552,44.3268143104023,0.10207492206868,0.142436736393603,1,0.299025589326103,110.077246633985,14.449914528754,Exp4,fidelity_ladder_summary,regime-pipeline-v1,16
R0017,INFEASIBLE,-2.31536570649342,NOGO,5,L4_SENSOR_EFFECTS,SENSOR_LATENCY_NOISE,L0_BASELINE:GO -> L1_SATURATION:GO -> L2_SLEW_LIMIT:GO -> L3_ACTUATOR_NONLINEAR:GO -> L4_SENSOR_EFFECTS:GO -> L5_FULL:GO -> L0_BASELINE:GO -> L1_SATURATION:GO -> L2_SLEW_LIMIT:GO -> L3_ACTUATOR_NONLINEAR:GO -> L4_SENSOR_EFFECTS:GO -> L5_FULL:GO -> L0_BASELINE:GO -> L1_SATURATION:GO -> L2_SLEW_LIMIT:GO -> L3_ACTUATOR_NONLINEAR:GO -> L4_SENSOR_EFFECTS:GO -> L5_FULL:GO -> L0_BASELINE:GO -> L1_SATURATION:GO -> L2_SLEW_LIMIT:GO -> L3_ACTUATOR_NONLINEAR:GO -> L4_SENSOR_EFFECTS:GO -> L5_FULL:GO -> L0_BASELINE:NOGO -> L1_SATURATION:NOGO -> L2_SLEW_LIMIT:NOGO -> L3_ACTUATOR_NONLINEAR:NOGO -> L4_SENSOR_EFFECTS:NOGO -> L5_FULL:NOGO -> L0_BASELINE:NOGO -> L1_SATURATION:NOGO -> L2_SLEW_LIMIT:NOGO -> L3_ACTUATOR_NONLINEAR:NOGO -> L4_SENSOR_EFFECTS:NOGO -> L5_FULL:NOGO,1.31635731909872,0.0126510930954411,0.210896540438616,-61.800109812035,11.9008070802857,49.5278467397089,0.109996886098472,0.0870237040547943,6,0.178492860230326,101.458175183447,10.6694074206951,Exp4,fidelity_ladder_summary,regime-pipeline-v1,17
R0018,EASY,1.71058209206212,GO,1,L0_BASELINE,NONE,L0_BASELINE:GO -> L1_SATURATION:GO -> L2_SLEW_LIMIT:GO -> L3_ACTUATOR_NONLINEAR:GO -> L4_SENSOR_EFFECTS:GO -> L5_FULL:GO -> L0_BASELINE:GO -> L1_SATURATION:GO -> L2_SLEW_LIMIT:GO -> L3_ACTUATOR_NONLINEAR:GO -> L4_SENSOR_EFFECTS:GO -> L5_FULL:GO -> L0_BASELINE:GO -> L1_SATURATION:GO -> L2_SLEW_LIMIT:GO -> L3_ACTUATOR_NONLINEAR:GO -> L4_SENSOR_EFFECTS:GO -> L5_FULL:GO -> L0_BASELINE:GO -> L1_SATURATION:GO -> L2_SLEW_LIMIT:GO -> L3_ACTUATOR_NONLINEAR:GO -> L4_SENSOR_EFFECTS:GO -> L5_FULL:GO -> L0_BASELINE:GO -> L1_SATURATION:GO -> L2_SLEW_LIMIT:GO -> L3_ACTUATOR_NONLINEAR:GO -> L4_SENSOR_EFFECTS:GO -> L5_FULL:GO -> L0_BASELINE:GO -> L1_SATURATION:GO -> L2_SLEW_LIMIT:GO -> L3_ACTUATOR_NONLINEAR:GO -> L4_SENSOR_EFFECTS:GO -> L5_FULL:GO,1.08836243349149,0.0105457581712102,0.109376370756123,-55.2009589976556,13.9895522253566,47.6107837374982,0.137233732900374,0.0208510854529858,1,0.25087227776851,51.4795604831173,10.1934725883706,Exp4,fidelity_ladder_summary,regime-pipeline-v1,18
R0019,EASY,1.91408378771041,GO,1,L0_BASELINE,NONE,L0_BASELINE:GO -> L1_SATURATION:GO -> L2_SLEW_LIMIT:GO -> L3_ACTUATOR_NONLINEAR:GO -> L4_SENSOR_EFFECTS:GO -> L5_FULL:GO -> L0_BASELINE:GO -> L1_SATURATION:GO -> L2_SLEW_LIMIT:GO -> L3_ACTUATOR_NONLINEAR:GO -> L4_SENSOR_EFFECTS:GO -> L5_FULL:GO -> L0_BASELINE:GO -> L1_SATURATION:GO -> L2_SLEW_LIMIT:GO -> L3_ACTUATOR_NONLINEAR:GO -> L4_SENSOR_EFFECTS:GO -> L5_FULL:GO -> L0_BASELINE:GO -> L1_SATURATION:GO -> L2_SLEW_LIMIT:GO -> L3_ACTUATOR_NONLINEAR:GO -> L4_SENSOR_EFFECTS:GO -> L5_FULL:GO -> L0_BASELINE:GO -> L1_SATURATION:GO -> L2_SLEW_LIMIT:GO -> L3_ACTUATOR_NONLINEAR:GO -> L4_SENSOR_EFFECTS:GO -> L5_FULL:GO -> L0_BASELINE:GO -> L1_SATURATION:GO -> L2_SLEW_LIMIT:GO -> L3_ACTUATOR_NONLINEAR:GO -> L4_SENSOR_EFFECTS:GO -> L5_FULL:GO,1.50748234668882,0.0355936891884276,0.0417609907274291,-50.8704773799137,13.6976311756412,43.0416108811848,0.086749229703853,0.0383782569684505,6,0.333171784355284,86.7050899932584,9.8416003576376,Exp4,fidelity_ladder_summary,regime-pipeline-v1,19
R0020,INFEASIBLE,-2.20845737567256,NOGO,4,L3_ACTUATOR_NONLINEAR,DEADBAND_BACKLASH,L0_BASELINE:GO -> L1_SATURATION:GO -> L2_SLEW_LIMIT:GO -> L3_ACTUATOR_NONLINEAR:GO -> L4_SENSOR_EFFECTS:GO -> L5_FULL:GO -> L0_BASELINE:GO -> L1_SATURATION:GO -> L2_SLEW_LIMIT:GO -> L3_ACTUATOR_NONLINEAR:GO -> L4_SENSOR_EFFECTS:GO -> L5_FULL:GO -> L0_BASELINE:GO -> L1_SATURATION:GO -> L2_SLEW_LIMIT:GO -> L3_ACTUATOR_NONLINEAR:GO -> L4_SENSOR_EFFECTS:GO -> L5_FULL:GO -> L0_BASELINE:NOGO -> L1_SATURATION:NOGO -> L2_SLEW_LIMIT:NOGO -> L3_ACTUATOR_NONLINEAR:NOGO -> L4_SENSOR_EFFECTS:NOGO -> L5_FULL:NOGO -> L0_BASELINE:GO -> L1_SATURATION:GO -> L2_SLEW_LIMIT:GO -> L3_ACTUATOR_NONLINEAR:GO -> L4_SENSOR_EFFECTS:GO -> L5_FULL:GO -> L0_BASELINE:NOGO -> L1_SATURATION:NOGO -> L2_SLEW_LIMIT:NOGO -> L3_ACTUATOR_NONLINEAR:NOGO -> L4_SENSOR_EFFECTS:NOGO -> L5_FULL:NOGO,1.81213196303405,0.038405893986821,0.128111688161435,-44.697892264476,11.3920840209079,28.7355207250208,0.148625468385731,0.0904674173764934,6,0.293349178467099,35.7118647830884,13.8269890921195,Exp4,fidelity_ladder_summary,regime-pipeline-v1,20
R0021,INFEASIBLE,-1.92348678256413,NOGO,4,L3_ACTUATOR_NONLINEAR,DEADBAND_BACKLASH,L0_BASELINE:GO -> L1_SATURATION:GO -> L2_SLEW_LIMIT:GO -> L3_ACTUATOR_NONLINEAR:GO -> L4_SENSOR_EFFECTS:GO -> L5_FULL:GO -> L0_BASELINE:GO -> L1_SATURATION:GO -> L2_SLEW_LIMIT:GO -> L3_ACTUATOR_NONLINEAR:GO -> L4_SENSOR_EFFECTS:GO -> L5_FULL:GO -> L0_BASELINE:GO -> L1_SATURATION:GO -> L2_SLEW_LIMIT:GO -> L3_ACTUATOR_NONLINEAR:GO -> L4_SENSOR_EFFECTS:GO -> L5_FULL:GO -> L0_BASELINE:NOGO -> L1_SATURATION:NOGO -> L2_SLEW_LIMIT:NOGO -> L3_ACTUATOR_NONLINEAR:NOGO -> L4_SENSOR_EFFECTS:NOGO -> L5_FULL:NOGO -> L0_BASELINE:NOGO -> L1_SATURATION:NOGO -> L2_SLEW_LIMIT:NOGO -> L3_ACTUATOR_NONLINEAR:NOGO -> L4_SENSOR_EFFECTS:NOGO -> L5_FULL:NOGO -> L0_BASELINE:NOGO -> L1_SATURATION:NOGO -> L2_SLEW_LIMIT:NOGO -> L3_ACTUATOR_NONLINEAR:NOGO -> L4_SENSOR_EFFECTS:NOGO -> L5_FULL:NOGO,1.26062073646105,0.0123621427949218,0.124148475645719,-49.523195195986,10.8775138721786,38.8334071424906,0.0447275458082901,0.185559786178627,2,0.204663325141453,47.280705229689,12.8469436866538,Exp4,fidelity_ladder_summary,regime-pipeline-v1,21
R0022,INFEASIBLE,-2.19103888267651,NOGO,4,L3_ACTUATOR_NONLINEAR,DEADBAND_BACKLASH,L0_BASELINE:GO -> L1_SATURATION:GO -> L2_SLEW_LIMIT:GO -> L3_ACTUATOR_NONLINEAR:GO -> L4_SENSOR_EFFECTS:GO -> L5_FULL:GO -> L0_BASELINE:GO -> L1_SATURATION:GO -> L2_SLEW_LIMIT:GO -> L3_ACTUATOR_NONLINEAR:GO -> L4_SENSOR_EFFECTS:GO -> L5_FULL:GO -> L0_BASELINE:GO -> L1_SATURATION:GO -> L2_SLEW_LIMIT:GO -> L3_ACTUATOR_NONLINEAR:GO -> L4_SENSOR_EFFECTS:GO -> L5_FULL:GO -> L0_BASELINE:NOGO -> L1_SATURATION:NOGO -> L2_SLEW_LIMIT:NOGO -> L3_ACTUATOR_NONLINEAR:NOGO -> L4_SENSOR_EFFECTS:NOGO -> L5_FULL:NOGO -> L0_BASELINE:NOGO -> L1_SATURATION:NOGO -> L2_SLEW_LIMIT:NOGO -> L3_ACTUATOR_NONLINEAR:NOGO -> L4_SENSOR_EFFECTS:NOGO -> L5_FULL:NOGO -> L0_BASELINE:NOGO -> L1_SATURATION:NOGO -> L2_SLEW_LIMIT:NOGO -> L3_ACTUATOR_NONLINEAR:NOGO -> L4_SENSOR_EFFECTS:NOGO -> L5_FULL:NOGO,1.41595727359817,0.0355042969548235,0.146810666441189,-55.8150985286462,10.8348193798117,28.4291081565067,0.139987660830462,0.139632006997668,5,0.0687157333925985,79.276893017989,8.850505202027,Exp4,fidelity_ladder_summary,regime-pipeline-v1,22
R0023,INFEASIBLE,-2.15936048526297,NOGO,4,L3_ACTUATOR_NONLINEAR,DEADBAND_BACKLASH,L0_BASELINE:GO -> L1_SATURATION:GO -> L2_SLEW_LIMIT:GO -> L3_ACTUATOR_NONLINEAR:GO -> L4_SENSOR_EFFECTS:GO -> L5_FULL:GO -> L0_BASELINE:GO -> L1_SATURATION:GO -> L2_SLEW_LIMIT:GO -> L3_ACTUATOR_NONLINEAR:GO -> L4_SENSOR_EFFECTS:GO -> L5_FULL:GO -> L0_BASELINE:GO -> L1_SATURATION:GO -> L2_SLEW_LIMIT:GO -> L3_ACTUATOR_NONLINEAR:GO -> L4_SENSOR_EFFECTS:GO -> L5_FULL:GO -> L0_BASELINE:NOGO -> L1_SATURATION:NOGO -> L2_SLEW_LIMIT:NOGO -> L3_ACTUATOR_NONLINEAR:NOGO -> L4_SENSOR_EFFECTS:NOGO -> L5_FULL:NOGO -> L0_BASELINE:NOGO -> L1_SATURATION:NOGO -> L2_SLEW_LIMIT:NOGO -> L3_ACTUATOR_NONLINEAR:NOGO -> L4_SENSOR_EFFECTS:NOGO -> L5_FULL:NOGO -> L0_BASELINE:NOGO -> L1_SATURATION:NOGO -> L2_SLEW_LIMIT:NOGO -> L3_ACTUATOR_NONLINEAR:NOGO -> L4_SENSOR_EFFECTS:NOGO -> L5_FULL:NOGO,1.76641269511391,0.0278757781739032,0.0528059368508185,-40.8138988669106,7.67299375845497,30.957841708792,0.0429705029833217,0.166982554220126,2,0.388494258740249,31.7458988641229,14.7960007494138,Exp4,fidelity_ladder_summary,regime-pipeline-v1,23
R0024,INFEASIBLE,-1.76896570089687,NOGO,5,L4_SENSOR_EFFECTS,SENSOR_LATENCY_NOISE,L0_BASELINE:GO -> L1_SATURATION:GO -> L2_SLEW_LIMIT:GO -> L3_ACTUATOR_NONLINEAR:GO -> L4_SENSOR_EFFECTS:GO -> L5_FULL:GO -> L0_BASELINE:GO -> L1_SATURATION:GO -> L2_SLEW_LIMIT:GO -> L3_ACTUATOR_NONLINEAR:GO -> L4_SENSOR_EFFECTS:GO -> L5_FULL:GO -> L0_BASELINE:GO -> L1_SATURATION:GO -> L2_SLEW_LIMIT:GO -> L3_ACTUATOR_NONLINEAR:GO -> L4_SENSOR_EFFECTS:GO -> L5_FULL:GO -> L0_BASELINE:GO -> L1_SATURATION:GO -> L2_SLEW_LIMIT:GO -> L3_ACTUATOR_NONLINEAR:GO -> L4_SENSOR_EFFECTS:GO -> L5_FULL:GO -> L0_BASELINE:NOGO -> L1_SATURATION:NOGO -> L2_SLEW_LIMIT:NOGO -> L3_ACTUATOR_NONLINEAR:NOGO -> L4_SENSOR_EFFECTS:NOGO -> L5_FULL:NOGO -> L0_BASELINE:NOGO -> L1_SATURATION:NOGO -> L2_SLEW_LIMIT:NOGO -> L3_ACTUATOR_NONLINEAR:NOGO -> L4_SENSOR_EFFECTS:NOGO -> L5_FULL:NOGO,1.88243358839737,0.0225692869222913,0.143692362587383,-68.6781976501145,7.4452047097144,41.4276078384071,0.10354602220834,0.0939750160912799,3,0.225272194500436,31.4842995942864,14.8373782240457,Exp4,fidelity_ladder_summary,regime-pipeline-v1,24
R0025,INFEASIBLE,-2.9000633934105,NOGO,4,L3_ACTUATOR_NONLINEAR,DEADBAND_BACKLASH,L0_BASELINE:GO -> L1_SATURATION:GO -> L2_SLEW_LIMIT:GO -> L3_ACTUATOR_NONLINEAR:GO -> L4_SENSOR_EFFECTS:GO -> L5_FULL:GO -> L0_BASELINE:GO -> L1_SATURATION:GO -> L2_SLEW_LIMIT:GO -> L3_ACTUATOR_NONLINEAR:GO -> L4_SENSOR_EFFECTS:GO -> L5_FULL:GO -> L0_BASELINE:GO -> L1_SATURATION:GO -> L2_SLEW_LIMIT:GO -> L3_ACTUATOR_NONLINEAR:GO -> L4_SENSOR_EFFECTS:GO -> L5_FULL:GO -> L0_BASELINE:NOGO -> L1_SATURATION:NOGO -> L2_SLEW_LIMIT:NOGO -> L3_ACTUATOR_NONLINEAR:NOGO -> L4_SENSOR_EFFECTS:NOGO -> L5_FULL:NOGO -> L0_BASELINE:NOGO -> L1_SATURATION:NOGO -> L2_SLEW_LIMIT:NOGO -> L3_ACTUATOR_NONLINEAR:NOGO -> L4_SENSOR_EFFECTS:NOGO -> L5_FULL:NOGO -> L0_BASELINE:NOGO -> L1_SATURATION:NOGO -> L2_SLEW_LIMIT:NOGO -> L3_ACTUATOR_NONLINEAR:NOGO -> L4_SENSOR_EFFECTS:NOGO -> L5_FULL:NOGO,2.02110535787116,0.0189479558469357,0.202756488389388,-65.9560888073971,11.9084520219584,43.4908988207055,0.147078974346322,0.193190328227735,6,0.276454919516961,46.6981401831393,12.5526464955772,Exp4,fidelity_ladder_summary,regime-pipeline-v1,25
R0026,EASY,1.56803052064881,GO,1,L0_BASELINE,NONE,L0_BASELINE:GO -> L1_SATURATION:GO -> L2_SLEW_LIMIT:GO -> L3_ACTUATOR_NONLINEAR:GO -> L4_SENSOR_EFFECTS:GO -> L5_FULL:GO -> L0_BASELINE:GO -> L1_SATURATION:GO -> L2_SLEW_LIMIT:GO -> L3_ACTUATOR_NONLINEAR:GO -> L4_SENSOR_EFFECTS:GO -> L5_FULL:GO -> L0_BASELINE:GO -> L1_SATURATION:GO -> L2_SLEW_LIMIT:GO -> L3_ACTUATOR_NONLINEAR:GO -> L4_SENSOR_EFFECTS:GO -> L5_FULL:GO -> L0_BASELINE:GO -> L1_SATURATION:GO -> L2_SLEW_LIMIT:GO -> L3_ACTUATOR_NONLINEAR:GO -> L4_SENSOR_EFFECTS:GO -> L5_FULL:GO -> L0_BASELINE:GO -> L1_SATURATION:GO -> L2_SLEW_LIMIT:GO -> L3_ACTUATOR_NONLINEAR:GO -> L4_SENSOR_EFFECTS:GO -> L5_FULL:GO -> L0_BASELINE:GO -> L1_SATURATION:GO -> L2_SLEW_LIMIT:GO -> L3_ACTUATOR_NONLINEAR:GO -> L4_SENSOR_EFFECTS:GO -> L5_FULL:GO,1.23215122294121,0.0276424070861021,0.152997246530493,-50.8649776976044,8.14892796813524,33.5257434117844,0.111354853467166,0.0588380806581889,5,0.27371737111059,72.2020250936979,11.1309484003844,Exp4,fidelity_ladder_summary,regime-pipeline-v1,26
R0027,INFEASIBLE,-2.00960748531197,NOGO,5,L4_SENSOR_EFFECTS,SENSOR_LATENCY_NOISE,L0_BASELINE:GO -> L1_SATURATION:GO -> L2_SLEW_LIMIT:GO -> L3_ACTUATOR_NONLINEAR:GO -> L4_SENSOR_EFFECTS:GO -> L5_FULL:GO -> L0_BASELINE:GO -> L1_SATURATION:GO -> L2_SLEW_LIMIT:GO -> L3_ACTUATOR_NONLINEAR:GO -> L4_SENSOR_EFFECTS:GO -> L5_FULL:GO -> L0_BASELINE:GO -> L1_SATURATION:GO -> L2_SLEW_LIMIT:GO -> L3_ACTUATOR_NONLINEAR:GO -> L4_SENSOR_EFFECTS:GO -> L5_FULL:GO -> L0_BASELINE:GO -> L1_SATURATION:GO -> L2_SLEW_LIMIT:GO -> L3_ACTUATOR_NONLINEAR:GO -> L4_SENSOR_EFFECTS:GO -> L5_FULL:GO -> L0_BASELINE:NOGO -> L1_SATURATION:NOGO -> L2_SLEW_LIMIT:NOGO -> L3_ACTUATOR_NONLINEAR:NOGO -> L4_SENSOR_EFFECTS:NOGO -> L5_FULL:NOGO -> L0_BASELINE:NOGO -> L1_SATURATION:NOGO -> L2_SLEW_LIMIT:NOGO -> L3_ACTUATOR_NONLINEAR:NOGO -> L4_SENSOR_EFFECTS:NOGO -> L5_FULL:NOGO,1.72187618655436,0.0312125994549386,0.208953340425705,-44.8190486336478,7.69972392748346,45.3947900434501,0.0627442750807498,0.19228591673305,3,0.151352877309173,82.2340537100887,12.5200247288065,Exp4,fidelity_ladder_summary,regime-pipeline-v1,27
R0028,EASY,1.89867650144705,GO,1,L0_BASELINE,NONE,L0_BASELINE:GO -> L1_SATURATION:GO -> L2_SLEW_LIMIT:GO -> L3_ACTUATOR_NONLINEAR:GO -> L4_SENSOR_EFFECTS:GO -> L5_FULL:GO -> L0_BASELINE:GO -> L1_SATURATION:GO -> L2_SLEW_LIMIT:GO -> L3_ACTUATOR_NONLINEAR:GO -> L4_SENSOR_EFFECTS:GO -> L5_FULL:GO -> L0_BASELINE:GO -> L1_SATURATION:GO -> L2_SLEW_LIMIT:GO -> L3_ACTUATOR_NONLINEAR:GO -> L4_SENSOR_EFFECTS:GO -> L5_FULL:GO -> L0_BASELINE:GO -> L1_SATURATION:GO -> L2_SLEW_LIMIT:GO -> L3_ACTUATOR_NONLINEAR:GO -> L4_SENSOR_EFFECTS:GO -> L5_FULL:GO -> L0_BASELINE:GO -> L1_SATURATION:GO -> L2_SLEW_LIMIT:GO -> L3_ACTUATOR_NONLINEAR:GO -> L4_SENSOR_EFFECTS:GO -> L5_FULL:GO -> L0_BASELINE:GO -> L1_SATURATION:GO -> L2_SLEW_LIMIT:GO -> L3_ACTUATOR_NONLINEAR:GO -> L4_SENSOR_EFFECTS:GO -> L5_FULL:GO,1.21995176952619,0.0192388590504052,0.13647099427763,-66.3596355341586,7.05230224176414,33.5331858373909,0.0669247546994514,0.0439771095760208,6,0.248298903010063,78.1233971977449,8.67975647353429,Exp4,fidelity_ladder_summary,regime-pipeline-v1,28
R0029,INFEASIBLE,-2.47000922559558,NOGO,4,L3_ACTUATOR_NONLINEAR,DEADBAND_BACKLASH,L0_BASELINE:GO -> L1_SATURATION:GO -> L2_SLEW_LIMIT:GO -> L3_ACTUATOR_NONLINEAR:GO -> L4_SENSOR_EFFECTS:GO -> L5_FULL:GO -> L0_BASELINE:GO -> L1_SATURATION:GO -> L2_SLEW_LIMIT:GO -> L3_ACTUATOR_NONLINEAR:GO -> L4_SENSOR_EFFECTS:GO -> L5_FULL:GO -> L0_BASELINE:GO -> L1_SATURATION:GO -> L2_SLEW_LIMIT:GO -> L3_ACTUATOR_NONLINEAR:GO -> L4_SENSOR_EFFECTS:GO -> L5_FULL:GO -> L0_BASELINE:NOGO -> L1_SATURATION:NOGO -> L2_SLEW_LIMIT:NOGO -> L3_ACTUATOR_NONLINEAR:NOGO -> L4_SENSOR_EFFECTS:NOGO -> L5_FULL:NOGO -> L0_BASELINE:NOGO -> L1_SATURATION:NOGO -> L2_SLEW_LIMIT:NOGO -> L3_ACTUATOR_NONLINEAR:NOGO -> L4_SENSOR_EFFECTS:NOGO -> L5_FULL:NOGO -> L0_BASELINE:NOGO -> L1_SATURATION:NOGO -> L2_SLEW_LIMIT:NOGO -> L3_ACTUATOR_NONLINEAR:NOGO -> L4_SENSOR_EFFECTS:NOGO -> L5_FULL:NOGO,1.416356939623,0.035394478302285,0.147751551359595,-44.6707055631755,13.4161646049344,34.8317364966789,0.119563892139182,0.207941956407321,3,0.10779185922431,42.5311392683281,10.9410468311931,Exp4,fidelity_ladder_summary,regime-pipeline-v1,29
R0030,FRAGILE,0,GO,1,L0_BASELINE,NONE,L0_BASELINE:GO -> L1_SATURATION:GO -> L2_SLEW_LIMIT:GO -> L3_ACTUATOR_NONLINEAR:GO -> L4_SENSOR_EFFECTS:GO -> L5_FULL:GO -> L0_BASELINE:GO -> L1_SATURATION:GO -> L2_SLEW_LIMIT:GO -> L3_ACTUATOR_NONLINEAR:GO -> L4_SENSOR_EFFECTS:GO -> L5_FULL:GO -> L0_BASELINE:GO -> L1_SATURATION:GO -> L2_SLEW_LIMIT:GO -> L3_ACTUATOR_NONLINEAR:GO -> L4_SENSOR_EFFECTS:GO -> L5_FULL:GO -> L0_BASELINE:NOGO -> L1_SATURATION:NOGO -> L2_SLEW_LIMIT:NOGO -> L3_ACTUATOR_NONLINEAR:NOGO -> L4_SENSOR_EFFECTS:NOGO -> L5_FULL:NOGO -> L0_BASELINE:NOGO -> L1_SATURATION:NOGO -> L2_SLEW_LIMIT:NOGO -> L3_ACTUATOR_NONLINEAR:NOGO -> L4_SENSOR_EFFECTS:NOGO -> L5_FULL:NOGO -> L0_BASELINE:GO -> L1_SATURATION:GO -> L2_SLEW_LIMIT:GO -> L3_ACTUATOR_NONLINEAR:GO -> L4_SENSOR_EFFECTS:GO -> L5_FULL:GO,1.7716810541679,0.035276865005073,0.211547154139606,-50.3375907521755,11.6071162746379,33.9641653374336,0.0378464550647107,0.0788030456931902,2,0.174393773183192,69.3183495777142,10.7649626087261,Exp4,fidelity_ladder_summary,regime-pipeline-v1,30
R0031,INFEASIBLE,-1.87852891417586,NOGO,5,L4_SENSOR_EFFECTS,SENSOR_LATENCY_NOISE,L0_BASELINE:GO -> L1_SATURATION:GO -> L2_SLEW_LIMIT:GO -> L3_ACTUATOR_NONLINEAR:GO -> L4_SENSOR_EFFECTS:GO -> L5_FULL:GO -> L0_BASELINE:GO -> L1_SATURATION:GO -> L2_SLEW_LIMIT:GO -> L3_ACTUATOR_NONLINEAR:GO -> L4_SENSOR_EFFECTS:GO -> L5_FULL:GO -> L0_BASELINE:GO -> L1_SATURATION:GO -> L2_SLEW_LIMIT:GO -> L3_ACTUATOR_NONLINEAR:GO -> L4_SENSOR_EFFECTS:GO -> L5_FULL:GO -> L0_BASELINE:GO -> L1_SATURATION:GO -> L2_SLEW_LIMIT:GO -> L3_ACTUATOR_NONLINEAR:GO -> L4_SENSOR_EFFECTS:GO -> L5_FULL:GO -> L0_BASELINE:NOGO -> L1_SATURATION:NOGO -> L2_SLEW_LIMIT:NOGO -> L3_ACTUATOR_NONLINEAR:NOGO -> L4_SENSOR_EFFECTS:NOGO -> L5_FULL:NOGO -> L0_BASELINE:NOGO -> L1_SATURATION:NOGO -> L2_SLEW_LIMIT:NOGO -> L3_ACTUATOR_NONLINEAR:NOGO -> L4_SENSOR_EFFECTS:NOGO -> L5_FULL:NOGO,1.4648563434008,0.0200076179004944,0.0657019508863623,-43.1732967292364,12.9016141702193,34.7835971178622,0.0208368430677516,0.0850433627988211,1,0.286607877457412,77.9497052088597,10.8224688024499,Exp4,fidelity_ladder_summary,regime-pipeline-v1,31
R0032,INFEASIBLE,-2.3828795843976,NOGO,4,L3_ACTUATOR_NONLINEAR,DEADBAND_BACKLASH,L0_BASELINE:GO -> L1_SATURATION:GO -> L2_SLEW_LIMIT:GO -> L3_ACTUATOR_NONLINEAR:GO -> L4_SENSOR_EFFECTS:GO -> L5_FULL:GO -> L0_BASELINE:GO -> L1_SATURATION:GO -> L2_SLEW_LIMIT:GO -> L3_ACTUATOR_NONLINEAR:GO -> L4_SENSOR_EFFECTS:GO -> L5_FULL:GO -> L0_BASELINE:GO -> L1_SATURATION:GO -> L2_SLEW_LIMIT:GO -> L3_ACTUATOR_NONLINEAR:GO -> L4_SENSOR_EFFECTS:GO -> L5_FULL:GO -> L0_BASELINE:NOGO -> L1_SATURATION:NOGO -> L2_SLEW_LIMIT:NOGO -> L3_ACTUATOR_NONLINEAR:NOGO -> L4_SENSOR_EFFECTS:NOGO -> L5_FULL:NOGO -> L0_BASELINE:NOGO -> L1_SATURATION:NOGO -> L2_SLEW_LIMIT:NOGO -> L3_ACTUATOR_NONLINEAR:NOGO -> L4_SENSOR_EFFECTS:NOGO -> L5_FULL:NOGO -> L0_BASELINE:NOGO -> L1_SATURATION:NOGO -> L2_SLEW_LIMIT:NOGO -> L3_ACTUATOR_NONLINEAR:NOGO -> L4_SENSOR_EFFECTS:NOGO -> L5_FULL:NOGO,1.80546697588232,0.0286763284911326,0.0783899517958881,-56.4477650874565,10.167630324822,32.8227103117999,0.0526679029108746,0.249821287151104,1,0.132249699141599,69.1283557046937,14.0488091230485,Exp4,fidelity_ladder_summary,regime-pipeline-v1,32
R0033,EASY,2.21884327821652,GO,1,L0_BASELINE,NONE,L0_BASELINE:GO -> L1_SATURATION:GO -> L2_SLEW_LIMIT:GO -> L3_ACTUATOR_NONLINEAR:GO -> L4_SENSOR_EFFECTS:GO -> L5_FULL:GO -> L0_BASELINE:GO -> L1_SATURATION:GO -> L2_SLEW_LIMIT:GO -> L3_ACTUATOR_NONLINEAR:GO -> L4_SENSOR_EFFECTS:GO -> L5_FULL:GO -> L0_BASELINE:GO -> L1_SATURATION:GO -> L2_SLEW_LIMIT:GO -> L3_ACTUATOR_NONLINEAR:GO -> L4_SENSOR_EFFECTS:GO -> L5_FULL:GO -> L0_BASELINE:GO -> L1_SATURATION:GO -> L2_SLEW_LIMIT:GO -> L3_ACTUATOR_NONLINEAR:GO -> L4_SENSOR_EFFECTS:GO -> L5_FULL:GO -> L0_BASELINE:GO -> L1_SATURATION:GO -> L2_SLEW_LIMIT:GO -> L3_ACTUATOR_NONLINEAR:GO -> L4_SENSOR_EFFECTS:GO -> L5_FULL:GO -> L0_BASELINE:GO -> L1_SATURATION:GO -> L2_SLEW_LIMIT:GO -> L3_ACTUATOR_NONLINEAR:GO -> L4_SENSOR_EFFECTS:GO -> L5_FULL:GO,0.988940817507077,0.0172074729793598,0.203866235561299,-45.1474209476281,6.1053928974429,45.6519943279914,0.0214865313910793,0.0211117402450708,5,0.214738031396079,55.5244679185813,11.7513175574632,Exp4,fidelity_ladder_summary,regime-pipeline-v1,33
R0034,FRAGILE,0,NOGO,5,L4_SENSOR_EFFECTS,SENSOR_LATENCY_NOISE,L0_BASELINE:GO -> L1_SATURATION:GO -> L2_SLEW_LIMIT:GO -> L3_ACTUATOR_NONLINEAR:GO -> L4_SENSOR_EFFECTS:GO -> L5_FULL:GO -> L0_BASELINE:GO -> L1_SATURATION:GO -> L2_SLEW_LIMIT:GO -> L3_ACTUATOR_NONLINEAR:GO -> L4_SENSOR_EFFECTS:GO -> L5_FULL:GO -> L0_BASELINE:GO -> L1_SATURATION:GO -> L2_SLEW_LIMIT:GO -> L3_ACTUATOR_NONLINEAR:GO -> L4_SENSOR_EFFECTS:GO -> L5_FULL:GO -> L0_BASELINE:GO -> L1_SATURATION:GO -> L2_SLEW_LIMIT:GO -> L3_ACTUATOR_NONLINEAR:GO -> L4_SENSOR_EFFECTS:GO -> L5_FULL:GO -> L0_BASELINE:NOGO -> L1_SATURATION:NOGO -> L2_SLEW_LIMIT:NOGO -> L3_ACTUATOR_NONLINEAR:NOGO -> L4_SENSOR_EFFECTS:NOGO -> L5_FULL:NOGO -> L0_BASELINE:NOGO -> L1_SATURATION:NOGO -> L2_SLEW_LIMIT:NOGO -> L3_ACTUATOR_NONLINEAR:NOGO -> L4_SENSOR_EFFECTS:NOGO -> L5_FULL:NOGO,1.57710220584531,0.0213395455276429,0.228803840951865,-36.1807088260148,6.06530945371602,36.8137605870961,0.0619588081836952,0.128578872299832,6,0.244590292367924,78.0622503951506,12.1555111285537,Exp4,fidelity_ladder_summary,regime-pipeline-v1,34
R0035,EASY,2.25073995610925,GO,1,L0_BASELINE,NONE,L0_BASELINE:GO -> L1_SATURATION:GO -> L2_SLEW_LIMIT:GO -> L3_ACTUATOR_NONLINEAR:GO -> L4_SENSOR_EFFECTS:GO -> L5_FULL:GO -> L0_BASELINE:GO -> L1_SATURATION:GO -> L2_SLEW_LIMIT:GO -> L3_ACTUATOR_NONLINEAR:GO -> L4_SENSOR_EFFECTS:GO -> L5_FULL:GO -> L0_BASELINE:GO -> L1_SATURATION:GO -> L2_SLEW_LIMIT:GO -> L3_ACTUATOR_NONLINEAR:GO -> L4_SENSOR_EFFECTS:GO -> L5_FULL:GO -> L0_BASELINE:GO -> L1_SATURATION:GO -> L2_SLEW_LIMIT:GO -> L3_ACTUATOR_NONLINEAR:GO -> L4_SENSOR_EFFECTS:GO -> L5_FULL:GO -> L0_BASELINE:GO -> L1_SATURATION:GO -> L2_SLEW_LIMIT:GO -> L3_ACTUATOR_NONLINEAR:GO -> L4_SENSOR_EFFECTS:GO -> L5_FULL:GO -> L0_BASELINE:GO -> L1_SATURATION:GO -> L2_SLEW_LIMIT:GO -> L3_ACTUATOR_NONLINEAR:GO -> L4_SENSOR_EFFECTS:GO -> L5_FULL:GO,2.00216350672616,0.0171123557183154,0.22126139867211,-39.9645205320051,10.0705902900472,29.8197955203022,0.0767227000148249,0.001998974583473,4,0.0657765114118497,51.1121572387198,11.5445516408151,Exp4,fidelity_ladder_summary,regime-pipeline-v1,35
R0036,INFEASIBLE,-2.33810837153128,NOGO,4,L3_ACTUATOR_NONLINEAR,DEADBAND_BACKLASH,L0_BASELINE:GO -> L1_SATURATION:GO -> L2_SLEW_LIMIT:GO -> L3_ACTUATOR_NONLINEAR:GO -> L4_SENSOR_EFFECTS:GO -> L5_FULL:GO -> L0_BASELINE:GO -> L1_SATURATION:GO -> L2_SLEW_LIMIT:GO -> L3_ACTUATOR_NONLINEAR:GO -> L4_SENSOR_EFFECTS:GO -> L5_FULL:GO -> L0_BASELINE:GO -> L1_SATURATION:GO -> L2_SLEW_LIMIT:GO -> L3_ACTUATOR_NONLINEAR:GO -> L4_SENSOR_EFFECTS:GO -> L5_FULL:GO -> L0_BASELINE:NOGO -> L1_SATURATION:NOGO -> L2_SLEW_LIMIT:NOGO -> L3_ACTUATOR_NONLINEAR:NOGO -> L4_SENSOR_EFFECTS:NOGO -> L5_FULL:NOGO -> L0_BASELINE:NOGO -> L1_SATURATION:NOGO -> L2_SLEW_LIMIT:NOGO -> L3_ACTUATOR_NONLINEAR:NOGO -> L4_SENSOR_EFFECTS:NOGO -> L5_FULL:NOGO -> L0_BASELINE:NOGO -> L1_SATURATION:NOGO -> L2_SLEW_LIMIT:NOGO -> L3_ACTUATOR_NONLINEAR:NOGO -> L4_SENSOR_EFFECTS:NOGO -> L5_FULL:NOGO,1.57597224014401,0.031291686899444,0.0953461976236451,-46.2991086141921,5.32329184326388,38.9956362441976,0.038484803863846,0.18137078666178,5,0.373166790158474,63.2256813284275,14.0570533497191,Exp4,fidelity_ladder_summary,regime-pipeline-v1,36
R0037,INFEASIBLE,-1.97706743774001,NOGO,4,L3_ACTUATOR_NONLINEAR,DEADBAND_BACKLASH,L0_BASELINE:GO -> L1_SATURATION:GO -> L2_SLEW_LIMIT:GO -> L3_ACTUATOR_NONLINEAR:GO -> L4_SENSOR_EFFECTS:GO -> L5_FULL:GO -> L0_BASELINE:GO -> L1_SATURATION:GO -> L2_SLEW_LIMIT:GO -> L3_ACTUATOR_NONLINEAR:GO -> L4_SENSOR_EFFECTS:GO -> L5_FULL:GO -> L0_BASELINE:GO -> L1_SATURATION:GO -> L2_SLEW_LIMIT:GO -> L3_ACTUATOR_NONLINEAR:GO -> L4_SENSOR_EFFECTS:GO -> L5_FULL:GO -> L0_BASELINE:NOGO -> L1_SATURATION:NOGO -> L2_SLEW_LIMIT:NOGO -> L3_ACTUATOR_NONLINEAR:NOGO -> L4_SENSOR_EFFECTS:NOGO -> L5_FULL:NOGO -> L0_BASELINE:NOGO -> L1_SATURATION:NOGO -> L2_SLEW_LIMIT:NOGO -> L3_ACTUATOR_NONLINEAR:NOGO -> L4_SENSOR_EFFECTS:NOGO -> L5_FULL:NOGO -> L0_BASELINE:NOGO -> L1_SATURATION:NOGO -> L2_SLEW_LIMIT:NOGO -> L3_ACTUATOR_NONLINEAR:NOGO -> L4_SENSOR_EFFECTS:NOGO -> L5_FULL:NOGO,1.1440457003323,0.0209796949455211,0.107772582882582,-69.6592420710009,10.8808493438376,26.5464997659476,0.0733402060401315,0.115826177943782,4,0.164822306336855,42.6308325904894,12.0531957085054,Exp4,fidelity_ladder_summary,regime-pipeline-v1,37
R0038,INFEASIBLE,-2.74224549330696,NOGO,4,L3_ACTUATOR_NONLINEAR,DEADBAND_BACKLASH,L0_BASELINE:GO -> L1_SATURATION:GO -> L2_SLEW_LIMIT:GO -> L3_ACTUATOR_NONLINEAR:GO -> L4_SENSOR_EFFECTS:GO -> L5_FULL:GO -> L0_BASELINE:GO -> L1_SATURATION:GO -> L2_SLEW_LIMIT:GO -> L3_ACTUATOR_NONLINEAR:GO -> L4_SENSOR_EFFECTS:GO -> L5_FULL:GO -> L0_BASELINE:GO -> L1_SATURATION:GO -> L2_SLEW_LIMIT:GO -> L3_ACTUATOR_NONLINEAR:GO -> L4_SENSOR_EFFECTS:GO -> L5_FULL:GO -> L0_BASELINE:NOGO -> L1_SATURATION:NOGO -> L2_SLEW_LIMIT:NOGO -> L3_ACTUATOR_NONLINEAR:NOGO -> L4_SENSOR_EFFECTS:NOGO -> L5_FULL:NOGO -> L0_BASELINE:NOGO -> L1_SATURATION:NOGO -> L2_SLEW_LIMIT:NOGO -> L3_ACTUATOR_NONLINEAR:NOGO -> L4_SENSOR_EFFECTS:NOGO -> L5_FULL:NOGO -> L0_BASELINE:NOGO -> L1_SATURATION:NOGO -> L2_SLEW_LIMIT:NOGO -> L3_ACTUATOR_NONLINEAR:NOGO -> L4_SENSOR_EFFECTS:NOGO -> L5_FULL:NOGO,1.99950099374439,0.0117898162280413,0.231613945624613,-66.3537184268797,11.0000429322037,42.8778177214671,0.0158929714281013,0.219141063777497,5,0.218894364286507,49.6731389651696,9.95256029173429,Exp4,fidelity_ladder_summary,regime-pipeline-v1,38
R0039,EASY,2.07886384583602,GO,1,L0_BASELINE,NONE,L0_BASELINE:GO -> L1_SATURATION:GO -> L2_SLEW_LIMIT:GO -> L3_ACTUATOR_NONLINEAR:GO -> L4_SENSOR_EFFECTS:GO -> L5_FULL:GO -> L0_BASELINE:GO -> L1_SATURATION:GO -> L2_SLEW_LIMIT:GO -> L3_ACTUATOR_NONLINEAR:GO -> L4_SENSOR_EFFECTS:GO -> L5_FULL:GO -> L0_BASELINE:GO -> L1_SATURATION:GO -> L2_SLEW_LIMIT:GO -> L3_ACTUATOR_NONLINEAR:GO -> L4_SENSOR_EFFECTS:GO -> L5_FULL:GO -> L0_BASELINE:GO -> L1_SATURATION:GO -> L2_SLEW_LIMIT:GO -> L3_ACTUATOR_NONLINEAR:GO -> L4_SENSOR_EFFECTS:GO -> L5_FULL:GO -> L0_BASELINE:GO -> L1_SATURATION:GO -> L2_SLEW_LIMIT:GO -> L3_ACTUATOR_NONLINEAR:GO -> L4_SENSOR_EFFECTS:GO -> L5_FULL:GO -> L0_BASELINE:GO -> L1_SATURATION:GO -> L2_SLEW_LIMIT:GO -> L3_ACTUATOR_NONLINEAR:GO -> L4_SENSOR_EFFECTS:GO -> L5_FULL:GO,1.05013927509791,0.023852717158329,0.115189108292304,-37.1837519755069,6.47015332522451,38.8959819397524,0.033743497690323,0.00209633495106392,3,0.27083197532428,44.8289253143731,14.916003638643,Exp4,fidelity_ladder_summary,regime-pipeline-v1,39
R0040,EASY,1.80142218454292,GO,1,L0_BASELINE,NONE,L0_BASELINE:GO -> L1_SATURATION:GO -> L2_SLEW_LIMIT:GO -> L3_ACTUATOR_NONLINEAR:GO -> L4_SENSOR_EFFECTS:GO -> L5_FULL:GO -> L0_BASELINE:GO -> L1_SATURATION:GO -> L2_SLEW_LIMIT:GO -> L3_ACTUATOR_NONLINEAR:GO -> L4_SENSOR_EFFECTS:GO -> L5_FULL:GO -> L0_BASELINE:GO -> L1_SATURATION:GO -> L2_SLEW_LIMIT:GO -> L3_ACTUATOR_NONLINEAR:GO -> L4_SENSOR_EFFECTS:GO -> L5_FULL:GO -> L0_BASELINE:GO -> L1_SATURATION:GO -> L2_SLEW_LIMIT:GO -> L3_ACTUATOR_NONLINEAR:GO -> L4_SENSOR_EFFECTS:GO -> L5_FULL:GO -> L0_BASELINE:GO -> L1_SATURATION:GO -> L2_SLEW_LIMIT:GO -> L3_ACTUATOR_NONLINEAR:GO -> L4_SENSOR_EFFECTS:GO -> L5_FULL:GO -> L0_BASELINE:GO -> L1_SATURATION:GO -> L2_SLEW_LIMIT:GO -> L3_ACTUATOR_NONLINEAR:GO -> L4_SENSOR_EFFECTS:GO -> L5_FULL:GO,1.93615891813449,0.0296614154664637,0.191391424348242,-47.5493328959689,5.42498169860604,36.3257877065742,0.14614014117645,0.0594854250957734,3,0.240822667373638,27.7354259159497,11.4843429324401,Exp4,fidelity_ladder_summary,regime-pipeline-v1,40
R0041,EASY,2.07311418609015,GO,1,L0_BASELINE,NONE,L0_BASELINE:GO -> L1_SATURATION:GO -> L2_SLEW_LIMIT:GO -> L3_ACTUATOR_NONLINEAR:GO -> L4_SENSOR_EFFECTS:GO -> L5_FULL:GO -> L0_BASELINE:GO -> L1_SATURATION:GO -> L2_SLEW_LIMIT:GO -> L3_ACTUATOR_NONLINEAR:GO -> L4_SENSOR_EFFECTS:GO -> L5_FULL:GO -> L0_BASELINE:GO -> L1_SATURATION:GO -> L2_SLEW_LIMIT:GO -> L3_ACTUATOR_NONLINEAR:GO -> L4_SENSOR_EFFECTS:GO -> L5_FULL:GO -> L0_BASELINE:GO -> L1_SATURATION:GO -> L2_SLEW_LIMIT:GO -> L3_ACTUATOR_NONLINEAR:GO -> L4_SENSOR_EFFECTS:GO -> L5_FULL:GO -> L0_BASELINE:GO -> L1_SATURATION:GO -> L2_SLEW_LIMIT:GO -> L3_ACTUATOR_NONLINEAR:GO -> L4_SENSOR_EFFECTS:GO -> L5_FULL:GO -> L0_BASELINE:GO -> L1_SATURATION:GO -> L2_SLEW_LIMIT:GO -> L3_ACTUATOR_NONLINEAR:GO -> L4_SENSOR_EFFECTS:GO -> L5_FULL:GO,1.06559538896146,0.0263269830078848,0.184521880560025,-47.9159412081839,9.18971802091252,46.1034406499162,0.0646219975084022,0.0651037354398138,4,0.123802166736418,76.1122327797007,11.5945455571227,Exp4,fidelity_ladder_summary,regime-pipeline-v1,41
R0042,INFEASIBLE,-2.61799702966531,NOGO,4,L3_ACTUATOR_NONLINEAR,DEADBAND_BACKLASH,L0_BASELINE:GO -> L1_SATURATION:GO -> L2_SLEW_LIMIT:GO -> L3_ACTUATOR_NONLINEAR:GO -> L4_SENSOR_EFFECTS:GO -> L5_FULL:GO -> L0_BASELINE:GO -> L1_SATURATION:GO -> L2_SLEW_LIMIT:GO -> L3_ACTUATOR_NONLINEAR:GO -> L4_SENSOR_EFFECTS:GO -> L5_FULL:GO -> L0_BASELINE:GO -> L1_SATURATION:GO -> L2_SLEW_LIMIT:GO -> L3_ACTUATOR_NONLINEAR:GO -> L4_SENSOR_EFFECTS:GO -> L5_FULL:GO -> L0_BASELINE:NOGO -> L1_SATURATION:NOGO -> L2_SLEW_LIMIT:NOGO -> L3_ACTUATOR_NONLINEAR:NOGO -> L4_SENSOR_EFFECTS:NOGO -> L5_FULL:NOGO -> L0_BASELINE:NOGO -> L1_SATURATION:NOGO -> L2_SLEW_LIMIT:NOGO -> L3_ACTUATOR_NONLINEAR:NOGO -> L4_SENSOR_EFFECTS:NOGO -> L5_FULL:NOGO -> L0_BASELINE:NOGO -> L1_SATURATION:NOGO -> L2_SLEW_LIMIT:NOGO -> L3_ACTUATOR_NONLINEAR:NOGO -> L4_SENSOR_EFFECTS:NOGO -> L5_FULL:NOGO,0.955412434000662,0.0397144788370912,0.0963302931772526,-33.2066577485501,10.3968635717837,25.5836260309185,0.134222574483144,0.231262205718324,3,0.427479576020328,59.2035887221675,11.5027176358921,Exp4,fidelity_ladder_summary,regime-pipeline-v1,42
R0043,INFEASIBLE,-2.29642617054745,NOGO,4,L3_ACTUATOR_NONLINEAR,DEADBAND_BACKLASH,L0_BASELINE:GO -> L1_SATURATION:GO -> L2_SLEW_LIMIT:GO -> L3_ACTUATOR_NONLINEAR:GO -> L4_SENSOR_EFFECTS:GO -> L5_FULL:GO -> L0_BASELINE:GO -> L1_SATURATION:GO -> L2_SLEW_LIMIT:GO -> L3_ACTUATOR_NONLINEAR:GO -> L4_SENSOR_EFFECTS:GO -> L5_FULL:GO -> L0_BASELINE:GO -> L1_SATURATION:GO -> L2_SLEW_LIMIT:GO -> L3_ACTUATOR_NONLINEAR:GO -> L4_SENSOR_EFFECTS:GO -> L5_FULL:GO -> L0_BASELINE:NOGO -> L1_SATURATION:NOGO -> L2_SLEW_LIMIT:NOGO -> L3_ACTUATOR_NONLINEAR:NOGO -> L4_SENSOR_EFFECTS:NOGO -> L5_FULL:NOGO -> L0_BASELINE:NOGO -> L1_SATURATION:NOGO -> L2_SLEW_LIMIT:NOGO -> L3_ACTUATOR_NONLINEAR:NOGO -> L4_SENSOR_EFFECTS:NOGO -> L5_FULL:NOGO -> L0_BASELINE:NOGO -> L1_SATURATION:NOGO -> L2_SLEW_LIMIT:NOGO -> L3_ACTUATOR_NONLINEAR:NOGO -> L4_SENSOR_EFFECTS:NOGO -> L5_FULL:NOGO,2.05543280667371,0.0228632343026963,0.134626505380445,-57.648566601897,8.40285915875133,43.0586589673537,0.091466621321486,0.19844637269744,5,0.304620848128571,66.4570411273724,14.0950201330881,Exp4,fidelity_ladder_summary,regime-pipeline-v1,43
R0044,INFEASIBLE,-2.45183131787678,NOGO,4,L3_ACTUATOR_NONLINEAR,DEADBAND_BACKLASH,L0_BASELINE:GO -> L1_SATURATION:GO -> L2_SLEW_LIMIT:GO -> L3_ACTUATOR_NONLINEAR:GO -> L4_SENSOR_EFFECTS:GO -> L5_FULL:GO -> L0_BASELINE:GO -> L1_SATURATION:GO -> L2_SLEW_LIMIT:GO -> L3_ACTUATOR_NONLINEAR:GO -> L4_SENSOR_EFFECTS:GO -> L5_FULL:GO -> L0_BASELINE:GO -> L1_SATURATION:GO -> L2_SLEW_LIMIT:GO -> L3_ACTUATOR_NONLINEAR:GO -> L4_SENSOR_EFFECTS:GO -> L5_FULL:GO -> L0_BASELINE:NOGO -> L1_SATURATION:NOGO -> L2_SLEW_LIMIT:NOGO -> L3_ACTUATOR_NONLINEAR:NOGO -> L4_SENSOR_EFFECTS:NOGO -> L5_FULL:NOGO -> L0_BASELINE:NOGO -> L1_SATURATION:NOGO -> L2_SLEW_LIMIT:NOGO -> L3_ACTUATOR_NONLINEAR:NOGO -> L4_SENSOR_EFFECTS:NOGO -> L5_FULL:NOGO -> L0_BASELINE:NOGO -> L1_SATURATION:NOGO -> L2_SLEW_LIMIT:NOGO -> L3_ACTUATOR_NONLINEAR:NOGO -> L4_SENSOR_EFFECTS:NOGO -> L5_FULL:NOGO,1.68684746632158,0.0289485653038862,0.0519948575039172,-56.5049000297853,5.40912924953698,26.6119196792495,0.0899518011664978,0.243331426403677,1,0.256796858738943,47.9546912070982,14.3375379466247,Exp4,fidelity_ladder_summary,regime-pipeline-v1,44
R0045,EASY,1.8723637453167,GO,1,L0_BASELINE,NONE,L0_BASELINE:GO -> L1_SATURATION:GO -> L2_SLEW_LIMIT:GO -> L3_ACTUATOR_NONLINEAR:GO -> L4_SENSOR_EFFECTS:GO -> L5_FULL:GO -> L0_BASELINE:GO -> L1_SATURATION:GO -> L2_SLEW_LIMIT:GO -> L3_ACTUATOR_NONLINEAR:GO -> L4_SENSOR_EFFECTS:GO -> L5_FULL:GO -> L0_BASELINE:GO -> L1_SATURATION:GO -> L2_SLEW_LIMIT:GO -> L3_ACTUATOR_NONLINEAR:GO -> L4_SENSOR_EFFECTS:GO -> L5_FULL:GO -> L0_BASELINE:GO -> L1_SATURATION:GO -> L2_SLEW_LIMIT:GO -> L3_ACTUATOR_NONLINEAR:GO -> L4_SENSOR_EFFECTS:GO -> L5_FULL:GO -> L0_BASELINE:GO -> L1_SATURATION:GO -> L2_SLEW_LIMIT:GO -> L3_ACTUATOR_NONLINEAR:GO -> L4_SENSOR_EFFECTS:GO -> L5_FULL:GO -> L0_BASELINE:GO -> L1_SATURATION:GO -> L2_SLEW_LIMIT:GO -> L3_ACTUATOR_NONLINEAR:GO -> L4_SENSOR_EFFECTS:GO -> L5_FULL:GO,1.42639827560533,0.0303483636233752,0.0407393230142183,-57.2648439479939,10.9634195849629,36.1776985201071,0.127149276845463,0.0349268663964108,3,0.321764641578564,30.355013924474,14.1171529942924,Exp4,fidelity_ladder_summary,regime-pipeline-v1,45
R0046,INFEASIBLE,-1.9999169330521,NOGO,4,L3_ACTUATOR_NONLINEAR,DEADBAND_BACKLASH,L0_BASELINE:GO -> L1_SATURATION:GO -> L2_SLEW_LIMIT:GO -> L3_ACTUATOR_NONLINEAR:GO -> L4_SENSOR_EFFECTS:GO -> L5_FULL:GO -> L0_BASELINE:GO -> L1_SATURATION:GO -> L2_SLEW_LIMIT:GO -> L3_ACTUATOR_NONLINEAR:GO -> L4_SENSOR_EFFECTS:GO -> L5_FULL:GO -> L0_BASELINE:GO -> L1_SATURATION:GO -> L2_SLEW_LIMIT:GO -> L3_ACTUATOR_NONLINEAR:GO -> L4_SENSOR_EFFECTS:GO -> L5_FULL:GO -> L0_BASELINE:NOGO -> L1_SATURATION:NOGO -> L2_SLEW_LIMIT:NOGO -> L3_ACTUATOR_NONLINEAR:NOGO -> L4_SENSOR_EFFECTS:NOGO -> L5_FULL:NOGO -> L0_BASELINE:NOGO -> L1_SATURATION:NOGO -> L2_SLEW_LIMIT:NOGO -> L3_ACTUATOR_NONLINEAR:NOGO -> L4_SENSOR_EFFECTS:NOGO -> L5_FULL:NOGO -> L0_BASELINE:NOGO -> L1_SATURATION:NOGO -> L2_SLEW_LIMIT:NOGO -> L3_ACTUATOR_NONLINEAR:NOGO -> L4_SENSOR_EFFECTS:NOGO -> L5_FULL:NOGO,1.00227589340518,0.0131638018603315,0.0706680049244556,-38.4097849307431,11.0665304950282,28.6147254633465,0.0926489957765,0.169590742426966,2,0.149481708763745,63.9435178961984,14.5501610430035,Exp4,fidelity_ladder_summary,regime-pipeline-v1,46
R0047,FRAGILE,0,GO,1,L0_BASELINE,NONE,L0_BASELINE:GO -> L1_SATURATION:GO -> L2_SLEW_LIMIT:GO -> L3_ACTUATOR_NONLINEAR:GO -> L4_SENSOR_EFFECTS:GO -> L5_FULL:GO -> L0_BASELINE:GO -> L1_SATURATION:GO -> L2_SLEW_LIMIT:GO -> L3_ACTUATOR_NONLINEAR:GO -> L4_SENSOR_EFFECTS:GO -> L5_FULL:GO -> L0_BASELINE:GO -> L1_SATURATION:GO -> L2_SLEW_LIMIT:GO -> L3_ACTUATOR_NONLINEAR:GO -> L4_SENSOR_EFFECTS:GO -> L5_FULL:GO -> L0_BASELINE:GO -> L1_SATURATION:GO -> L2_SLEW_LIMIT:GO -> L3_ACTUATOR_NONLINEAR:GO -> L4_SENSOR_EFFECTS:GO -> L5_FULL:GO -> L0_BASELINE:GO -> L1_SATURATION:GO -> L2_SLEW_LIMIT:GO -> L3_ACTUATOR_NONLINEAR:GO -> L4_SENSOR_EFFECTS:GO -> L5_FULL:GO -> L0_BASELINE:GO -> L1_SATURATION:GO -> L2_SLEW_LIMIT:GO -> L3_ACTUATOR_NONLINEAR:GO -> L4_SENSOR_EFFECTS:GO -> L5_FULL:GO,1.40448522015785,0.0123301355598886,0.0512729647361557,-57.7251535157554,9.05233545488461,27.5041381468009,0.0545656514506773,0.105945429769075,6,0.153599264072778,73.9613114216962,13.0726331308931,Exp4,fidelity_ladder_summary,regime-pipeline-v1,47
R0048,INFEASIBLE,-2.17256291764921,NOGO,5,L4_SENSOR_EFFECTS,SENSOR_LATENCY_NOISE,L0_BASELINE:GO -> L1_SATURATION:GO -> L2_SLEW_LIMIT:GO -> L3_ACTUATOR_NONLINEAR:GO -> L4_SENSOR_EFFECTS:GO -> L5_FULL:GO -> L0_BASELINE:GO -> L1_SATURATION:GO -> L2_SLEW_LIMIT:GO -> L3_ACTUATOR_NONLINEAR:GO -> L4_SENSOR_EFFECTS:GO -> L5_FULL:GO -> L0_BASELINE:GO -> L1_SATURATION:GO -> L2_SLEW_LIMIT:GO -> L3_ACTUATOR_NONLINEAR:GO -> L4_SENSOR_EFFECTS:GO -> L5_FULL:GO -> L0_BASELINE:GO -> L1_SATURATION:GO -> L2_SLEW_LIMIT:GO -> L3_ACTUATOR_NONLINEAR:GO -> L4_SENSOR_EFFECTS:GO -> L5_FULL:GO -> L0_BASELINE:NOGO -> L1_SATURATION:NOGO -> L2_SLEW_LIMIT:NOGO -> L3_ACTUATOR_NONLINEAR:NOGO -> L4_SENSOR_EFFECTS:NOGO -> L5_FULL:NOGO -> L0_BASELINE:NOGO -> L1_SATURATION:NOGO -> L2_SLEW_LIMIT:NOGO -> L3_ACTUATOR_NONLINEAR:NOGO -> L4_SENSOR_EFFECTS:NOGO -> L5_FULL:NOGO,1.34459191169047,0.0122032684446607,0.0989087027774157,-32.5887689034757,11.8430364085121,25.6021228254666,0.0238219963120072,0.142513812136334,6,0.318006028438694,87.5432365043817,9.9740345970074,Exp4,fidelity_ladder_summary,regime-pipeline-v1,48
R0049,INFEASIBLE,-2.02781229001892,NOGO,4,L3_ACTUATOR_NONLINEAR,DEADBAND_BACKLASH,L0_BASELINE:GO -> L1_SATURATION:GO -> L2_SLEW_LIMIT:GO -> L3_ACTUATOR_NONLINEAR:GO -> L4_SENSOR_EFFECTS:GO -> L5_FULL:GO -> L0_BASELINE:GO -> L1_SATURATION:GO -> L2_SLEW_LIMIT:GO -> L3_ACTUATOR_NONLINEAR:GO -> L4_SENSOR_EFFECTS:GO -> L5_FULL:GO -> L0_BASELINE:GO -> L1_SATURATION:GO -> L2_SLEW_LIMIT:GO -> L3_ACTUATOR_NONLINEAR:GO -> L4_SENSOR_EFFECTS:GO -> L5_FULL:GO -> L0_BASELINE:NOGO -> L1_SATURATION:NOGO -> L2_SLEW_LIMIT:NOGO -> L3_ACTUATOR_NONLINEAR:NOGO -> L4_SENSOR_EFFECTS:NOGO -> L5_FULL:NOGO -> L0_BASELINE:NOGO -> L1_SATURATION:NOGO -> L2_SLEW_LIMIT:NOGO -> L3_ACTUATOR_NONLINEAR:NOGO -> L4_SENSOR_EFFECTS:NOGO -> L5_FULL:NOGO -> L0_BASELINE:NOGO -> L1_SATURATION:NOGO -> L2_SLEW_LIMIT:NOGO -> L3_ACTUATOR_NONLINEAR:NOGO -> L4_SENSOR_EFFECTS:NOGO -> L5_FULL:NOGO,0.905520011000073,0.0224617795960521,0.216445122643109,-42.9099507478467,8.51039855696963,30.901857792527,0.116622389563629,0.207235274835623,6,0.127556144130522,31.3369778832583,10.3017647880367,Exp4,fidelity_ladder_summary,regime-pipeline-v1,49
R0050,EASY,1.78724055728749,GO,1,L0_BASELINE,NONE,L0_BASELINE:GO -> L1_SATURATION:GO -> L2_SLEW_LIMIT:GO -> L3_ACTUATOR_NONLINEAR:GO -> L4_SENSOR_EFFECTS:GO -> L5_FULL:GO -> L0_BASELINE:GO -> L1_SATURATION:GO -> L2_SLEW_LIMIT:GO -> L3_ACTUATOR_NONLINEAR:GO -> L4_SENSOR_EFFECTS:GO -> L5_FULL:GO -> L0_BASELINE:GO -> L1_SATURATION:GO -> L2_SLEW_LIMIT:GO -> L3_ACTUATOR_NONLINEAR:GO -> L4_SENSOR_EFFECTS:GO -> L5_FULL:GO -> L0_BASELINE:GO -> L1_SATURATION:GO -> L2_SLEW_LIMIT:GO -> L3_ACTUATOR_NONLINEAR:GO -> L4_SENSOR_EFFECTS:GO -> L5_FULL:GO -> L0_BASELINE:GO -> L1_SATURATION:GO -> L2_SLEW_LIMIT:GO -> L3_ACTUATOR_NONLINEAR:GO -> L4_SENSOR_EFFECTS:GO -> L5_FULL:GO -> L0_BASELINE:GO -> L1_SATURATION:GO -> L2_SLEW_LIMIT:GO -> L3_ACTUATOR_NONLINEAR:GO -> L4_SENSOR_EFFECTS:GO -> L5_FULL:GO,1.65515066132544,0.0172611332730398,0.13452780179063,-38.6630536039063,7.83166705919429,26.0042398513843,0.0924520995020646,0.0525516134232838,3,0.142207659543716,38.5366999228551,14.2870387597626,Exp4,fidelity_ladder_summary,regime-pipeline-v1,50
R0051,FRAGILE,0,GO,1,L0_BASELINE,NONE,L0_BASELINE:GO -> L1_SATURATION:GO -> L2_SLEW_LIMIT:GO -> L3_ACTUATOR_NONLINEAR:GO -> L4_SENSOR_EFFECTS:GO -> L5_FULL:GO -> L0_BASELINE:GO -> L1_SATURATION:GO -> L2_SLEW_LIMIT:GO -> L3_ACTUATOR_NONLINEAR:GO -> L4_SENSOR_EFFECTS:GO -> L5_FULL:GO -> L0_BASELINE:GO -> L1_SATURATION:GO -> L2_SLEW_LIMIT:GO -> L3_ACTUATOR_NONLINEAR:GO -> L4_SENSOR_EFFECTS:GO -> L5_FULL:GO -> L0_BASELINE:GO -> L1_SATURATION:GO -> L2_SLEW_LIMIT:GO -> L3_ACTUATOR_NONLINEAR:GO -> L4_SENSOR_EFFECTS:GO -> L5_FULL:GO -> L0_BASELINE:GO -> L1_SATURATION:GO -> L2_SLEW_LIMIT:GO -> L3_ACTUATOR_NONLINEAR:GO -> L4_SENSOR_EFFECTS:GO -> L5_FULL:GO -> L0_BASELINE:GO -> L1_SATURATION:GO -> L2_SLEW_LIMIT:GO -> L3_ACTUATOR_NONLINEAR:GO -> L4_SENSOR_EFFECTS:GO -> L5_FULL:GO,1.55185072345682,0.0324241895535371,0.17028014844246,-62.0987109923017,13.8251809723847,33.4929640758929,0.117450522790238,0.0282437301215678,1,0.399650860453796,29.160233585357,13.7022532778004,Exp4,fidelity_ladder_summary,regime-pipeline-v1,51
R0052,INFEASIBLE,-2.16578541118634,NOGO,6,L5_FULL,AERO_UNCERTAINTY_AND_DRIFT,L0_BASELINE:GO -> L1_SATURATION:GO -> L2_SLEW_LIMIT:GO -> L3_ACTUATOR_NONLINEAR:GO -> L4_SENSOR_EFFECTS:GO -> L5_FULL:GO -> L0_BASELINE:GO -> L1_SATURATION:GO -> L2_SLEW_LIMIT:GO -> L3_ACTUATOR_NONLINEAR:GO -> L4_SENSOR_EFFECTS:GO -> L5_FULL:GO -> L0_BASELINE:GO -> L1_SATURATION:GO -> L2_SLEW_LIMIT:GO -> L3_ACTUATOR_NONLINEAR:GO -> L4_SENSOR_EFFECTS:GO -> L5_FULL:GO -> L0_BASELINE:GO -> L1_SATURATION:GO -> L2_SLEW_LIMIT:GO -> L3_ACTUATOR_NONLINEAR:GO -> L4_SENSOR_EFFECTS:GO -> L5_FULL:GO -> L0_BASELINE:GO -> L1_SATURATION:GO -> L2_SLEW_LIMIT:GO -> L3_ACTUATOR_NONLINEAR:GO -> L4_SENSOR_EFFECTS:GO -> L5_FULL:GO -> L0_BASELINE:NOGO -> L1_SATURATION:NOGO -> L2_SLEW_LIMIT:NOGO -> L3_ACTUATOR_NONLINEAR:NOGO -> L4_SENSOR_EFFECTS:NOGO -> L5_FULL:NOGO,1.37833926103952,0.02933637419609,0.205664487942271,-64.8285873863092,6.07061291394052,44.0498668442881,0.00171608869602203,0.10665962827588,1,0.357523784543251,61.8323269654737,13.1079288240782,Exp4,fidelity_ladder_summary,regime-pipeline-v1,52
R0053,FRAGILE,0,GO,1,L0_BASELINE,NONE,L0_BASELINE:GO -> L1_SATURATION:GO -> L2_SLEW_LIMIT:GO -> L3_ACTUATOR_NONLINEAR:GO -> L4_SENSOR_EFFECTS:GO -> L5_FULL:GO -> L0_BASELINE:GO -> L1_SATURATION:GO -> L2_SLEW_LIMIT:GO -> L3_ACTUATOR_NONLINEAR:GO -> L4_SENSOR_EFFECTS:GO -> L5_FULL:GO -> L0_BASELINE:GO -> L1_SATURATION:GO -> L2_SLEW_LIMIT:GO -> L3_ACTUATOR_NONLINEAR:GO -> L4_SENSOR_EFFECTS:GO -> L5_FULL:GO -> L0_BASELINE:GO -> L1_SATURATION:GO -> L2_SLEW_LIMIT:GO -> L3_ACTUATOR_NONLINEAR:GO -> L4_SENSOR_EFFECTS:GO -> L5_FULL:GO -> L0_BASELINE:GO -> L1_SATURATION:GO -> L2_SLEW_LIMIT:GO -> L3_ACTUATOR_NONLINEAR:GO -> L4_SENSOR_EFFECTS:GO -> L5_FULL:GO -> L0_BASELINE:GO -> L1_SATURATION:GO -> L2_SLEW_LIMIT:GO -> L3_ACTUATOR_NONLINEAR:GO -> L4_SENSOR_EFFECTS:GO -> L5_FULL:GO,1.5429721432905,0.0374217266573765,0.136741930371712,-41.2505474837257,13.9378820897211,39.8551103032618,0.0435054012261398,0.0688392331930936,4,0.257271752220574,71.3399648326523,8.11334306471093,Exp4,fidelity_ladder_summary,regime-pipeline-v1,53
R0054,INFEASIBLE,-2.17267632138981,NOGO,4,L3_ACTUATOR_NONLINEAR,DEADBAND_BACKLASH,L0_BASELINE:GO -> L1_SATURATION:GO -> L2_SLEW_LIMIT:GO -> L3_ACTUATOR_NONLINEAR:GO -> L4_SENSOR_EFFECTS:GO -> L5_FULL:GO -> L0_BASELINE:GO -> L1_SATURATION:GO -> L2_SLEW_LIMIT:GO -> L3_ACTUATOR_NONLINEAR:GO -> L4_SENSOR_EFFECTS:GO -> L5_FULL:GO -> L0_BASELINE:GO -> L1_SATURATION:GO -> L2_SLEW_LIMIT:GO -> L3_ACTUATOR_NONLINEAR:GO -> L4_SENSOR_EFFECTS:GO -> L5_FULL:GO -> L0_BASELINE:NOGO -> L1_SATURATION:NOGO -> L2_SLEW_LIMIT:NOGO -> L3_ACTUATOR_NONLINEAR:NOGO -> L4_SENSOR_EFFECTS:NOGO -> L5_FULL:NOGO -> L0_BASELINE:NOGO -> L1_SATURATION:NOGO -> L2_SLEW_LIMIT:NOGO -> L3_ACTUATOR_NONLINEAR:NOGO -> L4_SENSOR_EFFECTS:NOGO -> L5_FULL:NOGO -> L0_BASELINE:NOGO -> L1_SATURATION:NOGO -> L2_SLEW_LIMIT:NOGO -> L3_ACTUATOR_NONLINEAR:NOGO -> L4_SENSOR_EFFECTS:NOGO -> L5_FULL:NOGO,1.1491895191834,0.0363046229182147,0.185004141454242,-41.2893480691458,10.534895993058,33.7945300259181,0.0984202520967136,0.111594845559961,1,0.311824152301945,35.0472392140158,10.702880811405,Exp4,fidelity_ladder_summary,regime-pipeline-v1,54
R0055,EASY,2.05399924893383,GO,1,L0_BASELINE,NONE,L0_BASELINE:GO -> L1_SATURATION:GO -> L2_SLEW_LIMIT:GO -> L3_ACTUATOR_NONLINEAR:GO -> L4_SENSOR_EFFECTS:GO -> L5_FULL:GO -> L0_BASELINE:GO -> L1_SATURATION:GO -> L2_SLEW_LIMIT:GO -> L3_ACTUATOR_NONLINEAR:GO -> L4_SENSOR_EFFECTS:GO -> L5_FULL:GO -> L0_BASELINE:GO -> L1_SATURATION:GO -> L2_SLEW_LIMIT:GO -> L3_ACTUATOR_NONLINEAR:GO -> L4_SENSOR_EFFECTS:GO -> L5_FULL:GO -> L0_BASELINE:GO -> L1_SATURATION:GO -> L2_SLEW_LIMIT:GO -> L3_ACTUATOR_NONLINEAR:GO -> L4_SENSOR_EFFECTS:GO -> L5_FULL:GO -> L0_BASELINE:GO -> L1_SATURATION:GO -> L2_SLEW_LIMIT:GO -> L3_ACTUATOR_NONLINEAR:GO -> L4_SENSOR_EFFECTS:GO -> L5_FULL:GO -> L0_BASELINE:GO -> L1_SATURATION:GO -> L2_SLEW_LIMIT:GO -> L3_ACTUATOR_NONLINEAR:GO -> L4_SENSOR_EFFECTS:GO -> L5_FULL:GO,1.3763220956836,0.028500598254534,0.0752872463918765,-65.8561285713488,12.9208286174369,35.8686474503978,0.071688154415077,0.0157112483927211,5,0.187566878511449,62.812386441533,10.9847049347604,Exp4,fidelity_ladder_summary,regime-pipeline-v1,55
R0056,INFEASIBLE,-2.4704536687096,NOGO,4,L3_ACTUATOR_NONLINEAR,DEADBAND_BACKLASH,L0_BASELINE:GO -> L1_SATURATION:GO -> L2_SLEW_LIMIT:GO -> L3_ACTUATOR_NONLINEAR:GO -> L4_SENSOR_EFFECTS:GO -> L5_FULL:GO -> L0_BASELINE:GO -> L1_SATURATION:GO -> L2_SLEW_LIMIT:GO -> L3_ACTUATOR_NONLINEAR:GO -> L4_SENSOR_EFFECTS:GO -> L5_FULL:GO -> L0_BASELINE:GO -> L1_SATURATION:GO -> L2_SLEW_LIMIT:GO -> L3_ACTUATOR_NONLINEAR:GO -> L4_SENSOR_EFFECTS:GO -> L5_FULL:GO -> L0_BASELINE:NOGO -> L1_SATURATION:NOGO -> L2_SLEW_LIMIT:NOGO -> L3_ACTUATOR_NONLINEAR:NOGO -> L4_SENSOR_EFFECTS:NOGO -> L5_FULL:NOGO -> L0_BASELINE:NOGO -> L1_SATURATION:NOGO -> L2_SLEW_LIMIT:NOGO -> L3_ACTUATOR_NONLINEAR:NOGO -> L4_SENSOR_EFFECTS:NOGO -> L5_FULL:NOGO -> L0_BASELINE:NOGO -> L1_SATURATION:NOGO -> L2_SLEW_LIMIT:NOGO -> L3_ACTUATOR_NONLINEAR:NOGO -> L4_SENSOR_EFFECTS:NOGO -> L5_FULL:NOGO,1.07593999018896,0.0377569529169302,0.0910855568710272,-36.5183133466081,13.8470328935179,32.8860160678534,0.137117341726886,0.150367322965289,3,0.397747470295282,103.267518055521,8.01419569375851,Exp4,fidelity_ladder_summary,regime-pipeline-v1,56
R0057,INFEASIBLE,-2.19701493696779,NOGO,5,L4_SENSOR_EFFECTS,SENSOR_LATENCY_NOISE,L0_BASELINE:GO -> L1_SATURATION:GO -> L2_SLEW_LIMIT:GO -> L3_ACTUATOR_NONLINEAR:GO -> L4_SENSOR_EFFECTS:GO -> L5_FULL:GO -> L0_BASELINE:GO -> L1_SATURATION:GO -> L2_SLEW_LIMIT:GO -> L3_ACTUATOR_NONLINEAR:GO -> L4_SENSOR_EFFECTS:GO -> L5_FULL:GO -> L0_BASELINE:GO -> L1_SATURATION:GO -> L2_SLEW_LIMIT:GO -> L3_ACTUATOR_NONLINEAR:GO -> L4_SENSOR_EFFECTS:GO -> L5_FULL:GO -> L0_BASELINE:GO -> L1_SATURATION:GO -> L2_SLEW_LIMIT:GO -> L3_ACTUATOR_NONLINEAR:GO -> L4_SENSOR_EFFECTS:GO -> L5_FULL:GO -> L0_BASELINE:NOGO -> L1_SATURATION:NOGO -> L2_SLEW_LIMIT:NOGO -> L3_ACTUATOR_NONLINEAR:NOGO -> L4_SENSOR_EFFECTS:NOGO -> L5_FULL:NOGO -> L0_BASELINE:NOGO -> L1_SATURATION:NOGO -> L2_SLEW_LIMIT:NOGO -> L3_ACTUATOR_NONLINEAR:NOGO -> L4_SENSOR_EFFECTS:NOGO -> L5_FULL:NOGO,1.2690928540108,0.0339529473560292,0.14876022699291,-37.5882994692963,8.68815159346268,36.2817433010407,0.0510772953218044,0.168276890431558,4,0.260104309710247,75.3251899416898,14.722261601787,Exp4,fidelity_ladder_summary,regime-pipeline-v1,57
R0058,INFEASIBLE,-2.72507205490564,NOGO,4,L3_ACTUATOR_NONLINEAR,DEADBAND_BACKLASH,L0_BASELINE:GO -> L1_SATURATION:GO -> L2_SLEW_LIMIT:GO -> L3_ACTUATOR_NONLINEAR:GO -> L4_SENSOR_EFFECTS:GO -> L5_FULL:GO -> L0_BASELINE:GO -> L1_SATURATION:GO -> L2_SLEW_LIMIT:GO -> L3_ACTUATOR_NONLINEAR:GO -> L4_SENSOR_EFFECTS:GO -> L5_FULL:GO -> L0_BASELINE:GO -> L1_SATURATION:GO -> L2_SLEW_LIMIT:GO -> L3_ACTUATOR_NONLINEAR:GO -> L4_SENSOR_EFFECTS:GO -> L5_FULL:GO -> L0_BASELINE:NOGO -> L1_SATURATION:NOGO -> L2_SLEW_LIMIT:NOGO -> L3_ACTUATOR_NONLINEAR:NOGO -> L4_SENSOR_EFFECTS:NOGO -> L5_FULL:NOGO -> L0_BASELINE:NOGO -> L1_SATURATION:NOGO -> L2_SLEW_LIMIT:NOGO -> L3_ACTUATOR_NONLINEAR:NOGO -> L4_SENSOR_EFFECTS:NOGO -> L5_FULL:NOGO -> L0_BASELINE:NOGO -> L1_SATURATION:NOGO -> L2_SLEW_LIMIT:NOGO -> L3_ACTUATOR_NONLINEAR:NOGO -> L4_SENSOR_EFFECTS:NOGO -> L5_FULL:NOGO,1.87329014094409,0.0316608506516396,0.201618939303116,-69.9539815442191,8.31863521025453,30.2971544430945,0.0402536833976776,0.179415323568381,3,0.0706906607231302,97.400141115111,10.4343660283713,Exp4,fidelity_ladder_summary,regime-pipeline-v1,58
R0059,EASY,1.76904660133795,GO,1,L0_BASELINE,NONE,L0_BASELINE:GO -> L1_SATURATION:GO -> L2_SLEW_LIMIT:GO -> L3_ACTUATOR_NONLINEAR:GO -> L4_SENSOR_EFFECTS:GO -> L5_FULL:GO -> L0_BASELINE:GO -> L1_SATURATION:GO -> L2_SLEW_LIMIT:GO -> L3_ACTUATOR_NONLINEAR:GO -> L4_SENSOR_EFFECTS:GO -> L5_FULL:GO -> L0_BASELINE:GO -> L1_SATURATION:GO -> L2_SLEW_LIMIT:GO -> L3_ACTUATOR_NONLINEAR:GO -> L4_SENSOR_EFFECTS:GO -> L5_FULL:GO -> L0_BASELINE:GO -> L1_SATURATION:GO -> L2_SLEW_LIMIT:GO -> L3_ACTUATOR_NONLINEAR:GO -> L4_SENSOR_EFFECTS:GO -> L5_FULL:GO -> L0_BASELINE:GO -> L1_SATURATION:GO -> L2_SLEW_LIMIT:GO -> L3_ACTUATOR_NONLINEAR:GO -> L4_SENSOR_EFFECTS:GO -> L5_FULL:GO -> L0_BASELINE:GO -> L1_SATURATION:GO -> L2_SLEW_LIMIT:GO -> L3_ACTUATOR_NONLINEAR:GO -> L4_SENSOR_EFFECTS:GO -> L5_FULL:GO,1.75015364255894,0.0227918414264751,0.109104850960044,-55.3359095932512,5.67604441000382,48.1417563486762,0.0673909018707908,0.123571758262639,4,0.380364103772615,46.3685580369237,8.24263842585744,Exp4,fidelity_ladder_summary,regime-pipeline-v1,59
R0060,EASY,2.00169333584434,GO,1,L0_BASELINE,NONE,L0_BASELINE:GO -> L1_SATURATION:GO -> L2_SLEW_LIMIT:GO -> L3_ACTUATOR_NONLINEAR:GO -> L4_SENSOR_EFFECTS:GO -> L5_FULL:GO -> L0_BASELINE:GO -> L1_SATURATION:GO -> L2_SLEW_LIMIT:GO -> L3_ACTUATOR_NONLINEAR:GO -> L4_SENSOR_EFFECTS:GO -> L5_FULL:GO -> L0_BASELINE:GO -> L1_SATURATION:GO -> L2_SLEW_LIMIT:GO -> L3_ACTUATOR_NONLINEAR:GO -> L4_SENSOR_EFFECTS:GO -> L5_FULL:GO -> L0_BASELINE:GO -> L1_SATURATION:GO -> L2_SLEW_LIMIT:GO -> L3_ACTUATOR_NONLINEAR:GO -> L4_SENSOR_EFFECTS:GO -> L5_FULL:GO -> L0_BASELINE:GO -> L1_SATURATION:GO -> L2_SLEW_LIMIT:GO -> L3_ACTUATOR_NONLINEAR:GO -> L4_SENSOR_EFFECTS:GO -> L5_FULL:GO -> L0_BASELINE:GO -> L1_SATURATION:GO -> L2_SLEW_LIMIT:GO -> L3_ACTUATOR_NONLINEAR:GO -> L4_SENSOR_EFFECTS:GO -> L5_FULL:GO,1.56931719986077,0.0267886876096953,0.225239797425351,-55.36037350319,9.35333528013091,38.4408463093537,0.110115640722895,0.0333118965539819,1,0.429187222251435,72.8938942654326,13.7467918821549,Exp4,fidelity_ladder_summary,regime-pipeline-v1,60
R0061,INFEASIBLE,-1.69348870827257,NOGO,4,L3_ACTUATOR_NONLINEAR,DEADBAND_BACKLASH,L0_BASELINE:GO -> L1_SATURATION:GO -> L2_SLEW_LIMIT:GO -> L3_ACTUATOR_NONLINEAR:GO -> L4_SENSOR_EFFECTS:GO -> L5_FULL:GO -> L0_BASELINE:GO -> L1_SATURATION:GO -> L2_SLEW_LIMIT:GO -> L3_ACTUATOR_NONLINEAR:GO -> L4_SENSOR_EFFECTS:GO -> L5_FULL:GO -> L0_BASELINE:GO -> L1_SATURATION:GO -> L2_SLEW_LIMIT:GO -> L3_ACTUATOR_NONLINEAR:GO -> L4_SENSOR_EFFECTS:GO -> L5_FULL:GO -> L0_BASELINE:NOGO -> L1_SATURATION:NOGO -> L2_SLEW_LIMIT:NOGO -> L3_ACTUATOR_NONLINEAR:NOGO -> L4_SENSOR_EFFECTS:NOGO -> L5_FULL:NOGO -> L0_BASELINE:NOGO -> L1_SATURATION:NOGO -> L2_SLEW_LIMIT:NOGO -> L3_ACTUATOR_NONLINEAR:NOGO -> L4_SENSOR_EFFECTS:NOGO -> L5_FULL:NOGO -> L0_BASELINE:NOGO -> L1_SATURATION:NOGO -> L2_SLEW_LIMIT:NOGO -> L3_ACTUATOR_NONLINEAR:NOGO -> L4_SENSOR_EFFECTS:NOGO -> L5_FULL:NOGO,1.95968943914696,0.0185967444751801,0.0655852384078154,-62.5025046313407,11.006197995976,42.0798568585412,0.125752468951884,0.146522482938917,5,0.258464445111638,49.4704792166656,13.7928617025431,Exp4,fidelity_ladder_summary,regime-pipeline-v1,61
R0062,EASY,1.78286829733204,GO,1,L0_BASELINE,NONE,L0_BASELINE:GO -> L1_SATURATION:GO -> L2_SLEW_LIMIT:GO -> L3_ACTUATOR_NONLINEAR:GO -> L4_SENSOR_EFFECTS:GO -> L5_FULL:GO -> L0_BASELINE:GO -> L1_SATURATION:GO -> L2_SLEW_LIMIT:GO -> L3_ACTUATOR_NONLINEAR:GO -> L4_SENSOR_EFFECTS:GO -> L5_FULL:GO -> L0_BASELINE:GO -> L1_SATURATION:GO -> L2_SLEW_LIMIT:GO -> L3_ACTUATOR_NONLINEAR:GO -> L4_SENSOR_EFFECTS:GO -> L5_FULL:GO -> L0_BASELINE:GO -> L1_SATURATION:GO -> L2_SLEW_LIMIT:GO -> L3_ACTUATOR_NONLINEAR:GO -> L4_SENSOR_EFFECTS:GO -> L5_FULL:GO -> L0_BASELINE:GO -> L1_SATURATION:GO -> L2_SLEW_LIMIT:GO -> L3_ACTUATOR_NONLINEAR:GO -> L4_SENSOR_EFFECTS:GO -> L5_FULL:GO -> L0_BASELINE:GO -> L1_SATURATION:GO -> L2_SLEW_LIMIT:GO -> L3_ACTUATOR_NONLINEAR:GO -> L4_SENSOR_EFFECTS:GO -> L5_FULL:GO,1.5136350893284,0.0168946436957983,0.17477817655062,-64.6572456290322,9.50856377903204,43.1354087113908,0.127309570018032,0.0410615112000219,2,0.0988034440871585,81.08870665526,14.5351853625491,Exp4,fidelity_ladder_summary,regime-pipeline-v1,62
R0063,INFEASIBLE,-2.44379103895789,NOGO,4,L3_ACTUATOR_NONLINEAR,DEADBAND_BACKLASH,L0_BASELINE:GO -> L1_SATURATION:GO -> L2_SLEW_LIMIT:GO -> L3_ACTUATOR_NONLINEAR:GO -> L4_SENSOR_EFFECTS:GO -> L5_FULL:GO -> L0_BASELINE:GO -> L1_SATURATION:GO -> L2_SLEW_LIMIT:GO -> L3_ACTUATOR_NONLINEAR:GO -> L4_SENSOR_EFFECTS:GO -> L5_FULL:GO -> L0_BASELINE:GO -> L1_SATURATION:GO -> L2_SLEW_LIMIT:GO -> L3_ACTUATOR_NONLINEAR:GO -> L4_SENSOR_EFFECTS:GO -> L5_FULL:GO -> L0_BASELINE:NOGO -> L1_SATURATION:NOGO -> L2_SLEW_LIMIT:NOGO -> L3_ACTUATOR_NONLINEAR:NOGO -> L4_SENSOR_EFFECTS:NOGO -> L5_FULL:NOGO -> L0_BASELINE:NOGO -> L1_SATURATION:NOGO -> L2_SLEW_LIMIT:NOGO -> L3_ACTUATOR_NONLINEAR:NOGO -> L4_SENSOR_EFFECTS:NOGO -> L5_FULL:NOGO -> L0_BASELINE:NOGO -> L1_SATURATION:NOGO -> L2_SLEW_LIMIT:NOGO -> L3_ACTUATOR_NONLINEAR:NOGO -> L4_SENSOR_EFFECTS:NOGO -> L5_FULL:NOGO,1.6627705803968,0.0216311092879394,0.216095366665714,-31.9882947263575,12.1901304982668,29.789940422613,0.0260764087101266,0.221978079268817,4,0.237770542850985,68.7105261228274,14.7691447772436,Exp4,fidelity_ladder_summary,regime-pipeline-v1,63
R0064,INFEASIBLE,-1.40289086219754,GO,1,L0_BASELINE,NONE,L0_BASELINE:GO -> L1_SATURATION:GO -> L2_SLEW_LIMIT:GO -> L3_ACTUATOR_NONLINEAR:GO -> L4_SENSOR_EFFECTS:GO -> L5_FULL:GO -> L0_BASELINE:GO -> L1_SATURATION:GO -> L2_SLEW_LIMIT:GO -> L3_ACTUATOR_NONLINEAR:GO -> L4_SENSOR_EFFECTS:GO -> L5_FULL:GO -> L0_BASELINE:GO -> L1_SATURATION:GO -> L2_SLEW_LIMIT:GO -> L3_ACTUATOR_NONLINEAR:GO -> L4_SENSOR_EFFECTS:GO -> L5_FULL:GO -> L0_BASELINE:GO -> L1_SATURATION:GO -> L2_SLEW_LIMIT:GO -> L3_ACTUATOR_NONLINEAR:GO -> L4_SENSOR_EFFECTS:GO -> L5_FULL:GO -> L0_BASELINE:GO -> L1_SATURATION:GO -> L2_SLEW_LIMIT:GO -> L3_ACTUATOR_NONLINEAR:GO -> L4_SENSOR_EFFECTS:GO -> L5_FULL:GO -> L0_BASELINE:GO -> L1_SATURATION:GO -> L2_SLEW_LIMIT:GO -> L3_ACTUATOR_NONLINEAR:GO -> L4_SENSOR_EFFECTS:GO -> L5_FULL:GO,1.2007568512854,0.0184484515106963,0.101939051074092,-38.9093662321745,6.68976985906441,39.684233671896,0.116020538732228,0.174330501822842,4,0.211363111688577,89.1734613569806,13.2628614960824,Exp4,fidelity_ladder_summary,regime-pipeline-v1,64
R0065,FRAGILE,0,GO,1,L0_BASELINE,NONE,L0_BASELINE:GO -> L1_SATURATION:GO -> L2_SLEW_LIMIT:GO -> L3_ACTUATOR_NONLINEAR:GO -> L4_SENSOR_EFFECTS:GO -> L5_FULL:GO -> L0_BASELINE:GO -> L1_SATURATION:GO -> L2_SLEW_LIMIT:GO -> L3_ACTUATOR_NONLINEAR:GO -> L4_SENSOR_EFFECTS:GO -> L5_FULL:GO -> L0_BASELINE:GO -> L1_SATURATION:GO -> L2_SLEW_LIMIT:GO -> L3_ACTUATOR_NONLINEAR:GO -> L4_SENSOR_EFFECTS:GO -> L5_FULL:GO -> L0_BASELINE:NOGO -> L1_SATURATION:NOGO -> L2_SLEW_LIMIT:NOGO -> L3_ACTUATOR_NONLINEAR:NOGO -> L4_SENSOR_EFFECTS:NOGO -> L5_FULL:NOGO -> L0_BASELINE:GO -> L1_SATURATION:GO -> L2_SLEW_LIMIT:GO -> L3_ACTUATOR_NONLINEAR:GO -> L4_SENSOR_EFFECTS:GO -> L5_FULL:GO -> L0_BASELINE:GO -> L1_SATURATION:GO -> L2_SLEW_LIMIT:GO -> L3_ACTUATOR_NONLINEAR:GO -> L4_SENSOR_EFFECTS:GO -> L5_FULL:GO,1.59271261824321,0.0272994234917009,0.173059426704603,-30.8763914862315,5.74109735450122,25.9336183554277,0.0693007673204598,0.176082171584381,5,0.24913191979837,96.1219029282547,10.3047112462391,Exp4,fidelity_ladder_summary,regime-pipeline-v1,65
R0066,FRAGILE,0,GO,1,L0_BASELINE,NONE,L0_BASELINE:GO -> L1_SATURATION:GO -> L2_SLEW_LIMIT:GO -> L3_ACTUATOR_NONLINEAR:GO -> L4_SENSOR_EFFECTS:GO -> L5_FULL:GO -> L0_BASELINE:GO -> L1_SATURATION:GO -> L2_SLEW_LIMIT:GO -> L3_ACTUATOR_NONLINEAR:GO -> L4_SENSOR_EFFECTS:GO -> L5_FULL:GO -> L0_BASELINE:GO -> L1_SATURATION:GO -> L2_SLEW_LIMIT:GO -> L3_ACTUATOR_NONLINEAR:GO -> L4_SENSOR_EFFECTS:GO -> L5_FULL:GO -> L0_BASELINE:GO -> L1_SATURATION:GO -> L2_SLEW_LIMIT:GO -> L3_ACTUATOR_NONLINEAR:GO -> L4_SENSOR_EFFECTS:GO -> L5_FULL:GO -> L0_BASELINE:NOGO -> L1_SATURATION:NOGO -> L2_SLEW_LIMIT:NOGO -> L3_ACTUATOR_NONLINEAR:NOGO -> L4_SENSOR_EFFECTS:NOGO -> L5_FULL:NOGO -> L0_BASELINE:GO -> L1_SATURATION:GO -> L2_SLEW_LIMIT:GO -> L3_ACTUATOR_NONLINEAR:GO -> L4_SENSOR_EFFECTS:GO -> L5_FULL:GO,1.37878259978927,0.0107659516913085,0.05314157780411,-63.5917625743485,10.2841163365108,28.2266984868262,0.000488628363824229,0.110605772386597,1,0.0822180681038579,106.872760367592,14.7782290460649,Exp4,fidelity_ladder_summary,regime-pipeline-v1,66
R0067,FRAGILE,0,NOGO,4,L3_ACTUATOR_NONLINEAR,DEADBAND_BACKLASH,L0_BASELINE:GO -> L1_SATURATION:GO -> L2_SLEW_LIMIT:GO -> L3_ACTUATOR_NONLINEAR:GO -> L4_SENSOR_EFFECTS:GO -> L5_FULL:GO -> L0_BASELINE:GO -> L1_SATURATION:GO -> L2_SLEW_LIMIT:GO -> L3_ACTUATOR_NONLINEAR:GO -> L4_SENSOR_EFFECTS:GO -> L5_FULL:GO -> L0_BASELINE:GO -> L1_SATURATION:GO -> L2_SLEW_LIMIT:GO -> L3_ACTUATOR_NONLINEAR:GO -> L4_SENSOR_EFFECTS:GO -> L5_FULL:GO -> L0_BASELINE:NOGO -> L1_SATURATION:NOGO -> L2_SLEW_LIMIT:NOGO -> L3_ACTUATOR_NONLINEAR:NOGO -> L4_SENSOR_EFFECTS:NOGO -> L5_FULL:NOGO -> L0_BASELINE:NOGO -> L1_SATURATION:NOGO -> L2_SLEW_LIMIT:NOGO -> L3_ACTUATOR_NONLINEAR:NOGO -> L4_SENSOR_EFFECTS:NOGO -> L5_FULL:NOGO -> L0_BASELINE:NOGO -> L1_SATURATION:NOGO -> L2_SLEW_LIMIT:NOGO -> L3_ACTUATOR_NONLINEAR:NOGO -> L4_SENSOR_EFFECTS:NOGO -> L5_FULL:NOGO,1.69214452407434,0.0193367222704823,0.120020020072478,-49.611243072857,5.58113659794668,27.027271021979,0.0264932770766861,0.169509525629689,4,0.15392782236026,61.6286882189177,10.1825717877212,Exp4,fidelity_ladder_summary,regime-pipeline-v1,67
R0068,INFEASIBLE,-2.37574487327439,NOGO,4,L3_ACTUATOR_NONLINEAR,DEADBAND_BACKLASH,L0_BASELINE:GO -> L1_SATURATION:GO -> L2_SLEW_LIMIT:GO -> L3_ACTUATOR_NONLINEAR:GO -> L4_SENSOR_EFFECTS:GO -> L5_FULL:GO -> L0_BASELINE:GO -> L1_SATURATION:GO -> L2_SLEW_LIMIT:GO -> L3_ACTUATOR_NONLINEAR:GO -> L4_SENSOR_EFFECTS:GO -> L5_FULL:GO -> L0_BASELINE:GO -> L1_SATURATION:GO -> L2_SLEW_LIMIT:GO -> L3_ACTUATOR_NONLINEAR:GO -> L4_SENSOR_EFFECTS:GO -> L5_FULL:GO -> L0_BASELINE:NOGO -> L1_SATURATION:NOGO -> L2_SLEW_LIMIT:NOGO -> L3_ACTUATOR_NONLINEAR:NOGO -> L4_SENSOR_EFFECTS:NOGO -> L5_FULL:NOGO -> L0_BASELINE:NOGO -> L1_SATURATION:NOGO -> L2_SLEW_LIMIT:NOGO -> L3_ACTUATOR_NONLINEAR:NOGO -> L4_SENSOR_EFFECTS:NOGO -> L5_FULL:NOGO -> L0_BASELINE:NOGO -> L1_SATURATION:NOGO -> L2_SLEW_LIMIT:NOGO -> L3_ACTUATOR_NONLINEAR:NOGO -> L4_SENSOR_EFFECTS:NOGO -> L5_FULL:NOGO,1.23851671671493,0.0397399943178516,0.2028881603056,-63.2924688424717,13.4261573816623,32.9974119081937,0.101082549956058,0.151354681250249,2,0.361178282590001,83.6972159079544,13.6504821316032,Exp4,fidelity_ladder_summary,regime-pipeline-v1,68
R0069,INFEASIBLE,-2.41771463007073,NOGO,4,L3_ACTUATOR_NONLINEAR,DEADBAND_BACKLASH,L0_BASELINE:GO -> L1_SATURATION:GO -> L2_SLEW_LIMIT:GO -> L3_ACTUATOR_NONLINEAR:GO -> L4_SENSOR_EFFECTS:GO -> L5_FULL:GO -> L0_BASELINE:GO -> L1_SATURATION:GO -> L2_SLEW_LIMIT:GO -> L3_ACTUATOR_NONLINEAR:GO -> L4_SENSOR_EFFECTS:GO -> L5_FULL:GO -> L0_BASELINE:GO -> L1_SATURATION:GO -> L2_SLEW_LIMIT:GO -> L3_ACTUATOR_NONLINEAR:GO -> L4_SENSOR_EFFECTS:GO -> L5_FULL:GO -> L0_BASELINE:NOGO -> L1_SATURATION:NOGO -> L2_SLEW_LIMIT:NOGO -> L3_ACTUATOR_NONLINEAR:NOGO -> L4_SENSOR_EFFECTS:NOGO -> L5_FULL:NOGO -> L0_BASELINE:NOGO -> L1_SATURATION:NOGO -> L2_SLEW_LIMIT:NOGO -> L3_ACTUATOR_NONLINEAR:NOGO -> L4_SENSOR_EFFECTS:NOGO -> L5_FULL:NOGO -> L0_BASELINE:NOGO -> L1_SATURATION:NOGO -> L2_SLEW_LIMIT:NOGO -> L3_ACTUATOR_NONLINEAR:NOGO -> L4_SENSOR_EFFECTS:NOGO -> L5_FULL:NOGO,1.59781439389355,0.0221836323433169,0.231124997427589,-45.0356341058967,13.8811993195893,41.9341439441298,0.101550222150875,0.166581411396718,2,0.434538897553401,94.1262999416497,14.6747138754814,Exp4,fidelity_ladder_summary,regime-pipeline-v1,69
R0070,INFEASIBLE,-1.97255598938537,NOGO,4,L3_ACTUATOR_NONLINEAR,DEADBAND_BACKLASH,L0_BASELINE:GO -> L1_SATURATION:GO -> L2_SLEW_LIMIT:GO -> L3_ACTUATOR_NONLINEAR:GO -> L4_SENSOR_EFFECTS:GO -> L5_FULL:GO -> L0_BASELINE:GO -> L1_SATURATION:GO -> L2_SLEW_LIMIT:GO -> L3_ACTUATOR_NONLINEAR:GO -> L4_SENSOR_EFFECTS:GO -> L5_FULL:GO -> L0_BASELINE:GO -> L1_SATURATION:GO -> L2_SLEW_LIMIT:GO -> L3_ACTUATOR_NONLINEAR:GO -> L4_SENSOR_EFFECTS:GO -> L5_FULL:GO -> L0_BASELINE:NOGO -> L1_SATURATION:NOGO -> L2_SLEW_LIMIT:NOGO -> L3_ACTUATOR_NONLINEAR:NOGO -> L4_SENSOR_EFFECTS:NOGO -> L5_FULL:NOGO -> L0_BASELINE:NOGO -> L1_SATURATION:NOGO -> L2_SLEW_LIMIT:NOGO -> L3_ACTUATOR_NONLINEAR:NOGO -> L4_SENSOR_EFFECTS:NOGO -> L5_FULL:NOGO -> L0_BASELINE:NOGO -> L1_SATURATION:NOGO -> L2_SLEW_LIMIT:NOGO -> L3_ACTUATOR_NONLINEAR:NOGO -> L4_SENSOR_EFFECTS:NOGO -> L5_FULL:NOGO,1.77465896908096,0.0256339073512909,0.139193359010687,-35.9696337874318,8.30860692327912,38.641711839952,0.0500076992711424,0.217535333274417,3,0.171446477824131,98.4913462722439,13.7192142024384,Exp4,fidelity_ladder_summary,regime-pipeline-v1,70
R0071,EASY,2.05650668395671,GO,1,L0_BASELINE,NONE,L0_BASELINE:GO -> L1_SATURATION:GO -> L2_SLEW_LIMIT:GO -> L3_ACTUATOR_NONLINEAR:GO -> L4_SENSOR_EFFECTS:GO -> L5_FULL:GO -> L0_BASELINE:GO -> L1_SATURATION:GO -> L2_SLEW_LIMIT:GO -> L3_ACTUATOR_NONLINEAR:GO -> L4_SENSOR_EFFECTS:GO -> L5_FULL:GO -> L0_BASELINE:GO -> L1_SATURATION:GO -> L2_SLEW_LIMIT:GO -> L3_ACTUATOR_NONLINEAR:GO -> L4_SENSOR_EFFECTS:GO -> L5_FULL:GO -> L0_BASELINE:GO -> L1_SATURATION:GO -> L2_SLEW_LIMIT:GO -> L3_ACTUATOR_NONLINEAR:GO -> L4_SENSOR_EFFECTS:GO -> L5_FULL:GO -> L0_BASELINE:GO -> L1_SATURATION:GO -> L2_SLEW_LIMIT:GO -> L3_ACTUATOR_NONLINEAR:GO -> L4_SENSOR_EFFECTS:GO -> L5_FULL:GO -> L0_BASELINE:GO -> L1_SATURATION:GO -> L2_SLEW_LIMIT:GO -> L3_ACTUATOR_NONLINEAR:GO -> L4_SENSOR_EFFECTS:GO -> L5_FULL:GO,1.05091735908514,0.0348806996968887,0.0575245067252738,-32.1696412643028,5.31391512410318,41.7390845037902,0.122293817326052,0.134282951278011,4,0.332430708305035,64.4272025837674,10.2100746927554,Exp4,fidelity_ladder_summary,regime-pipeline-v1,71
R0072,INFEASIBLE,-1.97484106984663,NOGO,5,L4_SENSOR_EFFECTS,SENSOR_LATENCY_NOISE,L0_BASELINE:GO -> L1_SATURATION:GO -> L2_SLEW_LIMIT:GO -> L3_ACTUATOR_NONLINEAR:GO -> L4_SENSOR_EFFECTS:GO -> L5_FULL:GO -> L0_BASELINE:GO -> L1_SATURATION:GO -> L2_SLEW_LIMIT:GO -> L3_ACTUATOR_NONLINEAR:GO -> L4_SENSOR_EFFECTS:GO -> L5_FULL:GO -> L0_BASELINE:GO -> L1_SATURATION:GO -> L2_SLEW_LIMIT:GO -> L3_ACTUATOR_NONLINEAR:GO -> L4_SENSOR_EFFECTS:GO -> L5_FULL:GO -> L0_BASELINE:GO -> L1_SATURATION:GO -> L2_SLEW_LIMIT:GO -> L3_ACTUATOR_NONLINEAR:GO -> L4_SENSOR_EFFECTS:GO -> L5_FULL:GO -> L0_BASELINE:NOGO -> L1_SATURATION:NOGO -> L2_SLEW_LIMIT:NOGO -> L3_ACTUATOR_NONLINEAR:NOGO -> L4_SENSOR_EFFECTS:NOGO -> L5_FULL:NOGO -> L0_BASELINE:NOGO -> L1_SATURATION:NOGO -> L2_SLEW_LIMIT:NOGO -> L3_ACTUATOR_NONLINEAR:NOGO -> L4_SENSOR_EFFECTS:NOGO -> L5_FULL:NOGO,1.602681982823,0.0261574709661792,0.153472849051434,-45.6101680346694,6.98589644745249,26.7403225655799,0.114769022605555,0.149564806723869,6,0.34110082921512,116.856259577792,9.43036914545679,Exp4,fidelity_ladder_summary,regime-pipeline-v1,72
R0073,INFEASIBLE,-2.25828730715658,NOGO,4,L3_ACTUATOR_NONLINEAR,DEADBAND_BACKLASH,L0_BASELINE:GO -> L1_SATURATION:GO -> L2_SLEW_LIMIT:GO -> L3_ACTUATOR_NONLINEAR:GO -> L4_SENSOR_EFFECTS:GO -> L5_FULL:GO -> L0_BASELINE:GO -> L1_SATURATION:GO -> L2_SLEW_LIMIT:GO -> L3_ACTUATOR_NONLINEAR:GO -> L4_SENSOR_EFFECTS:GO -> L5_FULL:GO -> L0_BASELINE:GO -> L1_SATURATION:GO -> L2_SLEW_LIMIT:GO -> L3_ACTUATOR_NONLINEAR:GO -> L4_SENSOR_EFFECTS:GO -> L5_FULL:GO -> L0_BASELINE:NOGO -> L1_SATURATION:NOGO -> L2_SLEW_LIMIT:NOGO -> L3_ACTUATOR_NONLINEAR:NOGO -> L4_SENSOR_EFFECTS:NOGO -> L5_FULL:NOGO -> L0_BASELINE:NOGO -> L1_SATURATION:NOGO -> L2_SLEW_LIMIT:NOGO -> L3_ACTUATOR_NONLINEAR:NOGO -> L4_SENSOR_EFFECTS:NOGO -> L5_FULL:NOGO -> L0_BASELINE:NOGO -> L1_SATURATION:NOGO -> L2_SLEW_LIMIT:NOGO -> L3_ACTUATOR_NONLINEAR:NOGO -> L4_SENSOR_EFFECTS:NOGO -> L5_FULL:NOGO,1.6851474832577,0.0293080893448918,0.200608494954466,-32.5395447057138,6.3334761160395,48.2713057790035,0.132845716456102,0.178222157515434,2,0.11674734714639,57.8685160681124,9.89174458128999,Exp4,fidelity_ladder_summary,regime-pipeline-v1,73
R0074,FRAGILE,0,GO,1,L0_BASELINE,NONE,L0_BASELINE:GO -> L1_SATURATION:GO -> L2_SLEW_LIMIT:GO -> L3_ACTUATOR_NONLINEAR:GO -> L4_SENSOR_EFFECTS:GO -> L5_FULL:GO -> L0_BASELINE:GO -> L1_SATURATION:GO -> L2_SLEW_LIMIT:GO -> L3_ACTUATOR_NONLINEAR:GO -> L4_SENSOR_EFFECTS:GO -> L5_FULL:GO -> L0_BASELINE:GO -> L1_SATURATION:GO -> L2_SLEW_LIMIT:GO -> L3_ACTUATOR_NONLINEAR:GO -> L4_SENSOR_EFFECTS:GO -> L5_FULL:GO -> L0_BASELINE:GO -> L1_SATURATION:GO -> L2_SLEW_LIMIT:GO -> L3_ACTUATOR_NONLINEAR:GO -> L4_SENSOR_EFFECTS:GO -> L5_FULL:GO -> L0_BASELINE:NOGO -> L1_SATURATION:NOGO -> L2_SLEW_LIMIT:NOGO -> L3_ACTUATOR_NONLINEAR:NOGO -> L4_SENSOR_EFFECTS:NOGO -> L5_FULL:NOGO -> L0_BASELINE:GO -> L1_SATURATION:GO -> L2_SLEW_LIMIT:GO -> L3_ACTUATOR_NONLINEAR:GO -> L4_SENSOR_EFFECTS:GO -> L5_FULL:GO,1.13044602288472,0.027031324901997,0.174164396954171,-53.6822190352871,6.94723664201584,29.2484134560864,0.125906054075492,0.125563462007654,1,0.194100149265749,108.273923792886,11.9021597308509,Exp4,fidelity_ladder_summary,regime-pipeline-v1,74
R0075,FRAGILE,0,GO,1,L0_BASELINE,NONE,L0_BASELINE:GO -> L1_SATURATION:GO -> L2_SLEW_LIMIT:GO -> L3_ACTUATOR_NONLINEAR:GO -> L4_SENSOR_EFFECTS:GO -> L5_FULL:GO -> L0_BASELINE:GO -> L1_SATURATION:GO -> L2_SLEW_LIMIT:GO -> L3_ACTUATOR_NONLINEAR:GO -> L4_SENSOR_EFFECTS:GO -> L5_FULL:GO -> L0_BASELINE:GO -> L1_SATURATION:GO -> L2_SLEW_LIMIT:GO -> L3_ACTUATOR_NONLINEAR:GO -> L4_SENSOR_EFFECTS:GO -> L5_FULL:GO -> L0_BASELINE:GO -> L1_SATURATION:GO -> L2_SLEW_LIMIT:GO -> L3_ACTUATOR_NONLINEAR:GO -> L4_SENSOR_EFFECTS:GO -> L5_FULL:GO -> L0_BASELINE:GO -> L1_SATURATION:GO -> L2_SLEW_LIMIT:GO -> L3_ACTUATOR_NONLINEAR:GO -> L4_SENSOR_EFFECTS:GO -> L5_FULL:GO -> L0_BASELINE:GO -> L1_SATURATION:GO -> L2_SLEW_LIMIT:GO -> L3_ACTUATOR_NONLINEAR:GO -> L4_SENSOR_EFFECTS:GO -> L5_FULL:GO,1.10911903644881,0.0100393107581324,0.160686398733362,-47.8817339400547,7.18822492199808,41.1212820881286,0.00414700803945783,0.0677780422039511,2,0.166900468478452,88.2631042331584,9.79082119455317,Exp4,fidelity_ladder_summary,regime-pipeline-v1,75
R0076,INFEASIBLE,-2.14742079000211,NOGO,4,L3_ACTUATOR_NONLINEAR,DEADBAND_BACKLASH,L0_BASELINE:GO -> L1_SATURATION:GO -> L2_SLEW_LIMIT:GO -> L3_ACTUATOR_NONLINEAR:GO -> L4_SENSOR_EFFECTS:GO -> L5_FULL:GO -> L0_BASELINE:GO -> L1_SATURATION:GO -> L2_SLEW_LIMIT:GO -> L3_ACTUATOR_NONLINEAR:GO -> L4_SENSOR_EFFECTS:GO -> L5_FULL:GO -> L0_BASELINE:GO -> L1_SATURATION:GO -> L2_SLEW_LIMIT:GO -> L3_ACTUATOR_NONLINEAR:GO -> L4_SENSOR_EFFECTS:GO -> L5_FULL:GO -> L0_BASELINE:NOGO -> L1_SATURATION:NOGO -> L2_SLEW_LIMIT:NOGO -> L3_ACTUATOR_NONLINEAR:NOGO -> L4_SENSOR_EFFECTS:NOGO -> L5_FULL:NOGO -> L0_BASELINE:NOGO -> L1_SATURATION:NOGO -> L2_SLEW_LIMIT:NOGO -> L3_ACTUATOR_NONLINEAR:NOGO -> L4_SENSOR_EFFECTS:NOGO -> L5_FULL:NOGO -> L0_BASELINE:NOGO -> L1_SATURATION:NOGO -> L2_SLEW_LIMIT:NOGO -> L3_ACTUATOR_NONLINEAR:NOGO -> L4_SENSOR_EFFECTS:NOGO -> L5_FULL:NOGO,1.87116071895669,0.0126808226313497,0.213417321596117,-63.5495239462597,9.61122081069395,36.3714540001942,0.0572452607076923,0.0935675747658022,1,0.393817707303289,68.9428634372904,10.361508022371,Exp4,fidelity_ladder_summary,regime-pipeline-v1,76
R0077,INFEASIBLE,-1.89605464781886,NOGO,4,L3_ACTUATOR_NONLINEAR,DEADBAND_BACKLASH,L0_BASELINE:GO -> L1_SATURATION:GO -> L2_SLEW_LIMIT:GO -> L3_ACTUATOR_NONLINEAR:GO -> L4_SENSOR_EFFECTS:GO -> L5_FULL:GO -> L0_BASELINE:GO -> L1_SATURATION:GO -> L2_SLEW_LIMIT:GO -> L3_ACTUATOR_NONLINEAR:GO -> L4_SENSOR_EFFECTS:GO -> L5_FULL:GO -> L0_BASELINE:GO -> L1_SATURATION:GO -> L2_SLEW_LIMIT:GO -> L3_ACTUATOR_NONLINEAR:GO -> L4_SENSOR_EFFECTS:GO -> L5_FULL:GO -> L0_BASELINE:NOGO -> L1_SATURATION:NOGO -> L2_SLEW_LIMIT:NOGO -> L3_ACTUATOR_NONLINEAR:NOGO -> L4_SENSOR_EFFECTS:NOGO -> L5_FULL:NOGO -> L0_BASELINE:NOGO -> L1_SATURATION:NOGO -> L2_SLEW_LIMIT:NOGO -> L3_ACTUATOR_NONLINEAR:NOGO -> L4_SENSOR_EFFECTS:NOGO -> L5_FULL:NOGO -> L0_BASELINE:NOGO -> L1_SATURATION:NOGO -> L2_SLEW_LIMIT:NOGO -> L3_ACTUATOR_NONLINEAR:NOGO -> L4_SENSOR_EFFECTS:NOGO -> L5_FULL:NOGO,1.06379002403173,0.0346485859941977,0.084768617789583,-67.7874638062945,7.50409102204755,49.7682473835512,0.0954591282286144,0.233666207979719,3,0.281662865575426,66.1138467299052,10.633313120773,Exp4,fidelity_ladder_summary,regime-pipeline-v1,77
R0078,INFEASIBLE,-1.86605539392427,GO,1,L0_BASELINE,NONE,L0_BASELINE:GO -> L1_SATURATION:GO -> L2_SLEW_LIMIT:GO -> L3_ACTUATOR_NONLINEAR:GO -> L4_SENSOR_EFFECTS:GO -> L5_FULL:GO -> L0_BASELINE:GO -> L1_SATURATION:GO -> L2_SLEW_LIMIT:GO -> L3_ACTUATOR_NONLINEAR:GO -> L4_SENSOR_EFFECTS:GO -> L5_FULL:GO -> L0_BASELINE:GO -> L1_SATURATION:GO -> L2_SLEW_LIMIT:GO -> L3_ACTUATOR_NONLINEAR:GO -> L4_SENSOR_EFFECTS:GO -> L5_FULL:GO -> L0_BASELINE:NOGO -> L1_SATURATION:NOGO -> L2_SLEW_LIMIT:NOGO -> L3_ACTUATOR_NONLINEAR:NOGO -> L4_SENSOR_EFFECTS:NOGO -> L5_FULL:NOGO -> L0_BASELINE:GO -> L1_SATURATION:GO -> L2_SLEW_LIMIT:GO -> L3_ACTUATOR_NONLINEAR:GO -> L4_SENSOR_EFFECTS:GO -> L5_FULL:GO -> L0_BASELINE:GO -> L1_SATURATION:GO -> L2_SLEW_LIMIT:GO -> L3_ACTUATOR_NONLINEAR:GO -> L4_SENSOR_EFFECTS:GO -> L5_FULL:GO,1.24415731569542,0.0186131248375134,0.177807606056371,-55.6148151680061,8.42306194758271,29.7193231147626,0.0989244177025944,0.0846237913202771,4,0.154553860838102,33.6811519231419,12.3487444916292,Exp4,fidelity_ladder_summary,regime-pipeline-v1,78
R0079,INFEASIBLE,-2.11244922039929,NOGO,4,L3_ACTUATOR_NONLINEAR,DEADBAND_BACKLASH,L0_BASELINE:GO -> L1_SATURATION:GO -> L2_SLEW_LIMIT:GO -> L3_ACTUATOR_NONLINEAR:GO -> L4_SENSOR_EFFECTS:GO -> L5_FULL:GO -> L0_BASELINE:GO -> L1_SATURATION:GO -> L2_SLEW_LIMIT:GO -> L3_ACTUATOR_NONLINEAR:GO -> L4_SENSOR_EFFECTS:GO -> L5_FULL:GO -> L0_BASELINE:GO -> L1_SATURATION:GO -> L2_SLEW_LIMIT:GO -> L3_ACTUATOR_NONLINEAR:GO -> L4_SENSOR_EFFECTS:GO -> L5_FULL:GO -> L0_BASELINE:NOGO -> L1_SATURATION:NOGO -> L2_SLEW_LIMIT:NOGO -> L3_ACTUATOR_NONLINEAR:NOGO -> L4_SENSOR_EFFECTS:NOGO -> L5_FULL:NOGO -> L0_BASELINE:NOGO -> L1_SATURATION:NOGO -> L2_SLEW_LIMIT:NOGO -> L3_ACTUATOR_NONLINEAR:NOGO -> L4_SENSOR_EFFECTS:NOGO -> L5_FULL:NOGO -> L0_BASELINE:NOGO -> L1_SATURATION:NOGO -> L2_SLEW_LIMIT:NOGO -> L3_ACTUATOR_NONLINEAR:NOGO -> L4_SENSOR_EFFECTS:NOGO -> L5_FULL:NOGO,0.968267527364045,0.0344706630206322,0.112777884911652,-67.0080204490005,6.64455192585726,33.1726697914505,0.018770535994272,0.206567223920908,2,0.435361245491982,95.2870089943643,13.6368361260082,Exp4,fidelity_ladder_summary,regime-pipeline-v1,79
R0080,FRAGILE,0,GO,1,L0_BASELINE,NONE,L0_BASELINE:GO -> L1_SATURATION:GO -> L2_SLEW_LIMIT:GO -> L3_ACTUATOR_NONLINEAR:GO -> L4_SENSOR_EFFECTS:GO -> L5_FULL:GO -> L0_BASELINE:GO -> L1_SATURATION:GO -> L2_SLEW_LIMIT:GO -> L3_ACTUATOR_NONLINEAR:GO -> L4_SENSOR_EFFECTS:GO -> L5_FULL:GO -> L0_BASELINE:GO -> L1_SATURATION:GO -> L2_SLEW_LIMIT:GO -> L3_ACTUATOR_NONLINEAR:GO -> L4_SENSOR_EFFECTS:GO -> L5_FULL:GO -> L0_BASELINE:GO -> L1_SATURATION:GO -> L2_SLEW_LIMIT:GO -> L3_ACTUATOR_NONLINEAR:GO -> L4_SENSOR_EFFECTS:GO -> L5_FULL:GO -> L0_BASELINE:GO -> L1_SATURATION:GO -> L2_SLEW_LIMIT:GO -> L3_ACTUATOR_NONLINEAR:GO -> L4_SENSOR_EFFECTS:GO -> L5_FULL:GO -> L0_BASELINE:GO -> L1_SATURATION:GO -> L2_SLEW_LIMIT:GO -> L3_ACTUATOR_NONLINEAR:GO -> L4_SENSOR_EFFECTS:GO -> L5_FULL:GO,1.01730750526445,0.0267216797624605,0.0729254791698501,-34.5482133372843,6.27414043001823,27.7987583609487,0.0369919685025313,0.16444662828839,6,0.226748744142152,111.71412935712,12.6506642374053,Exp4,fidelity_ladder_summary,regime-pipeline-v1,80
R0081,INFEASIBLE,-2.53282750590972,NOGO,4,L3_ACTUATOR_NONLINEAR,DEADBAND_BACKLASH,L0_BASELINE:GO -> L1_SATURATION:GO -> L2_SLEW_LIMIT:GO -> L3_ACTUATOR_NONLINEAR:GO -> L4_SENSOR_EFFECTS:GO -> L5_FULL:GO -> L0_BASELINE:GO -> L1_SATURATION:GO -> L2_SLEW_LIMIT:GO -> L3_ACTUATOR_NONLINEAR:GO -> L4_SENSOR_EFFECTS:GO -> L5_FULL:GO -> L0_BASELINE:GO -> L1_SATURATION:GO -> L2_SLEW_LIMIT:GO -> L3_ACTUATOR_NONLINEAR:GO -> L4_SENSOR_EFFECTS:GO -> L5_FULL:GO -> L0_BASELINE:NOGO -> L1_SATURATION:NOGO -> L2_SLEW_LIMIT:NOGO -> L3_ACTUATOR_NONLINEAR:NOGO -> L4_SENSOR_EFFECTS:NOGO -> L5_FULL:NOGO -> L0_BASELINE:NOGO -> L1_SATURATION:NOGO -> L2_SLEW_LIMIT:NOGO -> L3_ACTUATOR_NONLINEAR:NOGO -> L4_SENSOR_EFFECTS:NOGO -> L5_FULL:NOGO -> L0_BASELINE:NOGO -> L1_SATURATION:NOGO -> L2_SLEW_LIMIT:NOGO -> L3_ACTUATOR_NONLINEAR:NOGO -> L4_SENSOR_EFFECTS:NOGO -> L5_FULL:NOGO,1.44782821026734,0.0212775335270316,0.131414605597277,-54.7179426963079,13.9978698542698,41.0441779963193,0.0945083351746678,0.19178269634946,1,0.153237167017735,32.9443447381232,13.0513457898965,Exp4,fidelity_ladder_summary,regime-pipeline-v1,81
R0082,INFEASIBLE,-2.15535976588026,NOGO,4,L3_ACTUATOR_NONLINEAR,DEADBAND_BACKLASH,L0_BASELINE:GO -> L1_SATURATION:GO -> L2_SLEW_LIMIT:GO -> L3_ACTUATOR_NONLINEAR:GO -> L4_SENSOR_EFFECTS:GO -> L5_FULL:GO -> L0_BASELINE:GO -> L1_SATURATION:GO -> L2_SLEW_LIMIT:GO -> L3_ACTUATOR_NONLINEAR:GO -> L4_SENSOR_EFFECTS:GO -> L5_FULL:GO -> L0_BASELINE:GO -> L1_SATURATION:GO -> L2_SLEW_LIMIT:GO -> L3_ACTUATOR_NONLINEAR:GO -> L4_SENSOR_EFFECTS:GO -> L5_FULL:GO -> L0_BASELINE:NOGO -> L1_SATURATION:NOGO -> L2_SLEW_LIMIT:NOGO -> L3_ACTUATOR_NONLINEAR:NOGO -> L4_SENSOR_EFFECTS:NOGO -> L5_FULL:NOGO -> L0_BASELINE:NOGO -> L1_SATURATION:NOGO -> L2_SLEW_LIMIT:NOGO -> L3_ACTUATOR_NONLINEAR:NOGO -> L4_SENSOR_EFFECTS:NOGO -> L5_FULL:NOGO -> L0_BASELINE:NOGO -> L1_SATURATION:NOGO -> L2_SLEW_LIMIT:NOGO -> L3_ACTUATOR_NONLINEAR:NOGO -> L4_SENSOR_EFFECTS:NOGO -> L5_FULL:NOGO,1.6093093994331,0.0353053622558315,0.195218478710716,-56.9944493490165,10.1526390182195,33.3087766373599,0.0918259733864737,0.138055708228242,5,0.418671493717275,23.5284757532722,8.83352974992589,Exp4,fidelity_ladder_summary,regime-pipeline-v1,82
R0083,EASY,1.99253087155104,NOGO,6,L5_FULL,AERO_UNCERTAINTY_AND_DRIFT,L0_BASELINE:GO -> L1_SATURATION:GO -> L2_SLEW_LIMIT:GO -> L3_ACTUATOR_NONLINEAR:GO -> L4_SENSOR_EFFECTS:GO -> L5_FULL:GO -> L0_BASELINE:GO -> L1_SATURATION:GO -> L2_SLEW_LIMIT:GO -> L3_ACTUATOR_NONLINEAR:GO -> L4_SENSOR_EFFECTS:GO -> L5_FULL:GO -> L0_BASELINE:GO -> L1_SATURATION:GO -> L2_SLEW_LIMIT:GO -> L3_ACTUATOR_NONLINEAR:GO -> L4_SENSOR_EFFECTS:GO -> L5_FULL:GO -> L0_BASELINE:GO -> L1_SATURATION:GO -> L2_SLEW_LIMIT:GO -> L3_ACTUATOR_NONLINEAR:GO -> L4_SENSOR_EFFECTS:GO -> L5_FULL:GO -> L0_BASELINE:GO -> L1_SATURATION:GO -> L2_SLEW_LIMIT:GO -> L3_ACTUATOR_NONLINEAR:GO -> L4_SENSOR_EFFECTS:GO -> L5_FULL:GO -> L0_BASELINE:NOGO -> L1_SATURATION:NOGO -> L2_SLEW_LIMIT:NOGO -> L3_ACTUATOR_NONLINEAR:NOGO -> L4_SENSOR_EFFECTS:NOGO -> L5_FULL:NOGO,1.38261411631099,0.0235283885852838,0.188956480927211,-51.0626685671944,7.95560083875731,25.7276325630654,0.109800718458328,0.0506770274244996,2,0.323911307674044,26.4781431325844,8.89597416071448,Exp4,fidelity_ladder_summary,regime-pipeline-v1,83
R0084,INFEASIBLE,-1.80728073870731,NOGO,4,L3_ACTUATOR_NONLINEAR,DEADBAND_BACKLASH,L0_BASELINE:GO -> L1_SATURATION:GO -> L2_SLEW_LIMIT:GO -> L3_ACTUATOR_NONLINEAR:GO -> L4_SENSOR_EFFECTS:GO -> L5_FULL:GO -> L0_BASELINE:GO -> L1_SATURATION:GO -> L2_SLEW_LIMIT:GO -> L3_ACTUATOR_NONLINEAR:GO -> L4_SENSOR_EFFECTS:GO -> L5_FULL:GO -> L0_BASELINE:GO -> L1_SATURATION:GO -> L2_SLEW_LIMIT:GO -> L3_ACTUATOR_NONLINEAR:GO -> L4_SENSOR_EFFECTS:GO -> L5_FULL:GO -> L0_BASELINE:NOGO -> L1_SATURATION:NOGO -> L2_SLEW_LIMIT:NOGO -> L3_ACTUATOR_NONLINEAR:NOGO -> L4_SENSOR_EFFECTS:NOGO -> L5_FULL:NOGO -> L0_BASELINE:NOGO -> L1_SATURATION:NOGO -> L2_SLEW_LIMIT:NOGO -> L3_ACTUATOR_NONLINEAR:NOGO -> L4_SENSOR_EFFECTS:NOGO -> L5_FULL:NOGO -> L0_BASELINE:NOGO -> L1_SATURATION:NOGO -> L2_SLEW_LIMIT:NOGO -> L3_ACTUATOR_NONLINEAR:NOGO -> L4_SENSOR_EFFECTS:NOGO -> L5_FULL:NOGO,1.28451919105166,0.0147551671675617,0.108971393419632,-54.6233293695424,13.9159938066997,47.6194323172416,0.0604334036269429,0.175833952293358,4,0.338190296327495,83.4393326174978,9.51514445187795,Exp4,fidelity_ladder_summary,regime-pipeline-v1,84
R0085,INFEASIBLE,-2.07286734379148,GO,1,L0_BASELINE,NONE,L0_BASELINE:GO -> L1_SATURATION:GO -> L2_SLEW_LIMIT:GO -> L3_ACTUATOR_NONLINEAR:GO -> L4_SENSOR_EFFECTS:GO -> L5_FULL:GO -> L0_BASELINE:GO -> L1_SATURATION:GO -> L2_SLEW_LIMIT:GO -> L3_ACTUATOR_NONLINEAR:GO -> L4_SENSOR_EFFECTS:GO -> L5_FULL:GO -> L0_BASELINE:GO -> L1_SATURATION:GO -> L2_SLEW_LIMIT:GO -> L3_ACTUATOR_NONLINEAR:GO -> L4_SENSOR_EFFECTS:GO -> L5_FULL:GO -> L0_BASELINE:GO -> L1_SATURATION:GO -> L2_SLEW_LIMIT:GO -> L3_ACTUATOR_NONLINEAR:GO -> L4_SENSOR_EFFECTS:GO -> L5_FULL:GO -> L0_BASELINE:NOGO -> L1_SATURATION:NOGO -> L2_SLEW_LIMIT:NOGO -> L3_ACTUATOR_NONLINEAR:NOGO -> L4_SENSOR_EFFECTS:NOGO -> L5_FULL:NOGO -> L0_BASELINE:GO -> L1_SATURATION:GO -> L2_SLEW_LIMIT:GO -> L3_ACTUATOR_NONLINEAR:GO -> L4_SENSOR_EFFECTS:GO -> L5_FULL:GO,1.48793263752474,0.0351665698769617,0.175242840523167,-69.6666925602643,5.1756664781616,41.4671540206863,0.096135372964111,0.120206069896409,4,0.419270768566632,113.958648282278,14.9923653536947,Exp4,fidelity_ladder_summary,regime-pipeline-v1,85
R0086,FRAGILE,0,GO,1,L0_BASELINE,NONE,L0_BASELINE:GO -> L1_SATURATION:GO -> L2_SLEW_LIMIT:GO -> L3_ACTUATOR_NONLINEAR:GO -> L4_SENSOR_EFFECTS:GO -> L5_FULL:GO -> L0_BASELINE:GO -> L1_SATURATION:GO -> L2_SLEW_LIMIT:GO -> L3_ACTUATOR_NONLINEAR:GO -> L4_SENSOR_EFFECTS:GO -> L5_FULL:GO -> L0_BASELINE:GO -> L1_SATURATION:GO -> L2_SLEW_LIMIT:GO -> L3_ACTUATOR_NONLINEAR:GO -> L4_SENSOR_EFFECTS:GO -> L5_FULL:GO -> L0_BASELINE:GO -> L1_SATURATION:GO -> L2_SLEW_LIMIT:GO -> L3_ACTUATOR_NONLINEAR:GO -> L4_SENSOR_EFFECTS:GO -> L5_FULL:GO -> L0_BASELINE:GO -> L1_SATURATION:GO -> L2_SLEW_LIMIT:GO -> L3_ACTUATOR_NONLINEAR:GO -> L4_SENSOR_EFFECTS:GO -> L5_FULL:GO -> L0_BASELINE:GO -> L1_SATURATION:GO -> L2_SLEW_LIMIT:GO -> L3_ACTUATOR_NONLINEAR:GO -> L4_SENSOR_EFFECTS:GO -> L5_FULL:GO,1.32364184619553,0.0106864036486677,0.0639098002153051,-32.9643156798303,5.65877634006395,39.2254360863384,0.0793974790891824,0.0907337677925781,1,0.426023563372419,41.2147672406719,14.3722669841714,Exp4,fidelity_ladder_summary,regime-pipeline-v1,86
R0087,INFEASIBLE,-2.68054203418462,NOGO,4,L3_ACTUATOR_NONLINEAR,DEADBAND_BACKLASH,L0_BASELINE:GO -> L1_SATURATION:GO -> L2_SLEW_LIMIT:GO -> L3_ACTUATOR_NONLINEAR:GO -> L4_SENSOR_EFFECTS:GO -> L5_FULL:GO -> L0_BASELINE:GO -> L1_SATURATION:GO -> L2_SLEW_LIMIT:GO -> L3_ACTUATOR_NONLINEAR:GO -> L4_SENSOR_EFFECTS:GO -> L5_FULL:GO -> L0_BASELINE:GO -> L1_SATURATION:GO -> L2_SLEW_LIMIT:GO -> L3_ACTUATOR_NONLINEAR:GO -> L4_SENSOR_EFFECTS:GO -> L5_FULL:GO -> L0_BASELINE:NOGO -> L1_SATURATION:NOGO -> L2_SLEW_LIMIT:NOGO -> L3_ACTUATOR_NONLINEAR:NOGO -> L4_SENSOR_EFFECTS:NOGO -> L5_FULL:NOGO -> L0_BASELINE:NOGO -> L1_SATURATION:NOGO -> L2_SLEW_LIMIT:NOGO -> L3_ACTUATOR_NONLINEAR:NOGO -> L4_SENSOR_EFFECTS:NOGO -> L5_FULL:NOGO -> L0_BASELINE:NOGO -> L1_SATURATION:NOGO -> L2_SLEW_LIMIT:NOGO -> L3_ACTUATOR_NONLINEAR:NOGO -> L4_SENSOR_EFFECTS:NOGO -> L5_FULL:NOGO,1.04205497503656,0.0394472242539343,0.216192673366971,-56.088709782856,10.0380476182434,44.7638534856416,0.136607104151299,0.183572175401389,3,0.332855142347909,108.974330213571,13.6889736022805,Exp4,fidelity_ladder_summary,regime-pipeline-v1,87
R0088,INFEASIBLE,-1.90795469898129,NOGO,5,L4_SENSOR_EFFECTS,SENSOR_LATENCY_NOISE,L0_BASELINE:GO -> L1_SATURATION:GO -> L2_SLEW_LIMIT:GO -> L3_ACTUATOR_NONLINEAR:GO -> L4_SENSOR_EFFECTS:GO -> L5_FULL:GO -> L0_BASELINE:GO -> L1_SATURATION:GO -> L2_SLEW_LIMIT:GO -> L3_ACTUATOR_NONLINEAR:GO -> L4_SENSOR_EFFECTS:GO -> L5_FULL:GO -> L0_BASELINE:GO -> L1_SATURATION:GO -> L2_SLEW_LIMIT:GO -> L3_ACTUATOR_NONLINEAR:GO -> L4_SENSOR_EFFECTS:GO -> L5_FULL:GO -> L0_BASELINE:GO -> L1_SATURATION:GO -> L2_SLEW_LIMIT:GO -> L3_ACTUATOR_NONLINEAR:GO -> L4_SENSOR_EFFECTS:GO -> L5_FULL:GO -> L0_BASELINE:NOGO -> L1_SATURATION:NOGO -> L2_SLEW_LIMIT:NOGO -> L3_ACTUATOR_NONLINEAR:NOGO -> L4_SENSOR_EFFECTS:NOGO -> L5_FULL:NOGO -> L0_BASELINE:NOGO -> L1_SATURATION:NOGO -> L2_SLEW_LIMIT:NOGO -> L3_ACTUATOR_NONLINEAR:NOGO -> L4_SENSOR_EFFECTS:NOGO -> L5_FULL:NOGO,1.95452426805864,0.0112747012315883,0.0990191711925706,-61.3915107958568,11.3148666927632,27.7851795565444,0.0391496591487014,0.125999002736733,2,0.336631375266752,79.6386401693189,13.1782598622423,Exp4,fidelity_ladder_summary,regime-pipeline-v1,88
R0089,INFEASIBLE,-2.28725433062382,NOGO,4,L3_ACTUATOR_NONLINEAR,DEADBAND_BACKLASH,L0_BASELINE:GO -> L1_SATURATION:GO -> L2_SLEW_LIMIT:GO -> L3_ACTUATOR_NONLINEAR:GO -> L4_SENSOR_EFFECTS:GO -> L5_FULL:GO -> L0_BASELINE:GO -> L1_SATURATION:GO -> L2_SLEW_LIMIT:GO -> L3_ACTUATOR_NONLINEAR:GO -> L4_SENSOR_EFFECTS:GO -> L5_FULL:GO -> L0_BASELINE:GO -> L1_SATURATION:GO -> L2_SLEW_LIMIT:GO -> L3_ACTUATOR_NONLINEAR:GO -> L4_SENSOR_EFFECTS:GO -> L5_FULL:GO -> L0_BASELINE:NOGO -> L1_SATURATION:NOGO -> L2_SLEW_LIMIT:NOGO -> L3_ACTUATOR_NONLINEAR:NOGO -> L4_SENSOR_EFFECTS:NOGO -> L5_FULL:NOGO -> L0_BASELINE:NOGO -> L1_SATURATION:NOGO -> L2_SLEW_LIMIT:NOGO -> L3_ACTUATOR_NONLINEAR:NOGO -> L4_SENSOR_EFFECTS:NOGO -> L5_FULL:NOGO -> L0_BASELINE:NOGO -> L1_SATURATION:NOGO -> L2_SLEW_LIMIT:NOGO -> L3_ACTUATOR_NONLINEAR:NOGO -> L4_SENSOR_EFFECTS:NOGO -> L5_FULL:NOGO,2.06608524407114,0.0136657640009876,0.143994945827811,-45.6462443093549,13.5751745191872,47.9323511157083,0.0482863381352308,0.127040722771848,6,0.128720892116403,59.7494840419443,10.9697352602431,Exp4,fidelity_ladder_summary,regime-pipeline-v1,89
R0090,EASY,1.99605375701564,GO,1,L0_BASELINE,NONE,L0_BASELINE:GO -> L1_SATURATION:GO -> L2_SLEW_LIMIT:GO -> L3_ACTUATOR_NONLINEAR:GO -> L4_SENSOR_EFFECTS:GO -> L5_FULL:GO -> L0_BASELINE:GO -> L1_SATURATION:GO -> L2_SLEW_LIMIT:GO -> L3_ACTUATOR_NONLINEAR:GO -> L4_SENSOR_EFFECTS:GO -> L5_FULL:GO -> L0_BASELINE:GO -> L1_SATURATION:GO -> L2_SLEW_LIMIT:GO -> L3_ACTUATOR_NONLINEAR:GO -> L4_SENSOR_EFFECTS:GO -> L5_FULL:GO -> L0_BASELINE:GO -> L1_SATURATION:GO -> L2_SLEW_LIMIT:GO -> L3_ACTUATOR_NONLINEAR:GO -> L4_SENSOR_EFFECTS:GO -> L5_FULL:GO -> L0_BASELINE:GO -> L1_SATURATION:GO -> L2_SLEW_LIMIT:GO -> L3_ACTUATOR_NONLINEAR:GO -> L4_SENSOR_EFFECTS:GO -> L5_FULL:GO -> L0_BASELINE:GO -> L1_SATURATION:GO -> L2_SLEW_LIMIT:GO -> L3_ACTUATOR_NONLINEAR:GO -> L4_SENSOR_EFFECTS:GO -> L5_FULL:GO,1.53667702284868,0.0348876729512368,0.082152712546584,-36.0045189499255,5.72965128980559,41.7253195263485,0.00588572533146342,0.0611384268128723,2,0.302070668245718,117.175761749971,14.3464094405749,Exp4,fidelity_ladder_summary,regime-pipeline-v1,90
R0091,INFEASIBLE,-2.13231098813656,NOGO,4,L3_ACTUATOR_NONLINEAR,DEADBAND_BACKLASH,L0_BASELINE:GO -> L1_SATURATION:GO -> L2_SLEW_LIMIT:GO -> L3_ACTUATOR_NONLINEAR:GO -> L4_SENSOR_EFFECTS:GO -> L5_FULL:GO -> L0_BASELINE:GO -> L1_SATURATION:GO -> L2_SLEW_LIMIT:GO -> L3_ACTUATOR_NONLINEAR:GO -> L4_SENSOR_EFFECTS:GO -> L5_FULL:GO -> L0_BASELINE:GO -> L1_SATURATION:GO -> L2_SLEW_LIMIT:GO -> L3_ACTUATOR_NONLINEAR:GO -> L4_SENSOR_EFFECTS:GO -> L5_FULL:GO -> L0_BASELINE:NOGO -> L1_SATURATION:NOGO -> L2_SLEW_LIMIT:NOGO -> L3_ACTUATOR_NONLINEAR:NOGO -> L4_SENSOR_EFFECTS:NOGO -> L5_FULL:NOGO -> L0_BASELINE:NOGO -> L1_SATURATION:NOGO -> L2_SLEW_LIMIT:NOGO -> L3_ACTUATOR_NONLINEAR:NOGO -> L4_SENSOR_EFFECTS:NOGO -> L5_FULL:NOGO -> L0_BASELINE:NOGO -> L1_SATURATION:NOGO -> L2_SLEW_LIMIT:NOGO -> L3_ACTUATOR_NONLINEAR:NOGO -> L4_SENSOR_EFFECTS:NOGO -> L5_FULL:NOGO,1.49034090418692,0.0347296721257173,0.204839757651239,-60.8523798792783,5.53616823678109,42.3675756912243,0.0180975220233746,0.121602175641089,5,0.053910003115279,25.2476044658377,13.3688604377239,Exp4,fidelity_ladder_summary,regime-pipeline-v1,91
R0092,EASY,1.85929371184786,GO,1,L0_BASELINE,NONE,L0_BASELINE:GO -> L1_SATURATION:GO -> L2_SLEW_LIMIT:GO -> L3_ACTUATOR_NONLINEAR:GO -> L4_SENSOR_EFFECTS:GO -> L5_FULL:GO -> L0_BASELINE:GO -> L1_SATURATION:GO -> L2_SLEW_LIMIT:GO -> L3_ACTUATOR_NONLINEAR:GO -> L4_SENSOR_EFFECTS:GO -> L5_FULL:GO -> L0_BASELINE:GO -> L1_SATURATION:GO -> L2_SLEW_LIMIT:GO -> L3_ACTUATOR_NONLINEAR:GO -> L4_SENSOR_EFFECTS:GO -> L5_FULL:GO -> L0_BASELINE:GO -> L1_SATURATION:GO -> L2_SLEW_LIMIT:GO -> L3_ACTUATOR_NONLINEAR:GO -> L4_SENSOR_EFFECTS:GO -> L5_FULL:GO -> L0_BASELINE:GO -> L1_SATURATION:GO -> L2_SLEW_LIMIT:GO -> L3_ACTUATOR_NONLINEAR:GO -> L4_SENSOR_EFFECTS:GO -> L5_FULL:GO -> L0_BASELINE:GO -> L1_SATURATION:GO -> L2_SLEW_LIMIT:GO -> L3_ACTUATOR_NONLINEAR:GO -> L4_SENSOR_EFFECTS:GO -> L5_FULL:GO,1.14128313578988,0.0150100906774763,0.078744479702188,-34.4507324457074,12.3757914369992,34.7729032649982,0.123254575026327,0.0359649190589669,4,0.245966385063398,92.9329562651052,10.8373663630343,Exp4,fidelity_ladder_summary,regime-pipeline-v1,92
R0093,INFEASIBLE,-2.11991664346543,NOGO,4,L3_ACTUATOR_NONLINEAR,DEADBAND_BACKLASH,L0_BASELINE:GO -> L1_SATURATION:GO -> L2_SLEW_LIMIT:GO -> L3_ACTUATOR_NONLINEAR:GO -> L4_SENSOR_EFFECTS:GO -> L5_FULL:GO -> L0_BASELINE:GO -> L1_SATURATION:GO -> L2_SLEW_LIMIT:GO -> L3_ACTUATOR_NONLINEAR:GO -> L4_SENSOR_EFFECTS:GO -> L5_FULL:GO -> L0_BASELINE:GO -> L1_SATURATION:GO -> L2_SLEW_LIMIT:GO -> L3_ACTUATOR_NONLINEAR:GO -> L4_SENSOR_EFFECTS:GO -> L5_FULL:GO -> L0_BASELINE:NOGO -> L1_SATURATION:NOGO -> L2_SLEW_LIMIT:NOGO -> L3_ACTUATOR_NONLINEAR:NOGO -> L4_SENSOR_EFFECTS:NOGO -> L5_FULL:NOGO -> L0_BASELINE:NOGO -> L1_SATURATION:NOGO -> L2_SLEW_LIMIT:NOGO -> L3_ACTUATOR_NONLINEAR:NOGO -> L4_SENSOR_EFFECTS:NOGO -> L5_FULL:NOGO -> L0_BASELINE:NOGO -> L1_SATURATION:NOGO -> L2_SLEW_LIMIT:NOGO -> L3_ACTUATOR_NONLINEAR:NOGO -> L4_SENSOR_EFFECTS:NOGO -> L5_FULL:NOGO,1.88067000232593,0.0223784295340946,0.119346405344134,-63.3895596856693,12.1723990625698,27.7382107061333,0.0631609306700898,0.243566588740687,3,0.362662445107369,66.8577459226947,9.72871163623705,Exp4,fidelity_ladder_summary,regime-pipeline-v1,93
R0094,EASY,1.47978831045955,GO,1,L0_BASELINE,NONE,L0_BASELINE:GO -> L1_SATURATION:GO -> L2_SLEW_LIMIT:GO -> L3_ACTUATOR_NONLINEAR:GO -> L4_SENSOR_EFFECTS:GO -> L5_FULL:GO -> L0_BASELINE:GO -> L1_SATURATION:GO -> L2_SLEW_LIMIT:GO -> L3_ACTUATOR_NONLINEAR:GO -> L4_SENSOR_EFFECTS:GO -> L5_FULL:GO -> L0_BASELINE:GO -> L1_SATURATION:GO -> L2_SLEW_LIMIT:GO -> L3_ACTUATOR_NONLINEAR:GO -> L4_SENSOR_EFFECTS:GO -> L5_FULL:GO -> L0_BASELINE:GO -> L1_SATURATION:GO -> L2_SLEW_LIMIT:GO -> L3_ACTUATOR_NONLINEAR:GO -> L4_SENSOR_EFFECTS:GO -> L5_FULL:GO -> L0_BASELINE:GO -> L1_SATURATION:GO -> L2_SLEW_LIMIT:GO -> L3_ACTUATOR_NONLINEAR:GO -> L4_SENSOR_EFFECTS:GO -> L5_FULL:GO -> L0_BASELINE:GO -> L1_SATURATION:GO -> L2_SLEW_LIMIT:GO -> L3_ACTUATOR_NONLINEAR:GO -> L4_SENSOR_EFFECTS:GO -> L5_FULL:GO,1.11332350101715,0.0372220481065123,0.195108322187325,-69.3882379279527,10.3433438009307,37.1071247714278,0.0067078424438802,0.0407085250544455,6,0.170607708644985,63.7104933158287,11.2892526773756,Exp4,fidelity_ladder_summary,regime-pipeline-v1,94
R0095,EASY,2.19125021861583,GO,1,L0_BASELINE,NONE,L0_BASELINE:GO -> L1_SATURATION:GO -> L2_SLEW_LIMIT:GO -> L3_ACTUATOR_NONLINEAR:GO -> L4_SENSOR_EFFECTS:GO -> L5_FULL:GO -> L0_BASELINE:GO -> L1_SATURATION:GO -> L2_SLEW_LIMIT:GO -> L3_ACTUATOR_NONLINEAR:GO -> L4_SENSOR_EFFECTS:GO -> L5_FULL:GO -> L0_BASELINE:GO -> L1_SATURATION:GO -> L2_SLEW_LIMIT:GO -> L3_ACTUATOR_NONLINEAR:GO -> L4_SENSOR_EFFECTS:GO -> L5_FULL:GO -> L0_BASELINE:GO -> L1_SATURATION:GO -> L2_SLEW_LIMIT:GO -> L3_ACTUATOR_NONLINEAR:GO -> L4_SENSOR_EFFECTS:GO -> L5_FULL:GO -> L0_BASELINE:GO -> L1_SATURATION:GO -> L2_SLEW_LIMIT:GO -> L3_ACTUATOR_NONLINEAR:GO -> L4_SENSOR_EFFECTS:GO -> L5_FULL:GO -> L0_BASELINE:GO -> L1_SATURATION:GO -> L2_SLEW_LIMIT:GO -> L3_ACTUATOR_NONLINEAR:GO -> L4_SENSOR_EFFECTS:GO -> L5_FULL:GO,1.06068236206097,0.0270663188991771,0.159103523603517,-49.8660955229899,12.0213390928952,46.7624104447262,0.146314893139412,0.0364939442144918,5,0.160284258968621,43.426432651563,8.33752514541228,Exp4,fidelity_ladder_summary,regime-pipeline-v1,95
R0096,EASY,1.93248579085877,GO,1,L0_BASELINE,NONE,L0_BASELINE:GO -> L1_SATURATION:GO -> L2_SLEW_LIMIT:GO -> L3_ACTUATOR_NONLINEAR:GO -> L4_SENSOR_EFFECTS:GO -> L5_FULL:GO -> L0_BASELINE:GO -> L1_SATURATION:GO -> L2_SLEW_LIMIT:GO -> L3_ACTUATOR_NONLINEAR:GO -> L4_SENSOR_EFFECTS:GO -> L5_FULL:GO -> L0_BASELINE:GO -> L1_SATURATION:GO -> L2_SLEW_LIMIT:GO -> L3_ACTUATOR_NONLINEAR:GO -> L4_SENSOR_EFFECTS:GO -> L5_FULL:GO -> L0_BASELINE:GO -> L1_SATURATION:GO -> L2_SLEW_LIMIT:GO -> L3_ACTUATOR_NONLINEAR:GO -> L4_SENSOR_EFFECTS:GO -> L5_FULL:GO -> L0_BASELINE:GO -> L1_SATURATION:GO -> L2_SLEW_LIMIT:GO -> L3_ACTUATOR_NONLINEAR:GO -> L4_SENSOR_EFFECTS:GO -> L5_FULL:GO -> L0_BASELINE:GO -> L1_SATURATION:GO -> L2_SLEW_LIMIT:GO -> L3_ACTUATOR_NONLINEAR:GO -> L4_SENSOR_EFFECTS:GO -> L5_FULL:GO,1.7207697244752,0.0341640032196122,0.118353280064116,-45.2340448276823,6.75331348128896,45.6237516940073,0.126312774184976,0.0427219029914618,5,0.285746316297191,106.995627092417,13.2711990709606,Exp4,fidelity_ladder_summary,regime-pipeline-v1,96
R0097,EASY,1.82020838822707,GO,1,L0_BASELINE,NONE,L0_BASELINE:GO -> L1_SATURATION:GO -> L2_SLEW_LIMIT:GO -> L3_ACTUATOR_NONLINEAR:GO -> L4_SENSOR_EFFECTS:GO -> L5_FULL:GO -> L0_BASELINE:GO -> L1_SATURATION:GO -> L2_SLEW_LIMIT:GO -> L3_ACTUATOR_NONLINEAR:GO -> L4_SENSOR_EFFECTS:GO -> L5_FULL:GO -> L0_BASELINE:GO -> L1_SATURATION:GO -> L2_SLEW_LIMIT:GO -> L3_ACTUATOR_NONLINEAR:GO -> L4_SENSOR_EFFECTS:GO -> L5_FULL:GO -> L0_BASELINE:GO -> L1_SATURATION:GO -> L2_SLEW_LIMIT:GO -> L3_ACTUATOR_NONLINEAR:GO -> L4_SENSOR_EFFECTS:GO -> L5_FULL:GO -> L0_BASELINE:GO -> L1_SATURATION:GO -> L2_SLEW_LIMIT:GO -> L3_ACTUATOR_NONLINEAR:GO -> L4_SENSOR_EFFECTS:GO -> L5_FULL:GO -> L0_BASELINE:GO -> L1_SATURATION:GO -> L2_SLEW_LIMIT:GO -> L3_ACTUATOR_NONLINEAR:GO -> L4_SENSOR_EFFECTS:GO -> L5_FULL:GO,1.19895686136008,0.0352868481068784,0.139865995478927,-59.1269712512153,9.30373091700781,34.8887102253694,0.133571486606203,0.0256041851830623,3,0.350848966775555,60.6378425475225,12.6659396424064,Exp4,fidelity_ladder_summary,regime-pipeline-v1,97
R0098,INFEASIBLE,-2.60231454465306,NOGO,4,L3_ACTUATOR_NONLINEAR,DEADBAND_BACKLASH,L0_BASELINE:GO -> L1_SATURATION:GO -> L2_SLEW_LIMIT:GO -> L3_ACTUATOR_NONLINEAR:GO -> L4_SENSOR_EFFECTS:GO -> L5_FULL:GO -> L0_BASELINE:GO -> L1_SATURATION:GO -> L2_SLEW_LIMIT:GO -> L3_ACTUATOR_NONLINEAR:GO -> L4_SENSOR_EFFECTS:GO -> L5_FULL:GO -> L0_BASELINE:GO -> L1_SATURATION:GO -> L2_SLEW_LIMIT:GO -> L3_ACTUATOR_NONLINEAR:GO -> L4_SENSOR_EFFECTS:GO -> L5_FULL:GO -> L0_BASELINE:NOGO -> L1_SATURATION:NOGO -> L2_SLEW_LIMIT:NOGO -> L3_ACTUATOR_NONLINEAR:NOGO -> L4_SENSOR_EFFECTS:NOGO -> L5_FULL:NOGO -> L0_BASELINE:NOGO -> L1_SATURATION:NOGO -> L2_SLEW_LIMIT:NOGO -> L3_ACTUATOR_NONLINEAR:NOGO -> L4_SENSOR_EFFECTS:NOGO -> L5_FULL:NOGO -> L0_BASELINE:NOGO -> L1_SATURATION:NOGO -> L2_SLEW_LIMIT:NOGO -> L3_ACTUATOR_NONLINEAR:NOGO -> L4_SENSOR_EFFECTS:NOGO -> L5_FULL:NOGO,1.12828536007404,0.0358483204177662,0.226171900874464,-40.9909755284055,12.4620382498432,43.0874858390187,0.0489940912408251,0.173679661490442,2,0.0919682321700976,28.2975222270347,13.4033643338087,Exp4,fidelity_ladder_summary,regime-pipeline-v1,98
R0099,EASY,2.2486389108668,GO,1,L0_BASELINE,NONE,L0_BASELINE:GO -> L1_SATURATION:GO -> L2_SLEW_LIMIT:GO -> L3_ACTUATOR_NONLINEAR:GO -> L4_SENSOR_EFFECTS:GO -> L5_FULL:GO -> L0_BASELINE:GO -> L1_SATURATION:GO -> L2_SLEW_LIMIT:GO -> L3_ACTUATOR_NONLINEAR:GO -> L4_SENSOR_EFFECTS:GO -> L5_FULL:GO -> L0_BASELINE:GO -> L1_SATURATION:GO -> L2_SLEW_LIMIT:GO -> L3_ACTUATOR_NONLINEAR:GO -> L4_SENSOR_EFFECTS:GO -> L5_FULL:GO -> L0_BASELINE:GO -> L1_SATURATION:GO -> L2_SLEW_LIMIT:GO -> L3_ACTUATOR_NONLINEAR:GO -> L4_SENSOR_EFFECTS:GO -> L5_FULL:GO -> L0_BASELINE:GO -> L1_SATURATION:GO -> L2_SLEW_LIMIT:GO -> L3_ACTUATOR_NONLINEAR:GO -> L4_SENSOR_EFFECTS:GO -> L5_FULL:GO -> L0_BASELINE:GO -> L1_SATURATION:GO -> L2_SLEW_LIMIT:GO -> L3_ACTUATOR_NONLINEAR:GO -> L4_SENSOR_EFFECTS:GO -> L5_FULL:GO,1.22832926005214,0.0289065557502395,0.0514662453972589,-41.708379272059,11.0184883862807,31.4730735689535,0.0601786067210848,0.0115925246804768,5,0.0599437156317859,29.6339951990261,12.2656393443909,Exp4,fidelity_ladder_summary,regime-pipeline-v1,99
R0100,EASY,1.76988845772411,GO,1,L0_BASELINE,NONE,L0_BASELINE:GO -> L1_SATURATION:GO -> L2_SLEW_LIMIT:GO -> L3_ACTUATOR_NONLINEAR:GO -> L4_SENSOR_EFFECTS:GO -> L5_FULL:GO -> L0_BASELINE:GO -> L1_SATURATION:GO -> L2_SLEW_LIMIT:GO -> L3_ACTUATOR_NONLINEAR:GO -> L4_SENSOR_EFFECTS:GO -> L5_FULL:GO -> L0_BASELINE:GO -> L1_SATURATION:GO -> L2_SLEW_LIMIT:GO -> L3_ACTUATOR_NONLINEAR:GO -> L4_SENSOR_EFFECTS:GO -> L5_FULL:GO -> L0_BASELINE:GO -> L1_SATURATION:GO -> L2_SLEW_LIMIT:GO -> L3_ACTUATOR_NONLINEAR:GO -> L4_SENSOR_EFFECTS:GO -> L5_FULL:GO -> L0_BASELINE:GO -> L1_SATURATION:GO -> L2_SLEW_LIMIT:GO -> L3_ACTUATOR_NONLINEAR:GO -> L4_SENSOR_EFFECTS:GO -> L5_FULL:GO -> L0_BASELINE:GO -> L1_SATURATION:GO -> L2_SLEW_LIMIT:GO -> L3_ACTUATOR_NONLINEAR:GO -> L4_SENSOR_EFFECTS:GO -> L5_FULL:GO,0.90880635778939,0.0131174182975033,0.111129294938101,-50.8344313810998,10.0763554265992,49.7881205646288,0.0222263825174533,0.0245668000805098,3,0.0794050035561918,103.509641365247,8.98962588751742,Exp4,fidelity_ladder_summary,regime-pipeline-v1,100
