rocket_id,design_id,regime_label,best_Kp,best_Kd,grad_magnitude,topology_class,best_param,best_direction,best_magnitude,p_unstable,mass,Iyy,static_margin,Cm_alpha,control_effectiveness,thrust,servo_slew_deg_s,max_gimbal_deg,latency_steps,deadband,backlash,wind_strength,grad_rms_mass,grad_rms_Iyy,grad_rms_static_margin,grad_rms_Cm_alpha,grad_rms_control_effectiveness,grad_rms_thrust,grad_rms_servo_slew_deg_s,grad_rms_max_gimbal_deg,grad_rms_deadband,grad_rms_backlash,grad_rms_wind_strength,grad_rms_latency_steps,curv_rms_mass,curv_rms_Iyy,curv_rms_static_margin,curv_rms_Cm_alpha,curv_rms_control_effectiveness,curv_rms_thrust,curv_rms_servo_slew_deg_s,curv_rms_max_gimbal_deg,curv_rms_deadband,curv_rms_backlash,curv_rms_wind_strength,topology_class_pop
R0001,1,INFEASIBLE,10.0,4.0,617.6906246290487,bowl,servo_slew_deg_s,+,203.81153033207477,2.6598720333941874,0.980226043951444,0.0279890280390062,0.2125235670133481,-58.55657893430198,5.696793669890843,28.33384120100757,41.51990502483413,8.40958129155255,5,0.032818701757763,0.1474227504116182,0.0670244116703838,-128.71527382957845,-1177.6215945636764,926.7284256888909,-4.7764762677419,-6.151714496846679,-6.135680912690634,-2.0381153033207475,4.283569471770764,69.41144249666328,293.8719869924972,1148.479979221635,0.7614392249544082,2462.231440441116,-1371018.9861341943,6221.568421443979,-1.2602862225307039,18.528782517972914,-2.3853300888890954,0.21572600000592587,16.617215021741366,18509.717999110206,39232.06567176719,51738.40214612744,bowl
R0002,2,FRAGILE,20.0,4.0,34.88919544748005,bowl,servo_slew_deg_s,+,24.790055094940797,0.3299571470459935,1.5333561348799194,0.0307044309596682,0.0437594309668621,-35.57424129072616,13.148340614097382,28.81117047383116,54.76436406900061,12.931315291005122,5,0.0143306842539837,0.240631104578251,0.4403689596262259,4.292464532301043,375.188324730137,-30.16339668006729,-0.06073894850666184,-0.49195644599003585,-0.18694645259626838,-0.24790055094940797,1.8981169556883535,34.356893117963715,43.96019858164204,16.175727318549967,0.0844480177182545,-28.71206231186586,-730178.2242272757,-137104.70333686032,-0.054974181109790354,-0.40452005185577156,-0.037002359254947804,0.010840658121653633,5.563761220254734,4814.827353959258,9471.340006462226,-22991.268984293238,bowl
R0003,3,EASY,10.0,4.0,38.69245560236632,bowl,thrust,+,15.144321706618841,0.9142380681124036,2.0932216165029263,0.0160951340323037,0.1335888798327121,-30.168126792192908,5.658842828809494,25.152436480140786,53.18793648700768,13.816022859894131,3,0.1037036925367456,0.0313605092059842,0.0732701762136385,-2.515456743689175,126.92662963580177,-39.433332914591716,0.4151137862904572,-0.6036747258421725,-0.6057728682647536,0.2674179904858768,0.4081497303499852,0.0,-14.967750274100029,-29.519815668793452,-0.35654986496714924,-46826.991176904776,-1437217.7442512412,-11181.626547388189,-33.961711350487455,-14.15847544140625,-138.5586819050189,-0.08914985528618315,-27.71599258192757,0.0,-22449.77371886572,-3595.3560067982744,bowl
R0004,4,INFEASIBLE,10.0,4.0,140.97011804995046,bowl,servo_slew_deg_s,+,88.61747025742105,1.3262410120284398,1.1458700784946645,0.0197381073768443,0.1221288484418248,-56.58899379982275,7.411721360608458,35.1493192042488,39.10831124149981,13.860677861258605,6,0.0970244044553129,0.071169275337702,0.2215705572986899,-44.996891247650034,-801.3066947561526,252.57400200500348,-0.9069730365901041,-2.4094380382149665,-1.0923493727166118,-0.8861747025742105,4.074428306559936,0.0,103.2565692650073,110.74496817125129,-1.8354573653243342,2274.6693255276923,2134525.1508630626,45969.00214201239,0.5766390245370818,19.889325896764994,2.5173030418395363,0.20440730766548826,27.253170119959922,0.0,15437.251312192673,6539.474001638969,bowl
R0005,5,EASY,45.0,4.0,55.505551665665045,cliff,servo_slew_deg_s,+,35.20366862435374,2.244097704897517,1.7023175044960253,0.0322465061879097,0.1713000152995874,-67.33357874232503,6.884098067168734,34.194482273821,61.85790288511447,13.968779080652372,3,0.0979289073505058,0.0083042089587234,0.2432951566421546,12.415483463068167,229.46380549899305,73.36796978401385,0.004460619968838175,-2.128521150101738,1.22562364121943,-0.3520366862435374,0.8614322794890928,-0.07711837974341637,-1.5443153464514907,-9.529826066767715,0.6896377495784931,532.3152625309609,129142.42651715566,29214.208498530377,0.03796872153525799,-2.17141939929173,1.4610672201542254,0.06783356196324351,-5.818621052430082,-20.56490126491101,23034.01926326414,9655.755367925152,cliff
R0006,6,INFEASIBLE,10.0,4.0,250.05454849023886,bowl,Cm_alpha,+,157.3246548788449,1.6071754526065285,1.2213315970382097,0.0376382225948464,0.2070724606489198,-34.1588332952472,8.655239612599996,25.07180042915296,24.87006606993788,12.705726957761302,6,0.1370704103263459,0.2314136281931626,0.3325304904520918,-60.88185031842605,-1616.7412295703357,652.9783985219735,-3.9331163719711224,-0.4883224906306012,-3.1687534554426966,-0.3562687242253303,0.552141736609977,0.0,23.35016353697936,184.01426218233914,0.20051105074966813,-293.60979174158496,-44431.16588873856,4975.149739855089,0.32601841075487314,-1.2235796533370111,-802.5644756788208,-0.015658153092208273,-1.207735598953788,0.0,-145.19511405323985,-2272.3841996303267,bowl
R0007,7,EASY,10.0,4.0,95.41531587382094,bowl,max_gimbal_deg,+,44.357981102822706,1.932932563356812,0.9131465969267318,0.0349191515128533,0.1531569495430518,-66.77604612973407,13.622798046816747,36.23621007260986,86.28691398730489,12.767093927113546,2,0.10382420164232,0.2056637457531945,0.0906110090266974,18.64019810215146,-1453.999580905164,-28.935860453615376,-0.7304924035594564,2.0841244777989054,0.14896444748882942,0.5152915366200591,-6.336854443260386,-0.9619833285206297,-73.05672334335198,55.4287427568786,-1.8234209790239344,56796.09207583639,6049585.185245534,-23057.149168586137,1.123099127305721,-2.0689417590458685,1.6339299875798803,0.13110376201900917,12.179301273267793,-256.5288876055015,-1273.682042366571,26585.303389581735,bowl
R0008,8,EASY,20.0,4.0,59.3827745406524,cliff,Cm_alpha,+,41.44203888127733,1.608433777705023,1.7909772879268662,0.0278727488034806,0.2160462734415672,-38.94872924100838,11.126290461657248,35.42706156718535,81.40397399144058,8.182604797812047,3,0.1243273723467379,0.1643121849814275,0.4437899058022937,2.451191625211174,362.80573342997997,21.170171718095148,-1.036050972031933,-3.871784439538782,-0.7663261988762763,-0.0283753418082048,0.6986876131792314,0.0,-7.4016231600923215,-17.166212361744922,0.8400704105518111,1879.7848561636902,1629246.397289063,42021.47834958804,1.1051193712790743,38.37017056056848,3.5265303786273305,0.26118433609839414,133.62424336306503,0.0,35742.19361451068,100950.07885549685,cliff
R0009,9,FRAGILE,80.0,16.0,44.81529864876795,bowl,servo_slew_deg_s,+,20.773507967030902,1.0055022951186718,0.9456381873894466,0.0336228087520171,0.1219803323496465,-45.43206325548498,5.480685644819693,39.31875610137895,79.64451083654504,9.662679804465473,2,0.0730353887263551,0.1711563830203867,0.3752425861460516,-2.8692060549498946,726.3168509415016,70.36538160733973,-0.31121698401328013,-0.9068340241056458,-0.5157396882604914,-0.20773507967030902,-1.5646385880390836,-27.1104237756996,76.67563139405758,1.622584953944893,0.14968461247718423,554.7420694095775,575240.1777986215,-5550.545898467322,-0.2122132641825485,-7.555932478425842,-1.8199053662341476,-0.0900186010055522,-0.9771332211438956,-7229.446340186554,-14927.332189359602,-1738.512284980708,bowl
R0010,10,EASY,10.0,4.0,57.32009899256831,bowl,Iyy,+,23.675626079927277,0.9739305329084648,1.9939036090378468,0.0112524349400864,0.0809240372850277,-59.34007877882651,6.56520532531887,31.46709959231371,69.3186022680884,12.113336416676129,3,0.1340350671305061,0.0494933139500468,0.2594575637197658,5.724068394730773,-789.1875359975759,-97.39370426793373,0.4168037420408106,2.0268651009500025,1.0623987999343993,-0.21733101104863328,1.6861665409109305,0.0,51.172883195334926,35.967985155334915,1.645831413238326,-203.83130452471298,58707.52022736347,6339.955120480905,0.2799185572844596,-12.272115233675805,-1.8371784408471123,-0.08969208048087175,-5.406178241011084,0.0,-30645.35930976195,1216.8248205028287,bowl
R0011,11,INFEASIBLE,10.0,4.0,122.24853369197449,bowl,servo_slew_deg_s,+,54.07960579611707,1.6687303717304154,1.6154159020310874,0.0310837538349611,0.2226525926131433,-38.54719358007235,13.534687893696034,34.239708524599074,26.555844898972268,10.274156942231617,5,0.0430515444284777,0.2493394597982214,0.2043582932938744,-21.53315728498334,-996.228927618545,320.10094403313195,-1.3495982340130368,-0.7029754772270134,-1.0316343692889034,-0.5407960579611707,1.6778041445311147,0.0,32.827839762064265,125.89292110838082,0.22763060309144834,227.6764194135315,610509.9194415897,10395.322788533771,0.2494407152909197,4.323614421854905,0.8625443471231438,-0.007215181871285665,3.5784754788515367,0.0,129180.11902287608,1114.0027228657768,bowl
R0012,12,INFEASIBLE,10.0,4.0,155.71752552319955,bowl,servo_slew_deg_s,+,103.52778937673217,1.351261592791173,1.1254189388602998,0.0103163282548866,0.1815681807514197,-40.86742679570099,8.345310805900688,39.031618678397024,42.184772064395816,14.877017408333783,4,0.1434386616257057,0.1110546194885468,0.1078094239825413,-5.507308792580422,2021.4561990047794,-58.97917006722681,0.04728156723175658,-3.4798030257320476,-0.6966921370259598,-1.0352778937673217,3.598180799116827,11.95963508777518,273.15825956770806,138.75829782801068,0.10616637118677019,343.97436124090297,-34948384.338587634,-115128.41367604282,-3.086805945860318,3.4572568577289537,-4.012972380271585,0.14330435924152923,-1.6410350797250295,3906.2471457832307,-880.8744508902355,-6175.995213178666,bowl
R0013,13,EASY,10.0,4.0,135.75490630604097,bowl,servo_slew_deg_s,+,38.3106967127435,1.3861302160309956,1.5865265105989432,0.0168183256084227,0.1497780718337762,-45.68402241341572,12.204208164047714,31.54121641500249,21.09780900631713,8.881439062164269,2,0.1443057454820576,0.0476857133872634,0.16410925330232,-27.536494903006727,326.51362729166175,156.8531999899573,-0.42969529875205836,-1.104143229070254,-1.4577545558968659,-0.38310696712743497,-0.8015586788302246,-17.93325494485336,352.3687409296187,181.460195996746,-1.0977609897845344,-87.73124137111951,-24843.798519280364,37066.88574235354,1.2113301647196208,26.40473556203496,1.81069445120586,1.8134514324180888,30.162829278562782,-7297.434908966832,29856.53214896835,9951.83609455673,bowl
R0014,14,INFEASIBLE,10.0,4.0,81.4939264444708,bowl,backlash,+,39.18460707968832,1.632625110725969,1.703718766216161,0.0169085144341327,0.1353788342309521,-54.52562158306392,9.17669194290533,26.460083086559635,84.64748216742542,13.43644842675564,5,0.1113286347145171,0.1194104604701807,0.1873972495093119,1.8114043139341527,-156.8899172393806,38.46536196641891,-0.1353379921354696,2.1832822702493573,0.8832283787889278,0.5311588165580813,-3.5493609407411606,0.0,-156.73842831875328,-65.10567866433425,-0.45209933980233163,-1925.0522992262754,-3431905.6403448735,3633.5465963226566,0.04975817071480382,-28.51495460707743,-3.766663365915782,-0.12564342709829762,-49.01728610434304,0.0,-34192.53247972403,-9289.570414169397,bowl
R0015,15,FRAGILE,10.0,4.0,88.81014343122673,bowl,mass,+,45.636780751339636,0.3165636857515615,0.9776828611071772,0.0105511775151232,0.0502848470269766,-30.350501904307727,13.443080261820745,30.084665758957318,54.65294934853483,11.93723802138688,6,0.044125953054493,0.0502309005695302,0.201417130660181,-38.030650626116355,231.64611163020476,-92.22618820045783,-0.14245865480075567,-0.7854716993785341,-0.26012095842458327,0.35168976062519264,5.925420515965726,0.0,75.47989495384148,-111.1844696600565,2.632611050095729,-768.2347561121677,-12465645.560443532,-27256.180106050266,0.49796074820512104,-10.384879536340572,-1.4944899450459683,0.007266945857102378,-2.356332930847756,0.0,-14658.306789890497,-11629.127335689998,bowl
R0016,16,EASY,10.0,4.0,47.80496615512636,bowl,servo_slew_deg_s,+,31.07064502183302,0.3169175716293863,1.9621092075091215,0.0299776638340075,0.0572468569399355,-31.143864301727696,7.521709906759167,40.96538205701734,35.71886185592719,13.611115611102974,1,0.0104671924355096,0.0625131639269721,0.3192530098083314,-9.648619377828343,98.73270772380467,-2.894178562234995,-0.07689905794522585,-1.0886978254595503,-0.6733121160870941,-0.3107064502183302,0.10244125211010094,-21.650964466296685,99.11697052199482,31.906113863132727,0.08130839013169577,150.86121778594878,352888.1119369059,-2949.3645070899206,0.18815733027650478,1.9830104356663982,-0.7003938495690488,0.030060230342616664,-5.896795748077848,5773.590524345783,-9283.52044957989,1811.7450954436788,bowl
R0017,17,EASY,10.0,4.0,31.472536963692658,bowl,Cm_alpha,+,16.338691670498537,1.6401055589850493,1.6938772420675887,0.0376792221831968,0.1449744526138959,-54.105975610271926,8.595504629063594,29.60677995748255,74.40029711119045,13.102356445241416,4,0.1110035216967423,0.0730206789195411,0.1956187008324829,0.5333268679682234,-322.4743880048888,6.276207039775622,-0.40846729176246344,1.597011730699169,0.2065474468267893,0.03279884754976514,-0.8435786110383298,0.0,-51.33042935215785,-33.95206785739897,0.29269515726575857,-88.56079825427832,452184.6759391143,5036.438490149635,-0.06046430310291617,-7.152414462957619,-1.5256477150407408,-0.06262146697941869,-14.702971814057168,0.0,-2578.4722129781767,-574.2699188977185,plateau
R0018,18,EASY,45.0,4.0,57.313673545349275,cliff,Iyy,+,13.511154078323878,1.3369326699908384,1.476986063712292,0.01276925859925,0.2013113629637022,-31.122588622453755,13.826586256215284,28.426951459757905,29.19214479702976,9.27994348644621,1,0.0428994844342272,0.0761009568479967,0.0734203386653614,16.70898882233199,-450.37180261079595,-1.2533763164795253,0.06532505769194169,0.7789061736151233,0.14783608386340852,-0.05479664450958836,-1.1141305849177574,14.685344858257151,60.9296135891263,119.97007499941157,-0.699149875503597,73.93027493543757,-84842.80572445894,-6791.974925455616,-1.020519519569346,-51.47136337435381,-0.547093691838615,0.12741535149902916,-3.3574452760492157,-3916.091962201907,5005.164908648075,2905.9097873941128,cliff
R0019,19,EASY,45.0,4.0,57.200551215777935,bowl,servo_slew_deg_s,+,25.531942459056765,0.6986252004925544,1.4258689422484427,0.0393469061549087,0.0533454062414989,-69.71325260646083,8.950242884811644,36.67732116572184,99.77809464893636,11.296092197667225,5,0.135009398946336,0.1520781542726278,0.2694816006525577,-10.041772146097056,-636.0623346312943,146.2992174433988,-0.01793080825278484,-2.1989254338558544,-0.18791903609052696,-0.25531942459056767,2.513352143395,0.0,68.89665935497136,38.2521923251884,0.48120746025524097,-833.9008231151906,-8316568.769356341,-10134.854572093242,6.714433438524634,0.9484649947787263,0.4678410486515247,-0.07043734239004593,-18.075157726194647,0.0,-13890.667007393437,-718.9847197686503,bowl
R0020,20,FRAGILE,45.0,4.0,49.02435571196295,cliff,servo_slew_deg_s,+,42.292780343802576,0.8762383348740207,1.976366024888319,0.0204973525649062,0.129476610067156,-33.98063714397721,5.285253260658926,32.63341578014095,28.17224806486665,9.383641227992255,6,0.1430269045688434,0.2127046173366714,0.2339636186677448,-6.344358970103823,-362.6182101404351,48.765096932239416,-0.027273049321784093,-0.847833754770418,-0.12526850727056385,-0.4229278034380258,0.9443158303264666,0.0,32.19096496968942,32.17135711282648,0.09800117572896738,363.9280376297128,359349.1169179893,-210.31612207080408,0.009435083047368842,-0.020602511073115785,-0.11216742554184861,0.030506543879083237,-1.4689753018163085,0.0,19.382857355685665,608.9741877270816,cliff
R0021,21,EASY,10.0,4.0,59.88692853118818,bowl,static_margin,+,37.904054344810945,1.1098036615144309,1.5721705713851173,0.0175550795727918,0.1047945598763389,-58.11769231968664,7.35795488134475,38.98192210512967,105.0330744035551,9.45009333251257,2,0.1111967647392033,0.0561141810363375,0.4210441697894159,-12.610528546171613,-160.2707578762914,-189.52027172405474,0.5529755209241637,2.4152173265307995,-0.3539497672886716,-0.05718728552576628,2.956925279331135,12.966464452664699,-10.903819492088369,49.06762285297302,-0.5064718605321941,-481.22204377651417,-1682243.850134503,19798.460989191073,-0.2755304071771555,-8.073115900524435,-1.4266483303358197,-0.05509021749644926,-8.738013335085979,-3457.7238540439234,-7641.187299312848,-3941.988296169223,bowl
R0022,22,EASY,10.0,8.0,40.03322300476855,bowl,wind_strength,+,18.388521774904028,0.3637019200407554,1.478546103117924,0.0165438040109262,0.0591272229395004,-35.35820047600811,12.51637573427432,42.76864004000304,112.5777867619204,8.539032470294753,3,0.1102719169761929,0.2030603469429324,0.0912853760223429,-6.586726232486049,535.9333976963453,3.972436556708026,-0.10743685802050162,-1.4822583101651465,-0.05738223786957839,0.048802009185756126,-2.05868783985822,123.64590134341641,-51.992016303334225,-45.971304437260066,-0.9608942837717018,84.48050743320653,435164.6434603394,-12370.016052200453,-0.16137771983737093,13.63853244818071,-0.8812768082566999,0.10438300240772289,11.134008544333492,32972.240358244344,15346.78391730077,2811.599054904029,bowl
R0023,23,FRAGILE,45.0,8.0,56.79171814279483,cliff,servo_slew_deg_s,+,45.46925822768568,1.0137176451732666,1.1440790295275125,0.0164208617069316,0.131785879986277,-34.071787113173066,10.93913382452251,25.395392749659656,34.07871704923632,12.513981258086208,2,0.0610511070229861,0.1792331844735834,0.1008687898477226,-7.764153270439415,-11.863658160471854,9.453547991932519,0.042806963701785605,-0.46217007256037823,-0.09156096442689651,-0.45469258227685677,1.3018496120687661,0.0,24.93496665616012,75.82708924133524,-0.051737215691239236,324.1294470465458,817430.6454102237,537.5540650489625,0.0007726931580744889,0.9058942819230721,1.0711259699333378,0.018545308168628195,7.137070285600148,0.0,3170.8980930146313,2827.5621681020434,cliff
R0024,24,EASY,10.0,4.0,45.59127541745318,cliff,backlash,+,35.255086630399674,0.9841710370511282,1.4816820089030482,0.0385623868440744,0.1718541658429609,-30.09503772089408,9.537173937034904,35.74621878313341,46.4802712607413,13.575211905807643,5,0.0776979671967871,0.0014480720583484,0.1218754619538468,5.581797763587584,152.33389661660593,8.729096224791359,-0.38114154201252676,-0.8059042990124622,-0.24553151500968226,-0.12161991853289847,0.46904948780607897,7.991760859676789,-141.0203465215987,42.13050900234305,0.6621003551310831,244.136431137448,1223143.6180989344,13936.94657353641,77.21118295346318,1.4106529956549576,1.9595620210360913,-0.037757605626636596,11.103431562395576,23706.758686102567,689015.2978560248,1234.134886557754,cliff
R0025,25,EASY,10.0,4.0,235.77557425432246,bowl,servo_slew_deg_s,+,57.20358595348175,2.219434320671726,1.6514762470512825,0.0141724582024274,0.2140277569077018,-58.43506539554884,9.388063685982363,41.10210180955042,35.17970208736685,8.88723452332709,5,0.0836497467649658,0.0971292755123393,0.1741191722413348,14.438212171983091,4261.069858723513,-35.35206598159421,-0.45178826578241615,0.74046583028787,1.27805720255501,-0.5720358595348175,5.377203895739953,0.0,464.3381073148472,347.69190549659334,0.7902070912243202,2146.597786017589,5617184.944559584,18066.289867523894,1.8348890371085673,24.330053015900898,1.0651076101763828,0.4938740659697248,10.680369024105191,0.0,73302.10850017371,23407.06470176229,bowl
R0026,26,FRAGILE,45.0,4.0,70.39188916937592,bowl,servo_slew_deg_s,+,39.65726785360988,1.3443843872871184,1.4532210036454218,0.0377216361947896,0.1222439886606754,-48.783807429006345,6.298568208919081,25.469525013216803,62.551242541991634,10.265435880917783,2,0.0141075289486307,0.240942108901245,0.3445277035438017,2.5196447750405837,-41.954036926282335,209.33195019021667,-0.4632572036362572,-2.4997807336703666,-0.4542451428455891,-0.3965726785360988,2.418480602180555,0.0,49.757812322272834,35.26335080717443,0.13924812688896004,213.1257412644373,15108.813042099668,6639.826443659842,0.04303141425207402,0.10101144641769666,1.1001997550031044,0.01694372603809517,-1.5396606312177694,0.0,-2533.6794025248337,-953.452171714007,bowl
R0027,27,EASY,10.0,4.0,67.79386854066549,bowl,Cm_alpha,+,18.3975362046984,1.943296815980613,1.7017674300594714,0.0396658122047471,0.2346056012583623,-36.54424985214709,10.644654019402047,25.194047013636336,78.8919269604524,10.905298328760828,1,0.0170648861964624,0.0065982580822906,0.38748818840339,-11.775695450881846,462.7058843159907,-68.85433869070278,-0.45993840511746004,2.5650434859064317,-0.541847764197233,0.013228628068507175,0.06669253991420288,0.0,61.27726306207094,130.44277745472073,-0.019224547739721043,200.56666296937416,5862485.460606669,-5247.0042865586465,0.2618797716836242,8.980964176943091,0.19678761086449278,0.04713320330569008,-4.673159438391091,0.0,44509.17056650551,9600.130061097314,bowl
R0028,28,FRAGILE,10.0,4.0,35.91252659313731,cliff,servo_slew_deg_s,+,24.885234137883288,0.7695173797015584,1.7611514395112264,0.0188836853164859,0.0990326013620088,-43.61775740920219,9.892753117780494,40.78566342470453,46.522092236474144,12.782152639873434,3,0.0193924101164592,0.1301808119088955,0.396128540086486,0.6361554779269838,535.2053796233841,-4.2730335745528,-0.10410440070672422,-0.4223522390357229,0.17205443354112332,-0.2488523413788329,-0.03381751843563108,-49.50126298030273,64.3557909976985,-17.136689583215666,-1.7028637726596347,985.078276767269,611147.1431477142,29883.52643189806,1.2431594023766843,6.06947680936934,1.0290652306271681,-0.021325617525423154,11.70369250983617,-13200.336794747393,8127.857787405291,8958.774039632404,cliff
R0029,29,EASY,45.0,4.0,62.699933941611086,cliff,control_effectiveness,+,53.992964611267595,2.867834087586967,1.9429049042517703,0.0324568571092932,0.2216525844635294,-66.23119799409002,8.111469440524717,33.91752332821023,101.93325965199293,10.569036854973946,2,0.1162756106451271,0.0214695776952463,0.3862488722153869,12.15397308848452,43.72444027003249,-65.73602132220059,-0.010850290960361164,-5.999218290140844,-0.5831901119338572,-0.0784318168731152,2.6522837422229806,-15.467375270743414,0.8573402960773888,5.219364703069258,-0.9929235197742619,250.7653857417938,653260.2807916753,27767.021107202796,0.24278048397485685,25.088042497154007,-0.07471987929163561,0.0390814447374901,4.2577546588251725,-4124.633405531581,11208.020280499288,4288.390756335034,cliff
R0030,30,FRAGILE,20.0,4.0,105.31801348813882,bowl,control_effectiveness,+,60.664276284154255,1.5788834057832322,1.4174099241046418,0.0161976237700608,0.1593973057166626,-45.07237637680309,5.040762870413957,26.800574364290963,81.04450123725155,14.641117981309506,1,0.0066500944104359,0.0051058014134217,0.2551334688528258,-42.4302859911693,1046.7111425094672,145.80070688383012,-0.7316746897213919,-6.740475142683806,-0.6133548119707605,-0.23156819456841155,-3.682939968170514,0.0,38.807813189965486,61.04349295649144,0.2235984787785288,1340.9521257239555,46203.91563478108,26274.49392226615,0.1702276739985873,247.2392858859647,0.05792535156753388,0.03318915428128477,-4.075692790377634,0.0,18782.35740138463,-974.4519582580074,bowl
R0031,31,INFEASIBLE,10.0,4.0,239.42967787617255,bowl,servo_slew_deg_s,+,188.9550982437338,1.6907890302920858,1.8230687637643104,0.0102220066602874,0.1466471494056833,-62.70292363373036,11.385066025362196,38.2829456604002,28.935473215321515,9.355251150089034,2,0.1473877041815798,0.2281744724693602,0.1839098216863632,-6.131604190404906,3129.0262790882794,229.01870385809758,-1.1050537326923047,-1.6847655641840227,-2.0158156178286957,-1.889550982437338,5.490937109852108,0.0,195.79583842913718,113.52000005164108,0.4682664951622115,841.5167333948053,-3412047.4988321327,-7258.1409080863195,1.379656757818987,0.40913463693494223,-0.12421861365077348,0.15957316858670167,13.593606926423059,0.0,3524.769013073176,-6759.5652464168215,bowl
R0032,32,EASY,10.0,4.0,13.490780210308387,bowl,servo_slew_deg_s,+,9.499803171669772,1.061182441915488,1.694635807982228,0.0363671390004948,0.1433070647252291,-39.20492611241807,9.560479044024682,36.282543665891694,36.218056681435215,8.474076833366048,5,0.1292579825016452,0.1144207705221022,0.1461735434786251,2.6193046419789194,-62.93625275101261,8.291802171118771,-0.04862224996922415,-0.13411791470153303,0.15826269582139893,-0.09499803171669771,0.19689881188009126,0.0,15.961983475546612,15.174526723620605,0.006417739233264053,249.06193889767786,408314.30571274465,-2721.2481850590502,-0.04984248697140603,-1.3094271385103504,-0.11097711994999201,0.09966878740644944,2.872610687877231,0.0,-25.417658650019362,-435.50292448141266,plateau
R0033,33,EASY,10.0,4.0,44.10765011573549,bowl,servo_slew_deg_s,+,36.91332733707296,0.6197056249699551,1.261623640526519,0.0335503342113768,0.0748803732939994,-42.998373155333454,11.899111410670873,34.940613881683525,72.53024384300073,10.659288790209713,5,0.1352892379543618,0.0937474369404398,0.2451818940127194,-6.237542360602812,-127.66721853228495,-0.3536583400709505,-0.002531598502860888,-0.8130017668527612,-0.36290159843446335,-0.3691332733707296,-0.22959715160168362,0.0,69.23255953475051,21.53142419626506,-0.7223450854237625,834.5438579945869,1431082.9473715704,24609.61473115106,0.6000854307026784,1.12022422807768,0.17190058009212295,0.07022263334803465,10.320649530977441,0.0,13998.215219965125,1992.9244821567179,bowl
R0034,34,INFEASIBLE,10.0,4.0,111.52295949064371,cliff,servo_slew_deg_s,+,92.88939266143736,0.3146452905168255,1.758174600488804,0.0125926160243663,0.0480902419863669,-37.38141047090227,9.07023554456418,42.25169912717677,39.351558830380704,12.164354900935855,3,0.0928900999969615,0.2207741857421116,0.4270543678067797,4.432123113866112,-788.7398301402598,-26.768456788491065,-0.29411733818990893,-3.5569468066090826,-1.0723526369486336,-0.9288939266143735,4.896873147787047,0.0,44.76342736392975,7.880518610587732,-0.5594918441522303,179.80548835938993,-588216.5716623105,19319.54963348436,0.33350597686130623,1.7197794946255194,1.0866138984205735,0.07211444151162709,16.71709176841577,0.0,11172.42752801424,5464.246162326488,cliff
R0035,35,INFEASIBLE,10.0,4.0,930.3088247022449,bowl,thrust,+,441.88918763264394,2.474876978665578,1.5078935804681286,0.0149500223817381,0.2293890525439822,-50.08833750051863,7.699321694547619,27.89797847085632,94.5809167080663,12.420261836328091,5,0.0145279040074134,0.2124587074526639,0.3763631205909564,-149.4088374094648,12143.770003286538,1647.591530356629,-9.535213571262544,-29.39840721562254,-17.675567505305757,-3.1617243098363614,30.483832932791373,-11.324969438015843,664.5601480850672,226.03361730055337,3.3695441233511403,-334.98077846668906,936838.709991577,98360.14006885645,3.8414914184456173,32.70196538087998,10.294228456813208,0.17584043450883996,3.7230323194391457,-3019.991850137559,-34215.498961522404,-55686.68232541189,bowl
R0036,36,EASY,10.0,4.0,22.102029198637712,cliff,servo_slew_deg_s,+,13.496940315271711,0.4578547064845858,1.7953437309606728,0.0265740959322376,0.0416657616943118,-55.101721930567145,5.085455561167642,32.54580246227376,41.48012059828105,9.424211781749616,3,0.0131498795182947,0.0383483759520474,0.2097426305336319,-2.4829678266406194,-9.104310455039817,-2.256270080265694,-0.057902781075498955,-0.21137811620174032,-0.05755048760569377,-0.1349694031527171,0.33325832631635216,-11.93386698430568,46.900018236616326,29.58046469666658,-0.026003150433291156,27.15831479442452,13019.249467980364,-31743.894093194576,0.03437599946274694,-44.15804361560963,-0.016864448343015682,0.012701237964341328,1.8207308967136302,3182.364529148182,1601.1987106785748,2153.871465814931,plateau
R0037,37,INFEASIBLE,10.0,4.0,228.94216342205686,bowl,servo_slew_deg_s,+,105.25184766989639,1.7363041274322024,1.1663018792160214,0.0330790504945336,0.1524933081167421,-61.1067260703573,7.984063072405208,37.28115560437098,64.43790098930593,12.715491597573305,2,0.0446055983759448,0.2183886206058468,0.3252689861697103,-59.0439212194904,-906.4954852869644,745.410872904433,-2.0180969140723377,-3.739615765089731,-1.0856010430153504,-1.052518476698964,5.762716845133791,0.0,135.38230733546288,117.07246513302543,0.18569388295535205,-431.72054505083247,-1487225.4483003966,19904.702797431033,0.07262650666929105,2.6364065869272326,-5.854659657877291,-0.024225864836143387,1.324471889184491,0.0,2110.0485067723603,9802.031304131908,bowl
R0038,38,FRAGILE,45.0,8.0,66.85777583643875,bowl,control_effectiveness,+,33.530099845503514,1.7382234976413478,1.5907292412486824,0.0220572523825679,0.1846699658691835,-57.08705145353257,6.747091247637566,47.612160229793176,81.24647078736832,13.06984248335036,5,0.1251033590191971,0.0928975581237866,0.1372721555903732,-4.569616507549793,1003.5338001207243,54.29111479612172,0.4923040806290979,-3.72556664950039,-0.2532580846190612,0.1571770740015257,-4.566853837529251,0.0,-83.71535315599013,-31.271950208483794,2.4530151679070187,-1063.903307199586,-2525385.6100721476,-32077.26546070187,-1.0063976023497831,-7.697035698347807,-1.421594756637751,-0.2795734302488864,-48.83568554911491,0.0,-32910.79758547162,-7688.387795965155,bowl
R0039,39,FRAGILE,20.0,4.0,82.22085526026667,bowl,control_effectiveness,+,19.548804842595306,1.99964665142533,1.017019972820446,0.0209635359839385,0.2395359865086097,-47.42121361140359,9.833206901375313,41.76780978636114,119.75449796220347,11.457408834643664,5,0.0689125280069263,0.1409064097593239,0.2776864685301015,-16.232539624359887,1076.8317403177757,293.5198723069844,-0.4698630895952649,-2.172089426955034,0.4065532083852961,0.20403588824435237,3.0001874819650056,0.0,-47.9019974587344,-17.958583613275298,0.467365500042928,-32.64206439089282,-1734479.8043756024,-31440689.324565712,-1.265157023459118,-14.812394333652033,-3.3682987835589193,-27.01104986177688,-45.26500569385266,0.0,-31078.114799948777,-3118.7764169055386,bowl
R0040,40,INFEASIBLE,10.0,4.0,119.4123645354925,bowl,Cm_alpha,+,58.5666523363691,1.322329118111638,2.00585156101008,0.0256122911815388,0.2034326609348765,-34.515805624316094,5.014105868553517,36.49720636229432,27.643493704518228,14.904889223144728,3,0.0616736265566204,0.0742427856005378,0.3941960630344714,-23.07083864962593,-1217.204220716988,279.83793335834986,-1.4641663084092276,-1.9041110595099673,-0.7292141221337858,-0.5793234169048752,1.0781940047695246,0.0,104.16003456180962,74.15266330300707,0.14293201375026143,-108.77197900678838,-386531.1165031414,-7562.512654130473,0.07032088446504936,-8236.333114844718,-0.5946627883986776,0.00043181971113511966,-72.32333276085438,0.0,-3822.7762544690922,461.91464532716526,bowl
R0041,41,FRAGILE,10.0,8.0,78.67742171162848,bowl,servo_slew_deg_s,+,43.79260696264935,1.3541987797406214,1.6955912168905716,0.0197695592868325,0.1640686156252651,-41.643901363710576,9.64222955124292,32.94961666574673,101.46048894374248,13.20785070826881,2,0.034054278512446,0.2383954162122686,0.3544506838392662,-0.567834206376612,-400.02188315072465,47.117946423340086,0.23444659198172868,-3.0745222733570357,0.08031889388097184,-0.4379260696264935,4.93274740429123,-58.737999573522146,-3.796726797145226,-109.27656970347148,0.4659504652305637,-175.02559411832388,-9408.881565620028,-4716.469833006363,0.5895568247676275,21.995335878436432,2.073133622287304,0.1292110915294573,24.109691521523953,15663.466552939239,31733.40791533116,9793.814700124925,bowl
R0042,42,FRAGILE,10.0,4.0,84.03264714450576,bowl,thrust,+,38.53590962119522,0.6198514905650743,1.447347566943479,0.0254920946462044,0.0958687612963356,-33.684971479453324,11.326764363536151,35.13279140664706,62.46994522212915,12.197009021073129,3,0.1346391996391595,0.1777247797505635,0.384498789024939,-21.012765737222043,760.8052521562307,103.39314141664526,-0.2275584688816199,-3.054524740958078,-1.541436384847809,-0.3035607599238854,2.9758222887281356,0.0,92.28002264756233,88.94801860294571,-1.2906212735348523,-2146.2024128560934,-2616816.575172297,-41171.651785910784,-1.2463156354558,-0.7767635993879222,-1.1327432813134635,0.059365695401467564,-17.925662216908165,0.0,-4666.058551716506,-8276.31949984087,bowl
R0043,43,FRAGILE,20.0,4.0,36.503836697509634,bowl,backlash,+,19.37001307777875,1.3469324454697684,1.1404797248852594,0.0359300032397309,0.1329475915513759,-62.09457941207817,8.963793937651118,48.62258631824301,84.24399507107725,13.075921706268936,3,0.0409649235704832,0.0955553895748955,0.1556090018516028,-7.2067403999134925,343.2338202538707,24.859232662619753,0.2555113214627518,1.0473041988720684,0.06377335543109766,0.03324463900929704,1.3786775319989277,-64.13137531663325,-77.480052311115,-47.38299736046539,-0.5936911574005386,276.82675307589733,-1102026.0957378654,-3538.271468726485,0.23160839652462548,3.324527361008331,-0.23927918098750411,-0.0059254043982921445,-36.505489156805915,-39039.57238231666,-2412.154717029297,-3556.5922195446187,bowl
R0044,44,INFEASIBLE,10.0,4.0,188.41257420602207,bowl,servo_slew_deg_s,+,104.79721546437635,1.4571927386402148,1.2466861066301982,0.0276314326858318,0.1088308861927399,-61.66090578081736,7.303575889823191,27.45057788389184,48.15386559174495,9.76399509762032,5,0.1213293850798652,0.1327169939206456,0.3706681785091388,-10.01710126471628,402.70571779221086,589.0686923095774,-0.8611277239067583,-5.196598502922212,-2.6556217323308573,-1.0479721546437635,5.013860350831533,0.0,75.00636679209433,78.31621288079546,0.20112403221857278,-317.3325238542343,-1785678.347979939,-6154.819984399189,-0.9285814227099607,-17.563712829502848,-0.5296387077026202,-0.2750396525872489,-72.62791814337312,0.0,-49878.12701735222,2388.2804842865426,bowl
R0045,45,FRAGILE,10.0,4.0,75.90201270792646,bowl,mass,+,43.76482306961942,1.4883302398653149,0.9372278951086456,0.0210922259622519,0.2233853891584723,-31.95684687884948,9.827091187286271,29.77831482011279,66.49910602958536,9.12461383032482,5,0.0613545310869677,0.2362154360691923,0.1923878985698165,-36.47068589134951,459.8968680170089,4.364012111356349,0.396084174528795,2.8022430254804895,0.45288405123639064,-0.041250739363362855,-1.3967642763749502,-214.61529872990138,118.4559587391799,-61.919012577269136,0.6366956920436149,1434.3642182129115,1168047.6443295314,2846.0289953963475,2.239406615716163,8.077825378825107,0.9928129940723704,-0.02305542713329075,1.3443759052752828,57230.74632797373,10036.520918969341,14329.235329409037,bowl
R0046,46,EASY,10.0,4.0,46.96449527528736,bowl,wind_strength,+,30.485348479629437,0.6409801600460483,1.3360108669973163,0.0270861007642992,0.0851934883781863,-40.266344055477546,6.356438030835734,37.0739948830572,118.88395227367984,10.076199712512064,2,0.1209457776215846,0.0301105568887103,0.4476164423420622,-11.952509874844445,595.1213234370961,3.916493155420244,0.25642775066303314,-1.50623396539636,-0.15999549448799932,-0.18354671461293298,0.5694654818544725,0.0,38.669827308825084,-76.21337119907359,0.5531629189866569,1039.2484661952737,263901.7107311867,6564.251268873795,0.4133488103281534,8.078230234001463,0.6701721179201167,2.7674953398771014,34.28249951750237,0.0,8018.537571124039,120687.06906417939,bowl
R0047,47,EASY,10.0,4.0,19.504880367934806,bowl,Iyy,+,10.964332942538356,0.7628403060218046,1.2248190733477693,0.0326773224094461,0.0983258918185042,-40.707761742831465,5.230309555022641,35.6356208845333,96.95112956891543,13.772122475140872,5,0.090844541568243,0.0969075857531744,0.1121208037665071,3.077816054779223,-365.4777647512785,-9.990836292423616,-0.2657919898682787,0.24854093130797403,-0.3558283758983382,0.040292438337950286,-0.39516299970756097,0.0,-12.790023157589555,-8.407517650438658,0.34332570000927753,703.2619121692101,733486.7052792487,19210.416444636077,0.08243791032250358,21.761285801450885,1.034121606157608,0.0657533381768562,10.523625967726355,0.0,19922.09679322902,6229.424023313503,plateau
R0048,48,EASY,10.0,8.0,121.2585535993352,bowl,mass,+,57.36162327394919,1.7811498642771169,1.545350850949866,0.0212832449186162,0.2153728494968267,-48.835270282724046,13.232250437113006,45.13459317843205,36.30512862639189,10.695907206572492,5,0.0171539215513175,0.058989163433983,0.3581650695056989,-47.801352728290986,205.49146691214523,240.5927810670787,-0.12332099309456401,-4.378752484131556,-0.0012932523258530892,0.16475233115627805,-3.6550843302396565,100.00594432557571,213.41287668961408,147.5814965484343,0.30266580916937125,4960.405270233945,307101.14001990604,67033.65738082198,0.109385424091069,13.480571533217296,0.9011073496091052,0.2849774864633895,11.75594626052767,26668.251820153524,26361.128255438092,17267.95810608238,bowl
R0049,49,FRAGILE,10.0,4.0,45.391139420149656,bowl,servo_slew_deg_s,+,14.93624218730326,1.2818369854777871,1.9240904477561287,0.0296603219014865,0.138358287616861,-48.511353026519714,13.283758872811012,35.488928936645735,101.15791835700868,8.907675110377575,6,0.0881711459699544,0.1562130194619923,0.3925537147881301,15.716650533292063,14.320360337702738,-2.4410384317678147,0.2838692968309833,-0.7819246681910832,0.6193792310978793,-0.14936242187303259,2.3446400111933485,132.8935541528231,-54.84263609775008,36.072945638959986,1.413158405160603,409.0381653462568,-633065.8779319759,-20802.630239825165,-0.045730680434499016,-22.210788933342098,-4.125134025212561,-0.1828194529106582,0.13698839356801726,-35438.28110741946,-340.5477795513428,-1843.5679858338794,bowl
R0050,50,FRAGILE,10.0,4.0,73.74655451019892,bowl,wind_strength,+,17.480765366069758,1.4673854652717233,1.8938083969903372,0.031124379421705,0.1375120899235826,-62.01494024427523,10.727693486956843,43.71669839184254,109.99939046197558,11.358378204378162,3,0.0637957787783663,0.1279204570942619,0.0524598807634473,25.921705519437502,-188.21431621956498,234.65664409771014,0.10126381495594354,2.4910085782218467,-0.6809987508176665,-0.08603219779191998,4.111204524694074,83.45460456679447,-31.791580844086614,-43.70191341517439,-1.4528693174905825,-1345.5548758785703,-3005870.5266601057,-64740.485851179765,-1.2495919621982983,-31.342086584939825,-2.8433499843390884,-0.25053198297724677,-48.76778698984632,-22254.56121781189,3364.8952085691594,-464029.9276580471,bowl
R0051,51,FRAGILE,45.0,8.0,45.463049263970206,cliff,servo_slew_deg_s,+,41.45171310981463,0.2711160642800891,1.0995224941263724,0.0369559641859204,0.0426827786880059,-34.92402319822394,7.33277591582338,39.12954155894296,35.34443321347817,9.294334392918095,1,0.009069988912559,0.2188431033744976,0.2977819658635058,0.02229101235477295,59.225291200438164,-6.395918756096108,-0.1585479596912811,-0.918075731212025,0.03206973975209735,-0.41451713109814625,0.9432532120273008,0.0,21.126561310007812,31.939735542490695,-0.3063518306512414,-576.0437647736546,-503651.22312131734,-103809.16355179122,0.058105470756200095,-3.4643485815324087,-0.1432122618489325,-0.005444860933840374,-1.5749016618998786,0.0,-6434.978878211177,-5399.975741867043,cliff
R0052,52,EASY,10.0,4.0,84.77532174934856,bowl,control_effectiveness,+,41.554179203265235,1.428386919583402,1.9120301848832943,0.0262003855479642,0.1529519619590853,-55.49112511658127,8.864375123465486,45.70111473205598,100.82301085209464,12.497261142731666,2,0.0113137875322728,0.0527113457980218,0.1698450088479354,2.386499226812072,-534.6654853843089,80.88033448926366,-0.6116940491411214,-4.617131022585026,0.17797220081629012,-0.14855255262610373,3.28186617585976,0.0,125.93556686303972,126.85658852687571,2.0790388811265403,-89.87149647306164,-806514.8456081083,-9914.273757568655,-0.8561400108112933,4.4535829703981,-3.1503192151963573,0.044052018763139814,3.506577077845773,0.0,-19505.93027810108,6629.629925963604,bowl
R0053,53,FRAGILE,20.0,4.0,54.99972085776988,bowl,thrust,+,24.330703354624745,1.4653817706779189,1.4990220830209262,0.0278397105999451,0.13553438630824,-57.26949397574373,11.280834037173966,36.3166237544378,89.92294152773168,9.296034931971398,3,0.0357034122073366,0.1504065211516012,0.2876302392362951,-6.913867601098505,441.84083815061666,164.810617026981,-0.2753456193014343,-2.2936407389275417,-0.9732281341849898,-0.19302711231438502,-1.7122953886065664,0.0,17.291110768064172,11.06071410385442,0.7400639917679888,153.86320226495266,137155.1244166493,-5791.593959462203,0.3330016575468169,1.2090513890895382,0.7715973463748514,-0.005997938997558663,12.241392531698754,0.0,6490.627437386308,-2855.878066042669,bowl
R0054,54,INFEASIBLE,10.0,4.0,115.7251873260263,bowl,mass,+,77.7683946402339,1.4245260136325468,1.153324694371333,0.0171571685450922,0.194204379886208,-42.22884855160186,9.321954263986427,42.89998184183111,89.5792530241814,9.894465211622428,3,0.0955177343369218,0.2333323958073042,0.3978284568859612,-64.80699553352824,-1524.7285921970572,-99.40478708843044,0.9223271943619333,-0.5501235490043013,-1.8637329991166887,0.09276995504037658,-0.3923903627870173,5.137018170981738,59.60575387586703,78.42275595869982,-0.5232339868662148,427.82445966907545,-397914.11408486107,-16792.385924861974,-0.2602917630741888,-15.921929864451704,0.25027528961187956,-0.11248003226113062,15.86784141030956,1369.8715122617982,-13399.776007487604,4352.186776534476,bowl
R0055,55,EASY,10.0,4.0,56.75781942879061,bowl,Cm_alpha,+,35.22111802486161,1.4233409350398434,2.020322712600636,0.0142742598177717,0.1239331074070744,-56.02985449604613,6.667462903933581,30.807548784096653,98.928934905864,8.062136483363444,2,0.0073376320436101,0.0982103499477326,0.2335343533107507,-0.5515751226338363,869.1725944517841,-67.00056752769748,-0.8805279506215402,1.8864040666358763,-0.1777093740799412,0.023291315794874822,-3.747313612124337,0.0,-42.56997603922415,6.257845095993412,0.2880188357241038,-359.1070211928102,631168.1799048594,-14851.714295760947,0.6344272176350982,-4.4470270323914365,-1.0486006367634964,-0.0778745745815974,-415.36150491245036,0.0,9691.382239512113,2084.6574454004217,bowl
R0056,56,FRAGILE,20.0,4.0,48.871428456936755,bowl,servo_slew_deg_s,+,38.49412055084817,1.077813610988811,1.8617251749492447,0.0151528360609457,0.09863540105301,-67.43616038637452,8.942435547960908,49.297549184424135,27.01604736616864,10.135007330341278,4,0.0690740072561085,0.1920548289004105,0.1331417093567923,-4.778058632085798,131.59638657286794,45.852662235495714,0.19877069517036006,-0.6305184967116428,0.3475219972464574,-0.3849412055084817,1.7069336112238422,0.0,43.77564318389016,46.139958309486545,0.23244086394022023,331.1656343566971,522638.0785245947,14475.960519198663,0.4117095777333333,2.801646006346458,3.1609558595867937,0.018840205245657583,7.934534104029121,0.0,7427.121669458585,3225.797448741775,bowl
R0057,57,INFEASIBLE,10.0,4.0,75.97267575328861,bowl,servo_slew_deg_s,+,51.94888478977438,0.3817727027903427,1.5010024199627372,0.0217824779747469,0.0462341311932644,-40.57974563643072,7.280635259297858,31.260480904247284,21.98880275722391,11.637868625631338,1,0.0879747526202889,0.1858296523372916,0.3821822400278333,-26.783492009957495,-1019.50152874518,42.127009274869344,-0.03909887964974246,0.10053299136341166,-0.19114226637906,-0.5194888478977439,1.527466513202936,6.2901689408102905,57.7245221229253,65.39137150033584,0.043489439596193336,243.0193981923795,-127182.91587338428,19364.11127776281,-0.1334704613999449,2.598228052730457,0.17601730190454418,-0.45320043487674283,4.213944585977612,1677.3783842160792,-43.740616541799604,-231.83516508232984,bowl
R0058,58,EASY,10.0,4.0,61.0766524384246,bowl,mass,+,41.78241637234982,0.9219646387657436,1.1323654597350483,0.0224914176884405,0.1590966030380824,-31.931973642428154,6.936860276588188,39.30123215339698,61.22628826040735,8.852267518673823,2,0.1378343321586854,0.0239772781636618,0.4178234859815716,-34.81868031029151,-356.3646016395519,30.15737655190602,-0.26875897454535175,-2.1571645928520886,-0.5276872463136772,-0.18369169802388305,2.7695255341750857,0.0,73.43293971370215,27.05224753301778,-0.10231526249545331,1141.1471336664047,1056727.3002680703,13019.541028682763,0.28519623596859184,17.107107848144306,3.3079098445658413,0.11133463237995177,19.124128898012835,0.0,17191.35774065879,11296.301665233981,bowl
R0059,59,FRAGILE,10.0,4.0,69.71651946471681,bowl,wind_strength,+,35.84415897734661,0.9045428983053236,1.5062576820505822,0.0398852313801459,0.1025577601318317,-46.57664610971716,10.9681897095378,36.097448076100655,98.65371320299305,9.307399832869136,1,0.1318048138256982,0.1425433386614288,0.3024053919635414,-1.445452408594837,518.3229511386781,224.82008867174088,0.252695534065267,0.4516310075398006,0.5197889902289152,0.20036747220706036,1.0002604815554414,-44.76432326161203,-91.72909645085446,-89.61039744336652,-1.1327841552575588,-2191.1719255589833,-543618228.4459835,-42166.68124010796,-0.9371462059395743,-31.677518509830072,-4.833325295120159,-0.20605924584199986,-63.150977598488396,11937.152869763197,-45351.22565373202,-12915.898875084773,bowl
R0060,60,FRAGILE,20.0,16.0,42.613019667769365,bowl,control_effectiveness,+,12.82233388487019,0.4745940473338668,1.049561613741416,0.0347380935672853,0.0488342163751775,-50.822486582565965,13.686390211676615,35.3978634589746,84.43436751364754,11.883919787154438,5,0.0886122632303356,0.1936139745569658,0.2610148835239374,-6.75969898913295,-382.43855903945905,-43.11960634020129,0.17923767268142665,-1.4247037649855767,-0.3728723700822325,0.33743546253147605,0.22610967829069595,0.0,-26.317969767811864,-18.863560358833613,-0.07358612123858466,768.0820477967766,2407354.923967656,10526.591571535146,0.19343992248446096,16.565823462656983,0.9704521659144831,0.16539664277194477,11.199749623867817,0.0,5126.716202945763,5162.975900101765,bowl
R0061,61,FRAGILE,45.0,32.0,186.96269168226064,cliff,servo_slew_deg_s,+,159.14438659691768,1.5185595828285074,0.9304872679357,0.0140891756876783,0.1631606928747636,-57.03199248407764,13.076727479869025,48.60331085222282,45.479494449041255,9.393784405802142,4,0.1203104890248428,0.242434881260619,0.1213163465058083,2.92537849777017,-2834.570557614141,-44.170965447184464,-0.4713686843719409,-1.6123092854782926,1.2197941788203224,-1.5914438659691768,-1.3182927751903544,-57.35215531185537,-101.5196062266848,6.675263389175031,-1.064321912247614,2869.229714733349,335205.50532105647,5564.099764660878,-0.6902801539617687,-6.293064948918726,-0.8551836090946654,0.4844049231268412,0.3578130684680925,-15293.908083161446,43724.7004883751,-9402.730478161177,cliff
R0062,62,EASY,10.0,8.0,24.83724562132424,bowl,static_margin,+,12.48499189187402,1.0508110860327338,1.6458883996317508,0.0159653873905502,0.1158232452581955,-56.28993965752033,5.598447345938564,49.82704017565034,93.55048951856848,14.023403110473764,5,0.0754859912036251,0.0939869240492206,0.4019995889791627,-5.3349126407986045,-287.90993327240915,-62.42495945937011,0.17923221438288262,-0.5050118941799019,-0.1773058968727237,-0.037826275370831476,1.8487627073651762,0.0,12.033704141910814,19.824914403873667,0.5236706279001493,-131.2245078556382,919914.1497341852,17048.884294836163,0.29427204030852816,-0.17048436082755328,-16.586383811945385,-0.028510220631644215,8.34472442083619,0.0,1559.1829915279113,2779.0048220745216,plateau
R0063,63,FRAGILE,10.0,4.0,47.04628831784694,bowl,Iyy,+,13.772309238415403,1.2805990899290944,1.3244918326441872,0.0132877624498373,0.1017778176398315,-56.21437756733822,12.10414564146855,25.83664158945385,119.06163762138208,9.736452139094355,3,0.0553150170749311,0.012982654508821,0.2589239157081788,-5.137155678132002,-459.0769746138468,57.08593989122164,0.0788074785869235,1.4227344514718336,0.9213286768820779,0.27417108152407926,2.4887638987076195,37.82709566419305,26.35367330717635,11.206833045914978,-0.19224480908916264,611.809507963704,921853.55264925,15015.502024153988,0.18386689430351422,21.654641179804823,3.8983034693811143,1.692183977535257,15.218913210761835,10087.225510451497,12454.111080611405,8164.430111395165,bowl
R0064,64,EASY,10.0,4.0,45.13468335686421,bowl,wind_strength,+,27.397424815899825,0.8162700053206947,1.7846692642579454,0.0375517403845602,0.1043252384516921,-43.01535898684132,5.789663314688024,39.12186554142588,107.82938549833288,8.156693801998776,3,0.0438738425272723,0.0095440995885809,0.1819895721623661,4.491380106125772,-98.7939821550295,89.48381086622182,0.37222615893210675,1.6234202979128562,-0.10084108178099083,0.03396418038813054,-0.5761175598290036,0.0,85.7046532571585,-68.49356203974956,-0.05038638613350521,1420.9967178648283,2416318.43054428,28927.119795188075,0.09985847889918387,10.12074596002849,0.23496310978908214,0.04445572836013037,138.6952794131195,0.0,29282.953453669295,11203.68761285553,bowl
R0065,65,FRAGILE,10.0,4.0,61.61904951085216,bowl,Iyy,+,28.894151827483242,1.6010735796706932,1.0728893705324378,0.0117594962678342,0.1859597268485434,-52.35230706834769,11.790573534629251,47.85730343056064,115.66627155059068,8.356688678153835,1,0.0258546570642368,0.1629639713774718,0.3140481694860698,23.942463507657934,-963.1383942494415,95.76070822341731,0.35449321518459986,1.475645525731918,-0.11118711208155715,-0.03405764650588838,2.964073279719334,53.43352541518254,109.06815566328896,-29.0214940180566,0.2754593588611556,694.5846728133796,2146336.830671154,8276.364757502475,0.1838728300631709,10.07986309232065,1.2690111914445332,0.1915400164786353,19.398937223182234,-3232.435124250941,5741.139575139023,3648.1163739731846,bowl
R0066,66,EASY,10.0,4.0,137.1688890916802,cliff,max_gimbal_deg,+,85.97606495681785,1.5455963455177812,1.863745736516246,0.0108520301579774,0.1715909237616168,-51.88678081514445,5.202615128497868,42.95080133169502,114.01557005451498,12.880642671812668,5,0.0827999082601421,0.1303715925634947,0.2581953246354035,-11.941189419844179,-463.73409689855856,353.8120855154189,0.18011168412348333,-1.9449004275572022,0.5194854723127627,-0.0510978082514022,-12.28229499383112,19.951500281327977,285.60168296233184,47.247604271666745,2.3361531910301387,1404.8717092899215,3783158.657256364,12174.394904119601,1.9846008692212793,168.74258001901705,3.9804043337298447,0.08547553641965094,25.461669696593184,5320.400075020799,68707.74955398745,24432.109236927787,cliff
R0067,67,EASY,10.0,4.0,52.02012711011317,bowl,control_effectiveness,+,29.1294533023314,1.6492247482340143,1.7826823643656369,0.0139230472901729,0.1539950275383167,-65.51154928851358,12.912357243891368,48.43405233838371,89.7729013899291,13.240036134458514,6,0.0129603558536087,0.0341895792797671,0.2871353898173238,-1.479304912650957,-366.6287964796192,91.1944175589254,0.4895974936765173,-3.2366059224812664,-0.03466440927895995,0.14732737471271368,0.901800049071206,146.62375636479914,-66.42102763818008,0.9729870902699602,-4.145045894609019,500.54906867828834,510813.5487240119,30437.496012992477,1.1658562566506814,11.428048555341014,1.3064749008528167,0.2308569180441239,15.005379361115162,39099.66836394645,30419.968351797008,9482.480518741377,bowl
R0068,68,FRAGILE,20.0,4.0,69.73671423024453,bowl,thrust,+,38.5832807536674,1.5498169529653478,1.0398739736582534,0.0238714070334636,0.171717817428845,-47.87243146454807,11.581195304738134,36.41683803175148,98.08299936627222,13.471569951155598,4,0.0574269201457332,0.1570568937551003,0.1333675659334153,8.860222874349947,705.0267519792529,162.42817076642322,-0.3785524806993372,-0.8769533106289702,-1.5433312301466962,-0.09937663180949201,-3.1927569322747202,0.0,4.876789471402172,-73.63385135140966,0.6492651861468648,581.9188100748047,1040584.9232680824,34690.480272079956,0.5643547547648211,-13.18276926484796,-0.801799102761562,-0.03712175357824307,-1.0530624157195778,0.0,-4591.907103430916,-1289.588395099041,bowl
R0069,69,EASY,10.0,4.0,24.997535066300234,bowl,servo_slew_deg_s,+,15.464507437063565,0.5403626851997076,1.9291196196998723,0.0344615949896722,0.0447297013283565,-61.8091062397167,6.02712110227721,33.883446508148104,43.55877040056644,14.424462210561147,2,0.1313727299320107,0.0450842262969404,0.2185895731534377,0.27570561721648895,-18.429648425137522,-31.607907045760765,-0.014572325202776404,-0.4317203310619467,-0.19040972418625673,-0.15464507437063565,0.9041239741761532,0.0,48.2735477972833,27.562547415376358,0.06180481888816258,109.40228457071389,506357.0183410403,23341.445948544457,0.11890633252319993,8.115929545140881,0.6201611779654823,0.07805061322153088,7.47395266921452,0.0,7985.484173164213,3132.0672412653935,plateau
R0070,70,FRAGILE,10.0,4.0,101.41547201723841,bowl,wind_strength,+,53.74738883524597,1.489481704554884,1.3081261115020963,0.0244436583873359,0.232898204977794,-36.05178469466965,10.359528751249556,41.13171623409167,78.02285253044039,11.053359529527302,5,0.1305020728655008,0.0009543182525206,0.0808284723160381,9.08433632053304,-1088.1377709661094,127.07105598173449,-0.15741624509554408,0.5782950163962367,-2.0989761298126117,0.08715136240833914,2.971075537245858,0.0,189.19485522158374,-134.3684720881149,-2.9801635296867532,-2266.488384611007,-2457553.7607627604,-232542.3908269209,-1.8977042742729697,-37.44054790834528,-5.267573834543026,-0.39783296337812357,-38.245661634398935,0.0,-8886868.25763283,-11157.87472579874,bowl
R0071,71,FRAGILE,10.0,4.0,61.96579290352235,bowl,servo_slew_deg_s,+,36.243140412297,0.3513858545576239,1.660987530122059,0.0337300992860922,0.0570799616554923,-33.74693204767868,12.65679446027683,38.89813215788176,94.05041606332996,12.686018274010449,2,0.1396298062963073,0.1178794912996204,0.4199334860023668,-3.026366871470862,444.0671986417413,74.99126367956693,-0.009196860256163841,-3.0169084930689865,0.5651259963947648,-0.36243140412297004,2.755977370348075,0.0,51.22739324487527,-63.11748002444549,0.3022306887235757,-42.88866849514824,-456311.0701714837,-34469.064541460466,0.2265694662823763,-12.706274381203073,-1.726038938100498,-0.13319344090135624,-37.67173173471705,0.0,-16535.583384746642,48.917694804488846,bowl
R0072,72,FRAGILE,20.0,4.0,80.84188832709015,bowl,thrust,+,51.65618253877624,0.5891077187959757,1.2521410171394425,0.0151271854313964,0.0634646420987461,-46.78232669627249,10.25949878821578,32.87753404721227,101.80174560874688,12.056984052993378,5,0.1407836080029184,0.1358785499729112,0.3621433553937861,-23.671885140550845,209.1043380187567,111.91195424095663,0.4050504096680063,-1.272304215096683,-2.0662473015510496,-0.2571511103998775,4.2786961032542505,2.0099514937333143,93.77802309237158,-10.644307704172853,0.4521846567699068,204.75781876563158,-668441.0759833434,-14416.761694057266,0.28825453252906463,18.743490572146882,0.01507026382756294,0.00504052525082308,26.750554351468864,535.98706499555,3555.494593587345,7607.432790139681,bowl
R0073,73,EASY,10.0,4.0,17.050434038896196,cliff,Iyy,+,12.6787168642467,0.8494467474308233,2.0278953849031955,0.017452400667728,0.0710224045767798,-62.22660324786061,13.249251031421297,35.0374083881858,118.52136663624104,9.849031682781606,2,0.0855778569149555,0.1471418098888144,0.3163708096371707,-3.259139318133113,-422.62389547489005,-10.446472964916522,-0.04786771081840757,-0.22088294632038416,0.04119659299807452,-0.010175615009799048,-1.2248890580627947,-0.564976643936296,-7.927326410115818,12.026086804741853,0.667095751917195,-123.454182649171,-560732.4117990521,-9996.354748363043,-0.027291190913461216,-2.263380320419678,-0.059740990198490634,0.001028354807840542,-5.991795481613663,-1095.8300830965131,8158.143430322977,22.713440324901814,plateau
R0074,74,FRAGILE,10.0,4.0,132.02986816668871,bowl,mass,+,60.552837415907966,1.411765038275104,2.06660537011185,0.022867021687785,0.2298985431451836,-31.18603297912494,7.396931450167814,33.38329635925275,79.75538488586946,12.436438765169678,5,0.0330778492521396,0.1597095610452931,0.3762896304356579,-50.460697846589966,1661.2361485894746,37.984126840138956,-1.4576799039920232,-0.973583140084157,-1.0383154889797535,-0.27159275409718475,0.228080127776214,-303.26210875661536,223.61878353355345,84.36109257165329,1.1746756174571469,6066.209354061041,-153072.9331825803,-11059.37944179711,0.7018621528634471,1.2684965284716683,0.6438608168012547,0.09568867079058777,-11.560538654708635,80869.89566843076,7066.131087584823,15135.720515264824,bowl
R0075,75,EASY,20.0,4.0,62.53742629506296,bowl,servo_slew_deg_s,+,39.39620229114386,0.9733770050869937,2.0478371284994457,0.0258078859481651,0.0661100870409651,-66.56516327972852,9.273173024409813,26.45627240614365,42.10387461974997,8.286527289697146,3,0.0924747389872943,0.2076696320552352,0.2111593292328778,3.3222717224930407,-66.43283005382752,185.4808712590668,-0.04626188195772829,0.5099844246716133,-0.3399014704334274,-0.39396202291143856,2.7156849476021057,0.0,48.03863272175902,47.47192791680273,0.07625836393326813,-110.84324306924769,-540063.852817147,-2470.571635247032,0.0729268938033687,1.754518659535731,0.27643016951507265,-0.012417818118014949,17.194865334282476,0.0,-1571.8196967878414,1814.5812067517395,bowl
R0076,76,FRAGILE,10.0,4.0,18.33957330625836,bowl,max_gimbal_deg,+,3.7815930673766247,0.6902159004701377,1.5115315833587533,0.0369935140040036,0.0964924711471684,-36.38271637801088,12.470305007392732,33.48640584998432,84.70870778694761,8.483520962901494,5,0.0559631532563031,0.0156739992598734,0.2847077630675784,4.24455624892619,-26.640889632489575,19.286086808682565,0.1908987796924949,-0.12411653969491887,0.20186494104481945,-0.014707629000515698,-0.5402275810538035,0.0,54.89495092872396,-5.618676521898009,0.18273693365521737,-803.2145619532288,-840860.8882094367,-26125.47351544487,-0.45737730022427137,-9.803829319110996,-0.9040702207873034,-0.06205335178392918,-17.410304252033253,0.0,-13327.319767272567,-4217.727608011689,plateau
R0077,77,EASY,10.0,4.0,37.31169524541783,bowl,mass,+,12.567076405058035,0.8460380518459405,1.4350983581464338,0.0101503857847937,0.1045029388861492,-43.5984333044256,9.529461333946228,37.5387959680015,55.474627789460335,9.02344142685129,3,0.0488942753802747,0.0511215091293588,0.4084858785325659,-10.472563670881694,629.4028460657563,-32.55119269801245,0.0009611424287518933,-0.9648387296720751,0.7569482011664892,0.012209471522408944,-1.490194149395215,0.0,66.92757260732185,-8.493571373597801,-0.0698389557471013,-1675.156165251917,66197298.53238722,-14862.641854177291,-0.35144720746106706,-1.380782343206127,1.169510808562547,-0.1034267022896287,-24.951975729380067,0.0,-1518.716366030737,-5026.886063205944,bowl
R0078,78,FRAGILE,10.0,4.0,88.47933876180312,bowl,servo_slew_deg_s,+,41.897447110100096,0.5106224970263217,1.7468346886766328,0.0138436686131399,0.0541399479958362,-48.82839777192649,13.22311829104954,34.693018136926675,97.05866392809084,14.82866769295032,4,0.0496549981285319,0.1150474264609011,0.4302643954908287,23.884955739142445,-526.0004115560422,-93.0294447117536,0.637516157238383,-1.0148749518077156,-1.0916465370063215,-0.41897447110100094,4.740706889815683,0.0,167.4770049820993,-44.97978749923312,2.3082658945200984,-233.11175641508342,-167528.46111814305,17316.462066155065,0.4126750595235178,5.35421212615541,0.025291896363359,0.06963970936104992,-127.18082047707412,0.0,11827.02794710118,8684.179810975736,bowl
R0079,79,INFEASIBLE,10.0,4.0,270.98242491252915,bowl,servo_slew_deg_s,+,170.58771714199742,1.7603866433388533,1.575058461143262,0.0241719836165639,0.156350646319596,-69.93667985485499,5.313015951416365,49.94069836383191,33.2350423273045,9.700920853734026,2,0.0654693426283721,0.193185365583055,0.2997162217835326,-15.781249631849592,-857.8839380754333,844.2851193625823,-2.0030953679434007,-2.189758171149461,-0.8764479934712355,-1.7058771714199743,5.769927165641649,0.0,262.65931266796207,98.93521742841669,-0.47547874035636184,-408.31973129095786,-2200644.081099514,12935.247107869165,-1964.9139364881723,-26.18263953076569,146.44542369657933,-0.16637558875802966,-36.67844333967068,0.0,-11539.126142248759,-9536.61316958014,bowl
R0080,80,INFEASIBLE,10.0,4.0,230.00326553957834,bowl,servo_slew_deg_s,+,155.07121236816465,1.3531194899833374,1.0301254248601444,0.0107665169463565,0.1467448582676186,-49.80828021346219,6.295664026238374,37.76747387369058,44.42166508243271,11.214820065166467,3,0.081060292309839,0.098856123350935,0.2854900847779392,-36.707014970558156,-2358.1881713615257,303.6972664473427,-1.3891805809441227,-8.190700079499631,-2.6353146959755476,-1.5507121236816466,4.652201511167507,0.0,147.7704236329919,135.37695133250762,1.2839434094827347,-1664.755121369782,-2079669.0983460199,-56756.18355678566,0.7374101616577295,-17.27264231639092,-2.981774169204332,0.10704475090244245,-31.142915011338467,0.0,-15540.456578390156,-15246.55738368354,bowl
R0081,81,FRAGILE,20.0,4.0,108.48152270784506,bowl,Iyy,+,49.93114743785922,1.8123749917204917,1.266463431986423,0.0390641359228825,0.2019780408611846,-53.70418879509562,7.827858127131157,46.36495769250861,73.75389953959123,9.854045801546691,3,0.089599035343331,0.2018222532070569,0.3779899818070796,-36.45905602991794,-1664.371581261974,104.86637569746877,-0.5314695305840056,-4.720011854815463,-0.686889583572657,-0.33351778876044735,4.267879517834643,0.0,120.91267300780902,95.23376767408416,1.130724924572096,1488.988612283524,-811691.8675126729,36234.37333749522,0.8041429245256824,-4.758309743434848,1.7822107918253107,0.018949150256340773,-9.959228274386586,0.0,-11992.013479787352,469.93025129558856,bowl
R0082,82,FRAGILE,80.0,4.0,56.26428027243066,cliff,mass,+,46.52976646313022,2.044364075291173,1.60288104668926,0.0384770787898092,0.2291130778347529,-42.32027097373049,11.91901239401008,29.116657265724054,96.12234282572116,10.513074439489744,5,0.092272711516412,0.1369288302848476,0.3971770802343287,-38.774805385941846,308.41447728459764,15.635056171975034,0.07413521542247814,0.579905167878606,-0.6543793639181157,-0.1461401227210617,-0.38947249994219174,93.9499007195751,46.87967395643766,-16.70361781232533,0.33786659611410474,780.3707766511236,1755193.2452491175,4714.905645323287,-0.0032718516099761175,12.17229028598205,0.20351595965899263,0.15213267435129943,11.54158867421915,25053.306858553336,22859.38436255225,5043.703564184252,cliff
R0083,83,EASY,10.0,4.0,23.77756210134953,bowl,latency_steps,+,8.126879711106902,0.330808706484445,1.4028471228778738,0.0193269833535431,0.052109768822103,-32.36833688965657,11.852431972423922,33.65011547853133,30.698107604584315,10.620620108255654,2,0.0758485056736149,0.0098075451424805,0.1268540034656932,13.221273127452216,-16.532443794349764,-17.067012123443057,0.022884505543691813,-0.2810773672653728,0.543401423045497,-0.061979786946431095,-1.031284205020981,0.0,3.4213344904158727,10.81358030455422,-1.6253759422213805,-327.5164983519449,-146024.90093267793,-8536.824211636082,-0.14568649579492787,1.6656012052522957,-0.8036230604603526,-0.06247231447992549,-6.292468420733697,0.0,7892.232391521628,-5720.048558955871,plateau
R0084,84,EASY,10.0,4.0,48.61547330571363,bowl,servo_slew_deg_s,+,25.38656101676313,0.7461233205102726,1.948360986350736,0.0333249422806853,0.1075011052502648,-31.076029879532136,5.2620345267009485,25.94878620746799,32.322580828568164,10.60661142752408,3,0.0620758840760537,0.027516280739551,0.2602269478351307,-11.817589165240964,59.164854712897736,67.10395469317525,-0.052866702469051716,-1.1330293818263881,-0.5344857917960325,-0.2538656101676313,1.2637184806442405,0.0,89.07048019396831,54.40087502278456,0.4596782110928772,-284.35809734574326,-496926.59379313193,-1942.3854361705326,0.3056203212984916,-1.093691608538805,-0.19198441639417854,-0.0791464546315289,-1.182838332853191,0.0,-3265.6098155806144,447.3721115976673,bowl
R0085,85,EASY,10.0,4.0,34.073648481771485,bowl,Iyy,+,15.407862729500513,0.7794924712565302,1.7942738198716164,0.0284384725142461,0.0610566747831451,-57.6533231785572,7.598954120204308,26.396873727195324,100.38810719643708,9.16563279290938,1,0.1321442490548365,0.1818666138041791,0.3945167891038591,-5.887405151498321,-513.5954243166838,4.456942290971532,0.48911547454648296,0.3844444460411458,0.6674413054118091,0.029947266661736728,-1.3296879276380988,0.0,23.35010440922742,20.92456207001428,0.5677618181841844,969.0385988523049,401465.47448136983,7296.020127696213,0.4340224997636941,2.569669699264046,0.7651403034623467,0.058597682060372164,29.96075967451583,0.0,14899.36438067252,8210.47373513219,bowl
R0086,86,INFEASIBLE,10.0,4.0,67.59382254351256,cliff,Iyy,+,22.325438529899337,0.8145645694318278,1.3261075123103128,0.0157562595345269,0.0905013653805837,-54.18438046038658,7.380050032108992,46.91036499414296,60.33770536669451,9.38036304298342,1,0.1056996074744851,0.2448829543895702,0.3197600724883261,3.800427201715743,-744.1812843299779,-27.761575784156825,-0.1749246285872159,6.0552427347610225,0.5460849223310973,0.2419476841252644,-0.9506798338588709,0.0,-50.51075653555568,-12.364414394786605,-0.18160325262697263,708.7357177977929,-4743.563637235742,-6127.890093522949,-0.04056421274417321,16.467925395925946,0.32741668344124036,0.12012185140927649,14.137961106422527,0.0,5188.094134158211,53.87808208881396,cliff
R0087,87,INFEASIBLE,10.0,4.0,289.89551849362374,bowl,wind_strength,+,147.57368767739976,2.930422662255431,1.979491065848249,0.0328523228418272,0.1980967831686787,-65.05490239327145,6.50493228175025,25.03316340274519,86.62999582431387,14.19426612572651,4,0.1094165637596066,0.0604884338045118,0.1214456967619299,34.056661522145454,404.4708202173111,168.72760241366225,-0.6850485522572465,8.990952633331284,6.104725497246731,0.946478126558706,-1.9554892549953333,0.0,-559.5522354083032,-368.93421919349936,-3.6847166902198545,2463.8623263884565,2976171.9454029305,44004.87796159896,-0.7399110550742793,65.81959408072,9232.09411291304,0.6576004115824677,59.725349411773806,0.0,192885.65330675346,33213.46820652002,bowl
R0088,88,FRAGILE,10.0,4.0,68.88825100472461,bowl,control_effectiveness,+,42.28567302933225,2.0099139498744,1.4039802335546574,0.0303668363289332,0.1734670316921234,-61.5592717140848,8.48854527198953,36.53652749214112,111.861012570096,10.256745383646493,5,0.0263576681879708,0.0497325998402918,0.1111084211508835,-20.08265459634784,3.676787508853841,60.36144681501682,-0.5733389588717221,-4.69840811437025,0.5139862019738217,-0.026481631599321355,0.48746350948707623,0.0,127.38192537632212,-56.29927320990843,3.372754291480117,788.6345516209067,1076321.6919263508,44563.3044792081,1.1754841820797282,24.946736977334385,3.1921317970276006,0.24868189954446884,38.71026815657035,0.0,24019.5870240917,7496.77239014603,bowl
R0089,89,EASY,10.0,4.0,36.76455947559973,bowl,servo_slew_deg_s,+,23.14051974688775,0.4308445971830409,1.0410896730898147,0.0191949369398019,0.0470763201608415,-41.09004637004145,11.990353081486358,26.091457073273183,50.14540775574771,12.820518044084668,2,0.0603779839511635,0.0167917341385075,0.2424381907597463,-10.352488441473124,341.2281668432776,-10.031214491595213,-0.03952300015444332,-1.6509266296623788,0.24331216667633312,-0.2314051974688775,1.629748502239004,-15.215369923851085,1.3835291407461625,31.350242689032587,-0.46298842867477097,-111.65733152988045,-510003.00654494873,-21660.309774615664,-0.32395938408645075,-7.0823315729872105,-1.350786861351154,-0.026418093356106596,-14.322858946474614,-4057.431979693623,-157.8546644302264,-3128.409440273293,bowl
R0090,90,FRAGILE,20.0,4.0,88.39954253595435,bowl,thrust,+,41.04221577629053,1.9800294640030576,1.1779767724176533,0.0314899984638466,0.1873541487311129,-59.253674248147775,10.84667042835203,40.68883463542842,46.09550130198773,8.750620408569366,4,0.0124387719679884,0.0886182911458094,0.3128886295776804,-11.930950367996907,-860.4148125264319,105.30667133029058,-0.06512503614827958,-2.0497219418255668,-1.6416886310516212,-0.31277493951597296,3.7525702118844033,-64.91743562619769,100.69296606785453,113.7781450731772,1.5951443727169465,-590.6693606068438,-1576405.2585348894,16653.740898097265,0.5831578445308021,4.571718383588588,1.4211659675954558,-0.0791405001307821,-5.042034084222986,-15342.214000050668,7650.121660142274,-6210.387640503643,bowl
R0091,91,FRAGILE,10.0,4.0,61.457716621789196,cliff,mass,+,17.289226243281693,0.3324133522816439,2.014755794999234,0.0375271832041186,0.0403460209167502,-45.82811076285873,11.397663466769266,40.046979343212925,102.10294439761984,11.67638489113022,5,0.0786929434756857,0.1924499528591356,0.2341183936018802,-14.407688536068074,-545.3216949436486,201.74548275498933,0.036822883323203826,0.753085690695148,-0.01801973405515689,-0.009641403671195726,4.791366151819483,14.406424366272207,79.07861075720284,8.942323857144588,-0.050841249217178586,1094.4630986276065,2162179.972772334,16943180.94526847,0.46315821567478466,27.436544968509,2.412569462835963,0.20718670794838154,33.22617952889174,3841.7131643392518,13129.367045599713,9281.163933248328,cliff
R0092,92,EASY,10.0,4.0,42.714815330726935,cliff,thrust,+,24.629647980036633,0.7596797164042278,1.7597106798638975,0.0159435547897574,0.0820690064376506,-54.480332746274165,7.87835857543404,44.83716549965098,112.1782858400588,8.19152175280188,6,0.1098329837539338,0.1269171852425665,0.4130536087112552,2.0145216015254266,143.23703155471145,-58.8679293730692,0.1143486581392551,2.304913803120222,-0.9851859192014654,0.03986846777614028,-0.5096397291273297,29.747269900716148,41.006463532880105,53.04113400329979,-4.271439044312274,724.149511474418,1115273.3801732596,16630.598540565094,0.07981263318426202,10.19435516446174,2.6949785774288193,0.1674493767729114,75.79879204815374,7932.605306857632,9948.769694786428,13044.96251951917,cliff
R0093,93,FRAGILE,10.0,4.0,113.59542776597738,bowl,max_gimbal_deg,+,60.840430077490296,1.9108108181825676,1.937861670929884,0.0298306416024704,0.2004807159721151,-51.31300208633855,6.8525104286374106,37.51682102451602,90.0705030347852,8.773366998060144,2,0.1063833874021983,0.1866706622613473,0.3093101197878029,-45.059137382896125,420.8941505647006,52.63666522836776,0.3916547083868096,3.808013026504179,-1.3212027966012065,0.5572115927514285,-8.691490011070043,0.0,4.179185145342995,49.465923386617085,-0.7112305111343495,1721.0472608276843,2749279.697101433,115293.61507012382,3.0377622974574368,24.287791702087386,4.312690584327106,0.307145716484554,61.48849725388645,0.0,102441.86144224145,29586.328935050096,bowl
R0094,94,FRAGILE,45.0,8.0,144.08678659596848,bowl,servo_slew_deg_s,+,60.93952874281362,2.2813556105281965,2.096862002482652,0.0116052315506526,0.1771215613079548,-57.86282830198354,5.535024100570782,26.1226698999504,109.513955892923,12.537304587783286,2,0.10068097688393,0.1007290070522749,0.1307712790281283,37.45263263888455,1065.4045919885862,95.6231267407535,-0.3031536787769422,-4.00493242133123,-1.8131630211751641,-0.6093952874281362,-0.11856504586150012,0.0,275.63600671111425,183.54244666777794,0.38399166637902216,-474893.4880756538,-2876270.3256936832,-103669.11697115397,-1.560660276240721,-30.02456876174482,-3.627156881257522,-0.17363969710472588,-62.53486534465048,0.0,-58956.883544414726,-19201.27525183651,bowl
R0095,95,EASY,10.0,4.0,48.7938616961825,bowl,wind_strength,+,31.47930213066515,1.1457825834205102,1.1013473132651308,0.0249751989498617,0.1343334296817959,-47.51721531342119,8.719286006847794,40.17233659793816,74.50194466014861,14.461476429405495,2,0.095071902884398,0.0266559543428006,0.2791092451895922,20.781742457397925,-12.225909508828467,-28.4752290117908,0.3692493800534168,-0.804699659722145,0.04240313319883508,0.10793219099965437,-0.3576451601196307,0.0,73.8571653043453,-78.69825532666287,-0.8042895914889927,124.79678464387223,-956165.166738669,-11385.797214450551,-0.44327248980798173,-9.915614606072783,-1.0460138889643051,-0.01671785491908855,-4.731260327042069,0.0,-3985.279032610722,4024.1191124484535,bowl
R0096,96,EASY,10.0,8.0,111.83947908128297,bowl,servo_slew_deg_s,+,35.78620791608449,1.6151792505197955,1.3906466623049316,0.0251303134031342,0.154027979987453,-55.72737435955326,13.7793750050147,36.55580113161998,97.60426493502774,8.613658561635917,2,0.1115133711225579,0.0118450190216503,0.1080403104067803,-4.889660980843058,1458.2500810390436,199.53497488638556,1.2162585750893107,4.769165239293089,0.9892335326592185,-0.3578620791608449,5.832672976061228,0.0,-120.62159975610024,-42.53187202049582,-2.814496589776983,2225.503321286374,1181257.1509282447,93180.75016279287,0.9951769679461187,62.50976234560073,1.2213542220209042,0.07450589877170116,7.9064152525525655,0.0,58625.45198347674,1934.5750615684901,bowl
R0097,97,EASY,10.0,8.0,53.617516327149744,bowl,control_effectiveness,+,25.155386583086642,0.4617709526058868,1.0119039047670282,0.0363961618619486,0.0587443599977876,-38.23558394933959,11.2096039467395,30.62498919282988,112.79697361169217,13.706314694025796,5,0.0004184677991917,0.2269118484755382,0.3059439997171407,-19.592825813800157,-347.6345653773496,-4.561160203664772,-0.05726159538519737,-2.7950429536762935,-0.34083530675154244,-0.07274107158994977,0.3036506575257942,0.0,82.19836794006187,79.92551548289914,0.10381823175249139,420.9706311070126,458022.5695785383,2569.368598391056,0.35076966139012744,15.28008147210756,1.3694683048792426,0.03639921163267925,4.584991393982231,0.0,4214.728267069596,2714.661063884065,bowl
R0098,98,EASY,10.0,4.0,32.04277932423502,ridge,Iyy,+,5.5600240761100785,0.6032292965091177,2.077853136265179,0.0208284799756594,0.0615294792316749,-51.25129805887548,13.483856000905297,35.37306758172032,26.96712654017177,14.768196180922711,4,0.0080309588856958,0.1134366294574185,0.0534165780040172,-2.282177746677379,-185.33413587033596,18.317937677533294,-0.021907524176346116,0.0,-0.01588969914062872,0.0,0.0,0.0,0.0,78.02156183179768,0.0,182.5067201163599,17796.222872425667,382.34835236278946,0.0005499751632286332,0.0,0.00096281115081581,0.0,0.0,0.0,0.0,110847.22183259086,plateau
R0099,99,EASY,10.0,4.0,32.8141376009581,bowl,static_margin,+,20.488398975440116,0.393974438422882,1.7555353203621429,0.0351158023914944,0.0441301351305868,-46.80694597804784,8.256863818920714,35.58085603441596,80.4095014708241,13.39480496703737,6,0.0077721115471491,0.1565836444534429,0.3193365371808798,2.527318609120571,-390.8862603804103,-102.44199487720059,0.14635223109571638,-0.6169722678554176,-0.12023618408085106,-0.12692355817846152,1.9370112135477255,0.0,14.195609327606734,22.164784777914306,0.2322051845822637,-305.4563515153358,-567065.1416800332,16925.17884953303,0.40846030484600937,1.2185588617288752,-0.1121458811890335,0.011327597727199148,-4.6348471730213685,0.0,6502.851475341492,-3856.781605830852,plateau
R0100,100,FRAGILE,10.0,4.0,131.733651277102,bowl,deadband,+,65.4785402754026,2.204338923511325,1.2738627887422094,0.0388086615043576,0.1880918784154664,-58.47976393922323,9.763436868507094,32.22967509071191,66.01059508676882,14.578878246038965,3,0.0246679907651131,0.0420231075871587,0.1714217582897398,5.807595445650884,1309.9947908573822,-59.55624475546126,-1.1391139102533305,-4.060294205865996,-1.557001695135736,-0.4445112589241294,-0.7944008298842671,-436.5236018360173,147.637631943526,137.7409054855238,2.3629642816474483,1593.9816028089008,2728663.2625655504,60372.83014864312,1.8452080018214496,10.78614417995264,1.7322350997376998,0.4832931321441554,58.8678140387467,101035.79813486281,16811.701756604743,8439.514793451819,bowl
R0101,101,INFEASIBLE,10.0,4.0,206.10576461627855,bowl,static_margin,+,35.26559658268823,2.920822431134919,1.7444335793491907,0.0178612272807877,0.2350285755125268,-66.89035109239143,11.65230066676252,37.49896960130946,98.78320346229532,11.438830546225535,3,0.1304476679890856,0.1440087686835973,0.380391129505114,94.03496125236357,3575.1077126462665,-176.3279829134412,0.38158055037783445,-1.2166605946982025,-1.165408393914531,-0.30627334037309206,0.990007001764738,0.0,484.86677778749294,-27.167065253521525,3.301438274781301,-2742.0968685946445,3460403.7011366547,-172929.8478247342,1.0969523179301968,-12.706737751019418,5.732978660136443,0.3440400175138062,-21.36753291198811,0.0,28091.08390824476,-6814.769157491428,bowl
R0102,102,EASY,10.0,4.0,39.263544913892694,bowl,Cm_alpha,+,23.764754407331516,0.544619481290254,1.38443877693211,0.0281403657629785,0.0966215505397508,-34.61739728235897,10.787639377860769,48.82158135131152,31.526945634790863,8.816281204602971,2,0.1044734653576449,0.1198136434379752,0.1761179030789238,-1.0381492360375473,-135.6964391811162,57.138919793150386,-0.5941188601832879,0.08744271029603107,0.02242707100117506,0.25122942380156976,0.1978852957260472,0.0,-29.657431944715878,29.491165223895692,-0.16028056577898409,-199.83891080937457,-209261.78253416065,-683.314721676825,0.2935384408735924,-5.508007702581997,-0.8318680077300669,0.16181760354484592,-5.074463678083523,0.0,-1757.551768509155,-551.4966566387731,bowl
R0103,103,FRAGILE,45.0,4.0,51.632858384386495,cliff,servo_slew_deg_s,+,40.54217469581564,0.9516797426257816,1.943828039648063,0.0273027434009544,0.0894216740099521,-60.98253639188929,7.812983435421179,42.49876069391285,25.065401810447607,14.8449163339366,2,0.0189150591238488,0.0803720641063881,0.2726336143431337,-6.211231864541824,-183.36240319563268,86.26142739208528,-0.20233330575440567,-0.742383549565935,-0.005443711338077151,-0.40542174695815636,0.8115759025092715,6.354958489161078,62.39339994769535,39.70006212346796,0.17038109066408946,496.447215341063,218073.71644787685,7260.699290005713,0.2319759639486354,0.642268256439105,0.2409803056503938,0.05925263192997861,13.339964997761498,-1694.6555971096209,-111.99186295218061,5448.81797653863,cliff
R0104,104,INFEASIBLE,10.0,4.0,62.8142939191464,cliff,Iyy,+,53.04646977021026,1.3258257728395817,1.5697930148403594,0.0192394316491432,0.1534706436168044,-51.93782306749745,11.743547885853358,46.78499172492505,83.05327010945682,14.737177589277907,2,0.1480918991028348,0.2013311489443038,0.4279315365674425,2.1223326086824774,-1768.2156590070088,-39.781629161217914,0.06655183161945288,0.8734608287721886,-0.6242282062066835,0.01158003863614443,-3.079169686096767,0.0,66.68652165290199,5.931223880200193,-0.2789647690997583,462.3106577733055,290520.1546407552,10057.492133445649,0.44201420043486284,1.3941392968066355,1.7868152674308067,-0.037706843544284184,32.30882637970677,0.0,12627.042813095739,-1149.784290165592,cliff
R0105,105,INFEASIBLE,10.0,4.0,112.83113455402798,bowl,servo_slew_deg_s,+,65.2054789759416,0.3429138891036455,0.9911116345469372,0.020351758334477,0.0501500281571372,-41.17024676520962,6.791635051714168,46.9245923071602,39.32316925298253,13.437527769812071,1,0.1215225238927202,0.1030154040568987,0.253667774262827,-17.19374642549152,96.33456650199308,130.47880887380126,-0.20574705042349528,-2.6448667130919556,-1.2270836157420433,-0.652054789759416,3.890929745200826,0.0,109.36837399143616,163.9210224573715,1.140462227475922,756.012424402836,-228338.05625265746,15919.3579025344,-0.14408924458602712,8.484284477313134,0.6456018933092263,-0.0015781019127690853,8.563606546413437,0.0,3641.7178176964417,-1871.036673837839,bowl
R0106,106,INFEASIBLE,10.0,4.0,302.77474677843315,bowl,Cm_alpha,+,143.70811554953355,1.9868705666997477,1.796955824897056,0.0158149683758953,0.150446010555177,-60.29828818329042,12.84067354281127,26.983204354886567,60.15247156719512,12.555957967493914,3,0.0509382909904661,0.2302143990148863,0.2485397558795942,-14.608931473057384,2225.0654755538267,962.7313983463822,-3.592702888738339,-1.713951319112439,-3.5146133605319974,-1.3446406330992058,4.289989178457845,0.7576911250678128,159.55307000016091,-63.814763411935914,0.24900160014459694,3698.630627567843,1376060.7809800634,41345.11098550202,1.3836748423642362,2.950539971183213,4.725894662967241,0.009935858673497791,7.511740126460653,-202.05096668475008,7058.410229762522,18402.84051772276,bowl
R0107,107,EASY,10.0,8.0,61.48861985007331,bowl,Iyy,+,24.446252546854122,1.1646541816410865,1.713602474975445,0.0152103811824298,0.231978657898242,-30.77736952088039,13.93105093758166,48.64368159418528,80.2611546161391,12.336562234864257,2,0.0101989163278291,0.0657434335408984,0.1421222836059517,9.42646993760634,-814.8750848951374,-82.92322203442981,-0.18645335984562514,3.6468725511824167,-0.8217341775266043,0.1580729377807498,3.6929576967519444,0.0,-9.698838527717834,43.39418293156165,-0.30040889441529295,-122.05893371258871,-240329.9361231952,-37818.32268718568,-0.2319599154230656,-123.25940560854376,0.6932052270501822,-0.05895437888375302,4.733658578284248,0.0,7510.48954777501,1628.4675692598298,bowl
R0108,108,FRAGILE,10.0,4.0,77.17318049758833,bowl,servo_slew_deg_s,+,57.60259675802912,0.6218047357880991,1.4960732306085112,0.0275516805095085,0.0701014180034115,-53.84430874865326,6.279117151248611,47.6965013701994,57.12818184071252,10.37615727177607,5,0.0622099105566632,0.2374279727487994,0.2808738024041468,-24.21419011294051,402.0500462252085,74.88530326207484,0.18422005087756244,-1.6788495239832826,-0.21944464139726705,-0.5760259675802912,3.2275934255402516,0.0,97.44066772755117,-6.600730731026066,0.08069729586611896,-1466.5885205479146,-1105662.1665600773,-44778.97467410268,-0.8358275678215108,0.01690066048463961,-1.5407702851964973,0.005950920004157112,-0.5878745238738936,0.0,19.856124412274276,-8955.896719262562,bowl
R0109,109,EASY,10.0,4.0,38.71850665230368,bowl,static_margin,+,11.18776958995609,0.5790749747757549,0.9909053602317508,0.0257208484341896,0.1067128143663091,-31.446303223717408,13.9833909577058,43.46744432477969,47.68703837146055,14.40933170288632,3,0.1201340618925468,0.0180005428064429,0.2427770174470028,-7.200327226817368,-294.3431158498437,-55.93884794978046,0.08577289291373039,1.3344970503886255,-0.36789768356195685,0.07481448770273853,-0.6402429989526207,0.0,114.992599264695,22.10721983848756,-0.5632584153070184,-625.2536758246017,-67160.29039732942,2919.8796572252336,0.47060828438486657,-2275.4178801497205,-1.1221584908657036,-0.13400809633720936,-1.3013131902462236,0.0,-1613.3844711821464,-664.0344658950969,bowl
R0110,110,FRAGILE,10.0,4.0,291.33545625273416,bowl,servo_slew_deg_s,+,134.30428121426615,2.669315634566509,1.6219474240096772,0.0107263620027244,0.2356012525442891,-68.96413001335151,9.233157668564374,47.95823710835744,47.08012150005638,12.773530890300258,3,0.0536216834453492,0.0260951125080786,0.4360492848876435,-26.955264214387682,3796.133111376575,944.6547113099017,0.795075016417532,-1.7620030087022154,1.5808052062108864,-1.3430428121426614,11.138238771881516,0.0,114.00939803410736,215.23052662150215,-3.709554895863614,1974.2188683137597,50510805.71540907,695068.0631315212,18.705360606300378,44.82782158576138,4.411675876733658,0.34993161423989344,94.43344870775084,0.0,113297.67020771315,60918.984772457465,bowl
R0111,111,FRAGILE,45.0,4.0,120.42778131711671,bowl,mass,+,78.18558392025648,0.8511278934686555,1.1085035825175606,0.013763356063991,0.1271657544818608,-33.59288832374978,10.795019629499404,32.60669242458786,66.30224495103684,14.98503704552132,3,0.0314799264609268,0.0723385608534622,0.2885011365070513,-65.15465326688039,468.1062526944314,90.70577448963658,-0.9398026354909415,1.3795451331682649,0.11170270245202688,-0.3824084135728535,-2.3268148445227395,0.0,176.67750980262693,127.71667032315486,0.6196000772605403,991.4091360761362,32502.35255747768,13224.603118991243,-0.011898243805375408,21.180401745862877,3.158460522350292,0.0743428629135095,3271.1976007942976,0.0,-2267.9023391638007,7340.057354192484,bowl
R0112,112,FRAGILE,10.0,4.0,102.87654448783896,bowl,wind_strength,+,55.236195244548085,1.6622176679265,1.916463512076248,0.0162508646011629,0.1656727366812963,-54.69518807072342,7.796092930304262,38.46678598553538,87.76015438127871,10.336982293704049,4,0.14214862963722,0.1319829659267995,0.1528118691065469,-6.259631630113111,-23.078588392014147,130.9120872146465,-1.3515783494889722,2.1844121232580993,-1.0372413346727392,-0.41656297741076875,3.3637071049751004,0.0,91.1017273713873,-138.0904881113702,0.732743818752454,992.8096174749891,3451234.0565790446,44189.32001119978,0.004552349539145073,10.291760395531975,2.8507282653706203,0.08326640018267845,46.147109302265356,0.0,5588.045767166833,820.3910325222505,bowl
R0113,113,EASY,10.0,4.0,59.0380983441323,bowl,Cm_alpha,+,1.8559156766074114,1.735566911237191,1.0290178557036822,0.0190848197142376,0.1565958367690556,-64.07899947892824,12.526867855305095,43.26836668576711,75.93377078679853,12.142613318327244,5,0.0570870254226987,0.0269011803632635,0.3089920098814907,-1.1116439359041044,531.9543199388415,83.87014625914975,-0.046397891915185285,0.30656301043878925,0.02247050440239704,0.2021049705779454,2.5033781280336123,0.0,188.05539061340428,8.083525830201925,1.5345543362311655,272.71529203853106,-459388.70868824504,-30869.175959406537,0.679539827368772,11.163518638973674,0.24609105212598478,-0.10317501534368119,-10.57781301904016,0.0,-1280.544636264549,2990.306363336969,bowl
R0114,114,EASY,10.0,4.0,50.728745569217594,bowl,latency_steps,+,8.375060087600454,1.3526578916572274,1.1284795425562328,0.0323134081071329,0.1403849788717369,-55.77211305667165,7.732487519444036,43.36715137483594,110.53177376848586,12.077266112442407,2,0.1369347186382522,0.0566220153327385,0.2369534587819403,-3.3404748389031558,501.3779165166826,85.69831586227254,0.44240990322380025,2.5927963574597697,-0.07956834071286564,0.11681561108751995,0.39554184795987946,4.403767211632229e-05,128.46713226255568,-0.6366589398700379,-1.6750120175200909,-1492.7162087380764,354511.06424011156,-64705.34017873165,-0.43619355138424076,-18.17004196979357,-1.380048898387994,0.042826889149457405,-24.905145206612158,0.011743379231019268,-23504.347918772506,-12927.555531600388,bowl
R0115,115,FRAGILE,20.0,4.0,49.9299390003697,cliff,max_gimbal_deg,+,16.958560238575267,1.268814244453665,1.338811525696988,0.0306913964730484,0.1151505316417824,-61.06491065985765,12.37696254453878,39.75397979994777,92.0021319064076,10.869529044199984,3,0.1133910738641573,0.1896595344929235,0.2585236579595475,30.689363613322325,137.96423399400012,26.050369609870657,0.03476751967204539,0.5144190058288413,0.20121945334072394,0.046138315002396624,-2.4226514626536093,0.0,-8.385307599684701,67.5707254894973,0.04053648353549644,800.2132268963437,1513254.6515630542,10527.228882860441,0.2637430638505416,-4.690696280106473,0.4717126115430028,0.027316926652249406,5.7877025744966355,0.0,1015.9654975703556,7233.383088458961,cliff
R0116,116,EASY,10.0,4.0,93.10174015946858,bowl,static_margin,+,29.357042824133934,0.2627315538916603,1.4205689236423622,0.0391241025278498,0.0420775665414517,-37.76645143322622,13.75280969355521,47.35332501606578,48.44118358303088,11.3640730382776,5,0.1377443606567863,0.0552216928954143,0.122387508085404,29.227847889577703,1999.15893202187,-146.78521412066968,0.227911297899686,-0.4550479504194687,0.02710615203830713,0.4008302107487468,-3.3019524931790016,0.0,-73.62925346314745,-49.93244159668291,-0.1261899419816035,517.0085797712254,-1643643.9338830367,-345207.080920847,-0.15766083051270385,0.12862765744655177,-0.5478719379876418,0.02260735210964697,-2.240235694201771,0.0,-2831.485925196769,2280.767947519055,bowl
R0117,117,EASY,45.0,4.0,19.430973254627975,bowl,Cm_alpha,+,10.709916620884217,0.52434779653378,1.898882495617748,0.031898504391567,0.0485275487226121,-56.405191922365816,9.69848826385268,35.27258864879419,69.6193793238709,8.091016139074743,4,0.039992110353662,0.2329231765997163,0.1862297819383063,2.7162427423626525,21.764772541537507,2.692248035558537,-0.2677479155221054,1.4109341864712015,0.19388544464748064,-0.03849660521627261,0.9533147055774589,3.097066699280937,-10.736659646644737,-0.1477834085463979,0.6001756488347811,-19.055580188774936,-92093.39451189796,84.12439159420641,-0.26540068897048674,-5.64903625549303,-0.48362483481091545,0.0004253440655786278,22.33619021174895,825.8844531415832,-4519.948510131074,-687.9475955222213,plateau
R0118,118,FRAGILE,10.0,4.0,98.9087397306639,bowl,mass,+,58.795012243581255,1.3215223207708164,0.9078106365083272,0.0292678488174539,0.1265059378008514,-54.93647620178294,7.550995227196241,35.79775325219997,95.7641650684034,11.76847393101452,3,0.0903820772060902,0.0320568884881685,0.4390680704782776,-48.99584353631771,980.6086686273259,234.56182512360138,-0.11800473683306478,-3.3505309786578272,-1.7106096857528024,0.07741670436372346,1.193195637657964,0.0,-10.14376338985329,-47.65094249214441,1.4977503361556401,72769.45983736201,-1385127.4231221913,-15617.24555543005,-0.17429883291279413,-1.1100757495349913,-2.102781146414569,-0.07475950593618436,2.979360971782773,0.0,1721.8594536220517,-13269.689111471313,bowl
R0119,119,FRAGILE,10.0,8.0,75.2141022724389,bowl,static_margin,+,50.33414994986934,0.4070324940586881,1.9274543243059197,0.017911412610123,0.0478501797372799,-47.83239346062155,13.507213712577176,40.927438783552674,106.21196634517484,11.293579674832866,2,0.1174510616447894,0.0122729680759893,0.1409741879715798,12.916666011546043,715.700989913919,-251.67074974934673,0.6353524772332979,0.8283211302156842,0.38767551262774697,-0.13690574329525748,-3.261218696463851,0.0,20.265519909838787,-74.69743447215947,0.05339067357059779,-1879.1671597723152,-3808754.0592168053,-79974.48112065367,-1.079060302958538,-48.64275418532272,-6.015551748582334,-0.3377131286676771,-72.23732335389595,0.0,-52498.78188749369,-10067.21465648424,bowl
R0120,120,EASY,20.0,4.0,31.00962553541089,bowl,max_gimbal_deg,+,14.827678561170542,2.1019094711324326,1.2542201301561278,0.0347888481776769,0.1786782192519092,-59.7870740336198,10.534736180133615,33.43421826372256,96.73284835058224,9.94847487319106,5,0.145435530540464,0.2110549631392416,0.2960076024233619,-5.192000694209082,160.39341696639727,-59.820238663034424,-0.0004184402236893092,1.7017407668233628,0.14288045249589984,0.04722599649801875,-2.1182397944529345,-0.17702562318849396,-53.57432876230528,23.399539819974827,0.1542961963304541,706.1568586728654,474206.99011854787,29526.349277718404,0.08611910839642478,6.237929993104562,-0.2401471439899251,0.19229880140566202,29.90770614968061,102.50941358360593,22969.340708162945,2192.2394824570506,plateau
R0121,121,INFEASIBLE,10.0,4.0,80.09529877611715,bowl,Cm_alpha,+,40.42712743122223,1.5007800651313965,1.8177636395646168,0.0394987720589062,0.1936410663612437,-43.40211094929009,5.411036568191808,40.592321464277006,27.1739626003087,12.027699556511784,4,0.0874747665935488,0.2081665450790263,0.2661274036971648,-16.03525577891657,-693.632647780134,246.20517516077967,-1.0106781857805558,-0.25603279570090126,-0.5841490069245537,-0.12375922358469751,0.3449133603809585,0.0,13.30384220955962,85.30501862451683,0.0224742810210401,109.9850477999639,3116035.4354898604,5705.654493929007,0.05797712783405551,-0.4252649529113151,0.13501075220612166,-0.0068750166136788944,0.23579309650672328,0.0,-257.0640604739533,-379.4276897680586,bowl
R0122,122,INFEASIBLE,10.0,4.0,60.06930306793098,bowl,servo_slew_deg_s,+,30.423088477595194,0.2933602415314942,1.0341358631708073,0.0131762789223248,0.0492753498707072,-32.936352635284514,9.318305532815623,39.61587830071509,62.25452552901463,11.579459859369488,5,0.1051824404134786,0.0918369148394935,0.2838930886270155,-14.36477906913624,84.95681710797481,-23.37027110585495,-0.6485996541445727,-1.997558994542973,1.0428832168448523,-0.30423088477595195,-1.2890300538848707,0.0,77.89190660105996,37.132039689305486,-0.5181910808470018,-180.64580063673415,60403.48681019247,10195.420911677036,0.3358556553084404,3.54214984603567,1.1579784198926564,0.04451645581393926,11.827772312021736,0.0,9329.237266948456,5353.592238052477,bowl
R0123,123,FRAGILE,20.0,8.0,139.90603290867514,bowl,thrust,+,86.5097703899262,1.836221670339396,2.0223468081149774,0.0185831786651328,0.2009275400421984,-54.90762152008874,8.317085699153655,46.72564847829973,60.42194419234457,14.053903895788954,5,0.0834377940372043,0.1282250938337271,0.3224972690284072,-31.44298965675927,380.08224397523713,44.883707920662054,1.2672750923889833,-3.4390569648713467,-3.460390815597048,-0.5691261972204595,-0.23633322762598116,0.0,227.3363608842307,53.38632284343232,1.9051957005629578,2061.1837739039133,4404969.442411331,139625.51968932763,4.093833588983937,52.817565339773175,8.993176084177659,0.5144776360045722,93.59995360464795,0.0,63425.059313110745,12810.49811961382,bowl
R0124,124,EASY,10.0,4.0,89.20784148985707,bowl,servo_slew_deg_s,+,45.328277382986336,1.3196018224715849,1.998563332510661,0.0380001296276792,0.1167522865645549,-59.415931552691326,10.801836754529642,35.76944113011039,72.2005869474042,13.482003521328698,2,0.0191186458172564,0.1885455443539056,0.3148436649736624,-6.562032652354963,-1089.0964269549897,62.49225587785448,-1.0184607950123301,-0.8727962300477962,-1.705554566990272,-0.4532827738298634,2.440574668205378,123.34266436201992,80.46932456066048,15.688655170120333,-0.13011985413472393,1161.0840438563598,3021067.6636863016,32048.45401476583,0.8494097828352805,2.6072500887534282,2.3604293690047746,0.044244144005250875,1.6687635264336762,32891.37716320531,-3810.7958184500253,5104.536208421808,bowl
R0125,125,INFEASIBLE,10.0,4.0,452.9680699647828,bowl,servo_slew_deg_s,+,295.0742957763596,2.727642813569449,1.5121032446284095,0.0129631109706691,0.2348232781969043,-67.72740711820313,12.030138622027495,44.00454672817554,47.79765251137426,9.22711203565856,2,0.113671116819641,0.2159692346594091,0.2574458234685446,38.95584363353344,7394.427434450709,254.0708286912341,-0.6499773727769655,-9.837047622755009,-1.1316776849645962,-2.9507429577635955,24.46641129946012,0.0,164.8974562079981,385.58726712636803,1.6630916661518658,-3797.0282012960697,-4930550.622437876,-762130.4946922722,-5.247065232987758,-11.018118108418626,-3.406636465338761,0.10080510334122693,10.487950848150604,0.0,-60046.9487399244,-27600.82004292794,bowl
R0126,126,INFEASIBLE,10.0,4.0,195.7928741328042,bowl,servo_slew_deg_s,+,97.34748792566087,1.6007518535742538,1.990328145811386,0.0198509853259373,0.1516048479464097,-61.480836058917134,8.248909077791097,43.88529661844286,45.02195224224035,13.737318361457357,1,0.0877818495196523,0.2247643426730865,0.3506004721121562,-47.238537341968026,391.53970985763414,682.7216482219062,0.02023634348794978,-1.589731785747452,-1.8443520969611513,-0.9734748792566087,5.786164799149221,0.0,88.54507193358606,122.49375316286375,-0.8000056944815057,-44.49690050257371,-1219984.6840066386,-13620.684317316762,0.37951664579547817,-4.5482925479874545,0.13110620521578767,-0.003598580415284971,-12.714844278220257,0.0,-343.5479016109178,-9891.434821111816,bowl
R0127,127,FRAGILE,45.0,4.0,100.31319186219565,bowl,control_effectiveness,+,35.546052566111406,1.052048721901683,1.523373175017216,0.0264313182549952,0.1055175520188553,-56.34241954991386,10.571669568060496,41.33424902792661,78.57046474266483,12.607180275936848,5,0.0513088260807467,0.1487744113404095,0.4480798179924234,-11.006826764313827,-36.653130525226125,93.55504815966991,-0.16713077239526575,-3.9495613962346003,-0.9875837081923763,-0.06719742431110536,1.3802204740970416,0.0,170.24413761941722,188.23583900935162,0.10848389825045235,17.40880148946118,-267375.2794431179,28854.191674971204,-0.17717678808625914,12.674998046853618,1.4721153135761984,0.17961671213033134,-0.9184104176896022,0.0,16052.761071493598,-177367.26016578474,bowl
R0128,128,EASY,20.0,4.0,228.15085720549482,bowl,max_gimbal_deg,+,86.19013977983866,2.52245563049882,1.996291842446157,0.0388956204858036,0.2146070528947456,-66.8492801642029,8.906394305348858,41.86930354787236,107.0576388996706,13.925924222176414,1,0.0462868714754344,0.1204020975767756,0.3665062922994123,-7.414420102606557,489.78613023112956,-398.64864966676345,2.687310763687734,11.365945041467599,2.3486741908922526,0.775688865427008,-12.312877111405523,30.99728453983177,-277.46488443892383,-101.72585035524916,0.016882544831541946,1449.2630404899069,911043.4485398338,130231.72682236707,2.2762964000897816,46.796119512974975,9.143907068762422,0.37609935588471266,76.89224088565432,-8265.94254395514,69009.89819038677,9881.648342457393,bowl
R0129,129,FRAGILE,10.0,4.0,53.44323388624353,bowl,servo_slew_deg_s,+,31.146724447791925,1.025960610032424,1.5272177888047325,0.0153813002467761,0.1338641544839635,-41.61494135443903,6.7263458218802015,38.16165097768304,117.63659911988188,12.385637925804229,1,0.109700992497198,0.1670331401840803,0.1897494064302564,5.518348296563882,-281.0161281355002,47.69873891845283,-0.29812696088987334,-1.476156775050788,-0.4117397454721939,-0.31146724447791924,-0.4951885798532482,-148.67645566047221,-52.930486514966,59.738547269828004,2.86684708330203,331.8180900788532,-651697.7649457393,15319.751112606424,-0.07299480282603454,2.312063388242614,0.20706696833422483,0.3603127449350648,-15.510124165384541,39647.05484279255,22523.148630188218,-917.1993447106958,bowl
R0130,130,FRAGILE,20.0,4.0,42.94011761201341,bowl,wind_strength,+,12.9252439489996,1.877647958861732,1.3566861532278884,0.0228181798917463,0.2166448516115249,-52.6479607233934,13.30772776528372,47.763140149138735,112.31366689478163,14.610548259642718,5,0.0119377585184013,0.184032708661804,0.1050442759077977,11.915359337772625,138.13792951913038,-20.26596890526518,-0.2724307889901181,-0.5610656018613812,1.146026021632514,-0.1237391997787018,2.269568922335114,0.0,33.01550500674442,-32.313109872499,-0.6576241949948463,513.1086116248085,272629.752925263,3898.3341037851387,-0.21848695648042105,5.758801558017962,2.383623366119559,-0.011569034357452636,17.438994847021746,0.0,17212.508883173385,363.31569034945926,bowl
R0131,131,EASY,10.0,4.0,32.058916035658974,bowl,servo_slew_deg_s,+,21.547885114624904,1.1734154398319163,1.1310011703626663,0.0331846620878817,0.1146850367555766,-51.09695360821853,5.316564113841443,32.282063929352645,97.40990383329802,14.340741134259932,5,0.1341882106833081,0.1774151328358618,0.0961439442162362,-5.974774849368127,81.17840436678263,16.63004955302377,0.20532262196846818,-0.02593663571835274,0.024067412323052116,-0.21547885114624904,-0.203131632248008,0.0,52.68152214882389,39.66384780503842,-0.3636538756655612,149.06374675620341,940160.8520762988,-697.9407395546796,0.3034778418485925,2.193530862347699,0.5858273223838174,0.05823267990283556,2.9509283981122096,0.0,4042.91972337419,887.295139875462,plateau
R0132,132,FRAGILE,10.0,4.0,73.40092841567093,bowl,backlash,+,24.939553461834826,0.4538039086724181,1.835447837296696,0.0175040846739741,0.0411485571494562,-53.97417258887018,9.771552462657803,31.003170065266172,114.83376464886491,14.948241346571075,3,0.1264607065071712,0.133249653826248,0.2322439716317265,-6.020009517140866,-491.3967606895008,279.7282255645828,-0.03262131248017841,1.0888576949645565,1.1621514605475711,0.07432027871540754,-2.0078986980411235,0.0,-99.7582138473393,32.753227898892426,-0.6012135340849758,-262.5842538445541,-510558.7500441054,-376825.2480767746,0.024859052124935666,1.690475210100201,-1.4179498128650294,0.03821873347303026,-233.8187478596685,0.0,2727.3381153143887,-623.0492164338252,bowl
R0133,133,EASY,20.0,4.0,50.71286302377038,bowl,servo_slew_deg_s,+,15.714297373534878,0.6965413089659195,1.7853937006018077,0.0170515298661448,0.1131092265189147,-34.88523339272938,13.3152777527716,41.53812916721307,58.48373453918178,14.550495318823526,3,0.0428246400489365,0.0617012248141662,0.3371062235091034,-7.10630577304489,212.2144318759335,48.16669790659909,0.48563507163565256,0.1395177280394244,0.3405034739989247,-0.15714297373534877,0.7204907493119751,23.28808670371802,159.18292665836128,-16.970030416497103,-0.17027041950876143,208.70812478613874,649048.1468478752,-11234.176655995783,-0.06907572081902269,16.25901510948398,-0.040509147840461994,0.06819276787788243,12.968807657362747,-6210.156454324805,7296.778035500603,7479.157442671376,bowl
R0134,134,INFEASIBLE,10.0,4.0,268.67015016215805,bowl,Cm_alpha,+,109.52424713492341,2.1828369012179696,1.271808078838589,0.0395206134438355,0.1821980019664149,-60.90882372368732,7.1081503611222345,33.455415512402304,48.19352428212879,13.828582235723154,2,0.0948404740795679,0.2208407252320543,0.1485784674648846,-35.071909466508174,-236.1883432847137,909.4187495014888,-2.7381061783730853,-1.1325507149817322,-3.0046224204477854,-0.47406705218431994,0.0775789869299969,0.5612833295089109,47.82234267037235,327.37641298244534,-0.19390564249589914,154.66275162260533,11423010.048558017,26606.462662505117,0.29386154234643946,1.5511586085889941,0.5670274428480616,0.0010480960879891655,6.286796413710155,-149.67555453570972,-1033.4110238945395,-2881.986719514436,bowl
R0135,135,INFEASIBLE,10.0,4.0,227.8055764424899,bowl,thrust,+,126.17071725301415,1.5336253945514566,1.4435700429501002,0.0204141871101689,0.190124494208345,-36.8925263695479,7.52921112992578,27.075451708037004,40.09707285074328,13.896257062882672,3,0.034928604079743,0.0047929004640724,0.3999871185633911,-13.83204192052478,-1980.468393096985,450.1631662394007,-2.3040564478414503,-5.687727339699402,-5.046828690120566,-0.845781800731816,4.363913442580629,0.0,-11.352130943899656,174.21251289484786,3.658013108682294,1789.3174733670855,2730867.110822359,36326.643030388586,0.914622150762213,5.06967137655328,1.6475522015654678,0.13929721728739963,40.99507766923928,0.0,274774.33183916734,9701.391959236236,bowl
R0136,136,FRAGILE,10.0,4.0,51.581561677937856,bowl,Iyy,+,21.37020126305335,0.6621316411631292,1.9577920019262915,0.0152870271339378,0.1153650098772592,-33.536301400169165,5.5445357400968085,44.192769254153546,71.55237139929946,14.853065120880558,2,0.1338237439016356,0.1036501214427487,0.098046061860728,-7.517159087209936,-712.3400421017783,38.62099865013255,-0.3275583272336857,1.1178497440759547,0.35403791446977345,0.20911878618667937,4.384954437762883,0.0,68.77100910734706,15.134768540643947,-0.15332389731456786,636.0375249845351,1016155.3838700323,23552.68354424053,0.7435511195675057,6.990865647250384,0.939420450114124,0.11268566514401829,90.27454896131142,0.0,33646.42863452006,2480.319745025609,bowl
R0137,137,FRAGILE,10.0,4.0,55.76372501262994,bowl,thrust,+,34.89921031951783,0.7755719463548971,1.439357747581432,0.0208077399511371,0.1121695021380773,-34.74706144801004,13.516974841975632,32.689096938172376,119.64617703441624,13.350742744396566,2,0.0839877765003193,0.1526107851238138,0.1535998125095594,6.3251534886953875,-249.67927204256617,-93.63595406694793,0.12207160408022366,3.7939690636690266,-1.395968412780713,-0.07045665608548646,0.6077656742281569,38.728436678403554,21.375639161452842,25.907917157079318,1.1248938997987317,-2251.003836578862,-1696810.241011927,-20937.18838526867,-0.3345964735059126,-11.939587211899767,-2.3049346907893153,-11.37218650557631,-3.344674680777709,-39135.55430358974,-34959.8503933575,-6218.982897330092,bowl
R0138,138,INFEASIBLE,10.0,4.0,187.36209287604828,cliff,servo_slew_deg_s,+,160.93719838932688,0.934886597175048,1.8948146247271975,0.0105884042972384,0.1332850950487486,-38.759868681587534,7.925692963314571,39.52494332072315,28.47783076061486,12.256734216036817,5,0.0634831202379929,0.0960533753399783,0.4455326507339476,-24.443829841418115,-36.59273951682772,194.5717036439445,-0.9910978744252494,-3.168027221426046,-0.7761732324354569,-1.6093719838932687,4.510858606134777,0.0,195.29098170367354,65.47989897806072,0.7913109212953859,-333.70142455054184,1979.1061123213733,1291.7300457461436,0.10710908004664432,16.95072219823057,1.6311932345495461,0.14805087268868902,27.400297566674592,0.0,20127.623515503146,9036.104344557318,cliff
R0139,139,FRAGILE,10.0,4.0,93.9011904200249,bowl,servo_slew_deg_s,+,59.00906027256949,1.3654078953889446,1.4117753105254542,0.0316788332237372,0.1202668007828903,-55.26783722703699,12.903785438223128,30.674182284575917,37.10142456048569,10.057936216067148,3,0.0932686253599934,0.1462815873429039,0.0899241129510669,15.263978040316934,967.1526265328674,-6.44034273055745,-0.20467895925603674,0.6321970118923451,-0.440597084459348,-0.5900906027256949,3.1420224393511433,0.0,156.20107717913982,109.74279848117374,0.5362829299813456,-569.9188048571796,-1544442.920905192,-22038.470997840373,-0.591597284752698,-5.038294219367767,0.030007202999003654,0.009193272141069358,-1.207442504764318,0.0,-12823.306596978444,-9191.736891685327,bowl
R0140,140,FRAGILE,20.0,4.0,46.927674071480425,bowl,control_effectiveness,+,36.843032105191284,0.8436894545868232,1.14694946401135,0.0295533144115129,0.0882823666285435,-47.22063054603912,5.699300248372245,31.601493890447685,59.184930137123416,12.048692016489394,1,0.0898198471564399,0.0175256920544267,0.3601575141233091,-7.677741700976179,260.17807726096163,58.60755771768729,-0.17786532587508264,-4.093670233910142,-0.1772828758037434,-0.11178665228640235,-0.05672874005175852,0.0,60.471350454826194,29.332727501828757,0.5995624245556872,335.4255011619894,-372535.06000939134,3045.650118629449,0.21683174182312692,19.968887443170576,1.0424046098613349,0.07890640455619619,-0.8022378508924956,0.0,6971.0795946550425,1215.2133202145233,bowl
R0141,141,INFEASIBLE,10.0,4.0,629.0817926265216,bowl,servo_slew_deg_s,+,346.1741591870812,2.2079509278176785,1.5812552290721835,0.0138544873514035,0.1920417745230501,-63.90959516253494,10.466616170743206,39.995034613971626,23.20809375525164,11.689552551286624,1,0.0058256122703065,0.1412943976288646,0.1443622820832176,-30.39150123803992,-3448.9000702039675,1618.3717192870365,-4.955271669717778,-5.404208257989349,-1.9591549336844878,-3.4617415918708123,9.81157298243745,-106.36336766412334,328.0029824927365,803.7371117574424,0.793468570184686,-1796.4241874228221,1726263.2789177836,-44504.87120130702,-1.9096307450373935,-0.5912548613141403,-3.433105952696169,-0.6798424232624696,-0.8028060253856947,21622.487775592333,-13613.063877254603,-10913.973218682477,bowl
R0142,142,INFEASIBLE,10.0,4.0,143.28893578986217,bowl,servo_slew_deg_s,+,63.407414457842606,1.4578305276988663,0.9267532749465206,0.0187565869195574,0.1377203380245758,-47.48410301664265,6.828586023245943,26.04593266127953,97.16994780953094,13.269122621395304,3,0.0726269768418815,0.1830516561095335,0.2967872588156912,-20.999422376048408,-605.9077273530178,249.69852974521197,-0.555269285760553,-6.401038962397248,-2.0689833865280685,-0.634074144578426,-0.8092193965353552,0.0,187.51746515365934,164.59187403849936,-0.7661709676328652,1909.4512685462441,1680111.6995128877,28772.000301557324,0.9690908324130492,23.87872836682609,3.6179879986123464,0.08673327802135816,46.128304906949595,0.0,-3393.944968020122,-4333.920237917842,bowl
R0143,143,FRAGILE,80.0,16.0,191.02268189363815,bowl,control_effectiveness,+,79.84028650526838,1.8736606256715715,2.060526067262362,0.0203003342813284,0.1763176986959987,-58.01374583047657,5.233433457166046,38.57741559769737,67.35101726244676,12.320267098217116,5,0.017389558770447,0.0832705582588202,0.4347432689621541,3.079627723354031,1678.1287529176755,356.0471459744407,-1.7426350247710083,-8.87114294502982,-2.273625758954059,-0.3697970301639984,8.427062045735699,279.64927311635444,284.64614491530796,130.76094240714102,0.7105397700634599,5581.742765674675,4175883.575338063,48561.6561936747,1.5319136741523636,32.429654585137015,0.871578290543166,0.31983203079324596,26.64763925903,74573.1394976945,28735.058383557796,16503.85486516602,bowl
R0144,144,EASY,10.0,4.0,39.919257420759315,cliff,max_gimbal_deg,+,30.799763739255248,0.632196938692048,1.9326631434561672,0.0295348409289946,0.0550569198719344,-62.16098651363619,11.307316618693385,37.93291337726766,90.69067351578428,8.084212781117678,4,0.1194930987554115,0.0795107758576122,0.4240449665893631,-0.38132868646014695,-204.2380026027248,-14.40616186422696,-0.037775361398641794,0.5320946476013134,0.7035028346516521,0.042367158405698116,-4.399966248465035,-54.863175390819315,-51.5432936225007,-8.878177841353455,-0.3013161533826889,-186.92689750394254,-1200200.7503517538,-4704.547077349071,-0.13326937473738343,-1.7277903216552655,-0.7378042964778038,-0.016542955097821378,-60.200355324697895,14630.180104218472,-7206.157194989911,-6385.098792272361,cliff
R0145,145,FRAGILE,20.0,4.0,84.89945942284733,bowl,servo_slew_deg_s,+,64.32791039845111,1.4296135038737536,1.301969107162964,0.0147150890941158,0.1100091419520548,-66.43502935781817,7.679377206867166,33.82796640382954,25.344449263987197,9.51231460345607,3,0.1178480094011961,0.0534309806760794,0.1247402433521417,-11.610143728626577,54.12680226390847,33.96739485623701,-0.5761139370908261,1.7157622286364522,-0.4958725081249856,-0.6432791039845112,1.2216908379341276,0.0,83.82409883181745,93.2561031157915,0.01627604371606939,465.52653494820544,-380471.0200588845,-13226.456161652282,-0.6845171616302008,-11.97553123298528,-1.595372559058427,0.007040795485329383,-6.453802486461578,0.0,-15370.949237705287,-5752.45906225104,bowl
R0146,146,INFEASIBLE,10.0,4.0,2791.984312361301,bowl,Cm_alpha,+,1296.5217766126639,2.899212353011167,1.0937543002570052,0.0226942313423683,0.2266621363110837,-58.06528384313251,5.12217487339959,26.674259159291456,55.52133377310875,8.457732257974277,3,0.0759438084698595,0.1609082418308117,0.1825994883415359,-390.9650898163071,-10023.548714685348,8720.83371623918,-32.4130444153166,-31.237382045773455,-46.574807896978974,-5.560421030483502,51.914463835534356,0.0,1319.8585101687843,2203.1805890654905,11.531018542266168,-3339.6276870670526,-1504564.507574057,500043.0461800732,4.401679895237862,-104.91792736476397,26.998357556998236,-0.4695949389838756,-45.39107777796401,0.0,60527.1267298808,-57398.705999265796,bowl
R0147,147,INFEASIBLE,10.0,4.0,54.95534608089635,bowl,Iyy,+,30.95572459870872,1.3627734083493128,1.7281119413049852,0.0154547061907195,0.2204417393980913,-30.38595364322709,9.521442295250376,31.27140945316805,91.34142560936417,11.517955597878755,5,0.0008538581615771,0.2099558807992778,0.425636666202985,-11.653194184784038,-1031.857486623624,40.27932125947609,-0.7439856633180969,0.4696826961540156,-0.4840354166972332,0.06859492711076065,3.788013008972329,0.0,-3.3373403639107804,-1.9576101245381654,-0.6955476155827665,-148.62152411139613,908199.0293890209,10255.776149070072,4.354155837524376,4.09944597000277,0.8077234026612872,-0.012542749868742788,12.450291009453013,0.0,5161.676053004217,8748.360039027115,bowl
R0148,148,INFEASIBLE,10.0,4.0,70.9876680554866,bowl,Iyy,+,46.24331912435337,1.4943082647349502,1.3278798893698986,0.0173982173866453,0.1405016961551325,-50.6691352561123,12.454005934392864,29.378598862591858,75.28497998193808,10.142149232973344,3,0.0037647281162088,0.2221586525983823,0.2314926249690322,-12.387528637014492,-1541.443970811779,-37.802619331705735,0.5530173460080108,2.3620957486040592,-0.7289958429087584,-0.08617980104756366,1.5512868792724828,0.0,90.8876280171801,63.28456823221929,0.36352209273805425,-678.2921217568213,321798.7192620415,-19949.461314882607,-0.8113823274292842,-2.8364897302066296,-2.6027546690303973,-0.041019154022731,5.4502520008565405,0.0,-2198.399652995109,-6028.210903413697,bowl
R0149,149,INFEASIBLE,10.0,4.0,289.7927800802523,bowl,servo_slew_deg_s,+,156.96707901753246,1.7542586901211903,1.1512872503062388,0.0209138151812052,0.1992756560295158,-40.54892174841501,6.588727144211761,27.462571422295778,62.39494135155534,11.242437732646367,3,0.1001447412310284,0.0757645413967504,0.4067713167101647,-43.66064539865534,-1722.3015118577966,501.9586697953403,-3.2892655733937577,-10.51495738672588,-4.9503829569737805,-1.5696707901753246,6.191437700450733,0.0,18.960870645617266,47.709785543671,0.8228058694826395,4030.11052894039,6317419.982209365,94119.23847519813,3.0824327520821715,36.01172874245559,5.469071199889426,0.5915991983989087,74.30823763933702,0.0,98871.56825834609,33140.72121724714,bowl
R0150,150,FRAGILE,45.0,4.0,53.95064796813162,bowl,servo_slew_deg_s,+,38.87898566224109,0.5096002131199577,1.0761435903693444,0.0376230563833268,0.0577058292658036,-46.1435888488793,7.488375332268619,35.33981455307389,31.007516948105565,9.806612387949178,4,0.0420887707357688,0.1996761905029736,0.3411260459897819,-13.264871732672482,-283.16165162458077,67.87249233381286,-0.03561990958640893,-1.1648186609801507,-0.3085671316630041,-0.3887898566224109,1.1013312059149258,0.0,13.818224762548668,63.565047612230686,0.09597241416780555,-175.53934041843274,-438510.5107746136,6839.864859742207,0.046471539479055135,1.551935758685654,0.1824349026770119,0.02809825418301831,0.06920348799594628,0.0,-1982.0735732369906,-1592.7712275748468,bowl
R0151,151,EASY,80.0,4.0,49.42039792311933,bowl,thrust,+,25.63333317261729,0.867819495342039,0.94838966461121,0.0364594113407589,0.1231441533679637,-37.48978468231956,9.194939372327148,36.631612747453815,77.41049412060511,13.60322677341925,5,0.0669891610645446,0.0868286733483548,0.1661863457894006,-17.015647582527667,127.17537381653224,-2.7909815828266455,-0.1974716773512648,0.7390613077407497,-1.0253333269046916,-0.04145830157952597,-1.5197935474274962,54.741709580865546,108.85230915177682,43.91293909377153,-0.3441236095622293,-653.5367793664167,897067.6249076211,5167.549570446616,-0.13443272334595657,10.98650713750763,-0.3596967975882507,0.07878065965962204,-0.9571752588606185,14549.071720933518,2494.8728190516376,1835.7648788486258,bowl
R0152,152,EASY,10.0,4.0,72.00020854233892,bowl,max_gimbal_deg,+,31.436948078319922,1.0621385975263764,1.415257093690142,0.0310690734480753,0.1103617083483125,-42.55152660952465,10.349296837361116,25.30265508368048,112.70840048121482,8.737218303561953,1,0.1105635234273233,0.0773898630128941,0.1614660010121575,14.567507198371857,351.4819827981611,125.4574323815859,-0.5488460432109438,0.5483074135205611,-0.9266053183986128,-0.04430538252298337,-4.490992582617132,26.122386775920567,159.29073583439506,-55.09188418873379,-0.29856701575398326,593.1404412791575,117759.10648033654,37033.90114086436,0.04381033852564031,3.9560521526807353,24.468491906076444,0.2634153758075575,1.2377371179884917,-6965.969806912159,11419.20737583409,8671.571067022305,bowl
R0153,153,EASY,10.0,4.0,61.99071445580168,bowl,Cm_alpha,+,19.188121626560086,1.4850103267412282,1.1932624848627025,0.0338982037416128,0.1779140520935796,-40.31605305297354,12.77808736261822,30.19805194624091,79.04430662210879,9.43522050006688,5,0.0802273894462097,0.0464131424744154,0.336634937487221,-5.025690247485148,-476.65020799413435,159.8747066912645,-0.47970304066400216,-1.2544296625615396,0.20611635890542707,0.22360450759355813,0.7526130812790167,0.0,108.10482971602268,70.67738834899173,1.06496219351398,566.7016340792314,1042206.5305900403,16850.142365851632,0.43509764690762776,-10.929977676085114,0.5673739484300273,0.12467984188395978,3.2243277756538387,0.0,35478.16351905393,2584.8871750139933,bowl
R0154,154,INFEASIBLE,10.0,4.0,157.50847836481282,bowl,servo_slew_deg_s,+,125.5686608236828,0.6433379113389187,0.9049994318707412,0.0115392013584749,0.0778717929031169,-42.82444888142666,7.279758881841479,34.77979202284179,33.73714307288221,14.347010388338871,3,0.0902966700977878,0.1368070336745491,0.2407861462246785,-50.31755528393366,447.5356395269165,150.34243655454213,-0.5630272830766749,-3.430971148874995,-0.7765932244600237,-1.255686608236828,0.6251320723631849,0.0,48.18594375995984,120.1376136596292,0.6721267110192528,48124.02481145172,2397697.919999768,19089.358006100403,-0.15664133108005984,7.911870291194953,0.8813295413978222,0.08273187371038176,-2.9636630775651702,0.0,8953.9313840387,5831.574000361398,bowl
R0155,155,EASY,10.0,4.0,47.32333024469239,cliff,control_effectiveness,+,30.67560162803915,1.2468571523364205,1.509587741403536,0.0200810089236923,0.1027948868124453,-68.53019306176381,10.23874842763015,41.31758139275598,69.5125224840499,10.72417349976943,3,0.0047141384483045,0.0336978264402641,0.43957904288928,22.8333337846153,125.78609762058116,-19.590393407937967,-0.15116802802175217,-3.408400180893239,-0.39437268732697106,0.0583671986234708,-0.07163604568524391,-2.784718068358696e-06,-4.867596237279912,46.676090220419624,-0.3759213155339185,567.1880560771359,602719.0115612288,20964.281250569726,-0.520489218348176,6.957974929990819,1.431548533055892,0.046528232161426965,33.64794041193466,-0.0015305213953848767,2517.5361980162293,-13831.433296682892,cliff
R0156,156,FRAGILE,10.0,8.0,44.016048166989144,cliff,mass,+,38.17470424070456,0.5073398632721196,1.4774175552584607,0.0157001619369213,0.0528349536521512,-52.85089244104541,8.265207295923014,39.21125061367288,98.08892221179556,12.887144146340578,4,0.0172708953681673,0.2261868329007011,0.3731867303191732,-31.81225353392046,391.3610602834686,-49.29881860593231,0.10026073442769645,-0.1866044967312736,-0.023475911361195045,-0.10962424841338692,1.411460442331439,0.0,-6.205108773538152,-5.912824685889223,0.028282101300996842,2291.2593457252106,1944839.9416451608,23483.543404827455,0.5641238319250292,14.337693485118871,1.3828348759355764,0.059763194483767636,16.629327378188417,0.0,17684.65166642034,3835.778370749103,cliff
R0157,157,FRAGILE,20.0,4.0,41.375286715428814,cliff,servo_slew_deg_s,+,35.27904810834781,0.4748663455901474,1.436014378898488,0.0342503738325819,0.0730156488648724,-37.7266149448276,10.66048152124458,43.55581562345694,37.20439309656626,11.024228798648387,3,0.0027954162150104,0.1819982660369514,0.2480836086142281,-3.211404057555649,-402.28484292490094,-3.7183763867981963,0.1424978881310337,-0.05985282758788251,-0.3148057614905092,-0.3527904810834781,1.2039418699429951,19.320405925174295,45.95383244100641,0.877719529159871,-0.2655087914988359,213.8923211948429,517934.8970709787,14187.174449501716,0.29545404766897354,2.6566550993603717,0.26210596870747055,0.03145566509634392,-0.024971787843082596,25454.653840534906,2550.20569281548,3860.683909581741,cliff
R0158,158,EASY,20.0,16.0,40.34248807595022,cliff,servo_slew_deg_s,+,4.785215310888873,0.8628262000132071,1.459666450073522,0.0313167330750763,0.1308121290063513,-40.20629040700096,8.80362109340809,48.09486911794624,90.64767768445394,13.554737176916536,5,0.045372355498572,0.2201424246963881,0.3232743328629596,-0.361841474914596,170.738544959857,107.56543120138511,0.2202289193526188,-0.09957066795647244,0.18517388195883272,-0.047852153108888726,4.031795756385401,34.56237109692797,55.43419699193047,0.7689007698124855,-0.07757119980279459,14.378604494801179,101704.17447719893,16565.393497173754,0.3207870786212348,-2.945627699968653,0.5715993139535022,0.004589496496533556,16.341442005349503,9216.632292514125,2898.383449132843,972.8849257799892,cliff
R0159,159,EASY,45.0,4.0,103.64959018323944,bowl,servo_slew_deg_s,+,63.802509431210176,2.0760181183578217,1.5293441271390171,0.0307681242239842,0.1669891755367983,-65.20183116630659,6.60813704526531,35.60371409467283,36.92926732390532,12.601593516804332,5,0.0108194139964986,0.0815744059330766,0.0629760676192133,-5.8990055147180644,53.13255274585796,194.68294749490101,-0.24862292011606524,-1.5805519472081437,-0.5078915221832954,-0.6380250943121017,1.1095691891739838,0.0,182.60254313530223,124.9247343630898,0.057884667332610995,-206.7343217669789,-356270.0726984169,-27523.112823395517,-0.1707495887664634,-5.542278583444616,-0.7373552161583138,-0.07268186782166942,-5.3224079865328955,0.0,-2908.986181162733,-2508.9572608108583,bowl
R0160,160,EASY,10.0,4.0,48.65347689512997,bowl,servo_slew_deg_s,+,28.42585739660708,1.1950422435225168,2.044197247749788,0.0311276736878811,0.0918314972221026,-60.87262013918991,6.328220718584034,28.32188554973333,59.82083003514598,12.08798372235978,2,0.0705343978972191,0.2140417860815458,0.1126822838733624,11.7962248797985,207.4900141151038,95.04718123701048,0.33598221035965525,-0.568256306532118,0.026208236709609877,-0.2842585739660708,1.4263884882296745,0.0,63.70307952583081,49.882605118258205,0.02893780149187508,597.7205528236293,1132863.4124114602,15624.761103535051,0.47440140920530127,0.011755413651882136,1.2455945968368098,0.0009730822488965202,-0.1895763697577927,0.0,60.98788322229314,3005.5937359392433,bowl
R0161,161,EASY,10.0,4.0,59.26101662568627,bowl,Iyy,+,32.73919015028214,0.3469368133044729,0.9745059363963384,0.0391674932021964,0.046753794515004,-35.31198887645555,11.37331688080494,29.311542432305416,77.0539822922029,12.995016778805027,2,0.0990701026858492,0.1686158313746979,0.2741298652969419,-8.057513919693168,-1091.3063383427382,80.2252675361079,-0.23885861637703165,-0.8575219615890138,-0.6846890449418783,-0.22926682231053785,1.1955142569286523,0.0,81.7410459063203,62.8473334948228,0.08181448706431116,-658.9134906105293,1855900.384932085,-6711.734572205625,-0.2624111279981225,-0.29645532152644166,-0.4216452906869961,0.016144500410029038,8.8316641443303,0.0,1367.449876935692,2602.269206959542,bowl
R0162,162,EASY,10.0,4.0,31.513508587038256,bowl,control_effectiveness,+,7.780498590674139,0.5149739519905588,1.1142233515641111,0.0293797370071085,0.08788138236318,-35.80342658987149,8.228937331669968,48.32076237588567,113.8962028300992,12.32808511439706,3,0.1018181381997834,0.0090804311835302,0.3796077776728909,4.630498096933381,240.30025770621774,45.48343963926833,0.0733069374268629,-0.8644998434082376,0.4480023074444544,-0.04965688223042038,-0.8547704922771373,100.95039897267773,71.09591375719035,-13.052714000112292,0.010141830507692573,-493.2496291728874,-994256.1792830371,-15487.474485386289,-0.3935314675341197,-12.095618816894385,-2.1722597428544153,-0.1343013334921405,-33.13184252411789,-26920.106392714086,-32614.902077996,-10412.807679870422,plateau
R0163,163,INFEASIBLE,10.0,4.0,170.86416847428325,bowl,servo_slew_deg_s,+,87.71816042768646,1.316360012914242,1.0251755844573165,0.0250768578332815,0.1031331086134912,-69.63098576385224,7.024866042806186,38.52239661515194,25.17067260082659,9.493263030799074,6,0.1492537248034287,0.0441862703710796,0.2316764299462679,-41.880004782357766,-192.42104014792343,541.9584395213319,-0.989319693386862,-2.3812881820220286,-1.309290751409614,-0.8771816042768645,4.420551848606376,0.0,61.43834953538531,134.67974225653066,0.8747104619902935,587.060296775586,-1013661.0938739793,30138.956545549892,-9.707356630632175,-10.392460715621812,-0.5236854196000468,0.043978026181283665,9.13223122343749,0.0,-10987.118803054347,7321.736510636104,bowl
R0164,164,FRAGILE,20.0,4.0,35.749000240847195,cliff,mass,+,28.922376853240785,0.9117798873839122,1.1384496764943024,0.0154980460965028,0.1301917018003658,-38.88712760852697,13.215389474418588,39.90797388312794,46.28567983528991,13.587437451288665,6,0.015740622836581,0.0727646290068658,0.0600503405257917,-24.101980711033985,-74.41450801247974,-68.91193453198728,0.21515282949094994,0.08099764460727059,0.05127110478191597,0.06722123746171578,0.2731134936028824,0.0,-1.5004495560541646,27.53713588242802,1.8110065397739303,-312.2736789730801,-219103.92267233046,-8525.84713187272,-0.3431589284023624,-7.577083423934641,-0.8736289211706242,-0.12008239893214256,-31.46033749151259,0.0,-6333.50230332957,70.33656736645786,cliff
R0165,165,FRAGILE,80.0,16.0,101.99928760624432,bowl,servo_slew_deg_s,+,79.78163134311201,1.425724309932085,1.0595275313224355,0.0312622542408485,0.1614479642878463,-48.76564861945752,13.289501566440803,39.471479405139576,31.652099384480582,8.325385785712154,4,0.0426321789499607,0.1577637195112998,0.3095949187506069,-28.93850019313007,27.45389526665614,-49.33392975978559,-0.559488794476442,-2.390867662548928,-1.2716053434681456,-0.7978163134311201,2.5189843937968366,0.0,5.301245156955967,52.894757527459554,-0.3022305406205108,1253.2866376043135,1095374.0896262242,-1660.8490181163274,0.8804894949560156,6.308952230212973,3.0894731219027243,0.17105540890125492,7.302803848033902,0.0,13828.102432796491,5026.5711016377645,bowl
R0166,166,FRAGILE,10.0,4.0,36.37121813221952,bowl,Iyy,+,26.88949037729123,1.0257150706619114,1.3721404388665812,0.0317155449869247,0.0770247129695412,-59.54138998659937,12.12786004541048,25.87652769816497,91.06184216590437,10.784291261554916,5,0.0257311752140946,0.1533149161894373,0.4234419349358517,2.2319630024365376,-896.3163459097077,58.52030716540225,-0.019966249695922533,0.04965826634900227,-0.34306588659489157,-0.0817448920432228,1.2718165781480957,0.0,0.7335410039749484,38.336622192383636,-0.3850820530610477,48.13486035001477,534044.0250839071,1315.3318624777924,0.13008145579358987,3.3572018438482756,-0.02316154619726034,-0.021533114301776558,-0.6810063543565286,0.0,5159.671753309956,4804.879351765261,bowl
R0167,167,FRAGILE,20.0,4.0,76.53058364568095,cliff,servo_slew_deg_s,+,58.37092434718074,1.2826030459569884,1.4636602640522511,0.0274232188880658,0.130087449063686,-59.59179235598813,6.580361581996886,47.2846865233853,48.679525049946086,10.45863291384514,5,0.056319201313482,0.1014681301746749,0.3604497351367607,-0.686028965281352,-29.259966822525715,136.8613371391581,0.0989396078998439,-0.9926871864197331,-0.16668758657672314,-0.5837092434718074,3.635294556578783,47.53633082016909,117.95859172735592,10.663298040982774,0.2782744547725118,949.1526455684634,-233736.67599041545,-13563.784012413005,0.17443467669024582,4.20263524949556,0.2742142464256574,0.002540137751811713,10.848044153144182,15783.711751755998,1933.7138436641008,4134.918259934551,cliff
R0168,168,EASY,10.0,4.0,16.660771394985957,bowl,servo_slew_deg_s,+,6.581641199824725,0.4597529876703631,1.672884101134681,0.0312778726752943,0.0644184558015282,-32.83805463226577,5.68885482399619,27.402343043018544,73.5793856244392,10.63499486970467,2,0.0235698653212978,0.2263720096308344,0.1194927078551037,-0.02328707328404694,34.35029906050628,-18.063472640685376,-0.05753484715629997,-0.4491231693269539,-0.05612735493704193,-0.06581641199824725,0.794691875319519,24.265306943213837,26.298523307591488,26.115838308659086,0.18564151220180602,-391.19980342250335,-585273.472642593,-14144.81963141563,-0.26590756062226717,-5.5892981498519605,-0.687117526829486,-0.05139048399821071,-9.721364183127346,-6470.748518190356,-7228.447485119416,-3208.2818957385193,plateau
R0169,169,FRAGILE,10.0,4.0,75.56491898472088,bowl,thrust,+,22.435534167048193,1.3875092843801415,1.4577203636708975,0.0272241989102655,0.1357309356489107,-59.97912393342941,9.71261498750945,44.56023610477492,110.6655185537255,11.411051616887336,6,0.0440757410032289,0.151497853634318,0.1068740541186024,-6.113921008191142,-578.4368976161817,82.40221753092689,0.09861788737257005,3.8352117216696633,-0.8974213666819277,0.046301806591525274,4.324657994129289,227.41430328647786,58.446408182694526,81.32331430761471,0.7804385360559039,-1603.0058554892216,-2763369.84132201,-22862.68301528126,-1.4811803798883048,-23.43050846870616,-1.937216459764951,-0.3325031011890898,-44.37283568770042,-60643.81420972743,-42502.51514190416,-12330.046669387055,bowl
R0170,170,FRAGILE,20.0,4.0,36.72911038553805,bowl,mass,+,14.762936493591859,1.1893255552608542,2.030469558820397,0.0146851621101889,0.0941630281013923,-59.51717111256154,6.527413765554509,28.741223330673265,74.90830938345873,8.30460021336705,2,0.1257472163974212,0.1496663806744143,0.2597453853109039,-12.302447077993214,294.1261317049259,33.688017512184416,-0.13920878427999206,2.1007386249432005,0.18691865357791215,-0.10979733629938408,0.06674700701161528,0.0,79.53714112019952,22.55086766071515,0.9197689344493178,466.58765097685284,1138848.4332766833,50171.09185743841,1.0592606677996166,2.6822455324932046,1.3834187803603937,-0.004395636033369215,22.59006880916586,0.0,5761.304792046077,5600.661901108465,bowl
R0171,171,FRAGILE,10.0,8.0,30.94273996221978,bowl,servo_slew_deg_s,+,10.231706483745242,1.1991116122741128,1.6597151924113502,0.0128553111103784,0.0942279408248722,-59.1643054210757,7.370142463914847,27.97828445595836,85.12958851991442,8.91847590457246,4,0.1389579642711965,0.1860442401150507,0.3913279231812192,2.104304307573555,-176.87939998660937,-42.095084518361254,-0.1871660027374782,0.21509272776812685,0.02142841131286204,-0.10231706483745243,0.5231845602588417,0.0,74.05994106980884,45.48695290296315,0.43923350023027385,228.6595465054935,380157.1555631842,14296.831446645048,0.16564527210558389,4.78632027165327,0.32914220113054055,0.01827095880308789,16.366940251484316,0.0,3616.3220461951646,2331.247047869798,plateau
R0172,172,EASY,10.0,4.0,56.08679242842559,bowl,static_margin,+,32.384297746571335,0.959260677529338,0.9685474920684756,0.023903933634457,0.0976126831228801,-56.24932661675851,11.27016465690659,42.40677339924009,104.65575655732113,13.728031624631946,1,0.0452167738233406,0.084686653352799,0.26296976607797,10.407569933641343,-671.6833958581979,-161.9214887328567,-0.47527951922764,2.542834421386631,-0.26104422228982394,-0.08046765001628638,-2.9560286785621495,0.0,-42.29062357485742,3.9570691495500707,5.788174669464416,1170.45442741617,1190089.5227698376,31703.604006129022,1.5561848100467017,30.823378200825296,1.7249057368074767,0.1537420951336148,44.67458108920702,0.0,31429.421749954792,9842.142688065265,bowl
R0173,173,EASY,10.0,4.0,84.70421121593257,bowl,mass,+,42.60399810887169,1.0564201761703071,1.0005763448794494,0.0181017473620187,0.1802495978343948,-36.23237117172674,8.59055873272072,49.46865530750617,93.84503910068256,9.152385194598436,1,0.0986430655795727,0.1136687730273182,0.2554897589029799,-35.50333175739307,-942.6586327716186,123.80857457211397,-0.6191729451207932,0.4556311856273567,1.428748256839083,0.1130877761337489,2.068933400867719,0.0,145.84033628079476,48.33500894433305,-1.411475364571551,-967.2778716654398,-358421.115414903,-49898.64039641618,-1.2476150857327635,-22.511045716024107,-6.119655094519696,-0.21246215464751042,-7.106726546931211,0.0,-15469.512315543565,-2939.2978448539398,bowl
R0174,174,FRAGILE,10.0,4.0,68.58179557061855,cliff,backlash,+,37.121433381888096,0.3998232657683599,1.632023472933585,0.0213703379176311,0.0554497665605466,-41.567702320002326,13.997061217175672,43.01666284519615,104.359997088716,14.298942291490532,1,0.0083420655714763,0.1918009962845581,0.3725503797826512,-2.7226180136734293,609.5851914628412,3.745340289056286,-0.2500774322085175,-1.0213502804603412,1.0128563045076817,0.4603213781513677,0.5928450546440831,-16.986841571640337,-148.48573352755238,8.436750298010491,1.4779977373592317,-12.663718056731748,1127318.885666092,67467.38809290751,0.9338668078333385,754600.6590072693,1.8387517869055001,0.25448037083336655,51.19633173911107,-4529.824419104089,46147.796330058496,1342.0115632165762,cliff
R0175,175,EASY,20.0,4.0,62.57650832736085,bowl,servo_slew_deg_s,+,25.035319929181316,0.2818440903478773,1.2202832482498365,0.0231633372684215,0.0464397835168578,-37.02842075730131,7.545710370307691,48.18304519122337,104.25832572682135,13.236334539939804,3,0.0806881749720031,0.1318491795719915,0.2625871778520947,-0.10368230858692012,-390.5241386207611,-97.51498239361105,0.14252018382599752,0.6158993084205789,0.87250588287216,-0.25035319929181316,-1.6899722905048105,0.0,173.67249319665737,-35.99628446730955,1.1668523108729012,-117.93898114122376,254023.33929391767,-30391.833027507073,-0.055285888446152454,11.481584940737894,1.6335164378745628,0.008281371798391888,-16.126990687501223,0.0,148.75542000258415,-5011.014160284181,bowl
R0176,176,EASY,45.0,4.0,66.59978637115647,bowl,servo_slew_deg_s,+,25.30349421004076,0.4965359126263471,1.8062528891273129,0.0125217312046655,0.0796988426292743,-31.2312302429377,12.54045100924694,32.52686751683286,28.023867782507715,10.660041953582589,6,0.0649796429310946,0.0513501734927261,0.1318222500633894,-18.36416584051943,-703.4083585524246,24.22564708011433,0.15910705014075943,-1.1970599938944972,0.5384320243377712,-0.2530349421004076,3.6531358958732363,0.0,137.35198667067783,64.71408394394538,-0.11122565084669755,-342.2701366550783,17118.81289683999,3721.6848469559454,-0.5367370305931047,-0.7233518415203259,-0.5351471090553019,0.17012260321945863,-3.676319717391022,0.0,-1072.3224205447245,-1680.2786966826773,bowl
R0177,177,FRAGILE,45.0,4.0,60.062643519681785,cliff,servo_slew_deg_s,+,46.82554792558448,0.7810043509773176,1.661822087511704,0.0379846722645251,0.0594976458777538,-62.86425561341514,9.88051569291634,29.68667582899187,24.99097921321043,10.536098547801702,5,0.1323708987500628,0.1599418010807929,0.3536023527545022,-8.96293617379494,-142.3215369759524,117.8350828614903,0.019787044104077722,-0.581223823545196,-0.3395238808269852,-0.4682554792558448,1.2731145194465718,4.360756190536578,40.81604267582332,52.53368702125373,0.049105142779359845,-31.647481005285748,-85337.97998542985,2030.4455593504422,-0.11117132703056853,0.3289835240487016,0.19931423659517805,0.009356943603668665,0.5623107416424471,1162.8683174764196,252.5788496659966,1207.170256128307,cliff
R0178,178,FRAGILE,80.0,8.0,48.182496503138964,bowl,servo_slew_deg_s,+,26.098677088240247,1.693887059354172,2.0686213790725656,0.0345903708065661,0.1471101653765661,-55.644264129451024,9.94932701541694,30.22864156360154,43.48315714165363,8.112252878340069,1,0.0472589342281178,0.2417699543009296,0.2738227253814073,-21.412370664469563,-207.94748613607982,81.8284469612579,-0.2192564315028176,-0.5626654206108906,-0.6156913256436976,-0.26098677088240246,1.787301234095853,0.0,44.66573369489617,18.154268417573466,0.021222084488659476,-1426.9941067059108,-838958.1783226562,-16597.204067446077,-0.06383067481621518,-0.29916763615903785,-0.5603787681469725,0.04333609339020747,23.89214954020698,0.0,-3678.59960959974,-8432.00842174201,bowl
R0179,179,EASY,10.0,4.0,48.961962086568,bowl,Cm_alpha,+,26.769235879723702,1.0738213319637473,1.371685418430964,0.010830651514034,0.2088725405520112,-31.59480907858608,7.093283715671023,48.88678439066197,86.85276036932439,10.165296007415357,5,0.0676338447194992,0.0195636788536167,0.2276685769402789,-7.770066283194551,873.7887041085298,-63.29678545385761,-0.6692308969930926,-0.2068495131595346,0.1532952355128467,0.022102107743994327,0.976333817499465,-87.39009543483607,-29.381679202832515,53.07974741472226,0.1434631437220455,22.096405946613167,2950529.5665932805,-13460.461238543166,0.9149970251538545,10.92348621527714,0.9775288982761928,0.040819281766145486,22.256883570248178,23304.025449289653,1238.0640027246043,-4058.2180078687547,bowl
R0180,180,FRAGILE,20.0,4.0,45.74278328926671,cliff,servo_slew_deg_s,+,38.66837556668186,0.8878623583011246,1.9502299092818416,0.0220976682273668,0.1475572950586491,-36.96780598036428,6.614223597879168,48.85834952246543,46.78313247890905,13.186668314380489,5,0.0557155095197448,0.2038720463496681,0.2803191806823906,-10.121597446546762,-147.69060004826534,32.642125820511815,-0.08958011732181426,-1.0776771055901448,-0.184660139596721,-0.38668375566681856,0.19728537860324044,0.8050462761226855,58.255714043102266,16.794795421924242,-0.46919723988873674,-26.73692357734349,-314004.0313949704,-705.6888262462545,0.07256487962459612,-2.4720402770173378,-0.45451791225576504,-0.032703677001955145,3.3522976270846914,-214.67900696604957,-3389.2942313707917,871.5943901064833,cliff
R0181,181,EASY,10.0,4.0,34.658863071644674,bowl,control_effectiveness,+,20.732614609102725,0.5918402445681628,0.9495517839124288,0.0296433696635971,0.0729345441646497,-39.48083675439975,7.985904411998842,30.64020122978068,107.50885473927364,11.497515169371924,4,0.0708121859938331,0.0786629701486744,0.331247542562315,-5.180110732026079,-96.75216104072655,40.04215369859427,-0.3309129708204488,-2.303623845455858,-0.45464239867881345,0.03238540886430981,2.262727179648569,0.0,15.590444578674866,22.25509457627928,0.5731467687959775,-1074.8982036185796,-875095.0291888731,-7177.602986404307,-0.3364966565488914,-3.7915795148466245,-0.02089811625668176,-0.06646946732475119,-4.555545110206222,0.0,-15671.523224135783,-5753.303342886647,bowl
R0182,182,EASY,10.0,4.0,53.218442908650175,cliff,mass,+,41.66215814390848,1.0359399047259508,0.972497320675204,0.017971204956673,0.1554413450094962,-32.452193007312474,12.886899438167076,30.69116849247811,86.47860651987207,11.984342999123486,3,0.0506290508717503,0.125033721551077,0.0646192986913827,-34.71846511992373,-502.88042097520054,-27.10222425320341,0.11225733996945175,-1.6366270744696914,-0.14153015161296628,-0.06193856733615073,-3.268408622535539,-6.646116548698444,-10.587930781933071,-11.190208474303523,0.04363402783921533,2143.5382173140815,3058461.142071852,28997.796731823186,0.6987573598753176,18.245267235638433,4.432105412091254,0.26853214167871625,43.50334170048313,82359.55133890151,46661.16535444741,42716.508914483304,cliff
R0183,183,EASY,10.0,4.0,56.80120607872167,bowl,servo_slew_deg_s,+,22.003933594040543,0.973501566031836,1.776473539909365,0.0308207505369701,0.0993636287745621,-43.752805404972776,5.185524130142324,25.813966688083184,95.40706782889048,9.256710802646417,4,0.1124926439328334,0.184458779993082,0.3797280329281789,-8.076302070874693,-65.32542135675439,130.6207080048982,-0.3145242838182969,0.16358892611519588,-0.5196501816094327,-0.22003933594040542,4.884752285113659,0.19997811420680006,60.35822376095941,38.39513724654834,0.6985001556231616,-634.8218926986566,-1260650.8846228595,9550.84374976056,0.22940035875444487,-5.993275195387246,-2.8118743007476166,-0.00024918272490197067,-3.701555810763462,53.3274971218133,1375.4924447227186,-231.14035883753562,bowl
R0184,184,INFEASIBLE,10.0,4.0,159.88143007093964,bowl,mass,+,60.26891526117061,1.798966348704947,1.705932472685582,0.0392121939257223,0.1462902404703085,-57.788764148384566,8.11910991974691,28.584644761861032,93.09210595152376,13.15558181588406,4,0.0918015456281683,0.2442254036798679,0.3381857813282799,-50.224096050975504,595.3944607591411,571.4642257231548,-1.1984438463035643,-2.7950426122522485,-2.1408058409554003,-0.41367677340156134,2.733872949169451,60.24638444823136,88.67815761067459,-25.240538835780747,-0.6325917381218957,-654.3226838586421,-8473075.230463766,6717.502447801055,-0.33934279609869034,-16.093376908077516,-0.6013384431051191,-0.13449174664095126,-16.164607359614077,-16065.702519528379,-97451.00558009428,-2601.6874729130764,bowl
R0185,185,EASY,45.0,4.0,41.82003649710576,bowl,servo_slew_deg_s,+,25.264118383797996,1.2047365434189845,1.2058437086780391,0.0237723962126549,0.1766667057771809,-40.48184507071478,10.190956011881386,45.61495049990356,76.00647019678783,13.2553214036005,3,0.0600087959765344,0.1820942722822823,0.0848950941841782,-8.216718691153702,-113.66045835748463,23.20318379619251,-0.13482225754003263,-1.1146890929618416,-0.6693000517897648,-0.25264118383797995,0.6293306226596617,0.0,77.3953633908354,33.23845933442255,-0.027598681909231093,354.47153839075764,892366.4094796778,10044.288816931468,0.5216879700807016,1.3769416516434345,1.2238375408749773,0.040047971801046425,3.197576454766696,0.0,9371.274095639536,6676.360555926132,bowl
R0186,186,INFEASIBLE,10.0,4.0,187.2255831139376,bowl,servo_slew_deg_s,+,87.71105557734737,1.736143725370377,1.0586448351130062,0.0295136887441291,0.1827639730533221,-46.40633484053198,6.170762184620455,30.89055609165197,22.77456063254353,11.99544159187988,2,0.0814182836909278,0.0328460383630055,0.1091148468690933,-35.55862685114439,-768.408343286523,403.17282560199317,-1.5396978379691255,-0.5280539738313548,-1.4879619914545195,-0.8771105557734736,1.0997511337015717,0.0,226.73150031380297,250.43029702929078,-0.3728499101570222,111.42630185342048,-572178.6070111209,-5371.215671923925,-0.2323483913107509,-7.627877009622224,-2.0504056081384237,-0.4831231130980216,-19.378705808230222,0.0,-16277.38239745947,1814.3145741786163,bowl
R0187,187,INFEASIBLE,10.0,4.0,288.1479296120573,bowl,servo_slew_deg_s,+,200.1502468026104,1.425116013928291,1.7229059787978314,0.0110012537155021,0.1830419142555178,-44.76254224110086,9.888976470844666,42.7849966464814,23.969304652982807,13.567699826218092,5,0.1148674211572263,0.2132564836706797,0.2442484835617909,-44.64881743743769,-2811.654309664773,616.3365262233656,-1.873449866604938,-2.115726699401459,-1.4824382254970572,-2.001502468026104,3.144845843985882,0.0,104.96090477414516,240.62152969883246,0.3218496936381925,-555.192845533721,957347.6957450551,155.516143205858,-0.42209684227698574,3.037010321383227,0.6353291416820093,-0.008477039722700025,4.713583587374334,0.0,2721.584469117119,-4645.259831831732,bowl
R0188,188,FRAGILE,45.0,4.0,68.35586561951327,bowl,servo_slew_deg_s,+,30.289722641198015,0.9331718498889588,1.2456140787085368,0.0160700760114345,0.1562896839375725,-31.32089841134774,7.217088846240665,35.6178045126423,67.12217453060647,8.339664146845077,2,0.1053015600634305,0.1391737077863816,0.341492673295294,-2.543957324078059,225.45776771922488,82.41969337508054,-0.16702862446641906,-2.7977604938090384,-0.15141624607449203,-0.30289722641198014,4.385693994172626,0.0,58.812232548579736,99.2665827293354,0.3660133916033059,1478.4406821040386,1414359.9369079212,27168.990275466604,2.184316063348317,9.995316583537564,0.5209751816670667,0.15505681862125825,30.122302084039113,0.0,5772.38073195847,5119.651392275748,bowl
R0189,189,INFEASIBLE,10.0,4.0,992.958709393905,bowl,servo_slew_deg_s,+,526.1191718260036,2.088887660263784,1.3370902024234823,0.0162301581843935,0.1973235468863916,-64.81430329571565,6.734762611940986,48.521110168490665,33.96180197573654,14.672792084850927,4,0.1399841795259845,0.0602601000916084,0.4358307743341794,-184.2629404204147,-510.5789144821243,3000.6855846229087,-10.503651298797806,-20.971440285936175,-6.437576166328347,-5.2611917182600365,22.723267504911988,-30.936771428266233,760.660379766223,46.16275251411293,1.7093168096003666,-1969.412092615848,-1147938.381362578,-70820.92286036685,-1.2571029638585287,47.70663655190019,-0.43484546407145896,-0.0349695132029126,-10.777054957936153,8249.805714204322,22005.136383205547,-54188.21169927271,bowl
R0190,190,FRAGILE,20.0,4.0,54.123283524101424,bowl,mass,+,28.166414981335805,1.3792262628989778,0.9892765686316228,0.033228265954328,0.1673951753304728,-48.15374797764177,8.069340722784203,44.211615520803065,115.4275788511436,11.447287490525182,1,0.0179729663362753,0.1704457612727538,0.2294505341049322,-23.472012484446502,308.3634388944517,-123.15313610726449,-0.19541482414934763,1.5071857343241872,-0.23812904173649868,0.22549755959288353,-2.631738685583913,0.0,12.134745058542425,-43.74102871598647,0.3567384003275702,240.84174850042857,1443642.7378209033,14035.573267313888,-0.5598637427242861,2.619397198233241,1.931676520556672,0.05406990244037577,20.289872989661397,0.0,3458.043327990259,13885.268856942232,bowl
R0191,191,INFEASIBLE,10.0,4.0,110.70907634992244,cliff,servo_slew_deg_s,+,99.01071273300019,0.4310539576973922,1.2865797775209675,0.0102952973942969,0.0599434960623466,-33.45679258981801,11.350967303410911,28.018883688638784,28.592664270147704,12.213042106294116,6,0.0367134610570712,0.1937558187130977,0.1724306051710802,-13.379861760591734,342.4630133743664,-26.96192369259283,0.012374556887120747,-0.08102726649210894,-0.6583370332951134,-0.990107127330002,2.7165382298859777,94.46603030892695,113.62387901481786,51.235765505207034,0.38338584129859044,-31.76497169027663,-6760628.1387955025,14739.721262519277,0.010409712876773725,5.932341715129254,0.566650422502396,-0.03147797629326931,2.259932339259158,25190.94141571385,3926.350898302933,-2187.000912890007,cliff
R0192,192,EASY,10.0,4.0,32.82675219073328,bowl,mass,+,17.62153543284963,1.095811450363847,1.808389477995786,0.0273923092878643,0.0757834791426389,-67.10131745395634,13.709536385998234,27.874100516144647,63.24959522185189,8.223244611987477,3,0.121030437119034,0.0221934082936199,0.3585046515834797,-14.684612860708022,1.5206341474810838,16.238771210085154,0.0403580302116886,1.5582586803830756,-0.3998379937102857,-0.07565667551302183,1.5696486087301236,0.0,63.28017136085867,-13.481749742469317,2.4759277407251377,316.95207540115166,1185634.6286529435,16069.711093047506,0.5216707187026213,-31.86160701750997,-0.33485111567107284,0.07729576810489401,8.55291538457795,0.0,6879.985593636959,3405.469755149139,plateau
R0193,193,FRAGILE,20.0,4.0,112.33251328518672,bowl,servo_slew_deg_s,+,80.95593968386045,1.8724353316575704,1.023563863577351,0.0263418839083222,0.2055797142976357,-51.01437169857137,10.380513740899694,40.60628916498956,51.91708254855635,11.336207330809016,6,0.1468524117255291,0.1403433082345988,0.1855708423271505,-27.93786579572688,398.462297314988,174.6313722403157,-0.5228314022667786,-0.6319442865745797,-0.5571652838558621,-0.8095593968386045,1.9032910140532693,0.0,172.93307265665888,73.64115908189473,-1.956513954751136,-609.6183022504442,-1266294.055909089,44915.223612775415,0.2236179855122411,12.025444633563463,1.6624765738393898,0.22021870388567463,18.526853234248737,0.0,36446.49348427652,-1493.760311245615,bowl
R0194,194,FRAGILE,10.0,4.0,103.05781563623349,bowl,thrust,+,38.49293456969439,1.6949883693118637,0.9508254628683732,0.0233808980986644,0.2315839518761951,-39.16397485274057,13.159755556675648,37.06110462472642,116.04972720142248,8.577031715630977,6,0.1155017462821154,0.2280814667484407,0.4169339607528626,-25.970919512279586,2088.894700372901,44.53673332201825,-0.3623217240536698,-1.3922474765980606,-1.5397173827877757,-0.1532090445228845,4.273532167791374,-5.459544257495466,206.1843778040989,6.674882858555436,2.267258735285533,2079.6967039324163,680205.7350107032,-28098.4877314492,-0.24084715321804184,-1.2658139814748213,0.7960823428461333,-0.09028886243470044,-27.61712923822703,-1455.8784686654562,-1371.2502829524258,6596.619301002781,bowl
R0195,195,FRAGILE,80.0,4.0,86.43385931056231,bowl,servo_slew_deg_s,+,41.22107442588887,2.2394356892324256,1.4214263593312042,0.0372125500427301,0.2032365936171328,-51.51255784260695,10.221299282300787,28.288779571844948,74.63096727951321,10.241809722550745,6,0.0639538035492054,0.0852983863335221,0.2053102866849975,5.302569066911285,-1095.0122807249124,103.31056965242591,-0.24621680705719284,-4.086104597637957,-0.840628412279667,-0.4122107442588887,1.2849498683407263,0.3729329957093813,135.89997572424622,82.87101364669675,1.307873298017963,-1555.9574248397992,-2513207.491330453,-44147.4706969094,-0.9715956249066171,-32.32235158200138,-2.786558798578577,-0.10802897664987504,-59.01571676488557,99.44879885583507,-53714.02543683617,-16048.19042118249,bowl
R0196,196,EASY,10.0,4.0,67.50585786417508,cliff,servo_slew_deg_s,+,52.65061508755543,0.6194386745748529,1.6578296809118882,0.0276982715459383,0.0563786865180002,-61.7096019989574,7.957071910323561,40.83195003585327,30.511454349965973,10.812626073844353,3,0.1192470304366928,0.089363273163962,0.1960487899422844,11.945119854566052,342.5456503402297,47.22518802862758,0.07473759234643329,-0.9024109013343489,-0.3916673660761226,-0.5265061508755543,1.6076501263766845,0.0,130.25088602284526,12.97207614609915,0.04901332584917517,-61.962362441426734,194428.14788751016,-9999.484068190739,0.12187961641889111,4.476630425756645,0.2930757597622346,0.04436678332947416,11.569169787841389,0.0,3874.7885545007384,2814.095248602458,cliff
R0197,197,EASY,45.0,4.0,23.440153734355146,bowl,servo_slew_deg_s,+,15.442810837134251,1.1517257040225175,1.6857652965109482,0.0272862931670535,0.1235956259661366,-49.65985085087429,6.65383326273897,36.76040289915289,41.16757567170834,13.849957577585627,3,0.1241185312817995,0.1824004898396723,0.097704555058689,-2.674161604380503,231.65018560554597,31.81047485534711,-0.10157481469500129,-0.8846857256821135,0.011292234178931793,-0.15442810837134252,0.41711478726668405,0.0,26.193712067827565,22.430439080197413,-0.24680593015312313,105.67149600888935,173701.00707456347,-1551.6703316627484,-0.15118177765853358,-1.2638029553818175,0.001344349739196673,-0.03215428230518874,-2.829216842996713,0.0,-196.56158639340867,1207.4816566710629,plateau
R0198,198,FRAGILE,45.0,8.0,212.9747082503679,bowl,control_effectiveness,+,157.91903552821756,3.086633113180904,1.172334786034396,0.0167578696345158,0.2239561137862905,-68.18061915971205,10.157250642023756,31.67663659978837,116.12814767248804,14.088093092947386,6,0.0780936433885431,0.090965615156899,0.0836166861740219,31.798032663554967,1447.6321625647677,37.08100613681747,-1.6722265288948372,-17.546559503135285,-2.156000312509071,-0.8717391172999724,-4.714906591031756,-65.10517340977054,5.213073862802845,73.21714824909338,-1.4461233080561477,-711.533052223446,-1707163.1586442722,38842.220416898104,-1.6476914226263524,73.52098459715367,5.7946128247732895,0.42127033362901484,58.434375929306896,17361.379575938798,-40408.23975080709,-6317.4673871389705,bowl
R0199,199,FRAGILE,20.0,4.0,37.996394081019744,bowl,thrust,+,19.120080046950427,0.9894036534707872,1.2491278956979963,0.0254349470152041,0.0843110355957343,-67.25646197780696,5.053642501490015,42.51588467349892,76.65411661713856,12.124116399333388,1,0.057904718581462,0.1443776695141579,0.2966517065591746,-1.862116684839301,763.0730437266521,25.240116009386085,0.005457334123797342,-0.738884114400038,-0.7648032018780171,-0.007454042113226755,1.2888777677222065,0.0,-33.4108998407373,45.25124725165202,0.26226911812911347,-544.8638510154731,-954554.6212985697,-26172.049193402734,-0.6806363668219455,-655.6463186107686,-0.5452057488537299,-0.08620293367179847,-22.67845994659075,0.0,-17095.921825034035,1861.4488414240127,bowl
R0200,200,EASY,10.0,4.0,84.72840928779341,bowl,servo_slew_deg_s,+,64.66537477978498,0.7982328933853698,1.8822519290409203,0.0341482034458539,0.0627346445291827,-67.02520250941427,12.437305967020492,35.916438859976864,23.03373422065621,10.28088440633585,5,0.0417263135903515,0.0933075154390096,0.1901482481267,2.4376978945699546,-536.3228679628779,98.5671311522067,0.1128470361858609,-0.45471155744736524,-0.20211945809557505,-0.6466537477978499,1.6706323717275118,0.0,110.19798211569852,92.96667999485285,0.05574958777468586,962.9014026186693,1020972.2050906075,30760.674807912485,0.1718842946435566,4.45339389754974,0.008037394993432373,0.035011796926751375,7.434625749927114,0.0,8927.076493591725,9296.181136130423,bowl
R0201,201,EASY,10.0,4.0,17.801782443514455,bowl,backlash,+,12.205977188732165,0.5563868332011387,1.0324035549006398,0.0267051932290707,0.1002078211210632,-32.629751383159835,8.188956704762433,44.70318193576918,96.453676882927,13.913265096905288,4,0.0233835069538462,0.224232938353111,0.1430084698622496,-3.4534027419480497,165.07949861350778,-1.89900311699689,-0.0070177327892899655,0.8309601961916588,0.1474504705405625,-0.02905600060081408,-0.6081407016363276,15.552627333527566,-48.82390875492866,12.366677538121664,-0.05369085989297906,-23.799905481991964,996904.6925683424,1106.574051285324,0.007964543816948666,0.519128451647329,-0.0699516987877388,-0.028492175436100452,-1.7632555741699514,-4147.367288940684,3382.672174796357,14809.65671259727,plateau
R0202,202,EASY,10.0,4.0,18.98704742142738,bowl,servo_slew_deg_s,+,8.46555014119664,0.5753668894697753,1.6465830874632814,0.0260115640606661,0.0719188140966806,-42.270242901917456,5.560724735041051,36.13484090915407,87.32771880790558,10.205399805412364,2,0.0468502524066978,0.1227572247450127,0.3829676884860702,-2.1064890288002163,-12.587157011636178,-26.628695231914094,0.10870973868940204,-0.48607967147700293,0.03424148109194043,-0.0846555014119664,0.7178622199583852,0.0,40.30243113500927,23.505097905029505,0.1612517507735789,182.5271350474805,-136218.4692296093,2356.1206835660923,-0.022955829605282085,2.7288993719988257,0.08478174765592769,0.013333615324313968,0.6143552309165023,0.0,5113.868301922932,-923.784396765564,plateau
R0203,203,EASY,10.0,4.0,37.988135588682525,bowl,servo_slew_deg_s,+,21.717087452673383,0.710163991779697,1.786099721900385,0.0289068574757319,0.0538218965238151,-64.55639490204285,9.787762785933715,30.98422188681792,76.84765017895921,11.163309621714824,3,0.0022096920851772,0.2133964013204521,0.3656810094717898,-4.986942508826219,278.1707016447059,3.754631545511921,0.30280792267004086,-0.9924559960456725,0.20250823488125141,-0.21717087452673384,0.21322747655037838,0.0,79.28888486042933,36.92724486851144,0.07538134283673381,-299.16986550459546,-161926.87216292464,-5203.902973319578,0.366126090081222,-2.2485586847829766,-0.03135970826901882,0.028834557266955656,-4.938631543883906,0.0,1392.8081599590573,3989.2859004935085,bowl
R0204,204,EASY,10.0,4.0,59.499318641888024,bowl,control_effectiveness,+,25.894513812776456,0.7774888803372335,1.2484124782194712,0.0164583913782891,0.1082604786596333,-40.02520402699143,7.94751749455746,40.20499188908192,91.64979956004134,11.782686613074455,4,0.0655535537769366,0.0779064429067241,0.3215319078478899,-14.727630657636835,799.7161271614374,137.90538762897316,0.5873854884452658,-2.877168201419606,0.5816356884281454,-0.14764068508500036,0.7718893833758115,0.6841063780479221,-45.745040903501206,22.297987435981106,-1.8246500482037598,572.6200739825603,3088010.408963448,27593.42372503433,0.5750782555105713,24.338235965995644,2.010912419275395,0.15748272984882047,49.33811643929667,-182.42836747944617,455.8175889820236,10896.371258810868,bowl
R0205,205,FRAGILE,10.0,4.0,41.65250252348211,cliff,servo_slew_deg_s,+,25.863512782351556,1.2352278875491831,1.9264170217379344,0.0206103702162173,0.1560571110063719,-40.15734053430009,9.922688395974944,33.31686993426272,94.61460328044296,13.4743645386352,1,0.0998623508291558,0.2151514257206822,0.3104908667397806,-1.5761072983560651,-761.7256757721595,-19.534029931597036,0.02765649557502381,0.5704001703888728,-0.23097731547865016,-0.25863512782351555,0.20442436923733348,0.0,14.52417096559826,52.962965365656075,-0.06185524871854575,-39.892249168494544,83248.15527172059,-8418.039328545028,0.11779502517103757,-4.564934759505061,0.009479167159507257,0.041412840050607296,4.067433348473046,0.0,-3293.6739876003285,-1640.9729415505062,cliff
R0206,206,EASY,10.0,4.0,51.47579630413266,cliff,max_gimbal_deg,+,36.505059718986104,0.8360180643752995,1.2571270127845984,0.0267330237110928,0.0584849319869213,-65.91974249834814,10.135836965092722,27.526374655004403,62.84771326229094,9.933204838409893,3,0.1453326760695986,0.046573697912258,0.1020452972153949,15.20826922931092,-60.86948778277677,85.74981310286925,-0.15455039497043233,-0.6248634956287802,-0.2529306285275947,0.03525612044935293,-5.215008531283729,54.826965314838674,84.60817684997474,17.55724268086158,1.0654080047815218,172.48368154901203,-491872.20066772134,26226.130083771393,0.4547155014548796,4.933183622106768,0.7469888547834154,0.15670736524258744,17.50239745257297,-30623.398889469998,15951.734595939464,10273.316821015003,cliff
R0207,207,EASY,10.0,4.0,60.35363690934742,bowl,mass,+,25.219868186870837,0.2683014095389677,1.303276679669033,0.0224120061585076,0.0487719612689586,-30.801679324609616,9.858927444490051,40.579311975217934,85.46888470472845,9.359492495392056,3,0.0319706449795925,0.0664363020546955,0.410887231491799,-21.01655682239236,1174.275479341481,-25.639075465454027,0.5447714258713144,-0.5633251890304741,-0.6544210943594514,0.013067662629206556,1.2566932537516098,0.0,90.97325280842254,-48.38850736311659,0.5911236272735745,254.1953908761562,1180636.3464048696,-4464.725713960362,-0.1076090714669934,1.532231219239775,-0.45974710179108114,-0.05597338532479679,-2.4862319393596346,0.0,-9555.557150796687,-2817.2512441881186,bowl
R0208,208,INFEASIBLE,10.0,4.0,609.5603533390673,bowl,servo_slew_deg_s,+,209.5654923869838,2.0097710220865506,1.6261842693644493,0.0196154164301647,0.1605379156989962,-57.49342349920423,5.81666884422726,27.29981958848694,24.75340866138574,14.303487527896396,3,0.1197595871637177,0.035649236191339,0.2864926195175969,-111.26717558339273,-3281.0001240236365,2211.8562976595044,-5.071386057389713,-6.29816937412283,-6.730042311327503,-2.095654923869838,6.235511803239439,12.349654260824146,353.9777898449069,371.0282164144424,0.08271224040496605,-1480.0384967519178,-2515963.561629047,-27861.601631214035,-1.6292231740713738,-16.513739356681292,-5.847275294019555,-0.4404602932074243,-56.78614736728306,-3293.2411362197695,-53895.0165441541,-17485.94000716942,bowl
R0209,209,EASY,10.0,4.0,46.6705476967822,bowl,max_gimbal_deg,+,10.862311237000991,1.0109378296826173,1.341447746879656,0.0224697064724305,0.1071967582074092,-41.9832866679464,10.122245916536432,25.652437188407312,58.50412531084977,12.305996622139649,1,0.0742433343643833,0.0875124267890545,0.2606876457583734,20.648980377959035,-72.3542656111885,2.7520700254140897,-0.15954962892216984,-1.0543049620709457,-0.2788471101187484,-0.0976109046224745,-1.5517587481429986,164.34047367339605,39.33735700538759,53.742215978889796,0.07523405011287121,686.7106084998128,1440207.9196592758,16354.870964889371,0.5324206439868393,1.3068468678438123,2.1194646655478113,0.037064698638526856,17.73951634373662,43824.12631290557,14129.599510980928,8334.186454900364,bowl
R0210,210,INFEASIBLE,10.0,4.0,1940.3655841252976,bowl,servo_slew_deg_s,+,1341.1079183395407,2.2227893933799794,0.9584675846802873,0.0139839420647082,0.2200895666565481,-61.513992178903294,7.106604136730535,48.01881764795081,33.31393898777698,11.751786262312628,6,0.1075966626685106,0.1940523720709745,0.3562616229273073,-243.1843849369971,2089.360137327826,5191.288886522667,-15.963798856531852,-41.25196452254533,-12.802133399538922,-13.411079183395406,33.54921186032929,0.0,742.5836737319951,621.1966409468696,12.38821176511371,1332.0728331778523,-562781.8658737045,113989.09796780466,3.7835969677779815,-6.309403887270807,4.256187379768326,0.2066148097016753,-49.73494269462886,0.0,-10209.090649427326,25950.5800296301,bowl
R0211,211,EASY,45.0,4.0,50.71380495352345,bowl,Iyy,+,31.304204723264053,2.183414257652012,1.9178367933152825,0.0182109170939575,0.1884386511215005,-58.35420530952801,7.048158459946935,32.8301876430951,64.59054719501557,14.137235475190032,3,0.1270460892603367,0.170704136113028,0.0874535957800211,-6.107608368625833,-1043.4734907754685,76.69189726460212,-0.34513721991219715,-0.11152718465516855,0.17284523667596757,-0.21889973239064,1.253862077099204,0.0,41.43371369552952,51.791604550151675,-0.18687464047597757,-649.4740845158367,-863560.5061193386,-861.5083814291308,-0.6136119188688021,2.609762832832619,-0.23911057399436572,-0.012465611904774895,1.1485827113558995,0.0,550.4355798725376,-3999.822827883517,bowl
R0212,212,EASY,45.0,4.0,43.764910756736164,bowl,servo_slew_deg_s,+,26.079131577964247,1.3724336152220165,1.9093095044487824,0.0339995879449851,0.1323403179034732,-56.55285345871552,8.796639006204483,38.49213996168622,77.49896689884034,12.354526547817386,4,0.134320376338961,0.0922208922803829,0.2699167246373967,-9.04600691961849,-400.2373725852536,79.33290339614197,-0.02025873534643874,-0.8946002447989072,-0.3539014125856436,-0.2607913157796425,1.4732157686541445,0.0,77.83676236935625,24.073173260859583,-0.16134636283019832,514.9059178540954,577168.8428894395,-7632.998460667223,0.0954829178067167,1.4801636337449635,-0.16256397906780137,0.11449976466661908,11.060054158630386,0.0,10912.350463801158,2239.514517099537,bowl
R0213,213,FRAGILE,10.0,4.0,64.76301694449047,bowl,control_effectiveness,+,38.70391531257604,1.8758906127838584,1.922472455125503,0.0132656180465076,0.1638383446861583,-60.639097576925565,10.742602508242795,36.3063758235224,108.288057568647,8.516254198500985,2,0.0793812497786782,0.2491072456071887,0.154102409476915,-0.8891383019932115,-341.08470417694537,63.743493717370235,0.044505090256531155,-4.300435034730671,0.9947070493245012,-0.0912921024339429,1.5607887010202672,-62.85260893507706,107.67672560142826,70.27069419630605,-0.21256750324601814,1234.981986783921,1303980.7972629005,17548.788915410616,0.4717922593995123,-0.9737236012952214,0.7761736178590598,0.10617048534490678,1.3220965495722745,74818.99043888164,3555876.274060545,7851.3290475619315,bowl
R0214,214,EASY,10.0,4.0,76.81072723225984,bowl,static_margin,+,24.04890030525696,1.2114067510948472,1.3219749597969948,0.0346684402881816,0.1940893800453339,-37.10103315961604,10.125367479045847,45.73586852899163,98.43777235709685,12.506153315388415,1,0.0598254918435901,0.0668664056182277,0.4383000160480751,-12.122797304856714,436.5271126728615,-120.24450152628481,0.1161165878831647,5.669633016363774,0.2001249523349607,0.24686698903273027,4.84987692775124,0.0,85.8018337479014,-20.30779590510258,-1.2393035114060753,-605.0313062673384,-2479915.233392099,9810.535237071826,0.9836576571430058,1.0014831915417433,3.071440326665861,-0.048450466103521314,23.160370933408085,0.0,28551.55456397861,-6793.641672531008,bowl
R0215,215,EASY,20.0,4.0,56.9749280212432,bowl,Cm_alpha,+,22.682976564259405,1.7267752768938505,1.9203450040757983,0.0377501111175103,0.2048306994601394,-45.25191944989422,7.581867434353381,37.29527552441638,110.12123292489812,13.281383823448929,5,0.1275176292187883,0.159557856346416,0.4343579392679084,7.515472814760075,-200.9816707441376,118.7685492749384,-0.5670744141064852,0.2302895779817693,-0.29801804902955026,0.0768113029090979,1.20786891985296,207.38257745958185,25.54739294862818,72.92731847604328,-0.21791777279985824,449.2192071278868,936173.6630825091,19796.81454944784,0.6452577322502797,-0.9001370279468206,1.576563433154422,0.0523875988706413,15.011218757808525,55519.00244360865,6857.107901151197,16557.352230262688,bowl
R0216,216,FRAGILE,10.0,4.0,71.6287554261707,bowl,servo_slew_deg_s,+,36.89420361279988,1.1253062666312703,1.0149739825964486,0.023729095006226,0.1729872099289067,-31.87315427372016,13.377470793902145,31.074057151968,76.97213673110687,8.33736504134966,2,0.0044497036396034,0.1162984039515211,0.2027022898979766,20.705880553261085,6.599132980439268,1.207193112198367,0.0369193754456525,0.6804183271809687,0.885085681958488,-0.36894203612799875,2.9383284606508835,-233.20524082909313,-52.63657492252678,70.83684868735106,-0.3629211804395447,-443.79299813220587,-1181462.7070626006,-9456.705784919404,-0.2834787306524319,-13.67739007705794,-1.6519528118843738,0.06950639428740424,-24.663263865732887,-140745.09446127302,-25678.153497121242,-6071.660549974571,bowl
R0217,217,FRAGILE,10.0,8.0,132.34461039191595,bowl,thrust,+,63.75220004948687,1.861374095149455,1.426347432748233,0.0127468897402818,0.1609507682008816,-55.39711060989441,6.596834491302441,29.69985717001269,104.1714579483972,11.587787788424762,5,0.0960415753889876,0.0755298446670095,0.4467488464868545,-15.624482030390693,-548.6697719717788,261.78376887783736,-1.2449438738429706,-2.0466886006224896,-2.550088001979475,-0.554633521201304,5.450811681524852,0.0,63.02475990132707,124.69042392420472,3.062194838115338,-2202.485364223236,928579.0405620312,-31460.17655564173,-0.7217501751439412,-8.864383010157757,5.730109571794554,0.055266952551764635,26.73660599557547,0.0,18871.083156985023,494193.6299865049,bowl
R0218,218,EASY,10.0,4.0,71.47596841842218,bowl,Iyy,+,33.08794867224278,0.8038209820704019,1.573968418669307,0.0365963960712769,0.096230966866076,-50.274418408748105,10.312504607755482,46.88851618901123,106.84277953682268,13.630220986917566,2,0.0789033881141131,0.102026846273701,0.298168580074396,-7.55508405659547,-1102.9316224080928,-58.32477264416916,-0.30717542498094774,0.19426079102662394,0.6936311578194339,-0.05974857407506473,3.35819727790054,0.0,207.33061885819023,-20.32336576718006,0.6161385781720605,-798.9756770357029,-886153.8401928179,-17186.797537011433,-0.13838241896438297,-14.397507966669414,-2.9264606483392313,-0.1742838046711433,-38.40971114670175,0.0,-8214.871347550677,-11841.23655724567,bowl
R0219,219,EASY,10.0,4.0,118.18969423009112,bowl,servo_slew_deg_s,+,74.2838533250855,1.5030197349853631,2.032802517948137,0.0188284778457869,0.1320294887305719,-64.86340498894697,11.390918922640818,42.02167507787376,67.647638647364,12.165397691637027,3,0.0500721881145102,0.0677999221050067,0.2418857992144499,-2.621801327554042,789.8082373289162,138.10859844521232,0.3921479585819385,1.5608559368248527,0.5519479611133257,-0.742838533250855,5.426617393818299,37.2813800461491,152.87031628064872,148.90917972090793,-0.39226112271503233,2117.1264014919557,3360936.040136492,24823.95835108626,0.08016935331448205,19.62378637437108,3.530264168829925,0.3604851023292608,65.32577266884421,-9941.70134563976,35104.74010958634,31032.457283434327,bowl
R0220,220,FRAGILE,45.0,4.0,63.82353517048379,bowl,control_effectiveness,+,33.3059675624831,2.26755598464534,2.09771144699304,0.0169439671415505,0.2036529286684238,-68.4832188299049,10.318341787432146,48.96603850064012,80.03991869727037,8.12583320797687,4,0.0820988403315535,0.0687868883589181,0.3472672056789061,5.262547853084331,-155.12442043755092,89.34965413180508,0.3004223013692038,-3.7006630624981223,-0.2882110201459179,0.10827202021896606,2.8686699542210023,0.0,99.24105409956798,88.42197455961958,-0.32060968793734634,-150045.74950964816,1771151.047927329,-2651.1518154407686,-0.571028953394775,-1.598198758686837,1.5617260631360075,-0.07529910898052002,-6.167137843163728,0.0,5390.91799751848,2.826080219935351,bowl
R0221,221,EASY,10.0,4.0,28.86506795368911,bowl,wind_strength,+,15.905150045354176,0.4447166110827453,1.3882833772432728,0.0171310003747125,0.062570855159662,-42.42876421249849,10.56281712235662,46.12746630789077,78.10588246170005,14.697840626004725,4,0.0297692071228762,0.0445847710702671,0.1448599457151584,7.787945900834937,34.75443172026923,20.54231749127742,0.05465059822927154,1.1414253039829563,0.1845862921463862,-0.15704802580736263,0.14693724844993844,0.0,39.111993993417244,-39.76287511338544,0.6569667244590904,-151.43923573368625,-1467134.704272587,3864.8233752037117,0.06527281547561525,-2.1471658165584735,-0.25457549393651446,-0.06151309620970068,-14.462197580305276,0.0,2929.112679896193,1111.0520921292066,plateau
R0222,222,EASY,10.0,4.0,38.41559586447137,bowl,mass,+,16.228306557600565,0.7320067937481458,1.4011860843162904,0.022931385506012,0.1070911883057146,-38.930898299991085,11.379541805528206,41.98821946007757,53.99117147025076,9.13034964470128,1,0.0582004309096463,0.0142928991480384,0.3135846729939365,-13.523588798000468,-430.48186758483564,-1.8501887476462207,0.008397537079021133,0.5592544462344603,0.24364773289887715,0.11512415068644252,-1.764653574893875,147.8459318132159,-37.84723024111068,26.980136498685646,0.9315427275047501,12.10261701791909,-464281.97069187585,-14255.90405042977,-0.3893641573954082,2.4387327148951794,-0.4256143738701074,0.004891632561918886,-1.5073336495344767,24635.73740577229,13688.47618916422,7703.01209645275,bowl
R0223,223,EASY,45.0,4.0,20.509788715642312,bowl,mass,+,6.871827393181457,1.0735505862628825,1.3675083896657028,0.0329798545759662,0.1636841393137043,-30.66900381440148,12.3456888445157,28.30276513816891,93.78214317912736,12.734057558493037,5,0.0273160149109463,0.1644620835148424,0.126166338929656,-5.7265228276512135,498.16193118234196,1.4735793936716743,-0.06993876736126069,0.4100750027418201,0.18061125164477546,0.03629825942949463,0.2085859786506146,0.0,24.412215128817834,18.641997085837392,0.2253249782248945,-364.98999985777147,-1009546.925060915,-12090.393835866853,-1.0682536160010538,-3.614492211573412,-0.9435512238906927,-0.001608643715001179,-4.3014867918729935,0.0,2028.9515278137649,1512.0799209445129,plateau
R0224,224,FRAGILE,10.0,4.0,85.1683783390178,bowl,thrust,+,60.64184776387328,1.840459574734697,1.96152785554898,0.018179554117251,0.1748757253347936,-58.97804594980604,13.806495671618634,40.64888227772907,77.32054231621882,8.276601018973237,5,0.0642826034597591,0.1401585863897169,0.4417761988252757,-11.859621618149541,937.2396018266332,3.0165030794973875,-0.8152874348577601,2.1786460107566175,-2.425673910554931,0.07853852914242872,0.734057965437806,158.24961830478244,87.55237228210525,-5.077321752641571,1.3802890921473603,199.4597722600539,-916497.2311726984,7731.5113879385535,0.08046391618633209,-2.023252904601948,0.9589748365025218,-0.03307310230903056,23.381430860177957,-42199.898214608715,4856.96477156952,-36516.104811657824,bowl
R0225,225,FRAGILE,10.0,4.0,43.010060964599354,bowl,deadband,+,23.265130765050024,1.0074490163618914,1.1547448753439424,0.0386872214059142,0.1931752255886806,-31.779376917948547,7.820931961355276,48.06277198789158,87.0104290959329,9.183199114826614,6,0.0266209813256124,0.0799180621075626,0.349376422208894,4.428756172704177,153.64125380570306,-3.6283250906734534,0.2804527002031119,1.0498743902695824,0.5829463920634208,0.0046377074041541455,1.9423746477832087,-155.10087176700017,77.94679431477059,40.79292931078418,2.2844193844606346,-866.491161795934,-1839887.5304861637,-33787.39338304181,-1.396689226797071,-16.54842053605613,-1.3690877664624004,-0.15968796083349868,-37.343237599944764,-41360.23247120005,-30827.32162204467,-8952.520977571492,bowl
R0226,226,EASY,10.0,4.0,16.12044689826275,bowl,servo_slew_deg_s,+,10.734596690572031,0.6638298793883327,1.2643112477872402,0.0355616814893165,0.1127686893291529,-35.16040989821568,9.704678311970389,46.17774155584134,55.59229297189919,14.415325303229393,5,0.0161696495294583,0.0700058345119371,0.2719175811422311,-2.450014428743631,50.4613241639931,-6.156095670973596,0.10813118295671154,-0.42498489290375935,-0.1465471697647814,-0.10734596690572032,-0.9329164403721227,-23.43812305773536,21.998065409986122,1.0450975010028998,0.03208549284012285,-62.318974787590754,11575.542364666704,-2322.0977004371625,-0.00827220829522024,0.9706204760726516,0.10107496148672794,0.001885203021780164,3.616796606609323,334.6262575658601,-1904.7084775281585,1484.1863965129583,plateau
R0227,227,FRAGILE,10.0,4.0,32.49064450551067,bowl,servo_slew_deg_s,+,17.7153916463397,0.9811018579666796,1.4867503296210662,0.0223715125288009,0.0900232394074543,-60.14087991801371,6.346226161049563,39.41685682337496,72.66565492492316,10.83758716447202,3,0.0036490690779487,0.1613843163459265,0.3408632195470337,7.188429931000633,43.5429979616041,32.72136130806002,-0.055230905791390894,-1.5982988884659293,-0.05331588994063559,-0.177153916463397,2.5680653607879997,-54.50955403636972,10.499841684126983,8.799489952990772,-0.0826333013243401,520.1906305728161,200360.01747329265,39231.09425938602,-0.23862130649119573,-2.1930024895812252,-0.6959097267733386,-0.00876468439142073,4.430296156512982,45640.150271350314,-1949.1019072260167,-4074.5069594059983,plateau
R0228,228,FRAGILE,20.0,4.0,120.81638897739903,bowl,servo_slew_deg_s,+,87.99304042231589,1.1847979477829476,1.6378320620194011,0.0226314796192091,0.1440358818484686,-40.3378887773593,8.777049071945088,31.127231145929944,27.833107727193685,8.954923905421367,1,0.1459582382675424,0.0699433239189213,0.378846654171699,4.58777674772461,413.6600497558117,250.6065555289966,-0.7622818774015312,-4.806462158873646,-1.0884349908353672,-0.8799304042231588,2.9054300413722958,0.0,43.73378626342174,-22.745077054352226,2.321689155148702,1670.6868289950617,1250668.5782322565,11429.279018487663,0.42888801648381447,11.964063275517953,1.739768728404966,0.18213486474161938,9.573562069868322,0.0,41565.02177122966,11579.817505530162,bowl
R0229,229,FRAGILE,20.0,4.0,77.07218515012993,bowl,wind_strength,+,38.886250917752484,1.888778802917749,1.3918184768918904,0.020211759368976,0.1472155506797811,-62.68584316508762,5.351801680018561,30.899074820538218,119.23541851354273,11.734705263329769,5,0.0059021548314929,0.0805820264784572,0.2109377792987682,-26.818496523028966,-295.83719608991674,72.03564854264582,-0.17529971261636867,-2.6950841576751157,-0.9362664896882091,-0.051381114639636606,-0.5491838189291841,0.0,173.40791671609938,-97.2156272943812,0.5784125365667387,895.6508749866373,2598623.562700774,26827.98748815156,0.46438502854685537,31.401349696597606,3.514945345342878,10.632070975193066,-3.457750777756144,0.0,22616.645114848277,4369.954297768634,bowl
R0230,230,FRAGILE,10.0,4.0,65.68908651710522,bowl,control_effectiveness,+,44.68103836189666,1.266949227391601,1.9665029741537827,0.0113241765996325,0.2241291171102029,-32.82413374173948,6.133719623912709,43.64415030491796,79.50982685754681,10.51534781630969,2,0.0282876964306776,0.135067884777647,0.2091583022555517,12.360065579747177,-974.7549424857775,5.1563419044239955,-0.040047209679920925,-4.964559817988518,0.7407612564970343,-0.20940564976469692,-1.629581932817864,96.92945838731895,-0.40962877190573,-27.032388371757165,0.7846698788135091,1312.0385100279168,221633.13111491335,-5863.704838251003,0.4116830531121085,9.189318698605648,5.197261749933506,0.05842032220325841,7.239049435331105,25847.85556995172,-8127.55531970303,-8029.302404444872,bowl
R0231,231,INFEASIBLE,10.0,4.0,158.91324635522858,bowl,servo_slew_deg_s,+,97.96195215274977,1.146678491476588,1.0053472127755088,0.0207770222583858,0.1856499129997638,-37.27719214926154,6.904456587698031,47.146983225584506,26.87956121116672,11.980227157254388,4,0.1435011249689904,0.1730912953212932,0.1964001624647606,-63.71953466130975,-664.0962976213883,220.98224481818016,-1.2071747306547742,-1.4540717460995716,-0.5792561159080662,-0.9796195215274978,1.226088254795458,0.0,83.68944886192416,162.7106148544563,0.09649196970325846,-707.7593653550616,-903399.9979518307,-43083.01802466495,-1.0798546697309774,-2.0170009028761946,-0.7709675047481324,-0.07181436678874946,-2.4861374746111067,0.0,-4321.342027150778,-2416.038892457535,bowl
R0232,232,INFEASIBLE,10.0,4.0,194.18995567280325,bowl,servo_slew_deg_s,+,115.3153995192828,1.6528737511986642,1.6881125771018637,0.0262487781155787,0.1435409849066357,-53.74515751070655,8.640135524063972,28.19762399591586,33.061688145659446,9.020044542054976,5,0.0827370846427864,0.0763254604083052,0.4428828630495335,-4.1411817968395885,991.8495157322568,495.4477408188459,-0.5180664484487174,-7.081786286643377,-2.917120584782461,-1.153153995192828,2.230885172977874,0.0,160.6962988033067,112.22860992794762,-0.03148225786508263,690.22761017945,-3481241.3775374047,-26403.110001608376,0.040155456817920765,12.483168252244058,1.0056220523913226,0.0017251506478874034,4.382835883934694,0.0,5780.945075111006,-48129.53765060144,bowl
R0233,233,INFEASIBLE,10.0,4.0,4623.221089242346,bowl,thrust,+,2582.1268156238543,3.3653554147102613,1.479783366561794,0.0226077028726823,0.2268855250723722,-65.7179722764119,9.372987816373506,25.40863720351164,77.68034475239422,14.766228353453728,1,0.020251444073271,0.0483652920382733,0.2458067784268967,-43.07851910916958,-3807.7193147156704,11774.377295203722,-34.38980446311828,-106.04445049094369,-103.28507262495417,-11.757586435478407,112.30772594576352,0.0,6861.164330651359,2957.861709022273,15.261764097263665,-4126.307304261927,-6755690.132046173,515573.50504342275,2.846529812957641,26.16857926726843,-320.45050986056793,0.06315893155360072,-92.13646329456701,0.0,299694.5669837356,-71336.82541651731,bowl
R0234,234,FRAGILE,45.0,8.0,66.8205872612965,bowl,servo_slew_deg_s,+,54.3180972831092,0.429524389607128,1.6693732339356728,0.028341167761264,0.0525534191302903,-49.02567984610605,6.755013286391616,46.57307368922916,35.66155799451888,11.46152416195407,6,0.0087194043695554,0.1995148375184779,0.4280896567089505,-0.6749080899440886,-769.6718413424476,-10.577828344112648,-0.21566831212541926,-1.0772080013429348,-0.5552254007120162,-0.543180972831092,2.351124790094435,0.0,67.06523091324856,19.87376094271685,-0.07365388342144819,-242.0052471342003,1504763.1763375232,26544.480903138887,0.25719496965227195,0.5408195407161134,0.5343213637240035,0.01439964345573614,1.3444183307875073,0.0,2316.99091755457,6900.859501950758,bowl
R0235,235,FRAGILE,20.0,4.0,23.140695573966934,bowl,servo_slew_deg_s,+,16.83010789027687,1.0613825932012464,1.5548161918761214,0.0196708561763289,0.1069925059595835,-43.795774664545135,10.29729870931733,25.228334448632967,63.330975641196815,8.253407733270562,5,0.057800409206196,0.1405344574633998,0.1910255624792299,2.3397164595515827,-272.2503828301492,2.9763348937050806,0.06548381468164033,-0.8477001147710511,0.08992077128671602,-0.1683010789027687,0.2549953808623656,0.0,26.418171696095005,19.424017094172818,0.7224226804577185,1678.3275117524117,1698147.7245553536,47359.61395796891,0.8699814865984985,28.851225463920404,80.36935095435524,0.14641617945384972,59.63602339340955,0.0,31073.5148679525,8469.543983520613,plateau
R0236,236,FRAGILE,20.0,4.0,76.02100724337274,bowl,servo_slew_deg_s,+,48.937798167906514,1.061960157508746,1.3597121909850387,0.037508021365789,0.0808243242813969,-62.39852868447296,8.420144318990687,29.192935945228825,65.37789896070305,12.01205003827059,2,0.1420329557378566,0.1791204262417581,0.4045162615686142,1.0990628124533024,-281.02079632011163,84.43078727820361,-0.2890803636043749,-2.841476912230138,-0.6137718179763049,-0.48937798167906515,0.1944598842207465,0.0,-45.38841352823954,108.18300487468959,-0.5385555821489243,-580.5452133173173,200967.3793925993,-14710.933010665081,-0.37577193440776124,-4.355579577887412,-0.8101286342810431,-0.05222590145714008,-18.128128174595428,0.0,-3811.6913664750246,3276.697189556329,bowl
R0237,237,EASY,10.0,4.0,15.647100774487049,cliff,Iyy,+,5.783097241631373,0.2632800210478809,1.9995372010621837,0.0383793397362506,0.0498860258859443,-31.821438918118005,7.507626294330775,47.05686520667953,57.38569072834754,12.917233636668286,2,0.0183208752231037,0.0680337003422734,0.4072515479116887,-0.9216325412570715,-192.76990805437913,3.895468993164894,-0.05536608189725801,1.2424749533050647,0.07385012347341657,0.004680208328360002,0.05229621551380329,-23.86111052830525,31.648826655052964,-1.647640911759894,0.12021584153067266,-164.25594617104633,-330622.9693242055,242.41168924768428,0.11548076097454057,1.068444562417801,-0.5568896882099011,-0.022407159257513385,-7.554957208665516,-6362.962807548074,-6103.653283558706,-1538.7611929484551,plateau
R0238,238,EASY,10.0,4.0,37.80102678911904,bowl,servo_slew_deg_s,+,15.808209171262206,1.0573847848871198,0.9677905727185406,0.0301353044517607,0.0874612411641327,-67.60214029505218,9.981743694380144,40.47132355344986,104.46831370134171,11.905817310024492,5,0.0914598953880075,0.0169254091226546,0.0793534850530734,-8.799195185017616,-211.96030228746872,-58.747029442075664,0.27254897377655296,0.16032701191672796,0.3423584121799454,-0.15808209171262205,2.1954059537124033,110.30373163246513,33.9833406371309,26.54548437672803,0.8641531845060135,-634.2283414976207,93608.86755118045,8572.62488504091,0.13142186599886574,-2.9902224312254053,-0.8111167644503205,-0.08259156477644058,-16.324951550762517,-18246.21128247587,10610.55299058941,418.25114079823345,bowl
R0239,239,EASY,10.0,4.0,42.73332665699008,bowl,Iyy,+,27.563754408533075,0.7887232895975276,2.0063391318040757,0.0394392079729705,0.0735420350461422,-47.181929912325046,11.101891795466688,25.051556600758904,79.22352313876588,14.631891873738368,3,0.1083595178898588,0.1555394913596759,0.0768143554262621,1.4031830895586115,-918.7918136177692,41.65983785626721,-0.008664181785360436,-0.2632550894000557,0.2634283895893615,0.22070064570145984,-1.1769558168378336,0.0,-75.34025291202312,-14.85157645799898,-0.02682294636054383,-480.9918904837234,536949.4517139889,-7487.747334918352,0.005021223392072227,-3.221721074650883,133.18099453936068,-0.0006847478560979781,0.6590769835042426,0.0,812.5686913106321,1892.089217081301,bowl
R0240,240,INFEASIBLE,10.0,4.0,1037.1888832520938,bowl,Cm_alpha,+,478.974287262256,2.486692348538003,1.0030692888187944,0.0330240944417238,0.2272297569322496,-63.98192450622167,9.20734804153847,44.24480107966794,64.1567928956371,13.9779020341499,2,0.0009498367080772,0.1944731167930231,0.2943330033353579,-284.2729479050357,-1060.873597163871,3168.167289527419,-11.9743571815564,-15.612733645223177,-15.091083872066099,-3.8272589589843564,13.211258769577404,0.0,383.82935310451865,84.79881616174289,-2.3064893342706796,-1788.562038246752,-7442110.935968217,-185209.3644674903,-2.8367402474103827,14.856782637140528,5.88019607478147,0.5226640991971544,-36.85648593350596,0.0,-2428.0417817268203,8382.398606967228,bowl
R0241,241,FRAGILE,20.0,4.0,45.91332953024612,bowl,Cm_alpha,+,19.401544793344545,0.5156525540083837,1.0618381306393714,0.0239726608403597,0.0690750544334562,-36.44430249568004,6.84088701697974,30.849545347871363,90.91464755382604,11.564508693075922,6,0.0684841426565047,0.1935111360778103,0.0800062411586689,-7.303134438072579,-106.513866202882,52.46504003568645,-0.4850386198336136,-0.200874658728581,0.8231608715357954,0.20044287980621806,3.055087683161935,5.339844446434467,-53.701395618686675,-20.57492743760822,-0.1993094072445052,1169.6608506783546,1618595.3740029735,21954.135329769557,0.6443366561593664,10.910965376885114,1.5017727136626349,-0.007158996531812036,17.6837691262316,-1423.9585190491932,14548.659203379035,4877.028022223453,bowl
R0242,242,INFEASIBLE,10.0,4.0,238.64593253267998,bowl,thrust,+,101.34206844614486,1.7084271816377157,1.0363823397598302,0.0360847427512074,0.1703355502997469,-53.63628129230916,6.252691243305933,37.01658305944679,68.69807737470316,9.245882845869067,6,0.14775859458394,0.0845522442232416,0.4483343103296413,-65.151749014481,629.1695876016668,611.0445905641983,-1.0589253730393953,-6.467713619780881,-4.0536827378457945,-0.5957622796166525,7.618751810207837,0.0,388.54642184848126,-163.29445940869024,0.8552681304376506,-745.2159384644698,-1046398.7671742338,110778.10475503093,0.22773377869963518,11.59399665365165,4.73585032679061,0.2151385087995706,20.080084503860338,0.0,23552.80394621485,1474931.1503600257,bowl
R0243,243,FRAGILE,20.0,4.0,46.36664914866302,bowl,servo_slew_deg_s,+,30.06419163251866,0.8207592525344831,2.0216208749389084,0.0395337806274027,0.1441720155447527,-34.7685867016793,8.99807851727806,48.27983726280512,20.85796692675188,10.227463092260663,2,0.1011658107856593,0.0813632818109609,0.336281671607298,-2.4987971229704806,-587.6691151094009,18.152986717033386,-0.007056634826704933,-1.2360734937777904,0.26655290064076664,-0.3006419163251866,1.4277156073465886,0.0,82.66831637387133,36.89222399922155,-0.0892318118582267,122.68330701618531,630138.2330519238,-8315.910535564977,-0.2127045591150325,-6.155949392619257,-0.4228131645479675,-3.283653164855581,-11.864000346452853,0.0,-5762.743008590004,-891.9713544978587,bowl
R0244,244,EASY,10.0,4.0,39.82825039080905,cliff,mass,+,23.4850507875326,0.948365852785326,1.9707558809249148,0.0252286401802251,0.1189942548345278,-40.45696206928136,13.46750457472614,33.35401077091444,57.48657952643168,11.128567491578124,3,0.141426276252018,0.0438158333117581,0.2921372845506286,-19.570875656277163,563.4009454837396,-104.81975047878886,-0.1176553985924792,1.805006973679937,-0.004641101422134852,0.028156421652434104,-0.4811555170998201,0.0,-5.688614883315031,3.7230483258573446,-0.09827642067808595,193.05904359398104,789059.066604613,-7563.3498825637425,-0.19953530255540808,-6.334273550347725,-1.1869719120701303,0.040005051353411286,19.165690184253016,0.0,-599.8798559207041,3963.23209326717,cliff
R0245,245,FRAGILE,45.0,4.0,68.42129582165596,bowl,servo_slew_deg_s,+,52.8787304346233,1.3563226628400598,1.016634815296979,0.0255325679426003,0.131567617595331,-51.840254572403126,8.685776483423112,32.73162693297627,41.361097226192456,12.827247882873536,6,0.1452392642238202,0.1916157026806752,0.1769962710823043,-6.4323683190935235,-12.913842667297585,107.13292754758379,-0.4256305030841321,-1.53475546637351,-0.16612250778259607,-0.528787304346233,2.042499836876438,9.343934451558246,63.617233039447584,50.575129096595624,-0.07321648451685725,676.568614316478,803328.350159447,4996.96165814481,0.14664755398563534,1.9482961923358193,0.9134126349405096,0.09505153228453068,3.7393891703265214,-5054.732291180885,-30.03834704783225,6625.541424833116,bowl
R0246,246,FRAGILE,10.0,4.0,33.46597628694611,bowl,wind_strength,+,11.63979236227793,0.8987351385797225,0.9430133740824752,0.0141444379436967,0.0876975206762191,-60.40562149606016,12.872872991377958,44.970452555849405,111.0562995279882,8.421176286925567,4,0.1106405881895436,0.1576763379443858,0.3027411037745502,3.5138940512741947,-219.55958899514945,-37.97756282002293,0.3168262767760823,2.017440217894953,0.20191228684002277,-0.10446078324904384,1.8897561458074317,0.0,32.43670827006076,-29.099480905694826,-0.1981206154824613,1829.3830942834793,1795725.7716595563,9412.222172316877,0.908928425720581,17.062918519429363,0.5834199792926489,0.10401633892604992,25.71591642572836,0.0,-2980.6986032706027,3487.1730959953134,bowl
R0247,247,FRAGILE,20.0,4.0,65.28109970155464,cliff,servo_slew_deg_s,+,55.22626833963869,0.7919586322000804,1.6288520530866957,0.0372271654723359,0.1485803535707219,-32.71121270293522,8.763822308769994,48.7497539773296,22.31267108402826,12.76050154963086,4,0.0828787757865311,0.0364373413497663,0.3758026070854981,-13.497557137519903,-100.74290889974445,-11.362889698162515,0.0669194487670941,-0.7812811354238878,0.03240141852140681,-0.552262683396387,0.3632584943308236,0.0,116.3084561164746,12.705620686810082,-0.16638733690102114,729.6200946461496,1277487.4043418227,195.93814971067013,0.1560161867562906,-3.8190798700616453,-0.08268807432541053,-0.14481208244586197,-4.077332987200446,0.0,7193.229500475767,5345.935405404284,cliff
R0248,248,EASY,20.0,4.0,43.18862096009273,cliff,servo_slew_deg_s,+,24.913589419548902,0.9511045491706744,1.6337428495259694,0.0399614264573556,0.1001132575190727,-58.27611551834144,12.315696160234817,48.70451420496106,38.87757221358565,14.261203595120575,4,0.0958836757161403,0.145102974020947,0.1297268240093718,-9.956932637819166,-52.23241647828624,72.12675035105022,-0.043152539034639004,-0.14684454052632767,-0.11701362996393705,-0.249135894195489,0.6492857985242262,5.0232157125179855,74.35724970609293,56.52381179021745,0.014447728269104232,-1134.0982572302732,-1070250387.2746532,-14991.923236251841,-0.33406456708413246,-0.48440719673345234,-0.9491783487811551,-0.05380541617517622,-1.7695231419616397,1339.5241900047977,-11132.035380422296,-4141.790771327241,cliff
R0249,249,EASY,10.0,4.0,38.23648601618727,bowl,deadband,+,21.36501101510945,0.9824546402015948,1.8453460945693791,0.0213822499764694,0.0802139781765012,-56.895836663235386,7.912897959237148,27.931703809339137,118.32504086309454,9.478130204719877,6,0.1118448383185388,0.0024873526698746,0.1778170374703311,7.931618699809051,497.094289925024,56.183967700409305,-0.16219090126267,-0.31422472308919264,0.3599619284020548,0.14519340355105462,-1.3477168304337928,-142.43340676739632,40.49330474834908,-14.35101891485134,-1.6298554596838297,381.30696091804646,833346.0576800519,21146.458011781582,0.22346155679297308,7.708287104518561,2.072107323931816,1.1222370536430832,5.898862930476413,37982.24180463906,84642.79518761282,6313.210691912923,bowl
R0250,250,FRAGILE,10.0,4.0,72.2495015540512,bowl,backlash,+,30.69651586143792,1.0317220410766783,1.8418396618750568,0.0285347398170141,0.1108681891448561,-44.9940626906924,12.025178423688969,30.259396780568864,97.45308243665949,9.012241491437434,5,0.075098739109522,0.228754324325086,0.0596339733909696,19.72176683311764,374.64591099526064,68.92081252544901,-0.5373528943424832,0.9581556722231794,0.22830169099572686,0.089788744483553,1.8656422427436257,25.585992378408818,-122.78606344575168,126.65075565914765,-1.5671952150519397,-238.46459401511146,-1153841.9214095294,-52652.58429718543,-0.4059979168080079,-19.16575666548631,-4.2530749221226785,-0.10841083894979736,-57.1931816423188,-58934.805698879754,-33100.037942138246,-16143.878281559008,bowl
R0251,251,FRAGILE,45.0,4.0,75.941944855649,bowl,servo_slew_deg_s,+,34.73175113166513,0.6370207342531641,1.7911707788587972,0.0140351476003262,0.0459591908754677,-66.52485583335535,11.34436639328242,29.817199628448986,27.36750123147975,9.69685395647602,2,0.0485311454583204,0.0507723050194783,0.1863702327164109,-18.95215415695716,74.21668275824861,139.15599757820712,0.05515068600866524,0.2549460028775646,-0.8030706488087137,-0.3473175113166513,1.6285193211949551,0.0,176.20084683543774,69.84561457332863,0.9472482231574908,1122.3184842953074,876801.6716800628,54372.97771746617,0.6937941803188346,0.9839257067645021,1.6915915906774155,0.017651925258744185,5.80441904332079,0.0,10423.486513917838,10261.47452603357,bowl
R0252,252,EASY,10.0,4.0,30.082598306621144,bowl,backlash,+,13.519112315980207,0.4023318754675229,2.07123792697897,0.029957545243882,0.049120232324561,-37.92363148396739,9.357888892366136,27.74809250345061,94.97281977983305,10.069464411784807,2,0.0064072084181432,0.2128178661288697,0.0708097564646265,0.631869644802162,175.9247799732552,19.5059911578475,-0.0953917403708775,-0.06367203563237103,-0.41454538503991606,0.1494298639006793,2.5742381865669626,0.0,-54.07644926392083,-7.182258087794422,-1.1010362050616447,-2620.350488401858,736695.4342175134,-4155.181127671823,-0.07947169573223234,-4.115966325326961,0.05645936646799612,-0.06028305023932013,-12.008450017959197,0.0,1558.3804628722505,-6968.211121323082,plateau
R0253,253,INFEASIBLE,10.0,4.0,235.3224872006317,bowl,servo_slew_deg_s,+,132.33449979151303,1.5265253416240552,0.9356858451119217,0.0350714677683228,0.1287888443918436,-68.09532267670807,10.37298187278385,42.72129190264173,43.68417450152204,12.473790664977347,1,0.1354712371057428,0.1900030490495483,0.334764633805869,-97.32726929458607,577.9650455173779,582.9096018000707,-1.43326746519293,-3.042463534465232,-2.0807792120256776,-1.3233449979151302,4.932234170602239,0.0,177.11958941177397,52.2243859663106,1.886619384432386,-1196.5727439569332,168278.6333900402,66358.98068985667,0.06307089406523719,16.724585219493314,-1.7247630915134096,0.1130601727641465,8.227300967118675,0.0,13241.964164908244,-1475.1039953475215,bowl
R0254,254,FRAGILE,20.0,4.0,55.69351992412172,bowl,mass,+,27.201751476157355,1.5064557745498095,1.5323822140636114,0.0289998753758676,0.1444692816663183,-59.48785137643244,13.764652105051388,42.12657749200669,109.01960631507151,11.82989025957531,3,0.1145030744595217,0.2157372956615205,0.2641191580373705,-22.668126230131126,47.387806100125786,48.66935106479233,0.1957251343984434,-2.061991935735175,0.6169079260712635,0.24741104084761165,0.6101217661985896,-57.644794064439665,120.96070560738386,-3.4618997967225753,0.22294516928478814,-426.5182171620485,-880598.7971956487,-7902.834317403031,-0.6232497991994559,6.765870765588001,-0.09938518112546717,-0.07030089840191302,-24.59844721538445,-17116.425447896152,-9326.54317330144,-11852.423718702154,bowl
R0255,255,FRAGILE,10.0,4.0,40.55923957596512,bowl,mass,+,17.195746928313564,1.92428348752726,1.2780813353849387,0.037868783133449,0.1571855736810556,-60.2365848235591,8.677636638720593,31.33785753843634,117.86544948172896,12.360442713642444,3,0.1336060420364025,0.2137050894353478,0.1959100335520145,-14.329789106927969,171.87793808774228,139.00479608091624,-0.11204391153829263,-0.9747912094351212,-0.12427444434384646,0.1109273471266349,0.9240308713181082,0.0,42.468434406034916,32.167636222110545,0.19899530093774276,570.3415512391368,640847.0098997048,42762.530776907304,0.20005941044767617,6.414038802769845,1.4453644219555115,0.3698126222406553,21.20258904801741,0.0,22657.123152576332,2813.1030400761656,bowl
R0256,256,EASY,10.0,8.0,73.54598052678192,bowl,backlash,+,33.12596551134173,1.3867999362817445,2.03640222065937,0.0205639524731563,0.149625920692919,-45.22942697773815,13.974695586197802,30.824041005849377,117.79919157695424,9.947271999427551,1,0.1301939427172164,0.1160382797687723,0.20334532876588,41.59674927281415,-200.97448031766086,120.68653973280543,0.04001675328891574,-1.1720380429774635,0.5941592830149693,-0.17479318788872503,-3.3674604498810377,0.0,-132.50386204536693,5.839874265027015,2.787871849065202,1579.8306732818103,-1877507.2924023909,-2438.1932337152666,0.3732518161578362,-1025.0013314360183,-0.5599340058647283,0.9620561886251123,-4.6418022529420035,0.0,25826.646951676063,-4482.589725078164,bowl
R0257,257,FRAGILE,20.0,4.0,585.6777504463919,bowl,servo_slew_deg_s,+,421.9386177622473,3.164481334738248,0.9971842363884046,0.0183069110161477,0.2343551513549135,-69.93022690845352,8.402468827202117,34.71643836086632,72.94926601589952,13.890107418598603,3,0.0089857615931476,0.010070976209184,0.1650730270029897,-6.314132411835724,-1806.0757204563945,448.7530080328272,3.7125585461529753,2.230430382772643,4.3102655548056195,-4.219386177622473,-7.929795484868254,0.0,822.4209617653111,682.4396294052035,-12.003406248393484,5450.334652870014,17042711.253427092,293935.7390360727,1775.7344452499192,79.03897924496846,7.013622044176447,1.970578232699551,136.61040986205887,0.0,411999.1686128707,182040.85605757806,bowl
R0258,258,FRAGILE,10.0,4.0,73.01285693828085,bowl,control_effectiveness,+,17.92499540160786,0.7106632571507993,2.016239047020483,0.0265920931155703,0.1024657900249224,-42.88178713928183,11.468398899048196,49.48085235150066,52.5104314038105,9.592989659734071,5,0.1333794273494454,0.0836530208339231,0.3439841755008556,7.899873500959406,731.516566581433,12.317946852345468,-0.2797680777046452,-1.9916661557342066,2.438918894567986,0.07301504129303424,1.2444823943054484,0.0,60.42314823815319,-38.0550335262385,-0.37304030423689216,992.0126384181194,117906.57448972395,-27348.546117306738,0.37968117382225586,17.025982548461453,7.4191964025837125,0.07523260734638683,7.60024720985462,0.0,8972.348004626683,1405.3172323284775,bowl
R0259,259,INFEASIBLE,10.0,4.0,1123.0064099880876,bowl,Cm_alpha,+,535.3854327903309,2.4068624517060844,0.9169164379678516,0.0255152430964556,0.2287903854847878,-61.172331353045365,13.460350971691184,43.76676209190811,23.08671839397373,12.207228440098126,2,0.1119154976299888,0.2403476095159043,0.1811178576539805,-171.10802688977353,-4395.70604469663,3650.552650203725,-13.384635819758273,-2.505518561510362,-8.726185649890567,-3.896823508659519,6.861585441164833,53.28757547474657,129.95240393722472,1056.2775437908276,0.14780008911895948,-41712.61015568027,819924.5131183044,86111.88678294425,0.7310123929224943,5.7488770049823135,1.9335543613112167,-0.8839049074424937,7.518781153749644,14210.0201265991,13623.57416373053,-2478.330496442143,bowl
R0260,260,EASY,10.0,4.0,47.6232046204131,cliff,max_gimbal_deg,+,14.358964709395773,0.6748849496672059,1.0248133078817188,0.0316265573641866,0.1086163677766732,-35.641839550409784,10.282166279013545,42.59049065170696,74.12905842347138,12.668810730297638,2,0.0126658339615747,0.0218186227718343,0.1239090546744411,4.710607433517343,47.08163491381415,37.64817151245134,-0.013268933979787234,1.3581825127091007,0.14975588255097322,0.39163006118094024,-2.0512806727708246,0.0,61.1800164727333,15.762275962337094,0.8937292408118467,-957.0415319340111,-1018132.6418385572,-11907.496305619314,-0.5534975551636397,-14.131712366329065,-2.5413336838256226,-0.013935508492974247,-19.876042870983593,0.0,-8651.313971995798,-3963.857946539596,cliff
R0261,261,FRAGILE,20.0,4.0,30.015417219785967,bowl,servo_slew_deg_s,+,15.933820038086335,0.8958829334594626,1.4978378200650564,0.023691690571624,0.0767781248232814,-58.31513930039007,10.443571853715005,32.329312342996694,48.5381884523614,11.720914881806088,2,0.0687570066092671,0.2480360842454866,0.1426996315622831,-4.033279127238739,-302.7639584018186,7.291841887221388,-0.22961673587365006,0.2851598859439663,-0.06011310421793965,-0.15933820038086335,0.9198466811796873,0.0,23.660320711798576,48.04530571896081,0.12316596379603073,-98.65796344613605,-313161.5178663728,-21591.97821076916,-0.15477811954045873,-4.333431498351907,-0.6621861572618752,-0.007099624132027813,-0.2793244082561171,0.0,-292589.6390627931,-1787.7080187655806,plateau
R0262,262,INFEASIBLE,10.0,4.0,523.7096895003775,bowl,servo_slew_deg_s,+,283.2464798250558,1.783929549397858,1.7509016834088744,0.0122989260593156,0.206213105187081,-41.89203405243271,5.428677063192757,30.35298296503333,40.7685910787536,13.125303524058689,3,0.020603372009832,0.1237508300510202,0.3283121121368937,-46.65468398387473,-1292.036854826388,1297.882536261944,-6.9216588589252765,-10.06546253928719,-5.51328863054992,-2.832464798250558,5.347372882775185,-44.18054813878219,362.86072136488986,230.3952103644265,-1.1264516948572023,-543.0455784858119,602046.3834500703,110236.6958825902,2.183766153395581,12.11001280070863,-1.4610437311850637,0.020305189272368126,-35.645185686840264,11781.479503675251,-2463.1658707932743,5955.768356852456,bowl
R0263,263,FRAGILE,10.0,4.0,60.24589951482644,bowl,control_effectiveness,+,30.85444494565772,0.8843883000830116,1.070172991985392,0.0252590126391127,0.137877486592623,-37.590390570664056,9.89856174136195,44.454504331878,61.49993128193045,11.379841917147248,1,0.0207345265836103,0.2218362210928949,0.2198894168958469,-21.56923443904997,-123.20233746517306,7.3021632221935855,-0.34416218006678,-3.4282716606286354,0.11708966483508405,-0.20078594778622486,2.7757637687819963,39.7656468594627,37.33057569538346,74.59863662120283,-0.19567874422455134,-18.47862637214404,1489535.1966221354,33114.34881068277,-0.22914858595859666,2.4035091840740415,-0.08490050573584654,-0.026543471994702587,8.598301205513026,-10604.17249585672,-14185.644636525265,7084.609134174085,bowl
R0264,264,EASY,10.0,4.0,48.97880395341114,bowl,servo_slew_deg_s,+,24.65405361930566,0.4336238509192321,1.3459297666291137,0.0146735771699467,0.0765139956241945,-33.37707009164512,8.660133269768949,44.89657568732645,112.98811905980608,14.674996274899772,5,0.0279136691158618,0.1010216268749969,0.3639371466404552,-11.722460080087302,729.5397154508306,60.53351312325324,-0.19471361041877233,-0.573089092841348,-0.4923603443551876,-0.2465405361930566,2.292249620562297,1.3594668886217558,40.02801099453745,48.16770042598508,-1.246453887253745,-52.23903929790592,-2169518.741100748,-29987.07381102712,-0.49756386572469724,-10.39655832500156,1.2235434994957881,-0.029533692925951413,-50.950538302886685,-362.5245036324682,-6374.421322648797,2380.284990478796,bowl
R0265,265,FRAGILE,20.0,4.0,46.7923263308559,cliff,servo_slew_deg_s,+,41.69122127059964,1.1452744128993213,1.6039233613385493,0.0224348966448695,0.1948355681540251,-32.889066151255264,13.604669288487337,40.52115447830119,34.94349903715235,14.503932274159668,5,0.0304544152137026,0.1339574242455177,0.180830921940813,3.257314635218919,-232.16668859624176,23.87224257179239,-0.13291174964517216,-1.2431576912652635,-0.10799311437994703,-0.41691221270599643,0.2955644832083672,0.0,45.23723517609716,-21.193021276374644,-0.09343083182834722,-438.71307133687804,-1055966.825489507,-13763.156507600957,-0.2418293483485221,-1.33037569190335,-0.20483055414715637,0.008687088373312833,1.84757983296347,0.0,5350.493365141838,-3577.1451716257457,cliff
R0266,266,INFEASIBLE,10.0,4.0,257.0180201166186,bowl,Cm_alpha,+,119.39608562826493,1.976532998389605,1.547062984999124,0.0283935667328201,0.1999180811378245,-43.53912589625942,6.754567304962501,25.10248864694348,28.522749091169885,12.154126232254004,5,0.0659639601790236,0.068501035527574,0.1836577147410245,-56.59923781186507,-768.3264198071141,778.3441071664107,-2.984902140706623,-3.035330155550254,-1.8158581446067996,-0.9182534450439832,1.540550974598543,-3.260687331795018,139.64626891697125,248.13565551904085,0.6332873102770442,578.2233522315482,230104.14384136978,21492.43954784889,0.3174085649904086,-1.361868804153442,-289.34870144090246,-0.059930064152144386,7.863179377643558,-869.5166218120061,-12481.969575901127,2545.6303289650027,bowl
R0267,267,EASY,10.0,4.0,90.10249435494974,bowl,Iyy,+,13.021233548891576,1.2854576677579388,1.053446568630113,0.0377325019457465,0.1757253537531858,-44.31293511824341,11.97083742315545,47.498039597778416,58.15380802343977,9.820397864719274,3,0.1012596576130218,0.0271006916073959,0.0857835357942974,16.949527147924695,-434.0411182963859,157.37264654019438,0.9961504546568221,5.558678926921041,1.159202203535693,0.3597623931552868,-0.18669967749577301,-27.975275621326205,34.468847098702426,37.61190749449458,-0.5710650278601186,200.45185202105435,863043.542937184,40371.5727561174,1.5460320177204694,9.008296025043075,3.969949151541162,0.09923595540262209,-0.3900290384880966,-7460.073499020315,10692.692466421924,9548.807672606863,bowl
R0268,268,INFEASIBLE,10.0,4.0,1059.4798920734534,bowl,thrust,+,463.9827648699152,2.559666728047945,1.686071761351888,0.0304645823974229,0.1826660639592025,-63.20208570386154,9.484178845057244,26.33134680305869,53.47069146742914,11.157575920291862,2,0.0385512233407069,0.1412194924636339,0.301084032799284,7.792141942299099,3142.107407247182,3447.1276153695035,-8.779243328718586,-10.923204319803215,-18.559310594796607,-3.8853558358843285,6.4627001529331976,0.0,994.0707541537838,685.4961106531385,1.0334018246512855,-2314.9923369045982,-4127024.855651572,-81438.88296974494,0.8924520424388831,4.455788179684813,1.922584208692897,0.1254706751513561,34.07120961095469,0.0,-22893.60223755189,-71006.89108698064,bowl
R0269,269,FRAGILE,20.0,4.0,83.99334191158277,bowl,servo_slew_deg_s,+,44.12470631450191,2.064623030189267,1.8526451980808627,0.0284996751662832,0.1882865685632445,-55.5443533518047,12.707943158485865,33.21225270514192,77.60333946686717,11.69427594648926,4,0.0667740207612867,0.2300672550079868,0.3419350541045062,-23.57759490914307,636.1483375321585,92.3854333301983,-0.9105372568020642,0.1440362083825719,-1.5707590320487328,-0.44124706314501905,2.3918902593564084,-16.18708937479206,81.41065360754894,13.931176870327176,0.27561864390388546,-519.4327549633323,-626297.9236660952,22481.855898583763,0.015740638238138427,-1.2822971375391532,-1.3346363913862296,0.09982949790755527,9.587496008992469,-4316.557166611222,12370.041105241206,-2017.945025210338,bowl
R0270,270,EASY,10.0,4.0,43.02913919395677,bowl,servo_slew_deg_s,+,25.2683957119682,1.0861360490541334,1.3143519060697186,0.0131379122089749,0.1264267749896906,-53.10373743878242,12.64611271793116,49.45625142064641,118.15297888439548,11.417560146500064,5,0.1069643919136945,0.1090926657659175,0.328559306464568,-0.766704106380074,292.4840368197029,-25.51916003332639,-0.4558594577133437,-0.9232152309268131,0.44476125843250885,-0.252683957119682,-1.6864622333805208,0.0,44.266344661158755,44.8699807403991,-0.23455849968917208,-293.48733197270946,-1174223.1837517382,-14288.804267681435,-0.03064142609369802,-13.77326299672984,-4.4227659821747665,-0.1181587594595275,9.345993909822408,0.0,1926.6682087271713,-507.918142618299,bowl
R0271,271,EASY,10.0,4.0,26.73441223040766,bowl,control_effectiveness,+,10.60030995084612,1.6055832303259354,1.989101749554822,0.0298859258522166,0.1258468066835111,-63.60999749686093,5.779138739941761,32.175912115568245,115.55453858401752,13.29782221013797,3,0.1476909283111366,0.2179226335366488,0.2068156623312185,-8.493813897210515,457.9562907959647,14.29949146196143,-0.12491275411964597,-1.17781221676068,-0.32203600540072175,-0.03526623004707388,2.0091752041705964,0.0,-4.932369045298883,-0.07342694915077878,1.0776062372001107,376.3951107195779,1023282.7336561526,1811.461358737458,0.19774308120231443,9.526232039059765,0.40025910888668503,0.008196030105976068,10.165770826735589,0.0,8297.610000160426,734.4692618925661,plateau
R0272,272,EASY,10.0,4.0,35.20168929013644,cliff,mass,+,28.27979332102794,0.4982804032483214,0.9097290796066138,0.0303877756121163,0.0418271149512661,-64.2934667053421,12.701739237118591,37.701901073156186,46.619556954416254,8.180582645100394,5,0.1415379854552983,0.247068379772279,0.0575076390445842,-23.56649443418995,-221.86199904738322,27.508637221062294,-0.07791649452577953,0.2572098776591186,0.09002187601720806,0.043050343124941604,-0.9468621832157832,9.918639170242049,28.97242171936438,37.71316221166474,0.2694296705384751,14709.551411715851,883092.4165055815,81899.61556402255,0.06540473802932745,3.0466503704430363,0.39382578052768225,0.08829826641970948,31.508931586441328,2644.970445397877,45977.590830187444,12853.960069125656,cliff
R0273,273,FRAGILE,10.0,4.0,85.81827676920994,bowl,servo_slew_deg_s,+,41.43131818244738,1.019771536174256,1.4726613043665795,0.011444298014801,0.159968536850356,-35.95878037645775,8.330363433551373,41.184579588704096,98.25335989840217,13.789030552063062,3,0.0511612592027321,0.1004783085645094,0.3640600629639381,-23.5407044428136,-750.0975664378418,-85.67372722158588,-0.5112210473883589,0.7677360364620941,0.9589924842432968,-0.4143131818244738,3.5310004662229906,44.613892172068624,75.99518343360585,111.60437589334843,1.3582585020196682,1269.114207925414,389082.1140016705,14949.73496966229,0.571207980321395,-17.09943030353467,-0.19782114386483102,-0.08270405151713554,-11.642264060253764,-34301.25387862075,-24827.595253932654,2152.3266750650955,bowl
R0274,274,FRAGILE,10.0,4.0,57.83473449973911,cliff,Cm_alpha,+,30.48257848304332,0.862085022299461,1.5825165313486522,0.0175866660353121,0.1149460288329227,-41.6701752531261,6.690015198568053,39.95763312564196,97.81036374574306,11.942783659124064,4,0.0302951586358878,0.0736190673687073,0.4258596483623347,6.493419183218931,-82.43704601316915,-24.292173172046784,-0.762064462076083,-2.8460951089965567,-0.1358086621064288,-0.038270548945839165,5.59897031795833,-24.985659299913433,-34.57177735829437,10.640393271640693,1.834251550645436,60.81875600120673,2398716.8236122215,-886.9776759152712,0.6812788796686167,12.061077092788116,0.10123357783864663,0.11563438589733792,30.891219862813156,-6662.84247997692,23837.79920499232,3971.4043926586414,cliff
R0275,275,EASY,10.0,4.0,36.09642657465485,bowl,servo_slew_deg_s,+,13.399949869811367,0.5399022076280847,1.8699098280235107,0.0104891656520885,0.0756078758546902,-43.35734863842853,12.113157300438507,47.71892571318048,110.04275149314124,10.321863268157648,2,0.0410628775549424,0.1384418286223148,0.352657840299565,-4.988910393170942,-228.0578015957804,-16.747061870609823,-0.281076108628151,0.36194007574927467,0.21600011363016947,-0.13399949869811367,0.9672500349296872,-80.16334702800337,102.42891564799243,10.36399179976514,-0.8876025937653722,564.9616727822397,9462005.843490114,-1245.0067242292841,-0.3085164428297902,3.9580867662952275,0.3062435625425019,0.05244960550038524,27.071489913458183,21376.892540800898,2219.6197507107017,2361.7141058260095,bowl
R0276,276,FRAGILE,20.0,4.0,44.53495886674691,bowl,Iyy,+,29.805867370992036,1.0367975857834086,1.2170574907366802,0.0112920206507058,0.1079573434863531,-55.899980297512926,5.497109827463716,43.8531799213896,85.32817621024788,12.701517907543565,2,0.0867410544374922,0.1966805440923239,0.0676876978199924,6.3745391903244855,-993.5289123664013,23.155675674115816,0.07842832431140234,-1.6542448781051053,-0.5720700960852895,-0.09344118632797382,-1.3870584356439928,-65.53888760224591,-58.450056336770636,23.347244661542554,0.12274285632156268,1095.2440597987793,463322.0736743513,23684.841692399317,0.40369929300958907,1.0150379229106608,1.87651817518729,0.09316057167539618,32.491733082046274,17477.036693932227,17125.64278360175,5499.997147613589,bowl
R0277,277,FRAGILE,45.0,4.0,32.403642296270185,cliff,servo_slew_deg_s,+,26.19017617617058,0.5729250743799454,2.087453945933252,0.0323595840267151,0.0792846842664124,-43.36879908474694,9.44946904666106,46.62287945856772,22.576203529915134,14.08235119852964,3,0.0766957455480304,0.1161025664770666,0.3570662170228594,-0.23437810686451147,-209.5660645065818,43.43102147408644,-0.07458378173104219,-0.4080146599212129,-0.1317849117205256,-0.2619017617617058,0.5670998887270536,16.500038261040608,41.362555436193475,23.313469940922296,0.09542176909665301,-3062.825170181443,-41372.75787800508,-1975.098908318229,-0.06643469654135536,-1.5077993842479203,-0.16714159286807218,-0.07030964515234617,-3.035767715631988,-4386.178086609355,-3520.6855359555807,-1045.8094283241628,plateau
R0278,278,INFEASIBLE,10.0,4.0,196.15183585277558,bowl,servo_slew_deg_s,+,105.44840121682107,1.834565840199072,1.4623956926962012,0.0204288281449221,0.1797655829660388,-52.79495906950201,8.243701450171262,34.64118674733337,45.08798786277829,11.090062669902617,4,0.0383446657446306,0.2238819400914047,0.1345495501055702,-60.44879875443004,-1235.4734274250243,305.75344649854685,-1.8270810832449067,-4.960155931481745,-2.345731466148257,-1.0544840121682106,1.2229774217350262,-0.8930323544475982,36.11213621226195,194.50757066894425,-0.3041855560258462,1587.8045677796376,2441509.3238444403,42700.992291004055,0.5355384817908364,2.3450722127363037,0.05176557372867137,0.05457052508435851,20.944464317997305,-238.1419611860262,22791.34737721443,14647.26117176063,bowl
R0279,279,INFEASIBLE,10.0,4.0,1778.3689539292616,bowl,servo_slew_deg_s,+,753.0594632812722,2.494591012337862,0.9764753324905564,0.0183779218279491,0.206117943628815,-56.08402568693197,7.719948957847336,27.795379727929724,26.23686654055929,10.501896190101524,2,0.0260410140517793,0.0033759322497727,0.2371367917156982,-173.35486254112084,137.91436751630675,5606.364959511078,-18.349487063215946,-10.465826803394854,-26.106899588470935,-7.530594632812722,22.076736109193437,261.71456452495937,1286.693862706332,1096.8034237923616,4.911264970204385,3194.3527422733277,-5447218.773588604,87417.29612140018,2.295240126217763,7.521089841935925,-5.901366882309776,-0.3147292550054431,-101.21936199067433,-69790.55053998921,1214166.3408645755,-24286.33947405525,bowl
R0280,280,FRAGILE,45.0,8.0,138.15767582927603,cliff,servo_slew_deg_s,+,114.69612827172497,1.7609821137867068,1.7882261502386814,0.0311901822485359,0.2076611887216222,-52.47053664359672,12.552209580490782,49.555647007281735,27.542042388227607,9.211254814678668,3,0.0363149238564384,0.1044420952496116,0.3691110126121455,-42.447229928389646,-317.300229174963,54.85128962984844,-0.5229314121180169,-1.0774904385269477,-1.1572858632248268,-1.1469612827172497,5.753761950370066,0.0,43.08970621383843,-11.171883733893829,-0.6774842281020002,387.5912555441047,-651600.660635286,-7906.505271239567,-0.001770886677577188,0.8475654532655326,21.47644637120295,0.1629211832046913,29.047138082304244,0.0,-7296.488091364124,-7729.861486171567,cliff
R0281,281,EASY,10.0,4.0,16.053373140126233,bowl,servo_slew_deg_s,+,6.82205498712353,0.6212453749602321,1.7706819358528914,0.0328913446386159,0.0580691420297264,-57.386547748929694,9.47513975064772,37.24311837737967,43.608829582234485,10.80205677019989,5,0.0245698697650405,0.0118973529002686,0.4006545647746318,-1.9833112726647433,318.5688297452707,3.2032088441755087,-0.062329797336196036,-0.16304493881551851,0.0491565223200114,-0.0682205498712353,0.9072291873381397,34.47679667267292,22.476672347288343,5.716654239247182,0.19905916225639642,144.55726503543787,747975.7284731058,1534.8212031139,0.20104112605631985,2.9708287867114596,0.35074644111786624,-0.002201283867263513,4.457091969493864,9193.812446046113,2630.1350372457277,1431.5416272467214,plateau
R0282,282,EASY,10.0,4.0,68.13258106565168,bowl,backlash,+,18.090674874151627,0.7227355928656144,2.048144836053516,0.0270459205460733,0.0692487918945897,-63.28081121429743,9.10242402996994,47.585095897143965,75.79542289772213,13.763600101718897,2,0.094016715528323,0.0554328355054175,0.0514810558612097,6.3936637599824175,630.899739145771,94.93357508854172,0.01652146909006258,0.1541319700756226,1.6231852091974772,-0.10986701069937173,4.613367627428744,0.0,-72.36269949660651,67.29292963264876,-0.04383990253360803,823.9605931268604,655517.8606941741,13615.599151737255,0.06308536549628108,0.551913167260421,0.3236894234436909,0.09139941505734292,-6.0319162020153865,0.0,13163.46930184767,1346976.6907341648,bowl
R0283,283,FRAGILE,10.0,4.0,56.02792883358674,bowl,mass,+,13.81363043290121,1.625832310278979,1.4137973222121325,0.0129828688141973,0.233075170322245,-41.29815098886176,12.99170545953642,45.36940596567417,40.405142749875495,14.179257970849328,3,0.0133714570286785,0.1013040738844212,0.2253576898791467,-11.51135869408434,1479.572092784313,36.734113134046765,-0.2335083200695678,-1.023583478466907,0.1721479217063056,-0.06908031234029632,2.64152227736167,0.9688949889807693,72.21358879460789,10.581725990814,0.14681456365788925,193.3051317579878,3911074.81997271,2757.547860127529,0.13703396869416107,3.042196867981677,-0.6996763652896527,0.3387573422934772,5.309622647429981,258.3719970615385,6437.279413762454,4675.935241584615,bowl
R0284,284,EASY,10.0,4.0,27.536116235155603,bowl,max_gimbal_deg,+,15.502220153791098,0.3195224508270607,1.7419252184657728,0.0109222457488723,0.044884673816925,-35.45493211252986,13.099483794385128,32.107616192663514,98.3730480126796,9.108874681988867,6,0.0920234365288687,0.0751008543966157,0.4479160964527501,-3.9449161798494856,63.36807772719975,-67.30012108395196,-0.10664171175068704,-0.1945818900296753,-0.15203005939841585,-0.13342915994893695,-2.214602879113014,0.0,32.716961815792914,-13.711536660172353,1.5464767129575216,5.966174577036979,-4691837.0694668135,-66019.72371757033,-0.044362909306495,-14.909509525970602,-1.6998577404020647,-0.08058919207257094,5.50573759940927,0.0,-15645.084177469735,-488808.93605548714,plateau
R0285,285,EASY,10.0,4.0,24.285665141347287,bowl,static_margin,+,14.860479888206191,0.9745604385814916,1.745494024496089,0.0351974797155549,0.0925568589752544,-65.30446590730763,6.128666202781245,49.79053370887152,55.30837395914378,8.535312863979426,6,0.0777766516609971,0.2460297285511374,0.0867165721049482,-3.7561891864123327,55.092044733469166,-74.30239944103096,-0.05775635407209945,0.9567953878568449,-0.29482332267899236,0.020253836797178026,-0.6700228363473898,0.0,-32.27833422391323,27.486175337425767,0.15133290327930804,380.02973687789085,155056.05308288624,12559.002027468348,0.11248621617118582,2.9179100472533417,10.31464626263999,0.05520265633244907,7.866973175311254,0.0,48486.914528437395,-518.5850212213242,plateau
R0286,286,EASY,45.0,4.0,48.95419066792004,cliff,servo_slew_deg_s,+,37.27425347828992,1.2103843036433175,1.7691392323050454,0.0330414432731428,0.1615568326556716,-39.41342043439012,6.911343568383578,35.8223195329466,27.4928033604582,13.355708912426856,4,0.0566472983578735,0.0705078066415091,0.1998141338029582,0.023398257075009806,-102.76199996030331,94.92765972859326,-0.13732457850090407,-0.7646196532644138,-0.1736501579077281,-0.3727425347828992,0.5155042654138311,-1.3808813751719384,74.4136718346113,33.69537922621237,-0.21217389300228806,425.36265813819455,761461.984595523,-3030.80237744528,-0.1548908460101126,2.238196513183039,0.40328518170988387,0.04480149072779979,3.7001705604178072,-368.2350333791836,1582.9770886291335,987.0968373793514,cliff
R0287,287,FRAGILE,20.0,4.0,44.46928122394884,cliff,servo_slew_deg_s,+,31.118797567354196,1.674791715707362,1.7600153926233992,0.0242938024577542,0.1413206752723491,-68.01873136412004,10.547534108016425,42.63911794223317,82.5827428871525,13.853188603444304,2,0.1259765176814759,0.2381165766809598,0.3222118794745081,-7.382730761387365,-694.8016939504379,-4.15637407366258,-0.01314036568598988,-0.6288827723307784,-0.03781797012005228,-0.31118797567354195,1.8481457007062518,0.0003797459137662899,67.50357689729742,7.952098383409949,-0.007083174586829166,-980.3160945641603,-414255.12481898774,-17041.423803154463,-0.7770014571935712,-1.9371214589176142,-1.9660109890709077,0.01618422989489389,-1.0308044663112548,0.1012655770043439,-1980.7882113777146,-598.5554386039771,cliff
R0288,288,EASY,10.0,4.0,75.0264739363528,bowl,servo_slew_deg_s,+,32.92714208205836,1.6796048183408274,1.8661210311276133,0.02986658322981,0.14088682096498,-65.09188489878007,8.020039243931073,38.58704915135392,63.44234336169443,12.045071086999243,2,0.0481206136542596,0.1343769029491445,0.2114059053588321,2.908919084684748,1058.2256581168388,50.74769134174994,-0.17414892274292515,-1.1532308179264676,0.01594563668280955,-0.3292714208205836,1.83377749833504,0.0,60.72550012195824,133.9324097721621,-1.8623462468472347,-43.262052442906935,-655575.5532060746,-5841.390331221204,-0.9692810268497651,8.8252862386199,-1.4452506059841506,-0.0004090574809287162,-28.749345756234653,0.0,-6073.64116936798,-344.91720829290455,bowl
R0289,289,FRAGILE,10.0,4.0,54.6500802474644,bowl,control_effectiveness,+,23.911560693491165,0.8198046197033614,1.181062434741227,0.018927442419877,0.0686632595028095,-69.99306157632637,7.224116406919916,44.48355087074999,91.33277368465303,10.483318837409662,4,0.0014008724014248,0.1211208927914136,0.2188995812701845,-8.250945978520015,17.2495863167589,122.54623265327547,-0.006382480722293436,-2.6568400770545737,0.3006249600123244,0.18231160760594686,-2.2293249397281465,0.0,108.13094244935682,46.947224743485364,-0.30696479353776596,-417.31807787399623,205584.7764720073,-15260.710323940508,-262.3346334156762,5.1635967978124695,-0.8176096526440579,0.011410092767470771,-31.069037691758226,0.0,1744.8369395494703,6001.464305238121,bowl
R0290,290,FRAGILE,10.0,4.0,27.45846801410405,bowl,servo_slew_deg_s,+,10.941431944586784,0.6575781668862072,1.1136896374087122,0.0264758309009089,0.0819267979701276,-35.9815708516748,11.835857504373196,26.01230203464866,45.370610702950216,8.522478043367189,5,0.1257613686225252,0.0898058103625384,0.0718119012647235,-7.81240086406081,88.22625133137636,-53.71992487941098,0.08055177843448913,-0.8733266458692115,0.37970796152839975,-0.10941431944586784,-1.051968777937629,-67.15079221791792,9.54552369068111,-25.034472263781943,0.07488440060560508,620.4748165790236,374741.82442585967,10369.348630334249,0.2043470679653847,-8.071559053236575,2.39337130415351,-0.011693554477006778,3.5918497002590177,5497.798084064214,5209.723810553046,8922.239740480365,plateau
R0291,291,FRAGILE,10.0,4.0,82.02981006893579,bowl,thrust,+,36.20154565195978,0.7837417538931069,1.1745578514425357,0.0345073689985302,0.0578602794014506,-69.38543274140221,12.922250142336337,33.96354730519331,78.44363385194023,8.672314220924912,2,0.1230627031816222,0.1544607773844572,0.2306658406897143,-5.809401535544562,-418.4112687555841,29.511100531656258,-0.21901644197919246,0.8211170637252936,-1.4480618260783913,-0.12187748971988813,6.850033081273922,-167.32405128364294,164.03390633787464,42.32157115544851,0.9471668594430875,-445.6179879368778,-624057.2917804659,2733.1080767499025,-0.9600402664559693,-9.926936585889901,2.3967900130064073,-0.050911865048921,-8.021377857670132,-10964.044529827981,-11049.453395225575,2855.211414610585,bowl
R0292,292,INFEASIBLE,10.0,4.0,150.5226417428711,cliff,servo_slew_deg_s,+,123.695546767538,1.711860358926687,1.8581440374911864,0.0260597493872888,0.2029784772780503,-50.4272119024192,10.229622072751695,46.27586875951117,47.46732979484485,13.45501715204428,5,0.0380536863558818,0.2170831995200625,0.4337850422951074,-6.962709817527877,1763.8880596293786,119.29199374090612,-0.24291151435066283,-1.9371440269384297,-0.046580914698890294,-1.23695546767538,6.534180839162691,0.0,145.81149024613993,24.578982384672592,0.3532767309015057,-1763.6349843960777,-1663031.227548727,-38845.98036236767,-0.9910479929870775,-1.4328508893677439,-2.06190381178842,0.034962836405727844,8.580466897595985,0.0,8487.584707073742,-2099.50329519992,cliff
R0293,293,FRAGILE,10.0,4.0,81.66544155641375,bowl,control_effectiveness,+,34.390585473807334,1.2948941289536011,1.951281824207872,0.0322608222658627,0.1142505735304927,-65.79366454912372,8.827389704621261,43.61920679083917,94.33674388849334,11.204207608033862,4,0.0856285923354664,0.0796002271410812,0.2734148761529249,25.81401184758519,666.2599582620732,51.41958060974037,1.3706839067050096,-3.82117616375637,-0.7389184357055104,0.11200321275973799,-0.8176066658140012,3.1513803805326677,33.85306043924161,52.69935898196154,0.2532503235667001,-706.7238231600325,-1118957.4947404913,-5887.248914763653,0.2736652042166401,-21.171669731259083,-3.1102219404028064,-0.04567272036883793,-56.876392033173296,-840.3681014753788,17986.148612722955,-5946.0034885718405,bowl
R0294,294,FRAGILE,10.0,8.0,70.89907016454347,bowl,wind_strength,+,34.3978357549619,0.574087241857267,1.466390570631503,0.0107206957334079,0.0764094414304293,-40.09217921741315,12.946093571309708,36.85691168482488,103.32419534173404,11.95861118130305,1,0.1116959593380163,0.0641440444692038,0.0666154905686517,-1.0859356663894362,599.67178139785,56.16304322503496,-0.0268652177974098,3.3997604849543257,0.6648486341805825,0.3615252243176917,0.29793801657914676,0.0,117.77603521087488,-85.99458938740476,-0.8221446081157353,-258.712377392007,-9160372.980540393,-4588.376909710612,-0.28969235353900613,-15.408239498015398,-1.8186289387234167,0.03186943000321129,-9.243741443807908,0.0,-23674.40370271503,-2824.507095360453,bowl
R0295,295,EASY,20.0,4.0,30.934987955098002,bowl,control_effectiveness,+,12.808297042973868,1.0188698860891003,1.0811623827071446,0.0342128903935199,0.1081585462622078,-46.06721637529925,5.438948934485042,30.95490877654324,58.19123950450006,11.711193946468589,4,0.0074259778818897,0.0153844906992738,0.2235654724494685,-1.3582933778102737,275.0602879344667,51.28857849979081,-0.1276123393074189,-1.4231441158859852,-0.023538336621823707,-0.08962825672144561,-1.2218159642132977,0.0,-20.145484619881096,50.72615764564787,0.3312884645132952,100.85323156503956,875019.4452079561,-5130.718240088182,-0.3465189283763921,5.275390907601168,0.28818695726478205,-0.04318096034412143,-1.9273163001984255,0.0,478.0531120030388,-1421.4241130979863,plateau
R0296,296,EASY,45.0,4.0,67.16107862458618,cliff,mass,+,27.484297257675387,1.800183063587865,1.5021112045058187,0.0134363975477129,0.1675190185508092,-48.30750826013932,6.797524817425635,26.15685516378215,21.45999332706712,9.341680386858094,3,0.1288935043705498,0.0556533995751204,0.0551489337894874,-22.90358104806282,-584.9095235154717,64.00888732330795,0.14882606430531686,-0.35362048615514036,-0.1937128475944298,-0.008030507160709178,0.7355911512609405,0.0,112.82100228706486,122.26293375135369,-0.6254016809738996,367.93346490580683,408139.73995976744,20839.437358462572,0.2852571082244456,3.673854990608094,1.1177999119893733,1.5713478512428858,6.334564477070088,0.0,4328.208266946691,160383.25433747086,cliff
R0297,297,FRAGILE,80.0,8.0,65.76078795432223,cliff,servo_slew_deg_s,+,28.41354523114927,0.6323743405481745,0.9236559628317408,0.0199870193473927,0.0952845887158655,-30.959970248281323,11.663762906309673,28.168211621273382,20.28144238797033,10.54616647055683,5,0.1205620083794462,0.1650198945103292,0.1146051846797043,-12.696201225641616,-486.5233306784099,40.56173310502926,-0.06448844627746782,-0.22824760585507653,-0.20535874905121004,-0.28413545231149273,0.9302388750555157,0.0,35.86857131117395,133.37319234461626,0.15804435213094514,735.5079998582122,-25634.191044244042,12268.364936472173,0.9207494849920864,-0.4512174603530425,0.4002155399821527,-15.196909148234946,0.2516056967934773,0.0,-205.13925456173146,3447.586947721438,cliff
R0298,298,FRAGILE,45.0,4.0,40.81161148997212,bowl,Iyy,+,30.521383034235424,1.2046253503887874,1.849026651316254,0.0149046952362037,0.0843565444396892,-64.24943026107904,8.466220988379968,26.201942206592143,85.01983765178633,9.731680707409398,1,0.00981928341708,0.2109745167253868,0.2958709942947919,-2.711326347040615,-1017.3794344745141,57.272194444407305,0.06444297750467332,1.3253101659220887,0.44044054135004373,-0.09453424019476912,1.815848057876421,0.0,-15.422706454804128,18.75535666412847,1.707003554029285,-144.14932272637162,399901.60611776187,-3968.402832936779,0.08376863945849422,3.907553686084132,0.543315761478662,-0.03701013295983728,14.24901635483934,0.0,1189.948666343205,-570.9019456877263,bowl
R0299,299,EASY,10.0,4.0,70.20842354877942,bowl,thrust,+,26.839078665032467,0.983785980519476,1.4371798952552164,0.0248935831026964,0.1337091198046409,-36.66912373563706,9.336756956693636,32.15016618244105,105.2998584353748,9.716618879364855,3,0.0551499108783056,0.1076269903103339,0.2631719288285733,22.25018527310062,-246.81081844444233,81.98266931737655,-0.17115517258402013,5.438009398373218,-1.0735631466012987,0.1651718237530691,0.7116459891325158,-80.32913802589766,54.74625245427061,24.996745462787164,-0.1608223690228372,181.7113221621889,1480136.6329331917,-8574.730644194442,-0.032644981541930296,17.7061448804809,-1.907756846970417,0.04601683130804773,-0.46157963119195833,25433.584292382457,4300.255110149188,5841.4830989472,bowl
R0300,300,INFEASIBLE,10.0,4.0,479.7087577062918,bowl,servo_slew_deg_s,+,268.68802491001304,1.9407728081265263,1.536220642455214,0.0135676851352537,0.2185326862099485,-46.344269038085365,5.991455070632108,35.24819165743019,21.91296689192412,11.447513559890345,4,0.1125146440620667,0.0058434833442486,0.2065205612301952,-17.33865338427951,196.59167950873294,965.7053718830449,-5.122356800888632,-11.689820702940656,-3.9230077235945346,-2.6868802491001307,2.87815662498318,-3.2331029530586415,713.2202945081473,397.55520898393206,-2.035330195730456,-3055.019323296478,-5350100.31792857,15288.631973539894,1.1377910819795893,-30.85158297854836,-3.0038777737142435,-5.219792674629749,14.535765368649072,-862.1607874823052,-161358.23415116486,-23383.361548253466,bowl
R0301,301,EASY,20.0,4.0,43.3652453305663,bowl,thrust,+,31.019366493582485,0.8835016283830013,1.80571316444532,0.0268967493751245,0.1074164651444102,-50.17400161068255,11.135483368574455,48.16658326744911,70.40473360518808,10.098562224190346,2,0.0875967776954275,0.1377799900822789,0.3288908293072289,-5.775377688861748,-55.340727489418455,74.53477799575272,0.4319332501209119,-1.2411368400372857,-1.2407746597432994,-0.07287649253995702,1.5296087592115717,0.0,19.135382227637816,-14.012918419824759,0.6094837903831198,678.7514323850603,1430474.946770507,22739.82945599441,0.2309374650979179,4.191628167667844,-0.29400600968511414,0.030610552791026747,10.424191305704387,0.0,1766.754849078492,-81.53902529111065,bowl
R0302,302,EASY,10.0,4.0,51.84175127690415,bowl,mass,+,22.33894338081884,1.037514272924081,1.540384975618097,0.0266527435516588,0.0932329072057457,-51.056484426376215,7.96725872526334,27.24667211525786,99.38995132812916,9.114375017882558,3,0.1300903111100707,0.0746977259860078,0.3497214956541896,-18.615786150682364,12.331908915821652,29.57320453577325,0.25120937436234414,3.4611311102706073,0.25482934310263267,-0.04031770064405933,2.8980512128727227,0.0,-6.079219427713893,61.817666452162534,-0.03697423617629236,786.1027058167567,1928088.3875799158,14591.465401336438,0.18062349739772066,4.579866704242038,1.8026346785964387,0.0463918193323682,2.1113368771322825,0.0,13975.582430614888,5177.689558747798,bowl
R0303,303,EASY,45.0,4.0,45.03808339558315,cliff,Cm_alpha,+,33.32762723796798,2.0882358851284235,2.0813315564292947,0.0390109836789817,0.2353524728538943,-39.55574798574056,7.935179527019066,25.72521316380811,99.99113427641564,11.535203337650495,3,0.1359480395738567,0.1196689539956437,0.1243127293463094,-2.4055728307067503,191.50243308041837,119.34820414304873,-0.8331906809491996,0.904077230494426,-0.04690044762884189,-0.03156556331122769,-1.153246752255827,0.00019366175513605774,-49.71946805605042,7.658606653316789,-0.31778535145452746,-7797.933986020708,-54408.024870164656,58322.22856872207,0.3358060641425451,-8.384661894568849,-0.4063169218170102,-0.017887040953563797,-0.09019053685218327,0.051643134702948686,13158.966450405098,-6908.689622771597,cliff
R0304,304,FRAGILE,20.0,4.0,53.40214140795449,bowl,control_effectiveness,+,27.085683013127742,0.6978435595194888,1.732177872726096,0.0163695838616108,0.109365908998947,-36.084479281442114,10.510425709897572,41.39520395941162,90.0986805537228,14.281470649174762,1,0.0852805152836467,0.1274270743286723,0.3865368886648028,10.509195063546148,-591.2405687568539,57.72425663040973,-0.3212353329096931,-3.0095203347919712,-0.4586942211254275,-0.12308804732243939,-0.06557998924545679,122.44895721355995,105.54597567667291,13.530612047866285,2.5528433976703777,598.1545113517054,506426.25410745374,-10653.639601312872,-0.3214035681592837,5.202527220751614,1.1602153337934589,0.15396275267350013,24.380176086612874,32653.055256949352,17168.40694979557,9210.061915849034,bowl
R0305,305,FRAGILE,10.0,4.0,88.65097097054888,bowl,Cm_alpha,+,34.51265236156556,1.4120977092211775,1.9307529324127195,0.0346785205380325,0.2094504450789822,-39.00700641899171,10.427680627052478,43.32910105051735,44.14019539826623,9.877849538699936,5,0.1294478683895754,0.0204417777384187,0.1353142364177592,-1.2915304313819032,1063.8355840599368,168.4643218650939,-0.862816309039139,4.327662583891589,1.3760586613950103,0.2193720760526235,-4.084506908565871,0.0,-89.64365702628477,-7.999770245393463,-1.1629213895682025,631.2071483286392,1594546.1757797743,38855.40697435667,0.9569314273916867,34.06353241931921,3.406256929252861,0.09640398873165808,41.3904125481669,0.0,50855.77583200847,17389.435304418617,bowl
R0306,306,FRAGILE,10.0,4.0,80.19456426271039,bowl,servo_slew_deg_s,+,38.81585822563018,1.892137454476789,1.08778732529324,0.0146022913581114,0.18051833088764,-50.48931502777653,12.603196448344285,30.032920613311337,84.39906491713016,9.16008323369677,4,0.0761780222993662,0.1078416806926114,0.3201297251498446,-5.803610182407665,556.6417871867648,-65.79189440796317,-0.13862105650074819,-3.7316504134368302,-0.29893210012455607,-0.3881585822563018,3.114643769382739,-0.0023795193326255556,151.62873117037225,-90.0397703998373,-0.7720983313671694,-803.6245054047557,-1372855.3036204528,-43303.84848113105,-0.658037225322859,-8.908118099885924,-1.7029300710206428,-0.1023573691792842,-1.0746744559179846,-0.6345384887001488,9715.652782997,-8002.690064021685,bowl
R0307,307,INFEASIBLE,10.0,4.0,455.6682722165263,bowl,mass,+,194.76502361081265,2.0071438736394667,1.2127037452646208,0.0367413537368059,0.1643682210680592,-62.3626104910298,8.215084744388516,33.75892675413864,83.97681980967565,13.529688881256709,3,0.0492286245645954,0.2228279765575527,0.3511709848355403,-162.30418634234385,3508.516337407122,1562.5081706664653,-3.34404687672998,-7.904760974630551,-4.571502202516095,-1.0759190553274016,6.559438241834849,46.9542271641141,193.44129009949353,235.5359713683853,1.1523614207940227,2855.849909436165,1131528.140170175,151272.05950140592,1.5724367881780132,23.156760992690774,15.80571303459334,0.24643654617836233,47.819578255368455,-12521.12724376376,37846.668421585695,6886.538950710813,bowl
R0308,308,FRAGILE,45.0,4.0,63.544944755337525,bowl,servo_slew_deg_s,+,37.32201988163634,0.6156051819273706,1.664815528415821,0.0397226361162334,0.0546086644975548,-66.631742863585,8.880386483075087,45.22122062024161,101.74675743160216,11.28066507252522,5,0.043557181991119,0.2277600103107767,0.4411921382172351,1.4327731725636568,947.8810442019433,-23.874093730772646,-0.02343496138794121,-2.408791052430321,-0.7904880060203915,-0.3732201988163634,1.313329546586392,146.22572127697023,28.539790943305594,45.60120822806761,0.3871155934129682,1460.3154437613305,39964362.78426325,44679.894245918185,0.16767831751251494,15.961354416029938,3.231904798611441,0.13109429675351408,23.925162622985596,38993.52567385873,22946.055306341732,57367.85559689975,bowl
R0309,309,FRAGILE,20.0,4.0,81.82095101875863,bowl,servo_slew_deg_s,+,32.573878805308496,1.497940653577048,1.0827005885051837,0.0103988153941545,0.121829203687473,-65.54766755232151,11.675874910469728,36.78658202544181,86.1188287078515,10.031841549385202,2,0.0748558624530245,0.1538893173347042,0.4204433022752837,17.625319882440106,-540.1964456123746,208.5803244525325,0.48442355586287444,-2.6208387197238894,-0.5464021256195444,-0.325738788053085,1.623469722868736,0.0,116.55315604959999,82.41618253461823,-1.1577877426363141,-742.9509212299106,-9069071.063536271,-9105.400515913252,-0.7289563025207997,-17.25601483668595,-2.343225859226342,-0.11774396801587471,-34.581335693544894,0.0,-23156.76561211081,-930.6709372200511,bowl
R0310,310,INFEASIBLE,10.0,4.0,131.27030383559412,bowl,wind_strength,+,42.57431240670414,2.3285000401032785,1.0545609648877718,0.0261566451232945,0.2230220670224044,-64.39194574255329,13.265058145945147,49.23428414440143,50.51231840041605,11.185977862908954,2,0.128524774772918,0.0652219409941942,0.2105082642071579,29.702995671785903,1602.606969984215,-40.56890335802318,1.479312350148692,1.292173560851799,0.7706798343708753,0.8229779537309682,-3.0014644273789215,0.0,93.74872412796799,-106.43578101676034,1.7474103053339052,946.3301015456847,2402620.896949028,-3808.649575038638,1.1377285882317825,-2.169769320009877,6.864981881151973,0.5784126923994815,117.59138778612906,0.0,107690.84228564535,26107.39351454166,bowl
R0311,311,EASY,10.0,4.0,32.268305324533806,bowl,backlash,+,18.394669519093526,0.7024678120942606,1.7493617129760877,0.0232371265069606,0.0635248271688013,-61.347711986762384,10.326352049216414,39.83751344635297,85.33650949155262,10.156881295920998,4,0.037780385062794,0.111263275313999,0.1133643658606481,10.510081171745018,-310.7408634683896,63.68307218711641,-0.05022460137068574,1.63245445962391,0.2496533751671027,-0.02198293851901125,-0.6887657127368861,0.0,-73.5786780763741,6.965820722495387,0.18888348114087794,-426.30354757974396,-997382.6136891727,6691.869457436022,0.027785584860855916,-23.55674602010808,-2.7127999627683206,-0.03461905413458265,-14.102280195924486,0.0,-4317.744991503272,4463.897494933449,plateau
R0312,312,FRAGILE,20.0,4.0,215.26880010982515,bowl,servo_slew_deg_s,+,127.18747370995887,2.662401482485452,1.975426474138292,0.0341605211703534,0.2108054514619325,-57.53249875674746,10.068087369029724,26.859901328782264,113.0170170829329,10.4532595762231,6,0.0934763799519725,0.2164882299998121,0.4148297478377505,-27.39381653299933,3881.752306576823,182.25134836652492,-0.6178632036231568,-3.810230782509593,-1.5872844378837392,-1.2718747370995886,3.4517206902581887,0.0,395.9029657407841,53.159377885183275,0.06826196147714647,2564.5695448437805,3949216.2841153163,29929.711931281967,-0.2788991260477922,17.108711677142015,1.127726242076866,-0.015579051849318688,39.04805796253114,0.0,-10752.138081566423,15601.943992072507,bowl
R0313,313,FRAGILE,20.0,4.0,74.03398137848848,cliff,max_gimbal_deg,+,38.69740097641201,1.6156416944604188,1.9829098630179616,0.0136320745131809,0.2276249714911991,-39.0625464916917,7.757678211604775,39.20416102437312,63.90959512970375,11.99868273503628,5,0.0034060859819246,0.0665698744610014,0.1732187280103585,0.11050062519979431,1559.632669946545,17.324371282848436,0.02039680140983302,-2.1233321794442057,0.11031383075510633,-0.37256113917087613,-5.5282001394874305,0.9274935422238543,10.113743239723194,-9.492276555686368,-1.6945740413517356,288.79627299603607,-1319682.8097597896,21812.79457654627,0.37429497193987205,1.2501971451069585,-0.7703432181363564,-0.04453053939641043,-23.039299924017477,871.9038551105479,-19274.5512103373,-2500.4139431408958,cliff
R0314,314,EASY,10.0,4.0,49.61202204363905,bowl,mass,+,25.063081260098603,1.0093289714932725,1.9697383450843675,0.0167180463313632,0.082678692016362,-68.43883595340293,10.80508867681582,40.68068917801683,65.90930081371522,10.01104930611207,1,0.0575262462788545,0.0823932181432206,0.1558876711270444,-20.885901050082165,-0.19749844978544923,46.15295515006166,-0.027848146138491656,-1.448199240691459,-0.3328141773790957,0.01987312294856709,1.6379896942491297,-21.56410747137033,138.39629275861367,-32.08060466054294,-1.312972881959288,-702.1449090710896,-1154857.9975774055,-15290.806928695878,-0.7424217284377229,-1.207840349368902,-1.373718054397719,-0.07492298240195967,-10.188253178420878,5750.428659032092,-16753.033800105342,-7335.450707974639,bowl
R0315,315,FRAGILE,10.0,4.0,46.1526674086018,cliff,mass,+,40.75572576842489,0.8749340918477814,2.0913379503953684,0.0101842338368512,0.0623433546517954,-65.39870868389161,5.399894871682509,28.10796216818241,73.10063124163872,10.406300729392584,4,0.0943652176240395,0.2213004122743437,0.3040127223309359,-33.963104807020734,-120.80606819232726,-33.36881014090665,-0.08261472910611367,0.25219910708170123,-0.0008881053894086221,-0.037430362196121614,0.4504911610806802,0.0,8.648209498346297,47.87118197648082,-0.16475845997574723,-4635.5123200044745,-75989641.98839131,-27231.528434385298,-0.774001804103821,-16.522301236562498,-0.9835166400987828,-0.10663331633444834,-14.548502857739068,0.0,-12220.796763688544,-1239.2699761752258,cliff
R0316,316,FRAGILE,10.0,4.0,60.79755877877194,bowl,mass,+,38.96951201412145,1.313998234842196,1.1479150252468744,0.0227790971053852,0.1536778366622251,-51.3408729629934,5.386063916092931,46.66816962030285,108.66998116628974,8.938420686091279,6,0.0320377319198561,0.0474538419792945,0.4075584097904551,-32.474593345101205,-483.0601763327782,90.6063276289884,0.09549358597418545,0.2679612638398939,0.12543718400667386,-0.33543535561097143,-0.2751642229517479,0.0,79.70463873094879,22.797529402944885,-1.1952439416197347,396.82653190581476,75981.15899427453,2600.665990417634,-0.20617240903207934,-5.7173396313430995,-0.05169186871699821,-0.01454306834876654,4.73088000743597,0.0,-10181.067590437751,11848.751084554202,bowl
R0317,317,FRAGILE,10.0,8.0,58.829282549774895,cliff,servo_slew_deg_s,+,49.545778190344926,0.4822189569485644,1.5039767089399954,0.0133461619579767,0.084906278417597,-30.58843633554348,9.18763316126678,37.54628415685879,62.13205988218844,14.228404637488593,2,0.1463491712717434,0.1493099192057912,0.2896072643811732,-5.423345356035128,-360.3569022733217,68.42867340137427,0.4004500531608968,0.7075504139330463,0.10816232854672662,-0.49545778190344925,-0.24196722708984375,0.0,74.67289086801394,-4.850786134578962,-0.6188240182301046,-1477.9306034175331,-2238006.962625058,1313.693103133994,-4.891680516258954,-8.592736165121929,-1.209510250434031,0.01327406695877265,-14.343346891278449,0.0,-11399.51069597005,-7321.42512423759,cliff
R0318,318,FRAGILE,10.0,4.0,29.73715103948549,bowl,mass,+,21.831546592765047,0.5598890301763999,1.2069798555285034,0.0163460638097833,0.061222316741072,-47.38765284721576,10.707982372704514,34.754204827262555,119.53602032359656,8.14503092130629,5,0.0152423006173857,0.059701898979706,0.3442032471236843,-18.19295549397087,399.18015257632464,-8.421991663623562,-0.20786574852252881,0.9757408847014596,0.0007122634875502242,0.003076772063197031,0.4466024280435646,0.0,40.85162954170467,-2.5146535751506915,0.13272407899029393,-553.7646421150444,-1001470.7361344511,-6700.252371315646,-0.622441908544662,-11.32621361580645,-2.4651901637222084,-4.966597530828719,-158.03882560581525,0.0,-6940.016007452931,-3898.5459404611674,plateau
R0319,319,EASY,10.0,4.0,58.46563771854915,bowl,max_gimbal_deg,+,28.585167942911955,2.089755451276801,1.1035721861906371,0.0359930043520401,0.2202190282587293,-43.061364815576624,9.434236122555507,26.65358849800436,100.53847126672224,11.278152008949952,2,0.0449318771325526,0.007443595614445,0.2192240526537155,27.455114717610808,691.7019586214936,35.72200785341856,-0.13716796496003467,-0.6796452216376252,-0.07511918602578786,-0.07284882991314723,-4.083595420415993,-100.10798531429828,-29.467862139015047,62.756869807733985,-0.36653678895482134,817.7886624169946,426085.28382154903,-36.85768260268223,-0.04240709083837374,-3.6314717463098334,-0.621231411277778,0.07586138687426237,16.780596518950837,1954.2813460128787,10015.38639892089,9090.166391662458,bowl
R0320,320,FRAGILE,20.0,4.0,50.87057428367864,bowl,backlash,+,15.073114631005366,0.4961362221914459,2.0950643932135304,0.037434390943872,0.055587347927557,-54.28736405799028,11.476896932562608,47.88603786930828,64.97580756194102,13.70243418907988,4,0.0019950072593641,0.1248343692901466,0.2402390068197128,13.783480508237902,1091.4283768363407,95.17544786476627,0.19270253269639936,0.8991368834206431,0.04040666673681166,-0.0858153407874859,1.650834716414581,0.0,-60.29245852402146,44.68713734137968,-0.03487704688015958,21485.950325480753,1040442.1003360233,23252.905031345264,0.21647041118339128,21.43579555174717,2.609529427664193,0.13681996170893343,55.35061990886455,0.0,22188.0678386844,6424.876104764652,bowl
R0321,321,INFEASIBLE,10.0,4.0,255.1404608963979,bowl,thrust,+,112.12755668961574,2.387860344874769,1.5833174402065675,0.031358931867133,0.2212245619918097,-49.98693763054186,13.722806736214478,27.760242829943845,75.52230674037372,11.875051545567798,3,0.1367145867701016,0.2119949964378839,0.2535741006898456,-2.6177239687357314,-1951.0623387361477,636.0904276663522,-2.3247576338854445,-3.0693214434671576,-4.4851022675846295,-1.0594205807063841,13.4623087597332,0.0,154.03838051122122,109.15407966417136,1.521020393605049,1109.9107599286779,760719.1510425827,5948.673385528689,0.22847277156231804,12.185361405673127,-4.886735829923273,0.016568211197904362,-0.5222640024088071,0.0,16183.960167473804,-18230.4195367931,bowl
R0322,322,EASY,10.0,4.0,43.62370849025348,bowl,Iyy,+,25.80439341643394,0.5156049522999572,1.7356332569010702,0.0124152259846517,0.0665660225731769,-40.97399633475784,13.251467811005924,36.2200513259006,78.19114632402639,12.59035825219276,3,0.1101214725584778,0.0317341854183717,0.412552096641001,-17.191472780942775,-860.1464472144646,48.30777378347518,0.00024195479756006222,1.9239046465426477,0.053664878243804816,-0.0806956000931224,-0.2775609078261211,0.0,29.13299811301456,-42.91529575428092,0.805081158423415,67.87202660448139,-245546.83870548932,-7792.525526444586,0.11871694659248044,-8.206411105012878,0.04974348276462621,-0.045869482418991296,-9.533240487783326,0.0,14127.725344982124,-3294.488360038432,bowl
R0323,323,EASY,10.0,4.0,70.7177766108235,cliff,servo_slew_deg_s,+,28.13709874209512,0.3981701418300377,1.2110507471858942,0.0202918968946349,0.0544060323503303,-42.44191291918982,12.562849155282894,43.531936617705554,63.7191143115412,9.655478478797033,5,0.0711100151082554,0.0477085333296863,0.4425292297577143,8.253398149140857,53.45616597294173,94.94697030933798,-0.18579633675540275,6.485464141802562,-0.047470606407050295,-0.2813709874209512,0.16372241686271194,0.0,-30.993375624147415,-37.340992970005665,-0.5035679991924944,-436.1224930388988,-1037764.3602243748,-26025.66091969245,0.4475865181743124,8.010275242416323,-0.35365357180338153,-0.09983387616600133,-23.52690091600076,0.0,-27315.84182907191,-7581.00817742803,cliff
R0324,324,FRAGILE,20.0,4.0,70.37415668215432,bowl,mass,+,41.73924599200218,1.2534382240551838,1.6989980702921268,0.0107761767802343,0.2308300033459616,-32.54728620418516,6.71211891810522,46.50177918240893,85.52392614238065,11.141462183096415,5,0.1021200850771208,0.1950027307911379,0.1937168694827638,-34.782704993335145,-217.8237623165875,-48.4198355786278,-0.4497570531846722,-3.4609518454956327,-0.34781564754433275,-0.13944920008914377,4.64798237166377,18.145151079867496,83.85763065763719,5.258210931940872,-0.2549300785250308,-1214.7731658742225,-3432112.5645867535,3738.2115011666515,-0.338352023648254,2.396213463135891,-1.4550671386109024,-0.04208783675869022,-8.589532762458711,4838.706954631337,-14005.635247298822,-7741.251659770677,bowl
R0325,325,FRAGILE,80.0,8.0,83.87432165659243,bowl,thrust,+,35.79001757813695,2.516695918585476,1.6900710699828738,0.0366686306893975,0.2249762569879526,-68.92211050931242,6.421131054215104,49.13493400081782,100.92294840179306,8.194716194711189,6,0.0596999916804477,0.1870555217010225,0.1046025619865747,-16.994364570991475,-374.78796922490045,97.71435068064429,-0.10615856001061456,0.13090566135182627,-1.4316007031254778,-0.3134514123994615,2.7495878387441137,136.6193688221082,172.4568107874574,85.82564923636451,-0.40751014685098497,187.73106152961083,325657.7773455794,-711.0128506774048,-1.1720687435696537,12.845925727416716,2.7170969994726804,0.20789155247833668,20.73650080171683,-18920.13309766295,601.3102123091404,917.7306810683513,bowl
R0326,326,INFEASIBLE,10.0,4.0,427.43884609519,bowl,Cm_alpha,+,213.16674795169362,1.7346380907456662,1.1638566499297904,0.0341797427164697,0.2017158544220046,-48.68434483392036,6.2646922412477934,41.48607303561825,22.43225788769202,14.493192806241916,1,0.1380225143597725,0.0638518112597056,0.411841823303604,-86.25358975493407,-2570.732644677219,1403.934927100374,-5.329168698792341,-4.563996283528788,-3.3977920666112653,-1.503516171491395,-0.35238668190353534,0.0,95.91835277065628,245.86662666056412,0.22082260565748868,415.7755901064728,432083.0573859217,45962.49103279638,0.4862783077624151,-4.856793977686869,-0.08758846679475937,-0.6096078415782682,5.222835590642013,0.0,2985.7657748801116,-4243.006215335071,bowl
R0327,327,FRAGILE,10.0,4.0,80.51045831444351,bowl,servo_slew_deg_s,+,48.82547128925239,1.560921160743398,1.323134568144378,0.0157903406515933,0.1959340145534932,-48.0101637115095,6.77360973703779,47.0094822909648,70.44496157122413,11.794988736524362,1,0.0405166447421982,0.235552916485992,0.1706923521933866,0.468089538536394,163.7645516137998,99.2304998175035,0.940723280648903,-2.756239582929431,-0.5237592828608527,-0.4882547128925239,1.6017959422337307,0.0,-88.48037912017679,73.39671878554239,0.3321125756137242,1442.44631534056,4127019.994708507,22855.08642196015,1.6306188594908648,-1.600339009407106,7.118088696360014,0.010597855157805328,-28.729048817904584,0.0,1368.4728161268115,1826.2494138264192,bowl
R0328,328,FRAGILE,10.0,4.0,103.19688292053634,bowl,static_margin,+,45.48858462355522,0.7728115097794023,1.3157926466669736,0.011860998563094,0.059577230817745,-58.394288261597566,11.411458614599368,26.23104297556422,88.12238098565233,11.5607476952605,3,0.0647454968866454,0.1573964394454569,0.2285788167791076,2.83391032979058,-1120.8230472416979,-227.44292311777613,1.2921427424454741,1.143239703827024,-0.6616549391330063,0.21954146269146868,-2.3477675097360033,0.0,234.88525209259686,-34.19051461448308,0.04426222025056337,-558.3725745504214,1872244.2453296185,43261.33033238513,0.2192119274271498,8.787755246337255,2.7374749255359494,0.124661692194028,2.791615744883404,0.0,-3155.843124627171,3463.2352145936798,bowl
R0329,329,FRAGILE,20.0,4.0,64.25568572226396,bowl,servo_slew_deg_s,+,43.227384839358876,1.898928842625584,1.7186573118196222,0.0359587724600203,0.1799170504784209,-59.669773940422246,11.426952190439287,41.371132131341305,63.81742623778565,11.041451578917666,5,0.0482647850720906,0.2232896331957055,0.3236362895181912,-4.906279357946433,-533.7216632669247,48.88841279852287,0.5216573202024408,-0.8518314821020738,-0.400710658976719,-0.43227384839358873,1.2502026617031665,0.0,59.177412588493915,78.40417189260653,-0.19204517165485147,-952.5539210905707,-965709.9582528034,-12401.16591398507,0.51714952541138,-6.0334477367335815,-0.4218724345168994,-0.007335518910350294,-8.75484410690376,0.0,-4669.778543616306,-1220.2404374785237,bowl
R0330,330,EASY,10.0,4.0,75.93961041158269,bowl,wind_strength,+,40.85552961550102,0.7007859559469237,1.5601242539836404,0.030967616810598,0.0977624295616943,-38.83196754613375,11.435417230856316,37.98510589814032,106.7442550873556,9.536538849268434,2,0.058006635471447,0.2012279161473917,0.4342013442323032,-1.6565002919973226,-1174.5984225829152,-80.17421140902145,0.02932800829322635,-1.81770644448845,0.3012470206564462,-0.16506137980284183,4.110252388892688,-181.12337364409896,83.01816869656373,-102.13882403875255,1.265970574671858,258.63822468684316,187470.70816619974,24846.674686909882,-0.15652031873200856,-4.913867955464383,0.8356740906826912,0.06217492872769647,17.562452242355718,48299.56630509306,6988.681341116744,5353.412832195474,bowl
R0331,331,FRAGILE,10.0,4.0,79.78749682272793,bowl,servo_slew_deg_s,+,22.858326620983178,1.1197545129322906,0.9636844632540972,0.0354467567973273,0.0787175336147918,-69.54246161214535,11.76991350647656,30.93561752340205,66.87516937010179,9.031577354128697,5,0.007732082222237,0.153551281272927,0.2929516724889343,-18.114787490957415,-161.71634156413168,335.76069468656,0.08196363429738784,-0.44260734985385525,-0.14177020450290884,-0.22858326620983177,2.2662206697616933,0.28245269073193435,63.25113042907526,43.097906642968006,-1.123686173770312,-412.80627522637474,-823195.9642341523,14224.52216321841,-4.118201665234409,-4.862281967232943,-1.3849666511012362,0.026252626295853006,1.5690124289608556,-75.32071752851581,4876.387243622404,-7516.890381352927,bowl
R0332,332,EASY,10.0,4.0,65.85264852449794,bowl,wind_strength,+,23.92652429276862,0.985192414835844,2.0104781128461497,0.025345075504367,0.1694872730327545,-35.27341028729474,9.109589194194571,47.66376255451832,88.4588763201864,9.606197742793832,5,0.0424448726720119,0.1271705735369055,0.2569219247745963,-14.121955565057304,-333.52169838839916,-36.597616223736885,-0.3234875447427812,3.4701669326121065,-0.25829716510007683,0.20348877502858115,0.9607750742867435,0.0,163.9210352538677,-59.81631073192154,-1.0771636780724667,-87.96919774406278,-225031.3555711981,26328.55283986164,0.25972002778207637,1.3353760344398973,-1.8126015406364957,-0.0008979196294664859,9.41132483628359,0.0,-6214.658162009855,-2369.3339589025154,bowl
R0333,333,EASY,20.0,4.0,31.52775097951668,bowl,max_gimbal_deg,+,17.424206086640606,1.0424725253351008,1.9236279215884844,0.0355982041282566,0.1387966448199611,-41.91555843086397,13.35507168365806,40.31257781118877,52.00169819323964,8.709198662746582,3,0.0103345533203438,0.0966171428384643,0.3629952911416967,-4.949431030798904,-447.56201326636733,12.665193399377673,0.1255030743858041,0.47576591479094016,0.6129587070111665,0.12671077785423882,-2.489172298091515,0.0,20.35876694636777,-4.744974878416537,0.18696343986560882,-12.0435620294929,1695766.7560753494,13710.844348415547,0.17349158900209516,9.948568851248655,1.1729248175252502,0.02509409766856681,21.68041794100688,0.0,21272.554935055974,-1580.0644512004951,plateau
R0334,334,EASY,10.0,4.0,43.00427802170206,bowl,control_effectiveness,+,16.444195049390306,0.426858085161559,1.902904766389712,0.0285636702016237,0.0456100562560326,-57.17267845738782,5.624629250220059,48.30506009175215,81.59567767868779,9.725260966565132,5,0.0118519825978563,0.0573968123715862,0.2732825111636738,-3.5811765630160686,707.1252430197947,27.590252573167497,-0.07382777146154051,-1.8271327832655897,-0.5875812482598567,-0.01406443034603142,2.696093013125386,0.0,-32.77949482812491,51.8532822925624,-0.17787920676654068,-447.6101178563676,260047.13740667555,-29988.159277051815,-0.22840807444638322,-5.1083189212448135,-0.8146450520540262,-0.081186101863147,-0.40789794754627623,0.0,-2710.4311643335664,2441.8555147095735,bowl
R0335,335,INFEASIBLE,10.0,4.0,392.2624673337372,bowl,servo_slew_deg_s,+,285.13496407122466,1.5409381975982683,1.2018384213756286,0.0148346944155739,0.170122702326304,-49.50574557421881,9.793026738123988,38.66577076560958,37.78623765727534,14.909301794255972,4,0.0195684035318608,0.1770650546285244,0.3770929099513587,-68.4416024159196,1950.3288593392647,842.0096925745312,-1.4820774995313641,-5.616751476623255,-3.8850777437179147,-2.8513496407122467,5.976172672339713,0.0,269.0192795051755,276.8485268012769,-0.11061974185692236,-1495.461364953221,-638956.0402784207,78223.8203297345,-1.0108328551731418,28.36737150300788,1.776346171373616,0.10690643007527513,-128.5150091170645,0.0,26882.293869361773,442.03720863851635,bowl
R0336,336,INFEASIBLE,10.0,4.0,269.43050449453335,bowl,servo_slew_deg_s,+,190.17551627205472,2.0941994918267883,1.6787783028516232,0.0121451653660043,0.1792808535869537,-63.89674566400877,6.051526500137873,38.730273077268045,49.86233647116391,8.60279962451898,3,0.0553868517095791,0.1484352339272353,0.3635483133097349,-35.70891926555732,-591.3696596808343,80.41419219815886,-0.7362129029347133,-15.489358086193269,-2.076713178232528,-1.9017551627205473,5.534440092038276,0.0,289.52686809790663,163.55972365470637,-2.8622915378621006,-2109.9965377514404,-3511698.868484991,-106868.12279827267,-0.9795856229260876,13.274570073751704,-3.459211834678663,-0.004107211631657606,-6.456466315928603,0.0,22751.476342646954,-41692.735325079746,bowl
R0337,337,FRAGILE,45.0,4.0,51.14062262752284,bowl,servo_slew_deg_s,+,33.99193611525519,1.6163279815496472,2.0083596249900824,0.0288113465126649,0.150312663364115,-49.679757513797085,6.415150059416792,27.6281909630206,38.30176312025225,13.793540927809609,5,0.1440308124295692,0.0999718162648935,0.1543584499267805,-3.3838556096200723,178.50327934387448,119.68982813337438,-0.3892388224220098,-0.869594733392246,-0.5375523808202992,-0.33991936115255195,0.834358242038029,64.8917745513765,43.6921953760426,26.134805739587527,-0.12928108316435605,677.4755089889377,1300720.7560619777,11207.197126912668,0.3473719788137122,-0.4812198719607139,0.7980665404937293,0.011487058084996137,-4.161112259743362,24530.17235046474,1128.1571111563499,3069.49478021607,bowl
R0338,338,FRAGILE,20.0,8.0,116.36316069207764,bowl,servo_slew_deg_s,+,52.35262087762577,1.8518169172225365,1.7925194401092013,0.0136935050438593,0.2337930850656058,-41.508835909619165,12.894749568703116,35.54755167640259,107.4208664130916,11.344430614990946,4,0.0985689252739978,0.2258691261527005,0.2727167809325179,13.937986801700074,-851.2006995105917,394.77824888906446,-1.0054815355727875,1.5995127457106393,1.415467185447899,-0.5235262087762577,-2.001791285925276,0.0,-1.3175678437580973,47.451325851008846,-0.19239049721220702,-63.333462968984506,-501423.78182001447,156734.28882179462,1.0917095831500596,2.8471030420396235,-0.2406446579577846,0.20993803987840287,45.81166148372064,0.0,31148.69562969451,12146.134044331984,bowl
R0339,339,INFEASIBLE,10.0,4.0,221.821294655444,bowl,servo_slew_deg_s,+,109.9160716484258,1.6190423495172948,1.5447069623255674,0.0234261644937836,0.1216008141061322,-63.79333593563972,7.265248850914383,29.71450712289884,52.4865374394624,11.549080867761486,4,0.0092763572450163,0.0791080593387762,0.3397682617256466,-23.432887371315193,159.49287113684568,488.50003527645987,-1.7696325578630097,-6.072622333307406,-4.280200465955112,-1.099160716484258,4.445172867257478,-251.7362911631703,223.49453464787038,106.085869629542,0.3847670980665523,1346.2791817654468,-461980.91904510756,63267.311873063285,2.0257407305295922,26.029538912993186,3.798457144079182,0.11371544156838538,42.63326873441409,39163.084448864305,22920.181677084736,10240.669712697396,bowl
R0340,340,EASY,80.0,4.0,77.730939826697,bowl,thrust,+,30.856107541937323,2.186678305070375,1.53708991032587,0.0317954747537332,0.2082678570268998,-54.054903959602456,13.029352560553928,34.30885793871615,46.24757736548594,13.090128177495073,5,0.0859282519739809,0.0243424497417165,0.2038497688520442,-10.392882251243558,138.44768342703622,83.07886523668812,-0.1438370433960494,1.5405032799636664,-1.2342443016774929,-0.2608338864046883,3.6568159421323823,-36.211615897303865,206.95127410402932,48.34175399826714,-0.6117325064589143,-983.6491469634352,-293373.3532201223,-13963.543893481561,0.04781595921216386,-18.91275810262404,-1.5669341992885268,-0.03872292739672073,-26.360671377204856,9656.430905947707,-2189.101628974208,-7900.229286763279,bowl
R0341,341,INFEASIBLE,10.0,4.0,772.1270796540495,bowl,servo_slew_deg_s,+,376.97651993861535,2.148821844457179,1.7536305289538188,0.0159181449399426,0.1773784547926899,-54.14365506766757,9.495948935357504,25.85576617634855,51.78839366814554,13.26390069969073,6,0.0158527332320322,0.0783123018334795,0.4290783956838814,-60.82061340696666,-71.41327698510241,2442.51753895321,-5.854674742779885,-10.979990255069133,-13.33263946120991,-3.7697651993861534,7.043980430783428,0.0,693.5616988918916,108.9127810564089,-2.4296848254675893,-6695.755469528722,-386209.58795163734,36156.20385078195,1.5859809652851737,-31.11739769205712,-4.209989490146737,0.4028177643145608,53.401617043954154,0.0,-43511.2386874395,10425.740377313221,bowl
R0342,342,INFEASIBLE,10.0,4.0,142.6197559591531,cliff,servo_slew_deg_s,+,121.93703780555303,0.9367069826109452,1.260164078919083,0.0222953386176701,0.0667967880415128,-61.84410690964976,12.330566917872847,25.174545912629167,28.859437170121545,10.083053042255422,2,0.0737926551263491,0.1825917244071296,0.3428980542531958,-33.54242381770106,-199.0414700659569,236.24535111888005,-0.0352098763641191,-1.52346531079866,0.5513607249252002,-1.2193703780555303,3.6244860139920565,0.28192769651695954,55.669890216118695,47.83449906740702,0.18516315668724914,766.4481595179718,381390.8889319047,28543.653607919412,0.24326223986256146,14.174869766992947,48.56966103220187,0.012700108361753166,7.3536558944959465,-75.18071907118929,10900.22222214914,3044.08449126217,cliff
R0343,343,INFEASIBLE,10.0,4.0,479.159490511281,bowl,Cm_alpha,+,165.71969521274133,2.46516829467438,0.9290925848134064,0.039322612914701,0.1950479998288613,-64.92426245710075,5.570635051042325,34.155862904326014,51.3898648051484,13.402671512759149,6,0.0138124605481975,0.2177566963800762,0.0792440414659742,-89.61643277658197,-1161.0433904493066,1256.2610730220083,-4.142992380318534,-1.7267774065622703,-3.1694319033795493,-0.7599066101683889,4.0394793382543055,12.715768930115228,90.10830871732159,838.9727332038319,0.9777453599111894,-930.6990997466714,-617868.4325816038,21454.55962219923,-0.1330952580210294,-4.99168231678534,-0.059454281056750914,-0.1245499812626602,-16.82592460437068,-3390.871714697394,-8357.295614689368,2445.1909688701244,bowl
R0344,344,FRAGILE,20.0,4.0,105.29700978881067,bowl,servo_slew_deg_s,+,50.86875578109753,1.824277970783464,1.6094104936695968,0.0159783704136303,0.1861136692492305,-50.516118332747695,6.380367163593704,34.379203919958925,52.25941341497246,11.871086058811471,3,0.1272309292994145,0.0213502561284966,0.2511735755392346,-30.15804445095826,-697.7684270542335,193.00432632646655,-0.6684636662248906,-3.316857824088335,0.2753449761341443,-0.5086875578109753,3.3657656254096904,180.70732618843553,171.07952493681285,55.304057263637624,-0.30203545837356627,-1051.0033745787898,-2535802.725491471,-14546.780704176845,-0.9733183207726765,-17.436890205033386,-2.71722702055527,-0.07455151266151368,-20.93147889678829,-48188.620316916094,-23629.762362084115,-13574.40715543075,bowl
R0345,345,FRAGILE,45.0,4.0,42.711784066608445,cliff,servo_slew_deg_s,+,36.27633667674024,1.0350468854064132,1.7712015678092,0.0370022845556871,0.1582114767705153,-38.58756054120434,11.926794281068636,45.03103487672759,23.87422497389793,13.34321451723684,2,0.0628930036499782,0.1038105679143453,0.3120680971259583,-3.741816266041861,-123.23703107669922,-8.168433243802735,-0.14172813194399625,-0.6648471902221579,-0.09394010926036316,-0.3627633667674024,0.8860077108531259,17.028223134397308,52.81186040559179,33.45318942591928,0.30934848548445704,198.51373449072335,245392.40224286885,8372.043180627637,0.190255555798855,1.3115241679957996,-0.012008772473777754,0.0521372930292102,1.3910234121450562,-4540.859502505955,1349.6901923837647,1229.4688008059195,cliff
R0346,346,FRAGILE,10.0,8.0,46.92524972306716,cliff,wind_strength,+,31.32826060012472,0.5255929500864747,1.1416095150102317,0.0258867756690771,0.0506610860718338,-62.51276659807231,6.091441879663305,46.994683147925016,78.33072991841745,8.445139286032123,1,0.0096980402258609,0.1659895860929107,0.4048207232003339,2.470561452200494,-772.4009617829097,-30.500777395012594,-0.0824030735616957,0.9939617861883987,0.15210733308527616,0.2099791169578455,0.29470616523370174,62.029456171938875,2.7863066051567715,-78.3206515003118,0.776839395784731,483.7223610948243,2213650.694764033,12508.606982396373,0.338555929689065,11.170170791964507,1.0436441615085998,0.23069587868288155,20.352036533710763,16541.18831251704,10968.171876131655,10640.843441356468,cliff
R0347,347,INFEASIBLE,10.0,4.0,1038.0125253270146,bowl,thrust,+,520.7706658707436,2.741061974807675,1.0695619732187294,0.0357131503881742,0.2279031881085939,-59.80021082157466,10.873192280723462,31.998519012563644,102.46242293772367,14.403790324894436,2,0.1208399712364003,0.2308624986462369,0.2088678800553458,-129.9527745194497,2994.0010708100876,1231.2559350090044,-11.612956496637139,-13.87233455511625,-20.830826634829748,-3.214749228385844,20.641325121910796,0.0,-83.78446367775432,1494.1872868805103,1.0617129264172007,1262.5040553988713,16879814.373098075,-194397.6293874845,3.4231305196627275,20.309260372886644,1.369978307788342,-1.1436571372031563,27.86196724022246,0.0,-95076.38263128203,86596.46940474256,bowl
R0348,348,EASY,20.0,4.0,36.5920735467716,bowl,Cm_alpha,+,20.728344889064225,1.239274923933134,1.7233612444442317,0.0269187780067963,0.1593300989749176,-47.78013848452044,12.038476351328312,48.844592767682045,63.00316546968176,11.840043438152566,4,0.1140881174887107,0.0810856139000818,0.2134814805108177,2.519173231145364,200.72654045722203,44.86459801850962,-0.5182086222266056,-0.08801222058447851,-0.6912116414335284,-0.028427024323002037,2.1184925409525994,0.0,63.915412087651205,2.302923342750819,-1.2759014131879312,774.0916344283122,57205.64815319692,22830.86376800186,0.4343096483403497,0.35502623859643745,2.9067969965016602,0.052947351804038194,-9.722128468265199,0.0,6439.111639973877,2391.9690829171736,bowl
R0349,349,FRAGILE,45.0,8.0,76.43712153563857,bowl,servo_slew_deg_s,+,49.77840178551398,1.2367580910684275,1.7633882396455518,0.0148003536699889,0.1200576688000414,-60.1299605630779,5.219556873239606,44.10151278913074,34.52504802413981,12.179674825732668,4,0.1050241456941011,0.1666449719400818,0.1026220281187821,-5.932800474346998,-474.70494301749716,95.9184975038158,0.22331466425027324,-1.5575654172451951,-0.5253252034095318,-0.4977840178551398,2.4623198062589755,0.0,89.26159955430789,96.80496896021639,0.4223381095627632,-71.55699678715074,-16336.55917547907,-5749.947230484575,-0.371506528489554,-12.784368277637988,-0.5534932556962815,-0.045731913878964366,-8.231703380797603,0.0,-7672.732961801101,-182.65666984915265,bowl
R0350,350,INFEASIBLE,10.0,4.0,63.42327090928705,bowl,servo_slew_deg_s,+,36.63852505532139,0.676073686317124,1.4899303889982014,0.0179876688781313,0.0948198713734654,-35.55745594455249,9.60085731063912,32.19091906213431,31.39335035094405,12.593638345425727,3,0.0358894237496687,0.2347552072995229,0.2332992125828832,-4.0588683182794965,-895.8918931931063,88.0857102542873,-0.057685069379744824,-0.42167926155968544,-0.16901629615449282,-0.36638525055321386,1.217109216597977,0.0,42.9263093934895,93.48625135969155,-0.13679399866497022,-234.21633829696157,-23052.668956883772,-14713.56311582541,-0.2641841507592728,-1.6941833916451203,-0.25837580674665334,-0.00871585940331458,-7.868520387411116,0.0,-4242.520179385148,-1590.3652248873195,bowl
R0351,351,EASY,10.0,4.0,29.507280264681743,cliff,servo_slew_deg_s,+,19.644315344768167,0.7110060026033765,1.322794949401477,0.0285798442127819,0.1004823642453858,-32.22048091649461,7.416903640245387,26.83851914248994,47.40082825944933,8.658807193342797,3,0.1164746893318444,0.1992293185814554,0.0728811024001148,4.44649884121073,-61.123454378669116,-12.40579467117809,-0.040145323754550155,-0.42123896889195817,-0.05333795693073799,-0.19644315344768165,0.660119823171548,0.0,16.382585941698395,49.36693489477613,-0.07496166018671113,11.161992957368186,25231.102573815846,6223.77196867202,0.08745865915566231,0.06635661795681563,0.14209229196109305,0.052705052803874504,-1.7114265295883406,0.0,-1896.6498182753378,3705.160859316778,plateau
R0352,352,FRAGILE,20.0,4.0,40.746510615198055,bowl,mass,+,13.963970511222596,0.4812483247624445,1.9405506460589668,0.0145721628766724,0.0789054082855753,-33.93951747298773,10.09490760754314,40.08185064953025,42.585342117309885,10.831006925958247,4,0.1278732381693172,0.0745136535641239,0.2712823955786493,-11.636642092685495,-448.13246595371237,-16.46087573059481,-0.24386167569371198,1.438477411118725,0.48157134993792283,-0.04975801092184558,1.978783876993637,-54.30022326611445,59.11309481942938,47.739199446797855,0.017147705880797837,586.9119243071284,2070437.5941571046,13924.678577568482,0.45732379674767953,9.602844348309901,1.4061688429380979,0.1477603794567505,7.021226781676186,14480.059537630508,21620.716176246435,10476.254819994714,bowl
R0353,353,INFEASIBLE,10.0,4.0,316.6830816454776,bowl,thrust,+,102.66599945969901,2.138990811239767,0.9477815886668804,0.023528181243539,0.1468994658899915,-69.03921525510097,13.665825054494844,29.09883790305365,80.58531659463682,12.975642249490129,2,0.093778375371726,0.1922776744241754,0.2789427102119228,-68.72727973936847,1496.44753864692,1114.5689304663888,-2.2674306275856386,-4.741529796849742,-4.10663997838796,-0.6418800889724412,17.37706674640242,38.753164147628915,-137.28968245033516,81.58668878430994,-1.208258903671675,2664.5733447727575,3288240.90784274,202813.80838101558,9.303135589688916,18.3536279738265,9.240218777747586,0.08521560206330506,17.124991452307142,10334.177106034387,10098.395266488256,29625.248670356275,bowl
R0354,354,EASY,10.0,4.0,31.991516589627434,bowl,backlash,+,19.39026715362623,0.5411324051764947,1.6406156933408962,0.0385032961293367,0.0935771666769302,-30.98851022833357,10.889127403734074,37.17024744190964,110.71030962140968,8.977032040023822,5,0.084717082205158,0.1646136479715905,0.1153264043918413,-5.29778885516926,-332.32986394469617,-46.32072206630291,-0.23716739290638336,0.15517592135827016,0.6294220682743464,-0.05575511940276066,0.532641286783043,0.0,-77.56106861450492,15.26684095887785,-0.9228299940898403,-366.83947800635906,-396937.6354460517,9687.546083520547,1.6411619229503327,2.8490762669462435,-1.513138303017513,-0.1291160573102009,-18.026110442910642,0.0,-25259.177279730062,-5606.568993914752,plateau
R0355,355,INFEASIBLE,10.0,4.0,87.11699431803449,bowl,servo_slew_deg_s,+,54.62536363576989,0.7852945781267828,1.1488042283977904,0.033154995001424,0.1049432902980178,-33.771661094423074,6.183599339332164,26.363942574959665,30.26281820588792,10.029587870824669,2,0.1448168539830203,0.0352174609551971,0.4022403300655287,-31.20052830736793,-466.7389711281784,193.16659375026407,-0.2162617655303949,-1.7972807243051818,-0.7671648896193559,-0.5462536363576989,-0.15711534728981966,7.953208145100379,-2.582124733139039,71.04922129462257,0.0676904488151937,-400.7412433061005,-193290.71176989158,11660.133851693088,0.10726885570705935,7.1401633738951835,0.2030722178057772,0.06635398204467989,-1.2439122745106213,-3754.762342088322,-5461.237306357679,3810.8780165113853,bowl
R0356,356,EASY,45.0,4.0,22.702253515497176,bowl,servo_slew_deg_s,+,16.91241811011058,0.9065173005646762,1.4190408294609331,0.0381278079705852,0.148452810820602,-33.02723160214187,10.882355995230734,37.86433703356448,41.29809032141309,14.0969095672571,4,0.1444053829580071,0.2233336966768301,0.1251738291796862,-3.37057750103282,-191.54390225295953,-7.747627561873564,0.00787181650094948,-0.23658174688357328,-0.17533854819562933,-0.1691241811011058,0.5190202577642966,0.0,23.832331728437254,25.621729367068863,-0.03435801713880471,68.7732838554225,-147739.891676793,-11031.08842139093,-0.06061236086103583,0.048600508750688116,-0.11704707266827086,0.0006628163035664514,-0.17747904192870703,0.0,-161.68278619097094,-2033.3802515344,plateau
R0357,357,FRAGILE,10.0,4.0,34.86444112373965,bowl,thrust,+,22.33444122366058,1.9720429117142853,1.5141930770221803,0.0185534380408254,0.204964732903091,-53.06806888140177,13.426964386983586,39.37798465240756,102.72590805990046,10.230083274101274,3,0.0248305794459599,0.146955100688592,0.0586234142699758,-5.0021018740952545,-137.1853786997656,-36.15728146842599,-0.05501196292739152,-1.5637356183939641,-0.8933776489464232,0.024164759074622743,-1.2503337963650958,0.0,-5.18276811242941,45.02842439925928,-0.10649241332975912,460.4316998368271,-173151.12888448394,-12612.263344087372,0.6325415730482344,-3.9055292763942715,-0.5150197930184937,0.03498951665939167,-3.2520712533411196,0.0,3875.4946027027177,-13167.166396596247,bowl
R0358,358,INFEASIBLE,10.0,4.0,543.9077997322763,bowl,servo_slew_deg_s,+,201.7566729267256,1.834807266793541,1.1851033930878527,0.028171093150572,0.1473483677424993,-56.04054631028943,11.817542909945631,26.21656773513968,54.07630459213014,14.789619216132207,4,0.0803012634065886,0.1731646709995151,0.3965323457527431,-93.80330802162378,-2107.4008747942257,1936.8984468240865,-3.9764652000466256,-6.069507592604686,-7.650925661746991,-2.017566729267256,5.793734352894341,0.0,111.11750321958529,363.2642076131795,2.4044493951735646,1981.5769077343389,3857713.5107097365,67610.7070547464,-0.23503717328461704,8.684287887299082,1.544105480884201,0.0742432271431528,6.188363809540529,0.0,-15924.864601911913,15059.41382504738,bowl
R0359,359,EASY,10.0,4.0,74.3891277657833,bowl,max_gimbal_deg,+,33.02045105612255,0.92433042474343,0.9245551642407182,0.0256602678074083,0.0780778265658689,-69.25626872443671,8.581461607098777,44.297627902394495,102.58355743812112,9.549623262586882,6,0.102359296869306,0.0057180178781277,0.4062185807376184,-8.955968685714623,-604.6011534252578,-63.90039398040531,0.9410008472651269,-2.574689200794,-0.10764269917003873,0.10338925431073806,-4.717207293731794,118.75679440620756,134.91615432006773,-44.211428279233324,1.8273364377409376,-10794.076426288138,-1083408.6324719742,-58582.27590406628,-9.344410007722544,-26.92452109856395,-4.201070778211279,-0.11573493897910167,-37.61317902563449,-31668.47850832199,-98708.27875167034,-5931.097302149,bowl
R0360,360,FRAGILE,10.0,4.0,72.58312346474663,bowl,thrust,+,50.40262129858173,1.1656602814240773,1.6820600174062952,0.0217343138477473,0.0937466074690057,-60.09326798337573,13.878060575967131,30.23292211374412,43.24974490792799,11.531385215387544,5,0.0811515175059957,0.0458638262099693,0.0812010151016095,-8.522545463059815,504.64163758191813,64.78605995841006,-0.06235860974363261,-2.29575048699236,-2.016104851943269,0.004466953919454397,0.738126246364348,218.36221377064075,-62.28465058732796,53.08444210384488,1.2544823445279802,1142.8265181390218,2020502.8384468327,15819.597422721827,-0.07188138526574539,209.1041979903973,0.22418931171558712,0.011315540482624726,-0.1953917510604411,9899.223699310367,-18881.130182575576,-9046.892649896916,bowl
R0361,361,EASY,45.0,4.0,27.372540849315644,bowl,max_gimbal_deg,+,11.833670517073779,1.4209488382496018,1.5221757610539002,0.0219362292083742,0.1555635766272494,-55.16863051131119,8.103488362271191,47.21768824134347,49.74509991184805,9.506508226961571,6,0.0476349547048381,0.1024787982376708,0.1226867599173257,2.5021425094764216,342.8597492747197,-8.598347039847136,-0.023353878326424438,1.3164379301942217,0.2916482897364968,0.09618592214442101,-1.6905243595819683,11.457265941131745,-41.74790058794561,24.06250077095483,0.12369750299414317,-390.9608278718022,219516.0549336394,-8133.404926644955,-0.1374202772080919,-3.700227423267553,-0.8129412626299626,0.1076043836899215,-2.4063461867772684,-3055.270917635132,7761.574207795341,596.8170297509864,plateau
R0362,362,EASY,10.0,4.0,31.741591729446412,bowl,mass,+,7.417055525039244,0.4490240157639479,1.0489323799923709,0.0370381485946018,0.0653599581632286,-38.36901037128548,6.469863266952583,40.37448025586028,111.70739414671368,8.95776568565652,3,0.05373442371824,0.1892565527385313,0.2212552347997293,-6.180879604199369,187.91613389604146,2.0609549026344713,-0.11050681623243563,-0.4987545710320269,-0.016701554049499377,-0.053437326529232984,2.6178801613966347,49.77990585049454,70.76462635817103,30.37294250891242,0.33159684930193256,387.1408022673604,642486.3473686707,2156.6995518214703,-0.040607930314504825,7.991410136567401,-0.27059256154994726,0.031065722515534695,10.361579783654864,-9902.26240209738,9325.499675751491,2682.0774897932283,plateau
R0363,363,EASY,45.0,4.0,74.09210040367827,bowl,servo_slew_deg_s,+,48.58962915959856,1.314234413502941,1.2902697862648551,0.0179262591152955,0.1390389944322332,-50.59590584554597,12.638603104568212,37.08682668116214,39.06809140133444,11.10876797063936,5,0.0461185059370302,0.0600223997043459,0.1611028152842975,4.171975586094822,-382.36531265387316,32.40708696933209,-0.0016928809735012873,1.2684761760851693,-0.5332186337715218,-0.4858962915959856,-2.327000718051246,17.48197912765554,144.68331868014047,80.67904491139849,-0.02851150944263159,676.6118314924794,739674.042194704,10022.040754788337,0.03555107002598734,7.3556958985260685,0.5298237757659359,0.1848602509448896,7.665960385386331,4661.861100708144,16666.381072990618,15751.151459994322,bowl
R0364,364,INFEASIBLE,10.0,4.0,140.68365316905886,bowl,mass,+,71.65407469861263,1.6822617105470927,1.1120477992745912,0.0177421528335921,0.2005856402817997,-43.29138967883483,9.460679157609045,34.48871148291434,88.27837772708288,13.483456949515729,4,0.1266102336437151,0.1811509721976284,0.3948037430723368,-59.71172891551051,556.8528153836905,164.6036438782579,-1.1174230727630503,-7.736243415465047,-1.3511981811505407,-0.2931741978467414,4.8069759787127655,0.0,39.283636994606574,141.8586661089982,0.47993623068374625,786.8995541312486,2222097.89779304,37247.816922417274,1.6556959020296764,29.83226905573711,6.038139887733203,0.4234909487444628,29.261119527958662,0.0,47647.131076229954,10586.485367089303,bowl
R0365,365,EASY,45.0,4.0,40.4447809578532,bowl,backlash,+,14.336554389937467,1.6589094072252624,1.2898533768571356,0.0251642008485754,0.1532859990306107,-50.53729425140873,9.998659685499025,28.22571597747891,95.1174552159512,10.921510101228588,5,0.0833505947971212,0.2102299406040049,0.0716579302144837,5.909927956408977,874.4428397611362,28.286535556162804,-0.06595475513833304,1.1875044966790327,0.2605039126860742,0.17871135540122962,-1.885209214424642,0.0,-57.34621755974987,-4.059126613352237,-0.18471213116650276,-159.7114453838556,770158.7737359557,4144.242881222865,0.03973175031445497,1.1649798122905264,0.2732071211252668,0.05321694827797056,0.18423751718888146,0.0,2894.7942217363284,1809.484760764807,bowl
R0366,366,FRAGILE,20.0,4.0,42.26849188820253,cliff,servo_slew_deg_s,+,32.23414535039819,1.4524875468501302,2.0804780026129546,0.0206419973808528,0.1526291539123709,-55.98238675930551,13.176184853477569,44.79343172488486,46.72472928182101,11.913266912204444,3,0.006052250159318,0.2482914549690255,0.1607465680706375,-4.6066569664535315,7.215210165301275,45.655377930836096,-0.1371860052591538,0.13906607612183033,-0.3497461973330601,-0.32234145350398186,0.35291643825811325,-12.364290944820477,85.68292533868271,18.88829905099324,0.022634179704958513,-1376.1893940467914,870360.8092490846,12028.54711929374,0.24729002541784428,-2.154291505701402,0.9534346876703875,-0.05914438885416004,-10.719898514317812,-4574.534259986653,-510276.6700314161,2702.0234201991075,cliff
R0367,367,FRAGILE,20.0,4.0,29.14708640449149,bowl,mass,+,15.587405280632632,0.4330713088408758,1.5194810695647578,0.0193586651200123,0.0582734434943394,-39.814636585376746,8.546147434262188,37.150905919424055,61.65358238965402,9.809626568197286,2,0.0585316748794931,0.1358292869191544,0.1802422889291311,-12.989504400527192,3.216175421676105,7.498201761622792,0.28386021275999673,0.708446353045529,-0.09309000892115833,0.030716927190628417,1.6312120781723816,0.0,64.42257792929976,13.721803116193206,0.11103478574453174,350.6096856771687,420885.79178879835,16618.140115437112,0.07597409136857647,-1.899986578410396,0.4459762207590836,0.10584533759000472,16.440352202026595,0.0,6162.7160203135445,2713.7853630323666,plateau
R0368,368,FRAGILE,10.0,4.0,58.42531722562549,bowl,servo_slew_deg_s,+,35.30759428585057,0.4790907143150197,1.4165316622572082,0.029685111390532,0.0793467963167718,-31.245853532404283,5.173437325109195,34.66326188983048,59.55239329270761,11.11469502160354,2,0.0957311684053209,0.0616131208300732,0.3377415889159356,-13.343212637003683,-488.699589043293,24.262441411652357,0.12956430532391544,-2.2646738763605763,-0.6794548706844029,-0.3530759428585057,-1.9055613484130411,0.0,70.77238470916272,53.04618449352132,0.47916101183480464,-447.1883356614081,-210843.38764147073,-15429.587900488195,-1.6420302201427581,-170.89336124181958,-1.791793315395556,-0.07790078686434583,-20.90651014718384,0.0,-10374.107110101731,-3832.449583539874,bowl
R0369,369,FRAGILE,10.0,4.0,82.85875119165992,bowl,Iyy,+,50.8873091121477,1.8637093594479035,1.2094652832825772,0.0333996506820145,0.1553329607992087,-65.75035535439133,9.932712833646882,38.87124351154176,79.36553383852365,11.854500787248316,3,0.1167025917561767,0.2032944278713188,0.1042872984207104,-3.9556336961710277,-1696.24363707159,-15.59488225859574,0.4338004014544462,-0.11884233079907769,-0.01445918541458564,-0.29414883284162374,1.4993241807947753,0.0,145.32669576463755,-101.42888433551349,0.3751763329354201,1900.1831543980245,1099358.5190816037,-17986.073210002167,-0.08414093306916726,-5.2434799232429015,-0.6147341981593228,0.10766712726723045,-4.573576020657358,0.0,18990.088181542807,8599.19008081517,bowl
R0370,370,EASY,10.0,4.0,33.507458334501834,bowl,backlash,+,13.393902555784537,0.3256167335673554,1.0807631393968729,0.0287492541972996,0.0414486455063272,-40.66339848967273,9.141264784055878,34.67974992173501,75.70201386511818,9.840023730072415,2,0.0728454637373103,0.1322299192731681,0.0682327381887514,-11.054408118357767,480.7335883718452,7.895448652269957,-0.008928407899060797,2.0377685875678613,-0.193924271114928,-0.028776526079558985,1.432072297572944,0.0,-53.57561022313815,23.470931330684408,0.3304760253115204,0.4224078127062422,-861487.5055625015,-82003.9507943373,-0.07697176255377158,11.188655597806218,1.1235481212370069,-0.06988867424344854,-24.729444911097794,0.0,1932.9009430849064,-4248.0338515729845,bowl
R0371,371,FRAGILE,10.0,4.0,80.20919157850751,bowl,thrust,+,40.07212353156005,1.4672803047721463,1.9839591300102284,0.0135921328034177,0.1425203477039019,-50.797066254919045,7.204177734906736,31.511290447049618,88.7182209248677,13.34631207135303,5,0.1133724676549977,0.2466995328650164,0.1756754453089422,-17.644358886679264,-563.3568411874743,87.57313658811064,-0.20192859005588404,-4.415236643833491,-1.6028849412624022,-0.30885747152994947,2.7700006991377117,44.58370460761029,55.706901542298176,59.90508867735479,0.5432528452888614,-428.1230458955866,-1748174.3123296818,-23728.787814593303,-0.04926022359798354,7.609782124225457,1.0463995638750532,0.0029095080295257246,0.5940011894064845,-11888.987895362732,-220678.91578578556,-8171.18785007504,bowl
R0372,372,EASY,80.0,8.0,53.40524115580068,bowl,servo_slew_deg_s,+,31.965510861217687,1.732876367387544,1.1763465951879963,0.0340334886940376,0.2175786700236948,-41.44447578039048,9.821382666318655,35.05033201369383,64.07958821637422,14.74435706835513,4,0.0369481557219797,0.1765985060711508,0.1456768820371004,-8.218009364401839,-71.9401436581629,153.13334457046048,-0.46985805021722493,-0.6617791672696822,-0.08749986620619836,-0.3196551086121769,0.531627479089224,0.0,29.984530214996685,45.20075336892144,0.1257396305883649,-276.20722424560523,-1235928.135586318,6224.066864336793,0.14366294587216943,-7.149788941080729,-0.18201014183158348,0.00981454357424198,-5.210957790559635,0.0,-5229.309036995928,-1666.229509500316,bowl
R0373,373,EASY,10.0,4.0,87.20171208162746,bowl,deadband,+,38.81219177149453,1.9510788090492024,2.0008250830472294,0.0292212173044631,0.1681390780830758,-51.688617582761694,10.760060785109529,25.682594267283296,64.67453188357771,8.529208070071286,5,0.0046199376310083,0.2430217387552966,0.126448476677907,-21.183064481909117,44.7205368196274,-9.707450651514362,-0.39055768591612805,1.076440031631488,-0.3504448418565016,0.5394069104125616,-4.6753995872165,-258.7479451432969,-129.46276867546717,4.407277183474124,-0.8631664658395961,898.2491182030893,392050.23290201614,-2540.9190583783434,0.33556946667277876,14.20872359784492,-1.0624620579013104,0.16168935941479512,11.48365257607978,146928.16991229096,84467.37127816323,-3615.336142199355,bowl
R0374,374,EASY,45.0,4.0,30.731459802131845,bowl,thrust,+,13.763456109004677,1.1414841517788743,1.4554636802227776,0.0267940541153779,0.187195250508622,-31.53233788370794,13.32155602928231,34.61175168197522,58.85079889430454,14.940257980479709,5,0.1417149748868362,0.0904633685826009,0.1062959669225245,-9.125496561246562,11.367302348697084,-14.342788081563183,0.023962839824384557,-1.1064548273779073,-0.5505382443601871,-0.01959743366831317,2.834720141109408,0.0,-24.013330880580924,24.111742972364798,0.27081096023934403,72.14540799985106,-619613.5268868435,-8173.6726094471405,-0.2783167082091468,-7.454440245005809,-0.8598819718704459,0.0028718535449442227,-223.73488617735623,0.0,-2974.5908498038675,-1477.2183046083335,plateau
R0375,375,FRAGILE,10.0,4.0,104.11220898077241,bowl,mass,+,63.09170046372068,1.3415116723372762,2.0567116132965864,0.0249366595016515,0.2144125129840492,-32.92834770614954,12.62752904556771,35.85193310737792,68.47738432226458,11.702080677107032,1,0.1126882612821057,0.2498216260285107,0.3154098135657383,-52.576417053100556,1183.098977727794,58.03682840091241,-0.5323631989985085,1.1592121419182295,-0.6909525685885185,-0.5057256608869621,-2.266405497435007,0.0,79.00525634349408,-93.68259102895432,-2.057859526352754,-927.3731333792164,645256.0348762313,-49067.814484376446,-0.18077206900182397,-17.05548879884804,0.5744612617500161,-0.09808255257676969,-17.416454754596234,0.0,-169714661.81160337,7938.2872494519615,bowl
R0376,376,FRAGILE,45.0,4.0,63.89334746721066,bowl,servo_slew_deg_s,+,27.49856951032903,1.699251116566484,1.2259811484209622,0.0169886244559854,0.1835636543602926,-47.248679852903095,7.496520160579807,33.720885956589775,116.2156953587392,14.596404990452378,4,0.1388348249149822,0.1105022943144648,0.2251614232730137,-7.152069149279129,582.8539554891306,42.91160334632243,0.22700833170172396,-1.935330766833338,-0.24363496444092192,-0.2749856951032903,-0.49494914074036345,0.0,105.37862750591752,104.40739318552487,-0.7762245679620303,-797.4214263320198,-923806.1069694601,-1208.5220937971797,0.9236474196432076,4.8510725984612755,-0.3904128130774188,-0.05280003364816428,-9.875926495919643,0.0,4490.0175130826165,-4679.54336364558,bowl
R0377,377,FRAGILE,10.0,8.0,69.43699177193022,bowl,max_gimbal_deg,+,10.110434940325305,1.6378285933818406,1.862122572920784,0.0243969496267034,0.1548142894986244,-63.3766773223041,12.429265887739056,46.452113703151,107.35306774313372,10.88023594924853,4,0.0348232750237644,0.0992138793149711,0.0803831460188044,28.614204693692926,116.92974848297519,90.3618175773851,-0.11263374120428324,2.015780985215961,0.37212512270287307,0.3132661458701368,-1.4443478486179007,0.0,40.20726236892963,102.55947175586044,0.16815322531811994,-2323.8675001303013,-2952493.074444638,-70276.9765010245,-0.5207579812462223,-16.87324285323817,-2.928077045149305,-0.2529185689737837,8.356312470642703,0.0,-53437.41568944901,-24199.069723893495,bowl
R0378,378,EASY,10.0,4.0,58.94782432607052,cliff,servo_slew_deg_s,+,44.86583431283163,0.4724067780408069,1.9392666551516369,0.0271860528330375,0.0607126347163751,-44.68937965117679,10.338242250256286,42.696859189745766,38.7691158889468,12.104816796139062,5,0.0479398149465601,0.0871868419060531,0.3559699816540726,-10.816023880553853,250.95699888123895,63.42229962864839,0.16632395579429793,-0.7459418021477031,-0.740189299739679,-0.4486583431283163,0.1635961055769237,7.594605284753916,97.64815811999088,16.872858972908276,0.7753948146669027,124.01419605370509,-309957.49488202273,5790.860781679369,0.1281357290288383,-1.3443235825298856,0.17116679553971664,0.08690837000147504,-6.2781008566034,-2025.2280759343776,-2847.0098717889427,-1156.5119063031839,cliff
R0379,379,EASY,20.0,4.0,88.04562776380047,bowl,servo_slew_deg_s,+,54.26732489086752,1.993465753065713,1.6363337828346949,0.0319033578241161,0.1608097614519957,-59.01220352207388,11.314634994088694,29.33271600237549,94.83419512527736,10.29545474953488,2,0.0128406403654218,0.1258374973656364,0.0692492497381594,24.91075988455395,-552.9496923471438,5.324876763610882,-0.12055634284297856,-1.565858006033453,-0.5431018942053989,-0.5426732489086752,-7.099036761820876,0.0,93.59492984091919,-36.57717836705721,-0.12114802770630018,869.4946883919333,3399002.3171827975,16431.41641351528,-0.1796616444629313,12.22270554273923,2.719385845760006,0.12471072156979918,48.29926636521661,0.0,31216.550319708338,1808.6990157922137,bowl
R0380,380,INFEASIBLE,10.0,4.0,192.06016076044543,cliff,servo_slew_deg_s,+,162.24019887443765,0.933424443034482,0.9122742916042624,0.0215929060476048,0.0866549184157738,-54.2227758871506,12.724987768642777,32.79842190600915,26.06246861675085,10.935647725312917,2,0.0209094865951478,0.1949948992830275,0.2767654211267854,-30.27248468742178,-1025.7514868630853,341.9268789280112,-0.5610695082478028,-1.7162558426453824,-0.78714012968789,-1.6224019887443766,2.7703651903275555,-11.416424006052258,154.19361647955483,62.62842448216114,0.021869841204821938,-2309.5010593095144,998895.4331437534,30335.477762376147,0.8433406259973975,1.7260626540295838,0.27642749043481674,-0.04125075077191156,-3.8616426956674546,-3044.379734947269,-1871.9032284633581,3215.3216840931564,cliff
R0381,381,FRAGILE,20.0,4.0,131.7250993427017,bowl,static_margin,+,62.318884573069596,2.696421948204418,1.963009854385944,0.0100689343657868,0.1844542935712957,-69.22711755165268,5.52379702396208,29.02790450676032,94.43708113520827,14.013949896139389,3,0.057303015342683,0.03056178272971,0.1220412184435341,-39.88606924594114,2681.622306481956,-311.594422865348,0.2411473461551216,-5.021280575651419,0.4957065760205152,-0.20201611550162307,0.20304882752346737,-6.766248600728157,166.01436938206123,-42.010209651923965,0.7021682190644469,-2132.8807727247354,-2345738753.71624,-95062.32424459726,-10.353818076802236,-44.891075927590485,-7.559206501649096,-0.45077764486471594,-40.83743599814017,-1804.3329601941753,-50844.0625835569,-6709.970207578963,bowl
R0382,382,FRAGILE,45.0,4.0,117.77286061122182,bowl,Cm_alpha,+,50.07468987683904,2.101002000265015,1.0628372502807002,0.0192908951322623,0.1663585552188088,-62.7730214252202,10.993839693977543,31.97751939213817,106.62589757773416,12.467893904469069,2,0.109526174813868,0.2444062794691152,0.1086729125830853,-38.220845372504655,-478.2567264566781,310.4464423656318,-1.251867246920976,-1.647180649882797,1.051612811676621,-0.046407186410722015,3.623119030833896,37.91655236640503,219.57441657783897,60.05579316478394,-0.1828623806923373,1211.097646734402,824644.9592335107,35509.11166918248,1.492320685688767,28.843499635608367,1.4758366106476002,0.17142175257082776,26.73249273894895,10111.080631041332,128028.64986966104,2903.516068400614,bowl
R0383,383,FRAGILE,10.0,4.0,91.4779723339957,bowl,max_gimbal_deg,+,35.34071547018154,1.8755686639467612,1.6243279842777008,0.0124807734521539,0.2214157069536131,-47.66375789670604,13.207671812133505,40.98159267903643,86.81371233191551,10.797102362945813,2,0.1184746597806796,0.156414304209737,0.1470073190865314,46.69355690240071,213.36528877005048,149.09414779968077,-0.45023044998600836,-3.8577303701367023,-0.48559339484468395,-0.3271266156470909,-5.048673638597363,-90.74582901062351,26.616819532224387,21.31126561681512,-0.33621048232645023,-410.415662055961,-2340552.685873367,-42738.909854501144,-1.3753350875368064,-15.597911623604107,-2.6745988138982955,-0.20186065404147505,19.18284879765315,-24198.887736166293,-11152.058794165921,-11240.025897969143,bowl
R0384,384,FRAGILE,20.0,4.0,82.72504728027846,bowl,servo_slew_deg_s,+,40.571707365541485,1.4839850915514463,1.001565389639263,0.0357454546136769,0.211778089353003,-31.97991253827553,8.782826860568974,26.95993719460317,108.08445082700648,12.429531757239683,4,0.1219597713537879,0.0889880919592815,0.3819274005549266,-22.861251663238598,-213.045868368781,173.68169727204423,-0.4140002077743088,-4.139275385425144,-0.5613661557352956,-0.4057170736554149,-1.8628162502133343,0.0,-16.651341574797346,84.81353329020554,0.18649156769488862,-970.4063709196557,-1685710.0247840541,-2093.096426296764,-0.15937714173131556,-11.011792916349245,-0.814982877012087,-0.10463574939521408,-26.96163065586175,0.0,-22908.664396991935,-8624.4458594038,bowl
R0385,385,INFEASIBLE,10.0,4.0,99.96382802584054,cliff,servo_slew_deg_s,+,82.85845275964417,0.5440821826293222,1.620893619350689,0.0172006686002475,0.0506893102205299,-50.94345483781794,9.72743621962714,29.15693711755389,29.05640598282121,9.001660483770564,4,0.1274313352397155,0.1703236256895588,0.4171626045265667,-3.164899788999162,-746.2507671171778,154.85301345497803,0.1896640964192855,-1.44824468914664,-0.13836911500333854,-0.8285845275964416,3.4277616157317463,13.479200009959639,43.48168827937709,66.85084919663588,-0.5188827379626577,-618.597272867527,-953742.1342750241,7861.074690512556,0.1021607735132406,1.1155664281840751,0.9292234829231961,0.03206989554232749,8.568864649720458,3594.4533359892334,3539.3322507325074,-884.6861673321166,cliff
R0386,386,FRAGILE,20.0,4.0,52.40204458414219,cliff,servo_slew_deg_s,+,12.753809931046762,1.4053191527248057,1.5667846428325207,0.0169515347332306,0.1845602348006115,-34.06332002191278,8.209180466254754,25.903690604878,114.34587818177964,12.425569628784416,4,0.0888418723367742,0.2024431388069271,0.0785176003450255,-9.467666004992077,-122.60647215510008,10.243652039119135,0.04670555138423982,0.5189272369940335,-0.051236561536317435,-0.1275380993104676,0.39077372621994694,0.0,62.66571939390287,116.09933003187498,-0.842849735027956,570.6966134836231,464851.08451492473,14986.410210641905,0.27491058377049615,3.2133334244494254,-0.8850850341789984,-0.03270054935840136,2.7637071425886064,0.0,-2344.6338069188655,5312.5432241641365,cliff
R0387,387,EASY,20.0,4.0,103.30024337828559,cliff,control_effectiveness,+,47.637988016428814,2.4589716428756283,1.7346740363972208,0.0380682181481823,0.2358919146169324,-57.8017677457224,8.994947271663952,39.79813016737624,105.23534585422658,8.914544587470425,3,0.0786248842366585,0.0621929650517017,0.4473203470701947,5.035874100035649,780.2237545657443,-18.474800483484835,-0.09673084055091596,-5.293109779603202,0.26042267891127013,-0.07967056710147843,1.1113798053253086,0.0,-55.19318494454916,215.5192639539323,-0.7359243772313175,52.470964612838664,3311493.756307637,237755.47850440285,1.2887909961746629,24.694879491902547,4.644414313870259,0.14239620969249508,52.431394656775524,0.0,47999.81944002451,405454.2597219644,cliff
R0388,388,INFEASIBLE,10.0,4.0,164.24427654364368,bowl,servo_slew_deg_s,+,56.332178518367535,1.41276084090683,1.0027270601882252,0.0393751299143852,0.1250136006314349,-58.77383586027187,7.997674981760646,35.011172821202734,25.2629655377784,11.512817898675207,3,0.0027344438939564,0.1430381807804387,0.2753766348701287,-41.314552766735964,-934.8135569389682,579.0959408158826,-0.931544882254741,-0.7617288302359609,-1.208222272577629,-0.5633217851836754,1.532445767132143,-22.45066668299459,82.18532212013336,162.9415307561278,-0.07782109657937042,464.0554873606789,413820.04639999755,23168.755673719683,0.1165010442679808,-0.7797156325065016,-0.18039443429887342,0.003915706534815797,-3.1179051710189674,-30729.497455746925,-140.67772736893832,1091.247179855175,bowl
R0389,389,FRAGILE,10.0,4.0,39.64268765748781,bowl,Iyy,+,17.28669789668674,1.571196316044378,1.6121179150009046,0.0245723158537578,0.1800709504520057,-53.571855839904174,10.342354030174976,48.79340764066815,105.87876922562702,12.987015350480965,5,0.123198935416233,0.020872729426597,0.0988865518453578,-10.529266344060918,-576.2232632228913,-4.6979507352046435,-0.23638250510095027,0.25888140454271596,-0.2516103870745176,0.19515181021872846,-1.64034569995172,47.94422692130615,73.63461925627703,-21.578142750300206,-0.01086368369178281,-518.5958120713722,-1712865.9516888296,-52758.55220289648,-0.9005541018366292,5.839582868776103,-0.5648526688888222,0.008354900738097016,-32.99622517499275,12785.127179014962,-19120.819308031863,-6772.684862902471,bowl
R0390,390,EASY,10.0,4.0,56.810509710018,bowl,thrust,+,38.76422109284287,1.5798873918920262,1.6181251027995276,0.0202681574898091,0.1648070803940185,-43.71021601257729,8.41223813156133,26.91080737569012,101.27832353050984,12.963336682625089,3,0.0871084518385932,0.0004005100678621,0.2703751215293856,16.396334950700787,-378.09878730398725,13.82098412412851,-0.5714099304609179,-0.7412015568247357,-1.5505688437137146,-0.03069840585831556,-1.3832628267078906,0.0,-65.64005633119405,40.46230761074991,-0.9501331381706613,574.9451201391937,132368.60158519918,-13391.99916008857,0.06821551362951617,6.883085172638781,1.4316835973640656,0.11064185940132022,32.15542208320332,0.0,-842432.2439360422,-2278.5385704715145,bowl
R0391,391,INFEASIBLE,10.0,4.0,216.99911296987912,bowl,servo_slew_deg_s,+,164.81445971646573,0.7312948242492181,1.2300558848845036,0.0103488359712067,0.100706654703076,-38.49123839155724,7.775023179315425,36.36775269454748,21.392874250692465,11.584857020961945,3,0.0935339257946827,0.0371934117054234,0.298918479052238,-17.111548861268297,-783.8478420486042,187.35447439616692,-0.9520505667135515,-5.735149037752614,-2.2453675416165924,-1.6481445971646573,1.952843149264134,0.0,214.78223938316103,212.28683798585467,-0.7084886636376009,-957.3057648160652,-22754986.94536879,439.30450297583735,-0.03505636191155048,11.891997656587906,0.21234154894632865,-2.2161424685698696,7.720842228158415,0.0,4554.240907024472,-4739.24364950002,bowl
R0392,392,INFEASIBLE,10.0,4.0,192.43403416367556,bowl,servo_slew_deg_s,+,131.48921493203812,1.5939237700397877,1.891272984258732,0.0147786368282989,0.1691000081281554,-46.722286181527366,11.251998409841176,31.802531386705382,47.28959080167042,10.235474932751536,1,0.1229444542296702,0.231595351040365,0.4028754696645092,1.6067158908410173,1481.2162341197131,288.0118237873398,-1.956641708767349,-3.3190534561303777,-1.1725824458336944,-1.3148921493203811,10.358154433583918,0.0,42.66350883629823,86.49028799526023,2.1667284659027857,-2621.508585702766,-2740444.2852051887,-23598.99235594152,-0.22738961748261488,-4.297269529490077,1.5450786609986107,0.09859225813170326,-9.050819460530406,0.0,14656.818981539593,-8417.743313095241,bowl
R0393,393,EASY,10.0,4.0,70.96214044948134,bowl,servo_slew_deg_s,+,31.351265583863015,0.7595299974761904,1.0188661109306247,0.0145425765315545,0.0739855920977885,-46.680929808772646,7.766244820480168,26.76361652612553,77.85053518755069,10.996898755371564,2,0.0587623523225939,0.1069652230860355,0.0762687357957425,-21.920203494253613,-536.687010426061,27.067697378407566,0.34884683061834143,-0.4630444519150376,-0.22697328905086672,-0.31351265583863014,-1.9866970911610928,0.0,126.9290981985481,100.86066508813568,-1.3938751146028645,-151.26569391401677,-532947.6146417494,7443.540616033077,-0.2586792344817763,-8.497251854913369,-0.43197863349325644,-0.09064374280406376,-16.78308212372898,0.0,-7466.689719744759,-3525.4731784023857,bowl
R0394,394,EASY,45.0,4.0,32.83399203031803,bowl,servo_slew_deg_s,+,11.164158202035503,1.1460943595261028,2.083655233806034,0.0189852407698204,0.1557488981433733,-37.9382873278759,5.131649027414821,34.40535277718937,111.2277222737952,9.968094067827185,2,0.0963329241208043,0.2446241089931713,0.1892469050663639,7.467865426065054,-201.70640113799732,-11.336208159953188,-0.07776576801243729,1.7486283349019367,-0.012699584334268366,-0.11164158202035504,1.943592267218174,0.0,78.81415530092916,1.9168163282040638,-0.10927015839679566,-7553.867433284953,-1648112.0799003462,-21346.60556851517,-0.09298524194398339,-82.00393285332039,-0.27607627719936656,-0.00859024104660488,-4.648912408914406,0.0,-71062.77877633253,74.72198870766674,plateau
R0395,395,FRAGILE,10.0,4.0,72.42028244267402,bowl,wind_strength,+,55.91380125527403,1.721344984685827,1.955394823149997,0.0286647492571572,0.1419472566429307,-65.43053772293034,6.677425537114397,37.68256925205235,89.6742248903633,12.078981991257042,3,0.1466188081322416,0.0960143322998508,0.1727872200120634,0.9030244783999987,-748.6001049568517,-70.42862327462262,-0.1424333882999962,-0.7032514813353012,-0.58878394248407,0.15840361559630017,-2.871635338807485,0.0,-86.73908572869829,-139.78450313818507,0.599242759935426,1850.0134938890214,1316795.088326763,38648.31497111285,0.6073228596186744,15.36345363101053,1.13455136141626,0.12327643388804517,43.0193256899356,0.0,32407.104301074327,27091.94802841263,bowl
R0396,396,FRAGILE,10.0,4.0,32.34808776605509,bowl,servo_slew_deg_s,+,18.880726704193567,1.1192704753393166,1.949790567163474,0.0118443590503592,0.092870143580776,-69.1095308316279,10.67696309523386,42.56174100109772,89.2130685010629,14.82140008329684,6,0.1269861494506209,0.0901673598278566,0.1451567331296975,-4.052550978040526,18.182733890757422,-6.669615261657217,0.1448437791271216,0.08403327181093083,0.5765878153298324,-0.18880726704193568,-0.9060203918238992,0.0,-39.60164348223167,42.132735309119944,2.1686152782942507,-501.63225072252925,-1598193.922953602,-22823.95040617884,-6.904713122000789,-20.139415170854893,-2.493481370008486,-0.04125664258434959,-150.60143513620645,0.0,-29748.35790717019,-5872.495565656922,plateau
R0397,397,EASY,10.0,4.0,93.40154678554075,bowl,static_margin,+,20.609040986948138,0.3559715486015604,1.3136358916377582,0.0196879365637188,0.0425126458918359,-45.85149638846216,13.14188659542041,38.81272000194375,40.57789869417503,9.639562671551168,6,0.112812030457779,0.0343912574303743,0.222497558673469,24.11574353192872,238.5111369953194,-103.0452049347407,0.008761734949124245,1.72352976410339,-0.361106605997616,-0.194214881016807,2.6032836189403574,0.0,313.04705187403573,-39.847101082207026,0.4392872567233388,-0.04545352291539386,-428715.0475749313,-460552.2595474748,-0.13717139364291087,-22.68050704397733,-2.1108205528436166,-0.11420314790974505,-25.92179594800146,0.0,-15336.419971053563,-3274.550198918119,bowl
R0398,398,EASY,10.0,4.0,34.24663309325244,bowl,wind_strength,+,12.155577422573735,0.722999359427411,1.81356159290947,0.028018187785197,0.0652235305388637,-66.65232150303265,6.895892409222892,46.797720564269554,42.77965942855528,9.741848885675465,6,0.0153191773562279,0.0056237378922645,0.1979750005035669,3.6332025791451086,-387.65410571323997,27.240447025676723,-0.1284881219895287,1.220695571284465,0.5554193042292117,0.19613232943386189,-1.3189338105968684,0.0,22.37780173237769,-30.388943556434338,0.6473647413459926,-303.13601917601727,236516.75389803274,-7955.868138060196,-0.2394120968855667,0.7992968176177223,0.8108074772405912,0.017701202017358565,4.955689255432599,0.0,-22664.613834399057,379.618587269213,bowl
R0399,399,FRAGILE,45.0,4.0,63.58387199793234,bowl,servo_slew_deg_s,+,40.41404938981529,1.4636562181654371,1.5925693900975193,0.0246979520028953,0.1296207224277021,-49.95518304561863,7.712685384930429,25.333382320955803,46.92364149717375,14.856585692223252,5,0.0052664978381959,0.1453502294752415,0.1590834679180049,-0.035038944685054425,41.40506966869609,150.27654372081807,-0.5471021103420401,-1.0194979228618635,-0.317843388219102,-0.4041404938981529,1.43322467177775,0.0,61.00185786929666,58.37781284734607,0.18636781036717842,-159.83070933966235,-804416.5336718741,-7744.213464568625,0.19731610001895294,-4.616705376383156,-5.655047447987459,-0.013859207269548222,-46.502730070513415,0.0,-3142.6349703201995,-2464.570868131009,bowl
R0400,400,EASY,10.0,8.0,80.14074483261118,bowl,max_gimbal_deg,+,54.53616465525163,1.7774947572543291,1.548863168215996,0.0150328862143905,0.1925848196955842,-41.20056086464176,5.372943276332072,25.79259620380408,117.14034737624264,8.12144151567741,2,0.1489400983419197,0.1787827814081936,0.4014139994116222,0.6520812109698083,-431.23354635095905,16.52013879352297,-0.5510385844989822,-2.4036518797899897,0.6445842624326618,-0.0980521153555712,-7.790880665035948,0.0,-151.51343206347474,57.28478209052116,-0.9209165101010526,1261.1907233979723,350016.7790230658,15048.559909208663,0.30104875460515546,50.93723384531449,2.567673898495373,0.3949101526551469,238.55985564507228,0.0,15472.039531383281,12450.809169903563,bowl
R0401,401,EASY,10.0,4.0,58.82195896425778,bowl,wind_strength,+,39.11669785176283,0.3822730965279121,2.0315631479924625,0.028719781827914,0.0621589891833163,-34.98208767731609,9.756389184886114,41.880631625133454,37.465949936031066,12.10903090108048,2,0.0651776229862762,0.0046838530740846,0.0917730111332916,10.765726712259962,240.25271568454156,11.801630025620156,0.12909157830908002,1.9474339171990294,0.19741121369992953,0.16542518062013745,-1.6308620310416295,0.0,122.8524723723146,-97.79174462940706,0.0992493190546404,-968.9376335207714,-502374.5453995414,10757.193265843453,0.14795371580370853,-10.923588455308144,0.8413562233725542,-0.05158184395822488,5.667990384500524,0.0,9366.60548149739,-3933.9673342792894,bowl
R0402,402,INFEASIBLE,10.0,4.0,103.09878782224719,bowl,mass,+,77.60271222598163,0.9871503858395102,1.5784922911564672,0.0225264847250458,0.1254286619697363,-34.66719721010132,5.755727198484433,25.114570690456112,74.28828567900928,12.925944422062347,6,0.0459656689821728,0.236944811733533,0.3774319892422936,-64.66892685498469,602.1480770384115,173.56804820309645,-0.49003390251467405,-2.242296666185287,-0.4528883762871067,-0.2990798968808896,1.1804785486656666,58.96095799579324,-23.959856197179597,82.13121978422093,0.11341749331283424,-1314.9932159304076,-3403261.3922793036,-54360.16292751481,-1.5249854995823373,-8.184793946875306,-93.99420552995058,-0.05017406849129657,-7.673270071087801,-15723.055058766578,-7291.1785257507845,-4380.322104575339,bowl
R0403,403,INFEASIBLE,10.0,4.0,193.32447076583503,bowl,thrust,+,98.65744842984017,1.5282131941014905,0.9335887192473792,0.0337649457725213,0.1438035125357239,-55.14713291254185,7.146598877812197,34.85606306238438,90.20053223405684,14.047420339663766,2,0.039532481723913,0.1605557890044207,0.3530578173795035,8.48334342358177,-255.71045079815232,299.7619531238132,-2.1174801670659695,-10.398256011614674,-3.946297937193607,-0.5610929467037185,0.2972127688586875,0.8133186157754343,-11.617953990632646,173.04764730602733,-0.762412307033502,-7765.829020057332,-3628055.456564021,-53244.902377413164,-0.5885618979412026,-37.771209501734425,-4.10925588959838,-0.3099951825561337,-13.851125032417173,216.88496420678248,-57335.848266314075,11255.276094905874,bowl
R0404,404,EASY,10.0,4.0,66.24623294593181,bowl,mass,+,34.646451522033985,1.8125868247402568,1.0519263041678617,0.03442473115706,0.2153128382045613,-44.83853361159426,7.078408032252892,36.720312881203725,44.6437556923358,8.755830395156744,3,0.0564623172915014,0.0189296042536641,0.1621146948460087,-28.872042935028315,-241.84771949135967,163.70497098400074,-0.6711884353728299,-0.044660486247155184,0.5621255321771702,-0.10751644162951504,-0.3509633065370139,0.0,-29.00999031829046,-77.89809477048463,0.030810418391770455,1334.3892962295595,409660.7856166067,45763.96029426082,1.3064118569282839,7.651415109738393,1.2852830220414506,0.0905064255783076,16.49654265179161,0.0,22096.1994428834,9011.124363283661,bowl
R0405,405,INFEASIBLE,10.0,4.0,96.68863814934329,bowl,Iyy,+,62.67202321391634,1.476218256591926,1.1878633955972204,0.0118056143886831,0.2024663853311199,-44.15771237690444,13.453958104207285,47.4765557081297,41.742771185976,10.316127492171187,3,0.1310462205631283,0.2329118207416413,0.2909070966064812,-1.4259018272744808,-2089.067440463878,-79.74394175040757,-1.1595523613955185,1.800031797409975,0.45727748483334096,-0.36277509970148214,0.6725704231300922,0.0,-44.56459762402967,85.03063121760903,-0.07034667325112309,594.4001838200711,1868833.0124581044,25300.975212555935,0.9300135629222881,10.464577360024338,0.04478327278299275,0.3667107221619267,36.358432866403945,0.0,13206.426460908346,6163.120394266925,bowl
R0406,406,EASY,10.0,4.0,18.781398724571034,bowl,servo_slew_deg_s,+,11.034576615479462,0.9584824195619682,1.9884946023454408,0.0382028445421652,0.1164547600970725,-49.75917304399529,5.34003340303806,47.31009852567071,61.14221873560067,11.545279126454108,6,0.073420583219619,0.162826370884269,0.136251821141416,-3.8653272425989376,-119.89689034506142,27.013901636251028,0.0318798183695454,-0.4971730469411929,0.0017496047971236272,-0.11034576615479462,0.3667581104708053,0.0,46.03964009408712,-6.431276316863733,-0.04135469979625883,-51.73026180653681,-42938.3649100517,7718.458096314843,0.06776151384330914,1.65430137802787,0.0996358329879864,0.027321684173591876,1.464822168764137,0.0,5607.342284139901,425.62520831552916,plateau
R0407,407,EASY,10.0,4.0,31.11364007319589,bowl,Iyy,+,18.544972094149173,0.5359014232252427,1.3873041212317718,0.0273603882226322,0.0902467810154307,-34.451813986581534,5.935835745152796,43.56915768622724,36.80104162203843,8.161213104384908,1,0.0516753953331812,0.0461244449144694,0.0548865664521111,6.9542718450481775,-618.1657364716391,0.42755918520791547,0.1605227913907269,0.21600055368055207,0.40388825111698656,0.005702559901651494,1.9853846135208324,-0.116935953309986,10.141550311880106,-36.02375843619758,1.3027055964568395,-54.84399201748557,-142869.38800883136,2079.240770712893,-0.08113372276310626,-16.26636757344984,-2.388004487309859,-0.05810200427733499,-21.437900763513525,-220.96146525882432,10488.745631836377,-41571.14802372642,plateau
R0408,408,FRAGILE,20.0,4.0,31.14895759911731,bowl,servo_slew_deg_s,+,15.114643010326018,0.6081808723673635,1.2441401499431346,0.0253538635525321,0.0723151576155862,-50.72316794626033,6.722046239328613,47.08333927393619,55.73124803085961,14.934196942135085,1,0.0695914106064149,0.2488141680486695,0.1601730306292728,-6.922126200566219,-149.44704894482706,32.312806923757,0.027000492511215057,-0.9696861170127783,0.02509989424553183,-0.15114643010326018,0.8880976456555869,0.0,72.52057320283541,32.19740103245831,-0.2663590044050732,-207.80949325808984,-897597.5597872443,-11879.220953520355,-0.06367136886182134,0.9122789824478365,-0.5439879261372391,-0.019274813985843978,69.45231779357164,0.0,-137925.46781441744,-5845.210687641951,plateau
R0409,409,EASY,45.0,4.0,75.47226329222217,bowl,control_effectiveness,+,37.29469305783152,2.9866227398831406,1.6447791211651506,0.0358373406482628,0.2170185353722724,-65.693079854895,10.1637587830668,29.493989737434543,101.65167612794146,14.154876099883078,4,0.0464284795871065,0.0250251177820929,0.4226261032375419,-22.339663379498514,9.878211440178744,-176.2541106495502,-0.2090565287641315,-4.143854784203502,-0.42193831858655456,0.15950382522173437,5.814643066482602,79.574036927957,41.693240877067765,-1.563632426443172,1.622229620523347,771.2253722259452,2670196.0867870534,58926.23171711371,0.8390082068335016,22.10945690712487,6.317430707924571,0.15253201340522435,64.40490162853285,45964.91496323712,31573.76688876757,8428.919742717613,bowl
R0410,410,EASY,10.0,4.0,43.36341264212813,bowl,static_margin,+,21.654551229830158,0.5910860965123969,2.0343175107139984,0.0319695821921896,0.0694799037598306,-48.91552028366689,11.229594553026768,42.7928922164724,98.22300170443737,10.21191307015553,5,0.0732915095162426,0.1131415832347999,0.3678640251352062,-13.405377882322014,-603.474992126011,-108.2727561491508,0.2168399605005873,2.2245959217352698,-0.24313916277716316,-0.006818451681862481,-1.5461541165636157,0.0,52.61937977153655,11.521725047115295,-0.07063072161237294,-1175.9454361510266,-153138.49150079695,-26168.037839127926,0.3816963751661073,-12.795738965103935,0.0038047862731320947,-0.12627821522559915,-12.331054685288352,0.0,-1417.2495738106654,-9449.9664005997,bowl
R0411,411,FRAGILE,10.0,4.0,73.42201382495354,bowl,servo_slew_deg_s,+,46.891466407058054,1.5459742129948018,0.9886103288140172,0.0321209763144104,0.1381207063207508,-52.129325881868695,12.533942134003166,28.076221805787693,116.3153239954098,8.714671065206913,2,0.0225891634968178,0.1529671423914973,0.3527900707417583,31.27882990008638,1172.1122930384404,14.398714021745539,0.2524123414842325,0.20440842750518182,-0.2130516894707796,-0.4689146640705805,2.1961554465403763,2.7323723016994705,51.68552470754146,2.7684480967839127,0.3879064905044416,973.441948522028,-336174.4085690233,30751.981931884075,1.0943610899915188,-10.625299689153874,2.4144963911573463,0.09304886894516201,68.25416062862251,-728.6326137865256,48725.752581068715,8468.368116081743,bowl
R0412,412,FRAGILE,10.0,4.0,66.68872581099878,bowl,servo_slew_deg_s,+,35.61651265906545,0.8703596501475727,1.4402124374374603,0.0328437272592781,0.1342281619758778,-36.938457842649626,12.692271522633767,42.005742498024105,92.94736096786832,10.413904145768864,4,0.1469933311272068,0.1984176633982257,0.1530053931665894,6.595486456974899,-786.7078054320082,48.66833513551335,-0.18289728866440003,2.600668404532562,-0.38202372838470317,-0.3561651265906545,4.9072356247856606,0.0,85.25884352860743,29.324193537197083,0.9066018053334637,-1128.965431812425,461417.4223014176,503.86518674335133,-0.08970215085506483,-12.775092016617123,-1.441041340001633,-0.1457109066967672,-15.1955100663621,0.0,-29124.90358687217,2255.395183036595,bowl
R0413,413,EASY,10.0,4.0,54.6178656370376,bowl,Cm_alpha,+,14.081733435021832,0.7131590892961388,1.3194684952681572,0.037104983204501,0.0895674698378018,-48.99276961049743,6.847583043984836,49.006434749697135,78.8143490707428,13.444006044670823,1,0.0353774199656071,0.0087025443352164,0.1329211053321341,12.001408230862229,-51.51153964126571,107.11790682232022,-0.3520433358755458,3.3770879454863714,-0.024131889298894718,0.30629036564114365,-0.2554280986617956,97.1058830054733,16.580160162252618,-11.516779656498068,-0.8342400292968124,-319.1058552108716,-973571.7545239803,19606.92084895632,0.3026389965857291,-0.8199865374479672,-2.552976900844766,-0.008634787721590466,-21.419496882768474,-25894.90213479288,38778.84387851409,-6827.232517723885,bowl
R0414,414,FRAGILE,20.0,4.0,42.00581586321081,bowl,Cm_alpha,+,18.436771656907062,1.1553791191880252,1.903141326879516,0.0399439253534509,0.1139398495344181,-51.42382133870596,9.43130938564854,33.288352671774426,98.70947013139444,9.900245102266975,2,0.1248738451348226,0.2411728230018337,0.1475605831484605,-12.045816408803233,548.7002276369858,-20.73504295819416,-0.4609192914226765,-1.727836722584026,0.7403091249870435,-0.10183131289285922,1.3926674422531757,0.0,-47.7892929915769,-3.200440124307222,-1.1373368404163884,-120.40675107963956,-1102097845.5591087,-18196.1951549878,-0.4062516070158846,3.239836484775663,-0.7044914594319448,-0.06462572972361809,-8.776160017766049,0.0,-16789.973395617704,-5740.090303249475,bowl
R0415,415,INFEASIBLE,10.0,4.0,2507.663110738097,cliff,Cm_alpha,+,1159.8802196869615,2.7264452379708914,1.3989688441891734,0.0244594691705446,0.1938955574696661,-64.66902668239246,5.807622188278179,27.37764988475009,103.95148607764628,14.075930147443264,4,0.1220989650006955,0.1744141913540191,0.422028665098183,-274.12079695609106,4886.5181420989975,8681.32136435943,-28.99700549217404,-55.21370138692031,-41.13404174395024,-4.113367251096088,48.20579415188487,-12.553690218373948,1219.1131903524172,860.0416179067444,1.9823444216293638,-2249.335107227175,4197340.486331913,471576.58117328933,5.142751659813555,118.98095809934274,4.190942181444516,1.0207503784776963,119.14922177041854,3347.6507248997164,77156.01266522777,95278.57370669676,cliff
R0416,416,FRAGILE,20.0,4.0,55.3090891332791,cliff,servo_slew_deg_s,+,41.16094820605223,0.9586490359753562,1.28508933595775,0.0225694016402076,0.1696148766220372,-34.83868742582699,13.345195991497755,49.18056655474744,51.28057452191128,8.249727062774303,5,0.1154871125662393,0.1970819004143678,0.1623816849571231,6.665897283809332,-1074.2560190001832,6.117292224566823,-0.03416428005093408,1.4758436026204085,-0.010287156620135957,-0.41160948206052234,0.04722251313162253,49.14044662366443,-4.974456810024033,12.849323128063624,0.49500016591573726,580.0836208202052,-306091.55174127704,-9573.84713278735,-0.21002182042594342,0.4344422447248675,0.46456144112622727,0.07487501131347699,21.82024306992026,-2115.770003376874,-18043.371927944136,2265.338822320111,cliff
R0417,417,INFEASIBLE,10.0,4.0,170.53526083741704,bowl,servo_slew_deg_s,+,136.40828806917202,0.7716773225943615,0.932296230192234,0.0193161160032411,0.0519007500490149,-69.14078480336131,11.18623707763516,27.990184393017945,33.887234347523254,11.642244491371878,1,0.0889171340374299,0.0694235705166035,0.3466111212856572,-31.911945096040945,-1081.212370645111,195.61192325943728,-0.3334352371081952,-3.8068184190402894,-1.6716899576012665,-1.3640828806917202,5.794951720289871,0.0,78.62937067764763,89.98945362536351,-0.15670348061253492,2169.8690999593323,1091332.5778845476,-14128.24301602224,-3.2361851647950433,-5.09875179382596,-0.20750163329864107,-0.015697293174905553,6.895915869160054,0.0,16449.20682487719,9348.877119032553,bowl
R0418,418,EASY,45.0,4.0,26.97819443516249,bowl,servo_slew_deg_s,+,14.455620491650539,1.2196860966992955,2.0989561417165823,0.0395640103156174,0.1400376626523345,-44.05502599451914,11.72223588709689,33.11660751375014,71.23042120456225,10.971897956747506,2,0.0656592214128768,0.2026672986550084,0.1055695789110952,5.006139847627173,265.1808936263281,-38.852674039969955,0.17664596299962465,0.27848158903485226,0.3944418314408441,-0.1445562049165054,0.6688923288621388,0.0,52.72909303773327,-7.888182556142804,0.4716942601532872,-275574.18983140495,-5639933.994192579,-1778.827564716613,-0.0487860728384808,-2.390511202323349,-0.4627967437696242,-0.05446140966836349,-13.32231413301801,0.0,-7553.905019738088,-5183.216715008701,plateau
R0419,419,FRAGILE,10.0,4.0,33.595260524300365,bowl,Iyy,+,18.561040396105515,0.9363528682425132,1.551493455221677,0.0183628322516464,0.1125665251039321,-38.08124815335,8.008103950186175,27.128334706370893,106.5100738790636,13.712994486666814,4,0.0701738501645355,0.2055343991344955,0.3242259646663109,-8.269180434281902,-618.7013465368506,-31.37414526714705,0.20132579020293262,-1.5630820097186247,-0.5532178547885991,0.006834873008167009,-0.4777103488173502,0.0,2.912069825822596,33.54814048669913,0.3618077671273747,-904.1982088300522,-180641.0391196601,-27159.626432779325,-0.38709037492898846,-1.668530176254653,-0.21721818164295656,-0.07928145760141718,-14.866007423829911,0.0,-17764.982049885184,-3904.9278271222106,bowl
R0420,420,INFEASIBLE,10.0,4.0,217.34891908466807,bowl,servo_slew_deg_s,+,141.73688878675165,1.4329312181495837,1.0374079971125512,0.0236493617040715,0.1459987572614293,-46.02838806087655,12.064651819664167,28.46823343436805,37.53208435308753,12.543010667827202,4,0.1499762380285314,0.0404407260442986,0.3330790032435556,-3.557913238233287,927.4636309168392,498.33520682091813,-2.0213308962166785,-3.068053457854048,-0.5497564341132332,-1.4173688878675166,10.528684971812957,0.0,175.05833114048943,99.6730135127761,1.1901419170423964,1575.9715723646189,2372854.385975623,72500.59437664476,0.5461198481729745,-0.19316324599580834,-0.0827510563841247,0.1802991737616554,40.31088359178419,0.0,13594.477443208718,3980.846218343467,bowl
R0421,421,INFEASIBLE,10.0,4.0,3797.9664156905196,cliff,Cm_alpha,+,1201.7231981030825,3.4409580175106997,1.6117592570464758,0.0181462313958431,0.2206139612149689,-68.546598352209,6.708156614926258,25.00002309273428,26.48086230531337,12.5743212968426,2,0.0876274694218405,0.1759946826128577,0.0621927704817388,-249.74802495648757,-16057.969508271417,9690.80350681654,-30.043079952577063,-4.988732417922769,-37.72813713155173,-2.385656898379227,5.250922083064167,0.0,185.6178817248313,7048.929678955576,0.5920473408975511,495.27634994891173,1680610.2857882576,307118.8990446606,-1.4731945728353848,0.0006990388101257844,-88432897971.29697,-0.07896627770011491,-1.2404057695323238,0.0,-3018.3369284375603,342007.058318532,cliff
R0422,422,EASY,80.0,4.0,47.69337135964878,bowl,backlash,+,24.51744794083982,2.1371075816181944,2.007441435933232,0.021321992857121,0.1943638633220868,-62.60915618442269,11.243380475737988,41.967715962277225,63.94977994563952,13.69884299841194,2,0.0902298509696345,0.1607704059876216,0.0946183619477138,-12.197384957918915,379.13254762434934,7.569300664689475,0.095432452118702,1.7632750978730034,0.37325932339757345,0.24304380623173447,-2.4743367981751656,-0.18832690237496544,-98.06979176335928,22.840270040880736,1.635390818634051,361.25089770916424,-152420.39763587253,-9321.707852167781,-0.24403097307440702,-2.7802934878197343,-0.1575566424776889,0.16321972764286904,-1.1613354829416445,50.220507299990835,8646.810501580667,2870.3442172423697,bowl
R0423,423,FRAGILE,80.0,16.0,171.2924304515332,bowl,servo_slew_deg_s,+,69.65601742444123,1.8667484615913184,1.840078078679226,0.0217621761387372,0.1863960708087162,-57.91191627251327,7.315428153942245,43.2811838089535,51.64213975209709,13.195495398766576,4,0.0548117832891019,0.1220866012475454,0.3269255591372793,-20.902392344703795,-1069.5822078547296,595.9458262383729,-0.29646712027305,-7.006532364360379,0.0892738809162978,-0.6965601742444123,4.944229681335463,165.21236099999933,98.88533637195098,113.99541240411847,2.1060975719217163,2741.5470793542145,4141666.5204972667,84034.5546002977,1.6867857885971889,10.521595104062682,0.4955375776675874,0.11373489614567063,5.039373547015691,44056.62959999982,30614.432467393333,29536.370754164192,bowl
R0424,424,INFEASIBLE,10.0,4.0,93.80166036154877,bowl,servo_slew_deg_s,+,53.774492657377884,1.296778173047182,1.5985120238351174,0.0398712622065127,0.218275000127882,-30.657243690623545,10.683691533921795,34.467055181092704,40.71527491470267,9.271365785990971,6,0.0825732996074633,0.2077533486383851,0.4245278955037561,-25.950002163150856,833.1965451145517,254.1903317257789,-0.6369079723637624,-0.30597240397062314,-0.6574126805949121,-0.5377449265737788,2.1895754383644745,17.68163352880025,60.043767321723266,-45.69092186362789,0.14451331932827216,-100.18107476059771,28864953.07536453,-1126.9980604909315,4.606558277140541,5.362602267479414,0.871195760595349,-0.034439505607152796,3.626349875076148,4715.102274346738,5906.755999915744,-8538.813841314312,bowl
R0425,425,FRAGILE,20.0,4.0,96.76911693570955,cliff,static_margin,+,30.060738689555908,2.4755795295266165,1.6840626396784213,0.0126677382416392,0.2110979615583854,-52.99196214134198,9.744922495135391,26.42990922768052,91.8337647355488,14.72259224860014,6,0.0569195672207307,0.011285849136009,0.1717127249668527,-5.582721992772232,-262.0292318819637,-150.30369344777955,0.701900374583517,-1.0016323036871195,-1.0942924662464169,0.2110829975943826,0.372390068955385,0.0,4.831254413350626,198.15045548762657,5.174419492913353,-2089.0848670625796,-4543159.700444933,-78426.65594121316,-2.137120199841604,-49.31931580395285,-3.695776101617261,-0.22639841682790363,-65.0145419083064,0.0,-43063.79046014599,701.6887795212776,cliff
R0426,426,FRAGILE,20.0,4.0,84.6193014841731,cliff,servo_slew_deg_s,+,72.24307377825696,1.3191875665783117,1.2134367438675298,0.0357676360981258,0.1289961999587374,-60.48714677503548,12.486308983750508,45.28228042071851,29.31960782162576,10.43665285457454,4,0.1171454148476277,0.1353808847612357,0.1454626167080968,-8.677070116326606,-226.89887344538838,77.39010595515674,-0.10571074107184542,-0.47008039469140855,-0.30857790741522917,-0.7224307377825696,1.4958216815943628,-1.1222753766711917,64.62089757828583,82.19995137998458,-0.13372931592098602,547.2598214974278,964469.9916395159,27957.938003049094,0.7060875525626629,0.2535907102613583,-0.4044812159488708,-0.030311140652745934,0.5737899764779945,-299.2734337789842,-440.04417808806716,2032.9851062240864,cliff
R0427,427,FRAGILE,20.0,4.0,165.82851216542812,bowl,deadband,+,80.40398951025988,2.27681926932112,1.0602466313860497,0.0290265988119916,0.1818138827180535,-61.59754638780549,11.73798899348619,31.31736038359516,98.91218544086928,14.997047469092095,6,0.0499616457700158,0.1461600728733122,0.2714819006215734,3.046881625656773,-249.9236111503753,259.4040434912084,0.10429011219802264,-0.0781387309829799,-0.561469724785274,-0.7451320311295125,-7.263427697358903,-536.0265967350658,292.1456002058445,169.30962520172605,-5.552285871578649,3092.8479369614724,4968957.176500562,-37151.94446867756,0.323501977186893,28.930389227653237,1.3680905410273212,0.25609283463621146,183542.62112977268,142940.42579601755,12526.521186111326,21985.776989165104,bowl
R0428,428,FRAGILE,10.0,4.0,85.92391020313009,bowl,servo_slew_deg_s,+,30.798371005101323,1.280639173456737,0.911447452060227,0.0128239534618648,0.1725934197055701,-36.64046060515974,12.16312478691436,31.56298791687243,90.30836275863732,8.039811418516036,6,0.1028152809680808,0.2371094780001847,0.0861666545950207,49.73856198949373,643.8223959836142,108.90215891893406,-0.3427207369662848,0.7801432562805539,-0.45190462965704653,-0.3079837100510132,5.147540094742586,-33.7570012560863,41.08816506540169,37.92272521419545,0.23793323684911272,-1007.484210408179,1453212.2178018987,21843.24103482385,0.7442659363629889,27.454301619403694,1.9760994978740838,0.08189108561424036,2122.9946725396658,9001.86700162302,49236.31032442935,5256.653865025942,bowl
R0429,429,EASY,10.0,4.0,39.007891329680284,bowl,mass,+,28.081912143084523,0.8091229172599754,1.9479446079382847,0.0133240028599321,0.0899621015090628,-55.69475904258698,8.790338895818486,49.63410504471278,108.6400858672848,13.37291168513723,4,0.1055206319484183,0.111688353433755,0.1851722216622612,-23.40159345257043,264.84574656315647,-31.730329627152692,-0.047040798574203624,1.6967740045560147,0.0799474389220466,-0.08366660697244628,-1.9039416291761015,-0.17260653759147257,5.847252744318788,-29.48721554684123,-0.061990544154680194,586.7102228507542,-726041.931248929,-8099.25530846133,-0.2050925922501481,0.8216522601377169,-21.588784854764164,-0.014649404999935207,-10.637069717338866,46.028410024392734,792.8284214117358,-2082.3204732042154,bowl
R0430,430,EASY,20.0,4.0,93.1520573487274,bowl,wind_strength,+,61.26680231369817,1.1370621506840657,1.4611057107305194,0.0172680799178152,0.2015569277623028,-32.06959879161748,10.906445493394306,41.82880558745504,33.82810306017245,8.169144934536213,6,0.1436763086756829,0.2319884936775726,0.0502327435671601,11.651677739304441,197.4417416788294,-69.47620126850593,0.2116913538359968,0.025831667000657574,0.46149539780805393,-0.6023378259603147,2.5378869116204466,0.0,74.98775856275756,-153.16700578424542,-0.06348897139168752,620.2239343671166,691566.8579821204,14692.12665774216,0.44054302481881247,1.2500563663006803,0.9680444717533732,-0.0057375970376251926,23.43996598398971,0.0,5364.749224850871,23940382.446848746,bowl
R0431,431,INFEASIBLE,10.0,4.0,197.62901945530297,bowl,servo_slew_deg_s,+,91.05622162224485,1.4245071572353054,0.9000087999692238,0.0218015118740005,0.1656457244488604,-50.21383691422229,6.030133647995048,44.13055227505146,56.30280232042421,11.303146689425713,4,0.1242085234218427,0.1740174097550508,0.3834581057365799,-70.90484427982493,-1352.0368742117046,336.48019735748886,-1.1272782377970074,-8.87162071720803,-1.5385883396220037,-0.9105622162224485,9.094638163145905,0.0,120.52809120681945,125.09215862991556,0.48378193594258434,-54905596167.259346,1062537.7365652544,-41543.66339251559,-0.24523428296198801,-3.1408164743614106,3.268739017854659,-0.05094698820874413,0.13988468966708642,0.0,-860.4959297842455,2994.6268111853715,bowl
R0432,432,EASY,10.0,4.0,39.9665911011834,bowl,thrust,+,11.362484691056833,0.4122576369736727,2.0851627897851386,0.0218988285744333,0.0678042680470294,-35.00161648607573,5.516059143318131,42.89574410811181,95.29131580819345,13.386918166025852,5,0.0122018859440998,0.0808326650644405,0.4397753696151975,8.99439995099462,-142.66020194115515,-26.961038100551086,0.1578264173904198,0.03570879698511712,-0.4544993876422733,0.20413501062446632,0.5246148760442327,0.0,115.13927155638765,-5.923606113074996,0.431187250345745,4604.532666594774,697126.247475182,18598.23826588681,0.5002874644910416,10.628429296484684,1.1951769442597702,0.12710209569764902,18.958661548153106,0.0,14013.751516099654,18606.893538553562,bowl
R0433,433,FRAGILE,10.0,4.0,91.01129566527618,bowl,Iyy,+,55.835846994959354,0.8214137239160202,1.090945708912252,0.0294533457392295,0.1481628910020486,-30.01768250410856,12.808288115882108,37.946406467171066,113.782631937788,10.113523936718032,2,0.0201656341123986,0.2264832593995806,0.1753419263890548,3.68022525681346,-1861.1948998319785,-65.55088704221953,1.0378450363227396,-0.2631145650956515,0.33729910931213,-0.3335140774449199,2.889788242977056,0.0,160.91665551315558,-14.583599016505884,-1.1258715022711687,-842.461967684419,-2769128.895661529,-29819.682651891828,-6990.73287040818,-1.7644789583153333,-1.3040486348696094,-0.008983008168482414,-15.583785515108536,0.0,-15669.137708547778,-1779.1031748614269,bowl
R0434,434,EASY,10.0,4.0,78.40955676196671,bowl,servo_slew_deg_s,+,29.00310074453053,0.9910492973684272,1.811556948000642,0.021466387378708,0.0723744483974006,-66.28476247626985,9.910570215091584,30.3297467107298,49.23581414161727,8.242321467286464,3,0.0676225351319985,0.2454058148385479,0.1550233718186823,-18.89066644976236,264.71066620288804,171.238419789661,0.6942527629072619,-1.476543378120128,0.7807204332493551,-0.2900310074453053,1.5355226901131132,0.0,69.72168360682123,106.32956447573609,0.04498408486278049,750.9672068878775,288597.0859659739,30247.020698877852,0.9048505950943524,5.252613582830823,1.366055288439319,0.14165287613830113,9.12640374708936,0.0,22497.703023690097,8288.004686135615,bowl
R0435,435,FRAGILE,20.0,4.0,31.642867190674544,bowl,servo_slew_deg_s,+,19.950786965824907,0.6688958808888582,1.31792703865884,0.0300481704827354,0.1212581352590777,-31.274836676077832,7.040279796108706,41.6060211283438,84.29960472927739,14.554049066136738,4,0.0801202667354196,0.2186889902418219,0.3816257755101293,-11.90948332550967,8.006954584518049,32.045158205312525,0.000629992434369477,-1.1645132272351821,0.1096281263102334,-0.19950786965824907,0.7306090057187661,2.32979438441703,9.61083797224652,-36.094833620427835,0.06430233555922094,-360.44376577609046,-274895.424208511,-20568.708618317087,-1.5202521347137479,-0.180956071272378,-0.860770725926767,-0.022392784768562494,-3.3430881393213556,-621.2785025112086,-6888.680419353726,-4220.639594672632,plateau
R0436,436,FRAGILE,20.0,4.0,33.65600870474283,bowl,backlash,+,20.22402423600271,0.3272940957161254,1.085897629669985,0.0151859784606765,0.043983539190381,-40.17009771079317,12.931396147138855,37.71995245072661,65.07186376790563,10.333307380688614,4,0.0792205134682272,0.2342082815742481,0.0700281872164909,12.423387960937053,60.55746252374955,42.00028084772308,-0.1362382794515491,1.3799113374173941,-0.14406536213310944,-0.11002944225417224,-1.4732008987354221,0.0,-80.89609694401084,-4.532987095357298,-0.47234377396119154,85.22758570324261,-805182.0788325187,-31149.197286875722,-0.12968962876935697,-6.205125207694019,-0.6261038908156206,0.014215397630788117,-0.07116931329536616,0.0,-5554.409470066288,-4414.684897942329,bowl
R0437,437,EASY,10.0,4.0,34.340503279076586,cliff,max_gimbal_deg,+,21.549051041496785,0.7116464271539426,1.8255940556025123,0.0317398743318374,0.0733812531193733,-46.65423073385682,8.066118948599799,29.956089809952168,119.38019900911208,9.052538501214883,6,0.0757133408133239,0.1172279285424103,0.4065795672663252,1.0188597988661814,-252.98571219105074,47.84949093580815,0.08571182687875101,1.978425408368658,-0.13255004884131322,0.14705560771152296,-3.078435863070969,3.8681606947834886,4.802965553344959,6.331629106270603,-1.8605784941716164,-61.324697308346025,-863418.5261018294,-7582.360403897192,-0.8877466473393835,-6.910351164135261,0.26097139661604585,0.7683272807576585,15.986610918200368,1031.5095186089293,224.5804802501341,13028.91639974339,cliff
R0438,438,FRAGILE,20.0,4.0,148.06858031387281,bowl,servo_slew_deg_s,+,98.2264073998946,2.6054554644158645,1.9365392387337088,0.018458673410392,0.2097484350193973,-62.40671521874158,11.359227957147144,32.67037769868961,67.46005794310685,11.388804188092552,2,0.0120244957777019,0.2060933903490055,0.1747080611223675,-18.04727717981526,5.670978454284395,187.18843311187536,-1.4213750915829295,-2.8847960774235766,-0.40167463091936356,-0.982264073998946,6.880691877585306,11.649561706417327,97.41910739358842,147.5164555779876,0.027393125505645877,538.5170174043117,706903.7088265466,22892.290590460994,0.5211051620127081,5.338286187417686,-1.1999949653121826,0.08119880715291813,8.173143627369825,-3106.549788377955,19447.638185230495,1263.554695852044,bowl
R0439,439,FRAGILE,45.0,8.0,41.60013106899515,bowl,servo_slew_deg_s,+,29.52944170147488,0.630476483647962,1.2553979121739984,0.035239427351641,0.0934288941670742,-41.37313333481643,5.355119007788616,48.65447773424806,44.98709463238093,11.681500299633068,1,0.0996187826543098,0.2451400248081708,0.2637100477617628,-11.104855735785602,-103.5290929919003,52.78123035203966,0.11212547930028371,-1.1667925246326003,0.09579745132730508,-0.2952944170147488,1.7453776214749153,0.0,51.802345226899384,25.837368628278433,0.16829604199576842,429.52949750806766,538711.0705662475,228.08145808463487,0.222484399040896,-0.1398192471062794,0.525687569565606,0.02984565581754474,-0.5279243323821468,0.0,-20154.35529729693,2477.035179595726,bowl
R0440,440,INFEASIBLE,10.0,4.0,263.5533401622182,bowl,servo_slew_deg_s,+,193.87106383516553,1.2028427011107965,1.0450830434141385,0.0127877400395685,0.0998406100099877,-66.06250806030707,7.8063107696217555,38.91958937365246,25.6348437156526,8.742253931178926,3,0.0487850394997824,0.1026712945609206,0.2487562020294083,-65.579251727156,-966.1907958801831,412.47167428268114,-0.47100420134692556,-5.902250586725497,-1.5972940781784999,-1.9387106383516552,6.6310870661810455,0.0,214.14960912859405,226.98861560686808,0.047360710361941116,753.6317995721186,613325.267537385,7565.109599362153,-0.5070700659000842,-13.24371985765114,0.8026081984032021,0.08339022454280894,-11.593237220581429,0.0,-4346.905168722494,1483.642137948668,bowl
R0441,441,EASY,45.0,4.0,43.99797933986429,bowl,servo_slew_deg_s,+,19.026600740001047,0.5283616253513099,1.3860424075658058,0.0340674334169404,0.067168973112674,-36.14594586716018,12.386002073772342,27.33099403687916,93.35125317389264,11.846763518497804,5,0.1331739437037758,0.1976391455858664,0.1655172140808905,0.636492011844406,751.5894872790743,-31.075614708259817,0.05790360584374454,0.5227521464981647,-0.14873358097998057,-0.19026600740001048,1.0501924287320727,4.496887009685398,90.86373732668397,50.88989599155949,-0.07363507354263454,-589.5388553474753,-847921.9229962031,-8132.228496863325,-0.2960708719424576,-4.897128207070379,-1.037721956989348,-0.09831474271538124,-7.189881286462699,1199.1698692494383,-9471.14101773172,-2744.187799892713,bowl
R0442,442,INFEASIBLE,10.0,4.0,1227.372628055186,bowl,servo_slew_deg_s,+,698.1008296067273,2.5692654865141096,1.4801373358742471,0.0214832958380785,0.2257062663600491,-69.58611645171565,6.035064514633358,48.36997062361894,36.8948090699401,9.568626739524026,6,0.0867983300954489,0.1877654246723127,0.2492215180246836,-134.50936584728493,-5726.745772788589,4052.1807455661187,-11.244076745542078,-12.538470843063605,-4.634887576157803,-6.981008296067273,23.129412686903198,0.0,248.32020329515876,548.9051510057851,0.9746045780376562,-1910.4990260974087,-1802421.3380920016,-213276.67177225268,-105.77028883205024,-14.326327765255181,-1.7441610886198031,-0.2881517155784127,-130.8160243088187,0.0,-44067.29163928968,21925.048344586623,bowl
R0443,443,INFEASIBLE,10.0,4.0,186.26057932751112,bowl,thrust,+,110.21447101303656,1.4005122784447586,0.955987743198135,0.0245841942615727,0.1280002174179132,-57.04315164512633,11.133620491606482,35.18162985504529,49.63121537710192,8.98436967458111,3,0.0891702241576775,0.2211781191694078,0.2102013136850721,12.995956890184338,766.0826181293635,338.7320608636155,-0.15064696660714239,-1.0340479163431104,-4.4085788405214625,-1.0747507870029265,5.929110845140384,0.0,181.74823151959356,-103.7994278946012,-0.12126758608265398,-2896.390358069697,-1688632.1366701724,-64255.23040490191,-1.756216897452739,11.43958468918311,-4.3552199936833675,0.0065647944635836095,16.106092274448088,0.0,722.4924158670079,-20931.91455142027,bowl
R0444,444,EASY,10.0,4.0,44.17831981675681,bowl,servo_slew_deg_s,+,22.210687976443893,1.012187012260706,1.3799599687372008,0.0290770514374594,0.0804321856733475,-62.944271450534494,5.86185136852816,32.3826211830126,35.42801458747802,11.81475993966636,3,0.0822317012713892,0.0779995260718025,0.0656929231657605,-15.23071939645964,-264.74464772103556,1.8968827492012572,-0.1675248510191464,-0.20975421356993007,0.01720554573351567,-0.22210687976443894,0.1917353748846139,0.0,41.60773405043339,75.1035619727317,-0.13264682548942308,-485.151634593963,-955747.2608633356,-17473.371700006097,-0.06829107447547589,2.012822410804655,-0.30571429967902786,-0.03508238379067459,-7.9422437029894715,0.0,-5720.1494729427395,-5956.737193733022,bowl
R0445,445,FRAGILE,45.0,4.0,123.93811704470907,bowl,servo_slew_deg_s,+,64.78509872449357,2.1186574448430573,1.8755622316329343,0.0366164048387951,0.1930390265524005,-52.72475230205852,11.493149328955422,29.87164945078525,57.72018249729872,14.324642313545343,5,0.0884167682867054,0.202743869049966,0.1799076232292195,-34.31988436513366,-367.0459576414962,301.21093874569215,-1.4864784691034165,-1.000745001620209,-1.5916267381717675,-0.6478509872449356,1.040089682181273,0.0,86.0435220454579,3.0953917683542693,0.048330677304702974,723.1117064763334,1245553.5279956814,26452.929123995782,0.8687500716005179,2.8550408980031254,2.5857346077412786,0.09731956877557259,11.635523493062637,0.0,1519.4806094409246,194.25123418167232,bowl
R0446,446,EASY,10.0,4.0,46.39432787237114,bowl,control_effectiveness,+,35.17944824384751,0.8026052131368373,1.6656603162745305,0.0297489415137347,0.066855209037366,-65.15274765783074,5.0802640828108725,38.12355382226147,90.7730492080698,14.715632364469297,5,0.1384745273786316,0.0937680799878107,0.320748947326993,-8.259252793264139,153.32524866299465,-60.94032532929,-0.16111754640191145,-3.908827582649723,0.15763070679330154,-0.11156254072879879,-0.15993572198683653,0.0,28.692871933436635,50.785647963757576,-0.2175972094745644,588.2526513585019,262150.92803459836,-1218.2575947188225,0.01292177144541351,33.55452045351239,0.14714361795209696,-0.020995800484613695,15.219072991750636,0.0,7879.493878917831,3792.3767701992106,bowl
R0447,447,FRAGILE,45.0,4.0,35.41858594913731,bowl,servo_slew_deg_s,+,23.42058972614378,0.5020365332758338,1.408342243676416,0.0241837264019144,0.0683492737166514,-35.097610237769906,10.958032719364924,29.553819387271613,107.96968883503672,13.46105537342703,3,0.0199903417462182,0.2395537112472885,0.2563666047016317,-2.441233984598129,611.4919680799277,27.768873888758442,-0.20008476470671255,-0.7069389529757085,0.30246033323695515,-0.2342058972614378,1.2958445545873547,0.0,-36.98304460251041,1.800630349138997,0.622921779097175,333.22557094271815,-549059.2718594049,8793.027717784296,0.0027365752157075818,2.894670154020937,0.7782844525198266,-0.01988739677790562,8.085946108619563,0.0,2689.9153381789097,-6590.272413308084,bowl
R0448,448,FRAGILE,20.0,4.0,32.52113881568501,bowl,Cm_alpha,+,18.094510124084326,1.437948757943171,1.892115501851896,0.0340762041887825,0.1204286915054452,-67.95946869692136,13.693788312295142,41.930922981128376,66.40455519073106,10.10001734622377,6,0.110925333010161,0.1592395391095454,0.0827727368860101,-0.8585310651442257,-485.9632004212453,61.616869270420366,-0.45236275310210816,-0.9140130025898701,-0.2670953766526701,-0.10468229835436169,-1.6539932751750952,0.0,-5.8878567546742335,-6.4643541574803,1.3437340807525935,-651.356723737301,-112534.22260845172,-4606.315477691046,-0.15894396446041048,15.772387219447719,-0.016685357318471004,-0.001589932063229611,-5.204282231184456,0.0,-11614.93044505003,-3313.592687715417,plateau
R0449,449,INFEASIBLE,10.0,4.0,828.1001633930523,bowl,Cm_alpha,+,261.9041464493535,2.2232270723249465,1.173744372256031,0.0288319605188925,0.1512972667394531,-69.76096794185838,6.558356624944365,29.172985291060915,28.10138220951384,13.552231149788971,2,0.1016526120326582,0.1908154168809094,0.2002697463491777,-144.62226622291254,-4520.598795748968,3266.9991978794123,-6.547603661233838,-1.9643408998983753,-8.964556028135116,-0.8734840827420609,1.8596671225687718,0.0,63.72686171055244,720.7697218652396,0.18525336461352993,619.3031906718389,183146.83212279022,94940.56875689492,-178.11626309063618,0.00197301426902009,2.001907258005249,-0.02334392597476608,-0.5367726602935838,0.0,-732.7011883558031,2703.1827834465666,bowl
R0450,450,EASY,10.0,4.0,42.38719398653345,bowl,servo_slew_deg_s,+,26.698446892423235,0.7012078639927958,1.6065444690938102,0.0339517454517813,0.0922396870275178,-34.579589261606934,8.907662223333332,26.782006014453724,89.63052208552605,13.014265408151488,5,0.1495842881487828,0.240065033945848,0.2139863881342193,-2.5386416209656035,317.3025958162281,64.40982881709004,-0.2899397712116465,-0.42925710355510704,-0.45509416958404003,-0.26698446892423233,1.6294524176144702,0.0,74.92093490535068,19.07765305712733,0.20081161303263872,106.64953533448164,624619.6279788696,-6100.457671964469,-0.00022304387342719778,6.841715787854193,0.9325153941890505,0.06579815587188463,8.48011941117971,0.0,13183.982069218675,-5686.827531800828,bowl
R0451,451,EASY,45.0,4.0,73.90313792798362,bowl,wind_strength,+,33.79336026458824,2.5581444975554746,1.1263181832743538,0.0231449698875468,0.1977692986661325,-59.604884632418674,9.608354367169456,27.484805199063494,64.38711203532863,12.683213403297682,1,0.1382727358851843,0.0259859065135291,0.0830750991356629,13.714087721159446,1275.262798286148,59.230244364860546,-0.027738754263692877,2.139253445029384,-0.6016840689064484,-0.19923077210012358,2.7970822785144938,0.0,130.62218821784938,-84.4834006614706,0.0826565150824159,-158.5881948188235,1170872.5608366022,-2837.3212760680517,1.0428953390531055,-9.717196800493651,-0.23707723169458347,-0.027990086119888177,40.01729076009102,0.0,2554.344432423556,-3388.4624448418895,bowl
R0452,452,FRAGILE,45.0,4.0,154.07273543709397,cliff,servo_slew_deg_s,+,80.8696476098148,2.841233364471245,1.6486688005931938,0.0165702816861414,0.238212115240062,-61.9489515009825,7.647265420615439,34.91750119959699,93.23768721291066,12.635438459304025,1,0.0854388212625927,0.0329613658286803,0.316997969906775,-5.524996847807068,838.4990336183898,-44.674707932657576,-0.7346056604664108,-5.151290390353622,-0.3806027242397434,-0.8086964760981481,-0.9110857701515366,-0.33321653734847195,456.81010383522766,39.97527297407771,-0.10330327903250769,-1880.9130957642067,-2462125.37702582,-350847.2505859319,0.026257680661907923,35.62363346931485,-1.8959517793505938,0.20121307289299467,-21.931159078642096,-88.85774329292578,35580.308638177936,-10645.824298821792,cliff
R0453,453,INFEASIBLE,10.0,4.0,134.99837944415182,bowl,servo_slew_deg_s,+,74.19569452158981,1.6121472516077116,0.960067527948664,0.0373838502634949,0.1993415585201418,-50.02724631791388,7.918041213364376,49.52914582185551,63.13689091809357,14.017416334631836,4,0.0239466335175292,0.2283892348367775,0.3213027173279733,-22.421020972839283,706.8806017780762,282.79456587111804,-1.3245366742323252,-2.534706038243488,0.9725123596017189,-0.7419569452158982,4.5395026576021325,79.03881160486557,115.91788094000908,123.44983867130502,1.138169514638406,205.4449387334702,-1328606.5689035216,-17517.571279047996,-0.7892877671515901,-3.5485017346465715,-14.653559385020088,0.00963469992140915,-14.97797659383245,-21077.016427964154,2636.9079786083103,-19568.671983251545,bowl
R0454,454,INFEASIBLE,10.0,4.0,61.56659844881709,bowl,Cm_alpha,+,28.427094371765094,0.9456301346071632,1.1971700133510152,0.0309448952840089,0.1190093420650792,-46.97185152666457,10.031531268529232,45.23308591436276,34.181774847691415,12.954023903384028,6,0.0280911825464143,0.1894111148460436,0.2122159864899855,-18.60975955554953,-731.1652026211602,44.62302425817557,-0.7106773592941273,0.10530144058207012,-0.37069744437882973,-0.2440705038786099,-0.49637414094931437,0.0,29.680114662182834,85.63121145842456,-0.28960510907780446,328.89080440941206,503112.494837567,6640.880868313779,0.31033430428609243,4.8266549122548,-0.14130449436759818,0.01947670750844196,9.308940100000484,0.0,8668.579661948237,2005.1283682593123,bowl
R0455,455,EASY,10.0,4.0,61.375697451132,cliff,servo_slew_deg_s,+,46.839705726827496,0.5488388894668498,1.0644626013744307,0.0288888599992574,0.0648323583295543,-47.11914873978464,8.45939370584177,40.10053015867551,30.005695344842245,12.004406002686723,1,0.0024192565536353,0.0437100161023926,0.1489788222172349,-6.272578193860454,-547.0215090076314,40.87273448275251,0.011692660811679856,-0.8764438508362148,-0.2352109551600165,-0.46839705726827496,1.0801021680836849,-30.39720195446316,67.81639020289319,66.98022694309256,-0.7817449674761097,-399.5142961063252,-164430.4183630121,-18964.261332345053,-0.3679518764953065,-9.177246969586395,-1.2613074253500327,-0.028368228223258,-13.28816632177414,-351450.8025972769,-19543.02669539372,-7568.9597126267745,cliff
R0456,456,FRAGILE,45.0,8.0,65.59626096452808,bowl,control_effectiveness,+,18.21692237236973,0.6654377880097108,1.3283146847575809,0.0185472326279173,0.1311489637586039,-31.4246647854394,11.62208598325094,49.6497964754365,100.10032093677934,13.295841871669548,5,0.0339879218136288,0.2461182143292112,0.3579790233290098,-0.24639967705168941,-532.5436018096628,94.30317907979989,0.28820089220568496,-2.024102485818859,0.07551284876982853,-0.1242364019732097,-0.8278509446532499,53.896070818847384,206.22404402560304,44.17238696678161,0.13524298837065096,341.814595354287,767308.9401839197,11228.870594386795,0.5523824100063264,0.10406488353149536,-9.271394975676941,-0.07474575719965791,-15.410810041561222,14372.285551692636,-109287.67735842131,3100.9549585848217,bowl
R0457,457,FRAGILE,45.0,8.0,71.06000148869538,bowl,servo_slew_deg_s,+,38.842087359735636,1.690677134880992,1.0210555191436772,0.0180948067316157,0.1102195175573418,-68.2376097141459,8.74092802663755,25.615605215648262,50.8689086548882,12.089173297764384,4,0.0379999606975444,0.176385340188601,0.0755446145440658,2.833260834165105,-174.29033489788918,165.9497228393202,-0.5216682488004089,-1.9528192028480016,-0.8301932593342329,-0.3884208735973564,-0.35901924755077463,0.0,97.068521704182,62.752399330217244,0.14987360780582115,1156.5055533001043,-1250550.2722561837,-870.1229043675704,-0.8642389228362656,3.756154192806335,-11.822699263424983,-0.018897220492169922,-5.279635010166771,0.0,4781.677762420739,-1940.8639498299908,bowl
R0458,458,EASY,45.0,4.0,81.85690539322405,bowl,wind_strength,+,48.2162334578914,1.9314948149165356,1.3441161627639011,0.0177521854363075,0.1698532458372734,-55.20477262501621,8.094409213736142,30.505294059118853,57.97394907768465,10.125297778167022,6,0.1200845725927549,0.1223207438230524,0.0539164969879703,-26.79506276529062,-1135.818245410394,160.60466399974163,-0.20075985483917846,2.543448240941968,0.7488068464711273,0.11385934068423173,-0.38398579444950787,0.0,34.23176107797503,-120.54058364472849,-2.0011367328822223,-4.22918563306426,946080.8160376446,20934.05758085174,0.10933599745752764,5.71781151958216,1.2647886303713671,-0.04330291063899967,18.621045145028017,0.0,-6417.246068680041,148656.71458053825,bowl
R0459,459,FRAGILE,45.0,4.0,68.3747524566942,bowl,servo_slew_deg_s,+,51.94105153198976,1.0132801724831348,1.1200356759131151,0.0390923435109765,0.1411627453150294,-39.74183003012675,7.4512159629331745,39.67694110487047,27.99060699447268,10.860514714882736,3,0.0015796851397745,0.083923230683478,0.3001999916680719,-15.23564713653493,-301.54826548088204,76.10891866562544,-0.20920936017001246,-2.079545733293828,-0.6821551598472808,-0.5194105153198976,2.317341787296017,0.003246286758371602,54.49090808157857,32.554858205883725,0.5075932166971437,612.1775650873172,765818.4218837854,-676.5727358552797,0.03733270457870752,3.014369819362959,0.34961729070662156,0.09424261033019796,3.7212084990359924,11.811814104741295,481.70015730428327,3794.5581470447974,bowl
R0460,460,EASY,20.0,4.0,84.69368940242242,cliff,thrust,+,53.32397647040433,1.927359565622681,1.0432140331785495,0.031460212808148,0.177816476131112,-51.151239571810905,13.891489359639085,28.826518494666225,91.49081995032888,9.744276847042215,1,0.0413509071386511,0.1387196702724787,0.1004766023204337,-6.603104156476671,210.83064450060343,61.16947429400129,0.259892240532261,-0.6801615275214904,-2.1329590588161733,-0.3110663829853544,-0.40672014727988215,33.18721247512938,212.44852928377503,26.239915436163702,1.411548972880559,1516.3268388656693,1775466.117948318,52401.562892040405,1.2138659488532229,283.21820912389717,0.3556555071680975,0.16575570985265448,0.06003368053346591,-8849.923326701168,19113.29996364173,10877.501501040015,cliff
R0461,461,INFEASIBLE,10.0,4.0,144.5411643342562,cliff,Cm_alpha,+,46.1711522214998,1.6063295772758672,1.0285563304255174,0.0290687610704493,0.1975950961028297,-41.42245072836872,5.21538724601376,33.60593237966604,36.47447114690186,14.042177288986869,5,0.1135236799237352,0.1928451796614909,0.0880528560496187,-27.542394287465452,-766.1561663872552,261.02852041169905,-1.154278805537495,-0.2685041845240699,-0.6228683327989814,-0.1385501841670802,0.45276366512276,0.0,14.818566408395087,295.27776097493165,0.025001097061638333,-181.30162046085263,-435492.85726788634,-2023.7621428841699,-0.03254903089125971,-1.3560439732002743,0.0445273008309232,-0.011703538915069771,-2.825651070514423,0.0,506.28971660726074,-996.183624881581,cliff
R0462,462,FRAGILE,10.0,4.0,67.38553715161436,cliff,thrust,+,44.4682164229065,0.7182611310450153,1.6274811857508462,0.0223413311875434,0.0648600647350768,-67.32507216889547,10.435265938680176,47.841527530932126,100.46921748137336,13.62332719682673,6,0.0896812963654908,0.1255003265413196,0.1951333695247742,3.6151762147044524,-1217.407832908054,24.338433073787517,-0.01955659090776063,-0.13134078911402153,-1.77872865691626,-0.08090279477174693,-0.02311820524464994,61.75004502837976,65.35277215938945,-69.22705544685418,-1.3331663754473606,-469.57105814234586,-1546700.827495304,-3012.0102713653937,0.2899044955917711,-0.803973095285253,-0.31061749902621727,-0.0320767614817462,41.51813167518688,16466.678674234587,-17188.893333965152,-122.3501605867351,cliff
R0463,463,EASY,10.0,4.0,67.47924343613288,bowl,mass,+,23.292293805284,1.752628525058886,1.8154493585391809,0.0199177488038806,0.1885047373125153,-49.15405561375052,9.862468089795843,36.178025150889226,102.97601154995913,8.174624630937313,1,0.0817279878213414,0.1552787316107798,0.3907069987050657,-19.410244837736663,706.2058395980426,191.83841931397905,0.07718767271458171,-1.7113020445890113,0.6956068837471033,-0.16272593401704594,4.421954295771336,0.0,8.679203326020605,-44.242570299581324,0.6775086416370586,1437.9879231869027,300278.6938559947,10934.085316799561,-0.6587715849998241,9.863120922018613,-0.13473205087454915,0.15265143496641506,138.3396006786412,0.0,19635.59919867423,7989.094172596779,bowl
R0464,464,EASY,45.0,4.0,22.7145590721017,bowl,servo_slew_deg_s,+,13.791907566328163,0.9695311242132384,1.8856972451417544,0.0338166779343646,0.1020549392493618,-42.57164238114137,11.773029219299918,25.992419858728635,71.99156671283943,9.410647676637964,2,0.0039691100889538,0.1979870273325351,0.1929479449254872,-8.062608999767392,-152.94190541644767,18.488916411061904,0.02302396808496021,-1.1500609770860668,-0.1542645752325956,-0.13791907566328163,-0.1963356869781779,2.9387458194141614,19.20788918120026,17.57182196101542,-0.06524323508098728,190.82069804316015,-25122.94822446467,-13539.59091333787,-0.41341917884599844,-2.499213666770931,0.07137145634136033,-0.0035507024193433523,-3.7426293616729187,2139.466329565905,681.7182342720615,14.43143769861656,plateau
R0465,465,EASY,10.0,4.0,67.22158067288575,bowl,servo_slew_deg_s,+,30.155033285173406,0.7090358981665341,0.9848058983076512,0.0145030190445275,0.0831419944633162,-51.36729168622454,10.013740751078553,46.96119319139035,90.38950074621536,9.4225857200879,6,0.1079154076713138,0.1814894394516774,0.2220826205758904,20.899475344248962,-892.0169119111423,-15.041310360056633,0.3831173317699559,-1.576848766888623,-0.8963647799079866,-0.30155033285173405,-2.2745682276977517,0.0,-116.0335577141365,-37.236755844322346,-3.4460669175673626,1072.3413573429787,247187.72366363686,33942.473518361294,0.5105341831090833,43.333772047175046,-0.6865891826474808,0.23892943187981985,22.541460594456396,0.0,24203.12919377057,12528.994302839228,bowl
R0466,466,EASY,10.0,4.0,81.8344906019541,bowl,control_effectiveness,+,52.84979444423754,1.5184362194599927,1.383301757726011,0.0106153858983217,0.105945943334466,-69.85723195319649,13.94962465243867,30.751029408665644,103.36927834851264,14.81161471021624,3,0.1042982857729092,0.0949110979584214,0.3837362889588802,12.227010720735757,-456.93824002174466,106.24619451026183,0.18146784237122537,-5.87219938269306,-0.4893050285270178,-0.24327128255174557,5.534578513756269,0.0,97.78889068856343,31.25615915556174,-1.0035404304713107,1077.951706585151,17527954.02695822,12958.020301493787,-13.1948754085182,1102.0680612566564,2.2547471033232593,0.1301089233230863,112.3195237321496,0.0,-3142.853084618021,2569.178154444762,bowl
R0467,467,FRAGILE,10.0,4.0,68.92016351003556,bowl,backlash,+,36.171628214595536,1.8799304327374304,1.941415386787784,0.0209997641068093,0.2122383600186279,-51.45445345953139,10.20563554061342,43.67888079846533,95.70212769506072,12.302229181537498,5,0.0318665869911663,0.1262713992359306,0.0630298625533894,29.377682568984874,-243.8309513860219,-154.96460984897053,-0.47662833718005126,-1.81896682855222,0.40857477953429255,0.12732318232693327,1.4616877204912109,16.48000414623354,-144.68651285838214,-33.16795749162863,-0.4405263716973824,-527.4167250601492,2921486.8571409686,10427.825739460664,0.08402449901424491,6.977024740125252,0.19994665393183822,0.1519992920641932,12.971819618381643,31031.897357261503,3991.5751508443254,-22465.540337750903,bowl
R0468,468,INFEASIBLE,10.0,4.0,118.26193235713295,bowl,mass,+,29.7977506347461,1.3628081930117488,2.0334519403901576,0.0351360861121069,0.0951570739940093,-65.81993168377066,10.756781361575907,27.339394924370115,26.412739590283703,13.54335315518408,1,0.0056685368336933,0.2167443487551433,0.4102577195051226,-24.831458862288414,-894.8449594689233,493.1086092117126,-0.6641132267860552,-0.18155065905985038,-1.01998361061344,-0.22551261694816205,0.3185877120537639,0.6807654639708244,19.26823407901166,68.726883311851,0.05727164430839338,-61.024746508101785,49184.57322024328,6613.704986446513,0.05768551811868683,0.19452596595874982,-0.1619705814127792,-0.018898522073694437,-0.9527577401667863,-278.9928621209407,-827.9981135999136,265.0035886026631,bowl
R0469,469,FRAGILE,20.0,4.0,64.396833371669,bowl,servo_slew_deg_s,+,42.9044543566569,0.8722477538931072,1.0735595476547837,0.0216291091685236,0.1402324013927342,-33.10229127673261,9.354178183765091,36.66017142794213,27.696529526757367,13.065581710342444,1,0.0224240380613226,0.1256802396554198,0.0814104233225328,-7.245213591239138,-566.3327585020444,39.278814257732776,0.14029627402325673,-0.31761456219246803,-0.04339435598787063,-0.429044543566569,1.8398763201428148,1.5768298019870268,51.69011135542105,97.0321006695672,0.3135953361554389,185.2542886644519,81140.48601923513,6476.548869692215,0.20052687279233083,1.5221655853666887,0.01659660294673472,-0.010816377831547114,-3.504377507547298,420.48794719654046,867.4167116031645,748.3138785900542,bowl
R0470,470,EASY,10.0,4.0,31.580284409715105,bowl,backlash,+,15.198340585774645,0.7436337213378822,2.0379410242296103,0.0333674085395722,0.134929787739908,-32.472659056926496,12.256844495966265,44.9360181346703,95.5738985597494,8.544432613883414,3,0.018161074269065,0.1064483107233298,0.3994790989823188,7.439427357562239,253.50493366303297,-75.57371570792888,0.32509916183833765,-1.0643913614600116,0.25253054416448856,0.035596096120632484,-0.8600172592372889,0.0,-60.79336234309858,-17.799893400147766,-0.8691076415361627,-830.4618142352406,-1299379.0449005452,-18106.55141237062,-0.3798647344736463,-8.260448702752043,-1.1163397794871543,-0.11183567707969992,-18.86187072763073,0.0,-1797.907983096321,-6620.302805035555,plateau
R0471,471,FRAGILE,10.0,8.0,70.77576303569337,bowl,servo_slew_deg_s,+,46.53583871091397,0.8232130508964719,1.2316085513364132,0.0299300757152021,0.0960360080699657,-50.91251865474858,13.050329644894342,45.661926065232926,44.368299430318295,8.827859289285307,4,0.0276021590398077,0.1679409622537309,0.3598516997273444,1.4635837944443477,-414.189581970809,55.05943583345314,-0.6064480600824327,-1.345606108472634,-0.7187921191758246,-0.46535838710913974,1.9443075057370527,0.0,120.48450494268366,50.88824479145657,-0.37281334680325706,507.31181728623426,-107738.22686420115,10920.591338765455,0.16318782999613468,-0.8929065560320537,0.07320018055190075,0.11213747538546308,1.834887987340855,0.0,10031.049920057727,6933.263796120768,bowl
R0472,472,EASY,20.0,4.0,83.36993772984633,bowl,servo_slew_deg_s,+,53.74847456707668,1.1063339841085982,1.1884092262513626,0.0298159904534917,0.12928520982746,-50.10676399276872,12.148160963129996,44.37917779619944,40.23889490463075,11.594810771554965,5,0.1108730754181299,0.1742649234749216,0.091623317853305,-26.47526338072197,-762.1594962155176,17.948498055173975,-0.5912992552743979,-0.4468701295591463,-0.2282767668756037,-0.5374847456707668,1.1533586631368196,30.788921739134317,155.8305073098624,43.60645218934359,0.29489096480842525,234.89931513275974,332790.73171414307,27406.094461683504,0.22557284537262579,0.5422047099994887,0.07123193518332868,0.022883781324172646,0.3879677422531386,8210.379130435826,778.9508609848483,2672.154142925026,bowl
R0473,473,EASY,10.0,4.0,55.78116865565051,bowl,servo_slew_deg_s,+,13.145708488372652,0.3880288190237515,1.0317900656869066,0.0113325989759643,0.0622904763271431,-37.663062940061394,11.220071226811818,47.31599409406436,112.03206753847248,14.125765044052372,6,0.0035563574278893,0.0578091894999074,0.379032069763974,13.605225728870503,117.13693648376963,-55.8375471866115,0.37499193617916005,-0.8370414062458628,0.935057831066888,-0.1314570848837265,4.593871412785471,0.0,101.48100727817632,-13.50712464489282,1.233852530692669,-543.9055061685978,-1400166.813689585,-38026.29159377032,-0.6187499789930948,-19.004074868684018,-1.6424324929721523,-0.20258791102561793,-5.926371010390949,0.0,-16287.131761131752,-8364.707516404183,bowl
R0474,474,FRAGILE,20.0,4.0,41.802575684746905,bowl,backlash,+,22.470057109767843,0.5402834446672813,1.8728350845913917,0.0259605484809203,0.0443742614676288,-53.81233499201779,13.52099313856538,25.28389552568588,79.48555760334202,9.06992638459347,2,0.0551231012369147,0.1966521169598971,0.2869349076065978,-0.19875740895359428,-117.09008967560356,69.85815120664445,-0.10761548525510545,-1.3183987797466736,0.7460599934390902,-0.036533802460794365,-1.6708971499131706,2.2539626127655294,-89.88022843907137,48.57240664149403,-0.12265683770207714,-103.62473127836206,-376645.85916827,-80072.23145133846,0.3390037915100015,1.1427585776250984,-9.946237941812974,0.0024583634657527396,19.276912034494956,601.0566967374745,3680.425228637153,1320.3999209231608,bowl
R0475,475,INFEASIBLE,10.0,4.0,299.53846697140904,bowl,servo_slew_deg_s,+,198.13453385573686,1.366157337275386,0.925230670040482,0.0144526990120991,0.2357423931876642,-30.27018551541714,7.590991857858187,35.3155082195709,31.77087686423978,13.930801927378432,2,0.0967624147875297,0.0635720648444516,0.2183154282116182,-80.12549244147905,103.31900601136589,248.2430000459604,-3.48663413864,-5.2461619759386116,-2.1203120874984593,-1.9813453385573687,3.3936692181136796,0.0,322.2826359181733,212.14373615080166,1.3139884048785007,-4866.710656175858,-2479950.852692179,-7042.107280667835,86.08460012703883,2.663529986797843,0.8336453525316346,0.05769618760082125,7.93302564028039,0.0,12250.648205371186,-2938.553552418343,bowl
R0476,476,FRAGILE,20.0,4.0,50.44611176665541,bowl,Cm_alpha,+,34.07921546280973,1.3644659878821457,1.0041763255101754,0.0234725696840553,0.1841561193944329,-43.22528669657154,7.8684776703355634,44.053863582831454,81.25801148366867,14.440937395829604,2,0.0865479890947573,0.0787974442909984,0.102816503140075,-4.541104802396411,-876.3854670813455,48.89030186247809,-0.8519803865702431,-0.37416270361399506,0.7865182299263587,0.07587481715169905,-1.0227123506660387,0.0,-30.779121294609347,-2.322521292538093,-0.11358632622991927,-291.3097786969428,-1427801.9448624083,9962.571194535209,-0.37150374813278075,-18.128239690137192,-1.6797017963531937,-0.16004293870569053,-25.04026814039787,0.0,-10471.80223975783,-6673.199980455406,bowl
R0477,477,FRAGILE,20.0,4.0,65.5725048795786,bowl,mass,+,37.8940811081008,1.7299375887317674,1.641016994500924,0.0361328488123838,0.1613159761645504,-58.0732766004,9.418803157841005,37.95840090264283,89.90847172776064,14.66108141231257,3,0.1008669557147854,0.1751940499758198,0.3453703945056634,-31.578400923417327,84.73815485085183,102.23453559258351,-0.4287139953924801,-0.33790604252665696,-0.1276254493041634,-0.30414992531972995,-0.4193450929372591,0.0,104.50174004087263,56.431641695244565,-0.45347459836746573,-183.99294262824648,-141275.53282526362,13637.770026539836,-0.04730647170227309,0.03927355467013535,-0.35103273061413803,0.02118927882276573,-4.735797731887085,0.0,7565.048530163845,-5987.375593860344,bowl
R0478,478,EASY,10.0,4.0,85.10800577701211,bowl,servo_slew_deg_s,+,48.396485640206436,1.2323322274584745,1.4911995501876816,0.0368279609200033,0.2193915810996445,-31.010751214064623,8.855702651072505,39.45210992656303,54.39370743004543,12.73732933088804,2,0.1182630409894113,0.1510091872314054,0.1933492344007448,-14.621991900005506,-730.0588598934769,115.40248128423188,-0.3990694799939444,-1.7933590188802826,-0.4992664684121461,-0.4839648564020643,3.0129459095760787,0.0,114.23287132531034,101.53155249355478,0.44719835912528305,886.4088328425894,2810016.93351495,40352.03754740494,3.2392389034363682,2.548032915930196,0.5842929983985363,-0.0091368641982141,4.020668008187758,0.0,3540.7298050824743,574.2476385937867,bowl
R0479,479,FRAGILE,80.0,32.0,162.66235789244203,bowl,control_effectiveness,+,109.16249829136228,2.425193624536499,1.4063872578432997,0.0166582991238976,0.2236809899032789,-58.41269176582316,9.11210318753978,37.56999290372657,89.35102060676117,12.282267833714306,4,0.0849915450556871,0.2195451790946146,0.2193486739392443,-31.586121875575095,-2022.38799316906,-226.63193182139324,0.15393608513334955,-12.129166476818032,2.799358609928462,-0.06943620095745935,-0.027488574065979498,0.0,-194.78979773403108,9.694341349254278,1.6655689715264836,4812.046876658654,4990089.603488491,13578.959162406552,0.1777491677013976,44.272101507490476,2.191492457925236,-0.06665046659158634,-12.360967909448137,0.0,48509.40845139065,-40.21201379665655,bowl
R0480,480,EASY,45.0,4.0,36.3049738960883,cliff,servo_slew_deg_s,+,9.612970007639365,1.1208626551890322,1.4240313495266228,0.0190008146671575,0.0984938667665999,-65.57941493893165,11.54180245472009,42.98431487909046,35.82617425792084,11.426444648158643,3,0.0900633488333915,0.2193250654789914,0.0529822796094217,-2.484028149668591,-189.38403497133692,4.88319974553946,-0.04375747176635292,0.09060255693771103,-0.049185476448846896,-0.09612970007639365,0.6952107624446738,0.0,21.590037990469213,83.86994774058611,0.03273069901966874,11.881924410827622,-15964.449878752213,-43.601386912826044,0.05288536871682803,0.3311161467349064,-0.16763960944707434,0.004501629579700434,-0.1517336136066997,0.0,-790.2540897279906,156723.14642642066,cliff
R0481,481,EASY,10.0,4.0,64.19056454112108,bowl,servo_slew_deg_s,+,26.11125643409165,2.146497160488799,2.038919980574473,0.0325272276762567,0.194709225672633,-50.9977274660591,5.303975075507498,27.69972307293848,95.05346605895816,11.788071541939695,6,0.1062817158457522,0.1683747255570383,0.1113747184688568,-19.874269058102993,-357.6688156501196,96.99379063023237,-0.17589373702579347,-1.9542834609704065,0.6149638997998809,-0.2611125643409165,-1.394815651871462,0.0,12.359851102151563,102.41778504882859,0.227944714819321,50.68497669662062,76009.84923254301,-2625.359060661769,0.5566474736435861,-8.736877984695496,-0.2544204237510488,0.010785452297872524,-11.82818302750484,0.0,2445.067858991628,1552.8692586716086,bowl
R0482,482,INFEASIBLE,10.0,4.0,107.70487222350732,bowl,servo_slew_deg_s,+,71.8496456992856,0.8864668085593607,0.9177571990697548,0.0233118244487676,0.0887960925638783,-45.00125186078068,9.014691310218726,26.301062890126357,48.606339393370575,10.402822199683465,3,0.0765007064291316,0.1226114583696867,0.3680446470949387,-22.141850053037068,313.57511023736697,116.50467539786048,-0.48340155320670064,-0.40216052542125313,-1.0059092342864333,-0.718496456992856,2.8799563983419296,0.0,28.545526115719174,150.4955989316435,0.7576984915127145,-7602.886276785551,-290889.43072121067,-20366.93086036083,-0.6136581767129865,-3.134070550313972,-1.7754188209936523,0.10110802275205913,-8.958491299699734,0.0,-1880.5973644437709,4161.1480906671095,bowl
R0483,483,EASY,20.0,4.0,30.23189827661604,cliff,mass,+,14.953584161229541,1.173165243294089,1.8877564314441944,0.0319315608459694,0.124186795690531,-54.99382220886936,8.811411694413191,43.86535361183148,44.51500083768511,8.427637555257375,3,0.0823607269494919,0.0467141828883469,0.2004581786370757,-12.46132013435795,-95.6372476707244,2.6138790118534163,-0.042353730580471094,0.29295263860743076,-0.24155777218586144,-0.1288627417493992,-1.4322707029068713,10.709431567424518,13.786356954425813,47.07229658965235,-0.24473720744239347,-203.4355749520727,-870442.2037327051,-510.7094579405663,0.05335938819476205,-5.288042777239363,-0.6766947380194739,-0.03994867234917688,-4.755775251087558,-2855.8484179798693,-14462.346373215387,-469.0419157900552,plateau
R0484,484,EASY,10.0,4.0,30.944719086324444,bowl,servo_slew_deg_s,+,11.005756649910197,0.5190521884645376,1.2694806238828087,0.0335773184552287,0.0588900682738548,-44.21320489150295,9.30939551143868,32.5707240758163,60.8533103929428,9.688374605709464,2,0.0809091374121682,0.1963114032187693,0.2687232177197955,11.799054907730637,-288.8884438799125,-4.646318653607827,0.3058358826617684,-0.7187262611571094,-0.3366411521235463,-0.11005756649910196,2.3458154774205373,0.0,11.133211492339104,11.2600471171736,-0.43373827565480605,-212.88942584404884,-560909.886832256,-12725.575339885727,0.3433272638596174,1.400049384021802,0.37467469421962163,-0.03575388708074143,-8.342034520313183,0.0,-5512.772952011905,1576.8922308308568,plateau
R0485,485,FRAGILE,45.0,4.0,61.545844395296044,bowl,servo_slew_deg_s,+,43.59489827654856,0.7514511953846994,1.3079374482137227,0.0383061261966979,0.096747706591508,-45.96915643733444,5.159907424788728,45.3392387459583,26.789697735871275,8.81786950596371,4,0.0344747615976835,0.2484685970933868,0.2845299831622347,-16.210510853236688,-422.62281554376955,77.32523394362681,-0.16232888117455735,-1.0451992760007778,-0.22410699154602512,-0.43594898276548566,1.5475541929127388,0.0,12.96762252989277,71.55220648707748,0.08352014567707755,18.54616103553305,-139573.2988800539,6311.904486762667,-0.044045558855939415,-16.321227301035663,-0.11561413675423977,0.006525704090759916,-0.5880111269106144,0.0,-118486.1928538094,59.7787683833938,bowl
R0486,486,EASY,10.0,4.0,35.00829522725792,cliff,servo_slew_deg_s,+,23.150363385073103,1.7510980891173404,1.298304066397598,0.032653862001553,0.1438798469683202,-66.13913291863565,13.404753371864,38.22586638096984,103.02610631670348,8.558552330710402,2,0.0672760212696006,0.088401887651058,0.4369005420031116,15.192131504946683,-94.26930373720272,13.370255590584211,0.03923154376032523,0.1961365072919871,-0.25317185724256996,-0.23150363385073103,-0.4103943422501153,0.0,35.55757369175265,36.16169552630766,0.3785139502572208,-405.1694381435599,-1859739.060570305,-53577.760943971254,-0.382575220769128,-15.480745372175814,-2.4771499354195106,0.03378370522737583,-21.0032691722835,0.0,-14313.034240467245,-13979.618749719599,cliff
R0487,487,INFEASIBLE,10.0,4.0,490.4790790332424,bowl,servo_slew_deg_s,+,287.8842692457065,2.262551262305852,1.6476671332493835,0.0183336658928349,0.2119084220417766,-56.13654644958233,8.450945063080448,35.78098722399888,37.87721991556688,12.502175770536311,4,0.1483333968922106,0.1041102633994105,0.1881441978084511,-54.57591069484085,761.0222878290423,1149.5152138647825,-4.967524770203639,-5.067366966083916,-3.7454920349650194,-2.878842692457065,7.067079992651777,0.0,279.60809053883315,514.5577585684255,0.7625894029435827,4598.116552113776,3562799.571988418,71639.04351764722,3.9159246264284917,1.3047370055229817,6.025542891063214,0.136762509605646,-6.146857526590346,0.0,-10837.343107618159,42898.292815871646,bowl
R0488,488,EASY,10.0,8.0,323.4644725273242,bowl,thrust,+,184.40471017874955,2.133949606040369,1.71153772463972,0.0116277700578671,0.1926764426704921,-60.3406491143076,7.466749209284245,38.42113880101067,72.00042821636345,12.515795666259184,5,0.0614685920561616,0.087074303692283,0.3853930735409863,-14.70249026728965,1471.3370272069478,273.57959057696524,-3.188052624529329,-5.0955644865676595,-7.376188407149982,-0.3605930496125085,-4.477995419818852,0.0,-175.29854021390238,517.2175297156491,0.13793120745523257,-25.861783592685615,3752224.259646338,48620.75730251831,5.06069910977747,21.88813133283249,17.08676947236173,0.09603858690185561,32.91534648509207,0.0,29308.048020968185,52552.266878354436,bowl
R0489,489,INFEASIBLE,10.0,4.0,3419.876849078997,cliff,thrust,+,1689.0048195566656,3.2382354540875222,1.6994185930237078,0.0220121570364708,0.2232409250196672,-69.17508170862322,8.167987712231458,29.43686110461533,65.52949902300244,13.519882469323957,3,0.0075834853102109,0.1046195285593484,0.2164281520009608,-204.0203457885831,-8373.188123828822,12128.763729859555,-31.558116421686535,-49.18669838520148,-67.56019278226663,-4.5776215353329635,-12.0090892238365,0.0,685.9164386887211,2236.149607168255,13.139730909694208,-363.5661928529834,-2551286.620259458,597946.2848314075,-120.11674567892017,-15.543260396108654,-1.0528380458333777,-0.24176683188727793,-205.15991416569207,0.0,-129611.0113228981,-3760.9443707039286,cliff
R0490,490,FRAGILE,20.0,4.0,48.17314834670799,bowl,servo_slew_deg_s,+,19.204302466987535,0.5901500221187301,1.190871702677076,0.0119201213944865,0.0613938152644703,-47.27631387111853,10.309104252939154,31.309271479309377,48.402865234954966,9.834712886376892,2,0.1457279497156432,0.1240182298728409,0.1165729957974995,-4.702036309419584,-523.4745765264192,33.71023495744146,0.1631329558166832,-0.672435479609426,0.37024851511274953,-0.19204302466987536,-1.9129366675336732,0.0,104.79676542217699,61.10155144698434,0.09352763520530338,-125.66232446112586,-332219.9140359334,5793.622804067044,-0.16379161063263714,9.763374704869602,-0.46101519744739594,0.07156306240598298,4.432674464151423,0.0,17225.248890816256,818.3716629931812,bowl
R0491,491,FRAGILE,10.0,4.0,56.83338069049606,cliff,servo_slew_deg_s,+,47.41665537478891,0.3488877184435258,1.275688441861606,0.0368694125344731,0.0430357989773428,-44.66532712776456,10.621306251134914,39.2907910283035,57.64495255696455,11.977411373301807,2,0.1114893932515708,0.2358403174498566,0.2504704954077918,-3.388436315508067,319.1007856217316,-37.53931107893222,0.08386326140731004,-0.10029214183987689,0.001125347131423382,-0.4741665537478891,2.352333658628888,0.0,74.99903780461452,33.7627498063836,0.049820782300256106,407.66434510599805,810292.4097388292,130003.0224923276,0.11462935555163689,2.337355753501597,0.3008353570132226,0.000488687382958659,-0.3241547049242261,0.0,2672.3647328884977,5722.770209584252,cliff
R0492,492,FRAGILE,20.0,4.0,56.47896439513113,cliff,servo_slew_deg_s,+,38.2358995814546,0.3611668409598748,1.063482260212926,0.0321538162344395,0.040328742063118,-51.19257175831357,10.736625469658236,42.29498378960541,36.53923531506352,10.391310078486232,5,0.032371585735366,0.2226795061056471,0.2540673918253911,0.5991997948321905,39.97774921206398,186.59348021480847,0.00920489480325859,-0.30443230047104575,-0.18973016873155046,-0.382358995814546,1.190080740935166,0.0,43.02642791975533,27.157523313076634,0.322650440061822,867.100247463058,1531415.5804735569,16879918.291431814,0.05062670773927547,-1.478758751435142,-0.3133456793208688,0.025518666827237198,-4.446511407137813,0.0,737.1145233592971,7670.803107055345,cliff
R0493,493,INFEASIBLE,10.0,4.0,461.2586198603776,bowl,servo_slew_deg_s,+,272.39777965258395,2.260639620256826,1.124535128876142,0.0145779652823911,0.2157274284545348,-55.05411762514568,6.78280823670401,35.72638165575934,51.83656896742528,10.886888680146663,5,0.0997159289261456,0.0897366373617538,0.2354684712602324,43.48044633998435,2213.0368637660454,1231.5357933755117,-1.1074932894931173,-15.622250399059903,-3.0826299049379826,-2.7239777965258396,7.406273627294662,0.0,726.5550697828799,215.2196178000949,-5.835672323542152,2983.2296249063547,3127343.0549518447,264109.67090725736,5.390041158631227,74.28853024642025,11.111353669177333,0.9954374956583223,87.3966495077326,0.0,131359.8144254556,16360.4026799135,bowl
R0494,494,INFEASIBLE,10.0,4.0,98.70789600228102,bowl,servo_slew_deg_s,+,39.88812496562312,1.992197979889164,1.6812020658828213,0.0114805705129292,0.166188533051801,-67.84309675793041,12.849006864637136,41.45813886305792,82.8544285314053,14.817402998512502,2,0.1168538374647475,0.211704291769347,0.3227275759269072,-18.301462380740112,-1051.8448260489627,158.24346035664428,0.7118339932230207,1.0951191225409749,2.0982090282932733,-0.39888124965623123,5.193956474543366,-49.42634865118,99.00865786158582,12.130702360841983,0.04265348591204976,-65.04785963425014,-709528.6954578095,21302.36263343743,-0.12211731041319318,4.4304356337289095,1.9047066156712458,-0.04471043006402937,123.98451666445085,-13180.359640314655,5233.633621459276,-915.1244808573883,bowl
R0495,495,FRAGILE,20.0,4.0,87.86907795748537,bowl,servo_slew_deg_s,+,41.42974679868377,2.194401836950321,1.373122547085247,0.0182738515750723,0.2220012568817041,-59.37492598048132,8.185179247354645,46.70313883897519,89.06103894180279,10.003442808756065,2,0.0185757785860749,0.134030081961991,0.2590546579321408,40.89506592710138,163.61822383267807,103.3353707602048,-0.5974205402373287,-4.224686151455562,0.09994500709341594,-0.41429746798683775,-3.814775198262173,-89.3529421785536,54.90475894058233,15.999371830331052,0.578895479370348,769.5724180232836,868895.7581089847,25539.915612462642,0.6754493974898312,28.96227783700677,3.0480164672009984,0.1414242872162835,42.08494127721511,23827.451247614295,28589.333006831603,6577.572167431579,bowl
R0496,496,EASY,10.0,4.0,33.14638036605554,bowl,Cm_alpha,+,19.543279506777722,1.7572798468148096,2.0693072584997334,0.0138851419288803,0.2274753785729098,-47.96053718671804,9.844720438340053,49.89032934034926,117.49524509025566,10.749439997642424,2,0.1345434939395993,0.1747193685501451,0.2635147530897335,12.008662087037509,245.5711533194911,-12.50147511521308,-0.48858198766944305,-1.4865102656319533,-0.3560574079611214,0.028680837348729837,0.16785671936275004,0.0,43.81393934984885,-19.485492186474,-0.8752869756652153,-1047.3878731976195,292664.37002596207,-5597.439695764742,-0.09071174198570331,-7.08965819513487,-71.03169055155482,0.23531830146748536,-5.512040563724243,0.0,12644.18701063167,1603.5284013731082,plateau
R0497,497,EASY,10.0,4.0,39.429183013719204,bowl,backlash,+,16.973142688901852,1.7418208476479238,1.4605420389898338,0.0100238604836583,0.2309282955789423,-44.12136881210384,8.535904608154434,44.29009825486921,107.69432866785944,11.46903163392966,2,0.1026055505553644,0.0294796750713923,0.4008965327803233,13.095277187005104,186.9843153997281,3.9841313926232536,-0.10715989640402745,0.7416023574500107,1.015986426271596,-0.08105942117592879,-0.4687063540105391,57.83009509748093,-67.89257075560741,-28.256520945444837,0.11275694588468843,-307.2416055345183,-4316723721.492158,-31213.254913213914,-0.5535243505623735,-7.855939530529294,-0.5697543693127518,0.04908648518234257,-12.115415225987874,-15802.653807557681,12016.595193552013,-59.60095856144532,bowl
R0498,498,INFEASIBLE,10.0,4.0,755.252040168261,bowl,Cm_alpha,+,410.73859197888,2.2120032476233997,1.0093056169862464,0.0381189836631108,0.2255378673052541,-46.6095492393798,7.402843522193116,29.233349658744768,40.05120365594635,10.893060304506076,4,0.0222505738673069,0.0302147933611714,0.2915929926020186,-171.97863121470405,-1956.0005332864357,1831.748981197286,-10.268464799472,-16.836454708621865,-9.913163720968356,-2.6591781655035702,3.4853059779004965,-66.89553083538064,674.9704055665939,482.1260158519901,-1.1594771988771413,1706.7883619517083,-1675193.9261562796,-4062.2671023322637,1.4472596172334633,-14.544885970875068,0.9546350089839598,0.05635223411048514,46.05484605499567,17838.80822276817,16660.100221179888,7275.005601392466,bowl
R0499,499,INFEASIBLE,10.0,4.0,4071.460793420961,bowl,Cm_alpha,+,2149.4379935897955,3.0627100599559216,1.635244303490576,0.0263163762042045,0.2378066212533028,-63.12219715668675,5.783743484528549,31.092932696715508,45.5143839448137,10.185536828557323,2,0.0843292260666296,0.215407765854879,0.3352073282975545,-259.4516249521848,-18670.332778358275,13759.637166669634,-53.73594983974489,-32.34742570725276,-68.51664216690742,-6.870399466510605,35.727323889429506,0.0,571.7896856019429,1579.3748098382493,2.049804931218773,-1955.898151566496,-1592990.049644057,-21571632.66315709,3.0897001487680313,-2.818225726224663,3.769866977230558,-0.0002858549690199652,-41.59784192823531,0.0,20448.43208163362,-31637.118011759867,bowl
R0500,500,FRAGILE,45.0,4.0,118.14154239807921,bowl,servo_slew_deg_s,+,87.49096276700953,1.903877690467972,1.832049965536796,0.0324879184379477,0.2014819615938605,-57.25626089431254,10.197774654877112,47.522751140697,41.11900326351599,13.381971695657969,3,0.058898008617225,0.1677372422204128,0.2857270520383525,18.195512270542093,677.9392623046683,96.63771753830632,-0.9422390319434708,-2.5039835019344654,-1.3478370036732286,-0.8749096276700954,2.409315043239249,0.0,120.28353365497576,70.10409568749581,0.2778435105195767,267.16381576568875,-585567.7232910248,35653.13108582484,1.174647357430949,-2.9863099962387945,1.5368758476106814,0.13335231170303757,-13.55527841818986,0.0,1383.1514673937907,3759.213525461675,bowl
R0501,501,INFEASIBLE,10.0,4.0,194.9955598048365,cliff,servo_slew_deg_s,+,137.62708246534854,0.5898791346889519,0.9275445236215584,0.0171970285502607,0.0995718044288768,-31.038547627601112,11.592042812495766,35.531277753470235,24.52871887916278,11.763350807379297,1,0.0661428449359054,0.0296333190060789,0.424765586867698,-74.12404514864235,-241.09082201130957,106.8410928704506,0.17252368990487116,-4.741168406611969,-0.5849912114594105,-1.3762708246534854,3.8119276676300613,-28.33943650832255,210.34674310485568,178.2470891111755,0.17433531044985529,1642.7474352038823,-584998.1513288523,-4672.563404274759,-1.0479334309421535,-0.7938273980237056,-0.9606429144065942,-0.18586606768628702,-31.039344071922624,-7557.183068886025,-2188.9303939373344,92.37075270867462,cliff
R0502,502,FRAGILE,10.0,4.0,42.530743937331366,cliff,control_effectiveness,+,38.919038198784406,1.0417015221877453,1.9159898624308596,0.0282093474422047,0.1769799196993101,-36.56862223774442,13.436326908859208,49.96201474663663,55.85467921724167,8.216132160969636,4,0.1307633395017032,0.0174723070727131,0.1983738724196916,-3.1809957729480782,87.00014354146994,5.97571911966765,-0.20849751380606318,-4.324337577642712,-0.15669272918768362,0.028901501416621577,-1.3150860174636265,-1.3306407185018767,-34.032970664522466,-11.438898469333175,0.33492151318776475,-386.80208061482244,-419444.1012075056,-10005.3833106206,-0.020590306019982352,19.46022933334164,317.9578043211332,-0.014416177697232087,-29.543989946669868,-354.8375249338335,-2724.366163539889,-3362.1186128115833,cliff
R0503,503,EASY,45.0,4.0,30.796848453362458,cliff,servo_slew_deg_s,+,14.216380018113028,0.8764155068470622,1.4291613628652111,0.0190282228535035,0.1163080523971472,-46.103893060925785,9.40307143340312,48.4547119448097,34.71928152241311,12.967340088377952,2,0.1173724207139959,0.2114595644854651,0.060374447585055,-0.7308833108361198,-239.43290331162456,13.052933214421268,-0.049097952191173855,0.0790981500453964,0.04005525120953699,-0.14216380018113028,0.47749174294329727,0.7227253971896268,2.9248663699432216,64.71455819050826,0.02796055582481438,-52.65613623028751,-205001.93659325605,8445.24938309081,-0.03888956683790945,0.28158751968772516,0.32429084514025874,0.02388451712118943,2.759636027617634,-192.72677258390033,800.8779733331651,8572.970707258371,plateau
R0504,504,FRAGILE,45.0,16.0,91.93806107465153,bowl,backlash,+,52.4363911491699,2.4272433839750653,1.1550876620706494,0.0134678859232681,0.219129983071209,-65.11419555193918,8.769100104732665,44.729050011690326,58.26839557395335,8.414186108944172,4,0.0784514676631234,0.2326265100222455,0.2476346409559426,-22.373591878042088,-841.4397618017667,32.234857800916096,0.25392794677981634,2.6679095275607803,1.2615294706759328,0.5031207726405841,0.7171482994423105,0.0,-209.7455645966796,21.293720057847676,-0.10969979628390103,-413.987102636869,1838246.176094335,-10290.73599183416,0.576304795996375,53.52263689134431,2.8726147221872496,0.25487161370003114,-21.97534952564292,0.0,48965.60009379564,9212.476103304922,bowl
R0505,505,EASY,45.0,4.0,61.017378271467855,cliff,Cm_alpha,+,7.582719711006227,2.121121111048364,1.7527338381816362,0.0251124466802841,0.2199280253331442,-47.68483449152477,13.78363200763522,31.641140785360424,45.91436131825781,14.136443684902517,2,0.0644286896268994,0.0189982948312421,0.1827043980202398,11.135203863182458,282.6923052391588,20.042970379893692,-0.18956799277515568,0.38575419196295857,0.0858607135936237,-0.04249094522601134,2.617043344029017,0.0,215.95885679952823,26.678548190154803,-1.5156412796568368,-473.5100563776545,-512316.2937046767,-30075.191266560792,-0.42254477823638537,-58.965772409845584,-3.3403450703577566,0.018551680837567874,-23.63208101932193,0.0,-11380.512681549731,-1275.9510602622593,cliff
R0506,506,EASY,10.0,8.0,63.999781320009944,bowl,max_gimbal_deg,+,38.56106332906898,0.918654192442006,1.8433648867980248,0.0128399214186887,0.1328075808819739,-33.61338061131478,9.295006886495692,30.565207794148808,100.04277338521578,8.698680523916932,3,0.1471079412294321,0.0850169613647772,0.0569832180512545,14.267502629821633,465.87598466892535,98.31250549807218,0.06418558682067999,-3.602670664764307,-0.5000510395247545,0.0663927771431986,-5.50872333272414,0.0,-59.822973336225665,-39.68559045207256,-0.37437604108928735,2230.8874332233277,3612605.607170562,56702.37832482895,0.7292628280279863,34.42084054867939,2.9289504804110833,0.3510298696993503,56.45455690383918,0.0,4671.141879200032,122729.80134379907,bowl
R0507,507,EASY,10.0,4.0,62.15202086911489,bowl,servo_slew_deg_s,+,43.40134122798213,0.9698165729630668,1.7439871537514442,0.0325204252766618,0.0920315209970148,-48.58411555955436,7.627806175344673,27.513380590095505,40.66094350120424,13.081672410718795,4,0.0799958675999318,0.0619640199716805,0.1923055702598718,-3.9025384536755454,258.3278336616421,11.830369942335533,-0.23829255610052558,-0.9945338757880582,-0.6639447300860205,-0.4340134122798213,1.5970921868401387,0.0,80.85675792375889,75.47871382754775,0.053372168595696046,-508.82812723961786,-282487.0710877113,-5245.679147048105,0.09880205169935241,3.4440224949308322,-0.3649149894081711,-0.005804811526594306,2.7885094965412933,0.0,2542.994071900368,1843.6532190620555,bowl
R0508,508,EASY,45.0,4.0,35.9022821344076,bowl,mass,+,19.328486323002082,1.7710916919017627,1.4879042381481402,0.0387299905742129,0.1660847317351136,-54.60805028174157,8.042385301824803,33.94314081294077,80.8278038212703,13.010153863073722,3,0.1402991285331916,0.2464640703782218,0.1705418168395815,-16.107071935835066,-231.1661990001406,-27.120362869857328,0.043107667132007865,-0.40449144987619395,-0.3835232073183704,-0.09658731435440178,0.5692774854595526,0.0,33.14810578301559,58.72957219014282,0.2903649588175474,140.93047871428806,206502.00945622867,9754.867115430352,0.15382351821536577,0.647536731189337,1.1109887737268003,0.016323115939672946,1.6773273890024685,0.0,58896.6908635945,1789.250588652513,bowl
R0509,509,FRAGILE,10.0,4.0,156.83053976190007,bowl,control_effectiveness,+,91.19563700231262,1.4860345533563195,1.1229349223728224,0.0163115615641287,0.2103936088647063,-38.00465342619288,5.153353535198486,37.47504651829878,61.34627249517658,8.805961557941261,4,0.0711291571011858,0.0775042137761563,0.3319569163036841,-34.582567575746246,497.01323468252474,245.85358794357276,-1.1368702317314998,-10.132848555812513,-2.2004193038210027,-0.5782483037176389,7.0616499683643825,0.0,53.19656824979292,73.261222697062,0.2393683585201556,559.2247112738505,-1224048.4056212606,56661.07346276091,1.7108820297238223,110.09651920688403,4.215409285525767,0.1956235292529481,25.108799908165864,0.0,29084.36432057346,6207.6012078648255,bowl
R0510,510,FRAGILE,10.0,4.0,79.99982765446026,bowl,Cm_alpha,+,46.353738312366616,1.757321161077964,1.0896322861951675,0.0229099919632488,0.162319193698403,-62.44608851679381,11.980541209369877,43.06349895372986,83.38236784809737,10.36971775332514,4,0.0327335234911976,0.1631535100978831,0.0583331943610323,-16.078703336234994,1079.2396554982656,19.724873350010057,-1.1588434578091653,-4.106277706926879,0.8860284139815,-0.18851158240931448,1.3345805860852078,0.0,60.093265185757275,42.603212077340935,-0.5291591270616589,321.04759083350694,3157028.9308932577,-11668.153647701762,2.0245976361483984,-11.12549072495396,2.317414450403884,0.03363317913365421,9.487802602454295,0.0,12024.748405393053,86209.64059214808,bowl
R0511,511,INFEASIBLE,10.0,4.0,88.1367876695817,bowl,mass,+,37.11220320979411,2.0776524584954688,2.064944059126026,0.0144158903898525,0.1850521836240802,-67.54472347650969,7.609502653867842,46.8475449992972,116.39625159508417,13.308301717834391,3,0.1297354192606569,0.2295234382731673,0.2774529367232592,-30.926836008161754,-188.1449416511666,-104.37698885006296,1.6426942697639633,-1.5128239436183137,0.43056711102204304,0.21733437201296998,0.8367191761317075,0.0,-95.94624498643873,37.28072113208155,-3.785391131367076,-841.082397773699,-2623295.595700997,-1199.460417197036,-0.13431068027586024,40.36404017793874,-0.5201794448733608,0.35584068494023224,60.01503702738939,0.0,44416.13766457521,-4343.694143720437,bowl
R0512,512,EASY,45.0,4.0,42.517395610350654,bowl,servo_slew_deg_s,+,23.442960348663526,1.888126900506617,1.6102748843111772,0.0247684136093285,0.1286118010548224,-65.47489697460425,5.952823335497628,25.746030839021092,56.40140161636386,9.059070627440985,5,0.0974804114429643,0.2393550250963122,0.0764532762506305,-1.6837732435896873,203.48683420856187,60.400330408561395,0.030909461209253197,-0.6660014442070507,-0.01066854556603435,-0.23442960348663525,1.4667722843771995,0.0,81.40574918336134,56.66520218102923,0.19202019526232705,-50.377970180216785,-1077466.530175183,-1381.1449020879622,-0.40077733178921626,-2.8346535145027962,-3.3008652527739457,-0.056381429868307326,1.2093562339014476,0.0,-7505.62592448156,3827.020832571098,bowl
R0513,513,EASY,10.0,4.0,46.29424948819624,bowl,backlash,+,19.20406191907777,0.6792349899476566,1.0073879177450982,0.018733745927703,0.0517044499986651,-64.14421193375975,10.89561182199791,30.85972490393607,116.68294095095156,12.81412772071101,5,0.0864646209389921,0.1205369756105043,0.3249676565464888,0.14816135640614,897.0808133362685,17.935146109313212,-0.2343576289341276,0.9232029269579718,-0.406023245198697,0.020435561605199926,3.9279244396464907,0.0,-76.81624767631108,-10.325642828975758,0.35998354881334205,694.3119166625247,-113913.73858655957,-5646.292963470747,1.5815210091342666,12.320045954474438,2.467661629421035,0.004010898919852902,-0.43406089143068055,0.0,1199.148136789126,2702.791850756154,bowl
R0514,514,INFEASIBLE,10.0,4.0,2174.8704409439965,bowl,servo_slew_deg_s,+,987.8472016559474,2.88842138005065,1.450548719498434,0.0276739214754226,0.2333326756733287,-59.06438329798249,9.779829973545592,29.467461521936126,24.22157483004808,8.84833852824767,4,0.004918452483257,0.039874482917093,0.205513265165676,-314.27535923501625,-6330.605218898734,6184.160888457608,-24.293959291381427,-17.622313336831162,-25.376892472662984,-9.878472016559474,30.98273228293261,-560.3715774337296,2098.0534540297026,1468.4022432735353,5.138919703296892,6171.897349757361,8264016.683023504,46448.929131774195,5.691806795680947,177.65094044344008,14.15689994261298,0.9110214777421245,178.64156343293652,635995.0951523233,122872.55566958562,8654.288912065065,bowl
R0515,515,EASY,10.0,4.0,56.53145649516969,bowl,wind_strength,+,19.3594563970367,1.1841911070803526,0.9536543029693492,0.0137325363221519,0.2333365031764973,-30.74749192311736,8.852058460969893,47.511914302659065,70.13120466932918,12.060054688822015,2,0.0439551019438486,0.0011726036721194,0.1011897343584186,-15.574471230371039,-31.895617040224117,14.044074810852624,0.45237750325137244,0.02207352011658587,-0.6810012572859888,0.0751976344471954,1.2651951541800457,0.0,165.43826536250063,-48.398640992591744,-1.7569072799139445,423.0212677283472,98921.46475902392,2614.107862324922,3.697338508674845,2.2409001965117117,0.8224395174970502,-0.013050132482930117,-1.0256291523919518,0.0,920167.9862017502,5813.82461245134,bowl
R0516,516,EASY,10.0,4.0,118.25801140677838,bowl,Cm_alpha,+,33.045955546458615,2.410996008684847,1.5579632878124197,0.0286118045899494,0.2126981031747462,-54.82201892644025,5.801011843649288,30.27649928663795,74.44004511613899,10.73430185457538,1,0.1010486313708597,0.0967000442450299,0.1162879758960555,28.504852903023938,-545.2616843195343,58.20221623659457,-0.8261488886614653,5.771971569056078,2.466421604334168,0.660363022338053,-1.314375289622754,0.0,76.39309341472102,7.510579830096726,-0.06923736058030805,339.04013447112493,663012.7570008816,-8492.746653401391,0.7083609155063769,28.895488291840607,3.172342449172536,0.25944654709825554,4.217984482912341,0.0,-7414.891773411171,39937.58376430814,bowl
R0517,517,FRAGILE,10.0,4.0,64.56668551194703,bowl,Cm_alpha,+,33.17101760988167,2.191519289190351,1.8038051614954889,0.0280378507624058,0.1963259758085179,-60.313853139920056,10.814088357185003,37.78856845012533,99.12833760525528,8.075893012805269,5,0.0966877095219847,0.1448835846700574,0.3066046652098891,12.225133418753135,-74.76979902396205,-106.80108374075931,-0.8292754402470419,0.06968820880892294,0.3740298524166882,0.05015983466321483,-3.3876282852228914,0.0,119.84348802288704,-71.54838950214425,0.09907538412669048,-1261.1558471891155,-730480.8809143419,59651.0744541205,1.101557625092251,-1.972122019004535,-3.132245174552121,-0.11120665207718111,-369.49763750913735,0.0,-18706.34420662623,4465.7251929116055,bowl
R0518,518,EASY,10.0,4.0,49.1512527411893,bowl,servo_slew_deg_s,+,26.032660759681008,0.5654167610177138,0.918852836117314,0.0201330661342721,0.073767372198349,-37.87633022094052,10.5422645628506,31.607373947975447,102.08063926117958,13.490625098442848,3,0.0150501640236869,0.0155734004165228,0.223948200111256,20.808417250952452,-286.72661017799095,3.8186818549795016,-0.16084503612267265,0.9842832847736702,0.8114489747674867,-0.2603266075968101,-0.3026024020394012,0.0,88.92553326676457,-7.8844055932384345,-1.0323624796610853,1755.1224620011308,-1456648.881225411,-67065.04944353922,-0.4276135520976938,-13.909682327984028,-1.9729704823477345,-0.14635411262404358,-46.977405630033545,0.0,-22128.658513495884,-5077.925066234894,bowl
R0519,519,EASY,20.0,4.0,44.133454549157626,bowl,thrust,+,32.22146721968131,2.363475506828218,1.2044666119991652,0.0222576095576261,0.1953007511175091,-56.78121196491442,10.974165087722811,28.495500434394177,105.11957921281233,11.779148708493771,4,0.0523608210610792,0.0361488453314885,0.1988961336483748,4.0378527327873135,-570.8094285910578,-35.040977317377,0.3145097482246497,-1.5295566851850944,-1.2888586887872524,0.07495181097983736,1.5801598509262904,-14.532601305603343,-14.198822621697149,-0.5978942760386577,-1.623844547404412,-1930.4558062074823,-1870314.3290340311,-28763.821957679917,-0.6310071786607445,7.897074488871666,0.9168065112777622,-0.22286988158815468,-60.362532443769226,-3875.3603481608916,-44239.65873882689,-12067.70530329995,bowl
R0520,520,EASY,45.0,4.0,38.254441520032394,bowl,servo_slew_deg_s,+,14.007998348912459,0.9885348486325752,1.5615477537079183,0.0353141562660139,0.1115153444795302,-47.01633118666521,11.758861258220923,36.41196557514768,113.30399310044714,14.375395311946306,3,0.1299164125141156,0.2462837152012272,0.1501446950294003,2.376468200713272,52.08051846513816,50.66954050706783,0.06398070291505475,-1.1177909420965388,-0.23085068764176206,-0.1400799834891246,2.037490307329032,0.0,70.87220845708153,55.64951695386226,0.06594561865297299,202.6205281854849,-139122.2984177158,-5423.522427442139,0.04444089790752215,3.210461370454658,-0.3235580337327741,-0.04062037466741561,-2.3075256131927833,0.0,-72303.90936681043,-45.865686258719144,bowl
R0521,521,FRAGILE,80.0,16.0,58.76254070606796,bowl,servo_slew_deg_s,+,46.520563546361835,1.2043816233830735,1.925359927330407,0.0198455683230595,0.1979937989936277,-37.22638960483924,13.06124721344419,48.47726730134306,34.83853647325778,10.998546125376322,5,0.087202670340914,0.1946180750956324,0.2879317600135548,-1.40353117812939,-273.9370245716021,-138.14608300318605,-0.12348165418859613,-0.5545405367229298,0.042447591524062744,-0.46520563546361837,1.766495972229272,0.0,44.18674632819598,28.47810174376588,0.02857767655606569,-1040.8958064296917,-438453.5587745878,-38624.322096369426,-0.5008487210945378,-0.7362771426075556,-0.5579444620973425,0.03194626508796432,-2.0440752250298546,0.0,-7629.066398797713,-3510.128190043933,bowl
R0522,522,FRAGILE,45.0,8.0,104.02579780486953,bowl,thrust,+,42.430427829583664,1.780439055618088,2.0015706076725706,0.0348410745675249,0.146014550001543,-57.13065924717874,5.197618355552573,28.414359580410984,110.20981726752848,11.673568917863694,3,0.0701076996501229,0.249572018692529,0.3107651903221499,-16.235653932263716,434.4991361999517,320.5776263108276,-0.8936803002825218,-3.9251919275001828,-1.6972171131833467,-0.1153151519150338,-0.32389849091853845,0.0,-48.83794554692184,98.35225404707337,-0.18772853851562488,-13.491290409223602,3075607.4566054563,-12794.16533528837,-0.16079514022867736,-114.13058962635759,-1.2512902050988293,-0.08799192522233099,-14.555063031930775,0.0,-6529305.270716842,4983.026659213055,bowl
R0523,523,EASY,10.0,4.0,44.76883138042155,bowl,servo_slew_deg_s,+,20.567659245181822,1.176270785374451,1.981546713925032,0.0388540408778099,0.1136542283948051,-60.52670253775359,9.24471998935367,44.27024854141845,73.37822368735576,13.995375800810196,2,0.1497467728757235,0.0599926271786743,0.3357576171679427,0.7170679120064349,-328.8423091878283,-16.480166245902257,-0.0031419471125826437,0.34362141705136745,-0.6276907764833854,-0.20567659245181824,-1.289565022002454,0.0,-68.89358653881847,72.38496475961611,-0.11994755041177418,-1157.445073392491,-1681637.365696342,1061.2846560253975,-0.48373459258293194,-14.256857291905906,-1.8436103142676392,-0.03152544499813889,-43.09154205707522,0.0,-17313.814209304375,-8778.709434819251,bowl
R0524,524,FRAGILE,10.0,4.0,64.46032067901324,bowl,Iyy,+,45.99592376072642,1.1305544254276625,1.2237898348375078,0.0235085895719084,0.1205416796397498,-51.60197770552416,9.464226845341518,39.18190789129247,82.71753783681669,10.811161271378278,2,0.0003049089017092,0.1086448614004485,0.2060104817296991,-1.5980165936787587,-1533.1974586908807,-44.45028008219837,-0.0786767258672656,-1.618554315381161,-0.6638439863974839,0.2670245642264275,1.5372778338175652,0.0,-72.05030590243696,-43.73169774404993,1.6012978821201118,113.05086237734437,51426.464978926284,6275.664741920496,1.5268631239345476,32.48095464928766,4.157137168733398,-0.07740387634167,53.041556693257384,0.0,32523.243616445136,5639.601504844463,bowl
R0525,525,EASY,45.0,4.0,40.48323770389601,bowl,servo_slew_deg_s,+,22.867581367345107,1.6040084444643985,1.1496654942400597,0.035202730517838,0.2020467186864892,-49.33095093786174,11.68319148460428,49.97935354572863,89.15569360399691,13.2570232377128,5,0.0162944533089776,0.160150237300367,0.1416782839094572,6.324140511867244,-569.321627248657,64.3277691748396,-0.12309835347525389,-0.40011433700009,-0.06769791012448802,-0.22867581367345108,1.0990089447237454,-23.615223940690676,15.496034522635632,54.44728461917542,0.9226037520202959,986.5348214767539,557734.5235256513,1815.4421537076148,0.03779229712391463,3.111761689015317,316.6182514000657,0.1418729133774525,7.763641282330082,-6297.3930508508465,9489.959643884287,615.2149950220551,bowl
R0526,526,INFEASIBLE,10.0,4.0,215.22735530215235,bowl,servo_slew_deg_s,+,114.27721066880466,1.5622791542911731,1.29479557786211,0.036187510615541,0.1297464188145301,-60.73872764482787,11.1670810338325,32.93564860074625,34.60890851842944,14.207549742938305,3,0.0465363223989251,0.1439256720816358,0.3747180169995157,-32.41466371905307,-993.6699878782246,728.3937206811723,-1.706284398000422,-1.24144970297994,-2.289185856597564,-1.1427721066880465,0.7875009742398382,-3.8979137834388666,154.73836703525947,18.37544009975412,0.04198101830299805,782.4934960474695,952072.7859592155,47175.3322575506,0.569610588238211,-0.7775628319874228,1.9391987618223856,0.011505691750052734,10.27474196308849,1039.4436755836978,14477.922555627922,-3006.8107129368595,bowl
R0527,527,EASY,10.0,4.0,40.00368232112137,bowl,backlash,+,7.778862056058024,1.0814511287170483,1.7310479683014468,0.0248461826576625,0.1177180234210046,-41.816861036551884,10.636013755011255,26.81861479752915,49.375938291721965,14.103998096046563,3,0.0495776866754389,0.0521114082604017,0.0742966991627838,6.891397834078499,560.7715934492829,93.76656105792365,0.20092448686702302,0.9622968231970659,0.17381921573567638,0.22573583308567063,-0.839139220804063,1.1553609860988228,-31.115448224232097,28.951206394182176,0.255691325133069,574.5501647029681,787388.5275620456,-6093.140920122837,0.054096273136957196,11.90699902996322,-0.1733961095606139,0.06489530727496462,18.574221339911308,-308.09626295968604,-2219.91671129618,1069.537828050588,bowl
R0528,528,EASY,10.0,4.0,68.24817496864685,bowl,Iyy,+,24.807645574025862,1.1422595554251345,1.2884024247390664,0.0203953928234441,0.1423589100670127,-42.38596813179512,13.899477134129972,36.11979531929892,69.3802629417342,13.41941392809879,4,0.0641913138085375,0.0406778596221874,0.3322069843097227,18.544842978545947,-826.9215191341955,-103.9029283746943,0.3216186287990179,3.9523701657498607,0.2080943126996015,0.07093383589060673,2.5024867430589293,0.0,136.42963096912865,29.256677610281052,-0.6960317269848022,1700.0806817971345,1365087.092240821,23758.58233899031,1.869444853838824,246.70159440403057,2.2859115253304783,0.22747273020015651,25.3198265279058,0.0,27742.59102512908,1333.3844680561645,bowl
R0529,529,EASY,10.0,4.0,119.6135913032675,bowl,servo_slew_deg_s,+,49.85510754511797,1.34758118745267,0.9655725760501191,0.0230165763067107,0.1843081800407784,-43.657126973806754,8.030952268145873,46.14780015314078,58.00993308849685,14.956531261152444,5,0.0729202595312998,0.0439677698100195,0.2707576497839438,-29.396054144211213,-21.42549973097076,75.5440254680224,-0.4406872843554308,-5.2429757657956175,0.3394312572395769,-0.49855107545117966,6.815861376124579,-1.9394042105602677e-05,89.34853729399231,176.14317288472253,-0.3703705285650294,3222.04971535196,5860507.032694584,87780.35233513873,2.3913329248883595,47.42033573379931,2.8844619876918536,0.43622332225258004,5445.1434123009785,-0.005171744561494042,57245.53243231673,44065.872084584975,bowl
R0530,530,EASY,10.0,4.0,51.1465341760739,bowl,servo_slew_deg_s,+,42.32098286067562,0.5272254996977176,1.86050515143841,0.0367077797856371,0.0880379103479242,-32.36397564204427,11.96177588184521,37.80347519675759,53.56053279012787,11.170417356955744,6,0.079757154425914,0.2457275071159479,0.1831759812213453,-11.081953054042312,63.37656033512775,17.833128843273737,-0.05445951107721747,-0.1078244081514287,-0.43222025285677396,-0.4232098286067562,1.4829026246644998,0.0,72.01519315877059,21.992454648641136,0.011028956863900596,-727.5110252696759,-1180518.8898731368,-474.41008728016647,-0.4881368587985777,0.0005382297606079307,-0.6906735002588124,-0.06387965180498717,-1.1641275922391168,0.0,-40618.88753598218,-2289.5954417924713,bowl
R0531,531,EASY,10.0,4.0,41.96981223739836,bowl,static_margin,+,23.17504729715556,1.0912764355310576,1.3956518037818453,0.0291840148252427,0.0774133247868965,-65.23763496409661,12.575980941418772,27.72168723266367,67.29728513083683,11.504633608836128,5,0.1332872431171964,0.1585664238915362,0.0939827974450092,11.05506294802402,469.22689329145396,-115.87523648577782,0.04669734707684814,1.0048679369983469,0.0542241916771065,0.2733937292649436,0.30345214601165826,0.0,-13.344771260370814,0.4762056914348499,-0.058361758781320994,1204.0945460328714,2588505.6248958274,11707.837805977158,0.829152421476198,13.567870820465918,3.852841009173897,0.07927563369772452,40.41648222977405,0.0,18895.871396249215,3840.1569662189245,bowl
R0532,532,EASY,20.0,4.0,95.64497040999846,bowl,thrust,+,65.73218227488348,1.9042178372831848,1.091026668090301,0.0215074045564494,0.157619283552598,-58.60681582516713,7.975279340610091,30.460922380173617,88.39238415223366,12.897300210048416,2,0.1412660012670345,0.0517377976745112,0.2827489636011552,-15.38865990891787,1029.2861025002567,86.09219389749408,-0.7479787472711183,-0.5955696971545144,-2.6292872909953395,-0.3385765353542416,0.8250803006581245,0.0,31.27874935896245,81.83594857616505,0.43132832487068695,929.0883897141962,913384.6614782743,3879.332396372945,0.26674327639472306,9.923660625120133,3.237023319544786,0.05123373496164767,4.676971251634553,0.0,13595.878553846007,5762.140119668367,bowl
R0533,533,FRAGILE,10.0,4.0,44.72164879507208,bowl,Iyy,+,20.25865521289571,1.1134732994636782,1.258826673203704,0.0176030648043077,0.0972873801360636,-51.90427927213521,13.040178167822445,26.620799168219705,80.1552790024935,11.80551487808274,5,0.0779833313493524,0.0682080997672466,0.4447470049242593,-11.301816477965604,-675.2885070965237,12.008851699435313,0.4363991870942525,1.3434071474072884,-0.8000824394961089,0.22324907849795944,0.7524672851070903,0.0,18.616267894693838,2.6553447287887093,0.6428215528777139,784.2737693870878,2194952.0422227667,18944.25804298427,1.266825383646956,24.402759157704683,1.493913817179734,0.13147509125888512,10.63391979939174,0.0,13691.814977465045,49194.472943533736,bowl
R0534,534,FRAGILE,20.0,4.0,40.991004876756094,bowl,servo_slew_deg_s,+,11.16521159685103,0.6025558366261499,1.1572068016257928,0.0227711121849746,0.06190718882201,-52.56045594568938,12.506291847414316,37.74567328642145,92.24979905021402,10.94860630075436,2,0.0752844696780341,0.2052162054467463,0.2389304148370003,-5.799612898154807,73.02294779181703,68.28498457621455,0.554796002545145,0.1981202360687919,0.5494599946828707,-0.1116521159685103,0.9538231016258649,18.547101693257755,61.019943724932816,46.53429574149002,0.17633950975064483,-980.6435347993905,-795374.2352686416,-20452.891748914644,-0.8824256296630972,-16.30556486992379,-2.07923224558442,-0.06577704279909043,-12.533581747756733,-5802.978533616746,-27871.127553407005,2274.5550830020834,bowl
R0535,535,EASY,10.0,4.0,41.58754060330532,ridge,mass,+,5.550450974099684,0.7242303972656279,1.2323509029882365,0.0320197041384635,0.1284969988568367,-34.82528513980716,11.521744964925118,49.41777527371844,26.12214284315472,10.431581349930974,6,0.1319746385256492,0.1971087439015236,0.0521030322730374,-4.625375811749736,-151.45613738482,16.32237444475439,-0.06018797819240196,0.0,-0.0215201567474458,0.0,0.0,0.0,0.0,101.89849634415529,0.0,7.936463366803177,9460.18343766277,179.1530829689416,0.0024382409588616927,0.0,0.04445502405103118,0.0,0.0,0.0,0.0,412348.3162820583,ridge
R0536,536,FRAGILE,10.0,4.0,37.100167063148135,bowl,wind_strength,+,21.534126872516254,0.6019732367099866,0.9526587611953452,0.0240618044919298,0.0875550866352978,-38.62609525722152,9.40189889592597,40.853697524125096,102.57379560856918,12.460195854857329,5,0.0243579422962232,0.0022060097629375,0.1231861257378794,0.6075947613248863,61.48222551728683,12.026678473747548,0.2783796579192488,0.35037872851417556,0.12758587529423798,0.14195756241562515,-1.9640263443444774,0.0,76.76897235421478,-53.835317181290634,0.11525771545372976,829.2581383804124,970826.7238585358,2438.3869507442782,0.612668413587572,20.4531207161573,2.3905398637659117,0.12015808356002643,22.62198124756575,0.0,427352.64645770367,9145.092265998546,bowl
R0537,537,INFEASIBLE,10.0,4.0,86.72795712316262,cliff,servo_slew_deg_s,+,64.20830464666763,0.6509493523468407,1.1758909100363226,0.0361020835009951,0.0605668090120687,-62.479617851015206,11.573698196123958,43.743454219031904,53.76213908069628,14.168312412257515,3,0.066511139324613,0.1581587542295345,0.4200623993695247,-10.397691515117874,21.5974576824956,195.0864512579536,-0.026933395301020013,-0.7482334117636896,-0.35488500121932703,-0.6420830464666762,1.8516411225207685,0.0,106.92796777795171,66.74387731078875,0.08004396137692638,-1670.149214562103,-2508364.1598505704,-55521.90372093782,0.015151616532701695,-1.444585746858834,-0.11121421607278989,0.011190514463291522,-7.392191882151733,0.0,-332.9390629073936,-18879.88015700579,cliff
R0538,538,EASY,45.0,4.0,27.40476743892825,bowl,servo_slew_deg_s,+,14.437571557080622,0.989794601914873,1.931774390795768,0.0315711719222132,0.1760516505800478,-33.18228807521138,8.024872154652824,45.08832026599769,77.2253905410546,8.015839539140117,3,0.1074658063358092,0.2129859801508299,0.3920844231847064,1.1526543838867707,-331.78758477995865,-9.085077385257314,0.028673146975253472,0.8243390712915631,0.2254797791139719,-0.14437571557080622,2.1579945046246642,0.0,41.85750732915203,8.825258017499241,-0.17366627993729766,-69.51537203884281,408651.5100133367,15217.447207520197,0.38091130308206655,4.184522051295043,0.25215937012441086,0.04125593819192606,6411.9894593999215,0.0,9573.783061703636,1710.3928200993837,plateau
R0539,539,INFEASIBLE,10.0,4.0,482.10216075072015,bowl,servo_slew_deg_s,+,215.01865187559542,2.778958179443496,1.944527961053947,0.01135690500586,0.2039149270718215,-68.9904290573989,8.575812738141533,33.17210743654306,53.02373966471192,8.593444800042214,3,0.1406430860415156,0.0741146827818807,0.4317546734053284,-34.871528692753714,5697.189978846237,616.4032981681873,-4.005032748482228,-16.670078167458996,-3.1250075996705013,-2.1501865187559543,34.97882530871135,0.0,627.8817269883309,85.10197278431262,-5.166092677796017,7747.927534912284,9382708.71393153,182341.17688357204,12.201674569099977,134.4751024384075,8.368949872817451,0.6523081149139859,189.88939069660003,0.0,155756.91461535147,55421.1084701262,bowl
R0540,540,EASY,10.0,4.0,64.39932772544509,bowl,max_gimbal_deg,+,34.206703898374045,1.060620189951976,1.2420460332828531,0.012453343952006,0.1172664133195532,-46.953573591099605,11.082561723993106,34.883990887263,97.1570810331308,10.309734987263791,3,0.1091970464593247,0.1099485806477856,0.4325507759897797,-7.920199798242419,837.1435778181742,106.81416955765084,0.05528837204665327,-2.20150311983616,0.04952234019046138,-0.05192635804293495,-4.886671985482006,0.0,-116.38877402635653,-57.39857544115259,-0.9286172326361481,-1218.1691597592655,-809211.2870171018,-39900.79275670238,-0.3643814865011572,-0.32852855841687617,-1.9299413185154584,-0.14680855397078,-13.932946908343538,0.0,-13866.167711346772,-7129.095216159196,bowl
R0541,541,FRAGILE,45.0,4.0,51.35802814233399,bowl,servo_slew_deg_s,+,37.4590776702505,1.1477951881089117,2.067242627133454,0.0184133688166091,0.1010219167512456,-53.49116418629259,8.27019489387166,28.68982283819188,23.728787732351165,13.117822154475318,2,0.1060011116594463,0.1716122903939994,0.1381117349687921,-4.538495990112062,-35.31054985902549,87.64324748511281,-0.28027742462587524,-0.6135567121236841,-0.35090160881490673,-0.374590776702505,0.7403855155373414,0.0,34.46895509362844,59.27541030417519,0.15120015782752727,672.7263654415943,-298576.61981950526,1423.614162835333,-0.01897690244363437,0.046380860795451166,0.3198321002591479,0.017488394116285052,0.29128173251982514,0.0,-97.53929709347614,-608.0706553155399,bowl
R0542,542,INFEASIBLE,10.0,4.0,809.2146003573285,bowl,servo_slew_deg_s,+,365.05410303633863,2.1743228831921875,1.1611508463788005,0.0155459883834318,0.1731920201095315,-59.2004081888597,7.66668517146436,28.7818325495306,61.71882577389511,9.85741275564658,5,0.0200841263607124,0.1955043208568403,0.3767075124914189,-174.21427478772986,-1363.0850665260914,2676.662718402582,-5.8980591895139085,-14.027780985646,-8.96389095404931,-3.6505410303633865,21.36522920649138,0.0,477.258362813554,441.478932878417,-2.452470531081019,-4252.163101529461,-9182572.619402364,27760.594526807643,-0.5197666455435623,10.281910989789049,1.5327450815163228,-0.2872780359697006,16.15703431534692,0.0,-31427.724392086693,6285.744525990668,bowl
R0543,543,EASY,10.0,4.0,69.89963894180757,bowl,backlash,+,40.343453327508996,0.649365603019375,1.6192270046048989,0.0360239816683798,0.1228428682059787,-32.76822156347529,6.983084311442193,49.73801346624344,107.60113414744146,14.316634082197549,6,0.0670309866334077,0.1910105198432475,0.2911768516243114,-1.912861882463888,180.26128562081286,-42.5572756103953,0.6025111194844448,-0.31738776925236645,0.4014106171124985,0.23121012661482165,-4.5330957469939985,0.0,-161.37381331003598,-75.83819311639385,-1.983321326634016,-320.75666209803467,1027199.4533464592,29778.83342695542,0.5601807443427114,8.138131747368389,49.843794323916434,0.13475645711769196,17.544859276055913,0.0,17739.186357009574,5148.051961951427,bowl
R0544,544,EASY,10.0,4.0,73.46324277838394,bowl,control_effectiveness,+,31.11949656966546,1.2732161381419027,1.9102683519097887,0.0392337189517804,0.1491315659689811,-44.81013200862287,7.535232688225692,35.65731936208011,91.99629521029696,9.993719088086449,5,0.0332500638244631,0.0199369392609423,0.1639912013837391,-10.444714515014036,679.6492216326585,78.39412564092144,-0.6130065367782211,-3.45772184107394,-0.7593640030505586,0.32536277972443,2.6646960811928677,0.0,0.7915491209373471,88.08939394266211,0.4869054174671319,663.1431830362715,-353567.43919318,41841.13657827735,0.9984517033193241,0.5845444334833393,0.9958844804547488,-0.07362661596510063,-12.973932822546944,0.0,4046.6550486142855,2448.941467152031,bowl
R0545,545,FRAGILE,80.0,4.0,52.91355418819897,bowl,servo_slew_deg_s,+,34.33454718678007,1.143422297981095,1.485487078422445,0.0359229098653756,0.1492876554002173,-37.63307943920313,5.144715211108024,31.248944445223277,43.96260944011735,13.937332114509664,2,0.0431766168233314,0.0715613216896582,0.4180857111385614,-10.175199537028167,74.39799195891196,77.49957014485098,-0.30251480097179506,-2.5914104966433302,-0.7750981194605313,-0.34334547186780073,1.0963717247603035,0.0,31.08155374775877,16.1104985785517,-0.0727296448139958,-251.68726856150093,172624.5018989987,-966.4135044947013,0.12332239915375087,5.7600676479505974,0.224886102131767,0.012510117484711003,-3.2087027868681606,0.0,-1164.452933295093,-1598.772467839164,bowl
R0546,546,FRAGILE,80.0,4.0,51.51589570201127,bowl,Iyy,+,30.602154173952243,2.0842125727116843,1.856107693771768,0.0296188329535642,0.1916795013355574,-67.48393305908513,11.320558738113611,49.8573794617062,34.41370584016425,8.451736195298075,4,0.0148400027891054,0.0696117725171743,0.224586571812214,7.787868175329297,-1020.0718057984081,-139.5630684589417,-0.05095039383746025,1.846507799565309,0.7380574974487794,-0.06773599006080247,1.9229884904718546,0.0,5.446616977710051,-2.7685277593987325,0.023153167383635154,251.5700206918961,1323269.814620355,7604.976081356001,-0.4245319363624547,-0.5861338026398483,-97.32383504805188,0.38670854688188244,30.715490736036653,0.0,24857.458529185613,6279.524478794134,bowl
R0547,547,EASY,10.0,4.0,70.26233561838143,bowl,servo_slew_deg_s,+,40.87704383291294,0.9867576546550122,1.0461601257172684,0.0216730363759041,0.1118066787346885,-45.47936615279673,11.413594583654014,34.371987804893195,102.34371348001714,13.814493232761423,1,0.0605809081994674,0.0506003903694553,0.3263518967534936,-9.23089014657894,541.7109419187776,125.2046985768483,0.06206970741798479,-4.235444041573825,-0.3000903906694973,-0.4087704383291294,0.6081977573928622,0.0,104.83974503208849,-14.012320258670261,2.5266841503006994,646.6898539834934,-185078.45932463207,-4521.099868639218,-0.2233376423616047,7.601516893955499,0.5658540028929735,0.13806808193394565,7.057013463342544,0.0,-985.7955777279408,8031.106144470389,bowl
R0548,548,FRAGILE,10.0,4.0,40.89483979041359,bowl,backlash,+,22.976560942189604,0.6182200887848586,1.992561821709248,0.035807741718466,0.0629041220538893,-54.55005719722841,12.135375667823324,39.87711786862079,96.60839063535884,14.588560532869844,4,0.0176742007149363,0.1884514330817736,0.3711250786632898,-6.365915487719988,-41.29636285228122,-22.902140479410974,0.04038665363888083,0.9731111711407688,0.8391676707808792,0.1852090704329604,1.1672063153462986,-0.48364752033821884,-91.90624376875842,28.97955727946508,0.6983476127414185,742.0905280379565,899023.4715579998,51048.36975102106,-0.0006774190275808945,-0.08247368005280807,0.9999192450169915,0.0135199911672483,55.10084814289978,128.97267209019168,31539.40245721854,4177.389893524467,bowl
R0549,549,EASY,10.0,4.0,62.33788196670438,bowl,thrust,+,31.49212534845227,0.526359838434799,1.670556430199836,0.0171060596405532,0.0530051812527462,-54.03199551191658,11.053844481601812,38.3207966896446,115.2708890009941,10.203961384944332,2,0.066092836904376,0.1927076052122688,0.291677754141776,28.45340781038753,222.50492120789045,29.86205434523859,-0.0033747029815041074,0.5540558983593304,-1.2596850139380908,0.2299377640850894,-3.017921960407213,70.29744071471264,-38.947073972695065,52.57945592343809,-0.24681029108047792,-435.41676523760543,809239.5438128368,19864.787952242226,0.0032727814612831807,-11.271553379109967,0.7150663372690969,-0.0739976634651037,3.7818668422261954,18745.984190590043,194.9240045438213,5888.469653766111,bowl
R0550,550,FRAGILE,10.0,4.0,65.02991327551263,bowl,Cm_alpha,+,33.75426184724134,2.347648579614756,1.8121361514381484,0.0101371575345382,0.2284576412853134,-61.45643250700664,5.746738991865875,46.29576355138703,87.08337349081826,12.127963684789645,4,0.0520915771889006,0.0810222195321498,0.0935353179344999,4.367381076425591,-702.1670808609633,-57.727789197603165,-0.8438565461810335,0.672248664559663,0.2780576566411533,-0.05483823642466028,-0.9468888046179161,194.47412297593078,125.15390180242231,-55.68784538150141,1.1651275761237851,-1816.4560682683607,-175085343.75916654,-60760.664352412285,-0.7326393188163189,-51.59893545048615,-4.99793971639579,-0.3223921031804847,-77.92449699064164,-51859.766126914874,-64832.1635719848,-14942.897042166254,bowl
R0551,551,EASY,10.0,4.0,39.1796478529163,bowl,Iyy,+,15.296352798503408,0.6015666175584193,1.8849825749472835,0.0364221401110649,0.0552880507087878,-58.13866209253032,6.4270088067537445,36.95613323352359,76.09450049124796,11.74371016539502,5,0.015623736669446,0.0825593322907662,0.1085811277513538,16.84082574588771,-509.8784266167803,-59.689349688083624,-0.014269255016262528,0.3791200094634407,-0.34437235045923986,0.18534796707556253,1.5819874916620313,0.0,7.907073961294284,-34.819556232644096,1.1348785579555565,170.94859565655887,1103950.8483210644,-14209.51008821692,-0.005932114227052199,-0.3362989063538831,0.09697057368722312,0.05377002034100681,2.3548085777333085,0.0,-12695.04056681753,4984.306458889995,bowl
R0552,552,INFEASIBLE,10.0,4.0,200.27716019585014,cliff,servo_slew_deg_s,+,174.71069134433034,0.764923620228116,2.0184905013948624,0.0129222095988331,0.0705024506794606,-59.93751282463567,12.939410555550186,39.50309063536803,22.896259420959964,10.448442664585482,5,0.0220908325428509,0.1254160684768552,0.4295240287598367,-47.757342053997625,-507.34447375019454,75.18281030644457,-0.37064442433855405,-3.438417382819998,-0.6635406149813307,-1.7471069134433035,3.7621383515113735,0.0,210.9202216170055,75.76472806964179,-0.6734278473745317,-501.69395119230336,295070.93548359536,-63210.78303657142,-0.1615743476287932,-11.224294471807973,-0.30433117816183086,-0.3008926863436854,6.439435979926468,0.0,-7353.142170882715,-9283.9654465367,cliff
R0553,553,INFEASIBLE,10.0,4.0,62.960069622657464,bowl,Iyy,+,32.717965331683814,0.4905246341100573,1.9019874647903212,0.0177022551929042,0.0453930311293034,-52.586100475540704,8.140988078668531,30.65208445447024,35.02689544636014,14.923813962485436,2,0.0746775733296337,0.2350432360664503,0.3385790286426237,-16.09240205241463,-1090.5988443894605,108.64486521062906,0.028790529953421462,-0.3732804061380555,-0.2182324743371879,-0.30316885031719065,2.176076638027479,0.0,7.384534013169309,72.95187852029123,-0.09930610224388303,-138.37132360015912,-239217.23658122215,23730.381937648497,0.09327409010060261,-0.5168284806870481,0.3280625419606895,-0.044745986008251463,31.940045412465274,0.0,-1647.3539800977248,491.00898516662903,bowl
R0554,554,EASY,20.0,4.0,94.85995941093218,cliff,servo_slew_deg_s,+,85.20385583361671,0.8573947937931604,1.8098779522002468,0.0147574387606703,0.0775343528856241,-56.31286778445398,11.119822307935127,33.56628637448638,119.89949217447248,12.66468898033893,2,0.1372375056600985,0.1991516675487211,0.3616580987428082,-13.658348131976515,526.858316057067,-15.327426185697764,-0.38972856254184385,-1.7588807558230306,0.030269379891879566,-0.8520385583361672,1.9710030182759126,0.0,88.42268111604659,15.342793075054248,0.4199874757257591,364.1132251939833,1939998.0232576395,18678.606350158538,0.11898618769273783,7.344513875479294,0.6974094264599432,455.6409986562092,12.820923464438842,0.0,20844.910874289824,4405.043606118363,cliff
R0555,555,FRAGILE,10.0,8.0,142.54592221020326,bowl,servo_slew_deg_s,+,84.3937840250593,1.7101566403901598,1.1020833601397606,0.0165922154313932,0.1508898901974804,-69.5329745083006,11.047479119048283,48.718227191753,41.8732566722069,10.640301316634009,4,0.0517551510763067,0.0042108241596461,0.444191924460989,-32.504976335253936,976.3867253669349,133.91243979654544,0.5866397582057,-6.068452905298453,0.09719438817867285,-0.843937840250593,2.0148934021002654,0.0,319.0452563154902,-0.2808510457297318,0.44287705586187354,-1953.2209697794542,-2142854.451761451,-62490.023315890634,-19.625490641657485,-8.45118251952107,-2.718038873686082,0.10559929439060958,-43.150637255114695,0.0,-202830.50679445066,-131327.1275307614,bowl
R0556,556,EASY,10.0,4.0,70.37502408636112,bowl,control_effectiveness,+,29.122513307537563,1.1206366397602163,1.1076675551709676,0.0384529117117594,0.1446440356957288,-37.32831950856547,12.513086924289931,30.047591057588,107.26614828493544,13.317217520315962,4,0.0755194040320672,0.2478401024281139,0.2572264399131725,1.9852397974430707,551.4782530383831,22.093322138103158,0.6160303389806161,-3.235834811948618,-0.91221525244369,-0.05409268865186476,-0.9766660932678531,0.0,173.6082077312383,67.01654767814789,0.4037662981273864,-456.1073157526197,1562687.7251009876,-5494.348404767545,0.2579502915328724,2.0701753489968056,-0.10822620744838105,-0.06523009030342138,0.026183943929644512,0.0,-21599.644660443137,-385.6900695202185,bowl
R0557,557,EASY,10.0,4.0,38.09861122957275,bowl,Iyy,+,15.885339385190909,0.6482612472074228,1.546489983817647,0.0131141228439724,0.1032194912971602,-34.10457326027909,6.519232327594641,38.16892287893281,115.08032810754668,12.722332193056603,6,0.0983890361141197,0.0032096278693889,0.2177251719095869,18.392280347063355,-529.511312839697,15.707050934065578,-0.3950554383313134,-0.6096445447743674,-0.06945455415684929,0.1491663361285278,-0.9752508474945462,-34.750481418241435,44.369261911817006,0.38207594833076197,-0.3457731108114839,66.9076094106105,-184825.06805604429,-24471.820487030698,-0.5216392981416876,-9.077799491750655,-0.9337102596156933,-0.02228792262553638,1.9753512865049532,-9266.795044864373,-80763.86843209832,-5550.195852114967,bowl
R0558,558,FRAGILE,20.0,4.0,108.11242596124903,bowl,servo_slew_deg_s,+,62.12205088024749,1.352339044979726,1.3937773089810408,0.0387661797640943,0.1195096446210119,-69.89619917043642,11.018315352629834,49.38592732629594,51.21241105071213,14.509657060307523,6,0.063272731311448,0.1190716143448483,0.3969068533424268,-21.419144753110224,-656.4170794271995,348.94559785456795,-0.5794064869425537,-1.8149351760349524,-0.3036951041827969,-0.6212205088024749,2.306199230566648,0.0,101.41520574940823,30.12137185704959,-0.5160407436193832,218.40499698763594,1024027.6438664742,15199.195792687196,-8.946966492652239,3.051613304282088,-2.459132027999408,0.09470803075508272,6.071714739140858,0.0,-11533.997179076272,-2485.0620205454766,bowl
R0559,559,EASY,10.0,4.0,33.18429484128104,bowl,Iyy,+,8.31953156160651,1.2770878674283772,1.5176570793935735,0.0356719209853531,0.0817130350431157,-69.3518889952185,10.840744224328812,25.48702071724838,118.75173081547874,14.33428602837639,6,0.0648132301473847,0.20913191724712,0.2644894732630009,10.33631533257635,-277.31771872021704,23.632059460697185,0.06455065146545567,-0.812205194128357,0.4549939362716831,0.021289545009567305,0.17992114676777624,0.0,39.98934998304115,59.173568017909155,-0.1252272682838509,442.24530204901873,-81357.5134537027,9272.626388418043,3.1194324320312425,2.8631700490779255,4.967657136136349,0.11872014106928938,13.129370422632666,0.0,1584.2790240665893,8062.374030917668,bowl
R0560,560,EASY,80.0,4.0,122.34660366886013,cliff,servo_slew_deg_s,+,92.22392230330692,2.6735711220470986,1.015394022741452,0.0273460663865295,0.2374742126834985,-63.96187829052113,6.602664594224975,41.77853472110253,33.614435577027066,10.345938169892436,3,0.0290199279458202,0.0661197469188227,0.0598501809464953,4.588990891307358,-54.581463217000184,79.07875898112118,0.13712702555349754,0.08295992814849085,0.10835790289258185,-0.9222392230330693,1.5425450212095122,0.0,201.40990454337523,147.6979389024251,-0.03381934844224954,-27.730332772182976,-1239891.9256419162,-215191.58045240678,-0.10025073186082922,-4.5577377471937455,-0.6048705883867376,0.2853514112358335,2.0848231080880364,0.0,13313.412062064817,13882.894673693325,cliff
R0561,561,INFEASIBLE,10.0,4.0,329.6482384317296,cliff,servo_slew_deg_s,+,290.2573376195097,1.3972836990330813,0.902606433478687,0.0110905242558334,0.2139302678170151,-37.40431030840513,8.724320312217476,42.450219897766615,24.49711902805681,11.212561737260597,2,0.1080527568035737,0.0989987151048425,0.2048191039852064,1.6150851654424212,1741.8423865251377,193.46880098853188,-1.2801736020554433,-4.301523797604312,-3.0277150085835274,-2.902573376195097,4.383008535232199,-53.474363303829435,239.9835965827939,189.26789750842738,-1.067646936564227,-495196.2053666487,-4624661.4870950375,-14148.713517407688,-0.7484266927513854,-19.62521598822427,-3.0091283821171144,0.02804639417050762,-25.123310774255838,-14259.83021435453,-42601.8733331586,-2665.4128705281037,cliff
R0562,562,INFEASIBLE,10.0,4.0,1483.0131126834485,bowl,Cm_alpha,+,738.4250974769307,2.530201751723974,1.1371459162345248,0.0339300983225099,0.2261502859049763,-53.53256687893386,5.38238939414824,29.633399207543132,118.1839573742236,14.834730617517536,2,0.023829734683644,0.1987373718802067,0.3549971794936369,-286.3558550617945,-8597.20875898458,4865.131452507833,-18.460627436923268,-31.958611425457914,-20.925338946888417,-2.174050164248131,22.218651897912093,0.0,732.6395457179744,618.8463117514951,2.316622994868837,4664.831066715598,-1179667.2210850052,242907.55391572745,1.1191753305130945,-3.635484616701927,12.936815710825849,1.9415188263546501,70.13533611890563,0.0,88349.51298385697,2840.4424599983663,bowl
R0563,563,FRAGILE,10.0,4.0,73.57692635826702,bowl,mass,+,36.102415126039,1.091349279487507,1.1199051379698888,0.038672539760147,0.0997315183704343,-63.35086217436542,6.646584025248702,43.38141830259162,103.6652644885823,12.950919263025074,4,0.0417612528616853,0.2138670132091171,0.3626395053399538,-30.08534593836583,1300.864203212789,124.09743387398808,0.5677883912042176,-0.563484290776175,0.683965815645255,-0.09723355764351709,4.270778882211061,-27.25275708459165,-45.312575993007115,-4.9478456723171815,0.5689467813456703,-866.2381797302609,1641285.879760778,13744.69968196658,0.31296633611895963,24.518701357715425,5.06793737834082,0.08630891743871189,12.344112940112309,11889.091005663584,32546.44552493761,9710.871563011673,bowl
R0564,564,FRAGILE,20.0,4.0,34.75443118419574,bowl,mass,+,12.907423419661894,0.595799613703453,1.3042012712607716,0.0197028707391681,0.0535977232882177,-53.374778508464,13.189670212488329,29.841852441210523,85.67417754245312,10.3643789865178,6,0.0980446389594637,0.2304516524151149,0.1125080566468835,-10.756186183051577,99.48314060288502,-48.73984905001062,0.1846394765174586,2.3470995299448103,0.4112320490538181,-0.02648839166397181,-1.0316338688273707,0.0,33.52949148121621,35.48313725007634,0.4575946097838326,113.7415451654393,25611.919092082397,-6185.802984750903,-0.5154104748137356,-14.99550032498162,-0.874034963230099,0.019643370718133754,-34.95135742341427,0.0,-14046.32834708402,-3053.0559862021164,bowl
R0565,565,FRAGILE,10.0,8.0,113.41980446734505,bowl,static_margin,+,73.2987413553717,1.821184515483944,1.2281802515100022,0.0140152022580833,0.170941915720234,-51.21943295419595,11.559014851867293,29.91714350165706,91.70696754803932,13.825253163164655,2,0.0099315075061733,0.1407593933254149,0.251425697799345,36.3846071141261,318.0683582663162,-366.4937067768585,-0.08966458039990233,2.3416044627422945,2.2493311816622072,0.196863923030881,-5.318105284179131,38.97200878960726,13.749322306836534,-18.61061453240283,-0.3651766392261253,2757.607160760309,659025.1530327545,84775.75330423316,0.6341414111904604,31.82895187440951,2.9343092832227247,0.46575937424513564,27.95132322286451,10392.535677228601,26465.56503301957,8474.075462026474,bowl
R0566,566,INFEASIBLE,10.0,4.0,1197.4726167540332,bowl,servo_slew_deg_s,+,799.2510213546495,2.655019565481467,1.1846193370722984,0.0126903963903368,0.2187305044584372,-58.568694895756536,12.187584838114136,30.135313078809197,45.795581157142784,9.903304357554203,3,0.1338942173920734,0.1663802493498297,0.2622243207692489,40.755898377823705,6596.935593262569,1727.6719345605052,-12.851107489270909,-15.409127730802819,-19.25721419197737,-7.992510213546495,17.935140624611684,0.0,1055.290171168129,458.0622179707862,2.066673522721949,2479.5395224280305,-1985916.7281246905,-73578.48724403852,-1.350703418667095,-41.32715235452084,-5.9653359736609675,-0.02463083224673369,-108.6515621558302,0.0,-57599.87219695467,-23355.86894299662,bowl
R0567,567,INFEASIBLE,10.0,4.0,873.4489395327904,bowl,Cm_alpha,+,303.6312435372622,2.0913759135356558,1.3502856578985056,0.0243354548785214,0.1550613664089413,-61.78518409690353,10.394204802325971,27.162707481489747,39.87035732227155,13.803244406231162,2,0.0492920007720729,0.2148972767482678,0.3742068028211093,-130.87113868298002,-4320.6426957883705,3310.9994231241253,-7.590781088431555,-6.1434231146175735,-10.382956412892735,-2.567613561983239,8.04020097250893,0.0,221.99706418243844,548.5103573562627,1.0966922872597706,4406.95914265943,3438871.676847947,189799.67385762912,1.584551180992932,1.2967759474333005,10.335181890885906,0.09385163636994776,27.277177691965445,0.0,12627.675315963439,27471.211484033112,bowl
R0568,568,EASY,10.0,4.0,27.808657821095135,bowl,servo_slew_deg_s,+,8.316088595320954,0.4514952825333111,1.1171150299985844,0.0369056793571375,0.0442456182024999,-58.93166843852252,6.931817260329238,43.17108181400858,52.15267198001655,9.19999954388352,5,0.0361117724059119,0.1330204573301925,0.2209359132886245,-5.009385626661573,-36.36173638464391,15.005461947536675,0.042446349654103877,-0.796066515531684,-0.048248226764295764,-0.08316088595320954,0.5265614129169491,122.15519904859669,-11.468402120656403,39.100374304203676,0.23113279330238257,59.396478963708546,231219.73223591436,5006.420819250902,0.05066281842013565,0.5864678102497135,0.5180080041572966,-0.005521397927022953,1.3300854982756256,23842.540543764164,1457.011698451118,788.5701536379172,plateau
R0569,569,FRAGILE,10.0,4.0,135.49326172809322,bowl,wind_strength,+,74.60878340783628,1.6131920291885768,1.0573658141105504,0.0307952476910106,0.1454794156237767,-61.93230289091996,12.802563197706416,40.37632393927691,110.79250935066725,14.888971818965462,5,0.1121802088891455,0.0029135467487632,0.064046252651866,-8.098760092461717,471.7933304076089,238.7086666889376,-1.0423201587688575,3.055385859358776,1.2164030505982708,-0.23824188389178094,-0.4492950634291874,441.9196573196565,170.9781936732787,-186.5219585195907,1.7509360399108154,-2176.860293504091,-3186479.3949735695,-76475.48600633681,-1.7243108907886007,-28.9708437407713,-4.155509417001526,-0.29038933432483455,-909.2018532919212,-117845.24195190851,-1118708.6455490713,-56682.81563705413,bowl
R0570,570,FRAGILE,20.0,4.0,99.69453839855217,bowl,static_margin,+,36.646909261474256,1.564841262522245,1.6503800293193835,0.0398313827207655,0.202584346482307,-41.05394674793027,10.630568975800786,36.56304671317149,68.88327333270436,13.109053094708862,3,0.0977954785083643,0.0833367958643382,0.2560347351677179,0.4425386939336987,1116.5908235264235,-183.2345463073713,0.15523017853845933,5.237596664195433,1.3618706381208021,0.5183927692662744,-4.838832620212165,0.0,-58.86988714655588,4.067896181863403,-0.9395770818140949,76.9382540676317,122184323.72635195,15246.977144355282,-0.07207068682084139,12.552445440886116,1.434202611218268,0.16014126911241125,14.712354370683107,0.0,37948.3954724772,7029.862780424633,bowl
R0571,571,INFEASIBLE,10.0,4.0,112.44764096877424,bowl,Iyy,+,40.183944868558505,1.0361958234227038,1.2952978954325136,0.0225002350517751,0.0822128619563263,-56.64464170411338,13.837990864002048,26.14417152828155,20.14819312581479,12.261731015290415,2,0.1323808123731464,0.2439592505152615,0.2362096880266261,-28.542045973759198,-1339.4648289519503,355.16875373347483,-0.49822336959498337,-0.16341587880965575,-0.6074747497488159,-0.2923558601483886,0.2989772245969597,0.0,28.054349145203084,143.01614251925238,0.11541071418382387,104.85834623315013,364242.00721328676,11155.369343316519,0.2039559806942659,1.9260933981936093,0.3854309957723977,-62.39946501486482,2.1225827264736283,0.0,966.7497366273119,602.0066279126729,bowl
R0572,572,FRAGILE,20.0,4.0,44.693454980185706,bowl,servo_slew_deg_s,+,26.464217695631493,1.0114668295635123,1.0222907710139228,0.0305398057317334,0.1363100817992689,-38.17789756159007,12.273249712259632,34.26399837040818,60.982081525966855,11.330177986805491,4,0.0775117803710212,0.2474822454842132,0.2548917477854149,-14.511665029307535,521.2893453911457,-10.929879218496987,-0.3009632676206535,-0.3515112194062914,-0.4766671469573879,-0.2646421769563149,0.6651983825411437,0.0,6.398966517495913,51.440074743240196,0.10170786936416043,-692.4111507556671,-272373.38467647607,-36395.10191435909,-0.3916076638500958,-0.9655472604943235,-0.05892908435594109,-0.020338759244094576,-8.387681205479872,0.0,-221388.59316917893,-4728.3477845021425,bowl
R0573,573,EASY,20.0,4.0,43.03282281453429,bowl,mass,+,23.079570948176606,0.6997698825243369,1.1184715501054974,0.0275911371835955,0.0927470654841635,-43.06811400200781,9.577635727749769,42.17576085830092,75.85991947784544,9.035024329407674,4,0.0277062323072132,0.1245361593353958,0.2798333107577311,-19.23297579014717,-220.9251924721645,42.64775559172069,-0.5612248633055308,-1.5426290734028683,0.02483516024855348,0.15898813564132253,0.6683940246010733,94.44300582476791,-5.847067774456674,13.202699596605592,0.8338073617686494,-70.65033775275059,1571984.8244501178,10272.13404011721,0.8583263290241172,-8.662849329962407,2.2514810994296273,0.06745660801077005,11.974625030727742,25184.801553271445,9505.815881341316,4227.051299471848,bowl
R0574,574,FRAGILE,45.0,8.0,61.15271093277148,bowl,control_effectiveness,+,31.9706266867373,0.9185834576874912,1.2819739475476226,0.0111917939792975,0.0698870212844059,-67.80362390132288,12.739528315682604,34.44474627905643,92.13351877323814,13.612822687286794,6,0.0422553699432834,0.1624113348221053,0.387245224258575,8.891749574209832,-47.05418441962679,32.20298583146777,1.0190677406682727,-3.5522918540819224,-0.12276349037203645,-0.1611481778102865,2.4356913556031525,-2.4001164670369945,35.79554746127177,40.20212384983673,-2.1425354784786155,1824.6231875670398,2836548.5085414024,39909.42192455345,0.7211227110771836,19.657215099777556,1.2609138845762424,0.2570418227125871,41.13428260574442,-640.0310578765319,35115.93827849724,15835.536519539091,bowl
R0575,575,EASY,10.0,4.0,28.892889532173058,bowl,mass,+,15.5702294839002,0.9067815365361024,1.8013913862612576,0.0154342951768517,0.088562942510654,-61.31072595379063,9.55202186197687,46.4122915658578,84.07046504766481,13.535110581316264,4,0.0627482690442532,0.0186246129709924,0.4143508420680866,-12.975191236583498,-32.32013129373237,27.93015194884211,-0.004796606952855109,1.1579175275455924,-0.3664444379029696,0.13102017797477536,0.6401203216447853,0.0,40.46547458846271,-21.444119390200925,-0.440429098809775,116.65527949424452,-92312.49425030367,8479.928909958358,0.010306803451453517,-5.542870655553469,0.6733139575780609,0.11791573216946326,-3.4658603680631335,0.0,10805.204387237207,1660.3401597991776,plateau
R0576,576,EASY,45.0,4.0,29.1670547368447,cliff,control_effectiveness,+,11.288529736222005,0.3938542889055256,0.954639946872506,0.0329618225477706,0.0658840360560874,-32.04390565648861,7.568917610092196,37.191310357284735,111.60455369455998,12.743617378432958,6,0.0982037090656329,0.2104693559868883,0.1131324051442993,-7.463609197850909,-66.24464828021691,-9.007167622752423,0.08541985469725999,-1.254281081802445,-0.11316740337029359,-0.10274213183653451,-0.11923188690323411,0.0,18.524101366174417,55.254774285669924,-0.9956801227238623,-1184.8994044152264,85746.00755627952,9338.298013472777,0.28019325706555964,5.365673793880553,0.4149694217010244,0.06386364811313448,11.950227297840335,0.0,5565.514616341183,-3151.3698627295457,plateau
R0577,577,FRAGILE,20.0,4.0,77.31425855729785,bowl,servo_slew_deg_s,+,36.767089320873524,2.015316386565677,1.518333395232779,0.0121065031523791,0.1595417114471756,-64.42952483830983,11.03488008743573,33.673885805081,57.05997579736693,9.787365015886818,1,0.0590261248642297,0.1288708073952106,0.0744970932589328,6.46949501784986,546.1237234067595,283.1244383565182,0.02055621166143684,-2.765378996691765,-0.5535071761761656,-0.36767089320873525,0.4214447297291969,0.0,48.04822626665674,-28.06447762533541,-1.345333756368941,-489.66519078627715,-1496124.2517588455,-12645.609719415359,-0.6299475237399257,-8.112675157978554,-2.4890084550923417,-0.21394160194252712,-11.327195873040454,0.0,-15276.619313779356,-10731.475346175586,bowl
R0578,578,EASY,45.0,4.0,43.62722431086709,cliff,servo_slew_deg_s,+,17.1152603646093,1.7548900310554885,1.78366615014883,0.0312457740913365,0.1721232470991345,-62.93040456682999,10.495182728431931,49.3130258472178,70.22987682623206,14.63411541865636,5,0.1316628912438094,0.2427825087611231,0.1287644171388008,-1.6828297328732649,119.77723936574802,19.729487400021455,-0.01920180899303392,0.8430462053827471,0.23351134665716064,-0.171152603646093,0.20541763393827364,-2.7367464585993275,74.29639538584924,84.349375558462,0.2999538975843432,912.1699204618506,705873.423329882,32169.99308979179,0.7024060685679678,3.323441114370975,2.019939425429352,0.029568674868909142,15.584674010125909,-729.7990556264866,16825.506161132053,5480.7013190622865,cliff
R0579,579,EASY,10.0,4.0,40.3536386867931,bowl,mass,+,23.806880279068608,1.4301057502756418,1.2470944529515646,0.0109359132625984,0.1813220252028493,-47.54236084781489,9.682188357646934,47.03137344525051,82.12095400144835,11.06485328067695,6,0.104903263059364,0.0973492635658548,0.1690952335292689,-19.839066899223837,221.29124341094794,23.202866498781983,0.03187891547276833,-0.07509012093528425,0.1811108593621597,-0.06190978402209124,3.2576869966390154,0.0,32.05231710056151,-46.831215324224964,-2.681158196282489,400.5155933906041,-2082446.0898818823,7186.095629685725,-0.15265118934045918,-4.3072684082413755,-1.25941448135752,0.03193624742145349,14.928170197594355,0.0,-602.1140570186336,3363.083511658075,bowl
R0580,580,FRAGILE,20.0,4.0,111.65705744701097,bowl,control_effectiveness,+,70.07853637192369,3.0707659212839924,1.136284689825965,0.0161027410499586,0.2085674345367594,-69.69890240664989,13.136606054867071,29.00766752132096,110.440256121172,11.153049547602766,2,0.1268062453184111,0.178465677566606,0.1523636253096441,-3.2173012075662597,310.7688697550283,167.51482009560087,-0.898181398080191,-7.7865040413248545,-1.8862306814126995,-0.22254256113417234,6.189550516768178,0.0,84.22676721415698,3.2949461108525893,4.293051311391829,1449.4715788468877,3440000.7200003886,40627.01686497691,63.65967341927805,56.581442699814076,8.052064226674078,0.16973884835280614,91.52466203734761,0.0,16004.495628532692,19064.713098793123,bowl
R0581,581,EASY,20.0,4.0,119.7896552272747,bowl,servo_slew_deg_s,+,73.77772760429397,1.5663914130227556,1.079643207587467,0.0130956073251824,0.1740706018099724,-52.04653308637934,7.744280763913993,43.30073245102088,82.4551794657362,11.073156350327974,6,0.0069290801282678,0.0469221640368663,0.4115461433567191,-28.51574821957536,-547.6228709385889,-83.87708848913162,0.8697053961825922,-3.318992077161001,1.3116408989973607,-0.7377772760429397,5.990061042817455,-276.0466040993858,92.02787639646947,-5.241267071703288,-4.647976062863158,3456.2124545768265,3441365.100147747,89566.61826378547,2.1328196128824377,33.29815556273239,6.38058829264844,0.14041615522974277,40.39380741609847,82960.21843542892,72347.74260120142,30379.39826405728,bowl
R0582,582,EASY,10.0,4.0,121.76178697618911,bowl,Iyy,+,68.62469139839641,1.6517493461437431,1.3127512404763364,0.0331262195028257,0.2365731304128695,-34.200904665296136,9.966344662369163,31.058400873730854,87.4344969735295,8.310886552508258,4,0.0671293025873006,0.09785949778653,0.2347445168062588,37.6669746143554,-2287.4897132798806,70.68683098231965,-0.3402926722279185,5.763208602668725,1.978583696276123,-0.07207559837880809,-6.304479894361538,-50.98590561547173,78.90428809623751,25.50823308715828,-1.4298279498913158,346.04921786811394,-558459.917300094,46216.91461938727,0.40956737091798123,-24.275173954208686,0.4008749029452997,-0.1461485798658054,-30.864578954393085,-13596.241497459134,-10869.873826962139,-6067.932934161818,bowl
R0583,583,INFEASIBLE,10.0,4.0,1104.3673961600846,bowl,servo_slew_deg_s,+,588.8345370376599,2.3590732383165647,1.7376831449142205,0.0126092700515292,0.2150670423191742,-52.2351514505207,8.652461136876235,29.352963249695943,42.07267149603902,14.805997027133806,5,0.0594351709155816,0.0962923142210748,0.3257205627492976,-54.18756974006266,-2070.0703578151647,2505.0081574608857,-13.65993013734478,-22.167409429421088,-19.155491760915016,-5.888345370376598,9.34038549390074,461.89755170797184,623.3951254424302,282.4413785404173,4.283479626206272,-2033.2843663559315,-10347836.790867575,252919.046431691,1.7424525329179872,27.751676809988275,11.480983883568879,0.10223972810182545,353.2066008749051,-123172.68045545917,-28025.468012290017,-19885.40869559994,bowl
R0584,584,EASY,10.0,4.0,76.08182930974176,bowl,static_margin,+,17.47673538960561,0.8899707736806266,1.4942650569014095,0.0277652153718894,0.1015226901010264,-53.89140165844403,8.631926364174461,48.91871720151738,105.4501113772952,12.920249982491889,3,0.1360681922839794,0.1579559227716606,0.3543153845465184,11.110606240770949,2149.1386721874023,-87.38367694802807,-0.19724379496332167,2.4162589103903316,0.6489372764421746,0.1303862424988756,1.1902958853566366,0.0,-31.275674833934886,-17.57378979510647,-0.4787470353635479,1456.1840579545822,2686571.3009220525,32252.581392384996,1.4105275675346207,18.660919085593566,4.215885459925563,0.22549297832345425,41.216749834116456,0.0,49561.30711770195,12948.970514127057,bowl
R0585,585,FRAGILE,20.0,4.0,57.91497289727895,cliff,Iyy,+,46.45828818388885,1.1037746181531711,1.2199987100555436,0.0271367926877598,0.1096543980176972,-51.79921810044844,13.8574587411947,34.27670521590628,89.31305127535116,10.520189279969246,6,0.050246589571717,0.2043693883822065,0.2201488755427584,-6.5283965498953895,-1548.6096061296282,55.72764857857398,0.02460050356740684,3.2854463668758016,0.37580896423669186,0.04821252813106867,-0.2789514885292633,0.0,-12.859700416097215,7.59010327063692,-1.676733594047196,464.3339076730218,2063490.7889256747,36427.27517757825,0.1156172090224672,133.39215438797277,1.4702791059532194,0.13223890490174398,19.26527665982516,0.0,12545.249049947768,11072.70706759268,cliff
R0586,586,INFEASIBLE,10.0,4.0,207.80751316635136,bowl,servo_slew_deg_s,+,172.30129453925565,0.9588550416697488,0.9640132880209688,0.0256755056616238,0.1036104545046184,-55.449423454972965,11.861746581456517,46.46828798216684,30.450024866745977,10.670202140283934,4,0.0555125384060379,0.2216664676388701,0.4042570220752307,-37.3084361276824,-352.63708886748634,401.75572147468074,-0.599982300732508,0.19157559215181516,0.024439186084589438,-1.7230129453925564,5.712412664119888,0.0,169.61702220825217,76.94373774555079,0.040407952280073545,-1217.8035941589671,-1327178.2157718022,-14668.031560796295,0.05376825117591899,-5.213585564502042,-1.2656198449299791,-0.06563651133174261,-3.379231518387697,0.0,-1006.8625939823942,-8216.535792316296,bowl
R0587,587,INFEASIBLE,10.0,4.0,122.265780791543,bowl,servo_slew_deg_s,+,93.69419584983609,0.6342462687977127,1.0277900804366762,0.0180719028449241,0.0639723164645438,-59.32086375151218,12.76172979207387,46.33878059147874,39.9260814507868,13.507094904942292,2,0.0444753254486707,0.1397738965467625,0.347922658348731,-26.823132634867594,-636.0062010023023,121.07691442848483,-0.12318893219678895,-2.095296597249259,0.09208987906708473,-0.9369419584983609,4.268915948295547,0.0,179.53946541680435,74.62515076786353,-0.42719599036592726,-504.7662765142007,-714059.0368310554,-2261.319220753004,-0.13897081339885897,-3.56238216063251,0.9029708806104167,-0.04477011502625729,0.4982302299615197,0.0,4515.132777654404,3597.3595426588404,bowl
R0588,588,EASY,10.0,4.0,37.184718637074845,bowl,control_effectiveness,+,22.81443248805646,0.7772095491234303,1.8020380428142149,0.0336259413699562,0.0697696801860136,-66.17752638470326,8.056174920633058,45.6814231647611,96.3350281290287,12.618709541891524,2,0.0830713286405374,0.0624739449951914,0.2748723917244099,-13.77916127847694,-74.72111332139039,29.61615898507009,0.18945612467373907,-2.5349369431173847,-0.045766026756961155,-0.08446716233398517,-0.7444046600826361,0.20839806586637366,38.033240919732954,-43.376387139986974,0.4457894227722603,280.6074802432786,-366931.2605292641,-8224.770648427419,-0.21494129897152214,-0.19272840297452806,1.8668954035177143,0.05532591669642091,-10.266624061986477,-55.57281756436626,-6186.264079863973,10057.511689634928,bowl
R0589,589,FRAGILE,10.0,4.0,41.75732948653491,bowl,thrust,+,33.858233498180745,1.2225206443672123,1.8741432692798985,0.0332214909749635,0.1192359963415289,-61.08022123793533,12.558720974554118,45.93724299657397,71.3938880580425,10.017972664395929,5,0.1460237237680375,0.0942250655706505,0.0696842054294327,7.3582786086663585,450.64743236814,3.6253895205070377,-0.07551539468832758,-0.5358666599667067,-1.3543293399272298,-0.05954671245082253,1.1598181674408752,4.446493151359938,-31.885110388729714,-29.398643057107165,-0.2105476182837771,60.62069021825096,-1263623.4832956735,41610.19356637733,-0.05573066061465237,-3.817800869837318,0.36568793749819634,-0.013569433945513652,1.6107064197251681,-3227.4946154970826,-10488.65102490451,-1972.382471346011,bowl
R0590,590,FRAGILE,45.0,4.0,65.69372383503254,bowl,servo_slew_deg_s,+,52.02610871720326,1.4445882263965977,1.777572984582663,0.0246323049650352,0.2252224430463163,-33.840568210105275,9.040223131210755,36.03062855138754,26.26694522341617,13.3348060923823,5,0.0716258167887149,0.1220592544153429,0.1503480370308362,-8.368425234366576,-24.18165186977992,77.14773431940547,-0.46593856656127475,-0.7233337106849006,-0.32084171847489246,-0.5202610871720326,1.2458311578828951,0.0,54.92155135918734,58.675841552961344,0.13444248943769654,320.3779441934237,297250.19677526975,13539.85721085434,0.28275189520788135,-1.01768882952725,-0.3100934323282013,0.017454874776943897,-1.9422568516047545,0.0,32.33817142311183,1662.4957545410239,bowl
R0591,591,FRAGILE,10.0,4.0,34.29247453751743,bowl,max_gimbal_deg,+,9.609987408431204,1.537099457410787,1.5051909537115695,0.0302290276620173,0.1193675137361514,-57.44027236471016,5.715255632169535,25.755067712240606,75.35452618399152,8.896749202005159,5,0.0808339846270106,0.1649000323999213,0.0614754064176454,7.472659396636861,-122.61367175276443,-3.161716032210115,0.42186570306969373,1.9613075952038432,0.5068761550206738,0.03110941629403241,-1.3728553440616005,0.19542992756491648,-21.931525184107183,34.697345057995314,0.4128634753422227,-112.84446846514706,-626079.8249820797,23507.001439010517,0.38804062671675,13.114765440793855,2.409129837144317,-0.005680749685688831,22.572020274535713,-52.11464735064445,4851.966991254691,-10580.830722361994,bowl
R0592,592,EASY,80.0,4.0,48.36614064668089,cliff,control_effectiveness,+,8.317769401736376,1.0575710425677078,0.9151630496376808,0.0187057741443073,0.1312206415790555,-48.47544964309809,11.566408396257987,46.82634508595567,42.56375598503746,9.650773568731095,3,0.0267179854665356,0.1661308536818819,0.0513125660765721,-6.0039545690035006,-86.33141132624033,-29.774078272544273,-0.13989127382725064,-0.9241966001929307,-0.0264394330384917,-0.009025745535082485,1.3808085986900223,-0.48074399156477676,97.3505897432007,95.44986126781757,-0.04989433318381442,8083.112700096601,1009383.5891217595,22449.102269851646,0.4330594750459946,7.503455049862506,1.3421775085590126,0.18297016671153607,2.6680676638045147,-128.19839775060714,10690.811895215562,1381617.7598594888,cliff
R0593,593,FRAGILE,20.0,4.0,41.82304080793538,bowl,servo_slew_deg_s,+,16.727070406087332,0.8327235993400645,2.03972948040329,0.0367738807627502,0.1012264303492477,-36.71893965195229,7.247468899826941,25.78859719582426,81.42017334726927,14.774924377390231,2,0.0886835814058413,0.2292069722400737,0.4377012066501506,-7.633428966239368,-192.64340668941534,131.24969864222516,-0.010027643433964784,-1.6449147057627056,-0.40981689743533195,-0.16727070406087333,1.4111467993559816,0.0,16.53954314862267,37.41965677378741,0.44481290240967386,250.73791092259606,170253.25946588814,16240.1286686163,0.1449456008780423,2.2279327303501857,1.2451288478692888,-0.004754012152992359,13.163834508379322,0.0,6274.067470666796,3562.824644507176,bowl
R0594,594,FRAGILE,10.0,4.0,77.15887113253345,bowl,Iyy,+,58.53942864434702,2.6384427104649912,1.9676172894564024,0.0100827493671942,0.2114616854192422,-66.82172850157207,10.187006332775177,37.12485871667914,116.42037267763143,12.889100757651024,4,0.1018752803357209,0.095350598401134,0.2545137186045136,-4.629077327650726,-1951.3142881449007,-13.222123450722366,-0.5764586449960674,-0.3137422853947457,0.42541277069729233,0.22148763416057554,-0.023964487156657072,0.0,108.99406975601006,-61.38652181242973,1.0531724938902154,-1286.8094692830143,-31115814.510882273,-18223.563896223888,0.6202073591232602,3.7211772032383696,-1.7552935208940061,-0.11477696556194204,-6.268127857938164,0.0,8155.921321036787,-3491.0764700547793,bowl
R0595,595,EASY,45.0,4.0,49.30057008706883,cliff,control_effectiveness,+,27.709744025806295,1.7368598895054428,1.4681487409738256,0.0344923850912168,0.1752582432859354,-54.85551957223744,7.174021493339207,39.657867700652254,113.14088250521986,13.03021881654912,4,0.0382209085651123,0.0769351299575515,0.3019479252100919,-2.0952418143181992,-177.18265161171246,16.126905065396564,0.14378509623162694,-3.0788604473118104,0.10134730007196709,-0.15185344059306383,1.2694808864467395,-39.927623258276356,67.72194986695177,76.89951312232996,0.8823678830061197,-273.0277150696963,92786.47532983741,-8792.879518608825,0.24471736339601824,1.450171550192728,-0.24494298108709928,0.02110463016061278,-1.140200709552183,-10647.366202207028,5567.5884568638285,4778.382389768325,cliff
R0596,596,EASY,10.0,4.0,15.483513433502438,bowl,static_margin,+,6.044002100978439,1.1819453721034292,1.7205779807377604,0.0327571779819476,0.158039088602595,-44.536496039289055,6.681110032929354,45.90158391039313,44.888392117608895,13.158044483361408,4,0.0232998885966864,0.0648836497555404,0.1667550988370335,1.277848782117999,181.54154850157218,-30.220010504892198,-0.08405721974018043,0.5072704069329365,0.04168583854591166,-0.020241803684537985,-0.12895601339637214,-4.41197271134047,42.5966671639021,10.956484666914847,-0.07165976738226676,210.64118492298525,240302.96523459977,8634.658406389863,0.15876297400523198,3.7065239133050993,0.16731985861377865,0.06548856056423875,2.351532434029825,1176.5260563574584,16357.069697121568,314.0678453910478,plateau
R0597,597,INFEASIBLE,10.0,4.0,770.1118204563209,bowl,servo_slew_deg_s,+,414.2391814190047,2.2139659552551025,1.2630007400982943,0.0241105361937671,0.1853652136880396,-69.02480912391052,12.666081436984747,43.23011406538783,55.81724306604494,13.873201485454365,6,0.0861938381171392,0.2202977661056418,0.3984006524218381,-12.976103131141285,-1843.25556060113,2552.69219236952,-6.754912136085224,-12.771657545498465,-7.569717692858307,-4.142391814190047,21.25978812060483,0.0,439.40300606971124,-89.54107517927446,1.7320880837679624,-2919.8043370384644,1189561.2722165568,-54666.110974234645,-4.349959029713878,-4.250718318272296,11.09532576448877,0.6027719862156737,68.52567622643805,0.0,19107.16614160225,-64.18325730670904,bowl
R0598,598,INFEASIBLE,10.0,4.0,274.449501655803,bowl,servo_slew_deg_s,+,154.5396426365087,2.153702565513659,1.3420682855199508,0.01741456460437,0.2195470112257427,-44.47322663959472,11.198490860379842,26.603712400462907,55.04135411940557,13.170985537321767,4,0.0186688144012241,0.2051336673470196,0.1376647563664289,-62.39746217738501,-635.5065884873947,382.5178947634644,-2.4501143321631638,-2.3948943235440563,-1.6732276629412497,-1.5453964263650868,5.050958978100181,87.93455590038567,182.5607176215878,389.6376995228919,1.915748151502445,-87.0348000487433,488651.85364683263,66060.86630449655,1.9268946368286208,7.026091029682782,-0.6105319484449092,0.10545812481165143,29.006722481963433,23449.21490676951,57114.1646375533,-9834.978340975247,bowl
R0599,599,FRAGILE,45.0,8.0,62.45040086590899,bowl,servo_slew_deg_s,+,38.69689281291848,1.394237213317437,2.025884514126377,0.019150673483662,0.1823462778069474,-42.110836438769375,7.12055860295057,39.26174132721479,47.109171664199,14.974585171909496,6,0.0398246506134444,0.165779043959483,0.1982250233295963,-1.0275544500855984,213.25750522080946,116.50909305194402,-0.4713159597879435,-0.9272071808878061,-0.7340047703404657,-0.38696892812918476,3.218710265850431,53.34391336089025,72.09681636168355,31.50886081870114,0.4513096886713086,345.7391157128009,-615679.3165919373,-13173.616861737466,-0.3764529643446779,3.4756676911281774,-0.42191012053030474,-0.024392497580842873,-243.02604558390917,-14225.043562904066,-3241.703527346004,-3681.1778504964,bowl
R0600,600,EASY,10.0,4.0,37.74548478457399,bowl,servo_slew_deg_s,+,11.307846616997868,0.6740545205283198,1.4348370427542128,0.0284085289982638,0.0784122281777924,-51.57569543724318,6.285846031390204,46.59390191985069,51.68366876195283,9.954423425095516,3,0.0936395108151365,0.0067281673045239,0.3974358154849007,-7.2360554603903795,-202.72273496954142,129.2873674755003,-0.09835561582075658,-1.117319274666401,-0.17181335113789373,-0.11307846616997867,2.3807948821686433,0.0,36.221104488942046,11.47596794667719,0.6107238935740817,72.23127010936734,296300.56451632775,21596.682663566615,0.05561721130491026,3.590145438909466,0.3887463126152636,-0.012272628650700152,11.572134256339037,0.0,7947.1024134562385,2164.134749478475,bowl
R0601,601,FRAGILE,20.0,4.0,64.13578674028815,bowl,servo_slew_deg_s,+,40.846644714051266,1.4546941636890018,2.055625699102858,0.0103664022951133,0.1896657267525295,-47.46607349582125,7.650451206257202,49.574951487001584,53.621352598175655,8.378930258967772,6,0.1266720800093795,0.1490595288063159,0.3110709750590241,-21.91037685923967,-12.004741865696886,-13.304230481648803,-0.7690451388552484,-1.1622013032999992,0.07055272106125206,-0.40846644714051267,1.9378978907563615,0.0,82.71327803056337,21.798889034390736,0.7070751432409494,-352.9183041147672,-333338.47001686937,-2133.2838968553565,0.4686736839483814,-15.29351665174781,-3.164255220493948,-0.09394009924024878,5.588448195860907,0.0,-4513.6331234158015,-2787.098536436882,bowl
R0602,602,EASY,10.0,4.0,67.79135863843689,bowl,static_margin,+,10.333900166886997,0.8855376302369979,1.2513412573095546,0.0344349641081005,0.0910307890492824,-57.20227543685173,12.142318349026766,44.755925193473146,114.31040303752668,11.761358710453823,5,0.113225232392071,0.2063492120435617,0.061288124562878,32.743441142813566,878.2651760102405,-51.669500834434984,0.3502636228105638,0.9855230755440545,-0.2223853660609933,0.05616341871376305,4.092255014858556,0.0,131.90834733144285,-5.757312851927471,0.5330810235978984,1201.1599926875301,2725901.140665196,17400.73678813207,0.3987094200209851,-0.14842290894205054,2.9859067397222123,0.03794260173505823,-8.506548089373497,0.0,6683.694348344016,13868.595432799439,bowl
R0603,603,EASY,10.0,4.0,50.059199213021415,bowl,servo_slew_deg_s,+,33.94016681567312,0.6728500572153959,1.8363407141385808,0.0381973730435262,0.1019955183932816,-38.44397634141487,10.271061052072003,43.958569540512286,84.14141697494856,10.874537959498184,2,0.0949532683868995,0.0411237814801392,0.3270726849083179,1.5593228830786976,-219.4990653060937,-49.365373760873936,0.05555231753551937,2.3542451370177235,-0.7955535448065498,-0.33940166815673123,-1.8701994265285997,0.0,33.35118748036626,27.306193503698893,0.4211321963142298,-106.50723579326942,401030.18095862994,1117.8333809962749,-0.15082417180105223,8.098284053789966,0.15199579394185292,0.08981535953806326,27.86755778751806,0.0,-148.81488162093032,5270.8394900549365,bowl
R0604,604,INFEASIBLE,10.0,4.0,62.0304108733453,bowl,Iyy,+,41.12097196023444,0.879940126409759,2.009635423752257,0.0117343507254989,0.0772529900169534,-63.56154984487511,12.240732186671313,40.30646059016919,66.94136772856848,11.897716290486532,2,0.1041266003451397,0.2289835214835018,0.4299343484434448,-0.14280906689455944,-1370.699065341148,18.205367671743222,0.5957591138439875,-0.11695452955696042,0.8040753278921102,-0.24336655480548758,0.7489510417383531,0.0,90.41960171299812,15.758141686047175,0.9675038322440237,51.41696826513976,-760809.0986517865,-6669.315407656498,-0.5785605815264825,-3.431811017174486,1.1482964030305538,-0.07621327933483542,8.79612539554185,0.0,-1950.338160474572,-1186.9531108815834,bowl
R0605,605,EASY,10.0,4.0,36.117581635242395,cliff,backlash,+,11.146220737049516,0.6768641730860099,1.0942132441278438,0.0290099762188912,0.1155775314503653,-30.483797952885983,11.796099416429133,35.07060681689784,58.95519116791219,13.278881650543912,4,0.1386364948047443,0.1540183881813865,0.1276496820073146,2.993810891450241,122.76195258853281,-42.51414232705719,0.10373733829809681,-0.33029320818760965,-0.12543934887942038,0.1862609493473554,-0.2070583876263972,0.0,-44.584882948198064,65.98067309339062,0.2277199675831656,-256.6255567217614,-447442.6505986969,-6547.135308598502,-8.95184879395783,-5.06043429413714,-0.665277965871881,0.01872075850994351,-7.746067293431837,0.0,-4972.199060578012,-1233.6095753992083,cliff
R0606,606,EASY,10.0,4.0,46.037326586287755,bowl,wind_strength,+,20.00837299729974,1.0655787871660796,1.677116007717849,0.0353543333194655,0.1427422192980717,-44.40074684883941,5.550781777864747,45.7905293947932,79.8899684200302,10.487164693889731,3,0.0350802755453425,0.0427374950452326,0.3893605463298665,-9.301843196271733,-403.8503298824883,85.25781181893052,0.2052279371342468,1.851514807368697,-0.6359241299354398,-0.1754532512896667,-1.8200035772565328,-29.47891746276685,33.334385077658816,-50.02093249324935,-1.2407732252883124,-560.3644939687355,-474224.14742171485,7181.901726843698,-0.12155946633688186,-4.188707285151389,0.36083340596029356,-0.08916250484428793,-9.376080140482465,-7861.044656737828,-3592.483323837822,-2760.8625111716706,bowl
R0607,607,FRAGILE,45.0,4.0,61.13871024994012,bowl,servo_slew_deg_s,+,43.14369449047721,1.29164291832397,1.6809789561195427,0.0242440143040561,0.1617150229501287,-44.35856143476932,12.797056873623372,39.923817612233904,21.782320115219832,11.373184646057329,5,0.0909892661502512,0.1880920312123041,0.1996224242842469,-11.779699929937419,-257.075984267251,93.06764006716986,-0.43866154777852095,-0.05625574376847541,-0.3814444839304116,-0.4314369449047721,1.1752723170569126,27.470511988363956,33.278650598577684,66.9820168790053,0.05316510504482164,41.991352706530314,118910.64015464358,-2842.7173274409283,-0.023536781413208807,-0.904765614088275,-0.030465162936918658,-0.19471164044128472,-4.76719068678426,-7325.469863563729,-1892.4783256976718,1264.4847884694257,bowl
R0608,608,INFEASIBLE,10.0,4.0,127.82171839033684,bowl,servo_slew_deg_s,+,107.9566353635268,0.5109555579643078,0.9830675199301572,0.0379271614337911,0.1022004312884005,-30.870557285355865,13.110692963975604,49.350266028623125,32.8026346718701,9.929275300886282,2,0.06935694357506,0.1567403793398729,0.4493387017787413,-22.314923850031636,975.7329062922784,37.308272451407575,-0.7435586546030886,-2.3966882257474253,-0.5475871931212515,-1.079566353635268,2.7245292684416436,0.0,135.51218277863742,5.828268122393465,0.15713728590479725,520.5289434463614,1040785.2008947803,40327.36686596672,3.0821975878614603,4.411697456635007,0.9600781346720028,0.01512997543457189,4.285432120495072,0.0,-666.9606804342254,11434394.210413309,bowl
R0609,609,INFEASIBLE,10.0,4.0,345.7279684153797,bowl,Cm_alpha,+,140.83055491403482,2.322884650877353,2.0753129454167465,0.0258730191627748,0.1906820250830062,-62.28810265592298,5.274077667652961,33.84042307336372,29.76007963912728,14.705550091170494,5,0.0944434440750977,0.1108182101195159,0.1597376432910242,-54.12941629459893,-1171.6358845067243,1195.6655399609356,-3.5207638728508703,-2.5393378203954677,-3.3702773652799976,-0.9154459435201308,1.563918611949878,0.0,184.75863037189387,342.78281683924257,0.07316307867585792,2948.395067491267,786977.6256436914,55728.50083372618,-0.2732661165105732,-21.771055896057796,1.3130018287260463,-0.05054712748184187,-13.81420790373193,0.0,-9416.927562360757,6243.833345912548,bowl
R0610,610,EASY,10.0,4.0,47.79875168386589,bowl,max_gimbal_deg,+,29.09422911409048,0.7517324074160031,1.2918735882563583,0.0156651357497427,0.094935529525732,-36.30933469306956,9.939481196555793,27.216291476867035,70.05738439064936,12.875660347030095,1,0.1282536459187678,0.0396961283700257,0.1282243267625518,-3.3860682205454617,553.6325780316707,-6.213518986557667,0.0948117414971743,0.2610011833999677,0.49999033075371246,-0.2103393323039849,-4.1563184448700685,0.0,-47.67302598234555,-48.9718015333988,-0.6136151029117127,1009.6514344350585,1051675.9921101776,15735.570990782895,0.4558080241289846,12.887633211092966,1.364257457246893,0.040213831342405124,21.53586462909083,0.0,12616.656867836133,2276.9869898188444,bowl
R0611,611,INFEASIBLE,10.0,4.0,257.8308723818793,bowl,servo_slew_deg_s,+,168.51689246355116,2.1460535548526183,1.191952517922222,0.0297740787114847,0.1919345196673924,-65.6310080672767,11.06201968592449,44.59689022044019,31.919329464568165,12.139165578897677,5,0.0065717058444094,0.131622595161045,0.1433714537432664,-0.8773646329942737,-1056.4075769343538,506.8949998373447,-2.168534595967369,-2.134300306313446,-2.5239667999580604,-1.6851689246355115,2.973986817435763,0.5025739189458919,298.94459915666476,235.87838627472632,1.8024923369434198,1278.5123651229842,1793418.4694433196,2713.2106094723645,0.20867611248838358,21.5417846272171,1.7024971139136595,0.2111245033211807,34.9419687128274,163.75345189791818,17653.352300070183,15419.952745728531,bowl
R0612,612,FRAGILE,20.0,4.0,112.22826268869628,cliff,servo_slew_deg_s,+,78.46564084331625,1.4545370926369634,1.2006388266895824,0.0120585507758876,0.1341018254668621,-66.13005771393213,13.492682144362131,48.11482808561914,38.15565475256823,9.628072152800028,6,0.0315893683783798,0.0550254318975381,0.3696485198575352,-26.749740017743534,-26.500235108252102,213.68115338386608,0.24783340189414815,-0.4332143326148268,-0.2389381191056678,-0.7846564084331625,7.335673681392306,67.96915524894658,87.7287757317231,-36.228496785670764,0.1852504019214578,805.6876477498796,810956.0903757331,-37103.49057546422,0.11646558003802276,-7.316913583049428,-0.5851472511811983,0.008680674412645998,5.156696162907382,18125.108066385754,-1808.0742709082424,-3252.2068479633135,cliff
R0613,613,INFEASIBLE,10.0,4.0,293.9625279819812,bowl,servo_slew_deg_s,+,170.8884971079451,1.2583119485858258,0.9696859230826704,0.0125615792899699,0.1029433642773261,-58.51589114184596,8.238017628107517,29.663956602272236,31.913595488448596,12.391580395038012,3,0.1175530746083329,0.006981466640567,0.2815385587202314,-112.87446868226901,98.20925813267208,508.33678883445657,-0.7094281737341763,-6.279819963829611,-1.290777929865604,-1.7088849710794511,4.461754792658036,0.0,-68.76423649015938,372.5564850778942,-0.2078077202140598,142.40191701391063,12038.354831503291,-10821.709718089967,-0.1121122507450405,28.993379969777152,0.38335998110830133,0.01715024770710161,5.077027644794181,0.0,97451.33748002467,9705.200537919554,bowl
R0614,614,EASY,10.0,4.0,56.13671775318705,bowl,wind_strength,+,26.781198973018686,1.5260610097991991,1.5302915798540169,0.0278214685131023,0.2224539783553912,-39.38853007065546,12.57140701726561,42.67145640543836,66.75857417967029,11.94436365988367,6,0.0816135662205591,0.0255896998748864,0.1974054897694666,-5.49112156277861,518.4997284421867,94.29194566795212,0.3324533335694776,-2.064626327474175,0.09600655864857473,-0.01836674504979525,-2.112678742287873,0.0,129.18968788894668,-66.95299743254671,3.9080141489585274,1690.6269608570533,442039.45383260766,-14670.551686834922,-0.7970173635297485,-0.3372693567171293,-1.1714160469034778,0.10287247894052054,11.756790144423086,0.0,8104.50382357855,-219.4222701349165,bowl
R0615,615,EASY,45.0,4.0,27.60395846800371,bowl,servo_slew_deg_s,+,15.717933857204553,1.5377582367638207,1.6080861689105073,0.0300518637783074,0.2136169640351049,-36.361344712600456,7.193478233487334,33.02452516982608,73.287636263135,9.521648956217955,4,0.0713803476063488,0.1709529578007434,0.0688831597850342,-10.040199646492763,-199.89923305717772,18.45308094607592,-0.2361409913954038,0.7027138803904263,-0.28463858296050015,-0.15717933857204552,-1.158765748606757,57.33485460455038,-2.928705071370243,0.44043790378237907,0.6219675324492653,1021.3586068552313,575837.3222540854,32924.246796271014,0.5898945795897825,6.8485595370506145,1.1919640293211233,0.13698924831847667,14.730904544151258,15289.29456121345,4401.989594609135,104.9422796848022,plateau
R0616,616,INFEASIBLE,10.0,4.0,303.51796436025234,bowl,backlash,+,156.51320900754192,2.8720844483163868,1.953643696915232,0.0211405266397131,0.2323425005286842,-60.70209015291344,13.541607040344632,31.21271559342746,90.45421587572164,11.48758353557856,3,0.029971970706465,0.1093206644296437,0.2759952623234751,79.0008916472631,-2025.3953999311532,860.1467697321468,-3.054918692733417,6.367976321223316,-1.5558478289391986,-0.6925367620266037,1.6210798377889715,-80.17512232224769,-626.0528360301677,-58.86184751437126,0.7334628505828498,-1956.657188863376,1058088.953863132,121251.28392010905,2.519326731482665,-24.94602881031698,-1.9679684641112862,-0.1042228320017479,-62.60051942020175,21380.032619266054,-36256.14174862814,-14862.713782243623,bowl
R0617,617,EASY,80.0,4.0,30.470270582524723,bowl,mass,+,17.001362582312897,0.4240102282205804,1.625783909461663,0.0302815420265761,0.0546907610517271,-43.329941194325656,5.942075644755174,40.43084554737701,85.91667826264934,8.870512180702958,4,0.0139681535709138,0.2249330613639822,0.3341615452170569,-14.167802151927413,25.9720636051369,37.35452550642876,0.03755015884624768,-0.9633547725598288,0.2543349754117827,-0.14515757434304294,-0.27769594603004605,37.44152356991991,59.04388211933443,2.736586527195881,-0.130680003172853,181.36471136366484,-81016.8552294521,1467.2609570433008,0.22498565419619831,4.618860873175007,0.9953323233489425,0.06508571331861195,3.6460033600421107,-9984.406285311976,840.9215304861092,210.05221390630174,plateau
R0618,618,FRAGILE,10.0,4.0,127.81113277334882,bowl,backlash,+,52.01781005198535,1.896202807925916,2.0294579170802094,0.0384496580338931,0.1750067666524547,-61.68585354157838,11.175581313166932,41.95392768471346,73.43625106843322,12.907365956966132,3,0.1326756257034675,0.1096545429697229,0.3050548106084754,-38.86027435521861,-1499.9443521054482,-5.813090890919431,1.1293453734508347,4.474632525129579,1.9296831928521256,0.5614841683109999,0.9091055410658538,0.0,-208.0712402079414,-39.221693142178125,-2.941555554064643,844.3096093988737,1923831.1135367388,27832.492526165373,1.4624099093910445,20.927847898886334,2.4738263816100052,0.12022785160858888,72.6797745960274,0.0,21848.020869901007,17054.682632144075,bowl
R0619,619,FRAGILE,10.0,4.0,96.40074351684048,bowl,backlash,+,34.93933892402741,2.0541144544150005,1.8297939088210824,0.0194530591300798,0.2209230864880487,-47.136550787310185,6.971707840838668,33.266712407215145,60.64310410783455,10.30127096614065,2,0.0353516592622475,0.1360431975428125,0.1156128260227432,41.89827765079553,-935.2475496373263,20.235278278240102,0.2765810896967167,1.6170537605096265,0.07367869612567404,0.49018364684661736,-3.8676305266365283,126.66054692751848,-139.75735569610964,-75.2724436045251,-1.404565284833928,1033.2111039701629,2943234.47374271,-3801.9594650011854,-0.06275488888267122,0.1635338928008391,-0.8738674581758779,0.1448007567843986,15.86107077758058,33776.145847338266,29491.179435283884,6068.94528466813,bowl
R0620,620,EASY,45.0,4.0,17.71045171642747,bowl,max_gimbal_deg,+,14.30003777628372,1.2470991411028698,1.854400622032278,0.0362517764891032,0.1486945820961872,-46.88826297338878,12.832133802524067,40.45553738277697,86.08252807885331,14.688300798757895,4,0.1303302809297609,0.1499533869180063,0.0923612177592064,0.19580328629011176,111.54804577488036,-13.515346084937795,0.14028544749383776,0.3438082693213016,0.04806795267375179,0.02255593733066217,-2.0428625394691027,0.0,23.03677744882252,7.844548502328517,0.8006712226401342,158.09676888676154,824803.0453348646,6979.04312360564,0.030061428785952193,5.7977475190762675,1.0197376267343692,-0.014877253839836442,-0.45275727952995365,0.0,789.9974271323501,1777.9594251994772,plateau
R0621,621,EASY,10.0,4.0,57.888983539429084,bowl,thrust,+,24.87413534392029,1.5463272039200548,2.078119944000992,0.0234045264287867,0.2375476759502643,-36.10513573097013,8.989637244303506,39.81971066962803,57.19647848856874,11.2703450250056,2,0.0471888563264702,0.0037000149723444,0.3158952777960307,-15.937164863001373,361.79790583142915,77.53542132773738,-0.07316007533741342,0.19982018621173492,-0.9949654137568116,0.015353908644613768,1.919677191601919,-92.38327160475897,158.84603642609804,-16.699858186149548,-1.4103581640122926,-3854.0578962774402,-649652.4716530183,-137965.55106092177,-0.30173202505683877,-1.5327907834620644,2.2644623429187307,0.05135359969945785,8.892610942911647,-24635.539094602394,41588.28295526592,-114.87518866138947,bowl
R0622,622,EASY,45.0,4.0,36.14171181214286,bowl,mass,+,12.31532983986235,1.765061461967538,0.9445816104453364,0.0375849205242522,0.1923406967989971,-54.58461615365064,10.769516270678428,45.79568747703343,60.57387432322429,14.558690106105937,2,0.124428446132219,0.0422836631383814,0.0666979280878175,-10.262774866551958,-127.23940072325242,43.023806612575214,0.2750168337342991,2.105990749392304,0.1370036492000363,0.2105780065355524,0.62015417568959,0.0,-25.651172686205012,-20.9979627145028,-0.033477266024934504,211.40974154181228,1404823.68995381,30701.103357260312,0.2893991473792177,10.335891513013921,-0.114014034633733,0.10017343566808393,3.0785772471501742,0.0,25279.662156700648,5930.29523746231,bowl
R0623,623,INFEASIBLE,10.0,4.0,1375.8557275911821,bowl,Cm_alpha,+,719.8782660577824,2.543243030887869,1.8950472158504248,0.0123749129519078,0.230297868067993,-53.17267313912363,6.321640216120401,30.00837333210184,45.23522219472527,12.726085169427307,3,0.0271923928904633,0.0863776444572248,0.2898262065978529,39.6080273232101,7530.064411625055,4199.995794472395,-17.99695665144456,-37.314542922623545,-22.460812459433406,-3.581884249622161,25.80491456917606,168.72359649234642,647.5467605934854,-3.470632682159899,1.0834566964893355,-1384.4776634241064,-1135486.2293103836,110477.19562448532,2.655001988094156,33.10030326617551,5.162511153394717,0.25410585225660154,47.97526215459046,196818.3117546404,-107129.55174130753,37292.070638810204,bowl
R0624,624,FRAGILE,45.0,8.0,57.30374185546724,cliff,servo_slew_deg_s,+,50.3697834787293,0.7911927349326415,2.0945198575311714,0.0170931353999334,0.0569292406604176,-61.76361123832848,7.861228293976405,25.56424194978287,32.62082274601517,9.173848565789292,5,0.0125261983137444,0.2455699329972948,0.2666601500094523,6.061446725602295,-640.6056806492643,45.394914589534004,-0.03957168228049124,-0.9044089381737787,0.1534655172197335,-0.503697834787293,1.324825760806612,20.986949999828163,31.37086981488344,-2.536550386529821,0.04088659205398315,-17996.70655771195,1140630.0909576374,2193.387248786538,-0.39865859159029604,-0.34475271727368545,-2.8815131500817026,-0.006238241000463063,-7.900799985599157,5596.5199999541765,-89143.39774512016,2625.542707137933,cliff
R0625,625,EASY,10.0,4.0,58.29432286985305,bowl,Cm_alpha,+,24.75229056816715,0.5328455522451622,1.5498392710568225,0.0125494586781241,0.0456754895596847,-67.39999923401392,13.199283273022854,43.20608066325518,56.09175454497228,12.487327972264282,4,0.0293122152610238,0.0413204668039037,0.3389919831747756,-6.05397424805728,-158.7928729606431,-40.61155135795265,-0.6188072642041788,-2.2576279830584554,0.3256699366976349,0.16881166837078937,3.7821355613446492,0.0,62.18611948359398,76.5417676673809,-0.5208387178828171,87.1872265490235,27799.121012291074,77058.18861515673,-0.5755162955352837,5.499421640128574,0.23504374875173084,0.08111559466341109,8.153695529104517,0.0,4000.230696195836,4546.6068032325475,bowl
R0626,626,EASY,10.0,4.0,62.34788248562918,bowl,Cm_alpha,+,13.774255294265966,1.7754498229218916,1.4844984590879,0.0343816901141686,0.1619686291046839,-65.88145968578264,6.158506024031113,46.75550905475085,34.25296219076724,9.138385059303308,2,0.0926770449156456,0.1261243361056098,0.0634849404524467,8.599624974755045,128.91815102194587,-8.124011994718732,-0.34435638235664917,-0.699939301825962,-0.5325548314813331,-0.07115179662502351,2.2377199081046615,0.0,73.67891489737579,130.41330350763744,0.43688029747920387,495.59552594161124,1086668.8216163076,8920.790570320734,0.42996633261756695,2.357608308055832,1.1222138857915944,0.252211328294245,15.570835712223824,0.0,12007.325641778836,31630.298442426472,bowl
R0627,627,FRAGILE,20.0,4.0,50.40508213003235,bowl,servo_slew_deg_s,+,28.769439066119773,1.0875549591498748,1.6559406371197412,0.0206825425901352,0.098713943866645,-60.85041601207557,10.693472092959482,39.48599089994257,39.71977794517858,14.113218449604007,5,0.0312060252172947,0.1126120613905836,0.3902777096268305,-10.488696237826783,-164.48452114488518,64.97901949656575,-0.34818740546950133,-0.983976892156673,-0.8022956907791254,-0.28769439066119773,0.6942447027608629,0.0,100.53247905392841,13.996217003250853,-0.09080978684286745,-157.58759299540685,-65398.34674484573,-15955.946829435756,-0.3886597721988774,-7.214484280633665,0.3997347369448039,-0.01784394046015663,-23.03017267186585,0.0,-6409.814469297445,-1907.0174136460116,bowl
R0628,628,INFEASIBLE,10.0,4.0,106.26952402183562,bowl,servo_slew_deg_s,+,71.53714112301074,1.2161313432612233,1.4908106716935774,0.0264192447160305,0.2102032477767373,-32.659042928031724,9.512127957609396,41.24640907538365,36.40742430124471,13.371991745679724,2,0.0072443071958348,0.1772221593672653,0.3456794889191529,-17.528180753028842,-905.1411298462714,118.662265977182,-0.9608320958825249,-0.40250821882211485,-1.5405126263113558,-0.7153714112301074,1.7909649293490424,54.07080006897616,59.31317532053152,79.70014046041307,0.17102339925381216,922.5925569599174,-234319.16813922863,-14511.95061364456,-0.329861930178625,3.5721625796908847,-0.0037873445195555177,0.07348878800427769,3.7828881616697685,15379.425721346335,9745.592011634137,2601.5528332797853,bowl
R0629,629,INFEASIBLE,10.0,4.0,377.4881108245536,bowl,Cm_alpha,+,156.04590650868352,2.12494393646166,1.49849249538439,0.0226544338835791,0.189478455675684,-62.10893595941366,5.66790090166592,39.70034266881388,49.27929948929597,11.651805927121552,5,0.0545868317563464,0.2161391774050099,0.1713151209335564,-11.061240072947115,-1015.0047517573588,1296.8018627268111,-3.9011476627170882,-3.8457223305100507,-3.3418598472824215,-1.1002522847591905,2.0185542209419003,0.0,48.75170435481063,426.79053994522104,-1.6021980347518934,-3250.9338950606393,-4103258.175458645,29078.223097955433,-0.7983446497909945,-4.461326951549242,-2.971111769963668,-0.17341382520449572,-21.67041618977334,0.0,-20057.596601371653,-20452.828719669644,bowl
R0630,630,FRAGILE,10.0,4.0,100.29113017911142,bowl,Cm_alpha,+,70.77734881682848,0.9549648995535256,1.8738876301259075,0.0258498207223736,0.1888526316597391,-30.455709347629984,11.912762526761504,46.95372580376652,67.85974361657019,9.610469396288751,3,0.0973348051113266,0.0946136998489179,0.4310355413947054,16.048298270301366,1580.3669328949761,71.515452952796,-1.769433720420712,-0.04497436613909131,-0.36466729255394126,0.08668599554458538,-4.731795357383919,-1.5665331792299986,69.3787843010684,64.67254714187122,2.8686039438836595,-97.99608402350324,-2163095.2794484976,-24780.93305733962,-1.6957078582800982,0.5673473099313524,-2.0955962347580805,0.03679272853944895,-23.071965287284538,417.742181128,-28673.237979416648,-15246.384310441781,bowl
R0631,631,EASY,80.0,8.0,85.35413098762918,bowl,static_margin,+,48.90932806451435,1.6125751676969058,1.7990859634331704,0.0109926711447998,0.2361466145720672,-33.08133325239994,8.08028176351144,30.37741944444142,85.9136137548497,10.720469030593788,1,0.1403779162041492,0.2425728894584795,0.0953500256809925,-5.900401501930958,769.2021907824899,-244.54664032257176,-0.8340685121068103,-2.121197889739365,-0.047238929789288876,-0.11626921150324314,2.524854963462344,0.0,102.94760126757166,103.73340629647288,2.982031244272439,837.3380460014143,2187206.85540589,201928.8144767468,0.8459956827274728,9.642329710445013,0.051921233364762426,-0.029227718080596682,9.910768562442106,0.0,35657.93330117899,10652.914823974404,bowl
R0632,632,EASY,10.0,4.0,72.26436476703779,bowl,servo_slew_deg_s,+,22.467814116896996,1.2701570377619564,1.7689243405373751,0.01911601804135,0.1334985475504455,-48.43270612573969,7.49822955140925,33.5410822384115,73.91515561246169,8.598692677951046,4,0.0333941334653446,0.1057998990826517,0.1357364501790997,25.190821330106896,802.1661543869327,-72.5690545287691,0.08088961388100091,-0.5743693215133816,0.08310433432634312,-0.22467814116896995,3.8738869913406937,231.799743254054,119.69463634409915,-28.78193795910223,-1.2017537459965828,-278.8699067286382,-393579.70406805555,-18228.82601777014,-1.1986061765670004,-19.87972086367966,-2.3654649526597584,-0.16123491146814145,-32.8410566680724,-61813.26486774773,3873.5543837154087,-4869.046497155549,bowl
R0633,633,INFEASIBLE,10.0,4.0,218.9142345622594,bowl,Cm_alpha,+,119.22408560593865,1.81173804159562,1.2504455403000094,0.0293405652057148,0.1748090467063777,-52.83325637686532,12.35286510409309,33.636679536821504,83.13573937028727,14.97721658532132,4,0.1418986017764539,0.2352882919847995,0.3513706811391014,16.979521473612145,-590.5091587072201,528.8162335230483,-2.9806021401484664,-2.986240218065304,-3.4853862967685982,-0.9602885321984325,8.127628122243848,0.0,110.57814903946128,40.063224610205914,0.2707340739838884,989.2323914616659,1789978.4341376454,17595.811902824968,1.4942772034828327,8.24593251445106,7.030994459822109,0.15524497683964683,-1847.6794932045686,0.0,14101.237037364328,5526.760679497337,bowl
R0634,634,EASY,20.0,4.0,27.748032395767925,bowl,servo_slew_deg_s,+,8.000939018574096,0.584595035270207,1.8047007216278776,0.0173324073466209,0.047765925376268,-56.75333329361866,8.367513852495405,27.83365573373593,71.87394841529438,10.650819129862372,4,0.1287517955359357,0.0933794567077862,0.2396449385140138,-0.7019306244281888,279.1910786968532,0.37982536811131035,-0.1519679069789852,-0.12622300620483634,0.3912074541357143,-0.08000939018574096,0.14019426248521036,0.0,42.71314881177184,49.1291590108418,-0.045326774915293466,-35.97198435687306,604470.7045727811,33642.99820648891,0.5810809575829792,-1.934708117807123,-0.21986031050741986,0.052271709309299336,15.033143609185013,0.0,10724.70613517218,1662.6805003758363,plateau
R0635,635,INFEASIBLE,10.0,4.0,2475.978241434291,cliff,thrust,+,1618.0422239080542,3.120149031610821,1.2386773602656562,0.0282775859415019,0.2342052745823582,-68.79140776903415,8.549990575771488,34.51218200313266,86.96639655663795,9.336947893822389,3,0.0486643960159123,0.11922370655762,0.3660518146702128,122.3049920324377,13741.430827124277,3324.461073641654,-33.487860869491044,-1.510344621973479,-64.72168895632217,-3.233287979331122,133.76962364054646,1637.0054196046265,812.2966607873891,95.54612698090699,-19.426546524441072,-27587.452251502284,-20816304.059239145,-3290430.8416721276,-55.01058621296203,-0.8655580092250282,-15.555102797302897,-1.6879986889751093,-81.91404206183363,-436534.7785612337,158045.1314737521,-188594.43933501682,cliff
R0636,636,EASY,10.0,4.0,44.46793039381024,bowl,Iyy,+,21.751653439322535,1.0528189534620125,2.012680114409293,0.028781452768329,0.0889822516837368,-64.7712687242984,9.8043699796987,38.79051612965927,59.67102513987789,13.034738941105363,4,0.1427702110347634,0.0632273178803979,0.1494326790372088,-3.2849746538420366,-725.0551146440845,10.683458283460695,0.34242164750841475,0.14327058115702943,1.128870229460103,-0.05067427238272865,-1.6746006529452022,63.47131825022741,-58.3376671657114,14.138988162258856,-1.4778534288431344,743.8979339905565,-422885.51561100053,10672.661534211036,-0.17918671964889565,27.20798827809314,3.248173486143021,-0.006971139196918854,-0.3919306643882685,-1292.0001778095398,-3838.655270483857,4994.901891524217,bowl
R0637,637,INFEASIBLE,10.0,4.0,3074.8691821806297,cliff,Cm_alpha,+,1426.616315422828,2.902994877472011,1.369113068830702,0.030335575637823,0.2286472788166192,-67.63341928701622,5.093773088508114,36.73022433058074,47.202281510698896,12.93865785502782,2,0.0387606275728402,0.2272235090289879,0.3067650741995616,-348.33333633766034,-11011.121278881346,12014.266636084807,-35.6654078855707,-18.365327925159367,-34.05232402019742,-3.4960381283600896,15.36315527871979,0.0,370.82886883154936,1709.54965734564,1.0947227739074208,-2057.052077420798,2434522.6103120856,412930.6856410305,5.514458794252846,434.2083603687922,7.144781973674253,0.14363870099157794,91.63492519321905,0.0,62244.21033204915,1232.1335556342183,cliff
R0638,638,INFEASIBLE,10.0,4.0,402.01482328915176,bowl,Cm_alpha,+,213.20249913207547,1.6889167721517753,1.0833057627978886,0.0322186529209657,0.2251560370822565,-40.91283334595573,5.530121517396221,38.50624465835683,54.18168479202834,13.919535735065216,6,0.0112449239565764,0.1466220300368888,0.433079412798226,-118.19516370288918,-2316.562723855538,1048.4881273014207,-5.330062478301887,-8.97192493968074,-4.167487134397715,-1.247720015523805,5.208796584009541,-115.04484381792302,212.65461781722175,248.04228879181173,-1.070288543275339,-719.0138805814494,472751.27565696486,54557.79695167597,0.814152273621584,16.8641386355472,2.6573116533436316,-0.01044704368064913,1.1351639327957117,30678.625018112816,16148.658602468156,-11292.166244474338,bowl
R0639,639,EASY,10.0,4.0,45.841922764316244,bowl,wind_strength,+,24.231043192826746,1.2127222612354789,1.7122066016795112,0.0252055898884137,0.1113096020125019,-59.45170115758228,11.626829686891677,38.54184403548344,28.778827510911807,12.346211321133524,2,0.1151936408408624,0.0015059150833112,0.0578773807573232,-1.699519522307682,-431.0385078520652,85.22039405905413,0.29348431410872244,-1.8646318435013873,0.235557822385951,0.036782677400640104,-2.93217226006082,0.0,-51.151930861784166,-60.577607982066866,-0.5976635601292073,-867.6498993921076,-482545.83189981536,-16124.486833086457,0.042561609053787475,-8.51356514540626,2.3086837085886054,-0.0782968867207289,-2.9228307314871396,0.0,-289032.27681425016,-13097.750360005002,bowl
R0640,640,FRAGILE,45.0,4.0,56.241146436205526,cliff,servo_slew_deg_s,+,49.13755628280046,1.0945004421784827,1.5853674915038465,0.0252872074456906,0.176334678431797,-35.40579575133552,6.635484884785024,42.11663393846243,24.29433391946856,8.492749822345141,4,0.0031295428196736,0.1635601068322427,0.2363423649665962,-10.893708193919466,-48.531767815347806,37.901861003832025,-0.1716623824555117,-0.7649500495343944,-0.2923343185436259,-0.4913755628280046,0.6860660978275447,0.0,28.321923054748883,43.0799825988639,0.08730012102480433,-605.5849059746964,-1034244.5451560467,-9355.498687805712,-0.2510903022264839,0.6928483492773521,-0.4150193554090413,0.12269511052826342,-2.535464558458853,0.0,-1760.048381087196,-2248.592534082887,cliff
R0641,641,INFEASIBLE,10.0,4.0,2832.220138096418,bowl,servo_slew_deg_s,+,1438.762954777973,2.914414488579653,2.002003080427791,0.0158582549976204,0.1922580524173657,-67.09502446338321,13.962321463416227,25.357616582401803,30.125226164649085,8.025239549842013,6,0.0547039221057666,0.1904100589264977,0.3175254035231903,-420.12073831253394,12775.570346938997,9683.806117823715,-24.108784450646915,-34.188517289099316,-27.767202541661778,-14.38762954777973,51.31278638584404,0.0,1033.770696916496,778.563583548695,5.93081855506631,-12273.976304252627,-15958585.101214588,540489.2411952995,-10.871657889947699,7204.252439254309,-542.4235817575304,0.3941899575342427,35448.948402215974,0.0,2985.5306551860795,-151110.4603157297,bowl
R0642,642,FRAGILE,20.0,4.0,34.97596072075704,bowl,control_effectiveness,+,12.507412318158892,1.19059080831063,1.2025916458045809,0.0194443802224532,0.13045877945441,-56.486137986014754,12.227616714180954,49.58686975189548,112.4907179077619,14.646630404478312,2,0.1099339699216349,0.151759886273552,0.3884525674378247,15.142898985013561,-123.62770665120404,58.080733174362805,0.23364880615884687,-1.3897124797954323,-0.10171357021504183,-0.09972423191871656,0.5968022635225249,0.0,76.04092357445062,-9.96434294344616,-0.5303018219738869,-484.40289494406943,-2779201.207223449,-45041.855666448864,-1.1375634820525535,-28.599940761220978,12.298887652204641,-0.10668701430093946,-24.143635434674948,0.0,-31892.077998912613,-7271.870658268686,bowl
R0643,643,FRAGILE,10.0,4.0,47.28940694292391,bowl,servo_slew_deg_s,+,34.955259391685864,0.6129183921684442,1.4885725750527272,0.0341122631328717,0.0413031745639864,-65.98210051165788,10.592202272081792,25.5902889353197,54.29709818970863,11.64712050703595,4,0.0332205286033782,0.1232763148502169,0.2976515715916361,6.583801754206314,492.7513854434632,24.829726569398023,-0.05390365061538649,-1.4273815492416655,-0.48191896702856923,-0.3495525939168586,1.0184118889159228,0.0,71.50666385572771,12.141135116611535,0.366781903734986,-48.7585025796209,-243390.8578807041,-54554.43805007102,-0.03721295301972827,-4.520458592639956,0.7573399112084203,-0.06198070029193481,0.4194676753200784,0.0,-690.0248173814081,-9131.120196614052,bowl
R0644,644,EASY,10.0,4.0,46.155262526068064,bowl,Iyy,+,31.779888843198233,0.6943969225193274,1.8574600811893995,0.0233542279779024,0.0708718147155304,-49.614592982211285,5.073529097336416,33.190344074097965,109.82860158049624,11.433504534102983,3,0.1349508529140745,0.0676837759435922,0.2302446834998847,15.435824380973045,-1059.3296281066077,-14.920224215016045,-0.1605861633695307,-0.7460234982730416,0.8313258955892688,0.021601187127799727,1.5984106677311538,0.0,43.031803181980905,-5.285722518481224,0.091551797691245,754.2376205667235,177041.46971781447,-901.4155923157628,-0.06914671194065813,-18.68275978917998,-0.2947679237751845,0.028304189353704174,-5.080095578891487,0.0,14853.930064082566,2337.540521279582,bowl
R0645,645,EASY,10.0,4.0,65.03551993829616,cliff,Iyy,+,34.50017719064558,1.5561385613943284,1.807399970558257,0.0259961991023076,0.1588908441121929,-52.31460539770664,7.562492078743846,36.93248071915577,52.18138916784527,9.467686068639797,2,0.0696949556009203,0.0581058610027319,0.1735198313416109,-2.486132224484355,-1150.0059063548526,216.0331032660498,-0.16272898408903758,0.5371093704171981,-0.7327022334770259,0.09341949957233542,-3.5725555249274836,0.0,26.70677913327334,-5.662342741219908,1.0069172586842907,757.6167000281827,1691615.4988514055,41794.78324584795,0.06978159577567355,21.58407219189393,2.1133344256613125,0.16940136034088826,41.050514735089216,0.0,43185.419248822975,14792.892333366193,cliff
R0646,646,FRAGILE,45.0,4.0,124.54804377918121,bowl,servo_slew_deg_s,+,96.60624481701166,1.5442211508368706,1.9384923122202644,0.0185135539451626,0.1785306263813753,-40.69702837830143,5.834099159935917,28.65452537703727,23.45487916995376,9.501239739824278,3,0.1232735191442314,0.0454464899629992,0.2289109276122727,-7.81495740778484,47.6513785660639,149.14162604691907,-0.4335317361317519,-2.7148780519270184,-1.015620960536603,-0.9660624481701166,6.092142043508104,0.0,134.33390572031104,66.6554020278501,0.8887654768653714,-1168.4442676793565,-1121998.2719911856,-22699.433492419517,-0.5720158595701164,-12.700254588098236,-1.5409493320510363,-0.2391519615606755,-26.742817831288622,0.0,-24588.017398444128,-4008.3619725677972,bowl
R0647,647,FRAGILE,45.0,16.0,168.27394889161872,bowl,servo_slew_deg_s,+,95.96822538723727,1.8229087747933224,0.90309718179186,0.0350287816819002,0.1652625855387529,-50.39696667340309,12.956596707546414,27.02025028001648,118.72101109786716,13.561701625090173,4,0.107132241533291,0.2349469353689468,0.2312395955354691,-77.65856911014919,1091.4026105365015,200.11756322566043,-0.8655273491856965,-5.188636276823563,-1.0649655850643611,-0.9596822538723727,4.622047173391669,0.0,137.81166965046654,94.40334614255633,1.5401613982522075,173628.6506732339,-1540389.366295329,13710.548580804601,0.9741063857029246,14.497022139757352,2.1267910870280162,-0.9694189748946336,28.171536204171183,0.0,-6077.19454153081,7735.053008878116,bowl
R0648,648,EASY,10.0,4.0,22.28482437978008,bowl,wind_strength,+,12.859308563537747,0.7142753813089386,1.9073651723874556,0.0288749034029414,0.0713787404912742,-61.6125823161031,9.222666890992675,49.068928800145216,66.74564875374313,10.82862633778234,3,0.0503809222175135,0.2163158225955797,0.3565241313309037,4.931457299483443,-149.91367489985473,-26.64407685020112,0.004796169733999767,-0.608219683240176,0.1331490428506987,-0.017215268769965507,0.6232669259926097,17.650093019830493,53.29459316074774,-32.148271408844366,-0.40669690953201076,273.8235275826543,497232.2260533069,6776.895806401535,0.004914302021919115,4.5276368826221285,1.8191882487129132,0.0542008497117067,3.6585459776740574,4706.6914719547985,14492.993738505347,5016.646852324476,plateau
R0649,649,EASY,10.0,4.0,41.24818317597996,bowl,Iyy,+,22.54087284256629,0.5470694643395168,2.09979951731012,0.0374531590063391,0.0832997406787214,-32.52355597388253,11.729275067288407,31.74386133148218,69.8745904385691,14.450365895853142,2,0.1457543582002149,0.1481889295761136,0.4157177952646032,21.7377115858654,-751.362428085543,-37.80587741379581,-0.05375985915849202,-0.09734985913046733,-0.1960113306248953,-0.18033304888224838,0.5691658388351385,0.0,27.095058725550995,-15.681936529239978,0.3424883461770225,-32638335.330544572,-755266.0102008025,-31128.410955978907,-0.4918463373659263,-7.026334659357868,-1.3757520240783179,-0.09333404523167353,-33.68311785572596,0.0,-22528.061201699784,-6190.1926144885365,bowl
R0650,650,FRAGILE,10.0,4.0,133.5944951114823,bowl,backlash,+,69.20750749115787,2.369154862065809,1.9524594004285327,0.0385940240064462,0.2063811866905554,-68.35001893202636,12.498673633489195,45.88724104396629,112.36376331508198,8.765710564169353,1,0.0371405003325813,0.0309625935193594,0.0625762877607024,55.27660424224964,624.8625241615971,399.6602247238645,-0.052105620520731394,-3.217768212909548,0.1525975528605869,0.23702933776958252,-1.0841025427273325,0.0,-276.8300299646315,-52.46153389345762,0.3970452495294303,-363.9491567785805,248788.9193601318,50066.08370604917,0.2006104096533325,26.972613443472557,2.708727231721466,0.05361244799383378,-21.37147190485801,0.0,19074.04463506183,13372.996602802888,bowl
R0651,651,FRAGILE,10.0,4.0,47.60519038456637,bowl,wind_strength,+,17.744782051498344,0.4505639228040743,2.0618048799445465,0.0348548957166399,0.0452743059041723,-51.8161133009296,12.745828851323273,35.08987310268398,55.10158054937063,13.942186686047773,1,0.0387461736738049,0.0376806368534845,0.4231370709894798,17.007520804753987,246.63568445695023,-70.75285902328578,-0.27596483049403964,1.6898365276430558,0.8319388938059665,0.15639281036719246,1.6200806463298505,-47.842961312628894,-33.332369620099534,-44.36195512874586,-1.8365966827150615,-1637.8915041107007,-1515116.3973721252,-2280.699667628184,-0.2846508514052444,-11.24910812679806,-1.9226106703288164,-0.07760680412420098,-10.824782894732818,12758.123016701038,-8734.42375899709,385.52197425820873,bowl
R0652,652,FRAGILE,45.0,4.0,59.70136496548866,cliff,latency_steps,+,8.831559430374645,2.1003544447020617,1.7242985931379518,0.0311687329252622,0.1585743214838514,-61.24394620823476,6.998344330657838,27.673764006713245,76.33559932886925,8.137341768316544,6,0.04192774509401,0.1588921760637734,0.1292489786227674,6.1114036195841495,550.7394417074341,222.6768225514178,-0.14882788614861542,3.010130975008897,-0.019839717706565098,0.02083584557774616,0.7630242816693406,0.0,81.97800140594207,14.04841970058596,-1.766311886074929,-124.95686329732477,154649.05790379847,19118.741518624836,-0.41273243014931027,5.33738532894566,0.006863662750912453,-0.18648962111193562,-51.07558161077311,0.0,-294.7106160113714,-4373.824111005869,cliff
R0653,653,EASY,10.0,4.0,73.56010507345151,bowl,Cm_alpha,+,27.01870422274451,0.6294621414682858,1.0120121292782551,0.0234948286909574,0.0945349541221542,-38.83821957970069,9.148967365479791,44.03779732410438,106.752736946332,14.879331738669984,1,0.1156633528600676,0.0382075790077538,0.4122208179177686,-13.924152804877483,317.90519506357265,-124.5648706293114,-0.6754676055686127,-0.14507773507815597,-0.9221662294331796,0.2802629316718802,-1.988488398754994,-6.554250659244562e-05,168.1643092322191,-50.64585843757743,0.8674105924807591,418.6156157145946,568004.1030532576,63348.296675329955,0.4008012558054075,5.901892126425525,1.35735058273476,0.058400316215726916,52.930201998372944,0.017478001757985483,20911.762358890403,6305.995570049851,bowl
R0654,654,FRAGILE,10.0,4.0,80.55798849692749,bowl,servo_slew_deg_s,+,55.837919762409136,0.8448425054312657,1.934739264002244,0.0371820309804562,0.122376439771175,-39.71090686163175,10.483428296668704,42.82773276627316,29.160844631168764,10.959834104238508,3,0.0824654169919666,0.0738526695014482,0.3492378801258809,9.543299047308661,23.323059556285347,73.32335554547544,-0.6478659383979075,-0.400969773648118,-0.7274650684990508,-0.5583791976240914,1.4452465669875878,0.0,147.80408670233894,58.199861671881685,0.3000483499408131,-150.10975944063506,893508.6960148403,10308.084959580361,-0.01662872222347911,-2.426035836484972,-0.6490118540480956,0.07143545670562589,11.878583845822721,0.0,7928.162718813466,-3131.0367934062974,bowl
R0655,655,FRAGILE,10.0,4.0,46.46750254444285,bowl,servo_slew_deg_s,+,15.771976221075157,0.9888568523983284,2.02678500365758,0.0387824203646273,0.1759088334430996,-33.29465870827501,13.553140703040084,45.40659484975471,77.5615619706991,8.397879615728634,6,0.1402197214486283,0.1571163357090097,0.0894196024914236,-0.6833674463626588,602.8085036867865,-71.5328520591908,0.5189443993312857,-0.8398387729016419,-0.371136243884601,-0.15771976221075157,-1.4687064609989813,19.041216376083018,93.11384012063559,30.437927827397733,-0.40626542504247354,-23.546708085364344,103946.70507909796,7168.0930926040755,0.3504119103538015,16.686514541952914,1.567630247578345,0.01661302753198015,12.785663932208394,5077.6577002888,10551.523320885153,-1877.735151136203,bowl
R0656,656,EASY,10.0,4.0,49.80705730508694,bowl,Cm_alpha,+,23.970424034488566,0.5647732719503702,1.1163871265110206,0.0119490269867303,0.0741454570636192,-41.749998582006256,13.64190245807388,38.88616456532934,111.4985589146321,14.147258425007776,5,0.025538222867539,0.0116597024348516,0.3736522227488465,1.694314386480132,-207.37350292245947,-90.9372463792843,-0.5992606008622141,2.921320786327388,0.8738295967709113,-0.0394168534563323,-1.601100233900779,0.01696666046046384,-43.72709887432499,-25.420018230132335,0.4199661084933779,913.3228792469969,1402152.860706423,-9415.246121982213,-0.39560180868559436,9.404071992648953,-1.2783576300269295,0.05407381599812343,-20.600059423255875,4.524442789457024,612.5992662003398,-122.72237179848689,bowl
R0657,657,EASY,10.0,4.0,136.1192085602623,bowl,control_effectiveness,+,72.69917192703407,2.0771074237570604,1.5977386898845438,0.0193979124576153,0.2280763422946344,-45.870790066065226,13.02013835498824,32.837974472514425,96.00245694468732,13.985300959390448,5,0.109371323799672,0.03076470578831,0.4320971732937624,-39.32298722475802,994.3743794715188,174.07846622526492,-0.6826884557972672,-8.077685769670452,1.1081092080168802,-0.19552014849310356,5.202556401388192,132.94903294698622,291.0710975562261,-0.45117314142406467,1.6638785076900657,548.7740255307771,1968786.9489016423,83690.22073033031,1.9048792264468544,-2.551624054144039,3.63073052924444,-0.0016360226043299164,48.055851460752,11013.518044276672,26059.493219720956,-333.9377709664186,bowl
R0658,658,FRAGILE,10.0,4.0,64.27605121646141,bowl,mass,+,38.643619346586966,0.7608724308888957,1.2689401987907276,0.0281910071835582,0.0746169942420755,-57.87397818786063,5.9097040193395225,41.69460214572866,68.78870882549714,10.58468714793519,6,0.0726062888469402,0.1828367813168293,0.2761147059827123,-32.2030161221558,-738.1185242796007,50.68153925394177,-0.14857739659868674,-0.6045318592332981,-0.007547039224799335,-0.2562798602325634,1.3482669702953576,-52.34165933373537,110.14507791533828,50.885055409230716,0.7781967616953391,-157.96722682185592,-1313165.135560946,-5305.636285867733,-0.028455550400052765,2.575766262911983,0.7551450340550696,0.027925513979500705,24.10567557682767,13957.77582232942,10002.39971637581,-8084.709590526861,bowl
R0659,659,INFEASIBLE,10.0,4.0,29.353496195948853,bowl,servo_slew_deg_s,+,12.972546719023903,1.318015449984061,1.8554159207077547,0.0134981489328133,0.1500069291993755,-53.04350216054871,7.254807705396628,47.174507712519926,102.83790287354502,13.689467651938564,5,0.1329765511101474,0.2334127479314639,0.3080570403693746,10.503597395691472,154.10179796264958,41.1386577249179,-0.11512360635025054,1.1209936425302318,0.17454267744045424,-0.12972546719023903,2.2201537199688253,0.0,-23.778071374799318,12.871587227085513,0.4639802430312008,-243.83638250062603,519526.00542245567,16690.764326773562,-0.211143366326902,21.459359835252123,-0.03351843192274487,0.08275051725779121,28.59991241452507,0.0,12431.622572543189,2367.252548398695,plateau
R0660,660,EASY,10.0,4.0,37.98471990983627,cliff,servo_slew_deg_s,+,14.931708208916792,1.431310577863199,1.4234909755317453,0.0266909456581042,0.1890025402449947,-43.87136624467989,8.304418028543536,43.44013804682166,53.09162660445784,10.438447771074234,3,0.1273686303718265,0.1727229653125776,0.146523944269531,-0.7297637470769237,-16.578729557231778,-14.739115200987284,-0.0607559680106472,-0.7858703190762685,-0.009252251275036195,-0.1493170820891679,2.087486818967585,0.0,10.973069281529773,76.36862185653325,0.07618973973942111,1151.0950315369253,3015616.1417263933,-6939.988848372325,-0.28735496099096447,0.43515079718609034,-0.13037065506232978,0.17575653361140148,4.128616857456189,0.0,15471.058595123055,7890.839895812493,cliff
R0661,661,EASY,10.0,8.0,65.01668013124018,bowl,servo_slew_deg_s,+,31.254605694373318,0.5405462382755493,1.3633483808125435,0.0362901431032708,0.0750310553205644,-39.352530642544096,13.678658415180845,38.62096309434332,80.23458474210375,14.583264468657422,5,0.0595383933806379,0.2107716554733733,0.3618142335512618,-24.008746150181857,539.8187433617161,1.2208917604858545,0.20370284167416552,-2.551849709967021,-0.012293831073324667,-0.31254605694373316,3.36991748947624,23.95380582563854,56.7004389253888,70.43136500577819,0.08591464411277405,894.8772726802899,1326351.015180627,-4177.411427290347,0.05030667881295314,26.440461903061124,1.2742283107730485,0.1431045752878675,9.96315171242481,6387.68155350361,20877.590111688467,10420.830310050564,bowl
R0662,662,EASY,10.0,4.0,69.6970823810502,bowl,servo_slew_deg_s,+,44.07510886528981,0.5242622110002225,1.6769299964395392,0.0323457338910154,0.0798961901383296,-32.676855420903706,13.383389585430608,32.09939903123317,112.89876505293954,13.11220003612832,6,0.1062046617051025,0.0915233569030013,0.2021621096475507,-11.340314018197281,-896.9500115009926,-133.47508238418592,0.20319113581582005,0.6283259210062376,0.5409203380557208,-0.44075108865289814,4.4450317504868515,0.0,-26.508616205976708,-1.1291054026265408,1.380339283212578,67.38448760313548,203493.5367511553,-12769.590351675872,0.17869129508159065,-3.999979499544949,0.621661900948169,0.014134078460955983,4.955089530341071,0.0,-12791.160626697332,11053.923639332816,bowl
R0663,663,FRAGILE,20.0,4.0,84.95730505765682,bowl,servo_slew_deg_s,+,64.46592431753133,1.6825513245833426,1.7544027191292244,0.0231187273255134,0.1738445475211391,-47.047129308277206,11.635347770475407,30.58532653783212,39.195392532061305,8.731418649131692,5,0.083242682464216,0.2306588167683317,0.1794407118785649,-5.741163205604607,733.6479710916054,136.4475090659403,-0.46223574703759773,-2.044644649990793,-0.3987247235833912,-0.6446592431753133,3.6588488696621226,0.0,72.30624930311699,11.913699921296233,-0.586485994105411,-388.45320936462764,-844332.0102374254,5617.697839984882,-0.3193658370108148,2.1232334772507464,-0.6851952819160771,0.09895941594272017,-4.9644640930279325,0.0,-3330.378854744907,7997.568234239809,bowl
R0664,664,FRAGILE,20.0,4.0,85.45226461219431,bowl,thrust,+,36.5315847699432,1.7548323192296134,1.40564000720522,0.0355435912164369,0.207315865683353,-52.298035805674886,8.298935659225029,49.41126169717228,101.85907440170254,14.692524110779,6,0.1002732336049042,0.0530186901522549,0.294717181107295,-18.21955656431981,278.1230305639851,124.44820989645223,-0.7205080596975677,-1.8862484362988694,-1.4612633907977282,-0.09132020394377989,2.408677004390933,0.0,63.88438518560603,138.26723118480098,3.65547875403714,90.98161932187224,114299.90176310154,-34279.46742036913,-0.588885001669726,-12.086050276303808,1.765567246468063,-0.055574756923949774,-8.878439911906913,0.0,-22506.320275624497,-4932.0035364122905,bowl
R0665,665,EASY,10.0,4.0,120.09534427355153,cliff,mass,+,53.599855801186905,1.95628164783806,1.2039127146101527,0.0241489292500226,0.1810605016030842,-65.83833412657033,7.906062882157,48.06220606751491,81.10167256162097,12.900586074007292,5,0.0061302058983561,0.2018951883844461,0.1201853273272365,-44.66654650098908,20.178370662540228,30.413521187778887,0.07242651133246869,0.3533949676780682,0.46334108676252866,-0.3950406504718843,3.538450451467436,205.9116029063664,26.240392966215655,226.22978800636025,0.04715611445329548,-296.64265624250555,-2029759.844321779,-53179.175418026454,-0.9241327903591567,-25.00207645283935,-2.6938662192031897,-0.062034314728266364,-25.737893895570664,-74684.95307082283,-31241.245226175608,5281.100620692769,cliff
R0666,666,EASY,10.0,4.0,44.62789742157,bowl,wind_strength,+,29.081816943141913,1.1867359403419642,1.0986016517915564,0.0303025954083007,0.1671788435341071,-42.06576119827727,9.989237620738676,45.45412523270956,83.7545871553241,13.64697500811024,3,0.0965178399667063,0.0717580882455908,0.3273519576848627,4.157488759582125,-112.9651392827165,87.59540137521658,0.18217849391380003,2.2400385193214003,-0.5423349652098028,-0.047482518095450746,-0.529897914786563,0.0,-44.34912304635969,-72.70454235785478,-1.001713511007333,1360.2114890703492,979754.1043066651,46663.99463323702,1.1340912760075894,27.642643330895748,2.5890815981879274,0.22529699606476455,10.223019260841602,0.0,27248.535931708328,7499.419919811292,bowl
R0667,667,INFEASIBLE,10.0,4.0,337.09068802202853,cliff,servo_slew_deg_s,+,173.16378201266326,2.278791003739908,1.848906063603408,0.0247284009075878,0.1913240827284938,-65.17797023507393,12.393985057680386,38.76085135224035,32.56397948683396,9.99527957778722,3,0.013012783657962,0.2341087378189477,0.2019913408133511,-16.409783919259965,-490.5173841956218,1170.4171181796632,-1.9409373295090244,-3.6127799032357166,-3.53426586638773,-1.7316378201266325,6.551736184939418,-34.307955371893215,110.59279599384912,255.67470739155485,0.2440297359430339,227.20182242740782,-293359.8657160001,77684.0875455742,-0.007159930426597683,14.404719331768552,-1.4094078375358867,0.05371455186801,4.189811331888208,-9148.788099171523,6731.407040611145,6675.93289149109,cliff
R0668,668,FRAGILE,10.0,4.0,60.784824016322986,bowl,Cm_alpha,+,11.604638538202243,1.7057639579329322,1.433224344996316,0.0304824405585007,0.1659090847257209,-62.560511424324304,5.946199367205139,47.92525201441629,115.6695060173455,13.747468346972232,4,0.1433298222759301,0.1343745294627916,0.1279196857753686,26.473033178203455,1053.8306493949704,99.35443997220767,-0.2901159634550561,1.0585856378041703,0.12108433154725731,0.09548999862316221,0.3405064863851647,0.0,119.00384746175969,21.603275342617955,-0.8693878786430176,1008.2825719378051,3082071.4038592936,71144.74900029213,0.17805689106946443,20.338925827858603,3.7629755106807057,0.31641362016532465,60.137122124910576,0.0,31917.739584013423,8463.835970967984,bowl
R0669,669,EASY,10.0,4.0,48.66904375778858,bowl,servo_slew_deg_s,+,26.815268481053167,0.8728724389604108,2.0722360794931856,0.033707253218639,0.0872781629758616,-50.62085276581795,7.188535343903951,33.16117442251523,35.08771599217479,13.75508977999121,4,0.0020641114691451,0.0582527050250442,0.2270901569875503,11.20927246933539,136.88855274164573,61.88737147798443,-0.28726393775257497,-1.9331232495586026,-0.5861502410441777,-0.26815268481053167,0.8533117199345746,0.007878129621251699,44.86550080564934,55.20825465615302,0.5665338681278853,1798.8800093336226,-478527.16137907846,14101.952618856221,0.1340168701453548,3.1101457838060833,0.3077557224134972,0.0036405072424674145,10.330891128038383,17.68485312445295,1684.692712497149,6984.214070375692,bowl
R0670,670,FRAGILE,20.0,4.0,44.837068755920754,bowl,wind_strength,+,22.583071283303973,1.2815678529325962,0.9510378838935092,0.0157352065643885,0.1267348088021771,-54.37882779529078,10.515765268010185,37.4308473152836,82.24990899380731,14.662447772324876,4,0.0975634889393682,0.0766492706426196,0.1633876298288649,-7.237958886220928,-366.1034138891221,25.86851649368391,0.21497438356384824,0.028670569858123968,0.4820891913562885,-0.1114468769644957,0.9463295810644601,0.0,119.3436973706694,-56.45767820825993,-0.637619507274207,1210.2347866035495,368323.07835524937,-6817.299374083675,-0.6578411849254071,1.056891877878516,-0.7454907579525792,-0.0457459310809805,22.699341553017604,0.0,4865.538466746252,3665.1468815902153,bowl
R0671,671,FRAGILE,10.0,8.0,83.8505390701547,bowl,control_effectiveness,+,44.8511073854113,1.8518590703206768,1.8268296629296223,0.0121897344710303,0.2300266224088226,-44.08192609800712,10.978016357484002,38.808139285345405,108.8570639308371,9.096795008612556,5,0.0617884770126695,0.0126264111125831,0.0787495542200915,-14.33047780050055,-1197.832295722835,21.077730478351505,0.006859538611408089,-4.983456376156811,-0.12406553638745663,0.18806580492132224,-0.4769081268859822,0.0,-163.84772204617806,-92.2655414689239,0.23471390199135644,680.8625458428975,3361173.6960474527,16037.106192648436,-0.08457849313670551,28.36555424550995,3.4122085037238854,0.2818699841327461,-2.2064915752761736,0.0,27803.73499186255,6831.803150934636,bowl
R0672,672,INFEASIBLE,10.0,4.0,81.5529125955597,bowl,servo_slew_deg_s,+,57.07730399354812,1.2458156440658814,1.5530911259434763,0.0357824236108237,0.1321773452147698,-48.55295508839974,11.700671469196616,34.347820262747724,55.19086437573635,12.340688610289757,5,0.0724708700974251,0.2415533106010996,0.4134146875276829,-4.4643033422109255,-281.44668327073884,240.67924087282537,-0.4273481052497141,-1.6200123418899246,-0.025505195033734652,-0.5707730399354812,1.8542782976882797,65.82136837824831,56.91362861805739,-3.8839121106754213,-0.13422703319256257,825.057949464517,1652274.8150833629,8065.544699493267,0.1650746950312394,7.3009745380525315,-1.077017676438993,0.010258324623786593,4.965422868426649,17552.364900866232,-115.74876416819801,2121.9471300237874,bowl
R0673,673,FRAGILE,10.0,4.0,46.7553399795262,bowl,thrust,+,19.309637822792684,0.5312074175674304,1.6490606366851273,0.0168460850987619,0.0848120838181722,-33.64709811767443,6.10905791622903,37.354574397656144,100.2979746360598,10.954387271972104,5,0.1320688592345578,0.1547948554302372,0.053170437616211,14.026656214199276,513.3356328474607,71.35392533067031,-0.3302570060619152,0.750604019838287,-0.7723855129117073,-0.07704472609469323,1.4045484462777036,-3.9068231019245507,59.45754219165492,55.430232546468645,0.9478124705171598,-964.6777766450675,-255313.36226299073,-12983.230755021266,-0.39988101623276684,1.5336140382256536,-1.2079837062220633,-0.14133699472329414,-7.541703561441438,-1041.8194938465458,-5848.225676216948,-267449.43219711946,bowl
R0674,674,EASY,10.0,4.0,79.94682232075328,bowl,servo_slew_deg_s,+,58.627101283197526,0.4842726650464061,0.9419911760741956,0.0369439368117437,0.0776702575282535,-31.36630225044702,13.353421301826712,32.75801533150325,37.66025763912455,9.37329825708574,5,0.1085226673095446,0.1833459218775828,0.1259423377306501,-18.946115854989785,-238.80908385591442,110.97388397665756,0.1297053163169627,-0.8724375913670984,0.19165106706522295,-0.5862710128319752,2.615060060942104,0.0,73.15336734361551,83.38345735874977,0.04399829542482658,1191.7563819664165,2102012.558701303,10567.990848701022,-0.7241389939724985,-1.9234386779219947,-0.6285088787723145,0.013294776724396228,-5.369149152606322,0.0,-8870.151710581327,9092.231250122288,bowl
R0675,675,EASY,10.0,4.0,42.43914855466067,bowl,static_margin,+,13.527013164390228,0.4336160981459833,1.9785372878314047,0.0382724489250381,0.0504434766654878,-48.86883659182535,12.775515901039867,41.83353700693564,91.82961639438987,9.814989351410558,3,0.1101838753836103,0.1365724750432443,0.2496894817799931,19.158804364242094,-278.7429315936479,-67.63506582195114,0.3429915364092275,-0.29366842935365756,-0.28073070706477915,-0.08169904306507494,3.235659492517684,0.0,-28.41534785535713,-30.095640208012533,0.4702893441202973,304.7313601089681,-452596.20604220056,-38753.652841884155,-0.35892892209416183,-2.9292592524070686,-0.29796159238374176,-0.07763787921813212,-2.639795786017736,0.0,15868.89422922944,-6455.063048128513,bowl
R0676,676,FRAGILE,10.0,4.0,103.46670469838524,bowl,servo_slew_deg_s,+,71.50760080635824,1.025987129289194,1.520800950137715,0.0156205079496155,0.162375214318572,-32.32419064910334,8.497256136721305,33.87445568507974,31.728336692772928,10.340100611462518,4,0.0477997256349084,0.133480017373874,0.0639132756371476,-8.772803787357677,11.118368868438344,80.67330008787327,-0.4042653827706517,0.49290933398702363,-0.6510431110283307,-0.7150760080635824,2.808811269564499,0.0,166.70347717077811,126.27398682587543,-0.47636395220517525,-1988.7440312534588,-1913283.7885519336,-38344.63920078968,-0.958427416534215,-9.920728819931998,-1.3553929120013049,-0.05173336412225986,-25.151150051637593,0.0,-17838.094917168597,-25329.798009863498,bowl
R0677,677,FRAGILE,10.0,4.0,95.31093233057342,bowl,Cm_alpha,+,49.60184288169776,1.219221420776197,1.192053445111982,0.0154068061180286,0.116978855647033,-46.197923564738126,6.533132223861365,25.430554950688396,119.96690504613336,12.440768473689609,4,0.0335526569001101,0.1156853126048649,0.440934875000898,-23.27292138184084,-316.0662461162975,304.64177905356934,-1.240046072042444,-3.4014061219371965,-0.3504921321715724,0.2165362381273764,1.762121765076182,-67.39321928958097,57.673322028226096,24.58307315485125,-0.1258859028791246,-253.222188480556,-1533994.3289784207,41661.10579833899,0.3172337971144916,-17.63032354895797,-23.2331892235791,-2177.3288772087203,-17.18106590649098,-17971.525143888255,-27854.031422285418,-21577.81999935967,bowl
R0678,678,INFEASIBLE,10.0,4.0,337.8103116791214,bowl,servo_slew_deg_s,+,170.1940732021263,2.368467445315166,0.9930557585137576,0.0306660956807141,0.2037634375404871,-52.02328381226226,7.005434111829592,25.928330836730435,83.69585482997493,8.677233501539163,4,0.0532719676237556,0.1809878315815484,0.2008601988835675,-10.803456098837207,-2955.186005105389,698.0497607112882,-2.787837911945646,-8.804724611846213,-4.00849150670005,-1.701940732021263,19.242466591186858,-564.2181264391264,235.46548007812655,25.31304789056408,0.9398700575058108,-749.0021903536701,-331643.38958234043,-55516.6131900376,-1.9667967698835138,-18.601815079514864,-12.067247967819176,-0.49128385261398194,-123.59021950920923,-150458.16705043372,-45281.17127056072,-43168.99975060772,bowl
R0679,679,FRAGILE,20.0,4.0,48.09048767156527,bowl,max_gimbal_deg,+,40.0764001003796,1.3844102537577925,1.5874461808583462,0.0275488952295209,0.1625383679699371,-51.97744878081383,8.477880529414692,48.20293141647175,103.226385061215,11.96469491347908,2,0.0288020543347624,0.0103633933846662,0.2509311919078089,5.882667504301859,-100.41362035096925,-63.61980353635101,-0.26126075733378495,0.5565502485152772,0.467491091078074,-0.08973856821750466,-5.7252000143399435,0.0,-44.346584966343755,-8.45343192815046,-0.14795658090373487,-128.0794912043769,-378457.4750418025,-5008.603155675084,-0.23355807189958422,-11.655342983977558,-0.23391707515706828,-0.009192915885743674,21.804889902400753,0.0,10777.40395296722,-2651.466121955075,bowl
R0680,680,FRAGILE,20.0,4.0,38.21178431453334,bowl,Cm_alpha,+,16.57559249918337,0.7933983488246269,2.057173641809929,0.033697681916558,0.1145811961931331,-31.650685362472977,9.413193973948914,27.0440489559186,52.698007171658766,11.004320469696886,3,0.137973157467564,0.208491420143703,0.3918850752880282,-10.345120694931566,-429.37219086858886,64.39936810258219,-0.41438981247958423,-0.6122689212278577,-0.2671895667659207,-0.12162227701872261,2.289222858955665,75.22699121438598,29.4336876551336,15.471252727718973,0.09166802102643334,1275.5863798614644,750186.4811505352,27102.853386341732,0.7223891817440866,8.131929696547239,0.5944208313112052,0.05737794353330287,11.318602073595674,20060.530990502906,3350.7490126829734,5357.242282587302,bowl
R0681,681,EASY,10.0,4.0,65.14218321299012,cliff,servo_slew_deg_s,+,51.42529831017507,0.6182950028853075,2.04960848558492,0.0261111751219923,0.0516279145611839,-63.674078172703794,12.279639575319738,36.5901661851414,69.10932286557531,10.105972652349765,4,0.0180758926060178,0.1183406921879293,0.1517699970857781,-27.42481796189465,123.15458121999127,-60.68148792736986,-0.0016811686137385737,-0.1366621835699338,-0.10255537473802505,-0.5142529831017507,1.3998074771169542,0.0,18.94468034732029,37.78336439078066,-0.5914218204299164,190.24207678037467,1231816.1245044228,-36546.429831437024,0.5841168861609242,18.35614694545427,1.7805663986514468,-0.10480235319706352,6.698054346430092,0.0,2984.1213078061414,4722.58422487935,cliff
R0682,682,EASY,80.0,8.0,73.01865429665098,bowl,servo_slew_deg_s,+,29.631098122304138,2.816903230389584,2.0734077214751783,0.0156865088487149,0.2101540816033106,-66.32977912696053,5.445308710884387,31.696423595668165,87.53837497138984,12.629380500457296,2,0.0819055847518332,0.2276021734337996,0.0879886868225702,-12.385307005417472,1046.636827640395,146.67915162424308,-0.31704825489373545,-1.8242159150626767,-1.1146955881403282,-0.2963109812230414,0.9134777324730168,0.0,63.74301058204009,74.3526104167203,0.3708619103544799,-5868.621375595092,-899651.3287655137,-36345.08443735358,-0.4228565090308871,-4.208361879726521,-3.2427095317081047,-0.04735448945622899,-2.0122144978196768,0.0,-7677.999360324569,-14903.704830688748,bowl
R0683,683,FRAGILE,10.0,4.0,66.551915472623,bowl,servo_slew_deg_s,+,33.85833747320062,1.529202995770801,0.908600905500228,0.0383267849090444,0.1604376842397432,-59.18044110026418,13.417820291577089,49.89996510825384,106.3609615735246,14.248374680735116,2,0.0192594259308351,0.2252283495974143,0.4058269504711382,-24.672566915664802,473.22510050507225,152.01771390954826,-0.4020271694816304,0.1742515634083063,-0.6076122082281936,-0.33858337473200617,0.3035784894785138,0.875643765188272,28.985839217104516,67.61183235122033,-1.4295236411745131,12811.183172328252,685141.1268626271,22818.1733535451,0.5653406067049063,-1.123791866994371,320.3564980704259,0.17285571941607253,-12.86379714405635,233.50500405020588,-8832.91861877038,880.6984188033457,bowl
R0684,684,INFEASIBLE,10.0,4.0,93.41807010538797,bowl,servo_slew_deg_s,+,55.043295425254904,1.1126376275831538,1.4463752577622129,0.0210196796737449,0.1359253420936697,-39.64009011203066,5.472335174907943,30.35456451941402,56.06173779035748,11.339040201531429,4,0.0515786722974736,0.120750466341962,0.3955549844228918,-29.079595218435998,183.36850271389085,57.30149825058048,-0.5741380774528313,-5.291938039360912,-1.1435396165927685,-0.550432954252549,0.5115224063706445,0.0,58.42130041174927,54.69503718742268,-1.2256845234308074,-596.5073175216309,-1207742.5274225038,-2097.966927079856,-0.4463594816066436,8.251241817066884,-0.3822969779495611,-0.1509994845861236,-30.78099622678554,0.0,-17804.97861310483,5680.990283214181,bowl
R0685,685,EASY,10.0,4.0,63.22691107816207,bowl,servo_slew_deg_s,+,44.33116595681955,1.1224418383227708,1.71536260024066,0.0340009765932377,0.0840952275583322,-67.6991108908018,10.477491520719914,33.2998513292704,28.39690801235009,11.178799629215586,4,0.0490532523670069,0.0290803304453281,0.2170626775593038,10.365156203330885,98.86857497247054,75.17595098351885,-0.22933150738642005,-1.713210135778031,-0.5757418157608303,-0.44331165956819546,1.001755769539319,0.0,120.05079929913373,31.998792499815504,0.4547566546312578,329.1531771645052,126503.16426739373,14229.296359719849,0.2319603733803578,6.047867436595602,0.6455927864626159,0.15302582657996616,11.03048144082405,0.0,11876.240830690575,3686.6009891230556,bowl
R0686,686,FRAGILE,80.0,8.0,145.6133211703663,bowl,thrust,+,88.48094536990085,2.322740274602032,1.4836894196174226,0.0230554095686008,0.2169453393607656,-54.36402937288014,7.772990248441573,33.3721342892172,114.77515860763756,8.903216724357122,4,0.0961680556109513,0.2066185706955657,0.3989303936885716,-32.262413543913894,88.18601782812499,-39.11399270801953,-1.2728731511392861,-1.7155528225129095,-3.539237814796034,-0.48245121863404455,10.601901212110242,0.0,45.29445952574366,79.57580564129663,2.4654609237871368,1389.091308363235,394841.79675520904,20905.546977059454,0.8600107305918443,0.6824451522205728,3.8653495424401103,-0.08845735414110052,-4.957378596145771,0.0,-4121.686020395514,6411.270951524572,bowl
R0687,687,INFEASIBLE,10.0,4.0,70.72140746583598,bowl,servo_slew_deg_s,+,40.08827387432022,0.6316107738644191,1.1340761249608795,0.0142848035521787,0.0715177106655546,-51.70367417349486,12.965559558533156,44.36416563933346,64.52763150697238,12.226991559749342,1,0.0988802534448322,0.1427094586814357,0.3755451510504132,-23.520490594468598,-528.0346488274549,23.350365416251865,-0.12380555904726531,-0.015552729406711017,-0.21728058690562194,-0.40088273874320224,-0.2569972305724329,0.0,168.33671141946274,55.717311615486224,-2.279796041345101,-1084.60867364188,-2094741.357837119,-45140.50636825691,-0.9124646264271492,-14.8221892724905,-3.797833171798734,-0.13726583769422177,-27.82447747927372,0.0,-32641.678875523008,-20546.317365634488,bowl
R0688,688,FRAGILE,20.0,4.0,48.926969696476306,bowl,servo_slew_deg_s,+,35.09320137236028,0.78738914543779,1.430056132070248,0.0333458068427259,0.0708075525917235,-66.33577039466697,7.157065479443119,46.06141036978788,47.63377856753226,13.838359389166213,1,0.1047708296688329,0.0594400384525424,0.4435998352825213,-9.156746597703357,-142.92025883376158,76.68477077224313,-0.17534671288632753,-1.2621023977659613,-0.10368276606828175,-0.3509320137236028,0.39101191550406295,0.0,83.71491896129275,31.377734793547255,-0.3414186700654227,57.889984366535444,588613.2475533911,744.4392097959537,0.08970335941747765,2.148343820987665,0.173283299631114,0.09616087870951745,-1.216249723095855,0.0,5755.534512645279,47445.7895201833,bowl
R0689,689,FRAGILE,20.0,4.0,23.274119595383564,cliff,Cm_alpha,+,3.0481673628758266,1.4307535634608606,1.5342331518070922,0.0316187624950741,0.1347067519005052,-57.75224658582988,8.522249656127816,38.26909390879133,102.26437420751608,13.285352024628676,3,0.0228794323041633,0.166680393454366,0.0839351305330654,3.322891197457253,-16.59214596109906,0.570212928117808,-0.07620418407189566,0.04834038346425184,0.417963279911892,0.02698218487787596,2.740173315527175,30.76241281991396,-11.160618942134438,4.018250316133675,-0.11459690972409353,-309.950101750942,362780.65800330095,5014.011190890338,0.5665071866064202,0.009497589215444791,0.729947481125248,0.039288696304512385,9.894690381969076,8203.31008531039,-7.168058164393175,-4590.738515093975,plateau
R0690,690,EASY,20.0,4.0,100.64346078594492,bowl,wind_strength,+,36.03500893780059,1.8641528793176163,1.189268787651402,0.030116267379514,0.151085413773239,-68.03856551437163,7.895189154289568,39.35987213785258,53.89442430753075,8.948666415140686,4,0.011406558284482,0.0298071464027563,0.0592261866223384,45.121613302727525,1604.9962969796304,216.95785978968723,-0.32219914126987353,0.8184710068893731,-0.4119604489614872,0.07173650492805565,3.9962882986863084,-95.66119666671956,72.79834711639143,-90.08752234450148,-0.10864846419066687,731.7028189734813,651872.4652470995,32569.215234873536,-0.4542946214823287,14.608982488773236,-0.3531029332569494,0.043626862853056315,18.768574359272627,25509.65244445856,-3990.7366992016073,32401.07646470966,bowl
R0691,691,INFEASIBLE,10.0,4.0,278.8570431037324,cliff,servo_slew_deg_s,+,254.49716117324414,1.015185142138797,1.0505274999117196,0.0156351698106791,0.1814344426679332,-33.15013937744552,10.83420719278235,45.43400678358917,23.63324156189832,8.362162855764671,4,0.1222187758989243,0.1858869037039897,0.3150169566113078,-55.37483379779157,-172.951453620224,-33.45576923139892,-1.0800868138767665,-3.483843501632891,0.26554021508541725,-2.5449716117324415,8.9430999512304,0.0,163.26824394752478,12.857744107563363,0.5700494395236113,566.559486413116,-460849.21137070196,-15614.499374362695,0.23223797865785833,13.432954490882054,-1.3121925088647186,0.26433947612586506,29.548828250946308,0.0,12347.439329195846,-9864.215459904324,cliff
R0692,692,FRAGILE,45.0,8.0,142.65441717604804,bowl,servo_slew_deg_s,+,62.0324867032777,2.592541374624941,1.9775408763829367,0.0142247848761108,0.2087186417780873,-56.68050202672054,8.75244765847538,26.95254757258689,66.16646598801526,11.602990438723984,4,0.0403258608396238,0.1389126720542389,0.2075119977119553,0.45493638661244,916.5818907402316,160.47494953283075,-0.43964311156638614,-2.425288108481568,-1.829154826182031,-0.620324867032777,5.325917134207252,0.0,313.3794869775214,164.14746541989098,1.5817729777372715,149.3702696434535,6368895.978389864,12429.90575552795,0.33484893759360945,-5.7466030816201386,1.6031330370346928,0.2445833190826778,-9.278950361525661,0.0,29666.269690405596,23801.684276265725,bowl
R0693,693,EASY,10.0,4.0,149.96617100699603,bowl,max_gimbal_deg,+,55.216119642728415,2.2662041824073462,1.594247651476702,0.0203470141728301,0.1988847079943922,-57.58891146746013,8.004719465902362,33.06311799601293,100.6754412250433,10.424822391361989,4,0.1009614618991568,0.0547490162619706,0.2478175826953174,-34.09934143466199,3785.260652819189,-7.759663137250065,-0.39685702771615494,0.11878988909229554,-1.1033362142802894,0.38330398592499126,-7.8880170918183445,161.33032369122907,159.19254432754113,36.755499780571235,1.9018054442845167,969.0727047946076,824612.1344782443,27879.321964616523,0.9796689352262704,-13.201493936566417,0.6716048156093631,0.11061490713506085,30.741315200803452,-43021.41965099438,32737.147461559533,-1206.42856984718,bowl
R0694,694,EASY,10.0,4.0,23.566883537687087,bowl,Iyy,+,11.551832473701198,0.6064192681585799,1.897081255578818,0.029128241562249,0.1249490284740558,-30.047619917785184,9.597225933506904,49.61366326025731,117.41138600166244,10.61369146403033,3,0.0602232265466953,0.1700626315250287,0.1701439932058555,7.318563544633443,-385.06108245670663,7.814746188398795,-0.03950449059214664,0.9530145869709624,-0.12786195053615648,0.09156852324186823,0.8165201579336764,0.0,39.54917956775393,-16.168025731626443,0.44591983446263406,-227.2479995883658,-144505.75299425056,-10686.084296517076,34.5288665076303,-11.89853732961443,-16.064404566892538,-0.055851165170008446,-1.482054453688421,0.0,-7263.876149389214,481.8234074456531,plateau
R0695,695,FRAGILE,10.0,8.0,80.99005126830461,bowl,thrust,+,54.84826223512951,1.5896608108139128,1.0661986422874838,0.0194131086973312,0.1986347046715557,-49.25466144667077,13.10689789754753,49.02948775018399,90.56560793287797,9.53017120411678,1,0.0219863094088397,0.1813749440516357,0.110088826137408,-22.94110504347761,939.1069386321395,-87.66954021497267,0.30082481513158266,-0.4726555799047014,-2.1939304894051803,-0.1788938363189551,4.691839219368441,9.816081699040543,36.4399225100561,-16.824902419871346,2.0795048475004396,1049.9534418079752,2676660.969139414,59994.81110271327,-0.0918975724970097,-0.374737646657405,9.783665203710092,0.14821635170330252,-3.5811578514019,-2617.6217864108116,167.01037108937243,15979.19026315828,bowl
R0696,696,FRAGILE,80.0,8.0,84.79044517488256,bowl,servo_slew_deg_s,+,63.40979832898114,0.8902410956050526,1.3778362969384812,0.0143608369082491,0.120888026836354,-36.811826453574646,12.97376013294348,32.34352795447819,62.94775043000496,13.844178242019222,4,0.0737436564286468,0.065020016635792,0.3957057858719172,2.623614410014742,-368.7181781410325,144.73612141069674,-0.6465045768795976,-0.43767598850413464,-0.44134849156061834,-0.6340979832898114,2.352693360810313,118.80170188332619,79.94744420819524,50.257956775849344,1.2007896636454918,-469.8447333392095,-1117196.8968124958,1935.2743175458918,-0.035951643373087094,-11.916733226242943,-1.1513079648079576,0.005398085468963103,4.684186316658581,-31680.453835553624,-17052.498661668888,-7387.964107423022,bowl
R0697,697,EASY,10.0,4.0,104.34293066720687,bowl,latency_steps,+,9.24122720886566,0.8288425806718773,1.8761924085608384,0.0345450096977191,0.0664124235580084,-60.05987057001828,10.94993998114058,29.97675997513175,83.84203823334897,8.074896019375462,5,0.0803873739213536,0.2036490381376886,0.0545423693913478,27.34551168771853,806.2677077971962,116.24572068791485,-0.11350017705388438,1.6206179212573777,0.18382254605037893,0.1479520546336853,3.126443181010501,0.0,152.07703052237613,198.230855065581,-1.8482454417731318,-346.01128113282493,-783327.7935900069,1337.927385459016,0.11766917969742319,-17.74456318782499,-1.9221605658390972,-0.07750108471061395,120.60039532649999,0.0,-20423.11996399629,37080.98781032119,bowl
R0698,698,INFEASIBLE,10.0,4.0,1000.2615137149095,bowl,servo_slew_deg_s,+,587.7354609885006,2.582780360945717,0.939446343257702,0.0191254650666791,0.2298133949241264,-63.4585649616264,7.457492556033169,41.268394806857344,57.29817222038726,11.251798941546603,2,0.0769493413176129,0.0367425674946932,0.3048078506600932,-233.26618491553538,11533.121338243247,1174.9129733981108,-11.218229919551101,-26.32126744925558,-12.525163521382371,-5.877354609885006,8.257988195361309,0.0,817.3635228888468,86.0539790285361,4.143438806886749,8027.234275116289,5212727.034733699,-73955.81441082335,-2.649775373869816,-42.18099611645639,4.716389828003112,0.760128334560402,137.53297948325638,0.0,10272.221373998853,-22575.17424442404,bowl
R0699,699,EASY,10.0,4.0,25.230520009520273,bowl,mass,+,8.34449619241074,0.678097357612107,1.6622768394059453,0.0242540898866765,0.0602651432780384,-63.41409890918207,6.166274808991586,41.11320097128372,62.65763977714684,10.599842960433865,2,0.1039517684047069,0.2343805512348804,0.1321390896811063,-6.953746827008949,-125.03437217084782,24.925079093917606,0.057187402126053666,-0.19186041739566684,-0.11656069980588324,-0.0493532108027094,0.23951750912200595,29.83691159740181,69.69706498470056,31.673942831239614,0.04543949409379677,-31.6205730997857,-253053.6973732273,4928.231237816576,0.04622038782436122,-0.3580281029668032,-0.01955165840731155,0.06311604892667862,-6.981287242032062,-7956.509759307141,5415.327610237033,-562.2269496590133,plateau
R0700,700,EASY,10.0,4.0,76.61682079867097,bowl,wind_strength,+,42.856569025504044,1.987224985497112,1.7745706184800798,0.0272358515776194,0.2167218205740954,-47.614498448776345,5.769142176468104,34.90205414313788,100.66159478473286,11.094349530018318,1,0.0549054059673589,0.0922952823432631,0.2150680817377377,-7.652313697263343,-789.1375791278367,105.83000975364537,-0.15685319044548618,3.7549281993892025,-0.3079699744171219,0.35000771506632133,-0.713272077156751,0.0,-84.85091149139804,-107.1414225637601,4.272355554483842,-445.20682062296606,1363153.536241227,7291.548962606012,0.6879587504549696,34.265463074751416,1.0086776614230741,0.1553603466413927,23.600725246966913,0.0,52190.0610735976,13029.861044945252,bowl
R0701,701,FRAGILE,20.0,4.0,74.9904293615933,cliff,thrust,+,63.61841003707524,1.6735033973757507,1.7874962113873498,0.0261457636705098,0.2327352898380611,-38.99447662955709,11.60050689452266,38.06613936709388,65.73425261613646,13.199176640791295,4,0.0079148728791716,0.1973571349914732,0.390499945904583,2.032570011481544,-817.9294243326963,-8.0319322045255,0.0944739404920023,-1.2717677248801824,-2.54473640148301,-0.19282386005681484,-0.5835289638024785,-22.280787166247627,20.789794833200315,49.601997482013,-0.4732229463558344,1074.6512865218808,2792492.0617054114,150019.4374979944,1.4470099685187856,-3.2084804674908467,5.1811239813335215,0.06886104859938179,9.548487637996583,-5546.243407772365,8136.739422602884,13882.915181896666,cliff
R0702,702,FRAGILE,20.0,4.0,51.45869158743915,bowl,thrust,+,26.51515726083174,1.0124586601574384,1.3523630237778743,0.0232676404820194,0.092485198318869,-66.59425716349152,12.335426417694563,47.89881620134631,108.5555072038516,12.625287740784035,1,0.1160196455780237,0.232155038644243,0.178677768585299,20.047808119437047,-217.58680244256507,-43.54886120345747,-0.21263113752391805,0.5653945783224469,-1.0606062904332696,0.07388525510194591,3.6457415228786907,0.0,82.22034428606577,-11.484236638265067,-0.01147169967157069,-834.1187427995651,-347758.61167451064,-20200.22406736022,-0.9185209164403152,-10.891334276657348,-0.013832262505312656,-0.06359548320103685,-1.8960906854632436,0.0,-4438.321788114266,-5143.986015278354,bowl
R0703,703,FRAGILE,45.0,4.0,44.863526847445065,bowl,servo_slew_deg_s,+,29.129954862313635,1.5304537297995986,1.0386573189815629,0.0242112131969927,0.1183683269630603,-64.1077997314244,11.075269325190051,31.82099171515642,109.74934186972337,12.981519939225503,2,0.1494193398090298,0.1335910265585283,0.2517386613330143,-3.1628076424812956,-231.12682250751524,56.712326931644775,-0.18971244766423156,-0.14602549256062092,-0.17119968793761633,-0.29129954862313634,1.557851824382702,0.0,83.0020475404653,46.49697478257935,0.7515799219257886,362.79918051786825,50765.25519862755,7956.580946519364,-0.27156712899028124,3.0889095143977308,-0.6963660013020865,0.046502965772542953,-15.728619613276523,0.0,-4067.345331151684,-1075.0875424735054,bowl
R0704,704,FRAGILE,80.0,8.0,147.75236536041803,bowl,servo_slew_deg_s,+,90.35120365824751,1.788083534829689,1.5795795402237494,0.0279300347188464,0.1808437445925312,-51.63907237025899,6.546768977003435,35.306087666508006,48.973208916412176,12.792592263368954,3,0.1016222429915862,0.1088679320402478,0.2771066507834769,-22.549233340618265,305.88081232507466,240.4334017137877,-1.5166975488331293,-4.49641863212427,-1.5454984059864934,-0.9035120365824751,5.876084667760381,0.0,175.8503044828976,25.37295685454437,-0.7227655522898182,-310.2719462692348,1046027.4504584483,4131.661622701543,0.03215067094656554,-10.163097270674442,-1.2639830233557712,-0.008059688026516767,-5.53205665497951,0.0,8711.050743719174,6518.426203834179,bowl
R0705,705,FRAGILE,45.0,4.0,134.77549061175267,bowl,Cm_alpha,+,60.648611043489765,1.945150945660073,0.9428895845417176,0.0294801936600745,0.1705096829003504,-62.7363644940359,5.741352888966269,39.146372974480286,70.81684536326786,14.527039518558398,4,0.0456384221612738,0.2086133905265139,0.1001495230242374,-37.76283896611145,-1300.6978683663385,319.6646333075919,-1.516215276087244,-2.5219943696159546,-0.4435872156908715,-0.38459459298833265,1.2502185499265916,0.0,50.351611053353295,167.1505253785175,0.16347895867404016,2358.5520645879546,2969140.566351299,40695.74731003833,1.3003172225692503,2.7296814058417564,0.9835319119969631,0.06775829346692597,1.296406923355234,0.0,4928.601968452508,5365.212909967571,bowl
R0706,706,EASY,10.0,4.0,37.14906803031748,bowl,max_gimbal_deg,+,26.058950170577383,1.0930494600324714,1.1710807673036974,0.0395836119981222,0.1642236005567808,-35.22812285214006,13.087600657420309,36.26034006485338,76.3008565418418,8.644565052292052,2,0.0393298960148602,0.0182399753314624,0.2840660426890455,-5.31634161149258,-516.3156949308155,-4.395657191960019,0.0090124897331334,-0.5726157144330966,0.09578920181511474,0.10121104786342464,-3.7227071672253405,-41.63201216003548,19.874659185758805,-37.16876598672159,0.13268082798709613,-357.38404290608446,-4322784.389347633,-13411.10937324456,-0.35398346094845623,-5.852505072020229,-0.7215398151862277,0.04628285261812346,16.578091135847416,-11101.869909342795,-6744.75276126745,1339.502797369737,bowl
R0707,707,FRAGILE,20.0,4.0,65.80828784779615,bowl,servo_slew_deg_s,+,16.74066426354628,1.3999107372509574,1.7755834866313245,0.0309243610058341,0.205786163446371,-30.50772472880305,13.86654813491126,26.03230639461517,106.97664078808042,14.06777088817759,2,0.0063532186446585,0.0956610510792925,0.2668164494241132,13.985823591206875,1469.1399041159618,-71.30587557054773,0.6285924379221345,1.8609343342137181,-0.14229113023471576,-0.1674066426354628,-2.041544454643164,0.0,67.55953134145228,-36.05827410341861,-1.0583643370669247,-1814.3334503702756,-2892510.1757128197,-28131.0507033108,-10.76598168424204,-204.63855869041512,-3.5360577690320465,-0.05396941950831504,-63.34864673294089,0.0,-24885.885423671545,-13499.99462771544,bowl
R0708,708,EASY,10.0,4.0,63.187163900124496,bowl,Cm_alpha,+,31.241580211941535,1.2516950174417751,1.6832263502254206,0.0386040455996309,0.1793430060852352,-42.93544748664344,9.914005739425262,48.98523403857875,72.89941453327694,11.097898403446347,1,0.1178890486840681,0.0559156013115281,0.4141577506844863,-8.939406255645302,25.836686638837897,166.05446013341265,-0.7810395052985384,1.2169625570314027,-0.32942346005739215,0.15941081059913537,-2.5526965409673483,0.0,85.28012352514314,-60.321964494509906,-1.2459411101075801,-551.5600387963136,-2078860.1938309518,15867.261597268534,0.4424062964935156,-8.881606968893838,-2.7824356870931553,0.036123808907387235,-6.547121170189188,0.0,-21520.16794431949,-8316.950215987032,bowl
R0709,709,EASY,45.0,4.0,82.68114065228099,bowl,servo_slew_deg_s,+,45.268365584594825,1.7299331226105026,1.2658404760661042,0.0381521418093928,0.1305738896821063,-68.73353641351656,8.434862865941973,34.83796598739546,29.73650530388513,8.404840692458835,4,0.0218400793008814,0.0159230596232476,0.2745865804180036,-21.14001034525308,731.6650004543211,128.0721205673354,-0.32401020770476385,-3.9552053050984886,-0.6286460385671593,-0.4526836558459483,1.9512532100027418,0.0,76.944049841889,69.22877020652156,0.4064355264378432,-412.51447074612935,129425.49353067117,17357.41728143316,0.8130229621078944,-0.9223703282828862,-0.211928480489118,-0.01615142913655184,-8.63914627670369,0.0,-199.82338594536483,-2964.8043121645055,bowl
R0710,710,FRAGILE,10.0,4.0,46.454306804816916,bowl,Cm_alpha,+,20.29557674741092,0.7428343591435551,1.5880536845726323,0.0316534957460912,0.1066186595347504,-32.150960483031675,9.008745253571345,27.563332848792708,67.96716426831802,11.22255367259804,6,0.0294796486186029,0.0409269821659836,0.0929647756932127,-7.4903520695962555,-200.90190557265075,11.711598869544654,-0.507389418685273,-1.4137396106362135,1.2916426565164763,-0.09111249589669206,1.3116971058509757,0.0,56.81539065392864,-17.64459701824231,1.015824431971299,-1598.8242868570933,-1208557.5475800673,-23735.504994775798,-0.1250243095068142,-29.239850699444116,-1.4352755094735834,-0.18079699146573514,-11.252286013044342,0.0,-26018.195775879747,-14461.043604465593,bowl
R0711,711,FRAGILE,20.0,4.0,75.3364602514972,cliff,Cm_alpha,+,50.76365776191446,2.003599504826413,1.2763825010681815,0.0123408579199153,0.2380053939878033,-44.94718030603829,7.091478592718437,36.89929166748066,96.18159444238142,9.040113318886,3,0.0709669105977888,0.1998662388540786,0.2026539933762648,6.225244302365176,568.7554902678899,-0.7175584086624364,-1.2690914440478616,-0.9678659707348357,-0.395982421392732,-0.35158750815875645,0.6415814910710292,32.066634792859986,141.53821687182105,-17.007987324880343,-0.05126946510577124,-261.489803485203,1041892.0219015405,-1049344.5592009171,1.3541963376012132,15.76897392981564,-0.03517563969310004,-0.04699200294735867,2.3597434433628557,-8551.102611429338,21685.60362203835,1280.9159840136456,cliff
R0712,712,FRAGILE,45.0,8.0,87.00394009896681,bowl,Iyy,+,36.76191068593177,1.5027495080338993,1.48280310985611,0.0227016930138111,0.1493767941171528,-58.641022418032975,7.946664626828605,43.98023084489857,99.657317694495,9.398500424719725,5,0.0289990670224485,0.2274345552553962,0.3876752737094671,-17.278723499277724,-1225.3970228643923,167.44820179487746,-0.3935411687665842,-1.530860363702334,-0.15792697485448387,-0.09173472203954276,2.338428744281613,-5.769537874665196,214.48041386984835,78.48560140962289,0.8816788997729583,2031.4340245638366,3457232.7151693213,53755.06422631493,1.412590419286929,24.50871497270123,4.615664765906034,0.21558512424238502,68.64322877336488,-1538.5434332440534,42637.479342096405,24851.277414670967,bowl
R0713,713,FRAGILE,45.0,4.0,53.39715961885891,bowl,control_effectiveness,+,10.618800704235426,2.0559400734204765,1.959658096694191,0.0110373923780133,0.204542344036013,-58.218369336735975,7.386923063694407,43.4237159194127,50.61595308141675,9.705377048041264,5,0.0005362260756498,0.1523350468915197,0.0559514674539054,18.849384637704556,810.8579437516566,156.95935355725575,0.1897711031758167,-1.1798667449150473,0.4885855713567075,0.16556589479631773,-0.03502337924142756,0.0,-22.96014131854482,29.125648983787034,1.1407934947352483,2033.7469788367496,2079788.781757501,33650.95371173014,-0.08212811346336046,8.15354831900694,0.13219877627174356,0.2192478063791134,12.434391150521519,0.0,15731.786266893103,196569.74794837675,bowl
R0714,714,INFEASIBLE,10.0,4.0,197.863852215989,bowl,servo_slew_deg_s,+,121.18007900240897,1.5765483751314968,1.6383223262672897,0.0153065744521918,0.1451166722612505,-52.69581924426144,11.78521466297523,30.45325349751299,47.51107526537662,13.960225717610989,5,0.0412040096462454,0.147937903786967,0.344848254753904,-32.544279424488415,1850.712428010821,385.69154017829953,-0.9260036287646258,-2.759217401803089,-2.59761809620111,-1.2118007900240897,4.923378488003652,-92.85045084548595,115.5796901314638,185.1495411763227,-2.3070105406708095,110.78876330144895,-4177913.945301939,-31909.211147778875,0.16371348283144727,10.491067400984745,1.578305225475915,-0.04431199697312309,17.80854960831542,-24760.12022546292,2782.685579213871,-14917.680222343552,bowl
R0715,715,EASY,10.0,4.0,72.0353115477557,cliff,servo_slew_deg_s,+,38.9766412701058,1.1703477521421808,1.4583056910667038,0.0238301490273839,0.1960620160698754,-33.89812314994416,5.10648119353058,41.74166236192344,22.920765679728525,14.781106646805917,1,0.1424674983400433,0.0479954730027005,0.0542810616992251,0.34543544168269147,39.770887925425754,51.22691669045456,-0.20098128722850395,-0.7194261909703491,-0.1466588226624232,-0.38976641270105805,0.6697557871923037,0.0,109.7580799854153,129.14238487015658,0.02514888008247773,286.2364962876852,415685.7108158269,-3561.371410807788,-0.16476387203285436,-75.64093467986571,-0.009372687393589558,-0.0768037308117649,-14.717861801034694,0.0,-2037.1874074233158,155463.56216781956,cliff
R0716,716,INFEASIBLE,10.0,4.0,177.57066800343907,bowl,servo_slew_deg_s,+,97.0555371673936,1.3707305457926064,1.3024159319551067,0.0208909600494423,0.1955776024199902,-32.96672916159578,12.066136839839984,28.63829321900468,32.15498679714351,13.019945490834136,3,0.0461703246611879,0.0569740494915932,0.4096521588059776,-45.653445593786145,-516.2515893280613,295.37248075856485,-1.6032499628892811,-1.6554974958330946,-3.0511102001040458,-0.9705553716739359,6.3700152476449965,0.0,81.94220343126742,132.7526067650388,-0.20588064758738867,-523.1394052667948,-1236876.6871499661,45065.7780287205,0.88056514015293,18.80632251257978,1.5463894676957444,0.17485040051483908,-46.96553886617869,0.0,20739.550492986276,-6676.042773297747,bowl
R0717,717,EASY,10.0,4.0,38.00191036099284,bowl,servo_slew_deg_s,+,20.73865973909241,0.8710686003868033,1.0921284876779225,0.0243635872767053,0.1456538353712445,-35.125760941217635,12.082548841859126,44.65313671306731,90.9644238331887,11.509272100468046,3,0.0911186756983876,0.1201460504657879,0.1046707019421458,-1.589379633628291,-39.95284430592749,-47.97761332610757,0.0903059688843677,0.5313496740471505,-0.3533400687523304,-0.20738659739092408,1.4717351128275247,155.03795531813708,33.72736702913337,-23.035232724825033,0.08994436722537147,878.3157868650717,514149.3523445283,21394.27474952727,0.3612105162923065,19.72191267411016,1.5840204462917882,-0.004185483440819553,20.976732986813378,16641.536454878562,10561.399787088594,3283.638034192072,bowl
R0718,718,FRAGILE,45.0,4.0,89.38959916719836,bowl,servo_slew_deg_s,+,52.043464385583285,1.4395230421459804,1.3253378075108722,0.0399895266458645,0.1134629394828432,-57.42484031206334,9.258047822677204,26.51745062283653,57.90379042498048,12.83741263087154,5,0.0506162742375785,0.1672676994134662,0.3717887177108822,-23.39333546534484,-591.6375870546061,205.88775839779575,-0.540067811247575,-1.9820260152941662,-1.1740481877876328,-0.5204346438558328,2.4747226878427218,0.0,60.82365016968319,43.70622744227726,0.18654697050192315,984.5484785231023,10943597801.268995,23370.381979522914,0.07163199007684407,0.4988414764157239,0.76229492805331,0.0490096049259229,1.5015371854607182,0.0,285.1212734418363,7776.74540593555,bowl
R0719,719,FRAGILE,10.0,4.0,41.85969303457131,cliff,wind_strength,+,20.604949258070192,1.3228994017219509,1.3804288838981278,0.0201828500234907,0.1181369935152727,-63.52421959687391,12.657979276495022,41.65414478511384,54.98365583169644,11.116869327510845,1,0.0144938390317017,0.0393120127718015,0.3890314716326833,-2.2131900206656803,593.1522393328285,148.1891720675696,-0.08054429882679495,-0.6697070258807625,0.1107645520840311,0.015221920491443618,-0.9538619493399733,20.439376825545295,15.43614025363048,-51.512373145175474,-0.27899628475670113,360.1457050595325,43776.306101817165,55511.64774054659,0.0836495158180565,-6.774134022263006,-1.5994694333742216,-0.08358161299753043,-19.45593293319163,5450.500486812081,24281.741190818328,-2960.576178491342,cliff
R0720,720,EASY,10.0,4.0,27.86033172512654,bowl,wind_strength,+,10.066824902711794,1.1002099985048024,1.253588860679824,0.0257283833665492,0.1707485567760795,-37.15056593296532,5.299960877592014,43.02839366513982,95.24101551291412,13.78387396758102,3,0.0687009521292713,0.023638108884236,0.2863285119617993,2.5361409263004617,-22.226613983688615,36.19546168683458,0.13115673771316938,1.581634841201,0.6077672156548031,-0.04498965120925451,0.79201067216674,0.0,40.15070872629808,-25.16706225677948,0.5087686349153564,-15.841648761976106,-602657.5647982507,3540.2269220769726,-0.2057352311580537,-0.42248077485764185,0.28205999457910336,-0.03576147502614736,-1.9355862254615424,0.0,8777.004356967269,3915.8540810200857,plateau
R0721,721,INFEASIBLE,10.0,4.0,141.34323933896985,bowl,servo_slew_deg_s,+,69.14548300051337,2.228745869738595,1.2777154164167284,0.0329252597016427,0.2133237668123632,-60.67731311627191,5.365089338937765,43.6587627933139,77.77626825679647,8.354388161174349,6,0.0860443920541434,0.1326411829045148,0.3783504091398322,-5.3374176542609035,2241.097315932519,66.27722562294055,-0.7782040789264393,-4.334290902661335,-0.1987531091627801,-0.6914548300051336,6.0131652735549945,215.61521669535344,163.15234055290796,147.11928753210086,-2.1709289074858944,-4290.422615762897,-3154273.990856591,-78241.59094504658,-0.47443114896182337,-7.336586902979746,-1.7906047036513564,-0.13173975731967175,-91.17094131794761,57497.39111876098,-84899.00897454363,-30646.861272814713,bowl
R0722,722,FRAGILE,10.0,4.0,75.2338285346831,bowl,thrust,+,46.53122764445747,1.7880999835930649,1.4090203273650572,0.0276220081608078,0.1711093633525998,-50.44026573566022,12.986099078033323,30.15643792003462,92.6196810743221,10.739183696429848,5,0.0635901723032182,0.2235433066340957,0.4350254408753365,-18.611368286199927,-428.23816029422113,-101.84035049505775,-0.060231778294008276,2.8287405075805125,-1.861249105778299,-0.12074705122759086,-1.3506177972898152,-67.2709593545305,-15.431173778381847,93.88957035462285,0.05000060724562072,2673.020433844651,2633603.0158757535,42249.31823616891,1.2551021601125183,17.00870006743867,7.706133214583471,0.020886437977286006,29.431088640819826,17938.922494541475,15209.903140046545,30117.060843159128,bowl
R0723,723,FRAGILE,20.0,4.0,42.46083904728697,bowl,servo_slew_deg_s,+,24.586587325904468,1.242369268019852,1.528924101159011,0.0363085862337,0.1499238537320858,-46.92296046990664,10.253022794708446,41.50230724166495,51.49441764047593,12.53046067884633,5,0.1429772143313761,0.1418484722001028,0.3277570093313331,-12.70510309954992,-260.4382412733821,92.77313846148907,-0.03585148122656401,-1.8084670215601435,-0.1208455260400676,-0.2458658732590447,1.860745028365996,0.0,41.43702508801393,-6.887395952813063,0.13799965838885253,-481.26198611097647,-907996.1218496137,8133.084697895615,0.2162058179029107,3.6474988040073937,1.2084608894658835,0.03224856425178558,0.48927042451991337,0.0,11344.03957950856,-6196.290219895475,bowl
R0724,724,FRAGILE,10.0,4.0,69.93053344876232,bowl,Iyy,+,44.263462072077786,1.400335825723504,0.9612225648399826,0.0398081931613081,0.1687039673618733,-39.3231240524031,9.38648171988283,29.0498287104692,79.68526027645336,12.218284486463109,4,0.0651090711548826,0.1102539394909203,0.1149144838849881,2.0708373007462626,-1475.4487357359262,72.68930279885481,-0.5762851865624962,-2.806166975719386,1.033592715611105,0.05987411352775105,1.2444888083912073,-138.05935863669373,6.495080709357881,45.64561261304798,0.5730098542685242,1069.050051570651,190648540.96104637,56355.05147049829,0.5031987638407592,20.083343190448247,2.6229089038482956,0.19839213210744305,28.024002821049432,70317.8605631412,45562.27318157317,8774.985625125513,bowl
R0725,725,INFEASIBLE,10.0,4.0,232.73576595487086,bowl,servo_slew_deg_s,+,120.5939731630447,1.710799426310307,1.3709680705216791,0.0268043696609087,0.1464156681443648,-58.81088777108094,9.627414281710765,32.79093067823525,41.93394806078665,8.347143382337705,4,0.1355801867965938,0.1620488947609296,0.3699623728156065,-53.10705367301591,1241.6491549689433,538.642643013589,-1.7756216280394703,-8.975685762445252,-1.6788108822508208,-1.205939731630447,9.165016145176619,0.1348387225580911,239.58596286071477,97.9046894446995,1.9921018519438043,-662.8546184616218,-458865.1268725172,-40253.384522995075,-0.861930414289187,-2.6131013528226816,-4.488229712117609,0.13342228155009933,-16.90010699095035,-35.9569926821576,-25526.513609948008,-18773.03351495038,bowl
R0726,726,INFEASIBLE,10.0,4.0,118.43875418294768,bowl,Cm_alpha,+,36.06980691003937,1.8250886692453787,1.757723692179326,0.0322862622863134,0.1569649988986979,-63.04478903604283,10.036415518370326,38.053749380433686,26.73928101673989,14.62060661712604,2,0.0054562276227465,0.1698502495669714,0.1326229149004236,-17.290112439406006,-500.6641747418435,383.33818458041446,-0.9017451727509842,-0.12778220262193152,-0.9698804261855187,-0.16728814894121163,0.32844346274085756,-1.7673114912676176,22.528251189170426,181.771285916001,0.03406910403318797,202.91143366000009,128411.30892642123,14096.829845113536,0.1502054732735436,-0.07209334312066157,0.3543231586926254,-0.011048729926567517,-0.2717008957225297,-2076.2853979519646,-614.0892832840781,-58.456579309993344,bowl
R0727,727,INFEASIBLE,10.0,4.0,148.75808270278833,bowl,Cm_alpha,+,80.27321808171081,1.6463890042361262,1.7622130198836357,0.0394571081422671,0.2181660094181857,-41.1342249290994,6.116037250883465,38.45716414768644,29.539054741227478,12.281435507641492,3,0.0365633797413817,0.0588066761736099,0.3700830991496881,-26.96133238277196,-478.6216885099311,335.25556211352864,-2.00683045204277,-3.0477094695101106,-1.347995605706521,-0.738927025626652,2.0481674854316747,-7.682813900979587,155.51908325682953,73.72649261833104,-0.21299469337061794,185.62040900835368,339904.06444883836,-4062.2092492795327,-0.012239657506025736,2.6314985587774737,-0.7246334583642647,-0.02940949170028891,-3.344862938542598,-2048.7503735945565,-10509.213131568109,971.2804638850497,bowl
R0728,728,FRAGILE,45.0,4.0,55.49761065472691,bowl,Iyy,+,25.307962410399913,1.8939094265778975,1.99149323606033,0.0205768659280936,0.1446682932043574,-64.97864048953382,11.89155601894813,31.88826587127817,88.81472050858216,12.56440246694214,5,0.1449399438232141,0.1371326692549841,0.3745753263418194,-14.277426409771246,-843.5987470133305,44.35252970438151,-0.01478619345513188,-2.3696936948424745,0.39324293844370417,-0.15435188650683643,3.0828608386852077,0.0,0.37798518417893934,71.2156352607854,0.2765311083887312,-326.6754578363896,41917.35867878611,-14563.627162891697,0.07261316179512267,-5.662549865242889,1.4294163990020798,0.07221740279424765,-4.042144020488524,0.0,6325.98831898969,-4986.995992371699,bowl
R0729,729,EASY,10.0,4.0,89.18574250432974,bowl,thrust,+,41.440268852616384,1.3256978023202108,1.3334625252753605,0.0332916209687667,0.2397025065226465,-33.054651221080256,12.417436214521173,46.23624893039364,68.98581983266112,14.680773902890484,3,0.0055748146652846,0.0429804028272484,0.158381135571377,-11.891472658182337,-1213.3459402997346,-93.31797871319046,0.43783575932765695,-0.09826989034119842,-1.6576107541046554,0.04798300124793622,-5.829757823104722,0.0,164.89459955388924,64.45075630681848,1.841247852279877,-703.5388098741132,2185209.5447665853,12587518.030579107,0.024540068354252265,11.127058352713512,2.321630242164188,0.04464304748497831,18.28649149883193,0.0,62289.22605545315,15085.795866862874,bowl
R0730,730,EASY,10.0,4.0,60.34620175003822,bowl,servo_slew_deg_s,+,26.043169376424625,1.2070147887076097,1.9722212562861383,0.0354113655180857,0.0867128842799567,-66.7137971518131,11.826582304088276,29.73272808559119,96.32189218026028,14.60777815040237,3,0.1472292397851272,0.0613765552068963,0.2936023222628501,24.221566480281755,874.44483321858,-81.6668023448944,-0.2505600215851691,0.9961077777354134,0.8790978851595593,-0.26043169376424624,0.8686924035556528,-0.5464100199746357,-84.75777243793276,-9.294376607145852,-0.8982548340733576,-376.7846592135005,-469582.74126516544,-45223.54152655325,-0.9162283519550829,-23.837055073353152,-2.781029066862516,-0.2149775798764934,-53.15895385449673,731.0100687756415,-11037.879985346459,-16944.73756892733,bowl
R0731,731,EASY,10.0,4.0,45.980610257996396,bowl,servo_slew_deg_s,+,17.810971482783895,1.069439499464423,1.3574044606890734,0.0152724596139275,0.1829550134744955,-32.022184021531544,9.6470109115765,38.84538619287805,73.93350622892014,8.22759034927247,2,0.060740116603567,0.1291452285470367,0.3550104997593235,-3.3249769461400427,221.5942420904555,13.794471995037126,0.14522388719379764,2.8425933097879583,-0.5161537730633163,-0.17810971482783894,0.25652163458173777,6.9512907470596055,53.03412953002587,65.87868289971196,0.8609948065323971,467.23615941475884,-313012.10502777895,50366.06340598334,0.5115564822934853,14.534197192800743,2.8750855417729735,0.19269474909222184,-23.911661107249046,1853.6775325492308,5311.880050279555,591.8283998182317,bowl
R0732,732,EASY,10.0,4.0,70.13905251205941,bowl,control_effectiveness,+,31.18300674716003,0.8781516066586244,1.7253207650872515,0.0315311882720416,0.1478873727070523,-33.50598725338984,6.991637283793814,41.21253999088293,73.17780308642149,12.44944887616398,5,0.0894803622621576,0.0291753589847663,0.1192492652370025,17.74552877822559,-340.24053728343904,71.24842867329795,-0.6085145543651186,-3.4647785274622254,1.2616026245656338,-0.26158285024705175,-2.4618042801897793,0.0,-65.34344870290545,-46.843157835041325,-0.8475508900507258,-1111.143860025485,-1351154.1996519882,-29204.32491302657,-0.509879290521678,-6.024718349478612,-2.1030624207160953,-0.053793979814317015,-24.105268468135623,0.0,-9134.452246869738,-8246.895029022915,bowl
R0733,733,FRAGILE,20.0,4.0,109.82390881984566,bowl,wind_strength,+,73.35312999156588,2.1477040419544497,1.4382733648713963,0.0291692221763943,0.2162306576761869,-49.388642143567424,12.48253678922409,32.00377429447029,56.42621909181271,10.929178758740186,4,0.1374069574676234,0.0132167727594022,0.1178024572251693,7.61025115225722,202.5404135584474,225.45053228505745,-0.664808745724129,-3.9602233867988783,-0.5390292199368627,-0.4219498159403539,1.0480205071236028,0.0,-92.41952312453122,-183.3828249789147,1.7909653839127078,-497.3369732199754,-1161614.3138740852,-12649.042753046564,-0.14601779742630727,-14.226627915219645,-3.6106567549999484,-0.011468782639212804,-17.69471109834302,0.0,1494.533217455137,-5624.790924721352,bowl
R0734,734,INFEASIBLE,10.0,4.0,599.3066919931038,bowl,servo_slew_deg_s,+,341.2062669628042,1.6270903088920166,1.1425225749147416,0.0106599934713007,0.2121440576403273,-45.64696157443725,5.591167461785091,45.84833113477143,20.57268212200649,14.432927108969537,3,0.1461812704422278,0.0085367410169766,0.2824038251720659,-136.87484304861522,-4032.913195944632,1146.2628469298213,-5.585566794635238,-15.490035604977262,-4.862685866104181,-3.412062669628042,5.577842890637151,0.0,653.2818970088398,475.9498587557814,0.6444169813039338,-1878.5588913561535,-17997869.032687984,-52579.59347195244,-0.9785781034072549,-28.153433101039386,-3.9773031984819225,-64.62109326780188,-32.478164303832834,0.0,-22620.841330669984,-13892.792351684104,bowl
R0735,735,EASY,10.0,4.0,62.810708722809316,cliff,servo_slew_deg_s,+,28.697668857106024,1.0040124355646585,1.6520905316040706,0.0355029892681054,0.1696961638528544,-31.76640721476004,10.853101985333469,37.31327942440594,58.67092964729154,9.911506107405398,2,0.1034009409168051,0.0415050419213747,0.4163679064095694,-20.554859435427456,33.4758432943814,56.92878531332459,-0.15947073629467926,0.1860818890178916,-0.3242612808756483,-0.28697668857106023,3.0294888523674888,-5.6642202011653655,169.54448459037837,12.8340658415664,0.16179463652256487,-614.6402804890026,188295.5590284105,-12167.037546929369,-0.2683465796053479,-6.485752990626421,-0.3089451289312956,-0.06658673106851136,-5.439545993334152,-1510.4587203107628,-10947.812608871718,-3640.482143433261,cliff
R0736,736,EASY,10.0,4.0,61.38218829924366,bowl,control_effectiveness,+,25.420474415757663,1.0878593821283278,1.4046158099900796,0.0274899986258528,0.0835599912817993,-63.09126015126048,9.20840197173007,30.398419889152933,45.68988836463448,14.061084792129376,4,0.0203812075191024,0.0164449601079096,0.0778147927062693,-16.265744363346148,-267.17344666881286,83.08536088936214,-0.3621912029749235,-2.824497157306407,-0.6416051554035862,0.39964340635930135,1.244325893332241,0.0,-61.11007149424791,-12.89791586598398,-0.2609883945013903,339.0814141219198,-160015.95414889342,10069.485343133003,0.34442478327068743,18.40418652233347,0.9653405596075768,0.1154139828263683,31.484331590270138,0.0,12330.496781215408,1534.6859074155416,bowl
R0737,737,EASY,10.0,4.0,52.07734528185256,bowl,servo_slew_deg_s,+,32.47372294438833,1.1527849417846514,1.739909803042992,0.01861079997562,0.1621016483812573,-42.06938698105008,9.180139123962318,45.29726670834119,109.31881788219832,10.848449119137364,4,0.0782328254438355,0.1153859659861406,0.2721336405103486,-7.592082917115425,2.0565743495026805,-36.948823004998324,-0.0008540647794939016,0.3333007449916354,-0.6084293281210655,-0.3247372294438833,-1.5536601517135298,0.0,136.11857880578808,-4.49438345184929,-0.4482584254362676,-473.89103241534275,-698741.6118875261,3358.4995456337047,-0.3116722449363871,-5.650525403219791,0.9200631184176359,0.023344459236187092,-8.341811999743832,0.0,-9314.187957551263,-627.3655352583851,bowl
R0738,738,EASY,10.0,4.0,42.90446819938718,bowl,wind_strength,+,25.14376680190656,0.7513047556629204,0.9572212091918736,0.0198850776574631,0.0675317747578302,-52.88638257803568,5.616520090644887,29.250489114559723,114.55075334933596,12.193292003967926,5,0.0251753153004179,0.2405110201946134,0.0996052548738193,8.711436243804307,-615.6415911305014,38.87521486526776,-0.041790599901408765,0.27503012210348454,-0.17648759796803476,0.18772750540692176,-2.347373635000761,0.0,27.4041689074293,-62.85941700476639,0.5890160875593398,292.49274091830665,16412.61428761193,-10935.908452765289,-0.12903700334910084,10.753069024600594,-0.978230062374588,0.018396330993709284,6.242067030207725,0.0,-13638.42651244773,6025.900105060901,bowl
R0739,739,EASY,10.0,8.0,95.0923459759035,bowl,backlash,+,37.47418122292307,0.4485381508400598,1.6911178950373325,0.0389010812907886,0.0642911307261494,-43.24022943103003,10.105895586107694,49.72109538479809,105.5955644020584,8.43985689644201,5,0.1481908776143534,0.0045645142327024,0.1235312619619972,15.629723771923,-786.4409197267521,114.08558909207055,-0.10390887090285927,2.481503921648205,2.92096456630844,-0.13299620991782818,0.26959607477938696,0.0,-149.8967248916923,-33.55769079135357,0.30407048380126334,689.4724446957176,-628395.019837525,9609.601825585738,0.026275331921684852,1.677373198250072,37.472326515303074,0.08356907336673451,-19.604751571219914,0.0,60180.10298798733,-6981.217427905445,bowl
R0740,740,FRAGILE,80.0,4.0,154.66915978507268,bowl,servo_slew_deg_s,+,80.63439973458897,1.9244070890646403,1.1275964798576967,0.0297087911833572,0.2314084243388394,-38.6958251594113,8.31487793613001,28.02554169120636,36.74811180492034,10.553224976000555,6,0.0312886982285403,0.2422558340253403,0.0855030718186293,-12.74287700380206,0.6379732921472456,244.0309173024311,-1.5548192366871225,-2.062738517313024,-1.6689998574505502,-0.8063439973458897,2.6431076913852434,0.0,55.14690913059168,228.01890532538854,0.22358428556051102,141.6631906509427,439774.6868964766,16879.299055557214,0.5171903655640424,0.5318663512815857,1.1771684337468866,0.03318237104508185,0.7194263859715153,0.0,-4782.112796798676,-414.48788480590065,bowl
R0741,741,INFEASIBLE,10.0,4.0,151.54089928239694,bowl,thrust,+,66.77250980741076,1.4961871953018182,1.3472780958190222,0.0291015664169665,0.1365609464667969,-49.43415584704776,10.688752236052276,26.35097996585061,65.49601837079376,13.141508687964356,3,0.1029954924305629,0.2323367522352155,0.2954312040400628,-3.6966553290872253,-1020.5188371798727,332.621577114642,-1.5776790621009615,-2.2015529860623824,-2.67090039229643,-0.6007918544032365,3.556229972173864,0.0,115.29993041415186,151.83076832123697,0.4524102826673726,-644.7460982416665,59253.25861148018,-33838.6449598032,0.6656661208851613,-6.953711957624861,1.7900381024921261,-0.046884795304763714,-6.800661701202212,0.0,-10840.85817989806,1019.8357544214501,bowl
R0742,742,EASY,10.0,4.0,46.75598668143721,cliff,Cm_alpha,+,9.76377364923719,0.9169296274767168,1.5772480131118316,0.0388438817906821,0.1089344007574177,-49.03732502757357,10.09070831787324,43.93119188184422,114.97338028003858,9.871478933986102,4,0.138512316200026,0.0433783554969134,0.2168851740988361,3.5356769863485464,-193.15166507214136,110.58955393897959,-0.24409434123092977,2.6676482105719326,-0.08661623624003027,0.03349785403431129,4.22305821463632,-2.3792782517749207,-13.712819259792786,21.201392570734843,-0.38136836344132563,357.8893809387395,54120.72792666083,-7966.824065800439,-0.04398110954397483,9.985156282957965,0.32193930244605895,0.01603720377841068,7.845948087909981,634.4742004733116,5106.7369109097335,1602.2642245505797,cliff
R0743,743,EASY,10.0,4.0,57.98100930684102,bowl,thrust,+,17.285575401432567,1.203215585617145,1.194052356460519,0.0353940269321801,0.1742655299244249,-34.26045084371449,5.139178352223473,31.87011197243941,64.30262204436487,12.867912460411148,2,0.1365742991875523,0.0572018115976833,0.1595786854623995,-6.856797513617164,-321.7542866423416,48.34195177351424,-0.3793158339770393,0.4381982900936163,-0.6914230160573027,-0.03507777691645515,1.97143485500899,0.07001600828721397,158.1990650048902,70.53193714610659,0.033675106969170976,410.4043175423808,-390230.8230780915,5273.052088367044,0.002105221151623704,27.41885222871724,-0.6234608847425841,0.0008199871952729155,13.175736334279632,18.67093554325704,-28903.37163889955,-7174.589029093509,bowl
R0744,744,EASY,45.0,4.0,37.40834647911304,cliff,servo_slew_deg_s,+,30.020248698495834,1.60629001304531,1.4704646527015828,0.0248195135941557,0.1391887456303153,-68.69157890234221,12.459422907586896,45.859432753186816,32.416083671515885,13.901323812867918,2,0.0149412751865567,0.1806773476088103,0.0563457308574794,1.6387880311810177,93.41724287209236,53.994359871619,0.025223593921825844,-0.5722001014435967,0.04507054588329602,-0.3002024869849583,1.0732085727187697,-28.93646016036845,55.946188362220916,20.934984783839045,0.21137694047931221,-235.2201488063132,-170100.43221381714,-15274.332315791587,-0.9413642793159901,-1.4739339654253738,-0.6472508247943682,-0.013683543849384562,-0.2974004929099924,-8521.533046226217,-3464.699455864428,-14271.679924350274,cliff
R0745,745,EASY,10.0,4.0,52.42929802361515,bowl,wind_strength,+,18.12483057741097,1.1873943497687598,1.3516200028695573,0.0115662350037618,0.1245649141289032,-46.209375120473055,5.853939872496386,30.417467898531413,109.18253917026593,10.776908752607358,2,0.1262477738481288,0.0644922371717212,0.0983554636790028,7.639115945395584,-416.719608358555,20.243154315744427,0.05865863229628521,3.1802001266585957,0.17845281277510808,0.0020941812945398652,0.6204629092006637,151.47142941051132,111.98951680466823,-45.31207644352743,-0.042728257731231345,-47.26467262797664,323909.59936892055,-36464.40608570604,-0.5522958880145621,-4.827103974797411,-0.4462326780563558,-0.1598631611601739,-24.097671619488214,-40392.38117613631,-7882.5888259780795,1348.9477555871815,bowl
R0746,746,FRAGILE,20.0,4.0,60.04867948163275,cliff,servo_slew_deg_s,+,52.79598071960345,0.6596714103869779,1.1218616746611283,0.0281220703619291,0.057655174535959,-63.7255005999644,9.13410555099625,40.15217966550701,35.328892346239805,13.998280818041078,4,0.0698552631972579,0.120980182081149,0.2378329510533556,-16.236190229347777,316.4174818286793,22.79599079080086,-0.018882698002374222,-0.8833134806027503,0.13254133608749755,-0.5279598071960345,0.4123194979991703,0.0,48.1580302006835,24.98753260936304,-0.28248474560655623,397.2251288314276,185064.97211601716,-13021.591873258536,0.04463961470568188,-3.81739474659015,-0.45165328844279656,0.017446055794423786,3.8421816252570586,0.0,-6179.2337465083765,-101.52681780319898,cliff
R0747,747,FRAGILE,10.0,4.0,50.891293299360605,bowl,servo_slew_deg_s,+,20.96067662108119,0.5081708874860325,1.5506703485277304,0.0117007562693314,0.0562542097097154,-50.84573835034173,6.09745125928274,41.0072803113155,47.999796726632894,11.922225570093246,3,0.1254530957948015,0.1433945106477635,0.2888142045929964,-8.834497182251784,305.7718995599253,196.67376804692609,-0.011785271814823695,-1.626511481720647,-0.20569817388220243,-0.20960676621081192,1.7794133680901902,0.0,-12.543066430617944,2.3404311026621083,0.6042526486517632,57.40361497029194,667374.5710846413,20805.38313834986,-0.5096147664714588,-0.47593395663642046,-1.3654058889541931,-0.05193962176112365,-9.370119250642063,0.0,-9546.331098305047,-1623.9287599806767,bowl
R0748,748,INFEASIBLE,10.0,4.0,89.55695481546033,bowl,Iyy,+,58.37983057322327,0.7029239566321618,1.259631344855845,0.011695814741204,0.060915752968792,-69.07731220078357,10.85815304143694,46.38470111166065,45.92783633381913,10.290223944000513,4,0.0599929328872284,0.2001462252030066,0.3316406080223184,-5.028548593624496,-1945.9943524407759,142.43498382167112,0.8869579630780815,1.4006207862475253,-0.05337338088767751,-0.16448521818213208,-0.27566110283165685,0.0,125.0625774802636,82.65561345238314,0.551464682210554,-25.45060115671715,-248991.74979224717,-10631.871812839323,-0.4594651185780449,-7.405202669739503,-1.3190215828736336,-0.11471796908995856,-10.539977761361975,0.0,24616.28453033359,-1942.1216980441045,bowl
R0749,749,EASY,10.0,4.0,81.11740731192194,bowl,servo_slew_deg_s,+,51.51841341829028,1.7082846381630532,1.4079683498192852,0.0184770284438669,0.1857138552092667,-46.05417033548228,9.961006303929413,32.446467624245486,103.44677580155113,8.001011617864016,5,0.0636564274046111,0.2388997962392021,0.0553410794207278,-13.289835854705167,10.35661466540371,52.715432888427124,0.30860796956996683,2.397370146077506,1.0885794532916955,-0.5151841341829028,6.134906654454651,-26.74180985227828,-68.20740685025271,-17.79744080900364,0.5364449637433308,65.85289517354265,-1219864.1442949802,-1312.8633507162733,0.17507170841637443,3.312523028113327,0.3065441932103238,0.05094326603623244,2109214.6233759522,-7131.149293940885,7539.914081438891,21682.028669991505,bowl
R0750,750,INFEASIBLE,10.0,4.0,92.18861350216083,bowl,servo_slew_deg_s,+,49.99678200597767,1.4248320927373566,1.7489681027915631,0.028640335585118,0.2235196584080827,-35.77268409875621,11.643939964302998,40.76322019235626,34.46431710829027,11.016221867979471,3,0.1486919887952887,0.2093806301873163,0.2494525738652803,-15.659066406778418,-135.6151381993495,187.52886193523466,-1.028483223462536,-0.9816792318432945,-1.1025400145541255,-0.4999678200597767,1.7536272014213967,0.0,18.12380252500189,97.50849075676662,0.06046225295468233,-1.1435730939337811,-757480.5526726262,-8341.699663015539,0.18020394940850348,3.249030310059999,-0.5368712780594387,0.060567591771821444,2.64966076260062,0.0,-1506.686515132239,-1420.7450435234455,bowl
R0751,751,EASY,10.0,4.0,32.367445932383596,cliff,max_gimbal_deg,+,22.194017214272588,1.0450948308896464,1.819126341268018,0.0294188485754878,0.1279185059876166,-40.40099057377854,12.6124333985505,31.651969724563763,56.8234755314612,10.493471118616853,3,0.0558709706767212,0.0165731788751779,0.351771949354338,2.706146387541495,415.85875301076317,-16.95198906786892,0.22530364048015816,0.2699354512632165,0.10986003756831604,-0.012109338714431627,-3.170573887753227,-105.53685106280162,18.695805868023054,-7.420560813041742,0.9832593522289694,112.06301075394349,-664901.7526797755,-9888.682377299257,-0.16927801410248555,-9.930717970867702,-0.8344205923412321,-0.03462735578465187,6.9023417565846685,-25290.549867791047,927.8138771559069,-7620.091967317016,plateau
R0752,752,EASY,10.0,4.0,52.78207852462813,bowl,max_gimbal_deg,+,36.27187004705113,0.3717513947507491,1.4921102690121453,0.0364425192474849,0.0526709639117192,-39.62815138332199,6.630120236959386,40.8043348852657,111.10740746865004,14.913572205930423,4,0.0772508962418866,0.0123107042979677,0.131504832853219,11.205683269063586,266.42938715293866,8.013980390668653,-0.03941162966251577,-0.223485200562343,1.0742067819837322,-0.12152125151133326,-5.181695721007304,85.60056539176814,42.33194481455113,21.028951448100074,1.0336815760572935,-474.52920574656184,-745163.0967063505,-10685.647281447556,0.030998585177983262,2.233296638410056,-0.3217007753172092,0.10400297280095572,-172.4887534958491,-22826.81743780486,6129.8584178162855,5603.640858437934,bowl
R0753,753,EASY,10.0,4.0,27.117674252019057,bowl,thrust,+,15.815858223007515,0.9469191088023674,1.8242771700842249,0.0204618997776345,0.1388731782413005,-35.9275660734626,7.729825830836322,35.9358514160479,69.05529438201026,9.132147253809643,1,0.0538890609730997,0.0234453262682017,0.2702370490265628,2.4873907584366526,476.6947325537295,30.262984220384375,-0.05455997954402042,0.8987609619144221,-0.6326343289203006,0.026209980292362278,-0.3606523491534954,10.977119911956853,-26.536395114913084,25.618788926755176,-0.2708947509528181,-108.7737761097592,219279.53942084117,9412.320693361213,-0.03058890913586565,-1.142408772312911,1.3444824708477672,0.015236509474403342,-5.88438026887003,-4252.736312207096,20000.245732587184,4867.529659062037,plateau
R0754,754,FRAGILE,20.0,4.0,165.81334406025655,bowl,servo_slew_deg_s,+,100.8580734861456,2.6682979016947423,0.9730993548169375,0.025010983230777,0.2222732526174949,-60.53481356678759,13.80416800150664,32.913764368174135,74.7195969757991,11.076457224424823,3,0.1181168090457794,0.2230698315130589,0.1538637727830334,-20.17678380222669,260.9524856802243,82.80043039443454,-0.44864062926936477,-7.730545727380731,-2.097178303462446,-1.008580734861456,8.095393764993736,0.0,31.398352975186555,180.54692692537137,1.2876179634402476,-1843.1338457676516,-1298364.2729419302,-17751.525065640784,3.1268160802425173,72.79444238337975,-5.394692197929712,0.13952411160196035,40.39502259029289,0.0,-12060.00068317228,8836.982649276899,bowl
R0755,755,EASY,45.0,4.0,41.892439198361146,bowl,servo_slew_deg_s,+,29.40738812851552,0.594972408246666,1.870007730071328,0.0318401753273812,0.0533184674302087,-63.8193704938158,10.055602699455305,42.33777717294038,81.93031514090107,9.913751981189405,2,0.0915006346586683,0.1931180663396084,0.4413883867746188,-15.092276951962322,-369.90301379796915,31.143328721669178,0.004267780670484286,-1.1841267604506436,-0.14185934074117199,-0.2940738812851552,0.24837685478181953,0.0,48.27611365965637,27.992858386476815,0.30499073764930973,417.44841652113314,-122198.41831614668,-628.7826872780842,-0.21319991307839833,0.5331864562802269,-0.008849875607799049,0.033627576708432375,-3.347947964338978,0.0,-7313.059153498595,-11034.036975482586,bowl
R0756,756,FRAGILE,45.0,4.0,32.874855601024535,cliff,servo_slew_deg_s,+,25.77317170811333,0.3506062720651572,1.6341429893304775,0.0262770824902309,0.047420305090394,-43.19292519745402,7.12853689700659,44.174934786975456,24.386779570636374,14.926522320371138,1,0.0625816164166567,0.2378716170209785,0.1868927706970469,-5.582446409384806,-187.8769164522998,16.354230284631388,-0.02803426840563139,-0.34695302583053755,-0.10841740243723663,-0.2577317170811333,0.16778563851020017,0.0,18.51995434002225,42.42544585688127,0.07962236479735374,12.527623858420904,-125833.6948888002,3302.3032691507683,-0.04633035608139435,0.32669257695376386,-0.11251784926912137,-0.0005427992324846582,8.320946308675662,0.0,221.85037794133459,1395.1716085472585,plateau
R0757,757,FRAGILE,10.0,4.0,47.555248189716,bowl,mass,+,36.536219901382964,1.7903181563850046,2.023336042754893,0.0268330781441581,0.2010431138439959,-53.27088455361909,13.58886111957309,46.318996920801226,74.99745791027578,10.05137567921163,5,0.1224549228137016,0.0449755381482899,0.383264217905165,-30.44684991781913,454.18891671543855,-63.74834079872777,-0.08562875804891945,-0.3002117230930742,-0.04454315745021518,-0.06924216551207155,-2.6763942161155683,0.0,50.359656822155884,-2.0607613232590953,-1.4078666943437181,-883.5837953927826,-1320993.5303138266,-37240.58646250824,-1.334162666395346,-28.172297653723408,-2.075767827059638,-0.08465110594086223,-31.652361582416717,0.0,-18847.99546082342,-13511.184630699934,bowl
R0758,758,INFEASIBLE,10.0,4.0,558.3121703501388,bowl,Cm_alpha,+,265.99814622001674,1.8435876741757624,1.47597543860509,0.0146476730709661,0.2147889499803792,-42.027332342187854,5.243550218675471,31.0328229606106,22.61148642133679,14.384341188398103,3,0.0249721720795219,0.0018286411747936,0.2831333491624625,-124.77493958681941,-3451.0823271215268,1351.6329695058298,-6.649953655500418,-4.467229310105419,-8.126734996868976,-2.4810619758391304,2.8515479192249242,87.0958010340824,372.8178746799322,362.59712665284104,2.42526936740164,2993.495061216083,2100782.194407064,46501.83403521345,0.9192013600301081,-14.758707029576701,-0.4168109593189092,-0.24101171718790815,3.706158002937032,-23225.546942421992,2730491.391275845,2156.137526851328,bowl
R0759,759,FRAGILE,45.0,16.0,157.87761846364805,bowl,servo_slew_deg_s,+,103.82417269516961,2.0032297964856536,1.0555383756338106,0.0161403103734359,0.1820738934711863,-58.73233719285942,10.02264354907958,36.88499592846597,65.29330249869633,14.727486248981482,2,0.1409088661598233,0.1218330167541794,0.1721836356212129,-43.43003791463481,-157.863229060986,123.39424012672546,1.0957402859563818,-3.4398914767628512,-1.1735433026669155,-1.0382417269516961,2.74667796895853,0.0,327.11781557456084,1.8232818366826118,-2.1821294903120148,205.73413567030488,4046852.404844986,105452.03390478811,-0.1326869681442564,34.92756450179987,3.7542342439412435,0.22358800573650137,209.09283901942206,0.0,46442.83969325522,26132.00255606486,bowl
R0760,760,FRAGILE,20.0,4.0,34.00590591779058,bowl,servo_slew_deg_s,+,17.112989115960886,0.3891130897337101,2.062188825308971,0.0235904617457364,0.074669290813785,-30.112159558059737,6.803767498794935,43.21928071677495,39.6305280164609,14.160900483684802,4,0.0269290419116982,0.1873711246713842,0.2810495928973102,-1.7809190650623874,-352.9961207618954,8.691316346887138,-0.3270852735126044,-0.6982802605364902,0.045126382249563335,-0.17112989115960886,0.26546090669504174,-16.158982134111003,26.158304644873926,54.75942461548002,-0.06394654713161962,-66.0088712932094,312099.43380196794,7021.3687060845305,68.54339268146374,5.353641100627205,0.7270156419199679,0.03616728916166537,5.472862480849535,4309.061902429604,6448.8274905754,1498.2087165056307,bowl
R0761,761,FRAGILE,10.0,4.0,105.95672109812546,bowl,wind_strength,+,51.37331838257021,1.5351853129546782,1.280390799840074,0.0365009994913053,0.2281879720479565,-41.1116246649451,7.888550701660319,48.334198378873054,71.06190023492294,10.539773781961124,2,0.0367938040901147,0.0185221577490527,0.0997552706593769,1.4292124236124533,849.4201065746154,33.70913799278844,-0.7067164686650511,-3.558084115215055,-0.9915034716159866,-0.2940970184758399,7.5190292267299865,24.394355533688266,-169.81305016416627,-128.43329595642552,0.12552474350980347,754.3540798796416,2265205.11944169,73033.15244394125,0.7535471657208517,-9.3792318540448,0.8183856023109217,-0.16067382717684006,-12.998843539864922,-6505.161475650204,3720.85079446391,7221.494862643773,bowl
R0762,762,INFEASIBLE,10.0,4.0,95.31386742486667,bowl,servo_slew_deg_s,+,80.21616846976019,0.5811858582949444,1.1625801801714046,0.022110317320533,0.0638290229329127,-43.48984804850701,9.556280064843984,29.528640604006505,36.14036100230199,13.680816048988376,3,0.1081320026098392,0.0914108762444471,0.3851080536626549,-10.764265345493387,191.65588253929147,106.06899782182195,-0.1606844619828971,-0.6418101507020632,-0.7741665678842523,-0.802161684697602,0.9264932800232991,0.0,104.57310358025185,71.82318730308721,0.4639070895683428,-738.2038295455687,-985877.5933244932,21426.603968352738,0.2673393786364917,1.2400505412133194,-0.5396312178513631,0.024725060484786354,-0.3385000289390943,0.0,3562.3564147390443,-2859.014461577875,bowl
R0763,763,EASY,10.0,4.0,82.95779738844566,bowl,Iyy,+,50.602598014460916,1.0421656572004228,1.4569501564559657,0.0313820475053683,0.1519602604688664,-31.681717235340983,5.46224185174554,27.62264915951422,119.72120150395736,9.98129093774329,6,0.0773784560583824,0.2071937463494769,0.3886951912814558,-15.268254416623858,-1686.7532671486972,91.3005325350468,-0.3917984126966784,-3.2829287393776228,-1.2496021756887283,-0.35860081938985716,0.3693533916088288,-0.037359304847406315,-40.549626032688586,31.85066943358849,-0.2892316060498423,1466.1405936545102,2493002.705053978,-6424.677307049468,-0.3251725032974958,7.308522054503909,0.6977009877116376,22.443056391781468,18.215374901566037,9.962481292641675,11644.625209668917,5648.227505151923,bowl
R0764,764,INFEASIBLE,10.0,4.0,275.91688103407495,bowl,servo_slew_deg_s,+,116.70607704150733,1.5685273175543095,1.1395384423414374,0.0221973114174781,0.1636283078507873,-45.14691725586859,7.067559734202724,28.711128556509745,33.36011286648362,13.905793200697142,4,0.0198253411727138,0.1363307932417016,0.2529584642781852,-38.47117694905574,-1420.2480025147004,784.8981469814227,-2.7386724147514165,-2.16328388891919,-2.4264761133760944,-1.1670607704150733,3.0896037553341094,0.0,136.8837125668744,318.41710174983905,0.013567616147760475,-235.76588711149583,-346509.70761675877,7976.795346132789,0.6110771563775224,6.357424690661315,0.09530698632494933,0.017343845134553816,0.4881610855557502,0.0,4929.444714149579,-13226.046636394789,bowl
R0765,765,EASY,45.0,4.0,32.33506690672873,bowl,max_gimbal_deg,+,13.488194471485219,2.0707899590209284,1.7428374668117832,0.034992422091165,0.2164714692305898,-49.88923662396749,9.222314237589451,35.204996302256944,99.67478265754175,13.658347664968703,5,0.0608130787408722,0.1033805419245338,0.1943212701407931,1.1747339687036145,-410.93020881902555,21.873261562729176,-0.008083333966831363,2.3399469786507328,0.20442722149901726,0.14792713002236574,-1.9268849244978885,-0.32910368526562683,2.9208364974340033,2.995835635799901,-0.06292899585023459,2035.0280493402204,3685260.5098769614,28844.7923177839,1.0231010408424226,24.818282359016486,3.135791601552944,0.13469395401665135,34.33158472517729,87.76098273750063,33236.009192356,14867.692594120985,plateau
R0766,766,EASY,45.0,4.0,34.977899294367184,bowl,servo_slew_deg_s,+,18.950867215170703,1.2133066333677325,1.570572978518099,0.0389725043029546,0.1175998456028905,-46.86612739470429,6.059347750393975,26.70864487758989,43.854495947860784,14.751452691247795,1,0.0976676135408786,0.1119866529104371,0.1402358178886649,-10.309296301663705,-324.6498744827848,43.27545323104104,-0.21244035923521642,-0.8388740929313596,-0.38614554883435515,-0.18950867215170702,0.9615120624966649,0.0,22.92905455425377,38.80575882214477,-0.3455999659026787,3.913715448555041,736106.9867028451,-7453.404248848069,0.06081611563056133,-2.91761393559658,0.030496125444522022,-0.014605534457184639,-8.975744480433907,0.0,-1380.998351101426,-1295.613052172801,bowl
R0767,767,EASY,20.0,4.0,114.13437831279715,cliff,servo_slew_deg_s,+,84.52839273841649,1.4119757397032746,1.4694798219406655,0.0282435376631524,0.2022522206089263,-39.4382045135307,13.650759536757723,41.30738992310808,24.0588659913382,11.05958900250627,4,0.0396297025145455,0.0140735532676264,0.3575492402567911,-1.8337615817155448,312.9287406598627,122.35223243159601,-0.45020064108165503,-0.5290458282690855,0.31534724188875957,-0.8452839273841648,1.7324763398246954,0.0,184.33787178068513,125.24643897850618,0.8070066494850385,718.3571673180202,878827.0938379926,5620.729789719937,0.0892563656027825,-4.090388665865942,-1.7831663844147432,0.06805689263424823,5.740049714399422,0.0,-8904.793560409893,3529.8040065437776,cliff
R0768,768,EASY,20.0,4.0,65.44968520752016,bowl,max_gimbal_deg,+,33.89325245192392,2.3050330492957847,1.5959708033949076,0.0289539186409221,0.2040623610141156,-63.48054683849471,7.143158504004962,40.880309637110926,113.67121045202154,9.193611943383695,2,0.0134863506565909,0.0883320079224304,0.1894186815197427,22.72102255971648,431.7082863632967,145.46436067640025,0.3492852109537801,0.17491998035341078,-0.7400163343265763,0.28803311765830086,-4.841893207417703,0.0,11.061455287097603,1.0135016925017841,2.371525723163464,587.4644234653568,1033567.1975213392,24935.12219995491,0.6997238579782512,4.2139020423114735,1.4506165714132027,0.12198022718806659,41.376121446454306,0.0,30596.550572267646,5072.433796583674,bowl
R0769,769,EASY,10.0,4.0,60.34810829570686,bowl,backlash,+,44.84300568925047,1.2522330486794164,1.7060186046140986,0.0122001795561811,0.1210359671242761,-61.138739459276536,12.155167179080651,45.20150388660413,80.72219836587563,10.76099053444146,6,0.0583967787837615,0.0018755630673983,0.43540831007397,15.020370298573198,16.343437948753117,-65.01190847225125,0.08354188617095393,0.35878774882207054,0.848125050112188,0.18705629244948027,0.7820104674499072,0.0,-179.37202275700187,-42.26284364217409,2.0986549369178924,-247.27016213248385,-759495.8728093951,-28363.185716135045,-0.5520852220229797,-10.084160739413804,-1.5006200034098816,-0.1200024713070173,-22.31655075265397,0.0,-88681.56010951166,-14401.236443943797,bowl
R0770,770,FRAGILE,10.0,4.0,48.742117250758426,bowl,servo_slew_deg_s,+,36.27530355209901,0.6608863298892985,1.918218323508793,0.0138152421582358,0.0791556797684973,-39.19308891447449,5.640521314348214,28.52272211064329,72.32366975831943,10.984886782131952,5,0.0384145900364319,0.1504608864243535,0.3420129931971385,-14.27143386018856,-298.2224940580979,17.124032566693355,-0.09940508195196962,-0.7182641435753722,-0.5553110086002142,-0.3627530355209901,2.4698421329204376,0.0,39.18339756760165,-13.610515676669875,-0.1826006448436326,459.5259084931933,-402894.492474124,834.1952622757107,0.5832648366226509,8.46736614658387,1.1589685488361476,0.11374384516633775,14.38177504142635,0.0,4336.2371893578065,13267.775046261419,bowl
R0771,771,FRAGILE,20.0,4.0,84.83582014457872,bowl,servo_slew_deg_s,+,52.668947136255476,1.1921321989900615,1.906704592841676,0.0263876590897858,0.1579951731783197,-41.7084329292703,6.699694973689103,39.55012903736405,55.9607628755334,14.741207228817968,4,0.0762714230403603,0.1053663164306281,0.4328857080402465,2.761869997408363,-273.71612140900675,121.38805904276218,-0.989496513093651,-2.366882446740977,-1.0858242810272067,-0.5266894713625547,1.2669253531281381,0.0,58.03515919852943,66.56323719373162,0.20222797607063292,636.3808094846711,284156.6712316353,15471.72446499883,0.40964185677531795,6.394912621352843,-0.0020932075402436113,0.1638280740979066,54.01471427685851,0.0,8646.354183211637,4642.993567616024,bowl
R0772,772,FRAGILE,10.0,4.0,73.91984820920766,bowl,thrust,+,25.461980532332085,2.141048900484422,2.028295076350313,0.038630551485031,0.1966957671880442,-66.37364437396323,11.190955497790668,48.12708310211406,99.2173374620757,9.98665901530704,4,0.0958608684192459,0.0929779995855288,0.308383271957653,35.42388144617338,1104.2889486620902,61.532365557483836,-0.0016908408833691269,3.1390593900211954,-1.0184792212932834,-0.24132785802646417,-2.725517649019815,0.0,-13.940597264650524,4.4737433064932794,0.5647908522311376,2223.0539970180894,3925557.9521830208,14159.33846081015,0.9623087174490657,26.74997946646294,5.443553927864546,0.262636045311945,63.00333664340395,0.0,55595.59460259497,-1637.7170116806965,bowl
R0773,773,FRAGILE,20.0,4.0,84.75127955816394,bowl,thrust,+,35.36743364979998,2.171457928124429,1.3628492064833662,0.0257821386690998,0.1807550436296649,-59.12842969615582,7.325694107623731,31.35682323118428,111.41130123853507,8.835585010885247,4,0.0450473314449161,0.1692498174874003,0.0959849982042006,-24.10185895620139,492.06718611914147,73.68736051045126,-0.28000679077932755,0.38589887269579853,-1.4146973459919991,0.07207579544304857,6.354300954243766,-15.493954539836945,197.88190253072798,15.742360251125739,1.2279460537961926,-1681.9277028730144,544004.3743370778,-10769.712978603871,-0.0736856025116035,-41.9657608197806,-1.9652514634230578,-0.0890703287821816,-47.82902172639384,-4131.7212106231855,-27587.87221547673,520.3673175817156,bowl
R0774,774,INFEASIBLE,10.0,4.0,145.49986148907198,bowl,servo_slew_deg_s,+,61.280569994733305,1.6467068150571906,1.7811439669777942,0.0319988399109792,0.1397810817322692,-54.73086210217624,9.02037691142953,27.937668738740086,25.54363314286559,13.003964994312778,2,0.0616122108843646,0.0887765549772979,0.2834798209222445,-11.833829870157379,-1017.20776375896,504.4845797580597,-1.387203500085766,-0.8361728529853089,-0.9045708832232606,-0.612805699947333,2.2431425801641955,27.75366221002571,101.42479756651173,98.36230384843007,0.40532916555881116,484.93341841069116,1098166.7986165318,10851.287748520039,0.3720296462113257,0.743168823950741,0.7961809447308406,0.027867134971837116,2.085636822261289,7400.976589340189,72.75304539821268,2322.1078593854254,bowl
R0775,775,EASY,10.0,8.0,64.93033624500086,bowl,wind_strength,+,33.19868462431211,0.4097720660078199,1.5155954941008334,0.0106980117324379,0.0702657932205305,-34.66220638694634,12.17222445550642,45.72744884338519,41.82000773335615,8.21354486713754,4,0.1225082448510008,0.0338224391573685,0.1159683923328986,14.8651956307025,72.17357111274342,-92.48202469961561,-0.3556011828705896,-0.16051482137700396,0.6175877403629777,-0.04523259215117772,3.7053871621279213,0.0,144.9286093471465,-82.99671156078027,2.448585202342357,-866.6573934263394,598951.5823776613,-14049.25275683143,0.2502743053884122,5.151354264438991,0.35647673018788967,-0.08393857876451317,-80.93741441545617,0.0,-16108.056178700232,-5332.22205367723,bowl
R0776,776,EASY,10.0,4.0,69.65974432167707,cliff,max_gimbal_deg,+,19.068476448832712,0.9688280776636964,1.0672119425376196,0.0293157898517857,0.1111258548925744,-48.218999498064655,13.677399709001596,39.59447088208116,40.42968291724207,8.047086330690083,4,4.469542647936946e-05,0.0201610784503398,0.2248132623096718,-3.153640108593363,-264.8173811953078,14.413553894352534,0.1720603975580004,5.578078276756397,1.5370764063280962,-0.16542495338698293,-2.724068064118959,0.0,3.410563746558743,-22.972611506485045,-0.8766250095178596,414.9295202062787,-11266.485895100825,20326.796213145717,0.6081962745746259,11.710460907542705,0.2109278249973171,-0.02285550223573445,1986.1728646960478,0.0,11710.698515361704,14905.064447500687,cliff
R0777,777,FRAGILE,20.0,4.0,89.5760297138785,cliff,servo_slew_deg_s,+,76.29072107203378,0.7335888534636743,1.168745972273847,0.0148607160872843,0.1274713796471177,-33.231374418558694,6.215848118926946,43.15964753646982,20.435278092589588,8.046109559237395,6,0.1392146926087984,0.1149717412981925,0.1294406029273654,-1.5624874480690374,-728.3818427692095,89.40039427361926,-0.24164552825582275,-0.6714622992204864,0.2616007154024899,-0.7629072107203377,1.1660141176116003,0.0,70.18026321287637,73.13186620733056,-0.40080472993651206,147.95766204243077,779901.5887177162,-7979.30216007491,-0.2190169124069139,3.595174356040434,0.5597539923917043,-16.0719204166459,0.43711504393778183,0.0,-2383.3166773515827,2705.054769061042,cliff
R0778,778,FRAGILE,45.0,4.0,43.11188160133882,cliff,Cm_alpha,+,6.39390031005842,1.186990787517877,1.6715301931821809,0.0166117465099567,0.1105799117026436,-64.50198159940354,7.369614648131805,46.73747567700108,74.19801127980372,10.64805814842033,4,0.0184233935900549,0.2244465248633848,0.1587239080802411,9.624434330396612,-167.27733496517115,144.75532162459783,-0.1598475077514605,0.2079740101628304,-0.05884793203453853,0.19079026533843244,-0.5316034331763022,17.98135545903262,-17.712236015136526,50.65882113901277,0.4131363674952464,-328.3554896567456,417431.26893591194,14957.033089766901,-0.12289766164997218,1.0813110024744041,-0.5676235966936974,0.08338776143334478,7.083950786510273,-4795.028122408698,7648.457997557407,-3297.8455034779086,cliff
R0779,779,FRAGILE,45.0,4.0,82.50161361025621,bowl,servo_slew_deg_s,+,37.55980816354896,2.3578890011566767,1.182579267716403,0.0247862935554713,0.2389035732707318,-45.54373484277668,11.262096309481688,27.56241195987073,80.93032288199012,11.04966531436862,3,0.0361778690651695,0.0855417431090123,0.1857221688970998,11.809840051025933,-323.66322701866915,-70.3312267192614,-0.32771282153840353,-4.136595690031249,-1.1701549505769726,-0.3755980816354896,-0.8703794670741918,1.2030897839321617,111.47316199728968,102.32770099403892,0.4400139411824995,449.86257309754507,-1037369.8447384038,703341.2834555792,0.4881689851675022,3.3242727557766623,0.22183864202146084,-0.054579572828958194,-25.39911859997509,-320.8239423819098,-19504.568523148864,-2644.5974951048743,bowl
R0780,780,EASY,10.0,4.0,53.28761330060006,bowl,deadband,+,21.67475337627162,0.7827195017604338,1.2363015984043066,0.011474431463414,0.1187038843211072,-34.71689996060006,11.094897355331875,35.88068990298934,71.1094945308628,14.257354901945764,4,0.023668911439161,0.0075821292265721,0.428976706545506,-11.577286040420894,103.11485461644271,-32.87046189856308,-0.3531425145834366,0.6482775495195625,-0.6681992502833491,-0.13056707983189328,1.8425277045360218,-144.49835584181082,142.75716453870493,2.2242554780546024,0.4462464118731839,157.23768074519222,383194.4486252076,5613.275200881424,0.5491259178916319,16.113411543215,0.7687176855793717,0.07089135232898468,10.051979566766388,32140.782300610168,36099.723760491186,801.5880213282419,bowl
R0781,781,FRAGILE,10.0,4.0,81.89328407331594,bowl,servo_slew_deg_s,+,50.228170727017066,0.9367224916965242,1.2407206812196554,0.0149888256499418,0.142061562382615,-32.75042545435768,7.784277252998965,31.932029839323583,32.69148691705979,8.561069850559802,5,0.0191536441769264,0.0206482276964037,0.3589719404858398,-30.13020785644029,-236.9293904007464,62.630375805470564,-0.8738924860357251,-3.0808993986288766,0.4599643508779806,-0.5022817072701706,0.15955467062911224,-55.0512978350452,-17.874524797517566,53.41808326348336,-1.6692139778133877,184.92091638262406,596411.7824715348,3537.9985196641896,0.17541020613170666,8.509107525392736,2.543944172999393,0.09262671957199814,40.41299175949474,-10193.886867460391,-2395.313534856302,6689.229631346653,bowl
R0782,782,INFEASIBLE,10.0,4.0,162.40395880119476,bowl,Cm_alpha,+,87.41338204081134,1.3809388031473036,1.564302808428626,0.030850783044972,0.1692377248916875,-40.74057721039948,6.432509346456693,32.26719422306622,52.972036858552094,10.093162970567564,3,0.0793226404987986,0.2046893248132269,0.4373573388666482,-14.137272413323908,-167.63092315256506,393.1102407798374,-2.1853345510202837,-2.5116717923657608,-1.5491639886030697,-0.6670282791841938,3.7059366261523645,-0.8486949136615378,112.16596947571294,164.31531368761668,-0.05747129701330422,-645.4346352168064,-4497103.967937243,-20210.020677188644,-0.8184957702267894,-2.455382390962977,-0.8133154927971509,-0.05011872269555397,-13.402445901036026,226.31864364307697,-2765.964031115795,-14949.051871432312,bowl
R0783,783,INFEASIBLE,10.0,4.0,134.82007512973632,bowl,mass,+,53.821292384867526,1.367388215746636,0.9465216756141658,0.0378121343418446,0.1765188863156802,-44.0272585998005,5.32820208476581,41.81223070926606,46.3642083673165,14.365071709360947,3,0.1070986028849984,0.1390122176894426,0.2397768202391296,-44.8510769873896,-1010.6690866442909,321.5086661385062,-1.286053427807536,-2.2825456067597982,-0.41846379792451954,-0.49295431596044,0.7321218817048304,1.6819109331862576,51.923473413092395,166.2656298616437,0.40009963274240334,-21.491641478879355,-1213416.0901994302,-11477.490464486358,-0.5305128940099397,-20.46148874139249,-0.9299421685062725,-0.0029972125350192867,-3.4766400661085974,-448.50958218300167,-7985.482075074092,-5124.277296305921,bowl
R0784,784,FRAGILE,80.0,8.0,58.82589370567468,bowl,Iyy,+,31.810197892867354,2.34250161535734,1.830434967462592,0.0122284165956494,0.2325359596078434,-49.12226506971409,9.345014309982323,30.77787077845212,106.28956960459028,14.48396045707291,4,0.1000486881898162,0.173439587382854,0.168624446215363,-9.722956857695255,-1060.3399297622452,-124.94213878265155,0.25929005672423866,1.312097878855821,-1.0685708589642857,-0.22491694753163446,0.16733711224914233,0.0,25.903994551029733,33.37146980695242,-0.7805387538743016,-145.14058131272105,2676865.0122678415,8757.603002474907,0.6274966526648438,14.149301158456419,-0.3095917329137251,0.045795195827152996,-7.962238621118055,0.0,17553.45913261565,7179.567265661269,bowl
R0785,785,FRAGILE,80.0,8.0,80.36018606671018,bowl,Cm_alpha,+,32.012084017134924,1.1288269885333662,0.9402980712113468,0.0245338500357355,0.1862762919290044,-34.94521077220717,12.828149582118986,43.04246009882573,81.84498321976093,12.377560547328429,6,0.0376578968420379,0.1871817232966404,0.2146747163220283,-8.391376228233803,324.2718193250462,60.084532310112,-0.800302100428373,1.771318103522812,-1.0217519085125957,-0.18466050579254373,1.0404349884902595,0.0,98.89887060945006,140.99129057092148,0.2562822787425567,2148.9552548996603,1677496.1229664593,11083.801276818138,0.8646444200421324,23.11615778519683,0.43451331620511835,0.1508185419561906,8.682556355916113,0.0,16774.06081635067,7163.095137427258,bowl
R0786,786,FRAGILE,10.0,4.0,46.16156193819746,bowl,mass,+,18.603481136228716,0.4784209800604053,1.542944877386078,0.0196491428566486,0.0839052314970044,-33.473442640756296,6.240467718773374,44.60872035357194,112.65515751990124,8.58659645202556,2,0.1238957670536658,0.1423965949812424,0.1845979488043647,-15.502900946857261,522.2121155434301,-74.24661560649744,-0.2596633633177874,0.4968076111720677,0.07922979367594359,0.12035727036597077,-2.183365044945926,187.53496269171072,5.033981252196038,-9.914322976893022,0.27872295485681775,-1384.9357807196714,-2898580.365139664,-17344.81471170929,-0.2021561078744991,-31.067816129364658,-4.86733113525038,-0.21107425724988452,-51.743799906070365,-50009.32338445624,-48252.942319959395,-18435.43486609736,bowl
R0787,787,EASY,10.0,4.0,70.63562130162163,bowl,Cm_alpha,+,24.940497108351263,0.9034805020555352,1.2934142007444145,0.0200136370732818,0.0837046790954992,-60.95185253547344,9.655404328662724,41.27595014750581,82.62352108225316,11.288964311778376,5,0.0473814599925192,0.0402696841123046,0.3462337322128473,13.345360820971141,717.7005306122975,-6.131773654048003,-0.6235124277087816,2.8926980119406047,1.2204786694468956,-0.21201879399005233,5.3922706034705294,18.764830854975017,-21.405449332849035,-28.08647484323443,-0.5126346651257099,911.1635530118377,897533.0457997381,17291.768742284326,0.6335899437423169,21.665285563466835,3.210431579539569,0.13600491606784132,60.760488524179976,-5003.954894660004,10757.084145774676,2712.8068412247612,bowl
R0788,788,FRAGILE,45.0,4.0,63.133153556969546,bowl,servo_slew_deg_s,+,46.69984791459485,1.2006991962882931,1.8902891268247075,0.0283179348422249,0.1309095518604097,-42.35088652545959,5.898144568408162,27.59691914166917,27.088151545434496,10.84520484187091,5,0.0281665786774984,0.0380140355973904,0.2449541617101783,-14.874955899370299,138.00240742720138,66.10274925146715,-0.27828896719786567,-1.501627011942628,-0.6587776926073502,-0.4669984791459485,0.14453543026529014,19.8311903261061,57.80527574922009,55.782101904456134,0.10858740250543697,-155.19198437127332,-209956.96744293906,6888.534529537694,0.003576908282982849,1.4009545902295188,0.546705653317606,0.026884471180580717,13.998320337564266,5288.317878959521,3706.764542514403,913.7120791902481,bowl
R0789,789,EASY,10.0,4.0,38.0655426467013,bowl,Iyy,+,21.906405295460054,1.222640948746721,1.2077954292472937,0.0396955255594102,0.185235534290171,-31.56577943989062,6.395920705529187,29.6036405857723,73.72718944796146,9.673249331489536,2,0.0818455487206752,0.0080830597531169,0.1367930415688059,6.912121410134449,-730.2135098486685,-6.724939408163189,0.039297399923118134,0.12071687454457188,0.29037647879654926,0.0053233977933878854,1.215214511340241,4.805286812079549,108.23357460869565,-15.169047876955169,-1.2085314854527214,67.23793564645123,10828564.173192281,-944.7123673016205,-0.042090089701591865,-0.0947203332001412,4.12595485199623,-0.0028582290433804137,7.729606563093279,-1281.4098165545452,37675.062037737734,7140.23667836124,bowl
R0790,790,EASY,10.0,4.0,29.13320381478605,bowl,max_gimbal_deg,+,14.901571552651443,0.6794486909473432,1.663443813416425,0.0289443537129054,0.0670549391892438,-49.56990024037649,6.574854732004768,30.977449691860286,116.80292764783536,14.212645738087396,1,0.135780659237123,0.1557663550516184,0.2930935536448388,3.0975898915318942,-96.65575475002315,6.9793355307709035,0.20182080322071383,1.13134796967949,0.6039210709591121,0.11248635411236432,-2.1287959360930633,-36.50233292491137,13.29608660044038,15.4426518517052,-0.6318786129756901,-263.2036981935507,-533136.1031501715,-14899.810893039517,-0.13305666876369915,0.5800172847587797,0.15320025433706008,-0.0030312417508959627,8.100914513856669,-9733.955446643025,-8268.677983996384,-1631.317794221391,plateau
R0791,791,INFEASIBLE,10.0,4.0,313.8922222031614,bowl,servo_slew_deg_s,+,184.40887447718617,1.9720352649695976,1.4310338188018776,0.0261910559777429,0.1833334900942108,-54.88794699836773,13.274385564406517,33.703079849190665,34.779742435901895,12.52368579686647,3,0.1176369156190263,0.0926256932085572,0.3036843767494873,21.159000738441513,3143.6267800361193,781.02191056933,-2.8284919171078418,-3.46839598646777,-2.9865995996180317,-1.8440887447718617,2.5699006055543223,-63.99013803180704,395.28512965868896,81.07831437872167,1.0131858711834205,1095.799110091499,5371147.195873631,91895.53874028928,1.4380171077524242,1.4076101399308782,1.7367706276537729,0.18256313241202604,-76.64903406355481,8616.409149231651,-5797.277348970104,35990.27402588915,bowl
R0792,792,EASY,10.0,4.0,48.39581165405182,cliff,max_gimbal_deg,+,41.12093098787126,0.9488822381289994,1.7301151874472502,0.0263602404037407,0.0893196470152017,-55.338693008021984,10.249423443164948,35.12275014344481,111.91858730213391,8.022095690754572,3,0.1084204339677896,0.1173685114864889,0.3395977653334679,-15.807732349339803,-52.44553692231834,-5.838407024365735,-0.04675603613039769,0.7078072174644363,0.10977734557496746,0.08438479092171666,-5.874418712553037,0.0,-51.325507918948816,-0.7456598509780303,0.18343193781131095,774.234346396894,1294241.3591116287,6096.968108512566,0.13278678101591923,12.892422355562386,2.07296486592395,0.13919905291417994,3009.008842312915,0.0,10939.335781363823,5407.848095509803,cliff
R0793,793,FRAGILE,10.0,4.0,251.53383828031411,cliff,servo_slew_deg_s,+,66.87939992860764,2.8250820044617946,1.3654206534056157,0.0136593615412603,0.1877382657805591,-68.13953874890919,6.97457704552194,26.540140767460077,95.45073333234836,13.947455153894326,1,0.0283990763763717,0.0253800223819432,0.1643556727467007,-11.545293862796589,-165.65986918326377,-40.4345570302295,-1.3706262796940136,-6.832286660630649,0.2729514333232494,-0.6687939992860764,15.626762033571625,107.72767186664396,22.707239724982248,496.3743713184924,-1.7992839163493142,-1114.333784622727,-2075638.5353375594,4875.923811033714,0.6274340296438313,4.701123706096197,5.481237982896784,0.3352226469400319,36.47382191000193,-28727.37916443839,50056.493018735266,34433.74720347488,cliff
R0794,794,FRAGILE,80.0,8.0,60.90832944129505,bowl,Cm_alpha,+,26.6443814544423,0.5019281150323938,1.183115434971679,0.0219909853113209,0.0909491411781902,-30.53791622278063,13.078127541380494,39.63275975294118,78.4140180348214,13.229519170081725,3,0.1078032811643809,0.1355189663086831,0.4493057179848324,-21.833748292992787,538.5815242491865,65.21012104001457,-0.6661095363610575,-1.8791285340987338,-0.42175397115706803,-0.07186624764994161,3.6620225277653633,0.0,109.6611597402013,12.431926524403055,-0.250493258322499,-226.25074514951078,843583.6427297365,19228.6407110913,5.915947945208989,-3.9695498300607897,0.11396432676068798,0.019639791607068916,8.411857070485548,0.0,-1355.9281107238241,-656599.4360253111,bowl
R0795,795,FRAGILE,10.0,8.0,119.18541525219787,bowl,servo_slew_deg_s,+,61.99345338568506,1.7709443374985376,1.7361841394068835,0.0147434420705708,0.1929097526059722,-40.85463462922101,8.172782715998187,25.63554558973167,107.173557018976,11.661263332175473,3,0.032595521721631,0.2381859417161592,0.4269704626687484,-29.063721166002107,-1088.1525607929818,218.29316231816244,-0.2235138264602794,-0.3529334287805737,-0.796517721968969,-0.6199345338568506,2.4379515839619055,0.0,-85.98468518534196,175.6059516674197,-2.430272958234699,482.98743095305156,5695286.673699274,32685.122843099947,1.0324034269700615,6.740597185623638,3.4837575501000626,0.18769418497060186,-1.154957102923695,0.0,62450.2826107518,21442.606373403167,bowl
R0796,796,EASY,10.0,8.0,46.086009216559994,bowl,thrust,+,20.287022424303462,0.7424007453814793,1.7780139496433165,0.0167761515900034,0.091259631060247,-36.25079784059968,11.213016688532615,25.70260338417313,43.02712738039958,8.800925055311474,3,0.0906065324134393,0.1233501695950225,0.3489616516392181,-2.4835722917108907,-321.020744725789,88.34015479071886,-0.2372798704011192,0.129185112170223,-0.8114808969721385,-0.19645305303928753,0.8194858880194424,0.0,108.12422737056762,18.975268148844677,-0.11855463646110564,24.67629821498922,-59732.49907232596,13490.337094166569,0.5376578973992188,2.1988835154009725,4.548396989454774,0.07974855540217379,5.370216979001742,0.0,19588.022704449104,3667.93298199058,bowl
R0797,797,FRAGILE,45.0,4.0,57.639384142430266,bowl,servo_slew_deg_s,+,37.1273035617747,1.0470818488799027,1.1043708278312896,0.0254224227850847,0.0919756498818111,-60.20068461046763,6.954774769371074,36.19500869657454,42.956537981688925,14.838565188284385,1,0.1217324782820007,0.1787380547076204,0.1841248806198551,-10.65138266542033,-147.7223908885018,40.689662967778624,-0.40336965817016246,-1.2210546889429978,-0.6258313493949131,-0.37127303561774705,1.2719233072666702,0.0,56.6916748998459,70.20467233898098,0.36339245586680313,204.0242543125158,637203.971558501,3973.2283924421317,0.1921245266278806,3.295832796275389,0.03002572201400426,0.05242605350645107,10.319406872512412,0.0,4180.037027144002,2884.647576051206,bowl
R0798,798,INFEASIBLE,10.0,4.0,327.409648211792,bowl,servo_slew_deg_s,+,165.14827965489715,1.5895588296532692,1.2343467756950248,0.0306360824066214,0.1422923729222793,-62.89369217389941,7.849432354883778,41.02849350438914,36.65663237201005,13.14701572165414,5,0.0679102371180702,0.2022807932911506,0.4031483056705066,-56.308820228968365,-1963.8144831978514,1044.4773865008904,-2.9692104964146395,-3.2385522251148635,-1.876401763481755,-1.6514827965489716,4.518464678448904,0.0,116.92287585462272,240.28925755926215,0.01215249453210987,1647.381884442922,896043.7499398204,32856.87890242337,0.4372191526744018,2.099495174257988,1.4018458219901822,-0.020720616793348086,1.2596687133700915,0.0,-5842.394066834085,2688.2592523040166,bowl
R0799,799,EASY,10.0,4.0,64.1810566330878,cliff,servo_slew_deg_s,+,47.418047262705855,1.114415085090788,2.05385512210112,0.0247079404592097,0.1208133407281147,-48.23578611076506,6.337151579013623,35.39450975136316,48.81462243183904,12.807689044683434,4,0.1168932342802774,0.0986820625230023,0.2058239839904166,-2.778310438633725,-397.76635507310993,3.9129093707092713,0.04536206252757746,-0.8129851130238334,0.20711920832479686,-0.47418047262705854,-0.14039824499790846,0.0,129.58550606960497,60.33662413822093,-0.6193071674318773,882.5166610471389,912428.3670749429,9190.893152113278,0.48795667406888543,10.024106087202673,1.739263093013265,0.17078518053209585,23.862876806722515,0.0,26138.43938769312,936.5129061366449,cliff
R0800,800,EASY,45.0,4.0,47.014775952669595,bowl,servo_slew_deg_s,+,25.068219988534135,1.7127127537463074,1.297226652647394,0.0396215753621247,0.2247126015201307,-39.10324954497982,10.4156506204353,34.07005603786434,118.3755578906092,11.748005746014442,3,0.0197067603284431,0.2240151825697256,0.1348196854597152,-1.4399205837863533,-761.5011961346006,91.64306250784296,-0.25677653236344633,-0.5372172073492314,-0.704150686876402,-0.25068219988534135,2.363406011950811,0.0,10.737430698883932,3.047083364662462,0.21867270747014667,-286.85569935178256,17155565.053385086,4578.9712156988935,0.13172958548767766,5.503855334062666,-0.20228643298960777,0.15807167669551478,3.2923370014556608,0.0,6502.744358147152,3279.3454621487426,bowl
R0801,801,FRAGILE,20.0,4.0,68.50960430048842,bowl,control_effectiveness,+,40.01662520342782,1.3751169571982005,0.9704706937958998,0.0268701188526363,0.1262182729480077,-49.913067796702045,13.72112934996171,27.16783781767508,96.79110010442788,11.491086452889512,4,0.1425791992328536,0.1164702040240494,0.1967683582129548,10.740003930690328,-215.00692283907676,138.94077533692717,0.26686026938330976,-4.446291689269758,1.4091302541093949,-0.20889700880255074,1.5573584436012111,0.0,27.469026355835158,-31.12408373906101,2.1154671318486535,474.43588404681685,1763301.0966056937,24390.361957191337,0.20760227254425523,-0.2173001534540266,0.5861754608173879,-0.007041759665156348,-24.5907771755139,0.0,1848.8039984516613,1399.6247626403788,bowl
R0802,802,EASY,10.0,4.0,23.120230738591808,bowl,mass,+,13.195810078730561,0.3725880839962397,1.0863669043672552,0.0318691395424514,0.055991374054602,-30.414592794609504,11.464923717785032,27.040187447692283,75.11705610369214,13.13494058097374,2,0.0357834374484157,0.1533438071194594,0.1664189413064246,-10.996508398942133,-120.1048879079996,22.979262139468418,-0.06486278318884892,0.1109612138402292,0.2514494572306248,0.05048453367575458,-0.12429985224138626,8.922570043052058,-2.4980252948435555,39.57906184580266,-0.07223950017652503,319.2073738282499,799828.2972417221,3350.6350472401173,1.5038263798342948,0.44600487196294714,0.7171960652499411,0.037520603008398226,1.2963410541683908,2977.124991569053,1297.0086893614257,2043.2756378282497,plateau
R0803,803,EASY,45.0,4.0,22.303034575483167,bowl,servo_slew_deg_s,+,16.005265491276297,1.1477181190764745,1.8202152847804247,0.0313324821854932,0.1064625437599242,-56.61202966473853,12.050380497779226,35.694558112938125,30.35091460550549,8.14601594805674,4,0.1153347891665841,0.2254906663223261,0.120991880842072,-1.2488863544497952,-226.9993713591964,22.643256658572508,-0.14823430736007515,-0.21882671107219442,0.019267137606924223,-0.160052654912763,1.0997785099011983,-6.230877192306567,12.426967600641337,19.853626327822912,0.2154464670486429,-47.69805187851026,-39995.00718236439,-2163.8013915731967,0.04193322557599366,0.9424469495138654,0.14222805406911335,0.0018050053820177325,12.616300074562501,1661.5672512817496,1345.8572148021153,-1561.9085222679255,plateau
R0804,804,FRAGILE,20.0,4.0,27.65777338741357,bowl,Iyy,+,15.982914046380033,1.1892834938171704,1.1984287809226664,0.0365547827905121,0.1363982594376959,-47.909846442796535,13.88206921937498,39.08029100781917,83.17543554422679,14.287744662318932,4,0.1030627738215329,0.1294940318742733,0.1098331127464748,-2.334836002914847,-532.7638015460011,-19.403939596224156,-0.15065610209894986,-0.16420254876539278,-0.4118458454330419,0.051517362170004154,-2.0333739171905507,3.0776965226916504,37.440286999910576,12.529402589930337,0.19137310385036788,-73.63566558216806,524482.4009422859,1748.8378455363008,0.09308959800777883,80.20153532714305,-0.532102269283422,-0.035950449351793666,-18.645557848801857,820.7190727177726,-4346.132198257256,2030.3787853928848,plateau
R0805,805,EASY,20.0,4.0,40.719848214126706,bowl,servo_slew_deg_s,+,18.792840725575825,0.5211693702486264,1.389799793696907,0.012088557860511,0.0955250466973502,-32.12669850807396,5.426277135991315,44.88180372962231,46.84526356125288,10.416051355733057,2,0.0308689883949567,0.0791810063702138,0.1172013716280506,-0.9827947532217006,-247.41167094327395,71.81489642140816,-0.30734164300577405,1.3583635512094145,-0.07826729053954189,-0.18792840725575824,0.8106497105471452,0.0,75.52726289031662,46.70481031239714,-0.3748893369398454,1507.4564702350253,566092.1159712423,33684.897591850226,0.5671423065801124,8.420901849057737,2.164580991316612,0.12023644276782075,35.72643587370417,0.0,14763.247702337227,7485.814893400588,bowl
R0806,806,INFEASIBLE,10.0,4.0,451.2153555367913,bowl,servo_slew_deg_s,+,309.13601462436117,1.8726204188373723,1.5596390233627435,0.011656012126388,0.1574560046307513,-64.76115826410557,9.131929613293856,38.38040184998508,37.91951754246321,14.200858015351567,6,0.0521411546993242,0.1718168999532379,0.2466777838791234,-102.29461488055689,220.7865162100902,1183.6870386348594,-2.144976642806407,-5.130508412841337,-4.272426702154488,-3.0913601462436118,8.147867366106688,2.309148660974832,436.9665087078802,70.01678149104332,-3.654820785429017,2828.518413853491,3526255.7575717564,79625.18469764284,2.2301470783206465,-0.7222548949386384,5.407461583118834,0.3316452268609652,46.71251714228571,615.7729762599553,4860.414663199109,14964.853091190322,bowl
R0807,807,EASY,20.0,4.0,92.29347450344197,cliff,servo_slew_deg_s,+,75.66207417027294,1.1009556751168723,1.4480721034061856,0.0259366406873243,0.1645996537242677,-40.93697557511861,12.765570244416311,48.48540529273912,22.133000284734877,11.865131494229654,4,0.0946215269880116,0.0841754446049194,0.1469033647643011,-13.340131086879662,-303.1757374898687,36.24993013304142,-0.359261728503089,-0.8203799609190005,-0.23724098994399084,-0.7566207417027294,2.478152370493423,6.331635996207765,166.67265883471615,20.543792553079324,0.08628410951128673,222.69292193610448,588849.4934328817,22188.184570934707,0.616418141008372,-3.5255490654137907,0.23005562335040167,-0.3369582317694038,-2.595891626274579,-1688.4362656554024,652.5808048296941,3936.3112825813346,cliff
R0808,808,FRAGILE,10.0,4.0,78.61690043285425,bowl,Iyy,+,50.019083432670065,1.501648385313384,1.675859109138231,0.0384248627900966,0.209523851409769,-36.62877357919332,9.446785200466117,33.80932830618981,114.71267481406184,10.47808339232378,3,0.0154927450317867,0.0767604772224196,0.103205736144962,-2.088951995288496,-1667.3027810890023,40.63920671876705,-0.802732629894757,-1.4356619772331771,-0.3519221685669578,0.2967399456143884,4.252029613383389,-62.58491775016981,67.09366181181986,34.91662408490914,0.4481984368314711,459.22417969098774,-1856773.572668759,-20334.675971182143,-0.4150194743606712,-3.404986140563887,0.23857400124884406,-0.010486890230338162,-66.90703275928718,-16689.31140004528,-17491.97954570013,-7312.298279458086,bowl
R0809,809,FRAGILE,20.0,4.0,48.55498683826883,bowl,static_margin,+,13.883386071836542,1.65530307761556,1.8005350535163078,0.0166393810720576,0.1361411401362442,-54.774009382843616,12.409513942258172,26.2684315505146,106.41850876479845,9.217534576931882,3,0.130984111708696,0.2073426741240631,0.2900252857299376,-6.298728245098193,1178.851059161516,-69.41693035918271,0.46500170511055594,-0.07754796231049761,0.6242619661657252,-0.09975096308905203,1.6467836802653089,0.0,11.999794113017106,-12.646092497342575,-0.6247911706373266,-662.5698544549555,-334741.5325534562,-25335.558157572632,-0.19047491132104288,-8.743830530997064,-0.8103948638028681,-0.12885155361751316,-11.871927541836163,0.0,-9306.749960739451,-8358.111470133585,bowl
R0810,810,FRAGILE,10.0,4.0,68.10030428397435,bowl,servo_slew_deg_s,+,45.28595041713616,0.7606708513488016,2.0822102494629338,0.0121596846042641,0.1545311278473982,-30.31347434109776,8.391053769836894,49.08753085729921,35.99985627964531,10.925487867546314,2,0.001364220885454,0.1506570424910942,0.2463306834385663,-10.003078003013927,858.9556619234365,-68.67449611983665,-0.44225535839631686,0.252932710261157,-0.44916589116868555,-0.45285950417136167,1.9931400735043698,0.0,97.13345332734085,47.53385484638786,-1.3715288343932945,-4113.923438924577,2691109.798517383,20142.046786682055,-3.750331590336272,4.284679392536446,0.02358309460217457,0.13292007765622307,10.513599455520803,0.0,11612.169461540636,-4355.986971968019,bowl
R0811,811,EASY,45.0,4.0,111.35793312379101,bowl,servo_slew_deg_s,+,67.31075327651456,2.0890162853986056,1.0712698364979447,0.022975295196975,0.1945863300388823,-55.61237468433138,7.42545625284144,34.73323546192401,31.479979000518725,10.856870908329938,4,0.0047575150223932,0.0576461583383835,0.075874415112257,3.3641104938027233,476.20322478793355,211.26651398926842,-0.2377354634616966,-1.1406836955646904,-0.5356458840252806,-0.6731075327651457,3.682539075694219,0.0,211.27995200883564,112.76441913393116,-0.5663588261507817,1452.4107854552187,1775636.5619763432,22422.224876545642,1.333085351998738,6.491420505995367,3.2231508245212863,0.16442871253911634,31.4516966118156,0.0,4071.1131558614425,2222.032799092838,bowl
R0812,812,FRAGILE,20.0,4.0,38.60704914983442,bowl,servo_slew_deg_s,+,13.342427522765659,0.4621655310846213,1.94500666669854,0.0133705944458698,0.0618205053052707,-43.85299184129602,5.007317997586838,44.53790764101511,88.61481590160913,13.1761528443293,6,0.1065770314942213,0.1061299588365787,0.2421188714156555,4.479627110155294,246.9346145946758,-47.127491781908084,-0.30318136866119927,1.7730854658011896,-0.00625617746562881,-0.1334242752276566,-1.1654584082471546,-7.06493880347642,50.935094851812025,56.36347837351528,1.3547971340222338,-201.46714689974817,-517885.79986795894,-16021.433505129298,-0.07093431731355127,22209.398034404676,-1.765245309133731,0.02866081328468127,2.6810414079183573,-1883.9836809270473,6566.829621292894,-8522.766920735501,bowl
R0813,813,INFEASIBLE,10.0,4.0,61.236952437557726,bowl,servo_slew_deg_s,+,37.094570715351374,0.5594472131257939,1.7041965179537086,0.0150801812292947,0.0853891998724141,-31.496474419440943,5.601214810598035,29.913890708162125,39.753610046556375,12.690631503236478,4,0.0471224769476741,0.1898741716777587,0.2375205274743778,-6.779348131391784,-317.7829124091371,97.27734969768638,-0.1534532638172318,-1.3475145270172022,-0.3608203340378552,-0.3709457071535137,1.4600265865864581,-23.824882339967246,36.666737583415134,92.56738060955972,0.03410402070171514,473.1817134338783,976764.9562972188,5294.879041387409,0.30593375372408993,0.3468149919543928,0.47889969221541606,0.030439565204551256,6.206418696479715,6353.301957324599,-1677.467631362512,2158.7913923759365,bowl
R0814,814,EASY,45.0,4.0,50.78963526482248,bowl,servo_slew_deg_s,+,14.11903085370648,1.4458125489098417,1.374250433337414,0.0275118850058872,0.2386539182607915,-34.4748229140085,13.62588107182905,41.9158814646726,58.35527752755014,12.548296996203616,2,0.116183624321011,0.0341145663838943,0.4077826798523341,6.774634335587479,314.4396098195529,-43.8485822538755,-0.2656231268355682,0.06190418341395463,-0.3229981840323596,-0.1411903085370648,0.7857835518872931,0.0,151.76474978012635,55.90527251838992,0.10110492116100112,558.0796383466383,683777.0017159848,89001.4018505306,0.2079149665726734,11.062312525674736,2.0155768027215664,0.14118767625175926,18.066543786399606,0.0,22119.35323957995,10302.199477054908,bowl
R0815,815,FRAGILE,45.0,4.0,41.61954392115301,bowl,control_effectiveness,+,9.280727266793122,0.8132438046913749,1.7213065577819022,0.0244228735130082,0.0687710121540247,-64.6581459100402,6.472087718301191,38.69698743033531,104.93519376834432,13.9552054047906,2,0.0146678138374629,0.1694388887775218,0.252395157714893,11.011647062959907,-266.3370419273651,29.04028410570634,-0.031482804093499794,-1.031191918532569,0.10571716406929994,-0.08139457736663439,2.4863135093977475,-30.071109666988487,63.76332528771735,67.16053734368771,0.3286707801400546,-505.00780283386075,-637015.993481946,-10966.521300082619,-0.09846682681022045,-7.693606346306373,-1.1152206427012743,-0.009265908386240085,-21.506537976422006,-8018.962577863596,980.6299429432084,114.86402038258993,bowl
R0816,816,FRAGILE,10.0,4.0,112.76917944620203,bowl,Cm_alpha,+,51.57241366888993,1.098587140050436,0.9018189631222268,0.0267620807085142,0.1013898614504774,-53.4407899857943,8.933623041008046,31.486699061991864,58.64879587404353,9.77114254677354,5,0.0993871321369464,0.1447423335662646,0.230959721791338,-24.907617142287194,-659.5795069301857,-177.56488422864248,-1.2893103417222482,-0.9868782946212519,-1.581227943497113,-0.472552939120062,7.277480653513464,0.0,100.35650897795057,50.737383983884364,-2.5987542721548413,-1118202.0173550723,-1353785.2236688586,10737.668719911835,0.43597155305016244,-1.7252342858693142,-0.9596315597268518,0.021106969889348903,3.661674548857184,0.0,-7570.935592194096,-3006.3332169398504,bowl
R0817,817,FRAGILE,10.0,4.0,57.82251373996877,bowl,servo_slew_deg_s,+,39.96303688141252,1.249310135595028,1.563964844688473,0.0373738761631897,0.1351347356275055,-49.8536069503769,12.679867625941167,37.63985950156756,52.41181942572306,11.351811990506588,6,0.0100490572779223,0.2365232449446835,0.070422887483452,8.33085069290401,-64.79841988485245,108.33032909527542,-0.5304276439614015,-0.07805646263054627,0.11277734672290016,-0.3996303688141252,1.6009622961782648,-6.900016933125919,70.76883526436932,41.45602157601495,0.009192714208150043,112.75924534342839,-442354.5311730419,2034.6837768493983,-0.2554262640118887,0.00015181984356651021,-2.083411541871273,-0.07984250981665955,-0.4386485171485623,1840.0045155002451,-466.3536131776701,-1170.2066168578178,bowl
R0818,818,FRAGILE,10.0,8.0,63.13920655069643,cliff,backlash,+,51.85944177112396,1.4298486246901407,1.888775656601354,0.0110532874959509,0.1158849519721115,-67.16855500730999,5.416694249684739,38.35900507305474,92.55742550610664,12.133607573818876,3,0.0746180648899855,0.1431318885332275,0.4189418396631301,3.071542675104186,-207.80781091656786,67.05759596990218,-0.03907867155264544,0.4253273867652561,-0.44714384600381224,-0.024687076077873016,-1.6699204007359614,5.073754581994554,-207.43776708449585,-69.79717299846325,-1.1566665493721349,-792.9812757815441,147196.7589992535,-36092.51108803452,-0.7622379923214,-9.011759001200375,-0.672738614843214,-0.12312944432757547,-20.312746691947215,-1353.001221865216,23771.05329753129,867.6533551863159,cliff
R0819,819,EASY,45.0,4.0,29.76027303120176,bowl,servo_slew_deg_s,+,18.370975474597422,0.647935797247243,1.928973328000354,0.0249748669254489,0.0796000742708334,-44.72947511218251,8.743851784405866,39.08516571253647,110.8721848067226,14.390715646969062,2,0.079744197740526,0.1398105164049364,0.4251679413025718,-10.270724572370916,183.9668905299455,-23.909677656927563,-0.014944051052896645,0.4436670115507415,0.32330081213919365,-0.18370975474597423,1.3459820592875222,0.0,-26.855853108334788,-28.226186035480236,0.2548895915454028,145.41619219075187,-593118.2469367693,-135.34318126104964,0.08933232715072426,-5.259726799644664,-0.12922363248341695,-0.040782785062740065,-0.10000500205032865,0.0,-2194.5312688383488,-387.85480402593925,plateau
R0820,820,EASY,10.0,4.0,37.924501591744516,bowl,servo_slew_deg_s,+,14.14489420446706,0.3564822299836486,2.063544932568949,0.0250371208128246,0.0435343075803143,-38.70748236953276,13.814675744907538,28.92269229706554,97.26253726814517,10.71828267900896,5,0.0305661191434944,0.0706561374192788,0.3060116277127906,-1.9028005256317395,-168.21392297279553,61.25837957517385,6.096050452797375e-05,1.8341930983431587,-0.11833982244212393,-0.1414489420446706,0.9506062936351551,-18.824152700774466,99.94076402597457,24.9545170049013,-0.5997942091181014,1103.850652801915,-12886.939274053626,64240.651432833176,0.013269641216321904,29.685457706183282,-0.29179436896565336,0.03986423733974613,6.64952557245202,5019.774053539858,18609.677932040224,601.5771709565565,bowl
R0821,821,INFEASIBLE,10.0,4.0,899.8038258054567,bowl,Cm_alpha,+,436.8690289523138,2.610231723788972,1.8964051313853207,0.0345696966506144,0.2243025692173625,-68.28798146513287,5.193424481397054,44.57181067866832,31.180432339238006,12.845226052050638,2,0.1396204824578886,0.1124470657128282,0.2781006028467935,-119.59532665748222,-4397.3771274007695,3267.1003648618957,-10.921725723807844,-2.065958443655076,-9.265090914501878,-2.1668223012330565,5.434905530194228,0.0,292.92708424136896,536.6365253336172,-0.7340745634536177,532.7156488021947,1161267.7264126108,82014.8714998183,0.7221452825437568,26.833629930514267,2.250421192630438,-0.0308611740042727,-2.928177024375142,0.0,-541.8468039504662,10998.417323268279,bowl
R0822,822,EASY,10.0,8.0,79.06081065965216,bowl,servo_slew_deg_s,+,55.32790256616511,0.7418396486369094,2.051639608754868,0.0221710425270677,0.1038157053777066,-40.03650177927169,9.157556499251616,40.63307038585847,51.123456582866496,12.016248095719073,4,0.0653124244719049,0.1083208462965416,0.4450247138471324,-32.30240350140768,1050.3902063139246,-19.71502173431899,-0.126704939572595,-1.1757759991686147,-0.23916903396107186,-0.5532790256616511,1.6779473023137133,0.0,49.113898578445024,36.75951698898306,-0.4362052746948324,1316.3115276351007,1131543.8500698498,6208.543051970847,0.7977661980811939,12.54019647334479,-0.036976796512971075,0.16444892873468173,2.4732234698367113,0.0,5538.725473668009,39899.32942894727,bowl
R0823,823,EASY,10.0,8.0,93.61880585500636,bowl,thrust,+,36.337779690624885,0.4469434364262217,1.5049419724459976,0.0111394117451276,0.0658332381572661,-39.09287168129278,11.868753723585982,42.91823091629538,92.41300185434496,9.570212073881708,4,0.0525937830351392,0.0772494959147436,0.0948807740222076,22.161456142374913,812.8931123657659,8.968823493373803,0.10052433401698213,0.5671116059607999,-1.4535111876249953,-0.23226014419021696,4.856518211653954,0.0,255.25226103510096,45.374075426255345,0.5342550552712897,-152.99080953560198,411517.1280462727,42800.59848366052,0.6213891093078705,-8.574672669031202,1.031237354172244,0.14113435601820432,-8.542960186718844,0.0,6948.904740204987,-5528.858933040335,bowl
R0824,824,EASY,10.0,4.0,39.779590211503425,bowl,max_gimbal_deg,+,18.510791523776994,0.4634763143696356,1.495171597116825,0.0255534510862916,0.0783041191034126,-36.47844826798948,8.973218814620733,49.16411160734088,27.279462551039256,8.102982419031125,3,0.0351417502783122,0.1021357670977284,0.1424087462837678,-3.1021429736968686,-139.28433985949238,55.60746478171202,0.15844592045217387,1.1373661347619786,0.7470789880618796,0.2294746463458089,-2.6443987891109995,0.0,-32.064203037314954,-0.9308368212270214,0.9977100697792172,98.86314506076707,1198763.4188750964,12909.942018398866,0.16476400689751192,12.075633991577071,4.985082222501914,0.15656763897121345,158.44119460478115,0.0,6656.44532069662,3172.806285215468,bowl
R0825,825,EASY,10.0,4.0,33.450523541851965,bowl,thrust,+,9.330079277892892,1.8957243771741843,1.851960804108817,0.0399021217387692,0.1775708769370043,-53.61679342682282,7.167420609904792,32.64796537061596,113.5380091274595,13.44935327146968,3,0.0664004132983111,0.1129806392190504,0.330026345365888,6.190192430380845,729.9586202490093,-22.15366805158643,-0.05172092315330645,1.3371213123595238,-0.3732031711157157,0.005800552406682602,-0.11916408450388451,0.7168079587770811,52.82473266001584,30.920760417988518,-0.2291724360492846,412.80753305173505,416042033.8306405,17938.51511556419,0.34771320004807027,12.49450676432608,1.2910988171505662,0.015801192455542578,16.18168352172869,191.1487890072219,24963.112540295377,1957.7469415508228,bowl
R0826,826,EASY,10.0,8.0,119.00762125305138,bowl,backlash,+,56.45101231354875,1.2233086932621584,0.9967745158136604,0.0228949474973816,0.1098812430730091,-54.250046493352784,5.970506291222488,30.735238698558515,106.03771431691666,9.41290512155528,4,0.04539262619455,0.1468525674264738,0.3021219986743463,-9.776116919237188,1365.4928751116227,110.43702754809864,-1.0686996953651005,-4.844490606290594,-1.9967876690513762,-0.34285433940269555,4.389457525162925,0.0,-225.804049254195,45.59007301811154,4.007853950523815,518.4159646407554,2163227.9529028754,15701.465300759184,0.986610332052128,7.576014891042396,1.4479963481323932,0.1535251963833748,2.0431005797069663,0.0,70202.52857023031,11488.74972146404,bowl
R0827,827,EASY,20.0,4.0,47.50565494732027,bowl,servo_slew_deg_s,+,35.46886975337816,1.14462780156183,1.9051098674924731,0.0335186826468024,0.1197788608875126,-59.27684805928309,5.565768022161687,49.80389850384239,44.74100339291709,12.36396749120642,4,0.1381832399986264,0.1486260823133464,0.1499864160521175,-9.056866045985004,237.50716301775307,51.796884955388244,-0.4374092730852961,-0.7249988632617435,-0.05684898136831879,-0.35468869753378157,1.2062336343410491,0.0,68.98541449860677,4.396353639090408,-0.17064010759661574,273.6221635537644,301524.2419565613,22633.047792074038,0.40600590369318046,0.2221472522689256,16.715670302015404,0.016377779522458516,4.47758100382433,0.0,2131.234654462516,-1198.1718246482399,bowl
R0828,828,FRAGILE,45.0,4.0,52.833614700684016,bowl,servo_slew_deg_s,+,27.5698643102624,1.2822492737294022,1.1799042876723458,0.0382757077572392,0.1567225812766417,-40.50111883923488,6.816543505845102,31.71857202480672,50.07706670232679,10.160195612761388,5,0.0752243850248611,0.2154421453599815,0.2359028733805666,-11.853780583177057,181.40569530895021,75.53934846399389,-0.3270940983746229,-1.4347693423052865,-0.3124437146289786,-0.275698643102624,0.6465302918955228,0.0,34.412910334887215,82.06901731466824,-0.15797969025066472,51.84539187620225,-444837.8380064971,-1959.759191892779,0.2186094202753548,0.8093951088913827,-0.16828446264276295,0.0019725461107820055,-6.640166571812905,0.0,-1479.3376560996624,215.9360272017659,bowl
R0829,829,FRAGILE,45.0,4.0,24.492467303709912,bowl,servo_slew_deg_s,+,16.06555513820986,1.0267038837767033,1.7647154433645469,0.0305931806604551,0.1393720907038184,-41.02353728901269,6.763226407358973,40.14105543292533,42.85113628370476,13.71915723413692,3,0.041495568233449,0.2219127192604476,0.2175863095428289,-1.6546030147092905,-101.69653007403078,43.691523540883246,-0.2582269131728898,-0.5302153162867361,-0.1957977856783913,-0.16065555138209858,0.6763029651430389,0.0,17.256772997766973,18.99420885835471,0.08498883878343566,-122.1879135993804,-177471.61779075357,-3730.6679000607023,-0.06413383898935265,1.688942707634038,0.17398090341041325,0.014137678771353848,-0.2808031965332476,0.0,785.1994235073435,-451.4143963890498,plateau
R0830,830,EASY,10.0,4.0,45.49628702384739,bowl,max_gimbal_deg,+,28.364820092852742,0.4797224146923072,1.6543682569637852,0.0189612783015985,0.0633325917435588,-45.46647812099799,8.083892529831498,46.635698515195074,84.77663821914648,12.02221986695322,3,0.0543582089317726,0.0819903435426595,0.088888154274309,-11.831537492403736,-81.55385314930149,-11.364277301187588,-0.11777126710835306,1.9833152180229137,-0.650851064349028,0.20517350169674495,-4.05211715612182,0.0,-20.43235794483135,-0.08060132173597355,0.4356789390897422,-750.0516815058576,-2160472.203725905,-11186.34396027302,-0.08456975383894028,14.886648656184667,-1.5190077804838427,-0.06993251529443509,2.752572611824314,0.0,-1971.3395914124656,-4156.74708795411,bowl
R0831,831,EASY,10.0,4.0,39.53651115203573,bowl,control_effectiveness,+,18.78199140824286,0.5854266693096621,1.170540344756506,0.0124387381836784,0.0974761510083701,-35.06588295235697,5.877383808929089,44.124790146982974,92.30221322345552,9.14554780462881,5,0.0259333507495119,0.1073494225066742,0.3509686464636533,-4.926544086560698,-373.6064783705243,-33.95555890932484,0.19529112248660896,-2.086887934249207,0.5968478581948329,-0.11713822504459728,-0.5832095611072743,0.0,86.87148803740095,24.298874721331853,0.6831906589938157,-262.8270391222699,-1447888.6814695522,-24405.073587018745,-0.5742599251079201,-13.962778855859138,-0.9635507545620424,-0.02371023726314476,-11.713841335732168,0.0,12.570276858377845,-11030.82962578767,bowl
R0832,832,FRAGILE,10.0,4.0,35.65150321520253,bowl,Iyy,+,14.283379091645333,0.7457727545687023,0.987015577591984,0.0314165824838065,0.0680595974310354,-66.90369066193955,12.87717885208459,48.25332382610287,53.74122623813911,8.010932464932841,1,0.139498508023078,0.2412529059803464,0.3431338719750157,-8.350270436528117,-476.1126363881778,34.08458639853081,0.04255871992891347,-0.42636705607847275,-0.1865921156068211,-0.04340668521044897,-1.0107822302091125,0.0,48.27347029249716,64.5273667054357,0.038888397484155846,-299.12754621887285,-256415.98344988574,-2717.099264884449,0.02092527549508194,0.4793921389071563,0.2860909509702583,0.05308573906584613,-3342.1678716903148,0.0,12308.41914611672,7552.433979369804,bowl
R0833,833,INFEASIBLE,10.0,4.0,89.29173773955878,cliff,Iyy,+,65.35348695586295,0.8325551611722425,0.9593924105500364,0.0119760259457587,0.1290279951242801,-36.29380809769894,13.63745373222574,40.95135701263615,42.39235517001562,9.794644274722971,5,0.1212324995388774,0.2363841775286037,0.2938510843215851,-11.166773300875672,-2178.4495651954317,-27.779488349040797,1.0418433644418323,1.2131790626494148,-0.14919903271738236,-0.04655806048037654,-0.2478165968349142,-33.20506973002351,-146.42003684815506,38.09981519740312,0.5507554551120766,953.4484211884544,588845.7243827679,3137.66077777068,0.16292335972101046,-34.96194327918248,-0.6044261870808577,-4.7669527663600775e-05,10.717029594193269,8854.685261339611,-22288.956942404075,-4452.758393151557,cliff
R0834,834,EASY,10.0,4.0,22.668995511165534,bowl,Cm_alpha,+,9.701575989792737,1.1236734912042994,1.6796906526612534,0.039420866325796,0.0812710982669702,-64.04936359244054,7.477094537099997,27.77684921330261,69.81644208074306,12.252286176861515,1,0.0511053579618926,0.1420008774001634,0.0940068846269491,-1.9108557767194947,483.71563920348495,-3.225094019553689,-0.24253939974481842,0.7021928691946693,0.28752621610177514,0.09845217321955675,0.19315763510487777,0.0,-2.8521521065075435,8.885547025049977,0.31326693713051457,-436.2643358820931,-2205808.9899534183,-8997.432906858547,-0.10037037901183732,-5.122450294966436,0.08624713210638674,-0.009914795926912747,-7.20511741035211,0.0,-3962.614663214012,-3493.6469710571973,plateau
R0835,835,EASY,10.0,4.0,27.74446475162238,bowl,control_effectiveness,+,14.509483849535064,0.9670966021750332,0.9958189286290948,0.0334920281514144,0.1743791476139467,-30.91697275942873,11.8771705389232,40.22579812462164,116.83872920376888,10.198564870875687,5,0.0611509592938948,0.1305697001952656,0.1510916406656204,4.349103911870581,-291.0631949002409,-15.987154877590934,0.27182328976820225,-1.6121648721705626,0.06545862037292807,-0.14439151130377254,-0.38142462399572824,0.0,19.265508414835352,-23.15835040097968,0.5518247724713037,242.6568521620897,1757573.6729695376,-15354.014984716072,-1.1712830728232986,-4.577605729859215,-0.44308181290943593,-0.07362200853320186,2.8120416294041135,0.0,-592.7586333446417,3197.979722002827,plateau
R0836,836,EASY,10.0,4.0,62.1540634255945,bowl,control_effectiveness,+,34.22797654898345,1.6413498021045183,1.8508301048209697,0.0187928812431291,0.1522813629948526,-59.89988116635214,13.735890707785863,39.9764748444868,73.00619238020988,11.125722070952715,1,0.0270436929215441,0.0071714871879019,0.4387495537628178,-23.31293880848504,377.62805471259077,8.973837425020463,0.6972242016097454,-3.8031085054426055,-0.2224312427374011,0.013730970284776767,4.411276562632162,0.0,-11.95373459315819,-5.206756391118234,0.6383264120384431,1444.3043047107415,510528.60125057393,-486.9699109672068,0.4290039018646199,57.83495437088151,0.4511729906622472,-0.01050769965396018,62.07867082124759,0.0,64171.84322878802,3563.2861402180433,bowl
R0837,837,FRAGILE,10.0,4.0,63.71287983958912,bowl,Iyy,+,41.69037301370713,0.6091104061875976,1.810274001042852,0.0343472368452645,0.0508334223149322,-56.39806299088163,12.208275560278537,28.674535643042866,114.20643405572233,10.977705041594024,1,0.1193125663122568,0.1800783813400708,0.0507804312637416,-17.28519703473031,-1389.6791004569045,119.2887937540142,0.19809919272906829,-1.4075448651671976,0.2641170889722435,-0.12581266070454786,-3.468969989948629,0.0,-69.92129804796033,-3.00337720468874,-1.4960267739680368,-581.8573361729331,-2608348.843476532,-1888.9313564870838,0.42346248685767396,-22.994397520647762,-1.6614143220676874,-0.03923410520962385,-1.847275236579393,0.0,-13434.79299678704,-3177210.4520962657,bowl
R0838,838,INFEASIBLE,10.0,4.0,526.4961102988445,bowl,Cm_alpha,+,322.5809090200828,2.6984110472250267,2.0156678605349487,0.0264632179412426,0.2390606148988895,-56.98094351700917,10.040283986007625,32.98530328937808,85.83322718781243,11.954864203024687,5,0.0244484193628068,0.1652417768855807,0.3859423281968379,-189.35628576541154,2174.4662394337556,1257.9258228220372,-8.06452272550207,-14.798681162510137,-1.1262877772407678,-1.6129403876948671,-12.140582143392567,0.0,186.6320048091536,-7.847055485241754,1.4538116536499253,1732.6152070335204,4435496.370581722,-8840885.533797596,8.369115370064122,7.785741203087325,-10.011875713254417,0.6775689764009962,-2.6299017244126066,0.0,119098.36373682367,36521.95650424583,bowl
R0839,839,FRAGILE,20.0,4.0,32.229289964253205,bowl,thrust,+,13.109202336787346,1.1608958603351955,1.1069861730859478,0.0178902979412471,0.1257106559826154,-52.09905759111258,7.633372595904867,41.19824844558464,87.34893189306696,14.521256405662438,5,0.1196344626983731,0.1188757530942727,0.0883466331234456,-1.6393822083893566,-396.3498612488963,14.654441850445995,-0.12295721205183119,1.4593469115127666,-0.5243680934714938,0.17351555833600968,1.6019080237569119,0.0,12.52729219308399,-22.32052748889128,0.7134019157234102,-907.6055857978918,-1699354.2976970184,-33473.23159789958,0.14485455766287947,4.30110996474986,0.2913554337386893,-0.1056096806921461,-5.423302413207928,0.0,-13352.606362681712,-12868.788935934219,plateau
R0840,840,FRAGILE,10.0,8.0,76.8017692334892,bowl,servo_slew_deg_s,+,41.707490505866495,0.9488310739981498,1.180779314903271,0.0111223591547616,0.155912539610653,-33.2635748957327,6.212665405859415,38.670829993345855,59.15256689450997,13.216484172689997,5,0.0954781228780757,0.1277670651563671,0.1917620812955145,4.44960894102474,617.4598333800252,-32.57655971381454,0.2709680504980052,-3.603664075228606,-1.478660172800074,-0.41707490505866496,0.6196532541147733,0.0,128.43531457166935,31.545245926619994,0.9226715293636056,293.95049888965656,-2552831.266786381,-12990.248849069998,-0.24062573044923452,2.9941094520469265,-0.8641556010656802,-0.050467449081884296,20.32795171784083,0.0,-1566.3136830769765,-885.6847343524796,bowl
R0841,841,INFEASIBLE,10.0,4.0,75.67365168854644,bowl,servo_slew_deg_s,+,36.05123255682724,0.6441898106365379,1.1584845647708566,0.0212443633090589,0.0826446176846258,-42.76524183494866,5.047581405963056,38.962307469092224,40.94191912257915,13.729328070286378,5,0.1393128812219316,0.118611015672812,0.2972988700333682,-22.382477150387615,-345.5545192871859,171.93767302641635,0.17266415497598153,-0.532503406324758,-0.0550418103461439,-0.3605123255682724,-0.0536727233581758,0.0,63.96147666341237,114.21034713445603,-0.4226871021647174,902.9721657199082,1258359.5089397866,34688.53099324253,0.23589613456149472,496.7181667834466,1.1594024545258277,0.05369793013772394,1.6426541565612776,0.0,12246.254277939654,2981.957867142281,bowl
R0842,842,FRAGILE,45.0,4.0,43.37668574025205,bowl,servo_slew_deg_s,+,29.221616569227777,0.4339907242195683,1.567850043050672,0.0297841504351437,0.0600218823659576,-34.55534720596472,10.92472846389908,29.56311598089395,87.90504109159114,9.556143386970945,4,0.0336536208754183,0.2198048798582544,0.3100644601023973,-17.37437083368339,267.8362594358766,-26.981352353183613,0.1320141767648939,-0.7573988933279553,-0.5074336862997761,-0.29221616569227776,0.16798669428111845,0.0,21.83635487623631,38.1440785818636,0.2277360027423545,-565.5180102935271,-1424066.176705181,-17552.57051159304,-0.7326636483355455,-13.45713282192183,-1.4475533370292066,-0.06570319886754397,-27.86195224664111,0.0,-15469.49083482809,-8364.38234701488,bowl
R0843,843,FRAGILE,10.0,4.0,34.14642182521409,bowl,servo_slew_deg_s,+,15.559192517371631,0.6518600967550623,1.0753482655249968,0.0343178861750284,0.0931121864263834,-40.131575702434816,13.611045307878832,42.53417728232412,118.6355610485316,9.065763449390058,4,0.0466424165667139,0.0137478110715437,0.2991879824596301,8.775409595585122,77.6693042363077,38.59850432321636,0.20787315685050456,2.084385169289818,0.4213726653184299,-0.1555919251737163,-1.5701392433918104,31.76265729537313,26.58735436946177,-13.291552218560808,1.4183871851177188,-201.76728217995446,-623029.7578971251,748.2779858593965,-0.06893646028390266,-1.446408937946242,0.578233468072927,0.06473972466914979,9.070217207494128,19726.59724020875,1148.500795660419,5427.041712539714,bowl
R0844,844,EASY,10.0,4.0,101.95974608014092,bowl,mass,+,42.81625328659147,1.486783299834001,1.8710571603214723,0.0238864340911204,0.2115915923683093,-35.510412326823314,9.079445655276036,33.05782319837443,108.24246179917192,13.65759425332666,5,0.0568372463209894,0.0233310381916675,0.0746832853714689,-35.68021107215955,1182.9707348322188,-205.91344311703804,0.4755156159182151,3.0301065851308526,0.11357304691774814,0.582229709789815,1.5728058129934972,-21.875742944364873,99.37990093842204,-47.060388756282194,0.5598336188609583,-443.49656561038444,-266986.0179164085,-16617.723025978976,-0.8396305248145807,-11.860230220364052,-0.8504750946419393,0.1252964665713806,-13.899863390671756,5833.531451830633,2518.145126830838,-7124.293323641856,bowl
R0845,845,INFEASIBLE,10.0,4.0,270.1516225248516,bowl,thrust,+,151.6311958943831,2.183821374220796,1.9948761809073237,0.013040421278191,0.1908534120733808,-56.80355226567303,6.916372968111844,31.89906700838456,67.20358644799717,13.225439662360037,3,0.0135398323671415,0.0197162112694693,0.4263179016128062,-65.02122970717365,3764.491255868603,347.4041662922334,-0.09558851304279159,-8.961732495982623,-6.065247835775324,-0.6468216484072353,10.214525086906729,-85.48302298065002,379.0757871689737,92.13708741586899,-0.5932778892037422,2400.5340020824992,-2548540.2096284595,49373.53917438694,1.0325050639109339,41.60578546480734,3.2798715244795495,0.3539235202644035,21.985096213294934,3197.1396208344536,24328.29592943362,1362.5925966295035,bowl
R0846,846,FRAGILE,20.0,4.0,167.98065256340038,bowl,control_effectiveness,+,120.75323351125104,1.710710593684342,1.026992135310104,0.0240793651779218,0.2267797404397401,-38.13792566328687,5.251110865803778,33.08498263967239,100.2492932612898,13.518005829346055,2,0.0087905042616556,0.1265674790710902,0.2217008171871782,-15.211306102928972,179.19168780454504,281.7446360153568,-0.9917588859512927,-13.41702594569456,-0.6540782461819269,-0.40118660466689404,4.273016625341793,238.47102942000942,263.0021388761137,-30.708846051869205,1.4752351834850046,-577.9159051514036,-1510403.8107684704,21035.04421575275,0.05665162434452853,88.3416718549057,-1.1660179570868012,0.006454841791007482,41.336948930050966,63592.27451200253,6389.594089037113,1151.292164612967,bowl
R0847,847,FRAGILE,45.0,4.0,96.6399064369966,bowl,servo_slew_deg_s,+,76.69123314927249,1.3752612947650862,1.6439559154444627,0.0315914964782589,0.1756081086851018,-46.44467090753288,5.821342355659074,45.525196311558446,28.72350978196643,9.232323847961313,3,0.0425549093930457,0.188255189994653,0.2614869297325681,-9.84269125123332,110.50933546114244,134.2964028547106,-0.5812705438662809,-2.5078865921197004,-0.33033522381464664,-0.7669123314927249,2.9047567531351404,-16.02530373353505,60.616333414578435,71.5319410140251,0.37706841064042607,-223.335896317322,-642519.8131582682,-10404.9811814345,-0.27466260813883014,-0.883224215009429,-0.027815101954996636,0.03232260994847569,0.17003459450551262,-4273.41432894268,1664.7591769907165,-2290.281421988705,bowl
R0848,848,FRAGILE,20.0,4.0,80.66135285982588,bowl,servo_slew_deg_s,+,51.027325710976015,1.4571984296157128,1.904892250249628,0.0218261634288309,0.1123489643138663,-65.96087987680968,9.08830412882459,33.47611066937122,54.124689852248366,13.53981219657392,3,0.0891013202896875,0.0866208447176787,0.3704377618478817,7.988011389403031,415.3070123012592,71.73465697910761,-0.5141416754685211,-3.290437249166353,-0.054528896929619465,-0.5102732571097601,2.302711261419077,0.0,159.63609131347897,-42.95155305731054,0.7441745387811682,-967.2627706480472,-1472887.054950209,-36075.919268216305,-0.18995642394836088,-6.944888761164285,-2.05201484506513,-0.019014993216841417,-7.659798097783171,0.0,-26023.815682477052,-13826.465788844705,bowl
R0849,849,FRAGILE,45.0,8.0,58.72921128337269,bowl,Cm_alpha,+,23.468011655744398,1.792374659074104,0.9869111003409125,0.019956690820577,0.1627886454519476,-61.3886978455089,6.223452216602295,40.23729976305761,68.31560968889283,13.745546534434354,4,0.1352388985147482,0.2040458712682354,0.0648839273819864,-4.131916947055429,918.534066292188,163.4324981719434,-0.5867002913936099,-0.9411066741258105,0.19905422084551888,-0.1394450874143775,1.277604109261167,-8.410079966593397,75.36760072193587,44.61661132327586,0.23886395160768537,-1198.0819552242124,-1264108.1061791142,-30764.55402702479,-0.8554517944048436,1.0262536865708516,-0.6092285878069004,-0.08787483215597987,-1.1150474869679825,-2242.687991091571,-1668.604583525493,-5368.675745705342,bowl
R0850,850,EASY,10.0,4.0,41.70006566023086,bowl,mass,+,15.685236680672295,0.4938409367694984,1.292756893022604,0.032594517336055,0.0761752364113494,-35.23729388586307,5.477713891919205,38.240177557041264,109.91662920616048,14.96546110640639,1,0.0022896911749142,0.1911189863589245,0.2290636453816317,-13.071030567226911,-136.58691747677238,-40.83582631032254,0.11558623928409117,-1.3949921779403067,0.3887168105644861,-0.1433314656044952,1.2327346057622652,1.0657686059768259,114.32291388199506,-15.642600099288382,-0.8345155546331,-401.23260186451824,-818406.0625562007,7623.570160970371,-0.29297737623615916,-0.7192284890171297,0.7222286375064482,0.015425626508536858,-323.78233656286136,-1990.1146397617351,9880.13841262445,511.0483640503518,bowl
R0851,851,EASY,10.0,4.0,68.74647656221808,bowl,static_margin,+,29.92268631313901,1.269060485242528,2.024348612269438,0.0269307653145696,0.2362631252318685,-31.849623483151724,8.977237534233767,45.50899110997802,45.29070512081111,13.400467575964685,2,0.0394551878448675,0.0245813990863701,0.0931942121834732,8.602164211987976,-387.6864614110669,-149.61343156569507,-0.09664390356883769,-2.7671916673768093,0.060297471727361794,0.35794455924809454,5.22393682752148,0.0,56.713329609975,28.719323740773255,0.47675524862646856,471.8718597589358,783648.2919909213,159584.88844116213,1.2903882509581688,20.3065645219997,1.7092337424428012,0.16616442833725734,24.120311686869993,0.0,8179.982218259685,5363.6163586841285,bowl
R0852,852,INFEASIBLE,10.0,4.0,116.63526023472721,bowl,Cm_alpha,+,56.25598105181851,2.5668404519677144,1.997997231524236,0.0397608746141019,0.2052159952051712,-69.78540495438718,13.964798600200965,40.291666392321744,112.16171316889296,8.865092302428225,1,0.0662852873036388,0.082986872449468,0.1560975391120628,-13.455922817112427,-1255.0266404354825,261.4210699772832,-1.4063995262954627,-2.2059251947963103,-1.0021103789656067,-0.13623818002774363,1.891038283507828,0.0,-83.37150650892384,162.21211436444707,2.0331744224316726,407.95938084988614,15541748.861197187,13906.193922129894,-54.979859734953,-1811.917595210392,-1.883397255297267,-0.08019613864818326,26.715961248990883,0.0,22616.976818070736,6431.427291741848,bowl
R0853,853,EASY,10.0,4.0,102.99003269686327,bowl,max_gimbal_deg,+,62.76193354746219,1.8354218767899224,1.639260410074204,0.0120318905625408,0.2218769985870519,-43.93580065691384,11.02952546336379,36.51331000118272,42.289366940454265,8.666384722185457,2,0.0907156103654208,0.0004621982691419,0.332916887716182,-5.789608347174585,207.69237683536096,132.9546658493793,-0.5423720487574191,0.4516335231804771,-0.08869937578295381,-0.42334583651471824,-8.965990506780313,0.0,-239.11065448399972,10.00785324944028,-0.10660793356648357,974.430940438222,997854.6207275069,-6461.574011921704,0.3051128766535516,-3.643667530716002,-2.187766502733566,0.08698704726807954,5.468486749887647,0.0,2993897.977317636,-828.6425514521685,bowl
R0854,854,INFEASIBLE,10.0,4.0,921.707483195887,bowl,Cm_alpha,+,431.68972817401186,2.581348579363972,1.4451791586231857,0.032070571661257,0.2079400877461879,-59.84670252031421,7.855253671645192,30.08326339762736,21.730374228514897,8.295530354239872,4,0.0941518055629403,0.2122817983828049,0.1745370171001149,-123.7388085029629,-3820.4241710261103,3123.589028291346,-10.792243204350296,-1.2355171249230232,-11.417638072056803,-1.6688594005892532,4.374774764882246,0.0,82.45218153306148,890.6395027196173,-0.04396494396506512,-652.7140367361667,-1102041.7882169525,65930.43158315185,0.34434430674193095,-5.107223823592696,-0.2654962061847982,-2.6581501618080674,-9.002477775708696,0.0,-14923.495776599677,-9632.878760654801,bowl
R0855,855,INFEASIBLE,10.0,4.0,227.41978779423638,bowl,servo_slew_deg_s,+,159.22664743512917,1.6846233513947082,1.2799624845444206,0.0123017338108467,0.1677016317604948,-50.26607205330794,7.02567379601228,32.41008723391425,29.85903471563912,8.097378434489709,5,0.071948655891254,0.1138800234287699,0.1906953104185889,10.308292475683958,204.67002136552523,280.210552768876,-0.776944000489614,1.8134082833540979,0.1629547487329802,-1.5922664743512915,5.8925675924802245,0.0,282.83205554314213,307.05652411589136,1.7559785845741391,-751.8305357444528,-1791077.2258204157,-34654.40151677606,-0.5198930809439162,-11.42296743231836,-0.7593257900346635,-0.009041837071358997,-777.2666964298065,0.0,-19187.30377690152,-3295.1323112409477,bowl
R0856,856,INFEASIBLE,10.0,4.0,45.505356654107615,bowl,mass,+,25.222092798347315,0.5364492062501613,1.6051632597123802,0.0141008396611658,0.0829889186524042,-39.27477796260129,7.240243566890998,47.7828259987301,96.54390582950428,13.324133077502944,1,0.0532220944819393,0.194229892226396,0.4207160772281359,-21.018410665289426,-411.72855463433746,-46.37488662197449,-0.13759407057033624,-0.2950145986788201,-0.2003772361442202,-0.21020522335544775,-1.187545785582185,0.0,78.30614927090785,38.67721140677155,0.8099213618910888,668.1389286588628,558581.7871005166,19440.201641663643,0.45154819053564044,23.048518958542434,1.834450690705387,0.10876715352469432,33.08033062890078,0.0,21574.09248968109,10174.778598093502,bowl
R0857,857,INFEASIBLE,10.0,4.0,1153.3211215361973,bowl,servo_slew_deg_s,+,540.4176501443303,2.239316477786621,0.9283963017608404,0.0178411460268526,0.2364686847929672,-55.80447820648013,5.721918689456382,44.94855975005034,21.329473370736054,11.3192609362095,6,0.0406444771810716,0.0453253773601422,0.199014853793064,-298.9584651445263,-4805.093342910657,3026.4996143702842,-12.74230010848045,-18.3985598825458,-9.548279056859041,-5.404176501443303,7.669471510536189,407.47003930363616,1069.0106299244583,790.5722806774207,3.450139312979985,-8206.210796189605,-2677220.4473375627,-1543704.488767765,0.07735348175127399,-11.938948888968131,1.29899235312776,-15.307801628258776,0.019587212027406153,-108658.6771476363,-55549.603436677135,-36825.852338921555,bowl
R0858,858,EASY,10.0,4.0,73.96469152220541,bowl,static_margin,+,58.59289275718922,1.4305183009081444,1.821800474979076,0.0137203715969265,0.2371849442108716,-32.26305723546686,11.753757353858758,37.03904611759679,78.72456529514972,10.381434111361465,4,0.1442065431565319,0.0760289096496214,0.3824447577728091,18.002367974608198,-689.7842620250781,-292.9644637859461,0.2993823475390387,0.12419461460364663,0.0018359928509241285,0.005493259472087964,0.9435495341694718,0.0,-99.17390343264931,46.059900349674,0.42511649511216065,-404.26923903745137,-162665.23076698932,138969.89884481084,-0.49926499393794654,10.173847172191044,0.008415867314706702,-0.12590464381031055,49.27300152335666,0.0,-19722.851777029013,-1143.6145077714134,bowl
R0859,859,FRAGILE,80.0,4.0,125.14283257740026,bowl,Cm_alpha,+,77.90225074532201,2.6847356306925265,1.3112605029585618,0.0244893996331034,0.2092361503980637,-65.36624571658413,8.890662510504804,33.59222963137918,89.4490866322031,12.313463541356525,2,0.0740493740585097,0.0369775229120018,0.2686256616577796,1.4103033807285899,-774.1788809956994,11.783934194006907,-1.9475562686330503,-8.08894671977117,-1.1012165356622776,0.09717390209279894,3.8799707034116997,0.0848916263869625,181.6644931818978,23.92510380177606,0.3260790663979405,-2353.4192521247837,-2891178.476079533,-47802.04837205005,-0.9063043548381917,-10.473576762717592,-1.555292187510463,-0.17727787882050344,-54.939836394558114,-22.63776703652331,-46373.17731970916,-20017.25345792588,bowl
R0860,860,FRAGILE,20.0,4.0,44.63661376951036,bowl,mass,+,29.505888831083237,1.5749802881032526,1.5582967908007066,0.0223216973159626,0.1971622383511059,-45.61628437210212,11.265706660458893,42.20835304038805,93.60730610046204,12.650049889798671,2,0.0043113856646775,0.2087553606269454,0.0951942038159524,-24.58824069256936,302.99546227943915,19.757312484731653,0.15398224085643086,2.092239686705735,0.429316969381356,0.10372550910241732,-1.5821380236128888,-71.69273377708001,-1.297274634640856,32.58511440885323,0.47743639468595056,-21.113468408120166,-823961.0962969236,-5911.336963481471,-0.1254025489315609,-3.8717826785943474,-0.3013654448891009,-0.05041620021473186,8.950672992812793,-45555.64969392137,-6581.450173394501,-2971.670949530177,bowl
R0861,861,FRAGILE,20.0,4.0,20.440873711417215,bowl,mass,+,14.232371656048173,0.3545730731625998,1.4741927095751977,0.0308368502720563,0.0451293396914116,-46.75268062124036,7.885864534787222,45.833270271044256,107.14700866537724,11.148873327644596,4,0.0308889253870238,0.2486691972763336,0.1930516041241696,-11.860309713373475,-62.38366141240768,-26.372655881119087,-0.013957525975147433,-0.2781201805526224,-0.0031356229314809525,-0.06955384593854648,1.294580619970612,-28.074552680934772,19.7311157712279,-5.475895860995723,-0.18916304983248056,-2.2148180415385905,-416800.1773991389,-34361.15585719609,-0.05125707824950698,1.8466763035388398,0.13027976612059092,-0.01987911646989893,-3.101310341359317,7486.547381582606,-418048.14091860136,1231.0661295962054,plateau
R0862,862,FRAGILE,45.0,16.0,93.06487430777538,bowl,servo_slew_deg_s,+,49.6795660164444,1.3266375379021775,1.7334443869798686,0.0246748096323944,0.1186352105478494,-57.33104260150694,9.120468699153516,34.02230110711308,71.72415666497471,12.749986719460018,4,0.0323780375496579,0.1618712132326731,0.4460159209282923,-25.511396017692427,-459.7803551485759,170.0406528035138,0.07340650123703085,-2.4221706540340486,0.5688996412117724,-0.496795660164444,1.934272085510035,-81.8734421870308,201.0975277569793,-47.514262402706876,-0.9297567448668937,-995.5036246712488,493787.7130800316,-39100.350484035436,1.0805949229223124,17.693211468421982,1.597844131644282,0.10222124337304386,15.056226810125251,21832.917916541544,15528.069658297529,24059.547369223532,bowl
R0863,863,EASY,20.0,4.0,52.57190891180628,bowl,servo_slew_deg_s,+,27.122952054421432,0.7427084485149518,1.531608409782396,0.0174290501898563,0.0695758811802964,-53.25215498476778,12.2348046658386,32.211906821033786,42.47799886909685,9.881295258580623,3,0.1490321848633215,0.032193409304783,0.3344399057003868,-8.42759479193967,172.53611347143004,99.21769986678065,0.33046545624332113,0.5544716826932697,-0.255070083982995,-0.27122952054421434,0.28200591356028304,0.0,139.73457657767918,-15.961746393309504,-1.4296442167632755,-441.73632362123175,-531992.9145529517,-673.5163811519935,-0.5708120138935322,-18.223167912540273,-0.17301030638047452,-0.00461682593997395,-10.336263501559078,0.0,13811.400045607452,-4357.807898631426,bowl
R0864,864,FRAGILE,20.0,4.0,70.22263223287565,cliff,servo_slew_deg_s,+,61.50265539452941,0.8967813002009001,1.4005147059036522,0.026608516984076,0.1008876427539653,-50.89031471868431,13.558825251546049,42.42623494664667,20.650560153010844,11.402702095090556,3,0.0682226306221923,0.0996266338481948,0.2158549766185566,-8.249775003853333,12.006657694108458,36.562674902317056,0.2394141065533253,-0.3430437126541475,-0.4102042639660752,-0.6150265539452942,0.4393131740389379,0.0,107.62852052162646,18.903313157291954,0.023398768626218924,638.8899567524746,627735.6748387435,-4677.864447898181,0.06382733937225105,-0.6886733108693059,0.041753697709930294,-5.047206580697308,10.40565407587464,0.0,255.42164310479632,1554.9362294708108,cliff
R0865,865,FRAGILE,10.0,4.0,53.203475379721574,bowl,thrust,+,29.826012199941115,1.5542343678029382,1.3465019558323488,0.0211753150770379,0.1431274712523585,-66.66731842498453,9.491664705428615,48.78657287792373,88.18950666463363,8.648807704813422,5,0.0482181192001627,0.1059329704386402,0.225995014148022,1.436327577006253,-693.8731729821493,75.81925356817953,-0.06799413365803053,-0.8033509925840747,-1.1930404879976446,-0.048933366909214196,2.9907087636425245,131.15685586567702,75.74784319513304,6.729501047259027,1.0109251438662494,362.78641754125044,-966215.0178633879,-3702.2687886223093,-0.385458628469602,-5.578070750398249,1.6069217232764388,0.08285708378975634,2.7997425572971744,35117.040246820405,7107.898379939079,-2576.4712435007737,bowl
R0866,866,FRAGILE,10.0,4.0,285.32746566260374,bowl,thrust,+,155.35250119279144,2.265972929621176,1.3433181990572582,0.0220346425611147,0.1991630339101031,-68.66056705445443,7.011774300986284,47.139412005300656,110.280385279114,12.581491291046454,5,0.1204758425873607,0.2436076653882858,0.2680221494512433,-24.238074327676863,2828.1947270929822,714.0826068270912,-1.9838741131610234,-0.5113653887558337,-6.214100047711657,-1.111683974296422,6.662348993134484,0.0,-124.26387116267007,209.45097671397068,2.863219470282635,1470.7509924694252,2972499.965006314,77594.87304378545,12.324639506595643,20.554459763647685,8.36770827429334,0.25708093441314067,47.94889898872507,0.0,34892.25283591561,20096.576892113942,bowl
R0867,867,EASY,10.0,4.0,50.284354679599105,bowl,mass,+,21.43375979928222,0.4345514005244765,1.5524237156793013,0.028360804671361,0.0603922197175493,-42.481352610005935,12.82209370967374,45.11673950319323,65.92497898249019,11.524471143664382,5,0.0992308960518584,0.0515612588006169,0.364471757281729,-17.86146649940185,-576.6063732635641,41.21575336307632,-0.17898199467525555,0.019506614001916993,0.1015460292516945,-0.19601372788806382,-1.128186183147515,0.0,138.42653756678402,0.11458276409455061,-0.6869897670688694,1360.190567804478,1248914.8472204139,22386.312027556083,0.16474514648067218,17.10045419396686,0.6443001296551251,0.1987908909700639,11.290581168497585,0.0,14809.577572984434,14334.01038271455,bowl
R0868,868,EASY,20.0,4.0,148.61562001752023,bowl,backlash,+,114.58651454820897,2.3161080023773377,1.2567900744900071,0.0271699757440182,0.1968696611778928,-56.45572839723508,10.717646093473885,29.80693776129202,113.45776921464606,14.235698758604643,3,0.1315602186421549,0.0041021516092433,0.2123447767477012,-29.07662497107436,-57.437194744425454,-9.955981639151625,-0.9898190482468068,-0.9972976326800023,-0.4227056279299358,-0.4248048536366159,6.40729503151461,0.0,-458.34605819283587,-116.08500953355433,-1.5176871226558561,2463.0288638468182,-656612.5071835644,-11256.221242790285,0.8637725638346931,17.5330697647356,2.2087024945455704,0.1778942669576317,55.11383707858789,0.0,408260.8469481269,12575.069437943344,bowl
R0869,869,EASY,10.0,4.0,19.99803961131602,bowl,mass,+,12.31856816584807,0.8676030468292102,1.834528515276733,0.032147910896091,0.1063303596087907,-43.52417526246159,11.598713699464623,36.82942057564573,70.88134939811327,12.455126313229938,2,0.023064288436597,0.2258101144580256,0.0570717530506968,-10.265473471540057,182.09923045527177,-14.406371298785126,0.010955572627609433,-0.07544403080285526,-0.032421131625637936,-0.04535100083566577,1.1935363994787873,-23.01923934526151,2.3823270057961454,-25.74786131925413,0.13476400004451267,396.1408854613273,-306027.9451306785,-13536.815273062548,-0.28904740919371685,-4.437064390921114,-0.5707332277964983,-0.012093142869775227,-5.85158151718472,-6138.46382540307,-5089.670059892421,-2842.5484530819176,plateau
R0870,870,EASY,10.0,4.0,73.30684834435195,bowl,wind_strength,+,45.95469469567301,1.336091644658172,1.186574141145586,0.0339097291420102,0.1866660096112445,-38.787546667781214,6.512878626072268,38.01053394284979,118.47518994968156,10.770855145656252,5,0.1190108925498138,0.1375170902850354,0.1385263331156885,0.15694952036356574,35.67060765877743,-49.01078520933937,0.20269346755566509,1.296531393987068,-1.2900559363510413,0.3279676932976645,-3.97950598134973,0.0,33.73627756320798,-114.88673673918252,2.398204414599543,-645.4740802122285,-214823.4674589864,5982.42280326416,0.040707086169075035,28.56424797434471,2.532770902779585,1.1453358151588604,27.39438258106629,0.0,31953.110087468303,4162.627720918767,bowl
R0871,871,FRAGILE,10.0,4.0,26.430261257297094,bowl,thrust,+,18.04836720230077,0.9856604510693968,2.090695996884477,0.0320404741113275,0.122501776818768,-47.98729320757792,12.323414148216344,46.040918377472096,103.84601308080023,9.831177801507792,3,0.0105906427392352,0.0324008773739463,0.3177015703466652,-3.0033358074571783,284.6974367750955,19.703580225844902,-0.16388118500489024,-0.7031064017257126,-0.7219346880920309,0.036577426268693,0.1957437553670922,0.0,23.860305346351115,29.314747301636363,-0.1798936704970413,22887.849146924495,-156815.4599590927,14055.445782618966,0.38283536510655236,1.4042220571807884,0.6754876660733186,0.014405021483943443,5.979725278963873,0.0,6726.459511090324,2124.2972840317693,plateau
R0872,872,FRAGILE,10.0,4.0,121.07525524728176,bowl,thrust,+,43.49919344994383,1.209451921234133,1.6962099212009174,0.0211200591963873,0.1182713200785954,-56.85934134215397,8.82104680664398,40.01719808454117,72.38366206644346,12.173015374473692,4,0.0921672734931429,0.2399966260078684,0.3254316639077891,67.28487921016145,-1167.1173470227163,-188.3961318000957,1.2013323977639532,-2.465427978582717,-1.7399677379977532,0.0010320989652923274,2.503568360525004,0.0,33.27678342327739,51.49701434752938,0.34851893963848024,2078.060900391613,1845323.893809818,39849.40930483854,1.974826270910346,9.848035878106712,2.749125573280844,0.0822967833724639,9.729484883654175,0.0,4964.770847957301,1312.7751823045062,bowl
R0873,873,EASY,20.0,4.0,51.609764911125886,cliff,mass,+,24.140136440942477,1.754129814527647,1.974749135192543,0.0164784460271446,0.1782693516819623,-52.17332050125847,5.581490396101174,36.39051670886843,95.6470148759585,9.624155972828822,2,0.14264563070323,0.1905421521103186,0.0676443987454677,-20.116780367452062,-565.2222097975588,-34.88056383442861,0.1815956750709442,0.15327460238035126,-0.4004391840830216,-0.06599746984242572,0.5771805912383021,0.0,23.309198910458072,96.69227322574471,-1.10252628921112,476.1481796582886,1396290.4212719244,38017.506610379234,0.6897177813694952,18.894445930906656,2.7481805387041094,0.13145480085311384,-5.886815634460755,0.0,30645.523257885707,-3046.1203797526873,cliff
R0874,874,FRAGILE,10.0,4.0,181.1572056670473,bowl,thrust,+,113.48013860508487,1.7864196128242449,1.7985160250015346,0.0182891554630742,0.2264671701752911,-36.796538163371466,7.295193888102345,28.16558860024931,83.60035446834522,14.267066653412009,5,0.0345456054852146,0.0593481993350659,0.3119768644972341,-5.5726376745546204,939.0787728830844,274.76858437711695,-1.3396817133382073,-2.227247914616912,-4.539205544203395,-0.15584895627348558,7.741166673028725,0.0,172.24501631932384,220.43926959332512,0.5082882856119149,269.51721278651615,1069676.8972724369,-17882.090530106132,0.45544814807405887,5.814223455390001,2.193570457191545,0.08795336016852204,-11.316032916385716,0.0,20625.76719441763,-109.17862421795802,bowl
R0875,875,EASY,10.0,4.0,74.19509331779852,bowl,thrust,+,21.273978312806964,0.7874974739328006,1.954006510924948,0.0245090907535385,0.0574577962292444,-61.88166779853013,8.510374338632765,26.38669322774194,88.92496295566647,9.587431946345124,3,0.0702879988744903,0.0752790628117119,0.1774095960431267,19.443729928693237,-300.3614532019746,0.7798761731880876,0.5753766593181585,-2.0276725402441005,-0.8509591325122786,0.5269814077393098,-0.9365197934153684,0.0,-75.3179649469802,-49.330788286677766,-0.09142199689556918,-586.296534350931,712887.8081296083,-21614.646366847235,-0.4299252285664207,1.5940807571600628,-0.8543272278460381,0.03099411629905873,2.9308470945177056,0.0,23207.102254338617,-881.6781869206767,bowl
R0876,876,EASY,80.0,4.0,56.08301905772163,cliff,servo_slew_deg_s,+,23.308221081784637,1.2382096797888178,1.2826340708357329,0.0249236940875375,0.2043048267931479,-33.920551789589126,6.366686748598269,40.54674898678051,87.20135986790707,10.770338910816664,3,0.0301522322803347,0.2375938799095438,0.1057390959657561,-1.711276887218074,-633.6787322607105,16.573473975447623,-0.19629276504700433,-0.900865557550562,-0.1794212099609716,-0.23308221081784639,0.6081266783036827,-2.6557005894440286,70.43172744245521,104.5708241516406,0.08621562051292697,-226.74777726745492,-717951.2312749038,-11381.922165611715,-0.255415879616016,-1.4666222824661934,-0.2312257833328772,0.005877370888455715,-3.2289212015855373,708.186823851741,-4600.727800216388,634.6415187652551,cliff
R0877,877,FRAGILE,10.0,4.0,50.96169505050484,bowl,deadband,+,20.94888009631802,1.354320840386127,2.0768372115385207,0.0158898144207307,0.2196801384521536,-37.439053266374906,5.029538548221406,47.736386096171216,102.20045530494818,9.23694648871583,2,0.0982813212012224,0.2358293422421087,0.0965065376771978,0.12712988360625432,-659.0317628306716,144.76248599408254,-0.4099130229527248,0.2073327185625787,0.8152353302391283,0.09424375507666358,0.5053206600960211,-139.65920064212014,3.9796009071903846,-29.479741378067896,-0.7105151737648008,-5922.088080827095,-976274.8046473467,-18674.540699164438,-0.8070385197027248,-60.203052321529874,-0.2873990528767297,0.11462436908362512,-1.0961987550050427,-37242.45350456534,-2023.122423067567,-9791.82547071446,bowl
R0878,878,EASY,10.0,4.0,77.98684532817809,bowl,thrust,+,37.233482015824066,1.5057312204743802,1.355103898063463,0.0301891587227971,0.1520063090467311,-43.9217495993548,9.064179071543428,25.44772349843361,75.4420319053629,14.381285347661937,3,0.0946603648671182,0.013508943466186,0.2652172200339098,-13.458252601463645,-249.06749366416858,123.50180196426992,-0.1492843146481,-3.221411934294041,-1.4893392806329626,-0.31135474382816275,-0.9667141218429871,0.0,-22.590796429059914,107.39869106836458,1.0018214801051348,1040.195042623037,49160.030768316545,10117.766604322633,-0.13702731135797475,8.444501934896657,7.720276743935838,0.03906866539307572,17.11674256538799,0.0,26239.751186428955,4946.092320962945,bowl
R0879,879,FRAGILE,10.0,4.0,99.20522703106192,bowl,servo_slew_deg_s,+,42.097525705823266,2.329256062557401,1.623310089677533,0.0248556114774533,0.1780802480343624,-61.43189525092333,11.533060018559006,28.552636728043588,102.81997713249072,8.777157899210676,5,0.1222696473362501,0.058419344928926,0.1582019689978674,2.5634480935832626,-74.95942263715995,-88.06635736399474,-0.15088560618213442,3.2397224656304338,-1.514101786914054,-0.42097525705823263,7.036798110259654,-0.011911190431490594,190.13947071293322,-67.98223573010024,1.3034570369607312,-1475.1187772777753,-1402218.7359053614,5659.998118826149,-0.1517103813495,38.637531702555975,1.7932429412884199,-0.04791546527312114,-28.002386254462888,-3.1763174483974947,-34449.172371691675,-21684.337016405483,bowl
R0880,880,INFEASIBLE,10.0,4.0,141.8105041926885,bowl,servo_slew_deg_s,+,86.65224925230689,1.0471325020257178,0.9364436166414176,0.0222366797807885,0.0938458778590166,-55.00714543499205,12.958038811605862,31.457680394969582,56.85256639320558,13.407968602570849,4,0.1014908666016255,0.1756656942642721,0.2890523783814361,-46.15340823739043,-1257.0212305952934,264.55767157114474,-1.0557386510078701,-1.9252541017075064,-0.6176289751062362,-0.8665224925230689,4.054124609278394,0.0,57.45629539887171,111.2096662214359,0.05963936336728537,2926.6463405823674,1324455.5195961718,28727.301967706142,-0.7025383147967323,-22.54626443617724,-1.8869499137062393,-0.024891096471995125,-36.2334072914998,0.0,-5822.391096817763,9128.972002242,bowl
R0881,881,EASY,10.0,4.0,77.48434316376076,cliff,control_effectiveness,+,23.02822020003259,1.1900104840859105,1.0336637426120117,0.0114120351678578,0.1570317551553316,-46.47306809924167,13.860282681827064,48.67852852792676,108.81879868731215,14.289316598791036,3,0.0446331967355431,0.0471731387771208,0.3238284966728717,-1.4149781452679298,213.17757435771523,-61.662310460153684,0.08377153940093052,-2.5586911333369544,0.7715240367655237,-0.20012016985081135,-0.9864244820187846,-23.379445404130582,257.25646965570724,43.12980663460278,-0.3862704252038731,-15.262725956099858,612349.4771306631,8582.809388844573,0.08088894951444237,-7.614564745039514,-0.275556653180879,0.019791603465420842,0.3205007499217582,2538.4500247035567,20073.618979010833,2296.484542605437,cliff
R0882,882,INFEASIBLE,10.0,4.0,531.5317645758817,cliff,servo_slew_deg_s,+,299.52981009463116,2.5676048497562736,1.908576694055781,0.0373149832277536,0.2368636722875271,-67.15591669498286,8.129197324016573,49.67872741334144,38.39488023127477,13.59365995289192,2,0.0838230904461852,0.0151022450849798,0.3071768855882676,24.41198001002997,1621.5216428646154,1008.4060687831558,-3.5867999830113373,-3.3192171925256333,-6.678782700480103,-2.9952981009463118,-0.42506716811236694,41.107234183638795,1259.5339658491487,-47.04427850580797,0.3037615363323969,3119.7490076858685,2413025.4666669015,-248396.2547559717,0.777892300079964,16.972380242434134,7.9334007316683275,0.061327945678854974,2.629450356541629,10961.929115637022,-33282.55194673905,16987.199378593654,cliff
R0883,883,INFEASIBLE,10.0,4.0,273.0841994342335,bowl,Cm_alpha,+,96.23853820120736,1.824587026477526,1.584568862143631,0.0361579025105733,0.1398985443140402,-64.8990684599548,6.078958220692631,32.05055168097432,24.66139665304981,12.037787142557535,3,0.0764464526480009,0.1723328675719491,0.3031816657971695,-44.28098345488336,-1425.8240181814645,1093.9349975833036,-2.405963455030184,-0.5685099954147351,-2.5922034737613586,-0.4642627849216154,0.8310124412616517,-33.61409857333841,45.52017658670901,197.2005803052811,-0.049810786693729625,414.1396167119058,816778.5522189981,42706.48797954031,0.4006337814687857,1.2862194202593396,1.466673829923634,0.037228500886871234,9.76709510132193,8963.759619556902,6014.884330538223,5652.348677133528,bowl
R0884,884,INFEASIBLE,10.0,4.0,6291.255581976735,cliff,Cm_alpha,+,2717.7887727752177,3.167389364804669,1.0967722139046865,0.0324131874809722,0.2081548613672271,-68.82992870365464,8.699517812189491,26.48416008778719,48.010458891331794,9.49454915989858,1,0.1054851704498093,0.1776305490041706,0.2943553050952067,-593.3295817391055,-6678.641406654486,24610.671958925803,-67.94471931938044,-15.840725589766382,-94.03952756718691,-10.467500307857687,37.9888541161232,0.0,621.0081915448285,2063.156854404654,-8.988742907134224,-11901.916721599022,-40346509.68201639,555381.938431092,-62.39768510920995,-135.58648863871838,-22.529710467428814,-0.16638770810229744,-92.6333671580381,0.0,-160898.58711129098,-150115.87785950128,cliff
R0885,885,FRAGILE,10.0,4.0,71.67424481525455,bowl,servo_slew_deg_s,+,36.1637169451769,0.7695671063123959,1.3050509095087688,0.0152308032283619,0.0759659282361547,-49.2064816619488,5.960901713668394,30.538710084937268,70.61798854355563,12.06946019852004,6,0.0321653272467903,0.0685500897756975,0.3840741220872532,-10.75021944867964,333.92431042163344,7.304668997182787,-0.006497287686462183,-2.8798605531421795,0.10861878698642898,-0.36163716945176905,4.83143067078004,-89.0821395333744,62.218470308735206,90.72496628509451,1.3234664706695156,-547.7001585239869,323425.50065478566,-15588.429289515416,-0.5518434184199585,-18.161558204108058,-1.6512004239862152,-0.0012141673991691703,10.929475026705035,-23755.237208899838,-13231.246810593468,-3577.367211499312,bowl
R0886,886,EASY,20.0,4.0,26.588747508483483,cliff,Iyy,+,10.675226600643482,1.083226098809922,1.2435138374068986,0.0274389822122949,0.0991820559686129,-66.25260356994913,10.553775207327003,47.63160758605143,20.980237181905878,8.512961542989146,2,0.1130490922874125,0.0226739839372447,0.0619006506911664,0.7756668878769868,-355.8408866881161,87.32287130280207,0.344223653978608,0.9222669697453141,-0.024556913533516855,0.015908313779136436,-0.2788130789827993,-0.157818137415333,-18.46270873451896,-1.9699971118313915,-0.8136318356318406,624.8462680842807,765716.7982505109,12666.922779526523,0.08012758431144962,4.414718841033918,-0.3092295960181343,3.2002682047605817,-5.73789653776047,-42.08483664408876,7427.588185516644,1360.459389490052,plateau
R0887,887,INFEASIBLE,10.0,4.0,1084.353505428908,bowl,servo_slew_deg_s,+,477.9816648270393,2.641068003124337,1.0770100664874105,0.0362341394091884,0.1995606479765054,-68.36907212210696,9.73273256199317,34.54390035646753,38.6210181298114,14.11736189798737,3,0.143145828200691,0.0387945580396201,0.1783409842093173,-130.04594451494023,-366.20444754138236,3011.537746486399,-7.404957166377033,-0.9382122555259005,-8.143292920513266,-4.779816648270393,24.676225835626425,0.0,1849.3689007796236,1081.8388831574182,0.3570303574014062,-3854.979360904938,-72230.74991242116,128873.99706869919,1.1585964701868963,8.333728441721906,1.7963837735799735,-0.6179585558684977,-66.22491363510339,0.0,-128038.49980169322,4080.9708111203277,bowl
R0888,888,INFEASIBLE,10.0,4.0,372.3012188849012,bowl,Cm_alpha,+,199.0322755623157,2.2674072485042727,1.2393631446013331,0.025316969364211,0.2384170120644885,-47.72721057226502,9.303009930595884,32.599345661355336,38.52293045163946,12.804074173345327,5,0.0404820395517301,0.1115967299035105,0.1405773000311366,-32.081002759282,384.1731191736525,758.4927581149627,-4.975806889057893,-2.595746467584081,-4.671679690348159,-1.7185426918545788,6.140935797582255,290.698576155728,256.7035931088896,377.3198206844654,1.6605731059640867,-2090.716731802466,1538193.026431875,-5309044.476977793,-0.5927310960651688,-39.83628849310643,-2.6221878096053843,0.01113110868604167,-42.94294290934813,-77519.62030819413,-68508.32012811882,-1847.9783344492332,bowl
R0889,889,EASY,10.0,8.0,35.65356955668841,bowl,mass,+,13.446696406503047,0.3278720418403493,1.3683021318519335,0.0225810167696668,0.0422573328840189,-44.5826009792133,8.441509760879082,42.735378581378896,109.41730686386671,8.129628789261815,1,0.1405471096575507,0.0859802173311116,0.0726566078156945,-11.205580338752538,71.97678272748155,-29.873282327299645,-0.14205443215082703,0.04023228886690059,0.880309006378328,-0.10400600937159679,-1.6727917766661795,0.0,37.63881089769236,35.30382965941607,1.0075173476156802,-374.2694629900655,165783.78639030503,-327435.06719849195,-0.05537523206857298,9.722064172032136,-0.8990485123970018,0.03351653052737465,-134.10255210341356,0.0,26268.852292506926,3218.0608355861523,bowl
R0890,890,EASY,10.0,4.0,37.23273087571947,bowl,servo_slew_deg_s,+,27.910599051918428,0.3776839350755997,1.6668201771443445,0.0349474351606934,0.0484673445744053,-37.05985348071496,13.742803758994771,29.275895001021976,56.92092812042977,13.87665007349544,2,0.1236562341030512,0.1864381062208556,0.103857262637505,5.576817680530191,54.03491260557239,25.304372839694416,-0.2102126715540148,-0.06834931498296191,-0.3645751555873325,-0.2791059905191843,0.7539828087156683,0.0,62.10427024428974,26.360611458610244,0.40081740066387805,-597.8399246576213,-290365.73730178864,-17562.44617020391,-0.19348006420500563,0.19990314429396303,-0.5146433954739598,-0.040072623057344894,-0.07052742602454191,0.0,-1750.6077364002008,-7003.562152100171,bowl
R0891,891,FRAGILE,20.0,4.0,47.44225216944283,cliff,servo_slew_deg_s,+,39.7712548524528,1.031873493308998,1.6735011754050682,0.02505422371724,0.1255309637232947,-48.46160884532833,11.902265953040992,44.98894675401698,43.76434338988805,10.077405852577677,2,0.1251267922615138,0.2173177462239627,0.2654965101115262,-10.12090825031481,-81.02425185028387,57.70662869666413,-0.10790682036521737,1.0662984619752394,0.05019488035657602,-0.397712548524528,2.316592525091331,5.793190105005995,5.7938958905248175,-5.173724168437839,-0.40372354383417175,-767.0745228824746,-1403188.6032285972,-44175.40066247033,-0.9733263845799103,-4.494930480460374,-1.0881633157963473,-0.07095310707464286,-18.83315956748516,1544.850694668264,-3123.7342062489633,-5149.052600503632,cliff
R0892,892,EASY,10.0,4.0,56.11561497100696,bowl,max_gimbal_deg,+,14.87504418399055,1.1550421462563254,1.320930712404653,0.0105193876987282,0.1385372669034372,-42.67037180856662,6.878976499502605,33.90406557933115,81.51013776430247,9.348391835799788,4,0.1498240382196736,0.0630953647386786,0.0817767835634807,13.945050604413062,1250.7250246090318,-49.71673634836038,-0.20442633937714927,0.651444116256254,1.1154571117900158,0.08099356917699732,-2.12500631199865,0.0,-31.589555754067618,-28.945471702988883,0.2858312817518729,579.0987299973251,12155623.584739814,-16191.052734704586,0.3592944725456677,-2.489037957909391,-0.8963496713988929,-0.08117268390479022,-2.226211728936705,0.0,-19350.013402965862,-7311.6191412042745,bowl
R0893,893,FRAGILE,20.0,4.0,45.26094942841313,bowl,Cm_alpha,+,22.98493468248365,1.035336913696093,1.913818711377512,0.0334109671379147,0.1576698869695894,-32.41834365919358,12.682658323495549,31.54838384433508,52.76413430352704,13.060795946044376,2,0.0213530034982594,0.1754969416900547,0.4285680806645586,0.5905749075592636,596.1177222676984,108.37402558500057,-0.5746233670620913,-1.4304860881913528,-0.3025667381403065,-0.18808937604711212,0.12694878164448106,-70.5062197125919,21.93800075035183,8.16398694026143,-0.22581908096745895,-105.32155921063139,-1048492.2485484708,6071.3946648939545,0.003597467597596715,-2.8334295876264446,0.10254756116865964,-0.004911379580279203,-9.388391875935433,-18801.658590024508,-7392.592287990156,2008.0946269889573,bowl
R0894,894,EASY,80.0,4.0,41.776772980354224,bowl,servo_slew_deg_s,+,25.485645191198568,0.634067423166439,1.7474923752511111,0.0364808360701622,0.0566637383492196,-64.58546385088614,11.04369916237017,43.1191795137545,72.74710722665941,10.944844800565582,4,0.08450018465485,0.2298500316833563,0.2521293810484096,-8.150059632954529,515.2681343008661,38.62548500977683,-0.10564433798789663,-1.5528531094071858,-0.10121526175128466,-0.2548564519119857,2.3167795439326113,0.0,59.18263002466001,0.18786909437575866,-0.2134225877739282,558.2041267868641,494857.2381571203,9320.298815711176,-0.07826244591820597,4.627743120110632,0.5795722674106958,0.02758700603929995,3.16596583674359,0.0,10016.364398748834,-907.0810098719578,bowl
R0895,895,INFEASIBLE,10.0,4.0,35.10339934124912,bowl,max_gimbal_deg,+,16.831124865237737,1.223900174403296,1.340222993046901,0.0115025861431953,0.1535801158234057,-42.83450946664726,10.214679531345649,37.39615411454016,86.56182892033567,13.807296450868144,3,0.0852011915632212,0.1802663750012759,0.380207198536748,3.591644319096329,152.02106695554465,-18.18246676336857,0.6072714911244486,0.6989223930751929,0.04946979108228078,-0.10858173223565401,-2.4044464093196765,0.0,-32.670059507055925,22.44591355297414,-1.3367876273654282,108.82550595552054,1884243.5684845175,33084.50675591861,0.2692452751473269,10.841169256622292,2.133966103431524,0.18576707480944976,31.68061446673453,0.0,14686.455312795462,3392.444409193385,bowl
R0896,896,FRAGILE,20.0,4.0,212.00759201694748,bowl,servo_slew_deg_s,+,133.7742413781494,2.44910562662813,0.9560589158745412,0.0140552585386559,0.205162058829152,-67.22728496273446,12.58420356933171,41.05173971399206,33.458598550271134,11.72262609306311,3,0.1158550672070883,0.0878514794098231,0.0822449325322141,9.972556070351112,-848.6804174321985,162.67403240142139,-0.6717107064688315,-2.5145943738314416,-2.7411009911712987,-1.3377424137814942,4.219196498834887,0.0,430.85824576108735,206.10822904930447,0.8527365217687048,764.1278744561591,-1701204.1509235264,-31865.5520162499,-2.8933761262247724,-10.632048786156968,-1.4889130646647448,0.174720114997061,-43.06292904645813,0.0,-29894.236981987982,-22509.245789746263,bowl
R0897,897,FRAGILE,20.0,4.0,43.42182304937766,bowl,Iyy,+,19.418406264249537,0.5899396697641791,1.3103189409703486,0.0219205281662489,0.0868925379272612,-39.915532231575455,13.70120254302941,44.7398958595163,50.67251633878588,10.217247263420669,4,0.029539229205956,0.1805802865105998,0.0560588985645898,-11.41177646785336,-647.2802088083179,13.209817575952084,-0.16486262253480488,-1.1798348082229846,0.2942349615495946,0.22723255116401359,0.08561255083860592,-19.921619691430816,-30.998437994346276,56.88971155360412,1.1687803183484582,-734.5351121619879,-1096262.9755328707,-10066.005132478824,-0.20910080804322329,-15.474473609362065,-0.34792229030460303,-0.1329614324884232,6.3391613404559095,5312.431917714888,3407.3066905719143,-58908.14767715653,bowl
R0898,898,EASY,20.0,4.0,113.77560692732797,bowl,control_effectiveness,+,31.39349140643809,2.199973190214348,1.3783642768454636,0.0309926470576429,0.2184584793952693,-57.94765258850151,11.42899457771404,42.85841329981168,64.83055198120377,10.261569991243086,3,0.0169268022483194,0.0258021818731636,0.1355549056598237,28.312202934727143,-123.74499156686687,130.60603338203737,0.5579547591849252,-3.4881657118264546,0.28225029809293967,0.09498597429740636,10.451788001448216,0.0,139.14436174784035,134.81516205605845,-0.37716163078308806,-253.44222672382298,474986.21846967516,-14064.334039648082,-0.5650264177386077,-20.771298409850548,-2.18283779874427,-0.17229334769804516,44.45870937896717,0.0,-3982.7727212628806,-3769.4278633181702,bowl
R0899,899,INFEASIBLE,10.0,4.0,960.7449331920867,bowl,control_effectiveness,+,471.31217160933676,2.6608966366000053,1.709114402979432,0.0236130863121646,0.2277093094623261,-63.18282595021655,6.0165126306769965,37.8412098848941,117.5617196239842,13.05604282108738,5,0.1138913759988351,0.1454713010632396,0.4186209518203148,-38.89235998675149,3501.142292305703,1140.7681111104357,-11.727503490977359,-52.36801906770408,-12.37855400498428,-3.5696059195660697,58.41846119143083,0.0,369.4023694167054,322.449594780278,8.123334094082871,927.6645857222381,5960075.160083883,244028.1383135911,10.246785879099827,252.08450824958487,40.50817646496795,4.67638546444196,253.57320420589352,0.0,209006.97759244917,49475.84391146735,bowl
R0900,900,FRAGILE,10.0,4.0,68.86212454993547,cliff,static_margin,+,50.17265913353338,0.6364287935672048,1.2189697752888151,0.014895614687395,0.0678437115059154,-56.9272096590083,8.123576929906335,47.66731707101316,91.1544514914248,13.882571622433296,3,0.1068366964243994,0.177929138537716,0.1377105738278171,-5.840014711233271,357.60541535322557,-250.86329566766693,-0.07495378674444586,0.23093100159354163,0.0630906554540644,0.01901398670529133,4.11074001685236,0.0,-64.37811409710301,77.21860991803227,-1.0855255441148168,1595.085842005209,778020.0525518843,91183.81536704965,1.4459741941759288,48.09466203925899,3.5147417038523394,0.3048372409216792,33.927051220237225,0.0,58113.34525401861,11227.160560396005,cliff
R0901,901,FRAGILE,45.0,4.0,28.538418350416293,cliff,servo_slew_deg_s,+,22.701168522924508,0.3826771436263976,1.3818982012143697,0.0358687614048609,0.0472342487550696,-45.902045092911365,5.708374365144865,41.55032309508762,24.725752734889127,10.360790115949271,1,0.0805080404537254,0.1726273185123543,0.1888049103122953,-1.8095218072157844,-30.126988174439234,1.2884857837123993,-0.026776649192158608,-0.36972769594144306,-0.01256796922104968,-0.22701168522924509,0.524404227380348,-20.747973245835027,25.652177472923633,36.81826304182548,-0.1537755950816191,-327.2628199423384,-431063.75629999157,-7076.84915420221,-0.1403596384951067,0.003857708108126293,-0.3202499634019978,-0.019662467315085617,-2.101657028270979,-3976.174058529718,-1125.8049968087087,-3060.776159973592,plateau
R0902,902,EASY,10.0,4.0,82.27910645592176,bowl,static_margin,+,50.70327546393123,0.6083772779847649,1.0656984254257464,0.0372574333998896,0.1039830931214902,-32.56905471810316,9.974417871795636,40.10986108420176,94.14458322198828,8.721262227509106,3,0.1059869587131255,0.1293368443611361,0.2881899872116756,3.1629564717014587,-1006.3230054466709,-253.51637731965616,0.39819778807930517,-1.1960002904701748,0.06682550766539067,-0.07319232995309184,3.792426003725163,0.0,162.17568029655285,55.83063742419889,0.4032331540140852,-132.7880348637067,561787.6290871163,10472.942513372862,-0.07037620578740766,12.836380411006282,-1.438604155870939,0.0484899612488687,-11.267575657090934,0.0,19328.025181900077,12167.712035678443,bowl
R0903,903,EASY,10.0,4.0,35.279474409687815,bowl,servo_slew_deg_s,+,20.38391729419052,1.3355047472065085,1.8397179010939448,0.0312087747862841,0.2210515663795089,-35.75087960279634,5.865416020239479,45.324303732666245,32.85330106218957,8.466421092095898,4,0.1466644462448256,0.0895146572691926,0.1339738215731857,6.214714330326393,-97.98450548424226,37.870874414673814,-0.32414155488865726,-0.521982549923559,-0.04184226907932178,-0.2038391729419052,2.449723052277064,11.774669698436838,56.30335200077329,11.438569644557374,0.007880162159410009,195.12804308360285,-268747.80958357407,15376.813666497505,0.30779509862997956,2.55083528644079,0.2236721474126108,0.0604748016813032,10.786931944556132,-11467.373449779237,8282.562686693753,-1459.8285572143936,bowl
R0904,904,EASY,10.0,4.0,57.41396606584353,bowl,mass,+,36.54428632356728,0.9640831360220394,1.8686549865715327,0.0371322126307052,0.1416463358557911,-40.624154378807056,9.67418408212732,46.11176456782453,96.89631382928684,10.46863577708303,3,0.0715117723809785,0.167352782146012,0.2283150933577843,-30.453571936306062,-407.01218151412775,-106.71258395663953,0.0013926275888458406,-3.2789665110037194,-0.21079312012039608,-0.08802365329755305,0.5484315106721895,-58.38906203266863,-35.937680376348354,-36.05366578596136,-0.7961611952012881,636.3034418509145,426534.2114111859,5571.830826968432,-0.19543215687139126,4.160974256638894,0.08076673367225908,0.06839312291885812,-2.457347906360197,-15570.416542044955,-5660.520405828255,3237.678518450503,bowl
R0905,905,FRAGILE,20.0,4.0,39.46805139246097,bowl,servo_slew_deg_s,+,27.635210906337875,0.5682612491617822,1.7292007128813385,0.033262339161491,0.0815912251839478,-42.14735037308995,5.880450274501693,47.401571281233686,32.008668615356285,8.284241155257808,1,0.0586642071735664,0.2267344172625444,0.2471689997840723,-0.4744445557149771,-182.72689750929993,21.197732415710224,-0.34410555099714246,-0.4506884116633475,-0.2454849093452971,-0.27635210906337876,1.3965006654486283,0.0,10.677492664805106,49.9635645311411,0.07023796512329206,-16.76102649937669,487816.3911703955,2488.923365088989,-0.12264128164967181,3.249205153047319,-0.35263512815518766,0.006909049506165843,6.591736992544716,0.0,674.6328418382393,-1870.3128297138526,bowl
R0906,906,FRAGILE,45.0,4.0,54.39156392424305,cliff,servo_slew_deg_s,+,43.55091335285001,0.5986260343009953,1.3536089774517963,0.0378809405295733,0.0969499983659931,-36.840268438746605,12.3984062810468,46.07775810713204,20.413897236436288,14.457199141496936,5,0.0016283567692509,0.1299052732534112,0.3036176462914717,-10.071205839477795,-158.85933824335518,49.62556789251027,-0.18504697281971794,-0.3928971239805817,-0.07164559672649987,-0.43550913352850007,0.9748619230890613,0.0,56.17473794890271,54.78305409010153,0.076489826434754,197.63883549715678,257562.7875764574,5421.7118816131615,0.07306462938794489,1.097368107560079,0.15683972452359626,-10.963907084160398,1.1526110147947455,0.0,1539.4191886413644,766.5115460265057,cliff
R0907,907,FRAGILE,20.0,4.0,67.76427843672947,bowl,Cm_alpha,+,28.44634856740779,2.381730510381711,1.3001819167894708,0.0266434641025756,0.2226673955897326,-64.61877547219423,8.8757552558858,47.239666567301576,93.72205156068088,14.89628641342301,6,0.0401428746603709,0.1615068048136949,0.2203795453986995,-6.888821968406494,1360.6085624684472,139.02537944432294,-0.7111587141851947,-2.126329519880181,-0.18677744538208357,0.0983540068548054,0.3595570895038716,-133.5944777085064,77.47729153929374,-6.7905478688509415,-1.0605386100184901,727.3594945024262,1453132.4133043287,-19086.063260158888,0.06704299090218857,-7.609815609357867,0.13716727810203225,0.15602081208197127,-277.4561536334124,-35625.194055601714,-9559.766606595691,3127.588652654304,bowl
R0908,908,INFEASIBLE,10.0,4.0,742.8930195464617,bowl,thrust,+,326.4537209909537,2.55520988392586,0.9191050062539584,0.0391942555544264,0.2137464990321285,-61.99499740733888,8.357169590209129,34.81124150881676,107.8923638036218,10.75775546484973,2,0.0969420192063238,0.137982594950532,0.3736792936167695,-162.749151105036,4718.644096324901,1962.9933062740135,-2.8766115045641296,-16.284213273139223,-13.058148839638147,-1.998839624336501,31.194143180863573,0.0,-175.96013386890732,824.2994548883568,9.7322547946765,79023.82316656825,-25012104.298726793,223374.1047638392,4.4891219975378345,110.95150212818686,6.99374856719699,-0.17650100215804457,21.926700392779694,0.0,-32161.83805920508,19441.582281705418,bowl
R0909,909,EASY,10.0,4.0,31.765896249718303,bowl,servo_slew_deg_s,+,18.807187487712234,0.7554952290146182,1.0197008121476148,0.0317559700110618,0.1326628726464135,-35.37013720584372,6.393786011824975,49.93099128464849,97.8830843987392,13.183050740637396,5,0.0771167230850487,0.1306921826891999,0.3099921128821552,-13.264073032294876,-108.45154174880268,-26.130545025297675,0.07998579204483192,-0.8728343198345897,-0.14376373726075203,-0.18807187487712235,-1.7280780029757514,-0.7446601470929799,3.0067974920271103,28.760859690429605,0.46180944279937863,184.0565379227197,127395.6313891163,-1861.402282462585,-0.04547120557184825,-5.1057078865309045,-101.1178254027147,-0.022471795119459265,7.481091938043446,198.57603922479484,-4481.805321553528,1192.2856530803006,plateau
R0910,910,EASY,20.0,4.0,57.44211065926084,cliff,thrust,+,41.10809990258456,0.6812247692145424,1.5431905293651416,0.0390267711293712,0.10571493851439,-39.95319868390917,5.677572361030035,49.7572453740288,114.08902457199446,12.643541549084702,5,0.1367978651029814,0.087957748530472,0.4306663206142759,10.135597736108487,-753.431483906185,-6.99157871001184,-0.12140273673554214,3.1952942066041086,-1.6443239961033824,0.08904532970103647,0.39195057514281434,0.0,8.480994423664862,-6.6342912898874795,0.6227198727071959,283.70895510633085,2228275.799912524,-1007.1224803865786,0.11266608255527899,3.3236937849185266,-8.00485501333751,0.04631311188978419,5.587425104340064,0.0,-4971.7850299095935,766.0427193176209,cliff
R0911,911,EASY,10.0,4.0,62.43757202900705,bowl,max_gimbal_deg,+,29.33533487628097,1.519261634958277,1.4734729840831724,0.0385336780915045,0.1772137990917104,-48.34562631364655,8.927782666845413,41.162872029863166,50.95351537091228,8.502137396645196,1,0.0720800042591052,0.0089046135125128,0.2994037353924431,1.1540987419999047,1100.8449427211576,110.28605067698962,-0.4634518717956188,0.8738070255282934,0.4190536661327817,-0.14954557199173255,-4.190762125182996,100.94811271105065,36.863781673245605,50.35229804253196,-2.3689053008573575,380.32132337757395,-49672.87959966715,-12758.89863414255,-0.36205559518765107,-19.539170567547266,0.3976997442091422,0.10811904657308481,-5.749449536831854,26919.496722946868,14529.5670926442,-2815.2251450720637,bowl
R0912,912,FRAGILE,20.0,4.0,38.64582123170869,bowl,thrust,+,26.48481987166936,1.3233647838792335,1.1522750199817555,0.0184373665042215,0.2066018282900768,-39.23745993012484,10.776611460581808,48.57046949075872,92.46859319335516,11.03380707013961,5,0.0160088451416445,0.0351094974040959,0.264848460725312,-11.52738364065626,246.6365556953058,-24.68153497051462,0.4244990534412614,0.06781888169876471,-1.0593927948667743,-0.00394960971417282,-0.7794821322563177,0.0,14.851432434687057,-34.38631888942502,-1.1669067919150544,413.3226306015669,1013642.693745287,23555.1400489413,0.39834661326044096,6.065777185956617,0.1469371219544604,0.13610361081059597,24.363057783436027,0.0,18314.59863701917,11644.733867131274,bowl
R0913,913,EASY,45.0,4.0,59.750152261575344,cliff,servo_slew_deg_s,+,42.29216348743351,1.990615471839218,1.427062760709686,0.0294260052142939,0.2245065387801868,-43.69396324646358,12.196531953913818,31.433118764702726,30.88471325989352,8.467026597966147,3,0.124655410321647,0.1637660407601893,0.0770098692790395,0.7337629043203521,82.83646812182899,5.204584386941975,-0.11156980313957421,0.687926446765101,-0.41869232065207385,-0.42292163487433515,4.1404183110167505,-10.590920053867661,75.60547773836667,50.361798199739326,-0.01004634031063567,603.8697760101991,870668.9726107534,25879.189175155258,0.6509556102072402,4.408171903048597,1.21626478871173,0.13835476968636337,12.768172054184912,-2824.245347698046,5784.238209830137,10498.95461141247,cliff
R0914,914,EASY,10.0,4.0,37.16705071407068,bowl,max_gimbal_deg,+,16.76315837839671,0.3381524241397098,2.0650523258531246,0.0305611235600569,0.0400846866542248,-37.8662546836256,12.423363655965648,26.079426452881567,47.83640147518784,9.961813030206024,6,0.1036084937758948,0.1313514082814549,0.2083519262821594,-11.317873940159314,329.340129998067,-61.132446473568464,-0.09597021638423375,0.41305801061851066,0.3707715734066814,0.22652833996720254,-2.39473691119953,0.0,14.529290437159327,-13.229738755191319,0.4698405423870118,209.45799318474073,721066.6320842074,-85849368.01371236,0.10086773581837805,0.7722937273727712,-0.1043325208367763,0.062477799982695675,5.295736869718592,0.0,2950.5496075868805,5990.359978537415,bowl
R0915,915,FRAGILE,10.0,4.0,144.02857014965144,bowl,control_effectiveness,+,76.35048956560982,1.600701049839491,1.1093971086766514,0.016864884284439,0.2207414828330891,-37.2628715029006,8.045653635041486,34.17916482988223,83.28266158313048,14.03003798475935,2,0.1292225146704021,0.065930943278778,0.3291405866216784,-28.119431565767563,-317.1339843089289,-134.79208193922918,-1.1938114784081382,-8.483387729512202,-0.9409779291117808,-0.4644616925856136,4.748921256821103,0.0,-9.905003614109022,207.01466738240185,-2.1364608557873837,587.5467212089881,-1970111.6017029893,-33227.34471905169,-0.15917036532664763,9.627323530468631,4.572539363436348,0.10542723301160357,-2.680066680853668,0.0,2491.51325865745,5669.703253834525,bowl
R0916,916,EASY,10.0,4.0,119.18338812154443,bowl,servo_slew_deg_s,+,78.01263018823447,0.961849612902534,1.7936621632638694,0.011168197042484,0.1161414957322281,-44.77131812220687,6.959664041632144,37.82871587492557,20.74016858157445,9.330006581809709,4,0.0010129939605714,0.0975814195929683,0.0654283099443977,-33.448525329591085,-1242.2899936877961,-2.0075365205675317,0.24164241280121423,-0.05650416015875235,0.0957786349789238,-0.7801263018823447,2.9441445655132124,0.0,194.4625146299388,118.08064808592802,0.04516025404049362,481.4371403162998,1211663.3185723212,28548.92927671591,1.0616794904594946,4.164841938251179,0.5790912417625418,-1.4580349494303153,-0.26526208595495854,0.0,17181.082054931394,2431.3724266496342,bowl
R0917,917,FRAGILE,80.0,4.0,106.91103537625116,bowl,servo_slew_deg_s,+,79.94004002175015,1.6775913785237082,0.9784390810885004,0.0301704797201235,0.2216921580714245,-36.76093242554956,12.002377359009872,30.54658644382476,22.204746645137966,11.967197213346733,2,0.0401198755287747,0.0821084841724601,0.2116771445273405,-16.523865609131565,299.08044649614624,145.55978170892706,-0.934068504186012,-2.3007135204132108,-1.1470152405480356,-0.7994004002175015,2.543422844850018,27.748344014841685,77.93785260669127,47.26368909335985,-0.0072038129085321145,-32.387829022206525,516893.37410272635,9651.594696803426,0.5458960927259406,3.799899405490179,0.46697207897316845,0.9390364058741982,1.7348766075900326,7399.5584039577825,4248.948082211816,-3701.5601932039544,bowl
R0918,918,EASY,45.0,4.0,60.10095479410844,cliff,servo_slew_deg_s,+,24.785761488345887,1.226246737916134,1.376257843797375,0.0195970021617288,0.2243654373516937,-30.721582968087453,6.069958802618585,40.89824936351682,97.95286944262892,12.655857920402386,3,0.1189639354870368,0.2181302044383622,0.0891429981506868,2.5857047100658703,-552.0066093165264,-24.583050601103352,0.08117369093620336,-1.2981945687353595,-0.031215632679220916,-0.24785761488345887,1.2066430670862045,-12.849254876144668,86.17283656742859,111.88498921172902,0.04777586836744341,-311.00197453843987,495094.6246588239,11794.207692406018,4.87859755177301,-4.674238403382445,0.5851415141002889,0.01808634175988761,6.447025153943923,-3426.467966971915,-511.681834816334,456.4761513450952,cliff
R0919,919,INFEASIBLE,10.0,4.0,113.86377753374362,bowl,servo_slew_deg_s,+,84.2703133505212,0.4558222742614148,1.1334832447581735,0.0108149122592936,0.0859772759661537,-30.222873762667877,6.946769006014957,42.06386223936759,37.336241902615086,14.394688761677124,3,0.1290355025398995,0.0224957454685489,0.4190578664990639,-25.289063130230872,-656.1671632341889,50.59539674409986,-0.5499297584414701,-3.0865518523794093,-1.3083449449895468,-0.8427031335052121,0.4354096197940146,0.0,125.74020467781804,84.03095808542932,1.4708279035159286,-204.75962546976157,2997092.2915752144,23898.71764151702,38.690002105738635,9.64935207349624,0.6683538909237563,0.23106937195288396,-4.162619382056171,0.0,-4914.858532057973,8745.41779630004,bowl
R0920,920,EASY,10.0,4.0,81.3671372224617,bowl,mass,+,35.700837737475695,0.6212007711915303,0.9315063814329096,0.0198015815087528,0.0557703733264456,-53.4087724534828,11.36003707745933,29.7597775443435,118.9280681214658,11.815518833209875,2,0.0278180357593101,0.1309264820927557,0.2617174201657062,-29.750698114563075,1580.6266266806556,95.53195502711225,-0.6693397989559637,0.5045191484601335,0.14392305553684642,-0.11050490339694284,-3.9633804563063615,0.0,-130.47489688980338,12.813593443365512,-1.069582992836981,70.8753519917563,-645225.8875192708,24946.3665592841,0.48923108393043013,-3.3168075730049145,-0.5431197961610331,1.7954541407106301,-8.462756833607946,0.0,270.3961579453336,-848.3088198005302,bowl
R0921,921,INFEASIBLE,10.0,4.0,142.97576869604765,bowl,servo_slew_deg_s,+,108.85009196301134,0.5148236415198638,1.6290353397683994,0.0120167919472657,0.08504356160298,-37.34284581590966,12.915417852190014,49.25406688357879,30.92612613961156,8.633215822258371,5,0.0232183185484986,0.2435138714228295,0.2155450274771188,17.547821767336853,1189.2742338727003,-49.203506046030235,-0.16653137404138896,-1.1447774156958048,-0.2797149973071195,-1.0885009196301134,9.165546137576246,0.0,175.1676904460508,58.47155884320471,-0.6390646220955132,-442.900839106743,-332917.54544804635,-19876.283073039238,-0.75786345043324,0.12262281612655597,0.08435909927239064,0.054068863160960066,1.1543291864548626,0.0,19179.303043956465,-16018.89191128815,bowl
R0922,922,FRAGILE,10.0,4.0,73.2156877880308,bowl,Iyy,+,56.08938501689726,0.8464290796200328,1.5131280221952523,0.0397895297620947,0.0641137844723648,-68.62463774148621,7.690883116462805,34.973827358281504,68.0053409459718,14.9470240601264,4,0.0508029061009506,0.1691186956842469,0.2095729958385884,-11.569744410390244,-1869.6461672299088,37.7595710350648,0.07281934827042504,-0.7313796028438451,-0.5883401381386839,-0.27266657349754153,1.1490619735654204,0.0,51.239975349515696,67.28268604275247,0.04234414242552953,-861.9768862714577,-4523872.317029923,-36525.51783250915,-0.5937416002736313,-2.730054898462548,-0.5180060600512423,-0.06338767217351687,-333.2674945145426,0.0,-7002.626153776503,-1385.2668140970322,bowl
R0923,923,FRAGILE,20.0,4.0,88.77132006717468,bowl,Cm_alpha,+,63.51169460407427,2.0646953872137344,1.984778154635252,0.0164413703606984,0.2098502490408202,-46.54771957821906,8.364366282376075,28.9711128983297,109.08632368942187,8.664315753288719,3,0.143959104866534,0.1687590600850613,0.3522282575845854,21.42132777213817,-32.625282000034034,111.63919280255675,-1.5877923651018568,-2.6626807901320064,-0.5885907638824449,0.1309160344018668,3.3533371582813154,0.0,103.44797822640578,-56.142049091418286,0.7453550236635182,655.6651305627632,233798.62347760724,-20308.384581989623,-0.5104712001064922,-5.584482010989803,0.022947320150133236,-0.07459583805059822,-14.17097854179404,0.0,2972.1384474738393,-3341.5228331036346,bowl
R0924,924,EASY,10.0,4.0,44.98532163327406,bowl,servo_slew_deg_s,+,25.71037833311799,0.4681051186265694,1.2709171256367435,0.0287619989528911,0.0497953557367816,-47.85843299384912,11.48257020786254,33.54819855920995,27.90054254261578,11.472532990121502,5,0.1026251657464924,0.0227642150701929,0.2031365294975305,-11.456700894077684,183.20899685539663,-43.62675769470612,-0.012834888229081298,0.7073029266180452,-0.08410724319774623,-0.2571037833311799,1.1681398866025694,0.0,97.98990123477094,47.110882020416504,0.2501883752678111,50.42629402878218,239.9758998179947,-5528.683516245604,-0.14603303370803655,-4.505298104036284,-1.2769031129473845,-0.0214081292423732,-11.942932693668032,0.0,-6733.1618633117405,1411.124778114974,bowl
R0925,925,FRAGILE,20.0,4.0,47.81718029305859,bowl,max_gimbal_deg,+,26.736793614881265,1.3302334087412762,1.2141328822207844,0.021710267207507,0.1345745416888707,-46.27457718676018,11.159914160035058,28.367194907744803,77.16307644768231,8.380239639521175,3,0.1311659624846449,0.1478840164809406,0.212855810161143,7.512607557337922,802.9500031461627,-55.16268411834354,0.30300679053307444,0.6483607420691772,-0.19188767729762618,-0.1099912116438441,-3.8195419449830377,0.0,-65.26265933906097,-35.110149608340244,-0.43446491227657624,1061.3528178330573,766224.0942994943,31286.19644927168,0.35314267391737353,12.951961207179211,1.1347624646552095,0.020558565274801096,2.7639389081381682,0.0,37324.14239140087,10627.949812820556,bowl
R0926,926,INFEASIBLE,10.0,4.0,57.17812363550394,bowl,Iyy,+,31.929336618233506,1.9833730762878847,1.7971409083414531,0.0143976395112721,0.1600554748869078,-59.65375395808287,10.048493526902329,29.99640135684741,93.26668437461367,12.20320762635234,2,0.128454776956145,0.2145030053862091,0.3728266801245249,6.704234256523609,-1064.3112206077835,-1.7325904783669783,-0.5010063066634554,3.489732001707825,0.3306891917531466,0.21169191792171915,0.0524279631931662,0.0,9.480453967953855,41.437429599267006,-0.2518540041124977,-694.6482671807202,-1662239.5449958513,14404.900382973632,-0.18368482965706479,-8.102758433022823,-1.2462288433389006,-0.11582307223029631,-45.04025350474523,0.0,-5854.281418439633,-2642.6531537137607,bowl
R0927,927,INFEASIBLE,10.0,4.0,604.4059570247848,bowl,servo_slew_deg_s,+,259.6309951682548,1.975424147961526,0.9108932001770764,0.0104393733532531,0.19822466979749,-51.11660641178128,6.866256278983627,34.05493642287934,51.04641986046451,11.82276489691464,3,0.0835562030609265,0.1865257566399755,0.2953076034581869,-148.03307004593663,9403.488370906292,1575.4493919475074,-4.770990843734815,-12.822587058475309,-4.635518932749375,-2.596309951682548,19.666387573132788,-161.82691767894553,262.4851827749402,-53.800653655570535,0.042529001294958846,119982.85063424605,86945206.3107941,182932.2979769635,3.171734031781277,-8.739731062693904,4.951841211610235,0.4014914244332192,87.47938277943345,43153.84471438552,75397.81769500456,14749.849379179994,bowl
R0928,928,EASY,20.0,4.0,58.96264547597696,cliff,servo_slew_deg_s,+,48.68195132783197,0.9214815372067626,2.004045532970653,0.0368171197827411,0.126940951375052,-38.307428092688056,11.674364974461758,36.04604069187205,21.063292493191152,12.373350988210486,5,0.1150031393399626,0.0873372844172335,0.1570233667833397,-3.4641551796181007,47.75599335262336,26.36832734184113,-0.18148795081567304,-0.47045178766565654,-0.0872168103047816,-0.4868195132783197,0.5707992158003914,36.74627836616145,85.23121576961978,54.98667944933782,-0.02895658757565167,177.29829446567948,-1045.6761114892743,-371.2465793980173,0.08251843812881576,0.8874482752337984,0.020610374505420737,-1.6917521467957206,1.4374305980108872,9799.00756430973,-2427.206069785201,2394.5428948887475,cliff
R0929,929,EASY,10.0,4.0,86.95797332307774,bowl,servo_slew_deg_s,+,45.97134923531307,1.2451115595463331,2.011138276632946,0.0320773425800113,0.2027534943246917,-37.80568471457857,11.45504839749232,49.05640726006288,49.023572180199885,14.35818357599654,2,0.1235396393599681,0.1147659495096249,0.3476505693830765,-35.62377477259676,88.29175691700563,-50.4390287223087,0.2417690573343516,-2.2958092327591912,-1.2726475308946328,-0.4597134923531307,0.8892583627819645,0.0,166.16166176637552,-36.65974340526784,1.319482285408232,967.7502401624512,-12322.840874233894,8349.191201328784,0.5074276025039857,3.4138614397062264,2.952181823384033,0.05295287742167773,-4.621408011027725,0.0,581.506415799652,5958.85801811052,bowl
R0930,930,INFEASIBLE,10.0,4.0,1218.7382330578528,bowl,Cm_alpha,+,654.6533574599036,2.4923797038237807,0.9388907848353888,0.0371577331461739,0.2143101124567658,-53.30487681203788,9.288272748524308,27.19268936032924,50.48330392397827,13.051460310185774,6,0.0017654601969636,0.1832948293748132,0.2242448858034088,-203.4405322896395,-6104.7051364111785,3789.16939336055,-16.36633393649759,-9.586887628016727,-19.219350807564467,-1.996716694534885,7.910110654221203,7.800151780549708,301.5180347617226,799.8938504449527,3.3403923495349943,-7009.5689188612205,-3558359.4022904905,-78502.7780451658,-1.9784662618879523,-12.753625807530621,-2.506231722559369,-0.07542355080195307,-35.332365346113384,-23187.51388274846,-30750.642071595157,-27606.10978691064,bowl
R0931,931,EASY,10.0,4.0,25.40306518411771,bowl,wind_strength,+,9.593982381602153,0.392100169239916,1.9858114424285565,0.0334320116365259,0.0407916651859684,-47.33104832524595,7.671292692317123,31.383574976508967,106.1659218146072,14.434845261795903,2,0.0739015115754323,0.1783183697490475,0.4137638132765938,1.021391028658635,86.53631785222714,21.33796855507638,0.007246660564325769,-0.972077382240346,-0.1446626908190492,-0.04227355981093579,2.5686724644439365,0.0,39.17903075290674,-23.984955954005382,0.01793443793549443,-94.82721514961602,-121868.02766773218,87146.6149967046,-0.02859609106695693,5.335056898979937,-0.12703465943970116,0.004025668115705336,8.486049235000724,0.0,-869.7559992825674,1873.999890874919,plateau
R0932,932,EASY,10.0,4.0,54.20662975275392,bowl,Cm_alpha,+,26.37388046512303,0.8202245232567802,1.674195410526376,0.010526084116096,0.1137365882545362,-40.81693472839997,10.749309524075136,41.46455650664657,61.75659822460712,12.289834762215822,2,0.1328728032562113,0.0671626847670276,0.1387118007039936,-5.16341431804426,31.631230433017517,-31.09519309289818,-0.6593470116280757,-2.4185628158522032,-0.4992454682349006,-0.20489937589758425,1.8100810099001974,0.0,121.50949092720131,14.155189418441829,0.9119271487255567,1326.5660036566783,9864706.083976146,-1269.2985787914347,0.7489259179524415,8.442092820210343,-0.18649849383036554,0.20763334844527573,27.814058339001285,0.0,23644.625895813642,8165.080824059485,bowl
R0933,933,EASY,10.0,4.0,64.04297881160971,bowl,static_margin,+,33.45463128181433,0.8720692273620106,1.7179340247224268,0.0374900607197759,0.1170099921789865,-42.25005589986189,11.943345063276585,41.59679882475481,115.79932170281708,12.572649144499234,2,0.1159259794588634,0.2002817244004446,0.0844630694771066,-2.9596773026886134,471.77025802584376,-167.27315640907167,-0.672886448895532,1.1818368389665777,1.0115328263450514,0.11101732507079967,-2.783489972892392,0.0,26.08455738709677,68.32243403144079,-0.5170629356457681,824.9091043514014,2876088.4618765595,34276.425238244294,1.2515409697421433,37.10684163565268,3.232112125575778,0.17380056638148017,23.62642907484667,0.0,32806.79980991045,7757.076900819809,bowl
R0934,934,FRAGILE,20.0,4.0,22.939514183176176,cliff,servo_slew_deg_s,+,12.433711562503062,0.2388780813259449,1.6079833279317115,0.0383706384287608,0.0429724046663423,-33.70326504954326,12.284483931701011,47.58083047469836,23.360983827212472,14.31062605652702,1,0.1041046837439229,0.1323940826132212,0.1814515058300474,-4.325206500011044,-50.399273487254064,18.17263721595148,-0.04498557928180569,-0.027843965106142936,-0.005826595675855373,-0.12433711562503062,0.14059398619613883,3.6330583168642945,11.704482359584883,44.443779019029826,-0.027030705320589377,30.015605238056434,-95084.59411220888,-34575.27141170669,-0.027576218759107984,-0.3458136952896121,-0.03369990593968964,-0.05995876543460389,-1.5891716227545718,-968.815551163811,-558.4858858849204,8.057681682343008,plateau
R0935,935,FRAGILE,10.0,4.0,74.90009626429365,bowl,mass,+,18.401911814542963,1.325592081166699,1.1111880751399423,0.0192217859448633,0.1165639688754356,-67.99246131998038,9.085156961213691,46.26917259209651,59.32033783641112,10.041132574555895,3,0.1047029122914549,0.0540576357072633,0.1790771039493985,-15.334926512119134,1276.113186047301,8.107794666514943,-0.12818629764321532,-0.2372944912898968,0.486174671103457,0.06404486437514537,2.4547104307860756,-2.7926688517254635e-06,187.43712861015277,82.63252619991326,1.3581003833208456,2070.2713136903258,998945.4996364717,-21507.572089750196,-0.4023218722473665,-3.0570566163620225,-1.043930766323251,0.2267082915579502,-16.587794811136202,0.0007447116937934563,16122.00566209234,2053.9144984878762,bowl
R0936,936,EASY,10.0,4.0,47.52995075467983,bowl,servo_slew_deg_s,+,29.219533636193535,1.2555879494275242,1.2356285015778794,0.0302587724336343,0.1528205533577969,-48.18269685491896,7.294276107753722,44.51566074706916,82.30888826436706,9.168314094477326,1,0.0215316149888836,0.2387371343651589,0.2923353619292756,-22.450250552632497,-248.82556061669663,-12.211375856600426,-0.10395920884471677,-0.06910348400610701,-0.05616102486544321,-0.29219533636193534,0.8102891560087495,0.0,91.58777368324546,16.154688192749596,-1.4273896666786179,-409.2308306310587,-923372.6775186015,-14157.336205991227,0.02168499906419319,-8.608272042403378,-1.6657452708951421,0.014711971308396344,-8.40124217668955,0.0,4278.016667863439,-4537.362003010302,bowl
R0937,937,FRAGILE,10.0,4.0,147.990547557019,bowl,mass,+,53.61854107303532,2.343902783425611,1.9359455799712904,0.037054356305214,0.2335432885110865,-60.38639205968306,9.541708571261411,46.85922640930687,75.02167851639427,8.273366459709642,5,0.1227401803753206,0.0138540528870565,0.3204516393911442,-44.68211756086276,3076.0720780287356,304.3765965246823,-0.6170684445201016,7.281295108362692,0.6882398579529848,0.3125973261360258,0.3141867069862442,0.0,81.90907891861372,-35.658451831109396,1.0210459893999824,4240.31498413735,6170325.698760451,230562.69677990515,0.8891405233418863,101.2237333801314,8.535459432138268,0.864078663629362,149.20867934855482,0.0,69419.30328706825,36552.840670376194,bowl
R0938,938,INFEASIBLE,10.0,4.0,191.84222900606767,bowl,servo_slew_deg_s,+,130.6759660121774,1.6285908456394302,1.2101783111426248,0.0127134222445476,0.1457938569870724,-60.44968865384856,9.048123439171722,37.905651554553,59.04479098474113,14.003780390511457,6,0.0562250018519762,0.2205262113875902,0.2386498318782697,5.147860325545597,2219.0200254121605,229.67142165412412,-0.7271354737807725,-4.901557544216494,-1.4800507405173007,-1.3067596601217741,0.700784887436511,0.0,219.10394811784877,193.0332554292918,-5.255384485502265,1667.0504067941472,3469546.0407512323,69895.02996036565,1.9908151640635614,26.03402041049809,5.0765799018647275,0.36783357695119934,32.548236598297976,0.0,14924.693286591784,6636.117861845726,bowl
R0939,939,INFEASIBLE,10.0,4.0,218.60731989567026,bowl,servo_slew_deg_s,+,136.91747969421846,1.8814992378913828,1.0067706593715646,0.0307411573771453,0.1795853950479065,-65.00898122370751,8.693295226289687,49.83586636111572,60.03802271155353,8.727493436123204,2,0.1143579167119064,0.1957164130482193,0.3304387637206318,-30.761818072155748,2307.2382371145054,594.9406640088523,-1.073580052647368,-0.7713291167795779,-2.768394847168944,-1.3691747969421846,-1.7379660078365198,0.0,173.3152617540935,-12.044274530604227,0.34187358640053667,-1125.6380459744323,-5315688.914621485,-108422.569621303,-1.459487491205251,-17.120689753260894,-135.99554485562678,-0.34731972713434756,-13.387052000205513,0.0,3291.565039210735,-23412.01469097989,bowl
R0940,940,EASY,10.0,4.0,28.53584118988471,bowl,static_margin,+,9.529391437773993,0.2856828881560621,1.5809503320564462,0.0310203612542571,0.0466134864548872,-34.37732577029602,12.995311947393663,40.7249214458762,31.16145663754341,8.703774080162345,6,0.034359177254358,0.0980401144456006,0.2852312029535833,11.058360897441704,-166.8791247285642,-47.64695718886997,0.2722528252095562,-0.7130515195188972,-0.308728308576767,0.13845982124841125,-0.1721702729126156,0.0,12.547005350339798,24.996915578614566,-0.021653228652488643,132.79742504651853,-402980.94919393334,-16776.28805575007,0.1735157495057411,7.0229172127502295,0.9025023269645368,0.08040154641486247,-8.484308641671209,0.0,-274.8264222370211,-1218.0941244761257,plateau
R0941,941,FRAGILE,10.0,4.0,103.77764287307956,bowl,servo_slew_deg_s,+,80.38034061809357,1.2528566076960128,1.3549082732238449,0.0379598924142643,0.1727497167056632,-42.76923665563171,9.163529416444897,45.014901811287245,33.50321826792107,9.674566024643422,6,0.0240964291324452,0.0037844056848895,0.4128795713861258,-10.760438083988149,1048.5018503085114,-17.60183910385103,-0.5505078330616415,-3.2093537107551997,0.3556591507195119,-0.8038034061809357,-1.1359901941530064,-183.0071927501696,84.59792104357997,54.65282876064161,-3.7226063212089446,841.3040759549248,1964946.3023521733,26705.85773784859,1.3085123675820887,27.175566637308822,1.4952803466129336,0.14845176365533724,39.77343554198573,48801.91806671191,443990.7522407493,13674.668682142608,bowl
R0942,942,EASY,10.0,4.0,52.40493595017499,bowl,deadband,+,36.71084821288688,0.9065510845724324,2.0438364493053287,0.0356862098071045,0.1477517662595497,-36.19500059596047,13.004530389651206,45.04424709402423,71.60544142396773,10.14875397939622,3,0.0682515558388129,0.1064668406616666,0.0517170490061547,-16.939789812466724,-545.712007711709,-25.792544085681325,-0.043357898870413525,-0.07707553067348087,-0.7465042653035884,-0.06710070859209791,-0.13719893186540907,-244.73898808591255,45.096653094034174,32.20111263134649,1.260021811948548,595.8990678499091,32760.88655570827,3531.9928916622816,0.8890890339243462,7.914920550162075,1.3560174777926755,-0.010256396760796314,9.254027214116583,65263.73015624338,15135.00003563574,794907.15581791,bowl
R0943,943,EASY,80.0,4.0,10.86111021120158,bowl,max_gimbal_deg,+,2.3592652894723924,0.74115257971231,1.8592246807862147,0.033785561011247,0.1044567077732456,-35.195847967569605,13.129918878988407,31.849428334025127,72.13302229624297,10.685747416594468,2,0.1348530230217018,0.2068531670417055,0.2455925570241382,6.544682480541972,44.86916043816225,-1.4817740444843526,0.11353259138536043,0.44194229751751585,-0.03814686056092818,-0.0006797727712940293,-0.33703789849605603,0.0,13.110186490564347,-2.118805892691179,-0.04813892002878939,-92.22142230756084,-125974.92602872761,17362.92270545758,0.26859563710347034,-0.04192473815877228,0.42760208770650193,0.06472593494824853,13.932072422095871,0.0,-1450.4227114153966,3817.898392072094,plateau
R0944,944,FRAGILE,20.0,8.0,381.70967936072947,cliff,servo_slew_deg_s,+,295.79512987734853,2.7395851494433185,1.0426512912111034,0.017249648657802,0.239884590696575,-66.94159091452458,12.302364466725887,44.47218954811284,45.62401418326012,10.392484501621116,4,0.072207409110846,0.0536058273317225,0.3849852561955732,14.276168247379452,-832.2475567997587,286.69376750718567,0.722664305366326,-1.1851029930376118,-4.431735553468442,-2.957951298773485,25.89327199724129,0.0,356.1074303618698,0.2088633152193429,5.839432076824361,10694.652929812119,17049209.85965829,1586207249.6579733,8.75479703138772,86.00438459978128,19.8768197164094,1.4556331723135516,284.6206129769337,0.0,270473.4763456203,82284.57601322662,cliff
R0945,945,EASY,10.0,4.0,57.646481967545284,bowl,servo_slew_deg_s,+,28.82317988297437,1.0835415326326094,1.129170021364838,0.0350759543714875,0.0957320604662363,-55.53188361236769,9.954402036279262,31.158020172278015,59.657812590882216,14.346459892879167,6,0.0951902339178623,0.1890608995019035,0.0825941415394195,9.778806765851366,468.36910776100774,16.18240693748821,-0.35934972981761826,0.5236341272825838,-0.5726572188762485,-0.2882317988297437,2.628963184866917,0.0,64.73057387048763,83.38215471593942,0.031292179448066726,222.6545141711928,1644740.3110693828,32837.66031343573,0.21371672177166046,4.007810868598201,0.52112360758997,0.02714958827237801,5.987128033619864,0.0,4465.941086178967,5312.904424307328,bowl
R0946,946,FRAGILE,45.0,4.0,48.77796970454226,bowl,mass,+,22.1730710508054,1.5977022055970795,1.8333871943253384,0.030520469853129,0.1369456314766218,-55.07319031717298,12.367275023000074,28.84340473941204,95.8553249084106,12.992999385677384,5,0.0025041301776273,0.1626971626011028,0.1871938737701013,-18.477559209004497,448.72406554290615,63.20257609415329,-0.1634005205296183,-0.7825217048722731,-0.5182992168888013,-0.1834600364068085,1.5464223411717972,0.0,96.69233107511376,39.39668289241056,0.5684347885121457,-409.25381454835747,-897555.9470286771,10338.28484553446,0.09012311084186075,4.000301076701446,-0.02925479310092328,-0.07163321673533765,15.32024042506465,0.0,3821.246715536312,319.05703658142306,bowl
R0947,947,FRAGILE,45.0,4.0,90.9079468016747,bowl,servo_slew_deg_s,+,49.528336769576704,1.4429769117764892,1.6049596017811445,0.0176713336669757,0.1517562455914045,-45.105250446589466,8.956109334312771,29.12660975660896,94.81663270348356,14.491874745360011,1,0.0848174662690732,0.1458577893544075,0.3015646255684449,15.296924333694259,-966.3941382561469,71.91256026836162,-0.2730118075664558,-2.154349121204221,-1.4893075881759443,-0.49528336769576703,-0.39480403367613437,0.0,111.22858770640921,105.0154229896278,4.1053897588286965,1624.3590049351935,3324907.335851183,7837.481257189637,0.8010630474659566,31.03406200290522,3.355878997815005,0.09418690202616788,70.09565005847941,0.0,29762.48919596514,16396.54481071433,bowl
R0948,948,FRAGILE,10.0,4.0,76.15885848684508,bowl,wind_strength,+,23.579383009205095,1.944192617306516,1.960372467994813,0.0302019171611424,0.1819713840334253,-60.026690951976846,13.035263624376162,40.85806360948693,105.98577555458724,13.3641344955897,1,0.1336299897365018,0.0749869392243833,0.3406448388673352,-4.1093562920201645,713.7424480861488,-62.36413152016448,0.31254652777851577,-2.1189571126975233,0.6590001592546464,-0.052963467724267764,5.8630209043766035,0.0,183.3891154983205,-58.948457523012735,-1.8291609512208744,-23.887303672231905,-128930.61669371181,28985.830253755455,-0.008497627050138679,18.55074165173015,3.9006105838046223,0.045718612226865435,-17.159122083534967,0.0,-865.3790300883206,-1727.231829676016,bowl
R0949,949,FRAGILE,45.0,4.0,131.90108015886733,bowl,servo_slew_deg_s,+,99.24390023533934,1.6165430748035656,1.6131018438078186,0.0292424809462965,0.1804004966611921,-48.642915850963576,9.277634312182794,38.14182355480688,22.71176087849571,9.251054628980448,3,0.1253435374235914,0.1043457902775684,0.2434312852212307,-10.54687958573827,-494.5094415822413,194.8725971209707,-1.1077214391918542,-1.9548714801469904,-1.1946031022692765,-0.9924390023533933,0.36907220247416395,0.0,124.7735536925322,96.98004290913036,0.16690564376743744,450.5373320649458,2023420.3471283945,3070.0303772236857,0.7130964760194329,-0.2458922266005414,1.28600043885579,0.07183181664511941,-8.534100916491822,0.0,-1016.5959195355986,1049.4686534609991,bowl
R0950,950,EASY,10.0,4.0,43.12405944329309,cliff,servo_slew_deg_s,+,27.030905693058244,0.5299554336736653,1.3978317172840056,0.0227426968402202,0.0631105152058972,-37.081812226566,13.364730734753374,25.24108447636138,54.67740886488038,12.855201250394716,4,0.0095354557548336,0.0722607017083672,0.3180073575660453,-2.659930961584594,11.128760390948964,17.839369513873706,0.1259405252367165,-1.2780068669222238,-0.2689393646969891,-0.27030905693058244,-0.040994926790604215,30.44264569396571,115.07999910063559,18.448850044798288,0.08184915120469594,-158.04843158909654,-36050.95743455732,1480.915892478613,-0.10374632225516689,-3.4031459035531975,-4.628388332665873,0.08755999870077541,-9.633437855628788,2290.6718606217187,3563.0207754191774,-1193.1846419513881,cliff
R0951,951,FRAGILE,20.0,4.0,70.04622302716507,bowl,Cm_alpha,+,27.8144644052524,2.1455220130933927,2.042213413734232,0.0237106819557841,0.1906391281765436,-64.93908935495263,13.387892516188549,43.09549589306246,99.5270117082904,14.27449417160475,6,0.1488515052452545,0.1268426664282721,0.1649747850787671,9.188472359861166,743.4262148978316,-138.58829244279167,-0.69536161013131,1.4069221541034478,-0.44670075217169086,-0.23368562340860918,3.4068695982098274,0.0,137.75052349584345,31.59816146070093,-1.9929034685073308,1028.7612052987427,-30737.15537992659,14706.11583071741,1.110239973025009,0.8450525876814802,1.6644647901168015,0.14131244445198432,38.75339336030835,0.0,11444.526814074283,2654.8452273406992,bowl
R0952,952,EASY,10.0,4.0,93.34790896607282,bowl,mass,+,54.588934472840705,0.9729501112172004,1.3061803606951017,0.0378361153437105,0.0800088098266822,-60.59164954271198,10.109234276298128,32.13522794928756,79.09871217195621,11.261171296569003,5,0.1077368013823891,0.0827810375293221,0.0589598555959196,-45.49077872736725,5.872389696293107,195.55428197549023,-0.45318970737169106,1.0596398598644292,1.2418148242375289,0.048656922177376674,0.9108102662864259,0.0,-8.620719620332055,131.14512484855783,1.461135708947686,876.4760069628493,1675163.2910535943,25070.93903650391,0.7624476082810232,-9.623582133922772,-0.47401310552598264,0.020207813870241297,-16.495666040844384,0.0,-4640.27971357174,-1784.5542172908818,bowl
R0953,953,FRAGILE,80.0,4.0,50.46444704614552,bowl,servo_slew_deg_s,+,24.24289634160607,1.190904013720122,1.8649227775775812,0.0360326774898721,0.1226942024280126,-43.97196138302432,11.516943885440256,26.564864106371,20.072315888584093,8.623961997786495,2,0.084019035555738,0.2419761513871949,0.4431533582519687,-16.584788414733815,-150.8767245750614,131.17504308899234,-0.5298648951283953,-0.771278900300893,-0.5122994354961634,-0.24242896341606068,1.7562219947952016,0.0,17.68991394067087,11.721475137059242,0.17344768456136705,475.74185381017173,952300.7333919737,13308.512031319065,0.3665341754737632,0.7954584693873539,0.29758877343347423,-182.5133812118877,3.2845175533268436,0.0,-1929.4622260952826,15506.708099349107,bowl
R0954,954,FRAGILE,20.0,4.0,55.523418536769356,bowl,servo_slew_deg_s,+,22.243842600940926,1.0314942075591258,1.5396631394872728,0.0328190384200283,0.0862074613216374,-56.5283094802707,9.05509066431376,28.89012876698176,50.39435069003791,11.08553819339487,3,0.0609967936353788,0.0692107484119857,0.4275813577236563,-15.611687450018938,-738.2563636676942,105.52128278548483,-0.05745443881796275,-1.651015646928505,-0.6509104477936127,-0.22243842600940927,1.8586832932324215,-14.980812113499073,22.178800012016215,61.5038490286011,0.3006448286304133,-903.6668173005842,-560788.0447947186,-12290.823288622223,-0.15921718224237713,-5.062643407298875,-0.529163877266368,-0.0633605708727341,-23.537592342949285,3994.8832302664214,-10299.087508474082,-7112.664750466422,bowl
R0955,955,FRAGILE,10.0,4.0,32.99618921424633,bowl,max_gimbal_deg,+,21.940835603307058,0.3337760836411864,1.3923098448106488,0.0393614202903614,0.0475270893950038,-37.99867929091857,6.144745312894031,37.89399289958563,82.02086285296784,8.058209069763839,2,0.0788683436664408,0.1981462190892458,0.1739982343060994,-0.9969949749946574,-439.1158382191108,26.817065183784063,0.004018222064490651,0.42769770911130994,0.44873223670685614,0.10864236023721201,-3.1344050861867228,2.4739307182251458,3.9347925718685737,29.97708116314621,-0.25123836544383016,385.8351233000288,4366420.888606219,17065.314610964255,0.32556262287465865,4.297924104205281,0.8031267059408919,0.06347413407823126,-274.26865504681354,-659.7148581933716,13795.704440475054,4848.10420563212,plateau
R0956,956,FRAGILE,45.0,4.0,96.70040403942173,bowl,servo_slew_deg_s,+,78.44138430470852,1.6131244266924745,1.631507257834985,0.027064400021821,0.1243912092225753,-63.57632480295231,12.72594728449648,31.10970113038372,23.29730879783398,10.354578180211178,1,0.062780367462683,0.0840835416545783,0.3075528760457966,-14.585046107667786,74.6400421022125,134.8444597066537,-0.3278193990544541,-0.6342692152346402,-0.7579793250820799,-0.7844138430470853,2.0774799009236102,-23.411665596147785,114.22159045138297,58.97155265231357,-1.2803447053505632,-100.556720697186,438943.4268461996,2350.265179564597,-0.6598664456944685,-11.615520230380577,-1.3606018374492033,0.11406777327977767,-20.661201122540653,-6243.110825639412,-15310.931424693099,-3591.4438008375105,bowl
R0957,957,EASY,10.0,4.0,88.79551854607271,bowl,control_effectiveness,+,55.20138534074479,2.397256774318524,1.0749611120103375,0.0286979573188639,0.1868243469240743,-62.9674805162116,13.413853457133945,31.16964287879832,119.26682005743702,9.797567485887669,2,0.0541719921123449,0.0378908475528014,0.4457670115487859,-26.738127447731326,-135.9631109155714,-7.4761873361854185,-0.5810836853106798,-6.133487260082755,-1.7424531499925429,0.05105216022071259,-1.8927759914655244,5.678749280637341,20.23512907580137,83.78963322529044,2.0200088412305925,-658.190662648818,-2842123.4603348356,-74938.87609410667,-1.1207355056221737,-10.564174047092191,-1.4191502104754432,-13.008061932991778,-20.212923850520742,-1514.333141503291,-22586.498652198883,-142954.24894758375,bowl
R0958,958,INFEASIBLE,10.0,4.0,313.70578599830014,bowl,servo_slew_deg_s,+,173.87264783019316,2.047530111087742,1.3357199735891296,0.0176370186667553,0.1730075462326998,-63.26235384647728,9.265751048695282,36.98465311217291,59.4079924375034,11.237344002166491,5,0.0624787191894727,0.2058968857495638,0.3672122313688473,-26.03129262142063,-1386.1137226779676,1041.0088476643186,-2.5344338042785406,-7.409932019464856,-1.9375116374760666,-1.7387264783019316,9.799818082346466,0.0,-8.50690546550566,46.45636850533275,2.448379815004351,-3703.4873040091015,-7759474.595270271,-22754.763875163877,-2.195409810926508,29.738186861502406,-5.483449873448012,-0.07071136546299633,8.804641220004463,0.0,-8926.801808815191,-10388.045375284437,bowl
R0959,959,EASY,10.0,4.0,71.91772307632068,bowl,servo_slew_deg_s,+,60.11355084324288,0.3216533430907984,1.5269840575610334,0.0199252994342155,0.0432444369327946,-45.279796007170376,11.011108625787134,47.96833393937794,38.96081361857559,11.554757798057288,2,0.0534622857884903,0.1584402148702404,0.2229987853346011,16.033988847685418,-51.67176836859221,-84.77885130774078,0.21438887499804915,-0.1762520069563404,0.1468104750970632,-0.6011355084324288,2.7588739477154474,0.0,78.96156247711556,17.00051225737454,-0.04613082325149476,159.22628695690852,474484.98669063154,131775.90893396357,0.06914270606174,-0.3205553165643152,-0.41993090278052475,0.16697112752276297,12.45829673425401,0.0,2243.5487891965313,8348.192562498198,bowl
R0960,960,FRAGILE,10.0,4.0,47.283731251063564,bowl,servo_slew_deg_s,+,14.398917887266565,1.2310427394330845,1.0081401857186818,0.0104673524027771,0.1997881171836119,-31.7332512389737,13.500617052959411,34.330769932372064,99.06120625250888,9.08877284490178,5,0.0300711722902606,0.127660388752439,0.265810089677529,26.188696234168038,114.94890544623388,67.61835815478763,-0.3468655705664709,-0.45711914245874863,-0.5500770796216468,-0.14398917887266566,1.9327428350596276,0.0,7.688634672415302,40.368594687630306,0.14303473106805598,1611.3262062000347,7578313.579502319,28946.10173675891,2.780502983821212,27.55746568426865,3.899644806939896,0.17254103602100215,20.89669261345283,0.0,25554.584415550016,11393.002089665984,bowl
R0961,961,FRAGILE,10.0,4.0,67.32849504457715,bowl,backlash,+,42.742764537985174,1.0711309160147189,1.0105952403419431,0.0314486259902964,0.1610231800645909,-35.66718958424278,13.01076137273191,37.21266961034163,68.16034806582147,12.639112268712758,3,0.0115497116158214,0.1590463185833008,0.0753167709912506,-8.941043057252518,-363.95294829782864,-21.75087768894482,-0.003061560135081187,1.3813047092370618,0.38472708971098124,0.1703527592332652,-3.2109725850072763,-1.7946603902969949,-170.9710581519407,-93.88734396430088,-0.1411808524052418,2464.885373651048,2556292.6409836253,68066.24686186606,1.7035719870515076,34.36155374382654,4.362622807962217,0.11129036884533514,56.10883004576519,478.5761040791988,41945.59157864915,17842.855375366977,bowl
R0962,962,EASY,10.0,4.0,34.530878652649264,bowl,wind_strength,+,19.996645611765246,0.5972910117992509,1.5999405036281773,0.0236568177837541,0.0598157391368468,-53.00806147002355,5.1162587255463245,36.47574659013307,92.76751336995416,8.759456961527956,2,0.1089938039849031,0.1055358597580763,0.4023843607757619,12.659360484361851,124.6504617096635,-76.94984163742888,0.32329325896350847,0.03305459301619964,-0.14418316446326623,0.1071958259141483,0.20298991266209826,0.0,-14.78781958468851,-49.991614029413114,-0.6756375189554302,-310.850815999934,-575523.7112636977,-6295.508285675477,0.3005928042164068,78.50830797927132,-1.6041250903238973,-0.013442159892716497,-6.238747739878022,0.0,1804.3654843119393,-2175.856909982759,bowl
R0963,963,EASY,10.0,4.0,47.26522838497204,bowl,wind_strength,+,21.96780466239282,1.329873143044787,2.0796367806096936,0.0282576044905419,0.1839017923493016,-38.64490695389024,6.2504269637818215,36.96556785224793,87.98886465524976,14.539982618638652,2,0.0416110620618592,0.0171450984072513,0.1271896291500392,4.163636245299751,-48.507720630359344,-14.36118876798441,0.052541838834993415,2.8394633166075867,0.28216553293240026,0.26724025107713245,-1.1724291052630382,1.6463938566123086,60.29955267861895,-54.91951165598204,-1.4146899119447547,-2615.7602704002734,796309.402954558,28680.489604293343,0.6575811784095438,10.007701734631096,1.182841782334184,0.04447536324840929,17.075955575925672,439.0383617632823,-4443.567383155541,5827.313319377402,bowl
R0964,964,FRAGILE,20.0,4.0,50.15875498196128,bowl,servo_slew_deg_s,+,33.03390640848157,1.3769676397523658,1.911795918584637,0.0133759732676768,0.1542133920358309,-48.11976645411093,9.808633496142054,37.59283604604413,71.29654411563894,11.18389489331748,3,0.1165710038354535,0.1094883386293692,0.3807555624982564,-2.5320973514649103,194.1664308908594,-4.597555362329593,-0.33156818026651935,-0.8392891330280322,-0.6852017629061905,-0.3303390640848157,2.986953843173773,0.0,79.33749771663942,12.16621169057669,0.08086433693471573,1075.8285244939468,980975.5300475362,19138.699003321573,1.0250379078882275,19.232191481842797,1.630553059456563,0.09278821122552629,17.246542903433824,0.0,33768.92364071582,8386.622303165303,bowl
R0965,965,EASY,20.0,4.0,71.16021466001578,bowl,backlash,+,25.830077146488897,1.700252897060015,1.7145579149899637,0.0379101710199858,0.1488612469126539,-67.76644448985036,12.077581060136366,45.56454261533899,34.09949576067887,10.577936627639804,5,0.0667226196300207,0.0077782532765785,0.2328149002879274,19.352785387511545,-50.55124468591076,-96.87596935357767,0.361107178128775,0.3552670204950229,1.7237226372482635,0.19796940746684744,-0.6344891132184363,209.7973574058138,-103.32030858595559,3.266686105956215,0.11617465148651007,-578.892857503375,-1021923.944617714,-16166.914840576846,-0.6157995260533471,4.337367003567325,-0.6589387823865688,0.020108574490957664,22.647503090609213,-19996.42281523354,1282.6732883878701,-10582.168654021327,bowl
R0966,966,EASY,45.0,4.0,33.15523796952005,bowl,servo_slew_deg_s,+,26.72063799276605,1.3396576325385512,2.0925051489474105,0.0254559109059048,0.2091111152173646,-33.412758409851776,12.30600774538831,35.20891232272375,22.01863688826935,9.684567085980468,5,0.0287238493565292,0.1180369247156202,0.1752544343240841,-5.136170569601411,-83.22263169449943,27.49077624828586,-0.1398175305992564,-0.14474525672101796,0.07399990837675005,-0.2672063799276605,0.9057651225119995,18.06516736123113,47.71842960254152,22.990523150543865,0.01141769916991997,-16125.783080120573,-680700.1188821135,-11813.31936240191,-0.217285510147756,-0.35989968664393207,-1.0889997192104237,-0.13848469829632382,-1.0769275672601164,-4817.377962994971,-1999.863917887826,-4572.123040521881,bowl
R0967,967,FRAGILE,20.0,8.0,121.74570369511565,bowl,mass,+,68.82550652893323,2.0768353305942373,1.195098958851928,0.0214082319274558,0.2007638784592028,-60.77579372442872,8.844645042461444,44.67758227926319,108.02384813731868,14.200312174243663,1,0.1182340549961087,0.1714036562329224,0.4160021367014091,-57.35458877411102,1039.0016791132473,190.03785246853138,1.07296969940883,-3.9507650325830292,-0.32114392698228966,-0.2728007047393165,-1.30173044417306,0.0,32.3843252590778,150.11175710413588,-3.88956089847391,37.92809205678747,2417667.9857732104,-692.046572242616,-0.9517003337617638,0.36925699662561695,-1.1769035755431116,-0.1416437258352225,-43.747544035178876,0.0,-35835.33529142783,646.4607457726001,bowl
R0968,968,FRAGILE,20.0,4.0,70.49821755297376,cliff,servo_slew_deg_s,+,61.576555498443916,0.7085266107490606,1.846809791365956,0.0212724714453053,0.0682269324496802,-55.41310430266171,8.621811234242987,36.8540886994094,25.49340320196821,11.228617375790495,1,0.1004028059832101,0.0500296857014433,0.3952850556607616,-0.3708289827002883,-157.64030058368292,23.76063244315674,0.05013745721461227,-0.8436382671917536,-0.33648528469297717,-0.6157655549844392,0.8591069821393669,0.0,111.51691092748027,-34.216961660811684,-0.43693065171725465,-199.8896377574744,-1183257.6630832276,4256.941256094859,-0.2093416078247241,1.2650249612271254,-0.13076366018317573,0.009421130069111001,2.623479154408159,0.0,-13032.683183655316,-6876.478662360458,cliff
R0969,969,FRAGILE,10.0,4.0,20.250630433504192,bowl,servo_slew_deg_s,+,9.542316929416792,0.7160512641487613,1.6426629801292656,0.0139713356468632,0.0904522178827363,-41.841306813958354,13.32659851324297,36.15946917337471,105.708702933438,11.396902278551408,6,0.0443373488637096,0.151206412360895,0.139007182208748,-5.496418717824168,160.67343392392505,52.510074817277655,-0.2178990949888442,-0.39869748129834076,0.15494419787992939,-0.09542316929416791,-0.5690724227139647,0.0,-4.024148434613824,11.530731054204303,-0.40671848680526423,-467.0662216727935,-196551.50265540823,-972.1418835556693,0.04132416423572893,-1.4846415047184802,-0.5612994154550467,0.004833799172343021,-18.811758247302194,0.0,-12108.149824610497,-1474.2430154675926,plateau
R0970,970,EASY,10.0,4.0,58.457617821035626,bowl,thrust,+,33.10650934906918,1.0144578292247055,1.2226798524553526,0.0257582232975204,0.1513870264932203,-36.01713431485332,11.658286644158864,37.39288630373012,43.3760819879238,9.863686244369184,4,0.0916612708195059,0.0393933247335758,0.1913430464793707,3.43186486757758,-137.1376612601429,46.18122167668584,-0.6964435620496645,-2.440095609104217,-1.3242603739627672,-0.21611815680838786,0.20885571542020917,111.36903087759248,53.00675176358438,-11.135712710880592,-1.4633455055927511,-326.3161215661707,-921411.0331805792,18902.911864529648,-0.1675123778302816,-13.693904469824972,-0.5895341241564558,-0.03643882874936164,-44.63619076682531,-29698.408234024635,14078.906433340031,1246.3644128441533,bowl
R0971,971,EASY,10.0,4.0,50.01056330742517,cliff,mass,+,40.44590067934643,0.5510798959595672,1.5622721486738005,0.0347730872187792,0.0744324802817971,-44.45362674566135,6.188073536964126,46.66288658779519,67.7847546058791,10.681293530370692,1,0.0987707491243373,0.1003287639252774,0.1311575346819785,-33.70491723278869,-151.65124227961036,-2.2984901776743185,-0.31443720096886973,-0.4807969105046141,0.16008788212894665,-0.1626543214720256,0.31171319813528003,-0.29840699496581663,-46.428058773638526,-39.313688435655756,1.268012486858904,1237.4891433757084,1209846.7916681145,34890.62014731564,0.280946816983601,7.725032530582007,1.5842532118456683,0.03869526042199738,0.6640089216066781,-79.57519865755118,15539.168524156777,5089.270492421679,cliff
R0972,972,EASY,45.0,4.0,35.34327838122622,bowl,mass,+,17.680803167975828,1.0467512022993268,1.8774371271389656,0.0240359250805037,0.1587978130810361,-38.353315112104966,9.84999032293292,43.81968707719591,67.07119186675286,13.209200992364638,2,0.0448228435708144,0.1001455516977366,0.2905373993217274,-14.734002639979854,29.724242054399472,-4.417830765282368,-0.03783624207914493,0.6478049059694888,-0.433511470148483,-0.1518927615121381,0.8554105155839773,0.0,74.27046676885878,-32.58600455644937,0.68916707827215,179.06323463792066,-279055.16081904864,1755.8212879166003,0.04205745403829808,-1.202628925168063,-0.6409801245396847,0.06246265713582403,-2.1849204971297302,0.0,2229.2720391278704,1683.0293432818314,bowl
R0973,973,FRAGILE,10.0,8.0,45.28286114786049,bowl,static_margin,+,25.55966239008311,0.5448917929989983,1.1232787917272262,0.0260836148050103,0.0943829845813332,-32.19629997318172,12.264077785802671,40.256884976074005,61.04654100375335,11.420444427877634,6,0.1214029170465827,0.2006239041409825,0.3935947630147368,-9.82694927204118,-199.05422593831113,-127.79831195041555,0.5067462804005785,0.6030011306342735,0.2756040799462262,-0.17362871253003026,0.8858440350165414,0.0,68.92446410229029,24.73570922932058,0.5317881709928454,-151.47086973961436,-1354223.9189759486,-22199.649446463165,-0.5278798351688141,-9.481771480215029,-1.0245863976537988,0.019647760009411073,10.71480226436896,0.0,-19338.374256805695,37.04354871711495,bowl
R0974,974,EASY,10.0,4.0,35.88991823009798,bowl,servo_slew_deg_s,+,23.323723373644626,0.919769677128123,1.5767035623748369,0.0397263651373437,0.0897488256311721,-47.74547839599994,9.586967659132895,28.094753702428488,49.76101413415717,12.4802197074502,3,0.0067697929045726,0.0995418718518842,0.1492437739760792,-1.736475062356119,2.968291044604931,57.46798917942633,-0.1535964695590174,-0.3561423104505535,-0.27722844092688737,-0.23323723373644625,0.62152952735258,27.217889599515996,37.293305338916866,49.31153466835314,-0.04207197044235489,-489.8073280631279,-23117822.705135614,-8356.24566864225,-0.08045195617494982,-3.01925459321151,-0.5114984746777629,0.015555571129553058,-1.8908758592182697,-8474.641819036564,-5330.919960976144,-1823.4066129632117,bowl
R0975,975,FRAGILE,20.0,4.0,43.76044247791567,bowl,Iyy,+,22.006482280201055,1.4160859965006258,1.687403950819442,0.0126335965646639,0.1507995491044256,-57.72487606242488,6.236000273353103,48.91118727819605,104.89110037183488,12.405065050070473,1,0.0713086643205344,0.2471208855628885,0.0607290239175546,-11.631881126546492,-733.5494093400353,59.78997789709725,0.0004636886313682531,-0.4637023497319799,0.13956084984963624,-0.11148085043097548,1.016617505621573,0.0,118.57815597118966,7.7272632442523586,-0.1804571799906185,-267.04991764337234,-2549104.4150972352,-29129.79351834464,-0.6668792986303553,-14.910386491492075,-0.5654117514952675,0.02115628908003224,-18.634383770196422,0.0,-229207.74957329637,-45981.73913764041,bowl
R0976,976,FRAGILE,20.0,4.0,92.61839079262745,bowl,thrust,+,51.21090758928665,1.5195468374251166,1.2336101669040511,0.0318054640678128,0.1737989595379997,-45.35010762833185,10.174113187022083,34.82444178155018,83.45663618585273,14.795367142912156,6,0.1186685411821299,0.1696637316177615,0.3469818820373697,-12.210397067371071,1091.4301328147208,-13.05393497481092,-1.0343966136693714,-1.548315918209906,-2.048436303571466,-0.21921634860882958,5.878426682735879,0.0,3.4291543075451583,60.27676088247741,-1.1676885959922192,735.779427539059,2071127.2999989344,27574.721803329045,0.8138747354384863,15.392546416130877,3.6379926660561943,0.04286945528976965,35.07888310606145,0.0,10043.941095433462,6944.400507836793,bowl
R0977,977,FRAGILE,45.0,4.0,32.61664405562669,bowl,Cm_alpha,+,11.502292463847326,2.0769211324645296,1.287904660314092,0.0356162160938511,0.1783595523795139,-64.19565853510558,13.945177903477193,39.339189748224136,69.45188411730402,8.793430036823903,6,0.0964315149072199,0.1236265546564851,0.2752307771430163,-2.1334691573398343,431.4117337378299,18.946140290468243,-0.28755731159618314,0.5050980271574732,0.39125710973634115,0.040078526145910585,-1.270703033087302,41.84560088155141,35.761411585369,50.76127127193208,1.3651691844043103,-380.29158273980687,-529741.9707827404,-29200.40047321397,-0.1815317620971184,-1183.7956389986862,-0.9163282183891807,0.02938147414816399,-31.500904280823598,-11158.826901747032,-26556.82710316486,-390.6104780042734,plateau
R0978,978,INFEASIBLE,10.0,4.0,519.7511203657232,bowl,Cm_alpha,+,223.4364028487009,2.124627365797412,1.2159530467525086,0.0376736973866078,0.2044243969909665,-48.3897491263148,12.247248681606475,28.05872979479746,41.59516898824951,11.631966552515175,4,0.0222352300456967,0.0800340719377842,0.3053638872822515,-124.38748337660239,-2174.301739588662,1457.0796258996472,-5.585910071217523,-2.982519609914533,-6.468092388392392,-2.058738325633912,8.81104163382804,0.0,622.6242019713073,267.7942367850388,-0.10457942302220857,846.6371920138001,-1422886.6717004243,-47001.459657359264,-0.4468111073403378,-17.03323874856618,-2.459656931923864,0.05696929495175368,-76.28237061203532,0.0,-32366.461797358457,-11757.074115115596,bowl
R0979,979,FRAGILE,10.0,4.0,70.66920062655844,bowl,Cm_alpha,+,20.55352044953965,2.484059725989334,1.1001773244738564,0.02850477897147,0.2271064483307658,-66.99044477022403,13.830654900754917,48.55365668476185,113.3339073586622,8.686639014144154,2,0.0227621423703327,0.1143147899418549,0.3262824396192905,29.484374313728868,-223.32174803058368,76.96303607297172,-0.5138380112384913,-0.28039660864367183,1.871713575254684,-0.10595713869491999,-2.1876582000151243,-0.29419730258031984,78.8752855246898,-25.79854804239201,-0.8756786038444586,-140.3812919301396,-972995.253220065,-17462.7767977733,-0.9027143078406188,-43.48572795372794,-2.503209391709723,0.010167367865335635,-25.515845464607597,-78.45261402141861,-42823.01429727518,966.6882175015994,bowl
R0980,980,EASY,10.0,4.0,80.74584519208392,bowl,Cm_alpha,+,19.984265707219606,1.0287393376145266,1.4326900002503309,0.0195060172080724,0.1601900243317162,-38.27048149958742,13.92033715489194,45.967348189466776,29.610933517873885,9.65858550450176,4,0.0999566838489466,0.0274375485579717,0.1618062582380594,28.340952758417174,382.6056557049151,46.20022638601414,-0.49960664268049015,3.2140781151030535,0.9194553033388789,0.2976848571594072,0.6378151051070973,0.0,184.68208907351084,-46.35667407798583,0.1250296442104113,-307.37829082277335,-1284916.0731495756,24214.706932613437,0.17211355788368943,-267.10111872625055,-2.6326481616877504,-0.06696175220914799,-34.171725901728806,0.0,-25979.27083077115,-3808.33596569051,bowl
R0981,981,FRAGILE,10.0,4.0,133.50923647411605,bowl,servo_slew_deg_s,+,66.71345491146432,1.0884904705487322,1.5745705815407611,0.0181631561431921,0.0914884538344159,-52.43827473923179,7.175484687975554,25.144410594756877,69.70082120060994,8.92309831233073,2,0.0050971564815083,0.2317964433269063,0.3568310608509771,17.97931985153817,1765.2863280111133,72.82617980458785,0.8957350070297494,-2.482621630325034,-2.278907480292653,-0.6671345491146432,4.743139296936381,-199.53452061816074,-208.7167717316448,29.797248939361616,-0.5129819859283007,80.34082700317072,1716111.329915391,25820.798440962164,0.928314434550737,6.602111432502295,103.79342463348071,0.07958409992776723,3.117244027091292,96746.35978780562,23011.564831260606,-2030.827655450392,bowl
R0982,982,EASY,10.0,4.0,28.463931026418532,bowl,backlash,+,11.001917699732855,0.4455504388162198,2.0456584047052444,0.0210587750185462,0.0524622670804582,-48.6008494312143,12.019988217118865,42.388635166417714,56.55319476673382,13.576966475981912,5,0.112933741867483,0.1721712888928617,0.1574335749960341,-3.7042790882142476,396.783575418556,37.594474440957505,-0.052448199735519396,0.23269797489693464,-0.08188953327893547,-0.06934473599899302,0.5454731333625785,0.0,-44.00767079893142,49.71932180179852,-0.05499377434210495,22.64329912128825,763536.9981053642,3363.163324525041,0.01743820228788573,1.6814789478211316,0.026713728732107426,0.0936884140304392,-1.4868396198340332,0.0,12142.64816129769,1599.0703366178266,plateau
R0983,983,FRAGILE,10.0,4.0,82.50890272346032,bowl,max_gimbal_deg,+,34.0735766313254,1.807589045724888,1.9143612653998596,0.0356497965126569,0.1790613570544318,-51.54407959798999,13.596703482789891,33.746075721122175,80.52364952900191,14.868017943886814,2,0.106728006539114,0.112777255416389,0.163087673863786,2.5694152582434846,-377.02023281318225,-93.99553185934542,0.6303398800484866,-0.5711053584204115,1.728650822186582,0.507383682668739,-4.867653804475057,0.0,-24.6719220811056,9.236799860528016,1.165164084540296,1463.5394671937056,3011967.9683146314,16207.3862035161,0.33599594782599296,46.17216434880118,3.004799935768147,0.24968741692195087,333.1237823114082,0.0,37108.26200617803,14241.968235535422,bowl
R0984,984,EASY,80.0,8.0,34.47005348572017,bowl,Cm_alpha,+,16.325270116983475,2.162965654939412,1.7275105897387624,0.0239414908579253,0.2109722408584519,-62.57633201750369,11.841771287281606,48.22063748490529,37.02477389650056,10.01984946727084,4,0.0502908076970396,0.1767477482907654,0.0908271926737621,4.188555688531955,-6.08634715405879,-0.42196545567687554,-0.4081317529245869,-0.26944424181947885,-0.5694612236900539,-0.1380678071544069,0.9972529610222034,-12.546893029015038,84.36522070529911,0.6292072340562392,0.11372753000848146,-670.0382848879224,-171523.78799638955,-1857.477308147214,-0.01368826879445506,0.843646118411959,-0.5434649322540133,0.12269186366229672,7.443832986399574,3345.838141070677,5574.013648284485,-1937.2964509015592,bowl
R0985,985,EASY,45.0,4.0,49.14027925499262,bowl,servo_slew_deg_s,+,26.022124147193328,1.7235495178628557,2.01980218331313,0.0190539299153269,0.1683392893045854,-63.31554946885334,5.975500709330865,49.500041780464095,63.376150340617855,10.673274593653126,4,0.0645953418979999,0.1514485230325511,0.0971822148962751,-14.379942257206284,-305.07479153804076,42.14951990321639,-0.11455699393368367,-1.5400809617858469,-0.9195240808037529,-0.26022124147193326,1.7137594426256522,0.0,5.118841875961269,49.86876081517807,0.11773894487643677,286.7536610315977,1287175.6563276432,5316.2110603654155,0.26337185279598685,11.449536546997438,2.2290302449184205,0.07639730607071037,3.6353014890378392,0.0,-857.7992461351001,3065.3772578983835,bowl
R0986,986,EASY,10.0,4.0,83.99230321897639,cliff,Cm_alpha,+,34.83525576131097,0.8117861423387867,0.9752127950026036,0.0223918716334327,0.0915359268798011,-53.55516005606543,6.149783439861368,47.20238039815881,101.54416271809642,8.94394006116652,6,0.0873637687446134,0.1349735888736883,0.3915964955069014,-3.5286151654949047,1727.7803577673865,37.848590074551566,-0.8708813940327742,5.407207795507379,0.38047303152076284,0.08814702166654786,-2.947124655996337,-52.28871101235323,23.06652099421487,11.85134973155343,1.3945043278280709,370.9029136278732,892055.7369554491,61.76467294284122,0.28772189863320996,9.461481374678039,0.2789353152055116,0.028817036271212616,-5.0690699320521455,13943.656269960875,-15295.800109321011,2865.821029277426,cliff
R0987,987,EASY,10.0,4.0,26.16527283843043,bowl,control_effectiveness,+,19.637876809744238,1.090138399460582,1.0524197657886245,0.0134139697220113,0.0811221767479057,-67.2953704148966,8.918561392314935,32.459935219299254,115.19708625314354,14.539074572353584,1,0.0771428170830399,0.0373676518285873,0.1304884088147564,0.24691482216032287,73.64411821667747,-42.33311111039188,0.16673555215181846,-2.1819863121938043,0.21944583282017477,0.0847744149632192,0.20097772304437628,0.0,34.27179381493732,-1.7459778486497826,0.11773071014403635,384.25224034162625,56486.02511317102,16895.527185925588,-0.035621329788186995,12.36804013250553,-0.37483421310304776,-0.07254336317083498,18.844707894754592,0.0,7275.436581449305,2987.4176754250625,plateau
R0988,988,FRAGILE,10.0,8.0,118.02698336219224,bowl,mass,+,63.47406044645748,1.0696165754532525,1.3945470739266814,0.0104129456288558,0.1240384632265262,-46.51710472007862,13.661179814759732,37.66545463401723,111.57281781030946,14.05936659353178,4,0.0673884479984781,0.069116856826625,0.0712268004806658,-52.89505037204789,-1800.9498911117664,141.43805003375172,-1.0899761691825076,0.3748541801752069,1.1118283273072223,-0.547601053165904,-0.08205729611586253,0.0,26.54924360823,-53.281804200031736,-1.391984500090278,-2252.0789290932257,-44801876.67163038,-113936.06166003324,-2.339658642195409,-114.21175524405852,-7.145024213962552,-0.24992054367989944,-75.82495811579444,0.0,-74859.91380260824,-24732.31478291469,bowl
R0989,989,EASY,20.0,4.0,95.80051059714926,bowl,thrust,+,38.12774639864518,1.6174593074705548,1.3857769854604731,0.0358863564545323,0.1382304855506176,-55.58440425106324,10.137861075115872,29.20842962463221,84.93021700084954,14.470302439154809,4,0.0930525270617297,0.0432601099127189,0.4174052147179421,-0.7014653279921413,-264.9098081950546,232.45545565368514,-0.2958331620792911,-4.053787719143516,-1.5251098559458072,-0.3287041763917711,5.072778589845092,0.053969399882506694,107.11653499993189,77.82589998029093,1.4933202924050657,419.82103485150907,-861624.3967545063,-10329.95997932759,-0.38198647747923786,1.4543895967761475,0.7252777424567273,-0.05084353864221569,5.736217046690538,-676.2337252973939,-2411.5300984763844,-5079.528549837611,bowl
R0990,990,FRAGILE,45.0,16.0,174.28309535963407,bowl,servo_slew_deg_s,+,32.013565806029995,2.4268667219197546,1.8168281688609085,0.0182445832071426,0.1958268843215216,-55.8536313224446,11.069835963059084,26.291596619036845,113.95743451966712,12.553634898525477,4,0.1207451386567501,0.0656148821481629,0.0721265969670913,3.0995596955360556,937.8356081558624,560.5109830762718,1.4279311929616498,-1.2358346404613207,-1.2308842328690779,-0.3201356580602999,11.053292885228375,0.0,300.6081941540685,7.896939414572078,0.690747659979837,3368.4567031811507,580596.6628768744,36485.466260706264,1.4938874286569868,-24.49152211897687,1.8714493335588112,0.2730014804401745,14.487063880053197,0.0,-3343.684701283475,-16543.635736651842,bowl
R0991,991,INFEASIBLE,10.0,4.0,684.4254145388282,bowl,servo_slew_deg_s,+,294.0395292691758,2.480715973673278,1.6304083611454203,0.039129222749425,0.2155679555184737,-66.03164569428638,13.300142115183242,42.6167099706999,64.83519377779143,12.298539441913665,5,0.0566235539106674,0.1838569764063743,0.4446155325542105,-191.6179017051715,-3500.173689096483,1632.1913058800358,-6.427827706132444,-7.854310883378948,-4.420120583452769,-2.9403952926917576,16.62742905952343,0.0,390.8525716176049,810.5085437729505,1.4631392615940868,5631.937099752802,18168743.51709335,344577.8558218298,6.673720425466541,9.449849081766539,19.655779699186223,0.06173786263658542,8.075228303038502,0.0,-14429.332921866691,-13563.396760275984,bowl
R0992,992,FRAGILE,10.0,4.0,39.562280667849116,bowl,control_effectiveness,+,21.3863294120809,0.5576483789767052,1.467401138296272,0.0222050457507573,0.0446611596162748,-60.60545909088639,11.709930422141287,30.49467085487801,56.63473167584948,11.616947434917732,1,0.0544470897364167,0.0903214392975817,0.1075732193160569,0.6220710805578802,-403.44171826982455,88.53119339062684,0.06267327844768333,-2.3762588235645445,-0.3547469142553229,-0.13507188264966805,0.985550366901463,-35.00041027735783,39.35081926231665,36.04876850192831,-1.587637525474058,-518.8477768557907,-820120.4475930918,-31161.295228644645,0.17761095502684787,-15.440002501986092,-0.8341161412372157,-0.2344814487416528,-13.9127998856082,9333.442740628754,-12521.818960345712,-4189.158253806254,bowl
R0993,993,FRAGILE,45.0,8.0,125.59663127377492,bowl,servo_slew_deg_s,+,55.5506984603497,1.7897665842641832,1.5217214934423124,0.0188571311959562,0.1213970260262248,-68.8604277339911,5.761961950831415,28.237360186937924,81.75886765494312,11.856700583914987,4,0.0107163781221839,0.1414613705865558,0.2403945366948429,-4.854432440575525,965.4398139334814,408.7642390485629,-0.65025864350548,-4.952003604784242,-1.2173130308713014,-0.555506984603497,3.799030573471832,0.0,94.39875977445303,41.769883626070936,-0.7270000679360731,-860.6847957292013,-2106515.1580846724,10667.760011273987,0.023888829802002798,8.28479754674063,0.6070916849804394,0.0751169797643366,8.89989563227935,0.0,-29781.272965439613,-12675.67762696612,bowl
R0994,994,FRAGILE,45.0,8.0,160.55743198178916,bowl,servo_slew_deg_s,+,111.53871406050801,2.150385948218901,1.780205192193959,0.034233310534976,0.1836694553377713,-68.31471877426821,9.666938455214282,44.06877476483358,52.60565925779608,9.97311645525068,5,0.0925813685662872,0.1347099470842029,0.3590840000620067,-17.21161478827257,-545.9228205242256,131.2630788636828,-1.0295506937417238,-5.523206879789619,-2.536640854289586,-1.1153871406050802,2.448578714640295,0.0,204.467841226819,73.25228625718043,0.18846415555407603,-1602.2120001236392,-2703416.8130391897,-74765.18684821927,-0.3897300586395651,-13.245499861660955,2.0953428416807243,0.03321245485656519,-22.646473584144196,0.0,-6449.628457232988,-12327.969901203194,bowl
R0995,995,FRAGILE,80.0,16.0,81.24324469741373,bowl,servo_slew_deg_s,+,62.249010184565066,1.4154823841109128,1.9872837520242808,0.0231791658448691,0.1298685801403516,-58.75320112931298,12.101450386351344,37.611761348766,39.42607839303021,10.131248149546892,2,0.1233751183727328,0.2251334995347867,0.371425570101884,1.306634786385129,-824.1999324089832,100.027790719127,0.2648367150369637,-1.446290062634484,-0.34613440268219475,-0.6224901018456507,3.9656640905285903,0.0,95.46604726866589,-9.593896820430672,0.11844630914499543,250.54665905856888,-365828.4848445286,1455.5051039555892,-0.1732217195946113,3.5331021176378727,0.1550578770792572,0.09903316602352319,12.17501886227633,0.0,5795.273608183198,1753.6633623466903,bowl
R0996,996,FRAGILE,20.0,4.0,43.01066187770482,bowl,mass,+,25.58475379622621,0.406787958459831,1.2994600413673996,0.0108886257049822,0.0592933554868845,-39.974863819866535,12.4686127078493,43.945177426947936,70.57149557527976,13.311650245592734,1,0.0723202206903513,0.1719052230180262,0.1018522768800687,-21.32062816352184,-534.150345847221,17.733134576113855,0.2905520086496274,0.17353191099174586,0.03520228696589882,-0.21220565354505805,0.1768907547561381,0.0,-0.727733823499505,45.81271393402168,3.1931434798729317,512.4264238953533,3169165.5712684994,4339.887035831738,-0.11977493690791685,9.05120962636801,1.543359588492368,0.12837292982660606,20.640335116020058,0.0,29456.16871867582,9512.308771534266,bowl
R0997,997,EASY,10.0,8.0,36.14018852930742,bowl,wind_strength,+,21.847536110706834,0.7499120469533368,1.449917167907036,0.0112001950114706,0.0741925027348233,-57.6886681161802,12.216827572843936,42.16399602708845,76.43617376715807,12.402954797840012,1,0.0658527521513344,0.0669262947990974,0.0865846887064958,-4.095490904044178,-440.7680500037031,26.756799683695455,0.16465894755530108,0.27162458182696747,-0.36952031003111935,0.1993952469176344,0.00041352814182335143,15.173224166742465,-31.924285898463054,-54.61884027676708,0.08301832195471537,334.4830583395474,1228164.672897271,34221.92078959413,1.0457356888263383,3.9527189255772943,-0.5660583786313709,0.032945086152749214,1.6148866921202396,69809.400548805,24244.39184087975,-2317.0191244916496,bowl
R0998,998,INFEASIBLE,10.0,4.0,246.07616217265058,bowl,Cm_alpha,+,121.27880736917824,1.7048092081385862,1.3487467915815083,0.0229722694412664,0.191546565590506,-40.37652815435936,8.146112899900986,26.63891159255485,38.01877489509815,10.915345512003784,4,0.0939598325031387,0.2191450309122311,0.2079198982557283,-28.79670523388969,-2133.771921582778,628.5678411020741,-3.031970184229456,-1.8758041120132272,-1.8753641390594111,-1.0468444978285234,2.254040971896613,0.0,88.68509557276488,256.98662075393554,-0.021173269487515967,-660.1269215560859,-2381161.4467634466,12686.760792364401,-0.35909821419303434,-0.5798747643806172,-3.2365822583642876,-0.14512193695008932,-3.2600888084871604,0.0,-7776.670966015113,-2502.6197302651303,bowl
R0999,999,EASY,10.0,4.0,31.449497907548196,bowl,mass,+,16.811348327223502,1.0711835581944722,1.707926059070933,0.0180382815317251,0.168291624796546,-37.79620153481483,8.671121535348348,45.640971490651474,67.71239413917459,10.314690033412514,5,0.1170874179412333,0.0281024371948398,0.227603784154363,-14.009456939352917,-178.1265291619666,70.74804864461213,-0.28906418700374303,0.6614095580472946,-0.5239938405489397,0.05069001044305086,0.040592949004142544,4.678220040975553,-10.871653315493699,-25.408349731991887,-0.053440281229182096,-28.8685674416111,301512.411175161,3342.5002734595505,-0.04970803881143393,8.887106211137398,0.7950835054892491,0.06486483215958515,-4.977292303157449,2133.4341105757326,2276.6226229298263,497.6461233257714,plateau
R1000,1000,EASY,10.0,4.0,45.24371338596107,bowl,Iyy,+,19.674648009447754,0.7686143961640132,0.9940619531270046,0.0232833299341325,0.0833464828894237,-41.30856156471559,12.711072399981491,25.971619316523874,82.98798375157313,9.36613920858331,3,0.1411993933951331,0.03857930944406,0.2691276050248511,11.527183016017158,-655.8216003149251,-97.59502508471564,0.34303173041427937,1.1850416036031017,0.16546622212273282,0.057376807571895894,1.0590031680397545,0.0,25.956487572977657,63.168968014800676,0.04406374282223391,589.2907690473373,743173.2214185809,23223.94579430436,1.275109057008289,7.396818387485491,0.1135982506032783,0.02429217719619368,15.286656431000722,0.0,3005.366277402024,6889.1376839854665,bowl
R1001,1001,EASY,10.0,4.0,90.15502818336734,cliff,Iyy,+,64.13922609643853,1.7413514672871628,0.9344819343046004,0.0201161591519624,0.2068208240282686,-49.73303239953453,12.618689197049562,45.16134774010467,75.23034035312546,12.859703675127667,6,0.00706783377507,0.0348009535345933,0.1783157388730712,-35.77488031367802,-2137.974203214618,2.5215134924332783,-0.23997494727170388,-0.4118007200766367,0.14092941385788116,-0.40032154151350774,-2.3668536796598127,0.004344837697556125,41.36064992990277,20.703537016405225,-3.813265106891029,4690.561934051907,1668772.7101377659,3057.3990339485704,0.25245327633944736,1.316676828267787,-1.9527214837316882,0.024091112328671685,-10.080848984114645,1.2670562085036114,12872.700624993488,13453.126181375163,cliff
R1002,1002,EASY,10.0,4.0,46.40432549137766,bowl,control_effectiveness,+,33.30429052067585,0.5824220338185745,1.1051063296187784,0.0265484893166077,0.1051014782173442,-34.16846682927921,6.657507732561817,49.21011688536457,67.53460008706281,14.03622923998501,3,0.1375688070792428,0.0061827541286474,0.4093262286981884,-6.2384014637701135,191.7181234858085,60.4862084428606,-0.3744067866988081,-3.7004767245195387,0.05815905709530884,-0.04395824141942599,2.8336133413396314,0.0,51.613752071456425,4.371158855077658,-0.25193220351525714,-580.5956679412697,625520.3141389581,-14991.736284923467,-0.293933150105794,12.88857642616944,-1.1851443509508852,-0.058968025934459545,-6.783895088670806,0.0,-1848.8423279812184,-6041.278160207177,bowl
R1003,1003,FRAGILE,10.0,4.0,156.31351307293394,bowl,servo_slew_deg_s,+,57.59537213041579,1.6837732386108473,0.9203437439918828,0.0173596643023976,0.2158492815494635,-41.78256180133685,5.612414682786512,37.13517672535588,105.81710875075868,13.246351014614357,4,0.126355817285828,0.0107670034963259,0.3043773996735445,-6.701282364111046,2022.4456601158718,397.162925622633,-1.0729483280329148,-4.941553021948045,-2.126237838261089,-0.5759537213041579,5.764385157678788,0.0,-154.59687460632188,-89.9252727435433,1.5176622424400996,-25477.61317204136,611144.197228605,-28028.220700808648,-0.3996322074803955,-40.774801135044434,-5.138642240565272,-0.29026915096883216,-67.95878355257311,0.0,-60686.57037510485,-4123.747449022069,bowl
R1004,1004,FRAGILE,10.0,4.0,86.16090523481823,bowl,Cm_alpha,+,44.862014465821396,2.000077930325201,1.8654944682513663,0.015336704083833,0.2303795986338244,-49.78592976050737,8.839478151739446,42.566584131002855,104.50643033022928,8.209689216140887,3,0.046912253099724,0.2336240679307261,0.4002058276670094,1.1276133933544161,703.838265127085,72.63332691647985,-1.121550361645535,-4.423741687144018,-0.3649116118619332,-0.21346293085793952,4.652885347862038,128.10333799955606,131.94868501856809,-26.24069275277809,-0.1747390247073115,-1388.9405295736124,1393778.8407558508,16359.592456296468,-0.3891978393588795,-8.526716111119779,1.3279036856430548,0.006943704306644065,-77.7995799942139,-34160.89013321495,-28519.575856640247,5190.414693275799,bowl
R1005,1005,EASY,10.0,4.0,34.40442302642767,bowl,wind_strength,+,18.270888208792254,1.3354991011412385,0.9624607513510596,0.0363324165357999,0.1129159205896865,-53.90467294415452,8.2018292297815,26.88669044301691,75.5897596035126,11.607579621480866,6,0.0011364117288098,0.072627368300796,0.1184969511730218,6.140024403940048,516.5853883367201,74.49065962148642,-0.019157513311545804,1.1491818750933698,0.26979106076047754,-0.008921848496601204,0.0034483584729105878,0.0,-53.6024506236159,-45.67722052198064,-0.5890377690944275,-51.376984732501704,185866.51892527,-11167.62421547957,0.2721629296307351,-5.51844203159476,-0.35622437623154724,-0.023242625884367277,22.348092868021688,0.0,-15602.287999763987,-5003.315740600784,bowl
R1006,1006,FRAGILE,20.0,4.0,60.6680855365523,bowl,thrust,+,23.810101166735382,2.42497860569296,2.003883500669372,0.013531564976362,0.207383282840476,-55.25980813309531,12.790061065149292,28.907582224602788,113.2359715240394,11.622707054889435,1,0.0537938733370406,0.1888114047094655,0.388280754508783,-13.500394384861046,426.9434697680683,-20.221768037965653,-0.5271284222310038,-0.31111188899020337,-0.9524040466694152,-0.05646316154118018,4.0382332073336755,0.0,46.20807532147583,88.53031948622797,-0.4841140282207306,473.37107803819697,-286383.214297102,25861.16791930771,0.14717670568116636,-17.433490090742776,1.1853532741879587,-0.09201424928203693,11.49790697563121,0.0,-14057.186679139237,7659.941877178275,bowl
R1007,1007,EASY,10.0,4.0,40.316945896832685,bowl,max_gimbal_deg,+,18.044982143348356,0.7256952968332644,1.9336346767941697,0.0277489218358309,0.0824072319570689,-41.96649793809412,11.004275862823834,29.396041495408895,117.32281454801593,10.179377349664271,2,0.0158904130647928,0.1018075850879438,0.4011071298054105,8.936867984046769,669.1669198817564,27.684621248947053,0.18281466812483438,0.3120218401559753,-0.6523784497758107,0.011154180597709671,-2.577854591906908,-1.9822918713903924e-05,39.554297924311335,45.05381829877974,1.4775386652487505,563.2450857618053,1027704.4796534559,50159.78338546876,0.14593661443940387,6.231093500143578,2.0937687363946793,0.14505569342536007,10.609092388297867,-0.005286111657041046,18676.48882559398,3982.178845257556,bowl
R1008,1008,FRAGILE,20.0,4.0,34.380739121686744,bowl,Iyy,+,6.984061019101926,0.9537982841973162,1.3751138398284424,0.0387058280633461,0.1233952539671778,-44.37175252048533,13.751952479805722,42.65386203792049,103.7083103611926,13.779444786151563,6,0.0422009891028498,0.1603134331558078,0.3335365803436372,-0.4416200261995847,-232.8020339700642,69.67092159821918,-0.15536428916579714,2.1174022673741004,0.7852405077076383,0.001046112250860709,-0.8726342620954098,0.0,20.113064771346938,23.59237149837019,1.789330003330516,-840.6021324312273,-2422701.5951848263,-23566.21024270066,-0.48466134350369705,-19.42097019290491,-1.9444781169910448,-0.04514937913178109,-39.540449566482266,0.0,-21477.03780754726,-6696.410844721875,bowl
R1009,1009,INFEASIBLE,10.0,4.0,1005.4672005750265,bowl,servo_slew_deg_s,+,649.8348708113894,2.26223880014348,1.493612708327914,0.0186721066797172,0.1870224015969574,-66.08697180272594,10.083904233615485,38.63700261660671,23.798607007330872,8.842329711542147,3,0.1475443472328775,0.0919379368630533,0.279632215317957,-76.64532387146542,971.855559208757,2969.1007598511374,-4.372670209856135,-20.044199762829166,-8.87207525076899,-6.498348708113894,23.93874506625346,0.0,1145.5155889438972,164.36243270999626,5.46823765112871,5493.582195219846,8595879.766461462,284792.6097794679,1.578688651287468,42.24219929404327,0.47117436300582993,0.8185054325290544,-35.59641939930915,0.0,36804.8557004395,-2689.1932935620084,bowl
R1010,1010,EASY,10.0,4.0,46.847900538411565,bowl,servo_slew_deg_s,+,19.594010467529642,0.8554704045946194,1.9586950777994276,0.0270245663045206,0.0860908930813199,-61.21431433592768,5.279492548023654,49.12151839694568,92.86404212857288,13.50487761717874,2,0.0391600891422035,0.0710267608232138,0.2605524057036896,-11.1396346888917,-533.0884466569197,-38.4806170891367,0.12464507119144796,-1.3299371037334669,0.4322116189654627,-0.19594010467529643,2.7503348467478754,66.70101784206922,89.7964579362644,18.959678851158685,-0.0271838548239689,-4.761416841065435,-970816.9806998282,-5878.06326821896,0.5260153263738858,18.24878781064221,-0.013163952409380213,-0.028059705425647757,-5.218957436334155,17786.938091218457,-467.11635750006076,1839.4217773700127,bowl
R1011,1011,EASY,10.0,4.0,54.33329881262751,bowl,servo_slew_deg_s,+,28.075392404085747,1.292393850214521,2.0706086767698606,0.0162071062672037,0.1408001292641548,-49.29824709978968,13.062516785354044,37.33710603873291,115.39169062487804,13.963627444517908,5,0.0706410900855366,0.0861425014851541,0.3932745202778934,8.21903246550099,-203.04378236936014,49.84272571153028,-0.004481627752592976,-2.2922030501663615,0.44677715835995074,-0.28075392404085747,2.561359083800651,-96.77247167349407,106.58966445513654,-29.313745736450244,0.20927500684341593,-1131.000277303948,1816366.2151620376,-18562.73626035086,0.16070582099529118,4.548229275845483,0.8303473198862764,0.0022118737121611357,0.4937073467776422,-9666.319884142289,-4471.0650162191505,7558.136689670036,bowl
R1012,1012,EASY,10.0,4.0,40.02970382894666,bowl,servo_slew_deg_s,+,18.38637687899853,0.5518147766109441,1.921672583440439,0.0255799814313878,0.0541882955387621,-48.08399044623115,5.33389766374767,28.859359692780146,44.264484198123455,12.329705060261023,4,0.0680447592797988,0.0944047166857768,0.2266160797886509,-4.451649585022181,-216.65170401577407,49.39086858662264,0.19725972533323022,-1.0078694843082918,-0.06555986861605448,-0.18386376878998528,-0.18282843869492657,0.0,87.89968989980503,53.86322858599834,-0.4824094895259323,510.4049531988366,449508.8355621838,24454.969329095144,0.41966421999056136,5.958898103123315,0.7704267110139427,0.1174857651790385,12.191760175546781,0.0,6818.500467203936,1152.8524503785877,bowl
R1013,1013,EASY,10.0,4.0,38.0986132426889,bowl,wind_strength,+,26.705222966582525,0.7778323990560785,1.5356118633148852,0.0327235845279031,0.1260985204523854,-37.55907606946396,7.233522286674308,47.98871068435157,53.41361785554818,8.368097041720732,2,0.0254344488510266,0.0365196277091725,0.167965361278377,10.96310242352562,-485.05207207858854,-21.20719886816494,0.1350117263284566,0.30142139166467635,-0.4020581901672641,-0.005433512209597047,-1.606336323872702,6.160282824953917,33.55805467003899,-66.7630574164563,0.29506445890957544,1381.568092983974,392757.16458513367,1157.774679603526,0.046207409288672285,16.17238593208877,0.9272415500350971,0.02291037776063125,28.388439298668338,1642.7420866543782,16309.344168287356,6485.111283702907,bowl
R1014,1014,EASY,10.0,4.0,26.555198932871892,bowl,backlash,+,11.951173358486756,0.8979558315939759,1.965154790503603,0.0389821184617232,0.0864800054338791,-60.19935630950396,11.157331021668451,43.50773935702932,111.81902041693826,9.430804330379551,5,0.0167398623896446,0.0053195225540493,0.2763353301781994,6.591051864313029,-109.71778698404579,55.522556402313214,0.28860413370268456,-0.7353748314923265,0.35855829037188125,-0.030794212899213046,1.1160891944341154,0.0,-47.80469343394702,-15.35092963760801,-0.23898000073956682,-686.4222208716221,-2610515.9950989448,-7177.2260942975645,-0.22112801465733134,-16.039127500135663,-0.4996585281072868,-0.03499763034849376,5.100740810427707,0.0,-93514.42828879459,-840.0010535326426,plateau
R1015,1015,EASY,10.0,4.0,48.8246804339128,cliff,wind_strength,+,28.398232461434215,0.7779715349477833,1.8477234837602292,0.029584686795981,0.1352469001542709,-30.628070653655016,7.802835577942211,36.69677199206851,68.50411470707456,11.369726582784706,2,0.037388898335687,0.0063890627380761,0.3115397754117887,-19.96839620739924,-153.81635779441095,21.58940740611142,0.2419624625501841,0.5179442680818285,-0.09778916217914357,-0.06631261204481817,0.7297188138408014,13.32955692652084,-110.83885089216045,-70.99558115358553,-0.3233974171944379,599.1356746655803,375846.9341724433,-258.1258166548923,2.63715457649804,6.920569272762078,2.2575578001937258,0.04628997169269837,4.65888861144903,3554.5485137388905,59622.75130529171,10327.244836702095,cliff
R1016,1016,EASY,45.0,4.0,33.47699344870706,bowl,thrust,+,15.382482754849569,1.426954904692323,1.4126958811911223,0.0372797617156168,0.143344935504927,-49.554369962688895,5.452822774015552,32.07520825792264,86.2489596875357,12.75898536400686,3,0.0251105147496483,0.1836137401424888,0.208287883682542,-5.523083894121153,-111.79794088057054,8.100144676165215,-0.15730313153246311,-1.1870660684437957,-0.6152993101939828,-0.06527552716018734,2.335206995473624,-51.01184191361064,-2.115906525059506,43.58279720066503,0.06868797055051834,-168.8373602779385,-436508.4233302648,-8983.182595724878,-0.2641524890235136,1.4049877611384465,-0.04431837461508167,-0.05793826460634872,-4.678653280963311,-13603.157843629513,-4453.395653462858,-5390.940777262593,bowl
R1017,1017,EASY,10.0,4.0,46.193729247789975,bowl,mass,+,23.586237310503254,1.6189787589556013,1.0689143660474634,0.0155904354623359,0.123791829556172,-69.30486201818786,11.61390404093331,36.34882904777536,97.70526251971866,8.392244442332801,4,0.1227810727687826,0.0211191222375616,0.4216974584741601,-19.65519775875271,376.5951916576103,84.93928451251986,0.47239220999956055,2.4081603616395504,-0.1457774745567791,0.08376802399252745,0.5063054122803712,76.70278507146503,33.97764567988068,14.575816224235814,0.4004533626246478,452.77726437701193,-1398077.1961414972,-23146.535660308866,0.3292101758396118,-0.8009095808300615,-1.329823467093326,-0.043379862221013726,-13.903945928513954,-20454.07601905736,-15145.18581146496,-4769.943813481908,bowl
R1018,1018,INFEASIBLE,10.0,4.0,79.25381679271791,bowl,servo_slew_deg_s,+,66.74152176269382,0.3941363728830823,1.2744802631972658,0.0215591660789786,0.0424313965749446,-53.21091280669603,13.77251216165404,42.47607672329767,32.18361686244385,10.560510352841389,4,0.1463919424758953,0.1213547024277113,0.4053099330727195,-13.343074376414913,-495.75997407350076,-117.32685964021739,-0.25599534948175906,-0.12553009381949795,-0.12378852008800792,-0.6674152176269382,1.2517393894118722,0.0,74.86784498540482,39.978973933937624,0.5889414342914527,-965.2540804248515,-909112.2034376953,-289963.8785359294,-0.22479816967269972,-11.914759169151456,-0.6214655091660881,0.0962959449547418,-17.987196121257675,0.0,-19558.341413419723,-1651.567161382769,bowl
R1019,1019,EASY,10.0,4.0,57.62142861106871,bowl,wind_strength,+,33.20138027009492,0.7474363914001764,1.9465715825383636,0.0354664193349279,0.1040024101134501,-38.2230421733873,11.287089801463782,36.61425360585496,87.60754881212982,10.50411833596912,5,0.0458471741844403,0.0952056317592856,0.4364967308646905,9.95698991704317,-347.9425132832231,-89.72639122180387,-0.34330266469746173,-0.49007386492298954,0.6135887143899922,-0.10072539875873962,-3.35384038147471,88.31200882795655,77.22313864343965,-83.0034506752373,-0.8486576971170674,-901.1074272156952,-963533.2235081593,-20753.13628765915,0.015413137967172474,-12.667427979840967,1.1182521049121987,-0.09586363050463988,-4.476864291821641,-23549.869020788414,-6567.936866610521,-15259.078548342204,bowl
R1020,1020,FRAGILE,10.0,4.0,73.78281600820678,bowl,servo_slew_deg_s,+,41.8174359048463,0.5421115277725134,1.818124200145164,0.0274597611366326,0.1034166320786987,-30.26419886158702,12.048708361167336,43.144279076913385,79.25689118863252,13.86306710642964,1,0.0214692526047379,0.1047979658281865,0.2557448845493987,35.37879516278982,-468.9282205408018,16.732298040571266,0.1797965529465658,-2.5472393783419753,-0.08375373359163021,-0.418174359048463,0.7213999915697471,0.0,-23.796200303777017,-80.66722842921598,3.2864757375816094,211.00113606218267,-652500.7490852003,2278.912560233375,3.966842909950242,7.478441424395717,3.0689430007588805,-0.0024243199811538572,-3.1548826208604726,0.0,2488.7970974525515,3047.713427713438,bowl
R1021,1021,EASY,10.0,4.0,97.9809762181528,bowl,wind_strength,+,69.53040051515704,0.9800688032103868,1.6973261054164157,0.0279194272168996,0.0884144851380611,-52.92741920804323,6.868548048314508,29.509136872587472,74.03976717969007,9.10426351100154,5,0.0436977898702417,0.0401905377059532,0.0842913167747614,20.934920278359247,712.0466862259586,-52.07103365140007,0.4342247624004384,-3.270497763938609,1.0036229238484646,0.4064280479846748,-0.5516448494270503,0.0,41.097683461608945,-173.8260012878926,0.8761353156333909,-828.9167861831525,1087911.440989496,17959.277042065987,-0.09555592025598492,-5.202813444167604,-1.7067729007433596,-0.05207150626258763,6.672589127682848,0.0,-1745.3352258009156,2351.47497221072,bowl
R1022,1022,EASY,10.0,4.0,144.39728214910744,bowl,servo_slew_deg_s,+,97.96776083298705,1.9189450930867904,1.3162397245317994,0.0243243833983843,0.2069912824957003,-51.763488119269546,5.72972002164909,40.35407890162679,117.72399638547044,14.359713975646525,5,0.1279414002721427,0.011154416862282,0.365599288532247,-45.794479589464736,120.2493208782693,-215.6307268080184,0.23599216329181572,-6.7900136242648035,-0.397769657823947,-0.9796776083298705,3.3597609809510134,0.0,150.56321967598805,54.069199124067644,-2.411605551351496,1284.6851839878454,-145073.92831687123,23395.50832926122,-0.29756888297980855,32.85518043632952,1.9168402616060467,0.9750270605171282,10.073773798533637,0.0,13236.201624906756,18330.247570888227,bowl
R1023,1023,FRAGILE,10.0,4.0,104.3555000815334,bowl,max_gimbal_deg,+,37.26438525086463,1.5602143195875269,1.9642786085621016,0.0211724248417369,0.1735821248157422,-45.73899852758198,9.252151003928171,33.517849085740686,104.09422208864068,13.983972471955449,4,0.0869827381514724,0.0219300947704879,0.4385181836109145,1.1953708103077658,275.6817187781512,-134.68181460373472,-0.003651602226242945,2.4951470159056597,-1.3253307602143276,0.3171056856564883,-5.323483607266375,39.77758793639181,311.01058821784113,10.20232432656441,-1.267492026592003,-588.3317166817772,708048.5638151221,491.57467265341114,-0.5249506783178707,8.652098482849604,0.14422464142072955,0.050005187500915496,-0.8437050450231698,54945.34586824836,25498.502938195914,-18624.119023599567,bowl
R1024,1024,FRAGILE,20.0,4.0,102.48200970968091,bowl,servo_slew_deg_s,+,44.4864211575169,1.8334867601636116,2.054056364961355,0.0132333918854438,0.1414114351299188,-59.92188769772094,7.039696809625927,27.64686124458065,37.67029753246523,14.80005585076676,4,0.0175997605944825,0.0109276100427915,0.1944097369202919,-28.205153192976304,-926.290177586675,229.7203491194506,-0.18401077954075107,-2.941063865240621,-0.3911463408826467,-0.444864211575169,3.378190503659774,-12.032790591460104,206.5118921215995,51.02380441448773,1.148228766759647,1651.184545851272,688716.8832250003,-31166.36438055586,-0.46371735965481387,17.60925811045931,-0.7997512984293178,0.10017185796213753,-15.870874089481452,3208.7441577226946,58062.08432257894,5366.076794746823,bowl
R1025,1025,FRAGILE,20.0,4.0,39.54035927110898,cliff,servo_slew_deg_s,+,29.983748538874472,0.6786123351343427,1.7260601782751948,0.0192665195769183,0.0753844157894928,-53.79054757047824,6.460841383991264,46.21606183059389,30.778714892567685,12.784709556046314,4,0.1423699709538216,0.1559995197825671,0.1142849738560267,2.033652910979439,-493.8452456764829,-7.258088919562592,0.027107040624184897,-0.5586121812383794,-0.27365556422314796,-0.2998374853887447,0.579647929173198,-5.7078826635845985,14.895061872120566,45.58907205230873,0.1378026396295695,78.8125322356793,438199.2993695679,10193.36928919054,0.06882897647134367,0.1753631213824377,0.5663896340615292,-0.003645145250776949,1.4880702211906032,-1522.102043622558,6381.184849418321,1719.9193128689042,cliff
R1026,1026,FRAGILE,10.0,4.0,65.8972856851138,cliff,deadband,+,20.516262606482663,1.3562642160427094,1.7568455659475797,0.0272636437834844,0.1330202439072311,-49.18162410896892,8.527486397016242,30.117156267863955,85.6400280570574,10.042633628088495,5,0.0455811380889896,0.2146012166122402,0.3608338294782942,4.706649463983163,150.07189597062103,27.519554345492107,0.2569081796944226,-0.40794018543815336,-0.3359282141338742,-0.016073799699818814,7.618787446238026,-136.77508404321776,-20.03238564020931,69.7112722799719,0.2193600582344839,-1518.5257502006843,-3370708.7163286475,-78251.83611006146,-1.3445559134849252,-28.145518251517913,-3.4502128901284355,-0.17798380143123588,-20.124058522645917,-36473.35574485807,-3241.937346313574,-16536.60054952662,cliff
R1027,1027,INFEASIBLE,10.0,4.0,260.8275136490185,bowl,Iyy,+,124.24567565714592,2.4613211634867023,1.0888117252527008,0.0160379194534383,0.1648875500936777,-68.71223708630853,7.573671614477934,27.42639283373737,80.87768626833879,12.031657516697628,4,0.0863231987322686,0.1081033924176388,0.097545836040381,64.65212654955678,-4141.522521904864,-97.96835264493589,-2.6105370845899003,-1.7315975374338635,2.445508978781496,0.7370399473677425,-17.747927290208107,-438.21741169434284,-256.2527023139246,112.21899671759633,-2.865847227444895,-339.0437289015147,-477327.92831335624,-88484.66510963535,-4.069934010375079,-70.54611929462783,-5.293361608434985,-0.13884469389387,-18.993452272567193,-116857.97645182464,-45769.264717567305,-521.2869681510266,bowl
R1028,1028,FRAGILE,80.0,4.0,96.28289911138972,bowl,control_effectiveness,+,44.32324658430004,2.410314265604528,1.772602951699437,0.0346454844420193,0.1899020294663811,-63.13812806901834,11.335822326585472,32.02997725029739,93.06091803627294,11.478768601524251,1,0.0732123386986741,0.1101901275663548,0.3375035160553904,7.543787097147515,732.6259802590948,173.89785995510877,-0.05275533365200823,-4.924805176033337,-0.4520481175671577,-0.3280960062012218,0.4132884335785245,0.0,118.1897122642805,146.65334111467212,1.094542596875547,-68.73278161776494,685403.906443625,-9822.575661708708,0.17107428128350743,-0.6396588702436666,2.181754003142148,0.13892642621992132,9.6017697229488,0.0,1279.4635336101016,10808.419358436911,bowl
R1029,1029,INFEASIBLE,10.0,4.0,180.01049389714922,bowl,Cm_alpha,+,57.054867480885534,1.8933819011325683,1.6179071015799082,0.0366871191079619,0.1428789636929785,-65.65401099304903,6.40663799269091,31.771961280252132,57.57485439724315,9.779866657876347,3,0.0783225326774544,0.2143431526725207,0.3079480444047408,-34.126173001730315,373.91532605049554,690.9940416138468,-1.4263716870221383,-4.729247675385143,-2.1353166236238934,-0.4049777225483119,2.59865118794422,0.0,58.22597163922689,93.6262048537123,0.2501185521617977,-1160.0009467475006,-433718.12244572147,-8358.311135954415,0.2523358009208767,-3.830515116033087,-0.44171517099888,-0.1348077716777297,-12.962829921704174,0.0,-3655.0123447093874,-5783.952368289168,bowl
R1030,1030,INFEASIBLE,10.0,4.0,68.22126823895121,bowl,servo_slew_deg_s,+,38.24225345063315,0.661940566266159,1.8140781942392572,0.021544157383393,0.073187647382002,-41.25010984066434,5.101536990224544,26.92459351525867,32.48208007642556,10.52916783773465,3,0.0993452178838776,0.1795996700919,0.3650019301011302,-26.800232893731515,-734.0670765450045,136.68962389574898,-0.2923853673687171,-1.3593320117529144,-0.4930862104511803,-0.3824225345063315,0.37541980538943964,0.0,32.51591362832923,50.846488354222295,-0.23764483584574414,-24.5198466087052,106872.58571103225,-6743.051822961206,-0.2221641412511337,-38.204443316971165,-0.06784310767963006,0.00260018382840812,-3.237831118706353,0.0,-3808.586080679827,-971.2693833822676,bowl
R1031,1031,INFEASIBLE,10.0,4.0,3336.422883257465,bowl,Cm_alpha,+,1771.14304883827,2.7352577135159626,1.779948092811925,0.0144867155219352,0.2388046967833844,-58.68739047519856,10.700078430175887,33.981314981345456,28.256262628199472,14.654588792755678,4,0.0390956461229506,0.131062619852588,0.3929362820023085,-348.2665611276528,-12912.597764255068,9521.638483195104,-44.27857622095675,-26.203572439791454,-51.808063506318355,-13.912549095748233,37.90023874954339,0.0,1174.4263801614597,1167.9129554041158,0.1208044691433372,-3060.1826471329973,-3804511.860714837,-67230298.17762592,3.1672383343081663,-77.61740932082182,13.016887834505178,0.5560320126458919,-211.3719429027877,0.0,-76890.45707137889,-107675.95889125469,bowl
R1032,1032,EASY,45.0,4.0,98.95842148832637,cliff,servo_slew_deg_s,+,69.32206631202004,2.0479490687727546,1.6898460410875908,0.0172996959342071,0.1544696753566522,-58.87299209489515,13.26441882359356,25.523588727012225,55.35166684927532,10.897682191265474,2,0.1120722294316504,0.0285884332688857,0.3132256641160549,2.541128746394773,-581.040025074714,67.58433146448733,-0.28208895165732395,-1.180409559319558,-0.11270992742912024,-0.6932206631202005,-1.6457534490946029,-0.05762500829007417,212.8214243218402,89.43298851933034,0.06459953342177194,-44.002279149192596,1604701.6080454006,-9477.833498707801,0.3561429793259081,8.280270831571373,9.77856970107695,0.26311930303003384,20.148203090302918,15.366668877353097,9954.727288261089,12014.378886408393,cliff
R1033,1033,INFEASIBLE,10.0,4.0,1056.082408043157,bowl,Cm_alpha,+,636.5602455982028,2.305648385403413,1.330435345773512,0.0237904597364511,0.226302054030496,-52.6195210961334,6.831868769000167,34.52597693490429,59.88697588180673,14.221140848017631,3,0.0623681878006846,0.2010266899305623,0.3992079257533427,-103.6959693869945,-1626.678484625215,3225.951356941131,-15.91400613995507,-9.091879489334008,-14.209611954303364,-3.2025823602562102,7.952475957783885,0.0,543.7935261124785,343.9437593017278,-2.534707087011597,4180.068016640214,3630889.0749674058,189373.18169825227,3.6806597117417326,16.485517036870174,7.674132582085403,0.23213960694479738,40.33941482087723,0.0,39161.26079180533,23645.910212994495,bowl
R1034,1034,FRAGILE,20.0,16.0,60.21624331767247,bowl,max_gimbal_deg,+,29.71862534034501,1.423406846161691,1.5387765283989712,0.0207656338495112,0.1483177078200233,-54.453066934355846,6.202461946205043,41.67100332275221,72.77912308849372,8.551854441862465,2,0.0264092084979964,0.1761400664071194,0.3435977165305547,1.5140177188171386,294.1738668388932,114.39069636466245,-0.08500139502532433,0.3538322695238585,-0.4175968347358154,0.4221578618820421,-4.245517905763573,-39.71128108688848,30.779255473606078,-28.575172965480196,0.2775833397305387,-275.42707255743505,702347.6412548284,26944.45281781087,-0.08063890619715086,-4.4996074675974915,-0.33451421308175155,0.18067897523122053,23.668568157901777,-10589.674956503595,-7367.039769668501,8306.778692153499,bowl
R1035,1035,FRAGILE,45.0,8.0,71.39557488481347,cliff,servo_slew_deg_s,+,67.66034520484767,1.5490609491995757,1.5163510250132637,0.0170352069868728,0.1688861116668437,-50.15937082551028,13.393137127857663,38.7093946543467,24.1141512081562,8.875198589791438,5,0.140124673205373,0.203408829694532,0.0782738435300553,5.865910271234452,155.64095359923746,72.28970957081285,-0.09949588178177349,0.14980250739311157,0.13996432608190262,-0.6766034520484767,1.4836755847777043,0.0,-4.071034526075362,25.02791526111565,-0.3848366976469553,37.834794794262486,-286957.97666590154,-8886.391704631704,-0.37878182333338417,-2.8390785886944028,0.23144691838585119,-0.025748115268720964,-0.1061463475052422,0.0,-4725.375289618094,-6348.250772723991,cliff
R1036,1036,EASY,10.0,8.0,112.15966766886727,bowl,mass,+,88.57204160625362,1.840579148486861,1.5687048073455416,0.0155675624950066,0.1670861450600604,-66.46702887259978,5.020731526939815,47.124393313396666,78.61245345285673,9.884812489124291,5,0.0484439303885272,0.128487470602022,0.3390489654677565,-73.810034671878,77.38305969404934,22.778848909947303,-0.4017526570177774,-3.717572156539886,1.725232205473403,-0.042760399233783455,0.6249567981594513,0.0,-79.16871248621509,80.68166203352101,0.7088470953328994,2694.4780614850947,2234676.362124678,5525.9962457855745,0.18871112040283866,15493.262948476335,2.9918468044174347,-0.003758191036328,11.812307844114127,0.0,28246.86042322891,2169.0919321739484,bowl
R1037,1037,EASY,10.0,4.0,63.824722099821734,bowl,max_gimbal_deg,+,34.07506867161367,1.394151915427867,1.74088684148246,0.0205006440254735,0.2030475270908802,-34.01679782217892,8.561775120970069,31.77045425133938,50.78795565020984,9.263419205373266,2,0.0540447118150383,0.04866002159448,0.1515913309799662,7.996017978500025,662.2992186878794,-2.7228809137351795,0.0629262936727899,-0.27517872807303967,-0.30949244483231875,0.08097060106698332,-4.867866953087668,0.0,159.22770453132276,-66.27852701782119,-1.0671197232215448,834.6201167120674,-238923.18113540945,-6532.790405073949,-0.20407478576723537,4.843462086694575,2.7594227096430943,-0.10347656173677074,-10.295521130226458,0.0,-4697.169655846923,1638.52916517805,bowl
R1038,1038,EASY,10.0,4.0,88.37246214605534,cliff,servo_slew_deg_s,+,68.56035728619993,1.745869691733906,1.296519577791188,0.0389459251430303,0.2392221645562544,-44.18685763574886,10.288924464739054,47.448968140161625,76.72677928891437,9.202621027071125,3,0.0529116613544925,0.0457233157142903,0.3483746737950376,-6.619379719850961,685.622637843248,225.74594251435693,0.23106000208031574,1.3307727125130582,0.5258123838305628,-0.6856035728619992,-0.24942153073067633,-61.55826552692083,27.936894767878655,16.918212041154653,0.07336275190855446,-750.2989758341956,-2231062.175864427,-4641059.869780188,-1.6614200365727627,-35.69823779853314,-1.27451093730705,0.09246897736823201,-20.215545800235052,-16415.537473845554,-31123.13056650942,-3886.861865980646,cliff
R1039,1039,EASY,10.0,4.0,58.90520827899709,bowl,deadband,+,21.303378406804963,1.129724289699104,1.2677722164925285,0.0106399576993661,0.1367006279047225,-48.93776536339895,8.338939178802377,45.38848759956811,25.739541358414137,10.71203829466771,2,0.0841526730567968,0.0178566580530438,0.0969612126035875,26.65271209158056,217.02229616819332,102.55699584456053,-0.2058638299342912,-1.102882368175693,0.2503231730251166,0.03180508985755193,4.087975195259095,-142.0225227120331,79.21312432212225,25.410126527266836,-2.1105987196207234,338.5201006003459,423625.128263365,25524.053148432446,0.38814014443187594,15.23637034091528,1.2976890875233154,0.11639967182614079,15.216341839243231,37872.672723208794,53589.8480747175,9404.96325581215,bowl
R1040,1040,INFEASIBLE,10.0,4.0,116.48454837132708,cliff,servo_slew_deg_s,+,98.52224293097616,0.7807071737350911,1.2727527655739623,0.0167446753091076,0.0855444907247179,-52.14051876947856,11.808379261086742,42.2493277472396,30.200261692640872,12.411814285968504,4,0.0813039251054805,0.1295904010523248,0.389842420495941,-36.87829573588029,-243.70516169143852,114.14927575855269,-0.2563914246736472,-0.5656592633882468,-0.9096612372673221,-0.9852224293097617,0.6600577319554959,-49.2370070515499,93.83468694206113,18.451414683213656,-0.32033259070101217,982.1024782916314,1120905.0463142165,41411.57792844433,1.1044554568303058,20.669791730034145,1.538759651001526,0.22051120950382638,41.97586112114493,13129.868547079986,23461.57902986564,9714.25611642169,cliff
R1041,1041,FRAGILE,80.0,8.0,81.94172562740974,bowl,servo_slew_deg_s,+,37.7299774695676,1.0189136493645916,1.2161398634918787,0.0173088497522405,0.1108193063432186,-46.3270029486992,10.605617085937329,32.86138488209738,53.31831438036468,11.57328130778417,5,0.1022230711008642,0.0985416406444714,0.1509141637626275,-16.38687856800602,-131.22614673498003,69.43215479514573,-0.38720041496591984,-1.5611013178859705,-0.6049967114800558,-0.377299774695676,1.773345077055835,187.32073809946613,211.14722584869924,43.28651631735992,0.002951914161520186,775.8216899666832,1405442.0850057162,3083.503524412595,0.37701529251548527,0.36695261325447026,1.4910471235228318,0.03211459715215561,23.490204871993946,49952.196826524254,6866.97604468894,986.1704468788073,bowl
R1042,1042,EASY,10.0,4.0,64.68349051743418,bowl,thrust,+,33.553934000562776,0.6345355225855925,1.878512457550824,0.0153544680489174,0.0712261181832377,-49.36396878229857,6.009083266762791,39.7418580161884,88.8973818152837,9.276227968840187,3,0.0286149551096193,0.1155744346698264,0.2140380349134866,-2.0650417253281,-910.6405889707236,18.232203861512723,-0.11590143573944967,-0.9544320824184199,-1.342157360022511,-0.29815826790048144,1.0704181755500815,-52.785866581713485,137.03713122844334,9.846496022464738,-0.6099988145371991,132.08573691076532,324680.7023191456,-14690.05321509117,-0.17894101731826262,0.7119585704532618,-0.2303036061482237,-0.003331442143932364,-23.12994089169857,-14076.231088456932,-8492.45189995911,-7844.962443840556,bowl
R1043,1043,INFEASIBLE,10.0,4.0,201.05140552442708,bowl,servo_slew_deg_s,+,145.41803481704875,1.982625363455156,2.0584230791819005,0.0366488353097732,0.2305492908252783,-45.31688941225844,8.218591087043766,35.944115960988725,25.16629611766852,11.31796652199148,3,0.1417872209638548,0.0128105595463187,0.3720841841676363,-18.58308625874444,164.01408871510966,333.8069622177244,-1.510611257353987,-3.9925325398299076,-1.8376533065904652,-1.4541803481704876,-0.579065196628775,0.0,320.44175389278007,71.13777356882517,-0.5517832180855127,-431.80021965633534,-1038995.2918557237,14543.486338344574,0.09906569807269072,-0.8987208588521369,0.48997900558701074,0.14031585144110295,-13.411478017985699,0.0,16343.605476912282,-12114.873593551541,bowl
R1044,1044,EASY,10.0,4.0,64.41984545038675,bowl,backlash,+,34.0317573379582,0.4917446872597913,2.0134871328012167,0.0373418153847325,0.0434827232255485,-53.94008740328896,10.944494149397409,29.44684470191288,110.92178021640078,11.393601632300443,2,0.0371059317610633,0.0425596347662661,0.130329553040952,4.809654105426564,-652.2127175411227,134.0085042929938,0.09668257417923254,-1.041790988741701,-1.1706304649885937,0.1256065317687914,3.8863513616011125,0.0,-136.1270293518328,-0.6386749103618469,0.0825820725332218,418.7083324842702,5218.884252682197,32831.31808934703,-0.4378795137225673,-3.0749514087040652,0.24487203973426744,-0.08042186877541942,-8.415436092161174,0.0,8787.422507007492,-223.81180868982432,bowl
R1045,1045,INFEASIBLE,10.0,4.0,109.28541550306882,bowl,servo_slew_deg_s,+,79.0253185369554,0.8458287756441499,1.1993440800500703,0.0230459195585821,0.0651366125922698,-63.75196358777716,5.844684413405685,31.19851447603019,29.474259259786976,8.233604775544418,5,0.005182244071908,0.152113675925929,0.3631119397292464,-13.663853038064376,-626.0359688722108,255.0965855340746,-0.3809089847734104,-1.8352202946088398,-0.4992964567235617,-0.7902531853695539,3.297181497862696,47.533433980208684,61.95269557053274,78.64336694110918,0.17804214870876223,251.09657387009275,-633819.735885695,5722.110338574786,-0.0299325198432836,-3.7776955941670134,0.10690513288187503,0.003258941237510271,-8.938758191288478,-22447.06533023862,-2512.3917745326207,-4969.387198942021,bowl
R1046,1046,FRAGILE,10.0,4.0,95.16616979455087,bowl,Cm_alpha,+,37.1350223650679,1.8076743145502048,1.6586772230530185,0.0213361890829158,0.2124861681456278,-42.61818954675692,12.856764581837348,32.48420971443597,58.76267476307216,10.583002236957055,5,0.1144511803773443,0.0538470519982915,0.226207732683895,-7.91833994375563,1211.8584809733954,185.6694414486494,-0.9283755591266973,0.0729515636451488,2.503314670699055,-0.10931446771402724,2.2347240828077117,0.0,98.35557945740088,2.1981952255875274,-1.4571716805677113,-439.90563906351707,886461.2254387593,-28978.556312287008,-0.7246077660484191,-20.849223085461723,-1.142254653978786,0.06877171948849377,37.374332730180825,0.0,61480.878745470756,2194.8720510051617,bowl
R1047,1047,INFEASIBLE,10.0,4.0,227.83853205033918,cliff,servo_slew_deg_s,+,210.2393829717728,1.519542037992107,1.556371438829002,0.013162358718007,0.1973438956608891,-37.51364637077732,13.196881293702884,30.722876353726218,25.86617551146973,8.628506520258126,5,0.0704575534394972,0.1542195537958522,0.1566866222552353,6.876144339426672,373.4188932970155,214.89710019340933,-1.2975739589587842,-0.3009922450932088,-0.8395106218080983,-2.102393829717728,2.114609222936635,-0.23628506513801972,137.59570101748952,83.84693204713777,0.39811045840973236,-1035.7501038564958,-1551619.1340282867,4889.038478969949,0.53477849794157,-4.2768516928482345,3.1315113751097146,-0.1086971958359615,-14.63321919054602,-63.009350703471874,-12538.899760527147,3309.4460944991365,cliff
R1048,1048,EASY,10.0,4.0,17.101400584143573,bowl,backlash,+,8.189892430677476,0.4372222818144158,1.0786496233661522,0.0189201127990059,0.0512632271746388,-37.67839465643266,6.440074813144076,25.261169411280875,83.52672638726568,9.581336236277906,2,0.036468827690635,0.0817484562301388,0.2131993745546449,3.5606862455661696,-142.74935741708524,-10.428366139436827,-0.07198986606174684,-0.319084452834276,-0.2819209375888403,-0.07080979820227258,-0.1821103115674905,53.23730399581663,-32.759569722709905,4.098862110947079,-0.28880509214088024,-390.7387633913372,-707786.7669279171,-5910.941759054624,-0.2734318577244894,-5.810373644444367,-21.409391910409312,-0.019218290093146174,-3.819960450242972,-14196.614398884436,5.880686847513064,552.7354614015528,plateau
R1049,1049,FRAGILE,10.0,4.0,113.78863146468044,bowl,servo_slew_deg_s,+,58.75338554363816,1.356540021360788,1.6925776501305614,0.0216005168854657,0.1911202348310675,-33.31563117154928,10.578800997157256,28.517113662527382,65.61637629799284,10.060619075035776,2,0.1032088395002621,0.2368625795473823,0.3308432453792838,40.38220345104038,1625.483022406363,-98.33640548621689,-0.7980332985184493,-0.24610285056090495,-1.7113476050696654,-0.5875338554363816,0.38851772128058354,0.0,149.8485775732415,27.127541652693818,0.6284040000644611,1738.950875228652,1479670.7891199123,53957.50941946145,0.4458518931749964,22.77383679911551,2.320556176124827,-0.0040976852793468055,19.317462032533708,0.0,218.56468527275825,-11020.726364713764,bowl
R1050,1050,INFEASIBLE,10.0,4.0,84.42217125128184,bowl,Iyy,+,48.15128446253031,0.4708287998713139,0.982495730346906,0.013205733709801,0.0538932850729513,-50.7623752875867,9.629127628409789,43.70071087950394,63.53064821470628,14.091474161911512,6,0.1445722059796722,0.1748649412516018,0.1245357787215727,8.55613263498831,-1605.0428154176773,-18.59051056735597,-0.19209085084213173,2.3632460317839588,0.9799805642648188,0.2027508379091763,-3.8034502930801204,0.0,-107.00279661546756,104.34754296692607,-1.2299128194841877,934.7169886771527,747791.0969384302,22068.935730321442,0.9275066961598228,10.739813572613414,2.072726538784863,-0.0386835401678869,2.4835432889919957,0.0,2379.80164308611,10872.044707927706,bowl
R1051,1051,EASY,80.0,4.0,58.14599320429106,bowl,servo_slew_deg_s,+,30.307220094376703,1.1157179615303603,0.9222621718211302,0.0334522001707172,0.1313467956640467,-45.57190291724625,6.310969275517843,37.25510563644188,93.94741584283814,10.788886874160012,2,0.1306439973986067,0.204440880029795,0.1176015145632811,-9.787990332793854,-598.0349872021123,58.823338139766115,0.015061699430388487,-1.768264135111897,0.03270550143725259,-0.303072200943767,2.806471601156387,0.0,25.417419387739045,86.00751555970909,0.7860824994276121,-1758.5464884992678,491541.67656752333,3223.6872519479166,0.3319499317165029,2.580452779778644,0.6345046884203782,0.05674041011115666,9.564766762273816,0.0,7509.937835346867,-4989.362505073796,bowl
R1052,1052,FRAGILE,20.0,4.0,53.44834256764309,bowl,servo_slew_deg_s,+,31.003192999724792,0.4324396984747032,0.9068735056310044,0.0240074319099497,0.0496402564145459,-41.493144301324776,6.495821787199045,29.365065269532025,35.56037258033988,10.187594234029604,4,0.1362777420441044,0.1215065185567363,0.1394719948076078,-18.397629614172295,-247.76881773982532,32.84493344662695,-0.2691322863469794,-1.2422499469981925,-0.6941525567689218,-0.31003192999724793,0.79209887371108,0.0,51.41849112367785,59.77537334960626,0.2874340480690476,-27822.94914939678,-529777.1649088723,-3352.9830403422093,-0.04669511240611657,-5.751353475370407,-0.1747102665064483,-0.0429742261542394,0.035946286916981256,0.0,-7259.416769727969,-3463.7137801798694,bowl
R1053,1053,EASY,10.0,4.0,52.390867445727764,bowl,mass,+,23.303523815156705,0.6972810385185731,1.9190603011580407,0.0219604044624154,0.0970799924024826,-42.17579034808076,6.362886980601187,44.63048158529204,65.13876938153004,11.244915853986644,6,0.0526950865704026,0.0316463904910667,0.3161111511728902,-19.41960317929725,-556.983420449636,14.560779380495234,-0.1778264366759441,3.344084850818059,-0.08690910173679818,-0.07368497718111344,-1.1555053920106602,25.980321575783243,110.92118369351253,17.509573721799484,-0.9886326548745621,417.19657958042086,565254.3634014851,-4472.641438356027,0.8481629945490412,8.194180227997295,0.22764157560446846,0.06895660674855449,-3.001056482180582,6928.085753542198,-5814.029737749087,1534.0820028047624,bowl
R1054,1054,FRAGILE,10.0,4.0,43.34442642897428,bowl,servo_slew_deg_s,+,21.61001855714226,0.5509209276215362,1.9869904769683049,0.0362053249119681,0.0560790578138268,-44.61632440680029,6.540729183795667,26.69757482200136,50.22301856068367,9.048357864693536,4,0.0122631363397605,0.1641384644875442,0.3338917451344378,1.7468429647015322,-271.8420960935451,51.18440635063087,-0.16373493441885567,-1.4266150456230573,-0.2949308019377945,-0.21610018557142263,0.9981801611966148,0.0,45.99157642793631,70.39679826518612,0.045645104792170876,213.51717744778114,71100.83812364492,13825.405445717035,-0.10124843528510574,-2.1968279123770755,-0.03351387062167874,-0.005756953991544336,-3.826027398043894,0.0,2446.060499455537,-3095.57697462958,bowl
R1055,1055,FRAGILE,45.0,4.0,23.39333931402138,bowl,servo_slew_deg_s,+,15.360223575481422,0.4175791486615321,1.0448076995720506,0.0365393215755815,0.0663110835968128,-35.8920265204634,5.666723994555616,42.04864037304964,40.89435747292758,14.174745558351663,4,0.0316587220400655,0.1977191091689024,0.156592751570869,-3.612409568885241,-88.86302574487628,34.27683143751859,-0.04754464336129782,-0.5114612773472049,-0.06560151195849002,-0.15360223575481421,0.3027167594137357,8.30893076932746,16.96686250454198,34.176589788070956,-0.057441204092667064,42.86661155902327,-89830.98202205263,3409.092046390242,0.0030178224861998615,-1.4443249307849135,-0.26251323550463324,0.002711915833882443,-1.5141119821851368,-2215.7148718206563,-952.0837939166182,240.3907016631286,plateau
R1056,1056,EASY,80.0,4.0,59.17414814705334,cliff,mass,+,22.029686315901753,2.0068239236250007,1.178046846792287,0.0370918681549747,0.2320736921388246,-49.42338633170286,11.816005485379511,42.28240075130349,66.577681043278,9.757600519639835,4,0.12176354443342,0.1961929183565472,0.113692132891892,-18.358071929918125,-84.47627858323833,163.69134203559327,-0.23293858189725536,0.034585193209157435,-0.21406125429429929,-0.18439131698246722,0.3881348619670422,0.0,-19.17810850247532,95.26714587808722,0.3138029002109808,295.0852022408834,757442.9365941604,23355.446182204425,-0.0951899225153976,-2.6781146821953077,-0.22786153920793312,0.2125215005705261,12.286092162659008,0.0,21434.66285072262,8522.792066791064,cliff
R1057,1057,INFEASIBLE,10.0,4.0,5816.598394139797,bowl,Cm_alpha,+,2489.62343790446,3.098714800431145,1.5938589601553173,0.0212098258383496,0.2311153653033546,-67.40605938703177,6.274295471212106,32.71550744669107,41.0639026722284,8.299991915929585,4,0.091210504772465,0.073534386608809,0.4106190591285345,-548.4050622126133,-10214.829905281505,18706.750025193414,-62.24058594761149,-64.21656613510484,-93.59249442250739,-22.988780049445523,59.782123943791426,0.0,2490.694277109815,3014.0044891289435,27.65541462448016,-19709.177465150904,-59179049.58840785,750097.4261917314,-2.491894502312192,-180.00294874304464,-20.15438497671552,-1.873266618337284,-41.188035487408435,0.0,1395.0245899322915,-214551.73961944727,bowl
R1058,1058,EASY,10.0,4.0,53.80382370524073,bowl,backlash,+,26.57454409005184,1.0309568128237887,1.571880677990589,0.0299134179118198,0.1653758915717232,-36.409881479526064,7.616406179218671,44.153317359034816,99.30823498259588,12.674978172962346,4,0.1280885816306342,0.116976564246982,0.1627310626954562,-15.246827733295655,-581.2940322111018,7.973129274723194,-0.5322118453509594,-1.5383477366879248,-0.47104344925222924,-0.11868967062859079,-2.396323475161987,0.0,-106.29817636020736,-46.19441208785338,-0.376304539312299,-344.08495387064414,1490029.8933673492,-3494.128861224566,0.18481120074953838,0.7929263041458322,0.3699236989642503,-0.053556622032317695,22.56549755742209,0.0,17125.475528225103,9797.37567039348,bowl
R1059,1059,INFEASIBLE,10.0,4.0,359.47796853936836,bowl,servo_slew_deg_s,+,232.9679567154514,2.123959189491405,1.0473082818875024,0.0228312130456305,0.1937045717708573,-62.18466386734447,11.985979534190731,41.63085646707399,40.27519597749054,9.320257996959826,3,0.0028964321692993,0.2339091243980477,0.1972814226778824,1.2716794619880278,1659.9076221325347,1162.8631768036246,-1.7265841261278716,-3.5786308794300834,-1.9987269457664696,-2.329679567154514,10.175748572711884,-396.73457903903915,130.71806116167681,49.444169814481455,-0.1395243952457328,-1898.1567788945642,-80976.81503925147,33783.90855101978,-1.9419549243712737,-30.573156213033606,4.434622042274677,-0.02188123336652552,-58.446984864718964,-491651.82383911946,-18084.53956140844,-3218.574979924854,bowl
R1060,1060,EASY,10.0,4.0,40.666092788061704,bowl,mass,+,20.150085708393497,1.2961490993313245,1.8796548377808848,0.0259186542189898,0.1178894695812994,-57.974367261705,8.287576326212369,35.98930785844082,117.07062916099372,13.044326021792628,1,0.0296583618370095,0.0499170309074636,0.4265890557859407,-16.79173809032791,-607.1021243046988,31.744161085395167,0.03650852153631656,0.31208295521338975,0.3275481864907242,-0.13382619112508917,1.776569077565933,0.0,-1.1680733010343043,53.89641656991741,-0.9329186689860518,-104.31218433593126,137338.92010988644,-4813.210419146161,-0.7041127623636502,-2.1656694872181426,-0.38476888602863824,0.06145071282883719,-5.255278536452959,0.0,14860.439077283525,-3102.3187567806763,bowl
R1061,1061,INFEASIBLE,10.0,4.0,72.89590492962292,cliff,servo_slew_deg_s,+,59.654622800504306,1.2156190586427442,1.1107049217909062,0.0158476220702681,0.1724958084164849,-42.93243764373322,8.284276925492255,48.039064846976856,44.76075299291003,8.970296219458305,3,0.0694188720742842,0.1798052114950978,0.3126335408961881,-2.9679916188676834,-371.2275478118016,-17.53561280238037,-0.5728356605289764,-0.7605861382097506,-0.6023042686013376,-0.5965462280050431,0.38631153611404795,0.0,4.098661297334726,70.67302541271297,0.5271133441009148,-429.5335636497034,216278.32388402557,-12117.024456751487,0.220344725658832,-5.64419656570603,0.39551924899491153,0.2420384791044981,-11.280899685723133,0.0,-362.224523167992,-2536.7951711645587,cliff
R1062,1062,FRAGILE,10.0,4.0,100.07953812550456,cliff,servo_slew_deg_s,+,74.86040056919485,1.6411514978073365,1.3317562889728247,0.0186284924899132,0.1548698934424498,-58.19980855738524,11.95014568388696,39.04281486672628,50.30469259739208,8.859161956384751,4,0.0433536522380927,0.0532904919468676,0.2674730137839892,-6.405031745482512,467.7234701349652,75.06633447005895,-0.4776720127381906,5.924033728977058,0.024524021220414482,-0.7486040056919485,-0.15393880771144722,0.0,-39.23228739712739,-62.50179292556227,2.281393290303303,-776.1739667594015,-340009.96510531224,-5983.536417906599,0.5781990729242872,-20.59589375143364,-0.10575714480693364,0.2096961771441485,16.12356387538927,0.0,-10746.55711130205,-669.947336149893,cliff
R1063,1063,EASY,10.0,4.0,62.69743592567777,bowl,wind_strength,+,44.649801583058,0.9133050863839572,0.9051561752299644,0.0207480262616194,0.089024853198374,-58.24477068431817,13.906953300395209,41.72208622717318,61.92404334128269,12.275070366428269,2,0.1438564864899217,0.2389732094520635,0.0870673562288214,-12.602011614920505,-380.7555950708234,51.2603067946883,-0.24123374073284043,-0.6745533971474106,0.1346608315350913,-0.12404687061336875,3.625454415706139,0.0,92.4221307664045,-111.62450395764499,0.08777845551689545,-188324.14514458698,-2443898.6763202315,-3215.984389718999,-1.2426278118619907,-475.40011136149445,-2.1023799134624754,-0.0305835499028521,-28.187553110794045,0.0,-29482.052807606415,6477.934652919918,bowl
R1064,1064,EASY,20.0,4.0,80.696408698156,bowl,control_effectiveness,+,53.317164984492315,1.7096624037985118,1.262766180725739,0.0315175555432978,0.2112697474453395,-45.78018058917651,9.028869928560258,41.425738888431056,94.71433755709236,8.258303239501204,2,0.0211089699978893,0.1495609397532772,0.3612246811067349,25.4728705277272,-416.2201100163199,-41.54617307132838,0.40512470858555316,-5.924129442721369,0.5993499291783231,0.04626085094313322,-0.42426024849573807,0.0,25.660907808740504,-110.43586889013409,-1.4123853752001256,877.7841422659523,199519.856837576,-6274.301293368427,0.07106972140087153,8.409273836680265,1.5593051975401602,0.042142597860076375,-26.29706800364679,0.0,-7177.427688762486,-338.1370460657245,bowl
R1065,1065,FRAGILE,45.0,4.0,49.288676864327556,bowl,servo_slew_deg_s,+,21.54040273259689,0.687122188620641,1.208397129762385,0.0277216289668087,0.0814083109715504,-50.04232032149363,9.68978439938294,45.49941119372549,105.54424804737664,13.43052845913075,2,0.1456230531069641,0.1846939377582129,0.4054109947105073,-14.20836084202481,-5.91873386127043,74.10990756858936,-0.2422820365193834,1.1899048360713316,-0.15985519551222965,-0.2154040273259689,-0.00864830202365751,6.512089368566202,132.86130047636655,28.080802114661527,0.15160577918098106,-26.20222115281908,-418690.1728223337,11621.670547883423,0.1313592760160356,7.069056863222297,0.90531584913149,0.03017171741239537,3.346787909387795,-4037.221822631941,4789.115840417983,-1464.77496511008,bowl
R1066,1066,INFEASIBLE,10.0,4.0,173.3171378836106,bowl,servo_slew_deg_s,+,93.88962993080831,1.3904372324828382,1.115899779962254,0.0347066194327001,0.1247359674554846,-66.4168201757712,11.6930038755329,45.95133547642231,43.107471703852646,13.636285282588796,4,0.0110913175263257,0.2015304360396479,0.3186173014247516,-51.01828961487782,-284.06272985259994,449.5988014091,-1.263286534958855,-2.1224345771208375,-2.686387907662305,-0.9388962993080832,3.964056759571674,26.979095157553935,120.31383932952014,35.12958589026593,0.4065304978181956,-503.63672067808756,-707617.3455620992,925.7246207341306,-0.724806521462888,-2.854868976083102,-2.8589909216592515,-0.036554155306586435,-12.199358734724647,-7194.425375347717,-4918.6163154008145,-18092.03306993258,bowl
R1067,1067,FRAGILE,45.0,4.0,48.04696296096067,bowl,thrust,+,27.067401207759545,1.4024726865449122,1.5005045803864037,0.0115999342684985,0.0979677355401652,-66.75439113719442,7.618442288710977,28.144811910446123,65.20345393398549,10.17211881238272,4,0.0261681070256693,0.1501868681869852,0.1689510852524852,-9.543532359509065,-414.6425621123236,131.69927644628217,0.3219477297964377,-0.18450708978029312,-1.0826960483103818,-0.13915170107611843,-0.6416280365520707,0.0,-18.42806015795878,34.69166664133826,2.9199668970601644,709.6073487215535,269491.2620936727,-4100.508583728808,-0.5960357118781734,-9.381867961689673,0.40828082579031844,-0.06260646191185786,-11.941492203214235,0.0,-2011.974621679868,-2364.813886590085,bowl
R1068,1068,FRAGILE,20.0,4.0,99.06551647748104,bowl,servo_slew_deg_s,+,48.18313828978988,1.4095980645967316,1.7733642358711132,0.0122696095080809,0.1053452824208537,-67.06402290669286,5.502885081048821,32.514730154003914,51.52358750766997,13.64279908554288,1,0.0475918043654567,0.1176652569313167,0.2502097304660872,-9.3793356473531,572.6713039289843,280.35740960416297,-0.25608622992468444,-4.187572845774176,-0.811093590542319,-0.48183138289789884,2.726550338751854,0.0,125.28577070908635,63.478122222781096,-0.1317699791556386,678.4014456335035,528004.502359408,9081.298835906458,-0.5677121446279458,7.29290468744301,1.1024151363170336,0.11927285781797459,6.950023134053251,0.0,2122.4068549607305,7078.002455221309,bowl
R1069,1069,FRAGILE,20.0,4.0,124.10431934838188,bowl,servo_slew_deg_s,+,73.99646576715507,2.1763697186428126,1.842046946283455,0.032728859959026,0.1904510959014386,-63.85100105103665,7.3535580040881,40.41088679182717,82.82791639591542,14.710418128744651,6,0.0691451872973995,0.0310684267055359,0.4499466468669355,-33.348846839710966,179.0900377386036,92.09963497942529,-1.0917914360338563,-3.2773705086751277,-0.16183175381576972,-0.7399646576715507,-4.274824690339491,1.0808233797778997,176.17885026104048,120.61676990480363,-0.5516475569042134,-368.5417469194005,1552826.5663541274,65203.35715316746,0.797203877977056,11.876458009715329,2.100507337585699,0.17041324419021386,49.86511048831344,-288.2195679407737,35913.21656052776,-607700436.0049981,bowl
R1070,1070,FRAGILE,10.0,4.0,145.30859166054597,bowl,control_effectiveness,+,48.65038168360915,2.045530904535121,2.084256959053837,0.0293716323091793,0.2296043808313757,-45.95051788571864,12.094628975644346,34.4342340893428,76.2274069916675,8.267589336410467,2,0.1390889601014891,0.0332289225698939,0.1413344885873581,89.87241660111059,-1433.8037794518166,160.25480905255824,-0.7745111145122503,-5.405597964845461,0.2093393159739108,-0.3733918089910899,1.4550232674299204,-5.905131463372247,-150.46053642661565,45.99477430578729,-0.3530408582573026,1763.1897270633049,-306440.7364493425,-13873.697708017165,-0.3723413942492333,-46.7813533046327,-6.99418387701262,-0.07979144408738705,-109.31253789325439,-1574.7017235659312,2219.331007094615,-16912.95161911002,bowl
R1071,1071,EASY,10.0,4.0,52.13944101122526,cliff,control_effectiveness,+,9.350355226431267,1.8672438487031595,1.8224333573230689,0.0102397126056251,0.1745117012656792,-56.17408325851222,8.73365374444371,35.676346575644985,109.38105818851405,11.308684247882326,4,0.0790477842719486,0.0490186085118962,0.4153426944130587,16.726802071945663,1331.5789616150978,26.613840885708637,-0.14352796398504153,-1.038928358492363,-0.2534543695644894,0.04376212728288094,0.9276203984857394,-12.382127637777778,84.35901806235326,11.571600786545389,1.1414671814873556,268.06230252837,34473954.9014647,-33874.27584587513,-0.812720141230325,-5.99165346380643,-1.9285740910321223,-0.013080624992240537,-15.439499070117677,-3301.9007034074107,-15503.079926185774,-1221.5103814081663,cliff
R1072,1072,EASY,10.0,4.0,53.207308803972374,bowl,servo_slew_deg_s,+,32.311377664224906,1.111218454003394,1.9008542367997605,0.0392688439195322,0.1505112594614051,-45.52102096151612,6.049714632254483,49.20672199995301,20.184546619947696,11.012523065425672,4,0.126015016794586,0.0424497712667976,0.169613189672726,-0.12474859722949953,-133.07432654990944,74.93960779519908,-0.20522031026064758,-0.5888393543076739,-0.18130249651130687,-0.32311377664224905,1.0232425391516258,0.0,84.89011634941826,76.18564926078312,0.033985373926142426,-346.23976808292974,-2322561.2702686302,-8012.329524333687,-0.15476041379036243,0.6867032796361525,-0.7516065868544993,-60.734062095035775,-5.761878574064924,0.0,-995.8455316913214,-2851.3715647700697,bowl
R1073,1073,EASY,10.0,4.0,24.181241223655444,cliff,servo_slew_deg_s,+,10.684246168035045,0.7699742495829167,2.0863861940523782,0.0338279394225586,0.111455791559222,-31.622709812159712,7.076357157261063,27.12141856883689,21.59154082851144,9.463478537529712,4,0.1286531324439861,0.0524244771773905,0.0992011138159326,-3.474375650656715,-6.653562059069005,-6.384551578501733,0.06917821401495562,-0.15086656334281098,-0.03157773216590494,-0.10684246168035046,0.2942621367495035,5.497937375055509,33.4478028347514,47.86421041557268,-0.16950354105685472,1388.4053653358035,89193.85361396134,2268.970699586277,-0.012516789947280131,-0.4783491216641834,-0.1639843046245609,-0.09392346366175924,2.217056438742798,-1466.1166333481342,1285.6334855030602,1986.5693041233142,plateau
R1074,1074,FRAGILE,45.0,4.0,47.156268967356034,bowl,servo_slew_deg_s,+,20.15107843832455,0.5387448472589861,1.767200142455092,0.0232205016052105,0.0548916121764131,-58.84378427762792,10.991717986545147,46.52734383231312,94.2234446554541,14.9599448093917,5,0.0850188685297598,0.2007661767192842,0.3869211391252134,-4.761383615914838,-273.11116205546875,59.76405786589264,-0.012000309072404569,-2.032284538592252,-0.7539935326697915,-0.2015107843832455,3.9258883914250813,0.0,39.27587896286898,-14.422292383433298,0.657471605719504,212.57011896595827,300778.3692469127,14662.008699195892,0.0339378519279645,-0.6435683235310137,0.795103426102521,0.022772049422392443,-1173.5885855903527,0.0,-4398.749949703555,-6056.6096572436145,bowl
R1075,1075,FRAGILE,10.0,8.0,226.207875424273,bowl,servo_slew_deg_s,+,119.38962375952602,1.8561428072343893,1.0201071993575923,0.014438676325403,0.1965487100460736,-50.36090547338036,13.91541735008849,36.81001880358469,60.69793103638806,12.849890545174716,1,0.1199269116598268,0.1394186755719837,0.3425499963392186,-41.811336151915995,4649.7911735197395,40.058897905504104,-0.218195339451567,-11.435706064989631,-2.1218592000636063,-1.1938962375952602,2.8078059986217827,0.0,7.975383886921172,79.16951824098047,5.427013655933536,3358.21300415174,5913313.208945891,4873.7110512335585,3.400297788851219,636.9058416314443,8.959607595338909,0.41399653145563386,141.18847609876684,0.0,11070.438116783684,28606.986540925875,bowl
R1076,1076,INFEASIBLE,10.0,4.0,1182.5341417681818,bowl,Cm_alpha,+,391.0801438420775,2.104781529804379,0.9717576822810744,0.0308818749696597,0.1370356879972197,-68.23180964792897,12.62639310632812,25.543973664543994,30.60290843240084,11.729238917203736,3,0.1331222258811014,0.0288525936470584,0.4315714102078381,-273.7516236926716,-3802.6556461439054,4283.536333743964,-9.777003596051937,-17.067523319957534,-15.08939014896027,-3.9037755857697207,9.234348670510721,0.0,843.8985182683621,383.923563873142,-3.8031631662687175,-1639.8978265107773,-2944099.0643481105,91566.3463227706,-2.7223971932479842,-26.53253437587373,-51.74097928200267,-0.7124042912728327,-105.94065872416941,0.0,-132092.13325268554,-61192.98892313689,bowl
R1077,1077,EASY,10.0,4.0,131.446229912585,bowl,wind_strength,+,90.01669827268287,1.8863530329357745,1.7657101789810734,0.0335268215355701,0.2313078385179911,-44.89780774598636,10.52372144967492,39.2325358484154,54.47636770237984,11.706302129459504,5,0.0592594792388227,0.0007959794944078,0.1765984767034191,-35.37059892770948,-24.730098012381514,81.9227897048243,0.039692436991478175,2.728410919639299,-0.2360117247792271,0.06922998964205851,3.344277167363645,0.0,306.41872818065735,-225.04174568170717,1.169738452148005,430.8872113802013,2013435.3936505618,37090.62487224841,0.1935817385812837,39.62085525384506,2.214398844976519,0.12920240967056695,-12.970139477716767,0.0,10828440.453607744,30137.931791514675,bowl
R1078,1078,EASY,10.0,4.0,47.576786746081204,bowl,servo_slew_deg_s,+,39.15201590267781,0.6878047689511716,1.6000510356005466,0.0174975508844803,0.0655608862551593,-62.035352137107175,6.004422568939096,45.258392734522886,32.9540526698205,12.237490680507271,3,0.0530322050824273,0.0281266273882573,0.2345747395845365,-8.593860854812878,-219.51024602696003,23.70373878358501,0.19904207497460705,-1.2783993114290102,0.21753617313858697,-0.3915201590267781,-0.11052933160534537,0.0,55.71360254829493,29.42539661140144,-0.20020769111322467,36.277731035628626,10828.05160064893,17804.54900903169,0.23814737389461596,4.375420403275069,0.5477350171395995,0.0036065507858567256,8.605569244090217,0.0,-1882.551730774423,52.17135367184368,bowl
R1079,1079,FRAGILE,20.0,4.0,43.471650362618796,bowl,servo_slew_deg_s,+,28.937219853578398,1.2806520212568078,1.1606765603326852,0.0284669237614414,0.1090394551756157,-64.47826718337079,10.82242447199313,39.01154400922892,59.949349611081416,12.148497410325303,6,0.0164406033498941,0.1634860469617489,0.2324946984727267,-3.4267929364391607,68.90177094755317,84.18900980738599,-0.048444571902819256,-0.8649615134174911,-0.4373777533014419,-0.289372198535784,1.7889805566716372,-14.678614596227629,47.493159214343194,40.401477582353024,-0.3482922859048063,-281.8851296711797,452989.4649252052,10135.43978653183,0.09754261360073979,0.5081867244700156,0.4742794457593709,0.02777160346708456,9.568912173917932,3914.297225660701,2401.053905877173,-3078.0636731772147,bowl
R1080,1080,INFEASIBLE,10.0,4.0,179.15289541251727,bowl,servo_slew_deg_s,+,142.04227041566202,1.4496645460765951,1.3497375877270903,0.023553910744857,0.2177685226621897,-36.90430358772783,5.830700243540552,39.780529552761095,31.25697604034752,9.777413391258314,3,0.0844491800206487,0.0091733844836891,0.3647182601085129,-13.256771229581913,485.1131188479279,263.22397203485804,-1.0961272322848465,-6.932779950748449,-0.7856430477347984,-1.4204227041566202,4.587565447678124,1.478773230686179,58.823890991244994,87.84041424315863,0.6586334921128536,-830.3890528212445,-1759386.408921641,11255.028406638537,-0.2852374406847682,-8.449151788661663,-0.9329348797975467,0.12476214728954232,-32.060920063276996,-394.33952818298144,28965.106230056204,-7690.806603635596,bowl
R1081,1081,EASY,10.0,4.0,32.86248374423383,bowl,latency_steps,+,15.688486841032923,1.3553351663814095,1.8678503320489253,0.0380346561678224,0.1685346892994426,-41.55893367804568,6.083833658811841,34.56808684613179,101.2013677824506,9.579658237600029,6,0.0494538125399937,0.0612370960412609,0.1878683288653597,-9.613447430064014,-273.1465797122971,-1.2515693395430894,-0.0006062637578917451,1.8502022724515963,-0.4076750039844562,0.06027303125221106,1.325841322228231,-75.76614409447451,-54.91586359444223,-19.10207947955674,-3.1376973682065845,1367.3626682746396,2172616.3972675703,12713.047665508528,0.3320567838553563,27.412127287192444,3.332358034688921,0.21711311260479996,13.093451578143798,20204.30509185987,35807.017397480005,18546.135156351298,plateau
R1082,1082,INFEASIBLE,10.0,4.0,70.3556573614201,bowl,servo_slew_deg_s,+,45.68377761906819,0.4517559359474252,1.0561711209984292,0.0218538926462899,0.0511609876797766,-42.63565118225032,9.719975996843065,30.17708336052204,20.8208868006058,9.074467743896562,2,0.149240231343163,0.0104688526795624,0.3981306246751226,-1.6995272620948265,-500.7306248911093,76.76548301996958,-0.29753897764690507,-3.1391356080416197,-0.4258468296613927,-0.4568377761906819,0.8558669158368365,0.0,33.71958748676235,87.9361983573837,0.25205722523506147,621.4735621128426,1104936.4294530316,-10814.533659961393,-0.5244551824344672,4.8971579203222,0.03759493852945525,-1.1395250456164632,-6.384186118652594,0.0,5991.922386584546,4465.1287154658985,bowl
R1083,1083,EASY,10.0,4.0,59.29339592349219,bowl,max_gimbal_deg,+,28.17432025507516,1.7543945270844614,1.4186055572612688,0.0246076818449054,0.1701814365518847,-57.334472748092224,12.120292404217434,40.03712151464551,65.79382185333822,9.315860110081513,2,0.052851205487469,0.0148327812632406,0.3688734931383574,17.58445591062229,-276.8750253850391,-13.62580494873765,-0.20806509560911385,-0.05991980764220667,1.3526331880721874,0.17773299679585935,-4.024902893582166,1.4623758197762626,101.5271349665188,12.987298248319744,0.5597870732498125,-963.4610658992606,-1240497.3932229744,-43110.403105921665,-0.8877249768174506,-15.079722173533755,-1.420879469910315,-0.12095912687678873,-7.383951876509059,-179.05163290541913,-8294.876937668998,-8167.662822333229,bowl
R1084,1084,EASY,10.0,4.0,58.69674859613457,bowl,wind_strength,+,42.15600443317883,1.2664910800050089,1.4281128037390638,0.0151161332931763,0.1631933811092201,-39.85148221105082,6.812107810738551,34.13116599552921,105.35111211461638,14.565517637056733,6,0.0241778226287034,0.0230030909628113,0.0661915069280484,-8.46617621801172,680.3137936974923,-37.02166692005623,0.3120072395950062,2.517349934967396,0.3618814768459863,0.07606341785104997,1.0362830865267825,0.0,60.95418920296835,-105.39001108294707,0.8166942021892138,-1270.2094966001398,429269.8540533694,-50610.27991726176,-1.1343485481178985,-13.89513037764685,-0.940401739918667,-0.20462798699282228,-18.465855475259694,0.0,-7164.9879371808065,-6307.580553741263,bowl
R1085,1085,INFEASIBLE,10.0,4.0,266.84959383994754,bowl,backlash,+,99.60781992239778,2.785523098835978,1.5242423371215574,0.0330650069638061,0.2349245002761862,-69.45351060747598,10.36259863323552,44.41123570602053,101.06400393334071,11.615634824278676,1,0.1298188631703226,0.0642940403458178,0.411265303208617,104.80825103227941,-377.28867561120404,80.0772445923102,-0.6894814052110078,18.941473018515314,1.1888636907625538,1.0654749868763171,-5.835468088445461,0.0,-398.4312796895911,92.13584408891245,-7.7536703050446345,2680.535997089066,1630770.2815405212,53773.87807164912,-16.798488769307923,-51.607116150975784,-7.9162920117557904,-0.2094391218702417,-65.03362636243469,0.0,-7115.594161643461,-18652.77305623342,bowl
R1086,1086,EASY,10.0,4.0,62.2303231105099,bowl,mass,+,15.999489911776102,0.8730435554281665,1.971108861622597,0.0280889206741194,0.0717320511147522,-64.20375098594309,7.324190208374864,36.01943011371533,64.21938782659682,11.666408161487212,5,0.1033312903117653,0.041873695826245,0.3008829705115795,-13.332908259813417,834.8146513996138,57.19424322915866,-0.3078543046964226,-1.5628678622947227,-0.3552028107314353,-0.003106696244512319,1.1823607873702306,-27.800067592538817,190.60409797712444,-21.44909666191908,-0.25321204919124085,169.3046284517481,-249419.773796758,-7124.58262304099,0.4184003154044582,-4.849499699236834,0.2969268552008333,-0.025044097582859665,-3.1205537565278996,-7413.3513580103445,-3005.0818395049355,-3802.7690970908734,bowl
R1087,1087,EASY,45.0,8.0,72.95137537640822,bowl,servo_slew_deg_s,+,41.40873313723589,1.6761009034547838,1.7198808286651692,0.0300217903880406,0.13749924898374,-67.5232126855355,8.15801537169463,39.71621780081559,52.90864982900601,12.182560378211878,6,0.0931914706830428,0.152894193912832,0.1604264202301176,-2.002247433462991,31.107977668765322,143.01976400742973,-0.5976731796832926,-0.2616225445459109,-0.7402342856397368,-0.4140873313723589,1.6707559084009247,0.0,96.80923102869704,84.42105682408598,-1.17979382520436,-360.46876536436827,806832.2514669056,20419.76650618719,-0.3313072333686016,7.301485558725377,-0.36072838202887625,0.06918650422436301,7.4989043830955255,0.0,10872.836126127553,-8578.300737032121,bowl
R1088,1088,FRAGILE,10.0,4.0,76.91303957330688,bowl,wind_strength,+,52.48811178495447,1.2884380998951563,1.1690385317955163,0.0368805325098965,0.1092292995242381,-69.42036106341237,9.612665614143458,44.83181001381625,57.82087033170078,9.441820266572352,5,0.0092020879391338,0.0482746876549885,0.1399188517611865,13.314933739046705,36.14694712274687,-22.28762032521582,-0.5220075492770485,-2.2412258090087205,0.4312458101626766,0.25649528586157455,-4.405264134846498,0.0,-71.14763872546044,-131.22027946238617,1.5906356101611112,-1720.082383729119,-2844430.951226851,14400.196013054305,-4.004705253309177,-22.211206841838955,-6.760856260279362,-0.16397834215040313,-58.13666285732181,0.0,-12744.779847464079,738.4738479591176,bowl
R1089,1089,EASY,10.0,4.0,25.636685140295334,bowl,max_gimbal_deg,+,6.330696243899216,0.4989778573153459,1.5089742780488915,0.0321858437184116,0.048266460079861,-62.81838634042124,7.210216188451269,47.792886232186376,71.45072106731321,9.219392958895227,2,0.1314997138078317,0.1850455696739661,0.1480575403818131,4.353290704644197,281.33699910413713,39.90990110104604,-0.09787201289261693,1.8768869619214104,0.16741842786629063,-0.007535650277073813,-0.904385177699888,0.0,46.109801341835734,-4.535542716613475,-0.02198380494468788,378.6246715707213,655085.9762805317,36692.72217298852,0.2750256430439779,16.78444341965411,1.7013988779585112,0.07738078844144226,24.300818384075175,0.0,7290.128308533233,7983.576161317494,plateau
R1090,1090,EASY,10.0,4.0,38.61199806300501,bowl,max_gimbal_deg,+,25.00301411685506,0.7326344258499219,1.9959412966028,0.0377843657692884,0.0513898303554933,-67.57152446223492,5.648356065853606,29.078266689985835,115.16529569139963,9.540776351972806,5,0.1472772876123861,0.0548493972849522,0.2676687649129952,2.9738031954382875,256.018349686041,100.18354969185017,-0.35969992277822005,-0.11833908102561644,0.15289109419452646,-0.10874081119617748,-3.5718591595507228,0.0,6.269462131792681,17.5142016068441,0.004751024558194983,-549.6703129925328,-455861.0010658699,32559.56504095552,0.3363759583668515,-1.8942162214414795,0.33211195979639657,-0.06377218778850202,-8.107828740033943,0.0,1906.8997573458164,-3041.90932567168,bowl
R1091,1091,EASY,20.0,4.0,29.651763309442483,bowl,servo_slew_deg_s,+,13.468546202966305,0.9481457706853704,1.886562046596099,0.027114311234831,0.1121197074054914,-48.72083824044677,8.611354156245834,42.96398414328871,104.80362402512988,13.669236739007278,5,0.0211464941322544,0.2397185416276842,0.068436549427496,8.877686734866662,53.017012273811496,69.13940076539532,0.08360950285898894,-0.8036969032281359,-0.41208882759225673,-0.13468546202966306,-0.3495319618859408,-1.386940668654487,18.200509291338523,34.8407002007693,-0.5116143194102469,-356.24081291026613,-142625.9225677003,-3098.1765282385286,-0.14505943413977218,4.716022114341603,0.7440349354192517,0.0686286164223052,13.55698944528172,369.8508449745298,14722.659288254554,-5460.834505337724,plateau
R1092,1092,FRAGILE,20.0,4.0,46.96491807673669,bowl,max_gimbal_deg,+,24.82099915768734,0.6536399762910621,1.3585075970937246,0.0348809756975717,0.0871016446052225,-38.51785464117971,5.637066379219514,34.10052270871692,60.18485286601874,14.99194086802066,1,0.034729045464286,0.1676225837433154,0.3137606956309944,-15.691725991829427,-444.3392500561946,38.67368110257063,-0.14162838546715584,-1.43639707722508,0.009865179560279814,-0.20592303197664472,-3.545857022526763,0.0,36.43762080356243,42.66359777064688,0.08186483325768634,-37.02269008528133,-154669.31681698342,8459.617590674898,0.034075855182321035,1.1627980867188283,0.6268197505886621,0.043692111972054574,19726.35623399066,0.0,8694.684868408394,768.0736723366563,bowl
R1093,1093,EASY,10.0,8.0,75.35462709489741,bowl,backlash,+,34.668731808569696,1.143545829396876,1.1646365149581928,0.0331063703561405,0.1633569899021174,-40.27803788714019,12.861497183218592,42.85152331945979,104.71539303957736,9.306097552688357,2,0.0082419340778143,0.0849781766610246,0.1437214246921945,7.689835190095652,-77.70108073187558,126.44422785123146,-0.7397990634598788,-0.23566514666348737,1.2812080649965059,-0.26671627263995645,-3.173114590889131,0.0,-138.67492723427878,63.019372119968786,-0.2681135564085402,1862.4170047684358,2419961.937129786,49021.62896542008,2.126639323539832,34.5637065666697,1.7433552365364784,0.1107134929810152,63.67764617207174,0.0,16076.933890498893,4190.307855101459,bowl
R1094,1094,FRAGILE,45.0,4.0,101.78060485178976,bowl,servo_slew_deg_s,+,82.86656458061813,1.507367690159751,2.0744563228763666,0.0251763152953055,0.1832436666164479,-45.38762371107701,5.891116370291447,39.40540456207013,29.384558120933058,8.782066627170847,1,0.0641001876734372,0.1436208060700128,0.393787274732343,-6.877162750335138,190.5706663939779,147.84603435075394,-0.6527194416846318,-1.9027634599323417,-0.879942888346094,-0.8286656458061813,1.9434682837533852,0.19180506458541885,72.9377462677084,58.140813291786124,0.09769098605268667,3252.0043367905278,786984.2113556659,3157.462538123562,0.10492773704354574,5.382276718022162,0.24085838513679278,0.12731222077971807,6.595569747761419,35.54333151988153,-1798.3541149477187,7233.895390882169,bowl
R1095,1095,INFEASIBLE,10.0,4.0,144.60717592871092,bowl,servo_slew_deg_s,+,94.54397186313194,0.7775015888278044,1.334437464920542,0.0112468917573001,0.0673909974468598,-64.02663617616415,6.3174108047461015,39.86428017287616,35.90697267113756,10.742070982516326,5,0.0042239528616664,0.195979483650875,0.403391403253606,-2.883669160634677,1239.486315739779,156.81507039404573,-0.5250549920001273,-4.406911772833701,-2.3451058028768643,-0.9454397186313195,1.0338915855586461,0.0,70.67381226139156,153.67234517480833,0.10241740881424377,1557.6621917223135,1367931.5372965275,51191.62881831569,0.6592161057148065,19.983579790714746,2.5651300966201007,0.19069537089202498,7.816762015050014,0.0,14989.039357598242,16998.130976221124,bowl
R1096,1096,EASY,10.0,4.0,40.26718350038411,cliff,control_effectiveness,+,21.918067079844736,0.8101395220324565,1.4642993440794978,0.0135248246390499,0.0646360730754734,-59.09167170597306,8.604471241317494,28.7702872180736,99.83634026014,14.573284474674512,2,0.0899689604877943,0.009638027224953,0.2444077579669842,1.7354397245881081,-176.3122399013189,-16.554510327735752,-0.003910473438839657,-2.435340786649415,0.04770717308264967,0.09198654853398511,0.8674723250445587,62.00756398583452,-6.9539064593143,74.38495698003796,-0.4970454841202643,-52.96516140688147,-259558.49196564266,-19306.60821081663,0.006745665014260882,3.8808181896206375,-0.3189323068344115,0.13211764410385493,2.426746200720276,-16535.350396222555,-13351.94693547195,1310.0808186259608,cliff
R1097,1097,FRAGILE,10.0,4.0,84.24683197816115,cliff,control_effectiveness,+,59.86284877799862,0.8294601336883192,1.4146027795964753,0.0175335387594635,0.1083484877359089,-35.49382697061642,13.119388267117664,27.82413591554382,60.75942681049774,9.755632825330846,5,0.1195992755823043,0.1031609121573572,0.2466155956041276,-0.8987309741115419,-135.34193584962324,-227.0820636713972,0.08321103483216952,-6.651427641999847,0.3658866884717721,0.36274764151561484,-0.016035745181498702,0.0,8.339341942351448,-10.81140508085773,1.4278345308712765,2651.265586696901,4564120.084188865,68654.51428537302,1.9951877435861816,41.336311871260406,4.67456498209087,0.41029171391648317,48.789122085943575,0.0,45873.62676446491,32343.538464533136,cliff
R1098,1098,EASY,10.0,4.0,75.61234552249942,bowl,servo_slew_deg_s,+,34.75871769279881,0.7119309841679639,1.2417147207150516,0.0343592732827464,0.1396359595316564,-30.843437211374784,9.503998154546576,47.37024772325484,84.50063219300183,11.259879898232292,3,0.0268162375210626,0.0912230992333916,0.1072938379476124,4.871299030843137,-239.68798979302392,-56.98417056899005,0.42615924599310406,-3.327268994002821,-1.1115900714893292,-0.34758717692798813,-4.524145624209522,0.0,128.95661284572117,-42.67812688227731,0.3536547706904307,866.1821973989199,1014316.7091635225,3568.6221122045163,0.5936931097118088,8.171988506278923,1.095117821296538,0.14917844860517115,18.172087297794704,0.0,26546.560035615683,6294.219692756197,bowl
R1099,1099,FRAGILE,10.0,8.0,162.40589261258046,bowl,control_effectiveness,+,77.40191020927685,2.20411252229594,1.7004997039439491,0.0119661619957132,0.1954608996168145,-68.13196463790553,10.276524651945252,47.25148310455474,103.8196666894946,11.93059644794116,5,0.0085912655446728,0.0857948046134143,0.0923017715381955,-8.604285371013447,-2041.1134637475445,265.6901054493226,-1.103490087639876,-8.600212245475205,-0.5349008080695598,-0.4038921094601484,-0.3348914985164929,0.0,-308.3854050065922,-158.05597406202807,-0.2811391289041856,975.7142011916842,-626486.3870280233,74503.23564055597,1.2267454212240667,2.272074654018873,6.967002405154912,-0.10274143241461133,33.49257789602523,0.0,46798.81347270576,-11432.13107771341,bowl
R1100,1100,FRAGILE,10.0,8.0,92.07893727073177,bowl,Cm_alpha,+,65.3869487388208,1.3663885306148031,1.364923729329693,0.0143311707903646,0.1667863061422717,-49.09928063844359,5.493626591543906,46.49261569479117,86.71875761504315,11.0304157753757,1,0.0591456537237544,0.24978959243107,0.2411969149776806,-32.71773965188263,101.69422913019413,38.867871850742176,-1.6346737184705202,-2.347255665052939,-0.9940733233599814,0.01871811409911661,-3.3989059012218052,92.69237596395085,-96.19473270587719,-34.16553456994455,4.755751072256386,1079.4381829494216,234002.92234809775,-1893.7622835302436,1.4548104498402403,5.811465422128128,5.055118328401413,0.11813247691971249,23.113675140078506,24717.966923720225,30126583.51130781,12739.901314658546,bowl
R1101,1101,FRAGILE,10.0,4.0,34.77225655906465,bowl,Iyy,+,8.312444124683594,1.4004835091140737,1.7891720632689596,0.0141999950548043,0.1140777267379636,-68.87531585404444,9.331904235880684,40.741243652085856,110.38402046327354,14.510630290953769,4,0.0291370316595215,0.0702652619984747,0.0695496266430086,2.835541769713225,-277.0814708227865,16.7107166761563,-0.1134288806309292,-0.6899997638261202,0.4919622362974415,0.09004207584917641,3.5635578461272486,0.0,56.39520965753037,-5.447623466597515,0.2601367614938006,236.03348144064762,1431771.8885988677,-3665.9112533542298,0.762656600455185,12.201242165611308,2.86763195295688,0.1424357433647871,24.785932158655502,0.0,-12306.006890351995,-1064.3929034811645,bowl
R1102,1102,EASY,10.0,4.0,61.53629258248113,cliff,static_margin,+,13.329925069604903,0.620875241751412,1.5895064363184512,0.0195402535365448,0.0726952376202999,-42.70625326039903,5.060476907883039,32.362907823036416,70.28235350383599,12.09781865849853,3,0.1276665405729471,0.0519468676551873,0.0902619509703766,-7.294612867403354,3.8532907360644373,-66.64962534802451,0.6036324437214293,5.541660593107333,0.5805684803043925,-0.08790429250896273,1.1718445498139956,0.0,23.82527716831826,-21.092887113677047,0.8084398159388066,1249.8327237894425,1059520.3314418616,17223.125194945165,0.3442425576318795,986.8791586712609,3.834872836739943,0.10824547922972211,60.00986791753993,0.0,20684.23026776066,14334.492434450633,cliff
R1103,1103,FRAGILE,45.0,8.0,71.09658307126675,bowl,mass,+,39.020181416804036,1.8246801542668876,1.1564175598391269,0.0166911343389827,0.1878938282823662,-52.751594486008926,6.626152400497157,38.19302637671794,93.46191554604336,10.820116590944998,4,0.1146683910282603,0.1988023064958145,0.0739310827571189,-32.51681784733669,-35.249453046768394,73.62651781458294,-0.47010164329256465,2.262485641000233,0.46603779457720196,-0.028383352110632566,-2.9731150359905514,0.0,-44.08541529241705,107.45858381615491,-0.25281269043360854,1125.4874362218552,736815.057965202,62450.3215765792,1.382033019358004,23.003595348848368,1.4734229090939777,0.2191588414990627,65.9827209175206,0.0,37020.80118450232,7870.26546906156,bowl
R1104,1104,INFEASIBLE,10.0,4.0,4043.336044921625,bowl,Cm_alpha,+,1982.6526302784634,2.692902192157916,1.1508896087662626,0.0178082705106331,0.231794002508889,-59.73715349561833,7.8415157188039295,34.22264999741876,25.91735107932923,10.904082648094326,3,0.0187599082310147,0.024799310820179,0.3675903855462828,-804.9460018653612,-20817.639902681207,11886.594804294264,-49.566315756961586,-36.66394839687695,-43.544306664436434,-18.291842633586537,24.354520636667164,0.0,2265.9819916538368,1682.8087193962488,-0.022348555180116136,-3476.5916043498414,3243374.550302097,443162.38756112126,10.478427556902545,47.51741103740949,20.40774042946363,-0.030210547569045048,218.95953732835002,0.0,-62738.79949458972,-21522.990545129618,bowl
R1105,1105,EASY,45.0,4.0,51.72945017061398,bowl,servo_slew_deg_s,+,17.613791649769652,2.1470897885998905,1.9801195473029491,0.0325715270513869,0.2258730772647832,-55.30043360535491,6.481950352780693,43.807347183193386,48.857999332153405,13.763239672567094,2,0.0116629088719068,0.0031152698180728,0.2983675332726233,-13.873812200830248,-423.31642426996643,33.93125158042036,-0.17575561956738883,-1.5687830575790012,-0.39005661053607243,-0.17613791649769653,-0.44050702062677355,0.0,10.101907030385751,97.51400672009504,-0.2010546327036391,-87.57016228379432,-1016193.2368886443,14324.170987704267,-0.07613477891781306,-13.211045615255454,-1.9329010588828788,-0.022469802407735634,-23.470676673908134,0.0,19725.715625813056,-2746.606154862746,bowl
R1106,1106,INFEASIBLE,10.0,4.0,787.6295234305801,bowl,servo_slew_deg_s,+,477.27815852041226,2.3481819288183736,0.9816388025926036,0.0113958683541939,0.1914624225839949,-56.11129686429268,10.931012186736332,27.093529609293437,39.530589021958384,8.201638324364847,4,0.1237772875600789,0.1011872881848004,0.3501257437220309,-135.5147818218035,6395.75119856798,1725.0250948371117,-3.412457242948623,-11.408322192286896,-13.104348190313612,-4.772781585204123,28.385828305530456,0.0,13.61350569705849,462.89032126277294,-0.15842677833280305,-3871.1252258378395,-12171680.025192492,-83313.82215440682,-6.570686470137215,-54.76712181277837,-7.245913359068891,-0.4636074159352683,-296.55988197434596,0.0,-107288.2166271325,-34347.9893761591,bowl
R1107,1107,EASY,10.0,4.0,59.306815938657934,bowl,servo_slew_deg_s,+,29.812643094360467,1.3952067492474185,0.9991070784149566,0.0323944621408726,0.1665633498783292,-38.064932392668496,9.661026535587832,26.729647964089644,79.97416282965128,11.916708285626116,5,0.1326245350718665,0.0731255608124071,0.2232533133106543,-6.7274087238697655,517.9478925721681,112.6371177249036,-0.08068065494464971,-1.0517075773231592,-0.38597130294484644,-0.2981264309436047,-3.5555550620077914,0.0,30.66319626109396,76.7735064686415,-0.22612468024584587,-379.125979044423,-251189.97142557273,2717.1342521261226,-0.39669044523570074,-11.020830292502062,-1.2902535576756702,0.0478135456155238,2.3600324380876123,0.0,-18045.372587057835,3787.913295974894,bowl
R1108,1108,INFEASIBLE,10.0,4.0,110.78623279323148,bowl,control_effectiveness,+,64.41768477308312,1.203749899038605,1.6140268980147634,0.0168836741793338,0.1901826777318419,-34.33224009156845,5.168241280952435,38.08333976366039,85.18605584089372,14.600277748422789,1,0.0919757160803341,0.1683310348705332,0.3669144035507976,5.073793287626518,123.60619143725411,122.27102110450623,-0.3110396565553426,-7.157520530342569,-1.9333265851498709,-0.5996118568048813,-0.9404242983957757,0.0,89.17706651792477,72.8234412347893,-0.27270813066255073,-188.68405489882954,-1273752.3709326922,-15938.433097814986,-0.6786060876553481,-110.30152819029703,-1.4342647275922717,-0.09720335996397977,-35.91576392215923,0.0,-11920.013736485476,-17765.80373810037,bowl
R1109,1109,FRAGILE,80.0,4.0,87.15289292418973,bowl,servo_slew_deg_s,+,50.30535992322811,1.9772523902223316,1.4415650291382802,0.0348192986853284,0.1722476606836689,-65.45526480474082,13.57508154613175,42.08554657436389,21.50280674195973,8.6364709457554,1,0.1484742794806761,0.2437617810085063,0.1189417132017442,-0.4795951914743427,199.17191761060516,236.21834374022197,-0.558812622288217,-0.8003195778330625,-0.6201424660298833,-0.5030535992322811,2.5052759717473143,3.103969576781068,45.729839942129225,98.9526820425579,0.1733074766935605,-393.580645410478,-692975.9075494605,315.41525322554105,-0.26469138901542344,0.4231514334457724,-0.33964927803903605,0.22577288229758202,0.7655332372405133,-12035.090580280747,-8781.80252167419,-4468.548298564488,bowl
R1110,1110,FRAGILE,45.0,16.0,66.8895728795783,bowl,static_margin,+,29.15707222381425,1.6325032938825383,1.8818485726174896,0.0137920607668023,0.1452377324064436,-56.72271575439953,8.419900304919908,32.96295786933917,62.06874837090939,11.801603838366171,2,0.0928334442501376,0.1027582567495396,0.3453196852125993,-6.142863596296354,-881.2953539328711,-145.78536111907127,-0.1701596002467074,-0.27113751543721437,1.4427856671440942,0.3451253560980577,-2.558684778709685,0.0,-4.216974615270034,5.246984506668446,-1.478856937749942,-1008.3781944471767,811519.0239882059,17235.44063480802,-0.7317001461780279,-17.14653791719484,1.30130159923125,0.02407646110162993,-22.64109303781623,0.0,-7039.939198322353,-9702.881343074985,bowl
R1111,1111,EASY,10.0,4.0,41.63287043180758,bowl,mass,+,22.523427544609593,0.6917420465949721,1.4108034821816078,0.0304494420192211,0.0688702834238813,-54.666124077945504,10.1475533963055,38.34187210039752,100.84099448221764,9.602679435079546,2,0.0001862537618784,0.0720290940201721,0.0851829727951063,-18.769522953841324,-307.71701359790177,29.010565060482524,-0.3986867245451169,0.41670067893255697,0.19722271866416569,0.10222787839506964,-0.5551415618306781,113.23442935117538,-38.47861971923259,-44.28380498280521,-0.5685234899411404,851.2629135956697,618801.1886647079,-2424.056377966413,0.38001469712460656,0.5832363153303499,-0.6346128763286578,-0.0038974592220596092,2.835540957274781,25088985.931257553,-7960.799592711309,6051.445602054101,bowl
R1112,1112,FRAGILE,10.0,4.0,125.66459661728507,bowl,Iyy,+,79.94048983137179,1.8904274777403187,1.6165437001494185,0.0197920292043983,0.2322522792364028,-41.346005062685,6.199152054974136,33.39860988109571,76.77489385713082,8.110592364954167,3,0.0686129356911609,0.1443621367610398,0.1443136477413865,-1.8086139301956297,-2664.68299437906,16.594154269734734,-1.1324728307025436,5.131348043184966,0.6659796402283803,-0.4542201632796936,-4.772074179967214,0.0,167.02182034834038,-2.3156838105234265,0.5263224190223426,1522.3565385571071,4190896.8954636976,-23946.418310784167,0.7762990907227341,16.832639562331114,2.1855058193406545,0.06592791824983828,421.3373415689755,0.0,14962.897068630862,13213.527982701406,bowl
R1113,1113,FRAGILE,10.0,4.0,85.5946403969842,bowl,static_margin,+,46.49189542968712,2.4296189854217136,0.9798428876670638,0.0163788032647867,0.2340286277839669,-64.32610488250928,11.95538970120096,49.69326055097472,117.93845989909664,8.327312341589872,4,0.1397829425864973,0.165457483089018,0.4098145483813575,-18.551587697222324,106.62424072113934,-232.4594771484356,-0.11054680158131602,-1.12821851123684,-1.2884515428520151,-0.17382498471775853,1.1580788383218101,-91.11560307992758,214.66751121666962,-20.015827623056275,0.8290518367193682,130.93371699163495,-60127.47495386727,173995.4623797662,0.7174306550100547,17.87889447453224,23.055739976139833,0.3465611945201136,12.523865579590705,24297.494154647335,36855.51354962383,11585.978813468746,bowl
R1114,1114,EASY,20.0,4.0,26.843033541699125,bowl,servo_slew_deg_s,+,7.8019185010934855,0.9616237157688106,0.9987869712099574,0.0310478864380607,0.1152634927399363,-43.136389522389536,13.571230219763343,34.60366999975495,61.30831614241362,10.68934167936932,2,0.0342198884242436,0.1182492813589295,0.1065662204932644,6.439776485667226,-190.16526607555312,83.94512197285285,-0.12207887461828637,0.3098104019477262,0.24718928797766254,-0.07801918501093486,-0.9629317789757137,2.613887151002281,17.24016564867711,30.77834975762203,0.1054304464864746,81.06252290526038,328034.29444230814,131.36057614127074,0.40935234915392815,6.454749613666356,0.4048243269981356,0.09673736042345701,17.15271698077832,581.3616295545879,14073.845937217568,-3731.132410528029,plateau
R1115,1115,FRAGILE,20.0,4.0,77.31123858262958,bowl,control_effectiveness,+,36.065213749863815,1.4923094481864485,1.3993261231770715,0.021034138330971,0.1276621095153715,-68.41704410519355,7.062228502342434,44.3400549319497,48.25534930578107,13.623872987374089,5,0.1122821693565348,0.0237931112560332,0.3170452108222968,-11.87952841389173,-172.37210297315983,102.47391952946934,-0.024967408641809127,-4.007245972207091,-1.2866612336811194,-0.35908941514202714,1.055668382201688,0.0,117.68221883905633,69.86692261898598,-0.03987105884535502,7.43129955828899,-145788.60907471355,-6858.018065404881,-1.02053143752614,-6.905778665853996,-1.537109302633147,-0.10765314575497996,-24.87965157747952,0.0,-7479.50873965148,-2561.99741931701,bowl
R1116,1116,EASY,10.0,4.0,57.15284423898126,bowl,Iyy,+,36.796317386894266,1.441236697081787,1.3327404013291997,0.0382387291288506,0.1277964159284939,-53.33414364857371,7.747557405291013,28.94934450796056,116.64599025995302,13.093391893640751,4,0.0571256677903484,0.1842097171193877,0.1520435962667547,-12.497326077314078,-1226.5439128964756,-14.737567486654775,-0.4575828667883345,1.7123340028671603,0.6299648752519766,-0.20022533206378804,-1.2100142075020897,0.0,38.27704709877255,-42.87529738227275,0.07150373264384369,-362.99846368447146,572092.1893496733,-11671.880633248371,-0.030650772541524374,3.159322936610117,-0.39806893165645446,0.2177004661487261,-17.302436029707113,0.0,-9296.661760957733,1697.3084654461097,bowl
R1117,1117,FRAGILE,10.0,8.0,340.0719551965564,bowl,Cm_alpha,+,127.9401592887979,2.9975610250151985,1.7662266677512024,0.0201723518775262,0.2353224951665577,-65.29716929242048,12.3639635210897,34.01268278852762,116.94917408237036,10.279597259625572,3,0.0576917198322135,0.0445081468559458,0.2391078081109934,48.18906808197651,4543.658334517487,1157.7878546086188,-3.1985039822199477,1.7130291132963864,-3.2797778686911174,0.4939903352960637,11.995140439580569,-559.8108920957565,46.345927154997504,25.028928935423224,0.8500739228994165,8221.414234511973,9258587.313366957,788686.6325042412,5.246235667493924,8.660596327033527,9.221483912649042,0.5811092307488219,236.48331563164604,149282.90455886838,305519.73051477683,-1514.4930868442923,bowl
R1118,1118,FRAGILE,10.0,4.0,42.7204707848912,bowl,backlash,+,20.95594423131116,0.4953258810008788,1.3669249238044794,0.015012781033263,0.0761376233470474,-39.78689083363336,11.501628400311798,48.41254933611397,80.43300925142972,11.201128192558112,2,0.1005908671625389,0.1853677026030762,0.2672336150723729,-7.51837702123929,773.4831418685113,42.1962000222096,-0.28416573294386627,0.4706248308480896,0.01586400847444409,0.20521118849653722,-1.6056235354717725,0.0,-83.82377692524464,-0.7183799057776323,1.0763395960198423,1083.7220846422867,2048358.5230162677,262.9189188271222,1.4754231553012085,10.999997011940016,0.6532145537037479,0.07198718307153662,55.07750415175601,0.0,33178.44757053343,418.66806138087946,bowl
R1119,1119,EASY,10.0,4.0,49.67375614017025,bowl,servo_slew_deg_s,+,30.308729615995723,0.4680671784477553,1.444119068015577,0.0346150708585165,0.0704593732450193,-39.68455464912323,7.704607689411612,46.19187088500476,119.08412953180724,12.243594982417784,2,0.0307071205752107,0.1120888877641104,0.2531722389079984,-11.411318773687574,113.1796396372441,-17.556291623655664,0.023325082795412566,-1.6827174500966633,0.35028284423089495,-0.3030872961599572,1.2593409296967715,-26.280774820828224,89.89053646035033,51.98011520876662,0.23900347326124827,-467.10704846897636,-38272.241762649326,-32805.34677665511,-0.5538139342208543,1.9859786225588585,-1.0487605614023294,-3.2382419572968355,0.7418611602503249,-7008.2066188875315,-14458.841866166104,-1048.550058803495,bowl
R1120,1120,FRAGILE,10.0,8.0,113.44750580913605,bowl,servo_slew_deg_s,+,38.642963612032446,1.460350644565797,1.510822003140064,0.0100257696023653,0.218839852979,-33.81452416841117,13.937388604902251,33.23582421986065,109.59758965576786,9.939591895895012,6,0.0972123257486421,0.0355569585984969,0.1822939890199592,0.7860969717778048,22.01576915142274,88.28126386365442,0.7033031302391053,7.788720181346226,1.2276598275947337,-0.38642963612032444,1.9690123404487871,0.0,242.61225625414008,58.52560609539738,2.622215117703485,-456.0370712364596,1541360178.0837321,24296.368041746995,0.3550453771924169,157.60165094505882,0.5064895063864492,-0.034413900852254785,3.8273452875020184,0.0,23651.064121938904,3289.8520835848594,bowl
R1121,1121,EASY,10.0,4.0,47.06720125813784,cliff,control_effectiveness,+,14.039432187661905,0.61977472171135,1.4522213795636447,0.033672376003412,0.0419336142508443,-69.29449811123803,11.44696920578231,28.45219246254321,49.50431218968306,12.835095161437724,5,0.0178672404001579,0.0147055147056557,0.3354560929815007,-5.462776388555463,46.304745365544925,191.9089149888559,-0.07066771434563653,-1.5599369097402116,-0.1448253793741788,-0.07694263014605948,1.2593327814787931,-24.67580650637166,70.17844294662832,11.35449163283594,0.0016450823617615296,120.51270796930434,558866.0505946482,490201.212186859,-0.36541381786998234,4.363885712040597,0.3266721128505924,0.015929347960065014,5.368649884170503,-6580.2150683657765,5650.903619129973,-1310.6050386266375,cliff
R1122,1122,INFEASIBLE,10.0,4.0,689.662023780385,bowl,Cm_alpha,+,309.8058227009992,2.93101797043806,1.1596299616158583,0.0123866348394759,0.2172993330555688,-63.01896781724889,8.568990809623255,28.2542479934148,76.53468417387982,8.790522062663557,6,0.0735625282080104,0.0646742563686747,0.4215781108288642,-153.9621571237758,1168.187969209888,1113.360945533885,-7.74514556752498,-20.94833181595158,-7.100825165669084,-2.058484626157454,19.715661247326512,74.66038904903857,175.75597937127117,1012.9578731666907,-7.4539973948950475,4306.220890434959,7193567.356276606,112900.22524647502,1.9385693242090465,98.66408067501368,1.3821559395991516,0.5913614640497566,133.9816042415051,-19909.437079743602,61206.992741017086,89879.42585328863,bowl
R1123,1123,INFEASIBLE,10.0,4.0,3701.7988531630363,cliff,Cm_alpha,+,1395.80273326439,2.8878930062548114,1.3183224096590918,0.0205480808712821,0.2001318851530919,-69.82458495057747,5.988895833358055,30.3073843995912,43.27909538767463,14.529081756727766,3,0.0137341763233434,0.2476153920821159,0.2268024016850559,-452.28161645849485,-19542.566592930903,14705.483435681545,-34.89506833160975,-19.78323555209467,-47.074499046609596,-4.061567674870685,10.851117153565621,220.21081126734995,214.12929673868692,2338.9608827018583,1.7831803639902546,4209.708541045932,8074139.176432645,550226.1714559491,-1972.0897524415998,-42.908101960913704,7.71588022684904,-0.44701175286965733,-4.46813427621349,-59596.71928890202,-153768.53642428562,47319.26223644555,cliff
R1124,1124,FRAGILE,10.0,4.0,68.23094220534776,bowl,backlash,+,11.778611081785401,0.9489700314763092,1.2835462187656543,0.0186838232501797,0.0988740011822463,-53.69831812825026,8.32737589465153,40.51743531732282,119.47799299964264,8.069135707403865,3,0.0630159290917623,0.0334693625214699,0.2819503924325925,11.72913243836843,704.2497451998725,-24.24975683961116,0.26124841073849536,3.232083878147971,0.06107012273532586,0.5212691663624905,-0.5258442857286556,0.0,-47.114444327141605,31.650041503649877,-0.45438281853530116,-194.44937552477487,-314134.5532328761,-22577.52495492033,0.20126583257026986,1.8547770610031968,-1.5172456019868545,5.498517180279584,-228.79410505851203,0.0,-974.5199057388963,-2991.6293200108425,bowl
R1125,1125,FRAGILE,80.0,4.0,60.27466632475208,bowl,thrust,+,41.18664150266921,2.5568458149363567,1.8374773671179767,0.0353252014045834,0.1984686364635552,-64.35926249839189,13.446324807923194,32.3041387845104,108.36503738011127,11.89414448820395,5,0.0858217351499909,0.2172718145548687,0.229764347962113,-16.283789300704058,-24.426380424186412,119.2807686236155,-0.3618967730174658,0.4661755100996727,-1.6474656601067685,-0.15744669357591903,2.2430340926381827,0.0,60.883416005300234,-14.1329166601131,0.6458073028036919,379.98298656747045,605245.6057088542,-4768.75414278001,-0.08561763860185234,-16.186825571151022,1.2307685804838582,0.058293660284106326,4.246476547106589,0.0,9327.173407299966,737.2875154651134,bowl
R1126,1126,INFEASIBLE,10.0,4.0,406.91392892478194,cliff,Cm_alpha,+,203.18744146831915,3.3835185857407306,1.0841708069683706,0.0136173150016657,0.2370722538626033,-68.57440495106798,13.991544046623703,29.882007946560165,86.40549103362434,9.004605122096297,5,0.0513976858258746,0.1736732282136686,0.079877052469119,33.01367598988542,2467.838040348661,1291.9692785215989,-5.079686036707979,17.514091212371415,-1.814404739945023,-0.23249347824051725,-1.4399217084771025,70.77313490950085,114.90098503873189,-370.7428455458307,1.6192817893817768,-2257.830027215145,-6792179.725378453,-230307.28291544347,1.1042275734311622,-49115.67579376839,-10.951856865724654,-0.48570408194736076,-104.52166691315064,-132017.43400040249,-92428.26483486174,-72254.3499431094,cliff
R1127,1127,EASY,10.0,4.0,25.699546339651807,bowl,wind_strength,+,18.44930113907044,0.717138335968569,1.4512494272393277,0.0170122433556341,0.117466503762265,-35.72834695160178,7.472448850930732,44.331192150815866,116.54866657958976,13.672485223048175,5,0.147895549019337,0.0192622069117096,0.1199254298389775,6.531465345748364,-390.4831401515365,-35.96154515240224,-0.17353055322314614,0.23678568492945562,0.012416488264805282,0.026803075546788922,-0.444644584235884,0.0,0.41306911062626744,-46.12325284767609,-0.5874396995736748,970.0268944175843,1461218.6991992781,29440.10696009195,0.39067298482367563,17.601797865845253,1.794629197597319,0.011304183166944861,20.583497118992014,0.0,13286.914413415645,10322.59072941399,plateau
R1128,1128,FRAGILE,45.0,4.0,48.75603378555376,bowl,servo_slew_deg_s,+,20.308321397480444,0.5425922218438726,1.9687383336692643,0.0206724789852926,0.0468773459517939,-53.13686471821666,11.235456405257938,27.27923026262403,113.60120803691872,14.7603979934185,4,0.1363863047028721,0.2175891173271954,0.3245141032622966,1.0009713237959508,84.89881898193426,115.99467047359052,-0.20386098024316546,-0.666916106113981,-0.014797692195646306,-0.20308321397480444,2.3266387425623454,75.50885024885953,118.14547047128937,-17.679792462193895,-0.8532807201280992,306.8595164504328,1476317.2458347986,32900.12632674125,0.06514274864561376,-2.297731982373712,-0.11155928915601293,0.056443966069526466,-14.2431408307502,20135.693399695858,9018.90510451171,1775.4298913170542,bowl
R1129,1129,EASY,10.0,4.0,55.32993981646101,bowl,wind_strength,+,30.47122667705154,0.6294243094986596,1.5552523237345377,0.0180024367387227,0.1119561650605084,-33.36338252096038,10.181684790304692,45.58379826983896,29.986262347908365,8.995946954516487,2,0.1087745404366391,0.0541699516537413,0.0505676744971434,-10.90016856627743,447.69235206063297,86.66496451496108,-0.1980075390966871,2.4974051901796437,0.04007997945169102,-0.03262874742631228,-3.9804567920119056,-0.4429200175080088,44.73088993510738,-76.17806669262885,-0.39449355104620976,1953.4239229199131,3518113.1154290168,54706.01949889705,1.1635617802739235,33.90470745844976,3.72773684816586,0.17440013032483673,80.36124410019583,-118.11200466880246,42233.17295195442,20629811.6262442,bowl
R1130,1130,EASY,10.0,4.0,22.127702181335465,bowl,control_effectiveness,+,12.832725685220502,0.2933008517041091,1.9736743880395984,0.0253930255024154,0.0494741953166308,-34.35958147389129,13.167044601199931,43.47983803894846,82.33939037295758,9.457642438669176,1,0.0952508935801694,0.1229473709897815,0.1884282887580138,0.7271199789380778,-83.29839397714781,-40.05222502701427,0.10706534176459215,-1.4258584094689448,0.43047238817214045,0.08312169444697544,-0.6648963467298666,0.0,21.479964540783886,-0.46414485004704376,-0.8588192263533472,203.8897476907308,-397739.73613424564,7457.781864615765,0.10748957978103713,-2.3585003051209465,-0.8229545720851723,0.021379292914242464,-17.924746972048165,0.0,-302.7331203667815,1322.6094599836294,plateau
R1131,1131,EASY,10.0,4.0,33.46630642158544,bowl,wind_strength,+,17.198995473527493,0.9780882846578902,2.0529775390545595,0.0300982905638657,0.0752009971502595,-67.87921482847304,8.152486760919057,35.25543371610327,49.13148465187291,9.52749693978758,5,0.1372661189447101,0.0634726904627016,0.1906457835191351,5.8910766038509195,-48.60848481107817,-33.2218799683466,-0.04121719597378126,-0.10400620706873945,0.6203979237515945,0.1498025001428005,-0.5481677279183218,16.907007098226842,-61.73788213460202,-42.99748868381873,-1.1333616459249145,-1557.0335656286513,-49972.17708101385,-41420.84402628166,-0.37819826981920057,-14.886785039429824,-0.6903096617947164,-0.04594818077204936,-18.683056345384173,-4508.535226193821,-6584.794561663441,-3438.578541284635,bowl
R1132,1132,EASY,10.0,4.0,36.40993023423616,bowl,static_margin,+,18.341879896529917,0.7259939945641265,1.8890408685828155,0.0277829830772756,0.084576523874677,-44.92763691155604,10.449416294914272,35.45864342095811,104.0118689108835,11.88919682234034,6,0.0227155321294751,0.0544459706577399,0.1671202226896442,20.5378859583041,3.5943685781563857,-91.7093994826496,0.14613922180511585,0.5649246781413462,-0.23136459302664356,0.1300701002506762,-0.5891604107079212,0.0,-34.5418906391506,13.13604339359112,-0.4773666651240811,-503.37896168381513,1557047.762866516,-9618.174465702405,0.4474330674276721,-2.0791168635565005,0.9850741107969173,-0.029133355379777192,-1.8748015776924545,0.0,-24220.55668486859,-5272.174086565335,bowl
R1133,1133,EASY,10.0,4.0,118.92949099006042,bowl,Cm_alpha,+,50.89789280028258,1.636753087908433,1.7514774941264877,0.0342758539906356,0.2174212874519703,-35.62612407980655,8.707564286621174,28.98920448041365,81.74649207439904,12.709497945694384,4,0.0356093907506759,0.1071258510467998,0.3298443353055184,2.6396479726721815,-1153.2402280614256,40.069080903509985,-1.2724473200070645,-4.676791258553907,-1.2686295306382576,0.15208209589806412,0.8554569402000728,94.6471979439141,146.47123557779742,188.6678150127743,-0.4858912402713802,1791.1572461295905,4184143.820441463,65328.573784926775,2.5067553421791686,27.84272822308581,5.197299398665913,0.15667313811240305,27.11409237276159,30765.073312770488,40837.681205222136,22412.268381940277,bowl
R1134,1134,FRAGILE,10.0,4.0,37.98923885732045,bowl,servo_slew_deg_s,+,29.366284104994953,0.9973402638839975,2.0356758539855955,0.0142294010153538,0.0907761048400837,-57.5540616930428,13.477865638989076,35.519733208696394,84.88143053078545,8.389533790625396,4,0.1446681297639216,0.1422892895843154,0.3293436403405951,4.091262750536947,-93.11966969462034,-4.80561229322323,-0.22545968186136855,-0.03255612705315065,0.47922428455964194,-0.29366284104994955,0.31692900225211096,-81.22298146001755,-26.941666530526984,-27.87206234627979,-0.19327942301977608,-287.8659963004922,-1800608.0988594906,-25598.140512301503,-0.8581836926787327,-20.318750594028394,-1.6851450063414775,-0.07826365057439752,-14.905054577924894,-36661.458941796845,-32009.004263855666,-7345.641681439161,bowl
R1135,1135,FRAGILE,10.0,8.0,51.3237629936223,bowl,control_effectiveness,+,19.90947906369134,1.916358288540724,1.6536046089939953,0.0143175299117888,0.1713466709333437,-64.7162224047369,10.91289256061386,43.33966977607007,108.9273823938763,10.466743171726067,4,0.0892507861519581,0.0285398158746612,0.1340972684154616,-11.467993878001508,193.48908178700276,-89.1948239763925,0.3814238108824701,-2.212164340410149,-0.6093087859595169,-0.15610256451349222,0.8256712062825914,-72.52828397103836,30.792895269904935,69.68325821693394,1.0943498096736093,256.8600973435367,-1514502.2685121093,17980.36328733079,0.11438420523661041,29.229702908185658,-1.599919298778342,-0.050003936105460695,22.34005114594417,-19340.875725610236,65137.2685300996,2420.079429347385,bowl
R1136,1136,EASY,10.0,4.0,32.76906915797955,bowl,Iyy,+,16.15549236429337,0.7781777739097114,1.7083889346380414,0.0306111862244572,0.1143690286734699,-35.866415764921186,5.907148356338795,35.96636394806993,68.60693519428841,12.233215354047324,3,0.0743178758948187,0.1247574003204266,0.1547151973946599,3.5753509471148126,-538.5164121431123,10.044535938886261,-0.07387893946586699,1.275719747680975,0.16890453072825568,0.16106462289391282,-2.2493153366118115,1.806224543767123,-42.65340629449667,8.242661259961851,0.3912762314654872,216.39093406635783,727504.7027433314,12271.08603461601,0.13459604271133618,4.502621011330091,0.6338563746160688,0.06116125374246284,13.436504337753837,-481.65987833789904,8596.316977880475,54.79888349622642,plateau
R1137,1137,INFEASIBLE,10.0,4.0,142.96437912359707,bowl,servo_slew_deg_s,+,106.30527598995461,0.9191561659745654,2.050057074379576,0.0109725121270407,0.1198747198554742,-45.707167140638845,7.444949583367483,45.99457054535655,33.09542418039827,9.084176427385428,4,0.1187826190367249,0.206998675075299,0.4466171713091552,-22.765100269086673,-821.4264241522435,69.02420767540164,-0.9943357558725987,-1.854366463751292,-0.5916024969216196,-1.063052759899546,6.634204468382431,0.0,79.22319661018115,136.1475895771064,0.6199785205690471,866.5304620158353,1820774.9733479111,26814.76812809556,0.2768220268977357,5.861003643219435,2.0141222352798307,-0.037754123852862025,21.226798799082367,0.0,-5356.600468865954,-88204.66969926393,bowl
R1138,1138,FRAGILE,20.0,16.0,58.020923963143424,bowl,backlash,+,35.207744742664325,2.1615511581467817,1.656769999623518,0.0165051349518753,0.198729455201657,-58.958697625752215,13.24176670070759,38.03212282744063,114.60024114576822,8.610949542286601,4,0.0217022770132728,0.0488888791721169,0.2822715090737059,4.786418913412571,659.243087765801,44.496607437070296,0.03771892196001403,0.18213251535553363,0.4745587665584587,0.3555518285841096,-1.2918672542466718,0.0,-140.8309789706573,-28.706244836231782,-2.1028188958141443,-1359.9602299889502,-1087851.071797897,-30979.555296387138,-1.2681308351668548,-12.26950240451389,-3.0268008430394384,-0.09869862676774588,-42.73288146951868,0.0,-3331.3523660987603,-7722.187822041792,bowl
R1139,1139,INFEASIBLE,10.0,4.0,118.20495233083847,bowl,backlash,+,69.30524153809228,1.8747370904176996,2.017046055074644,0.0350129225398861,0.210565320607315,-52.937370230291656,10.665424736839013,45.75926411055816,66.17233922268558,9.61926148532708,4,0.1073369773776922,0.116754387425765,0.2040243432009186,-17.201171777785024,-671.3160800569398,103.68396649844796,-0.9262462750506306,1.5367257043238192,0.8022773909716214,0.6425020018535721,3.210127289955194,-9.708809278106528,-277.2209661523691,90.35027419391706,-1.7928724919752979,-234.1274442777853,22803.609439245185,-915.5397586303576,-0.5149579876487844,16.457041753315305,1.0411053888442632,-0.03234474284680026,0.8984983163931989,2589.015807495077,5116.8767082811455,-7215.069589872698,bowl
R1140,1140,EASY,10.0,4.0,49.98913371245403,cliff,wind_strength,+,45.582040587466025,0.7962807682250889,2.0893749286892414,0.0352572210329058,0.0953540025791329,-49.49751414544363,7.345937938435977,45.47508670767439,115.87079365609094,14.416692821138213,5,0.105833636879612,0.1109297372343889,0.1773118680752947,-8.620424789330919,-20.51832573157033,-10.103722254663344,-0.16933712562005465,-0.08372290455040654,0.09399935279674043,0.11607233337658654,-1.2823563018779753,5.0879353571311565,25.880280381609715,-113.95510146866505,-0.01736557470272304,-30799.23371329357,-589365.8901591927,-16961.785568698582,0.3004235382481395,-3.9772937733782565,-1.9722593238556627,0.0562802651967907,-1.3072140730065482,1356.7827619016405,9014.275556003593,-1259.8352078704588,cliff
R1141,1141,EASY,10.0,4.0,30.867457884365276,bowl,backlash,+,18.418765157827224,0.7046066541696356,1.3828227932296902,0.0262712769895663,0.1053286807424881,-39.52407374343484,6.122558940906036,45.18398882684912,44.207313019122864,9.328113240965164,2,0.1045855585228672,0.1287491701011752,0.1094372237118603,-6.36215383651886,-135.90846775239208,9.04975369823982,0.014778998767554063,-0.5656518339677076,0.4346525221123807,0.18509750963046828,-0.11946173353284577,-1.266097118338828,-73.6750606313089,17.26138364180565,0.18687685960360922,497.19036374704194,1040097.3738743515,11482.394247215047,-0.010850828305819626,-0.35299657092160186,0.5418054335251858,0.09367025526102365,-3.223799903738187,337.62589822368784,9377.909874749976,2453.865059492433,plateau
R1142,1142,INFEASIBLE,10.0,4.0,112.99287936523486,bowl,servo_slew_deg_s,+,62.58787605246724,0.7840868053703164,1.196889309521266,0.0160195214400734,0.072634947159406,-60.81104557651662,8.486298517403776,41.07610516407942,26.646394637849355,12.39797624517316,1,0.1357118023616126,0.2297718162195049,0.2011594912070159,-18.767993206361353,-1543.461881772272,257.48894754981654,-0.38616300296972206,-0.893955320293099,-0.02934035868662761,-0.6258787605246724,1.0860364598867491,-1.5756069500904823,26.439649343660935,140.12162719444478,0.09718784889238918,-574.1459977959579,-1519066.0127649198,-15297.227138629327,-0.3647418046505724,0.5931185691557888,0.36389098318827107,-0.017789398024604566,-2.237590213513671,-420.1618533574616,2548.1262331777953,-5899.524432647236,bowl
R1143,1143,EASY,20.0,4.0,19.371425594588946,bowl,Cm_alpha,+,11.110059337908895,0.461045220737317,1.6678767244816313,0.0269806726699635,0.0523230703427933,-50.31548786499814,5.915421302524131,42.20502147804878,111.31655261025789,13.59649728801686,6,0.0524517705314643,0.154656532272338,0.1682825609790728,5.871530877586216,140.49613977573816,-1.3830029177659406,-0.2777514834477224,-0.1875815115535376,0.14795404615810598,0.015691619334401795,-0.35947420746808395,39.483802217004005,23.500250599780315,23.63976639659249,-0.2813908919943584,-157.28494419927625,208360.98068704823,-4797.882526753987,-0.14288985858395686,-1.1056128959286347,-0.8283324233097392,-0.02355981152477046,8.30505929935297,15611.862693358442,8154.751724443056,-1912.2336066855237,plateau
R1144,1144,FRAGILE,20.0,4.0,47.87298875039057,bowl,control_effectiveness,+,22.551348362768007,1.4266530560335495,1.3293586028667357,0.0221436834483761,0.1933977853987514,-45.03628870693612,13.79356273233721,48.245054062610976,62.19319094138921,9.483138592908768,5,0.1343759505788851,0.2113626344209055,0.1254431351942642,-2.584627431399405,1154.3280780420282,-66.6014606263213,0.17865906374029583,-2.5057053736408896,-0.11490472163389924,-0.16152459011897882,-0.5783369835091312,0.0,30.846187751506278,-2.374888771789284,2.139025256638943,-2159.244200695425,-3712762.582651448,-76264.73196801679,-2.0597937666701305,-185.92293495335738,-4.365480878993615,-0.22837130247305226,-4.827642922709091,0.0,-24377.08988276477,-18513.56489897686,bowl
R1145,1145,FRAGILE,80.0,8.0,103.76167678500518,bowl,servo_slew_deg_s,+,59.11916953754602,2.206008945962108,1.828981576283748,0.0324273728241673,0.2338973761424119,-55.94737816597578,10.599242654429297,45.54670842403416,38.68054416637201,14.236953895221497,6,0.148578606670304,1.1345966371763436e-05,0.44878860015841,-29.333988055645616,279.4945049502991,202.19730426391737,-0.8303482088047733,-2.746330848060819,-0.8482650456063763,-0.5911916953754602,-0.9766137267242184,0.0,3.3369653992765174,114.98403914773446,0.07619296154335409,-532.2424692760204,-978100.3078555658,-46668.73141390578,-0.3278470063356975,-11.036843688051862,-1.1606091766333133,-0.006241361610568248,-19.44744686018275,0.0,942011704.1569493,-2774233.3026718437,bowl
R1146,1146,INFEASIBLE,10.0,4.0,84.99947097572947,bowl,Iyy,+,41.84736836341039,2.1569332364696683,1.226456346591006,0.0150600420266992,0.2002283555819689,-57.15710242947023,11.550851114787193,36.4400967634488,101.3450238154772,11.194086829822858,4,0.1281779180357786,0.2096623459328893,0.4334922068086821,-8.02850147853204,-1394.9122787803465,3.7600132023356956,-0.3452741914994677,-1.8285716970648962,-0.5786662317036843,-0.1993680798228045,6.849164762687147,0.0,109.27784935849748,-88.98696227913584,0.10885608197689489,1986.1350732363424,1064504.1712796423,84456.24591439155,0.5533493870493134,-5.196276689033159,-0.21557699145622336,0.28660138674181423,57.44904392237748,0.0,38335.66762304747,12063.933650991756,bowl
R1147,1147,INFEASIBLE,10.0,4.0,220.04652143945725,bowl,servo_slew_deg_s,+,120.80241219451753,1.8732115686399056,1.309109422186726,0.0256476744935743,0.2192854302491941,-52.228859661544085,10.070454400152332,48.38695989427703,49.98394633484659,10.704214744603693,3,0.0718100538277296,0.2432761764416285,0.314562457530961,34.54255875725349,1434.1851141748414,469.3919711208945,-2.546863054022447,-4.151380713511126,-2.3738881413479307,-1.2080241219451753,9.912130832879628,1.4387586262695147,81.49818365928962,-75.77975600123257,0.6395594427049822,-2425.3430496071514,-3415880.375282838,15298.167042838857,-1.9798700392435595,-39.2158523318978,-6.8922375086977805,-0.28658598170982175,-59.62022682295424,383.6689670052043,-153483.12980501843,-3115.499720210243,bowl
R1148,1148,EASY,10.0,4.0,46.54917919336417,bowl,mass,+,13.577014232755403,1.1914948143495228,1.227344412368654,0.026959455146225,0.1005563162474807,-52.41257616610659,8.62747657371125,25.32600961097973,62.67073529287586,9.187694403564992,5,0.0583096446016041,0.1854424537883344,0.1365436277330735,-11.314178527296168,225.95252746649584,-59.511721445740605,-0.07686429519981763,0.6650367395280989,-0.48651223041371583,-0.1355573558945861,4.225279120328032,0.0,63.008240527946114,42.93769433238666,0.10410154031625574,-370.2871984277805,-168558.87216230266,11947.725214193111,-0.43874685942315383,9.334855296225827,-3.416280554251609,0.07848646159869499,15.640613867455793,0.0,1971.0744011255622,88.59913992344755,bowl
R1149,1149,FRAGILE,20.0,4.0,49.762086801730966,bowl,control_effectiveness,+,28.120129115073684,1.5195625322337585,0.966565855555644,0.0200539301427804,0.205473173730995,-44.28647648492918,8.379500688442672,46.41696267585573,87.68988465693327,9.639105088466964,3,0.0207871025429773,0.1952997998092536,0.0652546238413719,7.524344584850732,1016.758110829319,28.517858114996628,0.16524200624518537,-3.1244587905637426,0.3747512061342192,-0.10099107009578745,2.4690030628749366,0.8134907003907917,-40.691994486011254,5.802665109855175,0.4306197727146772,-912.5685869739352,-1492481.448697939,-25889.391474407803,-0.8787016198532833,-12.346127336955918,-1.6315486660606076,-0.05094155530268509,-36.8239002759643,-216.93085343754447,-31427.86198122558,-13268.442396704206,bowl
R1150,1150,EASY,10.0,4.0,39.66562379748222,bowl,backlash,+,25.06166237630931,0.7783255831807451,2.0418506833495926,0.0230842900109285,0.0805933432878643,-57.62872067707437,12.595532198222918,46.09088500039904,69.97926308027843,10.60962148370529,1,0.0434510365716482,0.0026723571633613,0.4227980220012588,-1.8721568318411996,321.2349842379553,0.38111513479419673,0.20933290932133153,0.8417047950443871,0.673161612728223,0.12222484870860222,-0.5713919256991463,107.57163852732299,-100.24664950523724,8.24805768945776,-0.7169534681410008,-833.8086657463479,-353760.2481371811,-12966.8581051645,-0.4517694578938417,-13.975370826473824,-0.18657907813669225,-0.0799531334953121,-22.555229228728912,-28685.770273952796,81243.1138587562,-7488.40056748548,bowl
R1151,1151,FRAGILE,20.0,4.0,47.76569004724772,bowl,servo_slew_deg_s,+,32.81731175782039,0.4316743014206708,1.8836832719468224,0.011880711684558,0.0568142342732616,-44.51854043556398,9.368047416027938,44.4370394979225,46.08033452409579,9.094868598994752,6,0.0372546712506047,0.1551894201020857,0.1657656124089297,-8.939824068438888,-232.74208228884308,-27.07516215839974,-0.11504299769508508,0.22557876805913676,0.25168532987631026,-0.32817311757820394,1.689473539230681,1.4314815241025514,108.00698798193534,22.013418100631032,-0.4197146536855918,-271.2885061003635,-1038974.8286489722,5391.167008266754,0.060550536551529976,-5.238444194454777,0.2670899505335808,-0.13676790441746178,-10.588206188961932,381.72840642734707,-11598.236674316095,-3235.688298887508,bowl
R1152,1152,INFEASIBLE,10.0,4.0,170.70123630042355,bowl,servo_slew_deg_s,+,119.80838430502068,1.681382530038958,1.2293072838778774,0.0214332631439124,0.1584139754430779,-48.065560865020345,13.546236686461334,26.545035477516684,44.06145661642711,8.485296533754044,4,0.0337612392515282,0.1753533183919266,0.3537179475080505,-15.945583471185126,1137.806046864525,248.4998694874688,-0.6567314507962339,-1.1464258022041738,-0.016165076220651997,-1.1980838430502068,6.61838088900633,176.13725120034664,336.3504523794391,-21.166348211142143,-0.011194162828140009,2950.113789097091,1212418.5405171625,37605.78872538318,-0.34306791750732746,40.48640015230829,1.7460132404967386,0.17731133241739258,-11.558867957209879,46969.93365342577,26652.72506738504,-104.17201692322723,bowl
R1153,1153,FRAGILE,45.0,4.0,54.30037780197346,cliff,servo_slew_deg_s,+,41.64245356118484,0.8194234133596167,1.0979047428769713,0.0349580573110096,0.1097763089611688,-45.18862233631985,10.389408132443156,47.43731180937864,21.230726953829336,13.028086080308327,4,0.0407699910891589,0.0906795840085468,0.2144036959379186,-16.979862298603738,-74.86050532065266,33.34039669879411,-0.0667118849334356,-0.628983976506696,-0.28817321474140484,-0.41642453561184833,0.8661205950233692,-7.568269464254129,60.353150115669735,49.559546565834836,0.07608909674608721,-84.72376113899132,-184389.48596028885,7227.1349506310835,0.1600470775774987,-0.22273929485469438,0.20684391475982808,-0.7973120599661897,-0.5139590766330958,2018.2051904677678,1637.3131411878953,-2564.9658072925545,cliff
R1154,1154,EASY,10.0,4.0,85.90560898563768,bowl,Cm_alpha,+,42.71945726184218,1.784391113023405,0.9141928003511952,0.0130157015052989,0.188748995711751,-54.08361503900285,9.87415093612298,42.36253870578899,94.27331835174998,9.921436021055172,2,0.0329851385914843,0.1381747064695137,0.2805972866322105,-7.729889965974587,-1395.3027415950824,108.28113131159984,-1.0679864315460545,-1.8801574175025977,-0.9838453382651252,0.05792653788024218,2.286387998909797,0.0,18.394643845860852,113.06655719234693,-2.789274724236611,1925.4871170710971,1378314.5502989818,33275.131778591574,1.2230740737412964,40.75794256101894,1.4072580792690712,0.2308769333680727,44.97689697399903,0.0,35181.120208988825,5556.127982585498,bowl
R1155,1155,FRAGILE,10.0,4.0,147.0320401652638,bowl,servo_slew_deg_s,+,102.10140688653266,1.4769942357430643,1.0131231731771604,0.0162938767171912,0.2129180012693849,-36.51624220988856,12.29548362259706,35.867464383657925,38.4845336042437,14.185841079264826,4,0.1362104240534548,0.0492691536229642,0.1847127064626971,-25.98967034618024,1526.2293427577104,187.07666868874497,0.2672710133763565,-2.0117265866948726,-1.3770943016901285,-1.0210140688653266,-0.06859381085340446,55.82979006243541,21.271969989849346,176.75407322530495,-0.1309029202577756,478.4985595990727,1241456.7577068014,-14919.421122464173,0.14448072195968686,-24.67189209687025,-2.4250405205824905,0.14369192563259667,9.56036017308776,-14868.007128901207,-2584.1672561618775,10871.748206329148,bowl
R1156,1156,EASY,10.0,4.0,71.39627984122811,bowl,control_effectiveness,+,41.71421679635768,0.8346017554277464,1.8445475009530548,0.0194792184917885,0.1077589348891383,-47.08134141555704,5.268820700283655,47.830729607824445,66.61570860464212,8.986840554439373,4,0.1295112382567366,0.0674252333746115,0.1478582475978264,1.8670567833162586,1116.175282063746,87.0946239365073,-0.2076156899511461,-4.634912977373076,0.4084267168824372,-0.06017183767120811,1.6288108618628392,85.88349884111074,-75.47330664618337,81.63367974640943,1.4083045944296608,-153.2709528444331,-1237699.4045406238,3975.482074956002,-0.6501984348585763,-1.7129669602400437,-1.6667839377021352,-0.12436255194409551,-30.053025563880016,-22902.26635762951,-23507.266375231586,-2486.043221562677,bowl
R1157,1157,FRAGILE,80.0,8.0,43.580101647644184,cliff,mass,+,36.16822086246935,0.6496094015620028,1.339105546597982,0.0209275925887419,0.0585791901871814,-51.47589216481511,12.011210453957464,27.89017541567853,117.18494771686458,14.245606553653754,5,0.069975599897215,0.2101086450765231,0.207215964594647,-30.140184052057787,-628.8267297249337,1.743947349547881,0.03961212479166765,0.47896756814103525,0.10667560859420178,-0.12642272125916917,0.3485538786993917,0.0,24.3471680066421,-5.0302039720244744,0.4056404517901431,555.672602523698,1020596.6201126564,3833.311087541173,-0.16045875195582315,4.848399155062117,0.836384511273418,0.024787714448897012,17.86915701042069,0.0,16419.17671074894,4381.391424009502,cliff
R1158,1158,FRAGILE,20.0,8.0,128.00947077204535,bowl,mass,+,77.02607395895807,1.3887167686234874,0.9924963876766798,0.0195607513677269,0.1896681775058942,-34.42999650157297,8.44478100141857,28.621797011030612,91.50674762030506,13.413959914587537,3,0.0880651228919558,0.0510061027685289,0.3810818655950104,-64.18839496579838,-293.619882799305,174.67906195736742,0.5440409540330955,-3.947191440126405,-1.4373517618471063,0.15462778196125893,7.312271047781618,0.0,84.60814323916087,132.80605154884466,-0.25186179402297615,314.19120161086613,-2424512.7303579305,-24626.99364223089,0.6337035969366593,-28.457249143101407,-2.4491725836930995,-0.18774108265390047,-23.657403506764133,0.0,-37547.42542515488,-6701.4486841520975,bowl
R1159,1159,INFEASIBLE,10.0,4.0,6276.8322545629135,cliff,Cm_alpha,+,3205.0696976942563,3.016262461716171,1.1436114849610095,0.0354913857927576,0.2254348696645734,-62.65196901858219,6.452498608769419,28.381459987270876,61.529356350354696,12.267031634752676,4,0.1090079321647036,0.2224142299410166,0.419516848935238,-854.4349068586647,-17086.919760934263,22756.97160155357,-80.1267424423564,-32.71093443355172,-100.67404105892379,-5.435770100163843,26.315696572712596,0.0,402.8684591816724,1449.4544502063648,3.66433389732191,-2634.2064522580336,-5348794.341366143,531645.1347874228,4.644749368887204,-66.37660059445464,13.217267740287717,-0.2581927349728312,-103.16110539673068,0.0,-38350.992597025404,-1573.674793979191,cliff
R1160,1160,FRAGILE,45.0,8.0,60.84074517725727,bowl,servo_slew_deg_s,+,37.763796114520964,2.012338160542707,1.4655439674877568,0.010115874301044,0.2083875686815636,-43.433797256527455,11.10594868753017,26.185365853640217,88.00002386040794,10.988836184663135,4,0.0795546953675716,0.1913893108765696,0.1166823189256246,-3.284936012180566,519.5053840530801,31.658534580427727,-0.1511208842537588,-2.9767150807436225,-0.4413677200805842,-0.37763796114520964,4.29971444529757,0.0,3.9554521548455988,-34.82788289865123,0.7150671869207512,1011.2144908211982,85947561.97653922,23914.318185059634,0.6776955399753657,8.175896754309678,2.1041260352805344,-0.011252752716835915,7.67077518414524,0.0,7918.834728884312,3775.463623415674,bowl
R1161,1161,EASY,10.0,4.0,64.3295045910277,cliff,wind_strength,+,17.69436045354036,0.2781187062816295,1.1652445289952182,0.0239873246332837,0.0409283704334154,-38.43319562885965,6.374994619362795,41.40595979703352,54.55017132354831,8.033106599998263,4,0.1255515143106367,0.0262816281593116,0.1411488130922322,3.4774994549270914,474.4151435696718,18.279088341230505,0.1808252888175379,-0.8052695293364093,-0.4869947257241492,0.20783265772571774,7.675725366201585,-22.462596057073497,11.707010098752322,-44.235901133850895,0.4751850534593074,-143.8254971030522,-444980.41056554177,-426542.46451655694,-0.3277955559258341,-6.611160931056028,-0.07297073543670705,-0.000615576655643455,94.26467947214242,-5990.025615219594,-3411.641023735094,-32.89765347802563,cliff
R1162,1162,FRAGILE,10.0,4.0,43.70847697283589,bowl,wind_strength,+,30.34967432971417,1.7490362603086973,1.237417668609868,0.0202380660876289,0.1282062298422848,-67.78049973920328,12.441110452964526,31.951519900809277,62.775614579468254,10.590624336421918,5,0.0375821739821855,0.0144361793743852,0.3595976717284633,-5.880917763750943,35.410260055557224,-47.932804039536094,-0.04293761394839235,1.45328915183176,-0.19595860833527798,-0.16289416858198047,-1.4281210164617064,112.18771522658096,0.06822313289504223,-75.87418582428542,-1.0563083001713087,781.4494666584297,1179285.3400886385,33238.06813256129,1.1327767757205178,14.56053964195319,0.5406677794265322,0.24073687720586454,24.059008370690634,29916.72406042159,35018.71270041329,9391.109179299203,bowl
R1163,1163,INFEASIBLE,10.0,4.0,10323.083974720357,bowl,thrust,+,4600.9657100290115,3.172987247508056,1.0959418349205483,0.0155052154565088,0.214865331814128,-67.90076436463052,13.167891537395974,27.36571042027281,38.17456065438039,10.964568981933738,2,0.0006458280458603,0.032505417631336,0.4401236329995747,-1443.7120647099919,11852.020039689822,33560.95215029258,-84.77603192238774,-100.61068432076685,-184.03862840116045,-45.11731387809152,107.09191727840296,0.0,7822.528581789682,982.9431527667855,41.68962705971677,65152.11351985857,32073034.15010682,1371550.5675868301,20.626751304473885,641.0562313964227,101.10026944375146,4.748033405860943,650.227339115703,0.0,891495.69555638,683372.3881839667,bowl
R1164,1164,FRAGILE,45.0,4.0,33.310418310113135,bowl,mass,+,14.20311908253735,1.4981561189237935,1.7107727411529476,0.0188152609217316,0.1232080201252301,-63.638565642626766,10.498026182478656,35.4540566892994,60.26033543848504,8.691344943655109,2,0.0518802130378152,0.2311620526141509,0.1014344651530273,-11.835932568781123,-7.607715087231045,-1.0262028729810966,-0.2703346365370363,1.6109140155488646,-0.17626966648368309,0.11458093448398747,0.6928155947529805,0.0,32.59731625737662,46.09736814431586,1.271371524510195,-546.7335233390323,-1690192.2807731915,-21930.343506818725,-0.8511671626539079,-3.2511194407953736,-2.9774965919366303,-0.06576816578530266,-30.149332895643738,0.0,-25404.186636773797,-7825.500867705824,bowl
R1165,1165,FRAGILE,10.0,4.0,72.30510182142574,bowl,backlash,+,28.47367688266811,0.9020854566529564,0.9217732823965906,0.033854980357083,0.0856966790584528,-64.4431748568011,12.18481894428147,48.511849890587925,98.56916662214624,10.561891785365098,3,0.1450070384009316,0.1241725397997756,0.3366970546919765,-16.512390560499377,-638.9491724514729,26.450633223590284,0.05678179410561501,6.0981760140895505,0.5320923079688995,-0.07792463357022275,2.7332562460803422,0.0,-113.89470753067243,7.127596160023491,1.1522897226098534,-6371.800691433376,-1135554.036864575,-17839.518898452126,-0.25847889991407325,-1.2381386545459003,-4.430797132546735,-0.008811283399641141,-44.85733440424915,0.0,-21695.313215793136,-11017.113287051452,bowl
R1166,1166,INFEASIBLE,10.0,4.0,154.04388709956777,bowl,Cm_alpha,+,59.93296573917725,1.599827093251834,1.471400385522294,0.0367933142999003,0.1963654569308611,-43.82338651270693,7.430171237397123,37.45047391651425,56.24510266673602,13.162509413081771,4,0.0274723137889626,0.2079738275279375,0.4083331032749784,-43.53906076582729,310.644737056634,523.910369821705,-1.4983241434794312,-1.1902107198849476,-1.6750370476070657,-0.5473154638039084,2.5309259180097574,-0.042742179407658426,97.28923466479804,59.81018596593847,-0.5206299429381893,-539.3583788612361,-1224790.8860774946,-5018.09228369658,-0.36209495910553535,-6.436550790681074,-0.26146780877188575,-0.03181094569391035,-4.298541637423431,11.397914508708922,-4316.423628105205,-13298.572555552355,bowl
R1167,1167,FRAGILE,45.0,4.0,127.79645734738759,bowl,servo_slew_deg_s,+,82.75465175599118,1.2679529146581054,1.4424421909421166,0.0327909290439749,0.184936444493127,-39.8748173268724,5.92793866088275,43.78219440283633,25.81265458037685,8.580612433643262,5,0.0040361110721434,0.0390255946561077,0.4422526702422985,-14.128484496654538,191.47751033415778,143.70878248969078,-0.4264734821863856,-5.712987984300081,-1.0816350933823293,-0.8275465175599118,3.887703543686417,121.90560706618832,176.87670988927533,101.26862324551435,1.236038757220701,274.0758484209405,-1160309.818752421,-1838.5087930868026,-0.06541963396931649,-0.04371067974171497,-0.250029424622295,0.09299447175293338,-3.813037071071696,-86329.03607184153,-8286.033342776294,-17487.50819229929,bowl
R1168,1168,FRAGILE,20.0,4.0,92.47919835554563,bowl,Cm_alpha,+,36.87768436134371,2.137145299241252,1.130960810409572,0.0102541829533476,0.2366879478595059,-52.39929631732444,11.525302163320728,43.59096220777722,118.0088106913382,8.318219950887292,3,0.1137555831822179,0.0525424419672484,0.1108614115446827,47.705853109800074,1471.2117930885865,-46.17809225231266,-0.9219421090335929,0.3292574522208611,0.8699474075313098,0.16445534768225964,-2.36576680264059,0.0,116.71343778999574,5.023581401478737,4.199297429318409,278.54029712802907,12485713.212939234,592178.6873278719,1.819145866105556,18.63255929869988,2.438373149614745,0.32265847862705094,-3.2128436188597234,0.0,23126.61017270789,11307.565080068705,bowl
R1169,1169,FRAGILE,10.0,4.0,63.16774632644119,bowl,mass,+,8.699986180950907,1.945966443700449,1.1356222407529333,0.0374177114311453,0.1679388227459477,-69.49401922205973,10.46973874759086,46.55729418375955,72.44070540595143,8.8319535264481,4,0.0310787038409038,0.1140579938848154,0.3780900653683025,-7.249988484125755,509.32494944618554,13.98302593256514,-0.047680168321191436,-0.6437556347919325,1.4404189252263335,0.423981507794135,2.206588870335842,21.31242413758029,61.73483646305607,-18.475959299240312,-0.47558638501947614,-139.48475544276178,-463069.10318628483,-18628.361142659887,-3.456247269871979,-6.693789489606679,4.1503968555805795,0.14669859490944379,21.94004455305463,5683.313103354748,-8727.842075979645,2566.2809016306774,bowl
R1170,1170,FRAGILE,45.0,4.0,59.17526610948093,bowl,servo_slew_deg_s,+,32.96627404188017,0.8151638735827073,1.5652688693493797,0.0292811704355174,0.1132681602007516,-44.25634984809712,12.753209662764146,48.94838690790792,59.45140775693306,12.610162187240912,4,0.0768369039204325,0.1456572321011156,0.1948962919159969,-3.6684904187184735,-409.65199274053083,17.46432515228423,-0.3044988288604684,0.1586402544645085,-0.7993352270258868,-0.32966274041880167,1.6501557128898134,-0.0023378481538808677,79.63242409896196,84.88369295483498,0.1754972023110044,-487.1369818424424,-431227.101034646,-16557.700536898174,-0.0006674234742143348,-1.016385330358196,0.7399575364369397,-0.09734178452019676,6.53714824444691,-0.623426174368232,-13323.517130038783,2963.7958788782494,bowl
R1171,1171,FRAGILE,10.0,4.0,55.96985345367927,bowl,control_effectiveness,+,32.22619532486729,1.1315067126833471,1.3964480905809649,0.0279542975038143,0.1252128083991217,-55.762095655629246,7.656388391056127,49.28590943204303,78.91725527735736,13.12786750914546,4,0.0561190988155388,0.1849367715264189,0.3400546158231345,5.2258833145900505,-126.736113155827,115.64305223502112,-0.3188258564415629,-3.5806883694296987,-0.8193359512671454,-0.19138193684449548,1.1950495248201458,0.0,21.175597325556605,53.55475100810107,0.5283582121669248,-1228.7646081801993,-1751713.0257025517,58091.58184839446,0.25391685443541556,-1.0637305853917414,0.1576836000001202,-0.035135649354716775,-7.979139283023249,0.0,1348.4368626868877,-6976.908319520841,bowl
R1172,1172,EASY,10.0,4.0,46.99234543866338,bowl,servo_slew_deg_s,+,23.25892583369941,0.6787050290910067,2.0590491295805013,0.0139292082011435,0.1272672094605658,-31.36855121665621,9.571118128669928,44.78382536439868,88.57308563440183,9.562715855479397,1,0.0030992720408269,0.0783846278313821,0.4238727655098331,2.3639931773274174,38.988743309595016,47.9734271203549,-0.34347371280497496,0.5550044261157625,-0.2618655286240509,-0.23258925833699412,2.2519299792524214,-91.63399018076356,95.31612789313226,43.590643382002284,-0.42238200205289766,-1297.6337589112818,-5346.56095458925,-10575.39727374775,-0.5028402930331729,-0.8332673745828162,-0.6466018942251941,0.010050171790503803,-1.1231187532297053,-101114.45381199702,445.71090707632686,-406.64197244413316,bowl
R1173,1173,INFEASIBLE,10.0,4.0,120.056731438615,bowl,servo_slew_deg_s,+,78.28345787383078,1.6189444055179356,1.838563061869805,0.0260350404666254,0.187506644420428,-47.35854896829668,10.410157155395892,38.94283683054984,56.69005895657345,13.683473545977536,2,0.0678041441149825,0.2092788559444898,0.408868347167651,-4.466407579138828,168.88462873302012,74.42781754083214,-1.359932120098457,-3.114319504666188,-1.148318408008454,-0.7828345787383079,2.4180145701214046,0.0,77.99494110297367,131.66766544611758,0.5083087682767768,-180.77002821193813,961766.4125982056,-9064.155943768865,0.11345638616500509,0.5584024314950661,0.027633151604941304,-0.002164744640896572,12.068067839934523,0.0,-1846.0817733138551,-10364.761576860308,bowl
R1174,1174,INFEASIBLE,10.0,4.0,726.9812469697004,bowl,Cm_alpha,+,419.9523297027372,2.661014677450328,1.5417292319282438,0.0280661196699684,0.239428578397115,-54.75264598016615,8.506250936770977,31.414417730119222,92.72166886204523,14.15197220476649,2,0.0603333884894555,0.1877066758717532,0.24163855445889,-78.57731384174618,-3306.5366167748275,2576.205175609725,-10.49880824256843,-13.595672570712573,-7.333409124830537,-1.2436552739451614,4.96010547902919,0.0,2.004928672363347,129.44250089048512,-5.131441569909526,1293.105459566105,1301931.866876516,-9241340.812856058,8.107686851433371,-5.910126181111255,7.249337726419389,0.4763602704077624,39.92866230821279,0.0,63266.36936518105,26796.020986963875,bowl
R1175,1175,EASY,10.0,4.0,57.2184256967744,bowl,deadband,+,32.216168534128435,0.6327166603747767,1.66850300158203,0.0117952876123931,0.0980842295981201,-32.28580684573621,10.64799921573073,32.4238420849094,54.91407993978055,8.931112405310005,4,0.0253424296930012,0.0245989639434374,0.4371569964304788,-5.385476257794348,47.7561065362983,113.44299498463121,0.1797908911341689,-2.4037208520162077,-1.0729466976408846,0.03400586376124326,1.068811620702407,-214.7744568941896,76.65183496918421,-4.664835181550738,0.22310898770903043,-1038.725838553688,-422297.8022217602,-20249.158767856716,-1.1002282400175178,-11.271785957857793,-2.4302269192890913,-0.24081600543871085,-36.73962573497172,-57273.18850511722,-16010.04402530854,-14352.37982225464,bowl
R1176,1176,EASY,10.0,4.0,41.71956288273208,bowl,static_margin,+,11.828596639746465,0.7380852321218416,1.8539075523081776,0.0207189582364954,0.0768489501334852,-54.43304865837249,6.486027380805745,41.57665256906975,42.685931748957486,14.12370367207902,4,0.1245378539839249,0.0566731455543365,0.1118536005744062,21.46549486814041,-244.1655304462904,-59.14298319873233,-0.0007615750321529058,2.545894138216372,0.6243186468242188,0.011654760205971292,-0.2939378060247491,-42.05978585723051,-0.8104496245484862,-20.82556155468834,-0.30629736579225053,-135.22070150138154,-433182.73804754094,-13251.563803319938,-0.5302868810233669,-0.7979940184431361,-1.1621010272863637,-0.11604469706151868,-13.099909914756209,-11215.942895261473,-543.6005925503624,-5222.6014717000235,bowl
R1177,1177,EASY,10.0,4.0,116.44360819073931,bowl,Cm_alpha,+,72.77041298336742,3.094776322317501,1.284504163578967,0.0149444957867762,0.2379327962095417,-59.70210062025652,13.5810606057828,27.27034719605804,103.52637295128388,10.250072873408184,6,0.0632148051949875,0.0359583186108277,0.3004844073711936,16.16021309760497,-252.17136119500435,203.38835202977037,-1.8192603245841856,-6.296499251358299,-1.9592991732655805,-0.15965823123413903,1.7322326629495808,-24.864204085263424,15.707408291300135,-28.91225687905284,1.848652073643414,-756.0598993744569,-1269335.4271552262,733443.145685495,1.2775770225174106,10.249512173843412,-0.4806666104992138,-0.07460984154130998,4.019539206889969,6630.454422736922,23869.702838294023,-10790.826613451403,bowl
R1178,1178,FRAGILE,10.0,4.0,106.49998924104055,bowl,backlash,+,55.26930931991458,1.9132141493219887,1.827359106588568,0.0396264928464225,0.1869446331830374,-61.019495250432456,6.920737083895938,46.01478683733437,95.92791250157288,8.431914261937726,4,0.1149287674373323,0.062766225929168,0.4151729780438163,16.116334463443984,-1792.3643508524942,-44.246492056393286,0.46121130947378863,4.12771161700493,0.006124984184161875,-0.10442991939687189,-6.459511283192345,0.0,-221.07723727965833,-81.77200493526554,-1.1993413830098896,-450.70194701092936,-47208558.97083163,12219.537411964833,0.32025501518356436,1.3163755133485473,-3.02253594123487,0.08931113991512639,3.3435088806063678,0.0,14221.947431323879,367.06503706358905,bowl
R1179,1179,FRAGILE,45.0,8.0,60.217148615496896,bowl,servo_slew_deg_s,+,27.646134110130216,1.890366509716884,1.8994027441955503,0.0128756381483255,0.1597914799073074,-52.52641823741802,13.33620325137684,25.517148473886834,70.69637205160797,14.86121084304521,1,0.061895320899876,0.0607571107053985,0.2576954105670042,9.841940262894177,-651.263776835828,23.2995984979399,-0.18989083572204368,0.31058263543186143,-0.48451082458727684,-0.27646134110130216,5.118001384718285,0.0,-63.78265911462582,59.6277017703914,0.6345719864562671,1508.157780094473,530301.6347130736,5556.686022644798,-0.33911598569133616,14.236151262550063,12.161133990254953,0.08663052010504409,207.7106048807616,0.0,16179.862399743297,2356.7900342805137,bowl
R1180,1180,EASY,10.0,4.0,73.51789234574176,bowl,max_gimbal_deg,+,39.78870220418844,0.3853156580440687,1.3613516799000136,0.0130549210168767,0.0461211691458569,-51.28153761039677,11.71317786941195,48.76977300936454,49.466334857203066,14.46461480782802,5,0.0165185471461538,0.0277626270136085,0.4036843026169436,-3.95053185702402,-656.9498023743221,-7.0038460046899225,0.3886190900906086,-0.21003203641780144,-0.08642441561983552,-0.30187428799481014,-5.684100314884063,140.0559601768138,169.32963313330922,-9.464326859925078,-0.24791790966097293,231.42696944750756,-513992.9884060003,-106674.63098749859,-1.2144712503443824,-6.5561094428250835,-0.09175772535658103,-0.0454755974659804,9.527452578668957,-37348.25604715035,-6123.457840612375,-9472.244851683516,bowl
R1181,1181,FRAGILE,45.0,4.0,59.818806161787556,bowl,servo_slew_deg_s,+,23.891264520342766,1.7984548460159169,1.8315017404446503,0.0326343927540786,0.2058587157069066,-47.59005636499521,10.616734574608447,38.40902090723761,70.95395076680568,10.118930814327474,6,0.108652806344827,0.1067004980257368,0.3685782905765682,13.856448287600704,943.488766964431,24.826125586517357,0.046581975844830925,1.5600764518456705,-0.7323407001071189,-0.23891264520342767,3.5941815195565634,0.0,103.65521021701066,20.136932404365165,2.8539475353584125,-130.5285451650012,-1437549.028007463,-26964.84889910382,-0.9786454995148834,-9.797267984428053,-2.0971387992681207,-0.15756613497267602,-10.088626244173435,0.0,-7005.494277607741,-12218.08139259115,bowl
R1182,1182,INFEASIBLE,10.0,4.0,482.03018775538203,bowl,Cm_alpha,+,226.89643239585024,2.5822807091621565,1.591383901826838,0.0176860722405629,0.2289621137912242,-56.94966260297456,11.933385737865734,33.00380541926654,37.29491755211314,14.480361323435556,3,0.0882702561319529,0.1475893217807651,0.0775603782574326,-28.351839256304636,381.1483759218813,1033.2778956103668,-5.672410809896256,-1.1980468081925424,-4.679847278791167,-2.1298433587332477,4.3106349656444864,0.0,323.04086706138946,662.7448650253338,0.8501147477508653,1662.7673555258493,4639468.521966678,113698.01628218782,-0.368346660714316,7.6913575577989315,-3.859155992445317,-0.09423009062608656,1.579743965857821,0.0,-14195.19887825156,4758.265942015177,bowl
R1183,1183,FRAGILE,20.0,4.0,147.49959306255334,bowl,Cm_alpha,+,78.44791868782052,2.628034043297811,1.4540790290520158,0.0265211087153843,0.2229455203912511,-61.28123782302099,9.749465165840556,34.98258860849738,108.49511996031288,11.83371312438063,4,0.1103881684618985,0.0202290743769113,0.1104074914804465,40.60803069971088,-743.0667918699874,269.924781558799,-1.9611979671955129,-0.03432872955137024,-2.9280571780296105,0.11565313180477617,2.2601465108490446,0.0,103.14963136380756,-145.9574233676327,-1.51247031974125,-992.5506381683077,-4587824.901907967,8198.219136873706,-0.1192681191131042,-42.955515485177585,-0.3765559598210325,-0.47748017893123473,-83.20045440372598,0.0,-74991.2270532393,-16302.88600193787,bowl
R1184,1184,EASY,10.0,8.0,59.769418132430296,bowl,Cm_alpha,+,28.133799766261916,1.187666923759545,1.8808097973157365,0.0129421532123335,0.1628439467168586,-40.786605776661794,8.89595929449208,40.480922719999086,115.92715011882504,8.96408960577232,3,0.1024857706278505,0.071300511673625,0.1180114532659343,20.500351389515036,-655.9645155793794,-65.86217852576202,-0.7033449941565479,1.0014167830957983,1.0027995168582664,0.0737802958535901,-0.021148778028498197,0.0,62.16760664859011,-61.703749121804215,0.35370631702659017,804.9876760414305,1930981.5641898774,22817.06196924549,0.47173168369469143,3.762384837253065,0.9857642594731988,0.13055248248121037,14.14685239827931,0.0,61579.485172604036,1949.259384522192,bowl
R1185,1185,EASY,10.0,4.0,60.2564457716467,bowl,mass,+,31.68878797684441,0.7861357610804319,1.3609510232077189,0.0326194238587052,0.0785343386018557,-50.65066823881436,5.396850362340941,33.14025087439258,77.97299503333977,13.498960467455898,4,0.0744172454428302,0.0563052255670064,0.2383288099703704,-26.407323314037004,-693.5803333373748,53.81727610035772,0.1405981606463067,-3.3004341720525514,-0.5489921190819957,-0.2538490978449725,0.7225526774758214,0.0,41.62939860914194,35.11144736632075,0.14448483672608115,-282.66397060151496,-827536.6487039973,-1147.17844990052,0.06490831479750359,-3.067466137137435,-0.8948970736610937,-0.0025637862699884905,-18.837442086612683,0.0,-9703.053532980986,-6735.255022966648,bowl
R1186,1186,EASY,10.0,4.0,23.581856804842722,bowl,mass,+,14.131052439563543,0.3010441730987163,1.1675724879970395,0.0233420544842983,0.0405246790996266,-38.13179565513066,11.146824943628095,34.1047279038631,63.66547006632969,12.798933303475447,4,0.1142049875461906,0.1793914661811712,0.1675938450358339,-11.775877032969618,8.042918614174011,-18.06534312118096,-0.0021032440871358027,0.32027866965061424,0.05977453329946982,-0.06476039966267937,1.1540193081277688,0.0,17.97406628857756,35.826730435507315,0.04095314847035425,230.6652160623222,23617.651961158772,-1177992.8353758233,-0.030980591584306882,1.954586228374099,0.32436897212032023,0.031203251269293162,1.3214326738117637,0.0,2004.7945688473158,1577.3640207976662,plateau
R1187,1187,FRAGILE,80.0,8.0,55.726111982691776,bowl,mass,+,16.97735646472694,0.7053310619238108,0.985204333272672,0.0392949574436899,0.1418004825137211,-30.14819164527944,10.452912945587522,47.55030302162703,99.44708059209388,14.3232765594106,3,0.0142416332467923,0.1737875745469455,0.2162543826260806,-14.147797053939115,1222.5953679994338,-38.897521093485445,0.2278842800204698,-0.3078985604459467,0.1438167842518773,-0.10795248072055745,2.003186325443649,0.0,125.48511057532856,-8.049584977308292,0.11680842349626541,11.004530532031552,1629641.7281016938,6389.288982123105,-25.931567947905773,6.538187997853527,0.3454550748004397,-0.0023821773480133144,9.315031239645398,0.0,-1373.3044238875696,1005.1720952303604,bowl
R1188,1188,EASY,10.0,4.0,112.76350473879145,bowl,max_gimbal_deg,+,59.274826168633986,1.876840832965655,1.0356711618153611,0.0360597511805342,0.2134026742803911,-54.313684316585615,11.509967748454738,49.36563327968644,68.35509311535665,11.136961103993936,5,0.0109981058975228,0.0346024983741011,0.1576833202641147,-15.604470928595184,1882.9820710860158,42.78922252399558,0.15281623660790045,0.5605055636677637,2.4823576705449324,-0.1940440442164415,-8.467832309804855,0.0,67.72026324168792,79.44673488237608,4.546448875239013,2287.2811251519047,4932078.193710526,-41095.614425897766,-0.5873359409785439,-26.55982468779887,8.286976031772031,-0.16106452422587364,46.36187917789231,0.0,-19217.227210345172,3834.9640632041137,bowl
R1189,1189,FRAGILE,45.0,4.0,127.33812970263531,bowl,servo_slew_deg_s,+,97.85754033726987,1.732754143932603,1.6229975385165756,0.0329135545396548,0.2077643630099602,-48.29472944519732,10.868444588065074,43.403929886043,23.56645783307613,9.71455045610335,5,0.0760474155010038,0.1621182648470868,0.1803851055175193,-18.600837201201482,-50.3752017186105,230.33676075670726,-0.9074823747599172,-1.2757339874218725,-0.76797399807622,-0.9785754033726987,1.8516901194068875,0.0,75.94462826469936,102.15260184334909,0.14580310276599118,-510.73299957044145,-1211596.8670368763,-2834.0614782126877,-0.16477157376917528,0.1817561018213895,-0.0338573629578525,-0.02642174064723839,4.284891035681487,0.0,-180.42248764328374,-148.51958633528258,bowl
R1190,1190,FRAGILE,45.0,16.0,78.09162378210387,bowl,Cm_alpha,+,31.08941687152699,1.817201038032456,1.5963689647260273,0.0278865409654262,0.2291809986218313,-43.12670880452841,13.843381812537745,38.29175331461929,91.21637451768612,9.40165121446997,6,0.0749782321608334,0.0161173857083972,0.3481906369080403,7.75775669295146,-123.844687412163,32.462823908778944,-0.7772354217881747,6.247977333192493,0.4973510029124231,-0.1404311423798462,-3.5380764203972963,-25.215297880063368,-84.24269876237094,-50.25359242385845,0.2848533881441808,-1054.400680440062,-1285528.0143672707,-40818.46735327197,-0.40714150436890395,-80.86797939579455,-1.858828210993333,-0.15931431727155934,-21.89155811671904,-6724.079434683572,-20766.47358989437,-9506.874399726106,bowl
R1191,1191,FRAGILE,20.0,4.0,69.58103019039147,bowl,servo_slew_deg_s,+,38.373307767548795,1.493739423094362,1.7385493644098866,0.0351704965502536,0.1372092101089773,-62.25659803298928,7.261007823957484,42.3300683501828,73.6202612678869,12.47941588837081,4,0.0084534552696509,0.2196076197098873,0.2351948126415185,10.395315407959977,-664.5359809667693,158.28894992087714,-0.2937539605086888,-1.540049575269486,-0.7089640069617286,-0.383733077675488,3.354430646779715,0.0,98.1927490417572,9.824238462374751,-0.014810075403764777,-402.2515253542326,-394922.11542999843,-21472.117068880343,0.09604801771234396,-0.30879534104795436,-0.6624076945128218,-0.06229256594943791,-20.948610417307993,0.0,-13610.793244619934,6496.248423779829,bowl
R1192,1192,EASY,10.0,4.0,40.28526796295259,cliff,Iyy,+,26.38541752974854,1.6302322048487612,1.7164015301313742,0.0216781305253024,0.1650957067602073,-46.39612345066902,10.40647654015605,28.575732434225834,69.2421060625778,12.943394577162524,5,0.0167928810205848,0.161119567579719,0.1285739471225856,-0.7617420146005373,-879.5139176582848,-30.47567574731351,-0.09494437145289303,0.22625075699446764,0.574988136702499,0.24641722149036277,0.8779959933549798,0.0,16.293987480937048,-3.485658426748284,-0.06555114622470093,260.8617863378686,2443090.1248752805,622.208413869213,0.3869846232399503,-1.9947001011104948,2.770714912681779,0.18341896511287153,3.488574272027179,0.0,-2786.0663602206737,6108.355169608032,cliff
R1193,1193,INFEASIBLE,10.0,4.0,245.59398889342944,bowl,Cm_alpha,+,93.30752382012292,2.155822990475276,1.956068893241377,0.0177882116303806,0.2131221663244923,-55.9329233326811,10.58432657049654,39.575593771199806,22.413753227725092,14.625626612656657,3,0.0498146631119247,0.1373010677652239,0.1036387047322588,-33.96115247676977,-1685.5672952736672,578.756810903167,-2.332688095503073,-1.064881116755247,-1.726385127877262,-0.8957526055984186,2.6984868451690884,0.0,81.06999009867789,381.182044759914,0.010852122842710088,-400.90623938775815,-1461567.5602552763,20.976528485334672,-0.5648305480445615,2.58561117108437,-1.0070878166451893,-0.4864081445373965,-0.8669309956152179,0.0,1852.365907923423,-5778.871667354417,bowl
R1194,1194,FRAGILE,45.0,16.0,84.90508339881349,cliff,servo_slew_deg_s,+,74.34061245399658,0.460108384167282,2.046384056557601,0.0161570003963114,0.0720631361455892,-37.1843292520042,8.385662762597459,43.90230105017966,36.01139470469687,9.47387132290834,2,0.0389205113016728,0.2286845383432653,0.318940405711351,18.717733911013863,-450.3476738891596,-9.859964873370421,0.5127359833050136,0.18190660000126466,-0.19106092913268427,-0.7434061245399659,1.9473689923371365,0.0,44.58042072248925,-38.34472957015667,-0.7390261678271548,1171.3086334072434,1762829.5581085174,6360.29638806767,0.32645977498870593,6.166224263248474,-0.26676602045294545,0.10241834471158726,15.353114598986899,0.0,10717.619283497997,-7985.960704854572,cliff
R1195,1195,EASY,10.0,4.0,40.392983849996625,bowl,servo_slew_deg_s,+,14.542024311803514,1.2726991243782644,2.040033831243222,0.03529513177778,0.1892945444840996,-39.58728953668275,11.299419737675588,44.874290673878846,103.16133219968287,8.500947628732916,5,0.0093963424195669,0.1084704225222717,0.2785241561951175,-1.3032923407199286,58.13199885645832,55.23892798134722,-0.23145947482249785,2.878955790760478,0.5825436427458118,-0.14542024311803514,0.26902095841472196,-6.7782520337308e-08,66.38347892705112,16.665376911461625,-0.27926369262624373,-779.3444667179804,-1339489.0588260656,-17507.155645982926,-0.42984247536927356,-1.3987348783838418,-1.9790203565016316,-0.15900623373701298,13.355053542299348,1.8075338756615463e-05,-9766.544456916175,-6698.300954239321,bowl
R1196,1196,FRAGILE,10.0,4.0,44.514157771895015,bowl,servo_slew_deg_s,+,16.05978694700741,1.252267306499528,1.040399748907164,0.0380924463893594,0.1060945770202053,-62.312877056228814,11.882435873437624,36.075241808969125,97.58240685746568,13.32649681276929,1,0.1248921879760729,0.061040470359572,0.3217497048177685,10.133194126799381,298.90140425558593,87.57514787727936,0.4832003985742004,0.014326260713312998,-0.03348297182370743,-0.1605978694700741,0.9770577206335835,-64.28380332279927,101.92539230232616,12.55055050750843,2.2472721097849995,194.30160145659622,1178768.7942980262,18653.245659137225,0.6060724190401685,12.517149240138384,0.3017164491395192,0.0038435851195054837,32.25213332530451,17142.347552746458,-241.21661693584724,2305.87270503178,bowl
R1197,1197,EASY,10.0,4.0,24.903656572340896,bowl,servo_slew_deg_s,+,8.789671479110817,1.0171032270455953,1.4224268998274134,0.0200476456272248,0.17884452347752,-34.29254057097409,5.03641027785164,47.06324913688138,114.48948343726578,10.62818103404203,5,0.1411062261506177,0.0266733738045052,0.3554759590728693,-6.226482994597023,-262.8055123671008,2.209724069145212,-0.011598068378006698,-0.8928254986478293,0.20991278422341403,-0.08789671479110817,-1.2261216688348926,0.0,62.83657097419309,8.65500077694579,-0.4495426401064825,-1459.6012247915305,-1844025.6426100135,-35693.47110037982,-0.8922947272658507,-3806.221368485709,-3.035612770283694,-0.182568785625096,-38.457037660003635,0.0,-27109.993329047895,-11705.353585434383,plateau
R1198,1198,FRAGILE,20.0,4.0,188.23821116940863,bowl,thrust,+,100.36806884189362,2.50853838002479,1.5257408250823072,0.0238055900157283,0.2178541259334495,-69.66392013122626,10.003002612717747,47.37696704521343,71.78008896700612,14.893002277876128,4,0.0033596879339999,0.1051731667051977,0.2438553908198347,46.07057094041382,587.5037392915157,109.33954323452964,0.0835333071550851,-4.250803408342257,-4.014722753675745,-0.9750252156719685,8.989357985513507,44.643417651548276,323.16862134456306,-2.8191677836416824,-0.3598538831461733,-1003.2413637495335,-513812.78183553205,15731.749341066272,-3.406366160725631,-9.383242874806228,2.7134215801020685,-0.011407062416424196,-100.67387153767342,-42294.89610254947,-20661.08863482806,-2646.7307344791766,bowl
R1199,1199,EASY,10.0,4.0,28.608728394742855,bowl,servo_slew_deg_s,+,8.332417059716795,1.0972760629949327,1.601716335057787,0.0304096066796444,0.1318491163461725,-42.51636771087908,7.51584597054936,33.78285138064623,74.77436923666868,9.288579315450898,3,0.0912948326906958,0.0586385669697595,0.4308642139903268,17.212800983309247,-35.40291275926086,-4.511391495090943,0.12328633853671578,1.2798931717159685,0.3939438187914748,-0.08332417059716794,-0.6260117959622117,0.0,21.875028559132343,10.407874724364449,1.2766893315673375,-165.04170114453927,-1004144.480475955,-6830.822075331138,-0.3589638146397669,-9.088443957794194,-1.1476092158440694,-0.049605861217694065,-18.607262809890884,0.0,-19362.779143466116,-6758.118813839571,plateau
R1200,1200,FRAGILE,20.0,4.0,34.976257565042765,bowl,mass,+,25.52572540604148,1.3746617242481485,2.088666007358121,0.0208737048138989,0.175386573972931,-46.247382251194026,7.134160489703604,45.064719898928914,68.18853767645638,8.570386581632622,1,0.118608468085187,0.2049595700275308,0.1204286169197558,-21.2714378383679,270.39851136217027,-10.409742042756145,-0.21832039364035283,-0.2472690665934537,0.02309076707406845,-0.05573022253535607,-1.6221501212132294,0.0,51.837699591826436,-23.99835212875105,0.801901949562394,7644.286975157928,545821.2727839228,2549.927674211729,0.13138754867348368,-3.034242141559105,-0.26282251871169704,0.0027379821639627977,5.885012661741758,0.0,10023.65725402969,1539.0814185870643,bowl
