rocket_id,regime_label,Kp_sweep,Kd,best_Kp_exp1,sr,rms_deg,peak_deg,Iyy,authority_inertia_ratio,static_margin,motor_scale,max_gimbal_deg,wind_strength,servo_slew_deg_s
R0091,FRAGILE,1,1.0,40.0,0.2,13.460996246705577,25.444464996177295,0.0151299098571188,1861.1968593698386,0.2758937551535834,2.067585000955022,13.61962903368482,0.1134960049407453,174.053639550759
R0091,FRAGILE,2,1.0,40.0,0.4,13.459710601324767,24.88268124741732,0.0151299098571188,1861.1968593698386,0.2758937551535834,2.067585000955022,13.61962903368482,0.1134960049407453,174.053639550759
R0091,FRAGILE,3,1.0,40.0,0.8,9.590635595979226,17.407876750054285,0.0151299098571188,1861.1968593698386,0.2758937551535834,2.067585000955022,13.61962903368482,0.1134960049407453,174.053639550759
R0091,FRAGILE,5,1.0,40.0,1.0,8.110139150126459,15.307980741545544,0.0151299098571188,1861.1968593698386,0.2758937551535834,2.067585000955022,13.61962903368482,0.1134960049407453,174.053639550759
R0091,FRAGILE,8,1.0,40.0,0.8,7.042817247118208,14.327929203011243,0.0151299098571188,1861.1968593698386,0.2758937551535834,2.067585000955022,13.61962903368482,0.1134960049407453,174.053639550759
R0091,FRAGILE,12,1.0,40.0,0.8,6.020405443429857,11.369667395469246,0.0151299098571188,1861.1968593698386,0.2758937551535834,2.067585000955022,13.61962903368482,0.1134960049407453,174.053639550759
R0091,FRAGILE,20,1.0,40.0,1.0,4.8493733920992685,10.868314512977792,0.0151299098571188,1861.1968593698386,0.2758937551535834,2.067585000955022,13.61962903368482,0.1134960049407453,174.053639550759
R0091,FRAGILE,30,1.0,40.0,0.8,3.946467307721645,9.356911006745452,0.0151299098571188,1861.1968593698386,0.2758937551535834,2.067585000955022,13.61962903368482,0.1134960049407453,174.053639550759
R0091,FRAGILE,40,1.0,40.0,1.0,3.228294930251196,7.741190526463764,0.0151299098571188,1861.1968593698386,0.2758937551535834,2.067585000955022,13.61962903368482,0.1134960049407453,174.053639550759
R0091,FRAGILE,60,1.0,40.0,1.0,3.0852592257811127,8.100937538445587,0.0151299098571188,1861.1968593698386,0.2758937551535834,2.067585000955022,13.61962903368482,0.1134960049407453,174.053639550759
R0091,FRAGILE,80,1.0,40.0,0.8,3.2623312127662083,8.749262238091308,0.0151299098571188,1861.1968593698386,0.2758937551535834,2.067585000955022,13.61962903368482,0.1134960049407453,174.053639550759
R0091,FRAGILE,120,1.0,40.0,0.8,5.154102216305359,16.035819730360107,0.0151299098571188,1861.1968593698386,0.2758937551535834,2.067585000955022,13.61962903368482,0.1134960049407453,174.053639550759
R0091,FRAGILE,160,1.0,40.0,0.4,12.838565717000055,44.685452563956844,0.0151299098571188,1861.1968593698386,0.2758937551535834,2.067585000955022,13.61962903368482,0.1134960049407453,174.053639550759
R0091,FRAGILE,240,1.0,40.0,0.0,57.64007477531017,187.27423442937967,0.0151299098571188,1861.1968593698386,0.2758937551535834,2.067585000955022,13.61962903368482,0.1134960049407453,174.053639550759
R0091,FRAGILE,320,1.0,40.0,0.0,169.66098365487744,534.2802928173649,0.0151299098571188,1861.1968593698386,0.2758937551535834,2.067585000955022,13.61962903368482,0.1134960049407453,174.053639550759
R0146,FRAGILE,1,1.0,5.0,0.8,6.855140330936955,12.46564709737558,0.018251632977164,1563.4313267755094,-0.2366572370042907,2.118914109373487,13.46688600310672,0.4078919337191328,112.27430519580052
R0146,FRAGILE,2,1.0,5.0,1.0,4.137691451649334,7.815539079696163,0.018251632977164,1563.4313267755094,-0.2366572370042907,2.118914109373487,13.46688600310672,0.4078919337191328,112.27430519580052
R0146,FRAGILE,3,1.0,5.0,1.0,3.6097058703516334,7.694681349764712,0.018251632977164,1563.4313267755094,-0.2366572370042907,2.118914109373487,13.46688600310672,0.4078919337191328,112.27430519580052
R0146,FRAGILE,5,1.0,5.0,1.0,2.440105701951958,5.163616039644595,0.018251632977164,1563.4313267755094,-0.2366572370042907,2.118914109373487,13.46688600310672,0.4078919337191328,112.27430519580052
R0146,FRAGILE,8,1.0,5.0,1.0,2.1184889837693346,4.805627759935415,0.018251632977164,1563.4313267755094,-0.2366572370042907,2.118914109373487,13.46688600310672,0.4078919337191328,112.27430519580052
R0146,FRAGILE,12,1.0,5.0,1.0,2.3229734932168715,5.1530476486892605,0.018251632977164,1563.4313267755094,-0.2366572370042907,2.118914109373487,13.46688600310672,0.4078919337191328,112.27430519580052
R0146,FRAGILE,20,1.0,5.0,1.0,2.637082811846668,6.11549613332824,0.018251632977164,1563.4313267755094,-0.2366572370042907,2.118914109373487,13.46688600310672,0.4078919337191328,112.27430519580052
R0146,FRAGILE,30,1.0,5.0,1.0,2.555642574344378,5.48421807555061,0.018251632977164,1563.4313267755094,-0.2366572370042907,2.118914109373487,13.46688600310672,0.4078919337191328,112.27430519580052
R0146,FRAGILE,40,1.0,5.0,1.0,2.4180588323753716,6.0227936928886745,0.018251632977164,1563.4313267755094,-0.2366572370042907,2.118914109373487,13.46688600310672,0.4078919337191328,112.27430519580052
R0146,FRAGILE,60,1.0,5.0,1.0,2.550570463853907,6.622162670932954,0.018251632977164,1563.4313267755094,-0.2366572370042907,2.118914109373487,13.46688600310672,0.4078919337191328,112.27430519580052
R0146,FRAGILE,80,1.0,5.0,0.8,3.3456107061446105,9.633007104241408,0.018251632977164,1563.4313267755094,-0.2366572370042907,2.118914109373487,13.46688600310672,0.4078919337191328,112.27430519580052
R0146,FRAGILE,120,1.0,5.0,0.8,3.207868554643226,10.034035108685327,0.018251632977164,1563.4313267755094,-0.2366572370042907,2.118914109373487,13.46688600310672,0.4078919337191328,112.27430519580052
R0146,FRAGILE,160,1.0,5.0,0.8,3.0593571291144244,10.916681161264153,0.018251632977164,1563.4313267755094,-0.2366572370042907,2.118914109373487,13.46688600310672,0.4078919337191328,112.27430519580052
R0146,FRAGILE,240,1.0,5.0,0.2,19.29261761102031,78.53535427094796,0.018251632977164,1563.4313267755094,-0.2366572370042907,2.118914109373487,13.46688600310672,0.4078919337191328,112.27430519580052
R0146,FRAGILE,320,1.0,5.0,0.0,39.74091375144006,144.92412710006812,0.018251632977164,1563.4313267755094,-0.2366572370042907,2.118914109373487,13.46688600310672,0.4078919337191328,112.27430519580052
R0267,FRAGILE,1,1.0,80.0,0.0,14.12249503175649,26.876797417218768,0.0131592525219296,2866.227518459043,-0.1688103724015912,2.9127942504867965,12.948876047253496,0.286858390466259,160.5112731558308
R0267,FRAGILE,2,1.0,80.0,0.8,7.89360131315901,14.44307501415775,0.0131592525219296,2866.227518459043,-0.1688103724015912,2.9127942504867965,12.948876047253496,0.286858390466259,160.5112731558308
R0267,FRAGILE,3,1.0,80.0,0.6,9.341233894424079,19.932322153813654,0.0131592525219296,2866.227518459043,-0.1688103724015912,2.9127942504867965,12.948876047253496,0.286858390466259,160.5112731558308
R0267,FRAGILE,5,1.0,80.0,0.6,6.862031796017655,14.910452150616276,0.0131592525219296,2866.227518459043,-0.1688103724015912,2.9127942504867965,12.948876047253496,0.286858390466259,160.5112731558308
R0267,FRAGILE,8,1.0,80.0,0.8,5.616600566783844,12.112152545065303,0.0131592525219296,2866.227518459043,-0.1688103724015912,2.9127942504867965,12.948876047253496,0.286858390466259,160.5112731558308
R0267,FRAGILE,12,1.0,80.0,0.8,5.2707546275384525,11.143328437321873,0.0131592525219296,2866.227518459043,-0.1688103724015912,2.9127942504867965,12.948876047253496,0.286858390466259,160.5112731558308
R0267,FRAGILE,20,1.0,80.0,1.0,3.636180091101207,8.54162477417221,0.0131592525219296,2866.227518459043,-0.1688103724015912,2.9127942504867965,12.948876047253496,0.286858390466259,160.5112731558308
R0267,FRAGILE,30,1.0,80.0,1.0,3.5166044926031916,8.569183612993264,0.0131592525219296,2866.227518459043,-0.1688103724015912,2.9127942504867965,12.948876047253496,0.286858390466259,160.5112731558308
R0267,FRAGILE,40,1.0,80.0,1.0,3.3350843767870977,8.131670638907183,0.0131592525219296,2866.227518459043,-0.1688103724015912,2.9127942504867965,12.948876047253496,0.286858390466259,160.5112731558308
R0267,FRAGILE,60,1.0,80.0,1.0,2.3880848957157554,5.955532212334225,0.0131592525219296,2866.227518459043,-0.1688103724015912,2.9127942504867965,12.948876047253496,0.286858390466259,160.5112731558308
R0267,FRAGILE,80,1.0,80.0,1.0,2.533393859023474,6.559290571603799,0.0131592525219296,2866.227518459043,-0.1688103724015912,2.9127942504867965,12.948876047253496,0.286858390466259,160.5112731558308
R0267,FRAGILE,120,1.0,80.0,1.0,3.0632110688858805,8.417525790817985,0.0131592525219296,2866.227518459043,-0.1688103724015912,2.9127942504867965,12.948876047253496,0.286858390466259,160.5112731558308
R0267,FRAGILE,160,1.0,80.0,0.6,4.654028671293624,14.91870714923424,0.0131592525219296,2866.227518459043,-0.1688103724015912,2.9127942504867965,12.948876047253496,0.286858390466259,160.5112731558308
R0267,FRAGILE,240,1.0,80.0,0.2,8.184222578834962,32.96065488788254,0.0131592525219296,2866.227518459043,-0.1688103724015912,2.9127942504867965,12.948876047253496,0.286858390466259,160.5112731558308
R0267,FRAGILE,320,1.0,80.0,0.2,23.07404018350919,116.39108504486535,0.0131592525219296,2866.227518459043,-0.1688103724015912,2.9127942504867965,12.948876047253496,0.286858390466259,160.5112731558308
R0373,FRAGILE,1,1.0,80.0,0.8,10.506120055760807,17.0746699059401,0.0134520545842618,3210.9300236068757,-0.2826513979108986,2.927800238063773,14.75292111198465,0.1357052116612664,100.91257066873015
R0373,FRAGILE,2,1.0,80.0,0.6,10.767248425420783,19.9673112648269,0.0134520545842618,3210.9300236068757,-0.2826513979108986,2.927800238063773,14.75292111198465,0.1357052116612664,100.91257066873015
R0373,FRAGILE,3,1.0,80.0,1.0,8.66292296528361,16.20547086659861,0.0134520545842618,3210.9300236068757,-0.2826513979108986,2.927800238063773,14.75292111198465,0.1357052116612664,100.91257066873015
R0373,FRAGILE,5,1.0,80.0,0.8,6.800745818406736,14.371733561132043,0.0134520545842618,3210.9300236068757,-0.2826513979108986,2.927800238063773,14.75292111198465,0.1357052116612664,100.91257066873015
R0373,FRAGILE,8,1.0,80.0,0.8,5.2703491019279145,11.96457602798198,0.0134520545842618,3210.9300236068757,-0.2826513979108986,2.927800238063773,14.75292111198465,0.1357052116612664,100.91257066873015
R0373,FRAGILE,12,1.0,80.0,1.0,4.6529569599409895,10.035958763262677,0.0134520545842618,3210.9300236068757,-0.2826513979108986,2.927800238063773,14.75292111198465,0.1357052116612664,100.91257066873015
R0373,FRAGILE,20,1.0,80.0,1.0,4.498215530159177,10.141934493986325,0.0134520545842618,3210.9300236068757,-0.2826513979108986,2.927800238063773,14.75292111198465,0.1357052116612664,100.91257066873015
R0373,FRAGILE,30,1.0,80.0,1.0,3.378197363036702,7.512383134042939,0.0134520545842618,3210.9300236068757,-0.2826513979108986,2.927800238063773,14.75292111198465,0.1357052116612664,100.91257066873015
R0373,FRAGILE,40,1.0,80.0,1.0,3.0482840232181276,6.800032923110909,0.0134520545842618,3210.9300236068757,-0.2826513979108986,2.927800238063773,14.75292111198465,0.1357052116612664,100.91257066873015
R0373,FRAGILE,60,1.0,80.0,1.0,2.820005321735001,6.553609748055971,0.0134520545842618,3210.9300236068757,-0.2826513979108986,2.927800238063773,14.75292111198465,0.1357052116612664,100.91257066873015
R0373,FRAGILE,80,1.0,80.0,1.0,3.2140796277233763,8.417932337049386,0.0134520545842618,3210.9300236068757,-0.2826513979108986,2.927800238063773,14.75292111198465,0.1357052116612664,100.91257066873015
R0373,FRAGILE,120,1.0,80.0,0.8,3.0465603928622507,9.560953762899079,0.0134520545842618,3210.9300236068757,-0.2826513979108986,2.927800238063773,14.75292111198465,0.1357052116612664,100.91257066873015
R0373,FRAGILE,160,1.0,80.0,1.0,3.0352289378414765,9.196355139630757,0.0134520545842618,3210.9300236068757,-0.2826513979108986,2.927800238063773,14.75292111198465,0.1357052116612664,100.91257066873015
R0373,FRAGILE,240,1.0,80.0,0.0,8.879082154949698,42.01221075114091,0.0134520545842618,3210.9300236068757,-0.2826513979108986,2.927800238063773,14.75292111198465,0.1357052116612664,100.91257066873015
R0373,FRAGILE,320,1.0,80.0,0.2,68.48133837047808,201.16470054961042,0.0134520545842618,3210.9300236068757,-0.2826513979108986,2.927800238063773,14.75292111198465,0.1357052116612664,100.91257066873015
R0430,FRAGILE,1,2.0,80.0,0.2,9.03703413557146,19.852756661985094,0.0141494908341899,1199.4659419169727,0.2555143023089681,2.995234006645505,5.666279266802485,0.1752550924788223,195.5791272365424
R0430,FRAGILE,2,2.0,80.0,0.4,9.048298484061714,16.404232222986437,0.0141494908341899,1199.4659419169727,0.2555143023089681,2.995234006645505,5.666279266802485,0.1752550924788223,195.5791272365424
R0430,FRAGILE,3,2.0,80.0,0.6,11.043726825771492,17.697914432813754,0.0141494908341899,1199.4659419169727,0.2555143023089681,2.995234006645505,5.666279266802485,0.1752550924788223,195.5791272365424
R0430,FRAGILE,5,2.0,80.0,0.6,6.556300635562884,12.789741630757309,0.0141494908341899,1199.4659419169727,0.2555143023089681,2.995234006645505,5.666279266802485,0.1752550924788223,195.5791272365424
R0430,FRAGILE,8,2.0,80.0,0.8,7.529937127524818,15.018662900945262,0.0141494908341899,1199.4659419169727,0.2555143023089681,2.995234006645505,5.666279266802485,0.1752550924788223,195.5791272365424
R0430,FRAGILE,12,2.0,80.0,0.8,5.657497049760525,11.135742036786825,0.0141494908341899,1199.4659419169727,0.2555143023089681,2.995234006645505,5.666279266802485,0.1752550924788223,195.5791272365424
R0430,FRAGILE,20,2.0,80.0,1.0,4.23119128324094,8.1886804720038,0.0141494908341899,1199.4659419169727,0.2555143023089681,2.995234006645505,5.666279266802485,0.1752550924788223,195.5791272365424
R0430,FRAGILE,30,2.0,80.0,1.0,5.3913922844714,11.776181627325393,0.0141494908341899,1199.4659419169727,0.2555143023089681,2.995234006645505,5.666279266802485,0.1752550924788223,195.5791272365424
R0430,FRAGILE,40,2.0,80.0,1.0,4.352236951703576,8.65099609738454,0.0141494908341899,1199.4659419169727,0.2555143023089681,2.995234006645505,5.666279266802485,0.1752550924788223,195.5791272365424
R0430,FRAGILE,60,2.0,80.0,1.0,2.7479705710956455,5.379380785036166,0.0141494908341899,1199.4659419169727,0.2555143023089681,2.995234006645505,5.666279266802485,0.1752550924788223,195.5791272365424
R0430,FRAGILE,80,2.0,80.0,1.0,2.1655978581572115,4.598994024163797,0.0141494908341899,1199.4659419169727,0.2555143023089681,2.995234006645505,5.666279266802485,0.1752550924788223,195.5791272365424
R0430,FRAGILE,120,2.0,80.0,1.0,1.8494745087382185,4.248350630313835,0.0141494908341899,1199.4659419169727,0.2555143023089681,2.995234006645505,5.666279266802485,0.1752550924788223,195.5791272365424
R0430,FRAGILE,160,2.0,80.0,1.0,2.058901475912734,5.201734456706502,0.0141494908341899,1199.4659419169727,0.2555143023089681,2.995234006645505,5.666279266802485,0.1752550924788223,195.5791272365424
R0430,FRAGILE,240,2.0,80.0,1.0,2.5636182594500387,5.666773558227995,0.0141494908341899,1199.4659419169727,0.2555143023089681,2.995234006645505,5.666279266802485,0.1752550924788223,195.5791272365424
R0430,FRAGILE,320,2.0,80.0,1.0,3.2298351755134136,11.151240223121594,0.0141494908341899,1199.4659419169727,0.2555143023089681,2.995234006645505,5.666279266802485,0.1752550924788223,195.5791272365424
R0491,FRAGILE,1,2.0,40.0,0.0,29.689171227917065,56.9818761570879,0.0109640295650399,2768.930499534833,0.0336346297320731,2.4945856203607573,12.169811135225842,0.3883064130113716,107.05850620881752
R0491,FRAGILE,2,2.0,40.0,0.2,23.862723925044186,46.55531312223751,0.0109640295650399,2768.930499534833,0.0336346297320731,2.4945856203607573,12.169811135225842,0.3883064130113716,107.05850620881752
R0491,FRAGILE,3,2.0,40.0,0.2,18.73230444700106,37.590236357334405,0.0109640295650399,2768.930499534833,0.0336346297320731,2.4945856203607573,12.169811135225842,0.3883064130113716,107.05850620881752
R0491,FRAGILE,5,2.0,40.0,0.2,18.925652603156443,38.55058782642206,0.0109640295650399,2768.930499534833,0.0336346297320731,2.4945856203607573,12.169811135225842,0.3883064130113716,107.05850620881752
R0491,FRAGILE,8,2.0,40.0,0.4,13.899370886009716,26.365355148041324,0.0109640295650399,2768.930499534833,0.0336346297320731,2.4945856203607573,12.169811135225842,0.3883064130113716,107.05850620881752
R0491,FRAGILE,12,2.0,40.0,0.4,13.931117504422634,28.579816686339292,0.0109640295650399,2768.930499534833,0.0336346297320731,2.4945856203607573,12.169811135225842,0.3883064130113716,107.05850620881752
R0491,FRAGILE,20,2.0,40.0,0.6,8.80089873557554,18.806869753668938,0.0109640295650399,2768.930499534833,0.0336346297320731,2.4945856203607573,12.169811135225842,0.3883064130113716,107.05850620881752
R0491,FRAGILE,30,2.0,40.0,0.6,9.386934092199366,19.218647589061,0.0109640295650399,2768.930499534833,0.0336346297320731,2.4945856203607573,12.169811135225842,0.3883064130113716,107.05850620881752
R0491,FRAGILE,40,2.0,40.0,1.0,6.942196420902026,14.777882566683056,0.0109640295650399,2768.930499534833,0.0336346297320731,2.4945856203607573,12.169811135225842,0.3883064130113716,107.05850620881752
R0491,FRAGILE,60,2.0,40.0,0.6,6.65651056513275,16.22131236679401,0.0109640295650399,2768.930499534833,0.0336346297320731,2.4945856203607573,12.169811135225842,0.3883064130113716,107.05850620881752
R0491,FRAGILE,80,2.0,40.0,0.6,6.157917318113643,14.204931681977428,0.0109640295650399,2768.930499534833,0.0336346297320731,2.4945856203607573,12.169811135225842,0.3883064130113716,107.05850620881752
R0491,FRAGILE,120,2.0,40.0,0.4,12.653635808572492,40.00371412567519,0.0109640295650399,2768.930499534833,0.0336346297320731,2.4945856203607573,12.169811135225842,0.3883064130113716,107.05850620881752
R0491,FRAGILE,160,2.0,40.0,0.2,9.846709425965859,32.028285778700976,0.0109640295650399,2768.930499534833,0.0336346297320731,2.4945856203607573,12.169811135225842,0.3883064130113716,107.05850620881752
R0491,FRAGILE,240,2.0,40.0,0.0,23.132506129688796,80.43269820395975,0.0109640295650399,2768.930499534833,0.0336346297320731,2.4945856203607573,12.169811135225842,0.3883064130113716,107.05850620881752
R0491,FRAGILE,320,2.0,40.0,0.0,80.78112483189656,256.0198358844001,0.0109640295650399,2768.930499534833,0.0336346297320731,2.4945856203607573,12.169811135225842,0.3883064130113716,107.05850620881752
R0503,FRAGILE,1,1.0,40.0,0.0,17.556533409850562,28.95991514030494,0.0165277949442068,2437.581804586534,0.0137144030187529,2.9302172017741714,13.749100988671607,0.2334386903786616,179.54517925763827
R0503,FRAGILE,2,1.0,40.0,0.4,13.03894101584197,23.17835120382195,0.0165277949442068,2437.581804586534,0.0137144030187529,2.9302172017741714,13.749100988671607,0.2334386903786616,179.54517925763827
R0503,FRAGILE,3,1.0,40.0,0.6,10.588273815623339,20.380949489724152,0.0165277949442068,2437.581804586534,0.0137144030187529,2.9302172017741714,13.749100988671607,0.2334386903786616,179.54517925763827
R0503,FRAGILE,5,1.0,40.0,0.6,9.642080914086037,18.806813058277257,0.0165277949442068,2437.581804586534,0.0137144030187529,2.9302172017741714,13.749100988671607,0.2334386903786616,179.54517925763827
R0503,FRAGILE,8,1.0,40.0,0.6,8.508378486377906,19.91699025434131,0.0165277949442068,2437.581804586534,0.0137144030187529,2.9302172017741714,13.749100988671607,0.2334386903786616,179.54517925763827
R0503,FRAGILE,12,1.0,40.0,0.6,7.671239575538918,17.454760928228,0.0165277949442068,2437.581804586534,0.0137144030187529,2.9302172017741714,13.749100988671607,0.2334386903786616,179.54517925763827
R0503,FRAGILE,20,1.0,40.0,0.6,6.013484338814165,14.082815661182769,0.0165277949442068,2437.581804586534,0.0137144030187529,2.9302172017741714,13.749100988671607,0.2334386903786616,179.54517925763827
R0503,FRAGILE,30,1.0,40.0,0.8,5.111799451173471,12.138335080498845,0.0165277949442068,2437.581804586534,0.0137144030187529,2.9302172017741714,13.749100988671607,0.2334386903786616,179.54517925763827
R0503,FRAGILE,40,1.0,40.0,1.0,5.407802300650804,13.110642994975915,0.0165277949442068,2437.581804586534,0.0137144030187529,2.9302172017741714,13.749100988671607,0.2334386903786616,179.54517925763827
R0503,FRAGILE,60,1.0,40.0,0.6,5.876606422782463,16.529279045708172,0.0165277949442068,2437.581804586534,0.0137144030187529,2.9302172017741714,13.749100988671607,0.2334386903786616,179.54517925763827
R0503,FRAGILE,80,1.0,40.0,0.4,6.179258315849342,18.70173550965591,0.0165277949442068,2437.581804586534,0.0137144030187529,2.9302172017741714,13.749100988671607,0.2334386903786616,179.54517925763827
R0503,FRAGILE,120,1.0,40.0,0.2,11.639028644688176,46.69870457934849,0.0165277949442068,2437.581804586534,0.0137144030187529,2.9302172017741714,13.749100988671607,0.2334386903786616,179.54517925763827
R0503,FRAGILE,160,1.0,40.0,0.2,18.859949830456486,62.68969099852821,0.0165277949442068,2437.581804586534,0.0137144030187529,2.9302172017741714,13.749100988671607,0.2334386903786616,179.54517925763827
R0503,FRAGILE,240,1.0,40.0,0.0,77.74375820204222,287.07382418562406,0.0165277949442068,2437.581804586534,0.0137144030187529,2.9302172017741714,13.749100988671607,0.2334386903786616,179.54517925763827
R0503,FRAGILE,320,1.0,40.0,0.0,264.0680907838067,737.4177145867119,0.0165277949442068,2437.581804586534,0.0137144030187529,2.9302172017741714,13.749100988671607,0.2334386903786616,179.54517925763827
R0504,FRAGILE,1,2.0,80.0,0.2,19.59183442900454,37.54087898372163,0.0171936037228453,2224.530033701332,0.1885020176476954,2.594373363589788,14.742553406463346,0.1876711824832981,184.92270041029468
R0504,FRAGILE,2,2.0,80.0,0.2,16.854879655172518,27.712499336925966,0.0171936037228453,2224.530033701332,0.1885020176476954,2.594373363589788,14.742553406463346,0.1876711824832981,184.92270041029468
R0504,FRAGILE,3,2.0,80.0,0.4,17.35600273574716,32.23603401019059,0.0171936037228453,2224.530033701332,0.1885020176476954,2.594373363589788,14.742553406463346,0.1876711824832981,184.92270041029468
R0504,FRAGILE,5,2.0,80.0,0.8,10.97289952859267,20.83770568565735,0.0171936037228453,2224.530033701332,0.1885020176476954,2.594373363589788,14.742553406463346,0.1876711824832981,184.92270041029468
R0504,FRAGILE,8,2.0,80.0,0.8,7.974270848989495,15.817342768859879,0.0171936037228453,2224.530033701332,0.1885020176476954,2.594373363589788,14.742553406463346,0.1876711824832981,184.92270041029468
R0504,FRAGILE,12,2.0,80.0,0.6,10.697262447754053,18.062686119450213,0.0171936037228453,2224.530033701332,0.1885020176476954,2.594373363589788,14.742553406463346,0.1876711824832981,184.92270041029468
R0504,FRAGILE,20,2.0,80.0,0.4,11.468046388166531,23.11632392350713,0.0171936037228453,2224.530033701332,0.1885020176476954,2.594373363589788,14.742553406463346,0.1876711824832981,184.92270041029468
R0504,FRAGILE,30,2.0,80.0,0.8,9.337847817330859,18.523006272792607,0.0171936037228453,2224.530033701332,0.1885020176476954,2.594373363589788,14.742553406463346,0.1876711824832981,184.92270041029468
R0504,FRAGILE,40,2.0,80.0,0.8,6.474170612817528,13.044711142539466,0.0171936037228453,2224.530033701332,0.1885020176476954,2.594373363589788,14.742553406463346,0.1876711824832981,184.92270041029468
R0504,FRAGILE,60,2.0,80.0,0.8,6.243146037162536,12.82928022094516,0.0171936037228453,2224.530033701332,0.1885020176476954,2.594373363589788,14.742553406463346,0.1876711824832981,184.92270041029468
R0504,FRAGILE,80,2.0,80.0,0.8,6.461866136896918,14.688301042723301,0.0171936037228453,2224.530033701332,0.1885020176476954,2.594373363589788,14.742553406463346,0.1876711824832981,184.92270041029468
R0504,FRAGILE,120,2.0,80.0,0.4,11.944229953262738,33.86438126873588,0.0171936037228453,2224.530033701332,0.1885020176476954,2.594373363589788,14.742553406463346,0.1876711824832981,184.92270041029468
R0504,FRAGILE,160,2.0,80.0,0.2,13.233660582688398,45.25871518298386,0.0171936037228453,2224.530033701332,0.1885020176476954,2.594373363589788,14.742553406463346,0.1876711824832981,184.92270041029468
R0504,FRAGILE,240,2.0,80.0,0.0,25.429104694240703,75.72732775928307,0.0171936037228453,2224.530033701332,0.1885020176476954,2.594373363589788,14.742553406463346,0.1876711824832981,184.92270041029468
R0504,FRAGILE,320,2.0,80.0,0.0,69.54369716983322,217.5893439971663,0.0171936037228453,2224.530033701332,0.1885020176476954,2.594373363589788,14.742553406463346,0.1876711824832981,184.92270041029468
R0523,FRAGILE,1,1.0,80.0,0.8,4.173396024306407,7.959811091523166,0.0315892004537939,192.7494816525599,0.2999861240927406,0.8203342342786845,7.422342941278607,0.1153290037400089,68.61978564078377
R0523,FRAGILE,2,1.0,80.0,1.0,3.5596980726456864,6.19187117348108,0.0315892004537939,192.7494816525599,0.2999861240927406,0.8203342342786845,7.422342941278607,0.1153290037400089,68.61978564078377
R0523,FRAGILE,3,1.0,80.0,1.0,2.879035883707433,4.947522995347034,0.0315892004537939,192.7494816525599,0.2999861240927406,0.8203342342786845,7.422342941278607,0.1153290037400089,68.61978564078377
R0523,FRAGILE,5,1.0,80.0,1.0,2.153142953084653,4.044997306716086,0.0315892004537939,192.7494816525599,0.2999861240927406,0.8203342342786845,7.422342941278607,0.1153290037400089,68.61978564078377
R0523,FRAGILE,8,1.0,80.0,1.0,1.7452165612905866,3.5272422555483542,0.0315892004537939,192.7494816525599,0.2999861240927406,0.8203342342786845,7.422342941278607,0.1153290037400089,68.61978564078377
R0523,FRAGILE,12,1.0,80.0,1.0,1.5780818975230244,3.1956721656764886,0.0315892004537939,192.7494816525599,0.2999861240927406,0.8203342342786845,7.422342941278607,0.1153290037400089,68.61978564078377
R0523,FRAGILE,20,1.0,80.0,1.0,1.3329689643433775,2.728777267151221,0.0315892004537939,192.7494816525599,0.2999861240927406,0.8203342342786845,7.422342941278607,0.1153290037400089,68.61978564078377
R0523,FRAGILE,30,1.0,80.0,1.0,1.4637278286076356,3.5334229340288004,0.0315892004537939,192.7494816525599,0.2999861240927406,0.8203342342786845,7.422342941278607,0.1153290037400089,68.61978564078377
R0523,FRAGILE,40,1.0,80.0,1.0,1.3398634573063046,3.324323390661319,0.0315892004537939,192.7494816525599,0.2999861240927406,0.8203342342786845,7.422342941278607,0.1153290037400089,68.61978564078377
R0523,FRAGILE,60,1.0,80.0,1.0,1.256167137551909,3.1972120714415917,0.0315892004537939,192.7494816525599,0.2999861240927406,0.8203342342786845,7.422342941278607,0.1153290037400089,68.61978564078377
R0523,FRAGILE,80,1.0,80.0,1.0,1.1734011827003554,3.4002906302617637,0.0315892004537939,192.7494816525599,0.2999861240927406,0.8203342342786845,7.422342941278607,0.1153290037400089,68.61978564078377
R0523,FRAGILE,120,1.0,80.0,0.8,2.8715403987626544,10.074912264196826,0.0315892004537939,192.7494816525599,0.2999861240927406,0.8203342342786845,7.422342941278607,0.1153290037400089,68.61978564078377
R0523,FRAGILE,160,1.0,80.0,0.2,6.065212265598373,22.70206270370063,0.0315892004537939,192.7494816525599,0.2999861240927406,0.8203342342786845,7.422342941278607,0.1153290037400089,68.61978564078377
R0523,FRAGILE,240,1.0,80.0,0.0,17.44188100738571,51.718041912473325,0.0315892004537939,192.7494816525599,0.2999861240927406,0.8203342342786845,7.422342941278607,0.1153290037400089,68.61978564078377
R0523,FRAGILE,320,1.0,80.0,0.0,23.248656241688973,74.98866066137006,0.0315892004537939,192.7494816525599,0.2999861240927406,0.8203342342786845,7.422342941278607,0.1153290037400089,68.61978564078377
R0641,FRAGILE,1,1.0,80.0,0.4,7.840624420874059,16.325970840284167,0.0248598483253072,1703.6894212870814,-0.2765461461739562,2.901507200600083,14.597055143570833,0.1412169680900634,166.7013026374666
R0641,FRAGILE,2,1.0,80.0,0.8,6.932924075694776,14.508145619271037,0.0248598483253072,1703.6894212870814,-0.2765461461739562,2.901507200600083,14.597055143570833,0.1412169680900634,166.7013026374666
R0641,FRAGILE,3,1.0,80.0,0.8,6.825101753836873,13.937616922249351,0.0248598483253072,1703.6894212870814,-0.2765461461739562,2.901507200600083,14.597055143570833,0.1412169680900634,166.7013026374666
R0641,FRAGILE,5,1.0,80.0,1.0,4.792981792640816,9.292189243817836,0.0248598483253072,1703.6894212870814,-0.2765461461739562,2.901507200600083,14.597055143570833,0.1412169680900634,166.7013026374666
R0641,FRAGILE,8,1.0,80.0,1.0,4.680168903884445,10.001685577215108,0.0248598483253072,1703.6894212870814,-0.2765461461739562,2.901507200600083,14.597055143570833,0.1412169680900634,166.7013026374666
R0641,FRAGILE,12,1.0,80.0,1.0,4.708710143506021,10.826746261522397,0.0248598483253072,1703.6894212870814,-0.2765461461739562,2.901507200600083,14.597055143570833,0.1412169680900634,166.7013026374666
R0641,FRAGILE,20,1.0,80.0,1.0,3.7418423637842153,8.472806693338134,0.0248598483253072,1703.6894212870814,-0.2765461461739562,2.901507200600083,14.597055143570833,0.1412169680900634,166.7013026374666
R0641,FRAGILE,30,1.0,80.0,0.8,3.2386231462668085,8.150297550333999,0.0248598483253072,1703.6894212870814,-0.2765461461739562,2.901507200600083,14.597055143570833,0.1412169680900634,166.7013026374666
R0641,FRAGILE,40,1.0,80.0,1.0,2.892365914885766,7.040418437809494,0.0248598483253072,1703.6894212870814,-0.2765461461739562,2.901507200600083,14.597055143570833,0.1412169680900634,166.7013026374666
R0641,FRAGILE,60,1.0,80.0,1.0,2.4178228196750124,6.6753461194067985,0.0248598483253072,1703.6894212870814,-0.2765461461739562,2.901507200600083,14.597055143570833,0.1412169680900634,166.7013026374666
R0641,FRAGILE,80,1.0,80.0,1.0,1.9239536391888041,5.6056209956154675,0.0248598483253072,1703.6894212870814,-0.2765461461739562,2.901507200600083,14.597055143570833,0.1412169680900634,166.7013026374666
R0641,FRAGILE,120,1.0,80.0,1.0,2.5562029249574736,7.9760683559127274,0.0248598483253072,1703.6894212870814,-0.2765461461739562,2.901507200600083,14.597055143570833,0.1412169680900634,166.7013026374666
R0641,FRAGILE,160,1.0,80.0,0.8,5.395813754346234,16.77665811782908,0.0248598483253072,1703.6894212870814,-0.2765461461739562,2.901507200600083,14.597055143570833,0.1412169680900634,166.7013026374666
R0641,FRAGILE,240,1.0,80.0,0.0,14.705785854642878,62.72107117573175,0.0248598483253072,1703.6894212870814,-0.2765461461739562,2.901507200600083,14.597055143570833,0.1412169680900634,166.7013026374666
R0641,FRAGILE,320,1.0,80.0,0.0,89.72799097184125,328.66694655802183,0.0248598483253072,1703.6894212870814,-0.2765461461739562,2.901507200600083,14.597055143570833,0.1412169680900634,166.7013026374666
R0671,FRAGILE,1,1.0,5.0,0.6,12.668635039679538,22.03360123114992,0.0119608486579813,1929.8833040356665,-0.111006642473341,1.916667652019402,12.043320135765432,0.1092637685746428,140.4584476036568
R0671,FRAGILE,2,1.0,5.0,0.4,9.22193850662621,18.483666081613677,0.0119608486579813,1929.8833040356665,-0.111006642473341,1.916667652019402,12.043320135765432,0.1092637685746428,140.4584476036568
R0671,FRAGILE,3,1.0,5.0,0.6,7.60612124774452,14.008072868834924,0.0119608486579813,1929.8833040356665,-0.111006642473341,1.916667652019402,12.043320135765432,0.1092637685746428,140.4584476036568
R0671,FRAGILE,5,1.0,5.0,1.0,5.372670864749116,10.57765097340184,0.0119608486579813,1929.8833040356665,-0.111006642473341,1.916667652019402,12.043320135765432,0.1092637685746428,140.4584476036568
R0671,FRAGILE,8,1.0,5.0,1.0,4.749737491484172,10.305897840976245,0.0119608486579813,1929.8833040356665,-0.111006642473341,1.916667652019402,12.043320135765432,0.1092637685746428,140.4584476036568
R0671,FRAGILE,12,1.0,5.0,1.0,4.531940845648925,9.128427203966051,0.0119608486579813,1929.8833040356665,-0.111006642473341,1.916667652019402,12.043320135765432,0.1092637685746428,140.4584476036568
R0671,FRAGILE,20,1.0,5.0,1.0,3.222484508577356,7.104083202505635,0.0119608486579813,1929.8833040356665,-0.111006642473341,1.916667652019402,12.043320135765432,0.1092637685746428,140.4584476036568
R0671,FRAGILE,30,1.0,5.0,0.8,3.4022276679885115,8.165818143619186,0.0119608486579813,1929.8833040356665,-0.111006642473341,1.916667652019402,12.043320135765432,0.1092637685746428,140.4584476036568
R0671,FRAGILE,40,1.0,5.0,1.0,3.716526575729282,8.014649117755143,0.0119608486579813,1929.8833040356665,-0.111006642473341,1.916667652019402,12.043320135765432,0.1092637685746428,140.4584476036568
R0671,FRAGILE,60,1.0,5.0,1.0,4.0882750795490725,10.579188264084348,0.0119608486579813,1929.8833040356665,-0.111006642473341,1.916667652019402,12.043320135765432,0.1092637685746428,140.4584476036568
R0671,FRAGILE,80,1.0,5.0,1.0,4.060094263988868,11.21660770954156,0.0119608486579813,1929.8833040356665,-0.111006642473341,1.916667652019402,12.043320135765432,0.1092637685746428,140.4584476036568
R0671,FRAGILE,120,1.0,5.0,0.6,6.907382437726677,21.358155726053717,0.0119608486579813,1929.8833040356665,-0.111006642473341,1.916667652019402,12.043320135765432,0.1092637685746428,140.4584476036568
R0671,FRAGILE,160,1.0,5.0,0.2,9.874943219802383,34.28011801292416,0.0119608486579813,1929.8833040356665,-0.111006642473341,1.916667652019402,12.043320135765432,0.1092637685746428,140.4584476036568
R0671,FRAGILE,240,1.0,5.0,0.0,24.583937880524907,101.95038207449072,0.0119608486579813,1929.8833040356665,-0.111006642473341,1.916667652019402,12.043320135765432,0.1092637685746428,140.4584476036568
R0671,FRAGILE,320,1.0,5.0,0.0,103.10686796151064,299.73854795061663,0.0119608486579813,1929.8833040356665,-0.111006642473341,1.916667652019402,12.043320135765432,0.1092637685746428,140.4584476036568
R0680,FRAGILE,1,1.0,80.0,1.0,6.434428842933296,12.196838701237153,0.0265798645710051,991.5033640622933,0.2017490144168668,2.222401697142489,11.858353587633188,0.0992631665578442,183.35763296477708
R0680,FRAGILE,2,1.0,80.0,0.8,5.83298757543057,12.333797377483569,0.0265798645710051,991.5033640622933,0.2017490144168668,2.222401697142489,11.858353587633188,0.0992631665578442,183.35763296477708
R0680,FRAGILE,3,1.0,80.0,0.8,5.50614241860357,12.256385959858605,0.0265798645710051,991.5033640622933,0.2017490144168668,2.222401697142489,11.858353587633188,0.0992631665578442,183.35763296477708
R0680,FRAGILE,5,1.0,80.0,0.8,4.813329165294926,10.100427197936433,0.0265798645710051,991.5033640622933,0.2017490144168668,2.222401697142489,11.858353587633188,0.0992631665578442,183.35763296477708
R0680,FRAGILE,8,1.0,80.0,1.0,3.624668044425303,7.2845128935437575,0.0265798645710051,991.5033640622933,0.2017490144168668,2.222401697142489,11.858353587633188,0.0992631665578442,183.35763296477708
R0680,FRAGILE,12,1.0,80.0,1.0,2.8993914590585774,5.753184364458656,0.0265798645710051,991.5033640622933,0.2017490144168668,2.222401697142489,11.858353587633188,0.0992631665578442,183.35763296477708
R0680,FRAGILE,20,1.0,80.0,1.0,2.0640855261613966,4.520376534889537,0.0265798645710051,991.5033640622933,0.2017490144168668,2.222401697142489,11.858353587633188,0.0992631665578442,183.35763296477708
R0680,FRAGILE,30,1.0,80.0,1.0,2.1952799973090693,5.360306863688915,0.0265798645710051,991.5033640622933,0.2017490144168668,2.222401697142489,11.858353587633188,0.0992631665578442,183.35763296477708
R0680,FRAGILE,40,1.0,80.0,1.0,1.6828439576023846,4.192456647793604,0.0265798645710051,991.5033640622933,0.2017490144168668,2.222401697142489,11.858353587633188,0.0992631665578442,183.35763296477708
R0680,FRAGILE,60,1.0,80.0,1.0,2.0408649541136734,5.221477323749185,0.0265798645710051,991.5033640622933,0.2017490144168668,2.222401697142489,11.858353587633188,0.0992631665578442,183.35763296477708
R0680,FRAGILE,80,1.0,80.0,1.0,3.231824577118963,8.755632483374317,0.0265798645710051,991.5033640622933,0.2017490144168668,2.222401697142489,11.858353587633188,0.0992631665578442,183.35763296477708
R0680,FRAGILE,120,1.0,80.0,0.6,4.581906753519096,15.213230494129615,0.0265798645710051,991.5033640622933,0.2017490144168668,2.222401697142489,11.858353587633188,0.0992631665578442,183.35763296477708
R0680,FRAGILE,160,1.0,80.0,0.2,6.069307472698759,21.981939546670816,0.0265798645710051,991.5033640622933,0.2017490144168668,2.222401697142489,11.858353587633188,0.0992631665578442,183.35763296477708
R0680,FRAGILE,240,1.0,80.0,0.2,15.02429706085736,54.03067291600928,0.0265798645710051,991.5033640622933,0.2017490144168668,2.222401697142489,11.858353587633188,0.0992631665578442,183.35763296477708
R0680,FRAGILE,320,1.0,80.0,0.0,43.25189661402402,135.9776367097401,0.0265798645710051,991.5033640622933,0.2017490144168668,2.222401697142489,11.858353587633188,0.0992631665578442,183.35763296477708
R0688,FRAGILE,1,1.0,80.0,0.2,19.38613341021724,35.192472241279454,0.0134933398903942,2062.0477461117725,0.255268816788525,2.9364256864151463,9.475435130958644,0.359026189190718,102.71346314191057
R0688,FRAGILE,2,1.0,80.0,0.2,14.94376621716292,29.087034650061845,0.0134933398903942,2062.0477461117725,0.255268816788525,2.9364256864151463,9.475435130958644,0.359026189190718,102.71346314191057
R0688,FRAGILE,3,1.0,80.0,0.2,15.604905449618922,28.39203491153353,0.0134933398903942,2062.0477461117725,0.255268816788525,2.9364256864151463,9.475435130958644,0.359026189190718,102.71346314191057
R0688,FRAGILE,5,1.0,80.0,0.8,14.267301943887139,28.832721522196078,0.0134933398903942,2062.0477461117725,0.255268816788525,2.9364256864151463,9.475435130958644,0.359026189190718,102.71346314191057
R0688,FRAGILE,8,1.0,80.0,0.6,11.443051358029862,24.08155535594447,0.0134933398903942,2062.0477461117725,0.255268816788525,2.9364256864151463,9.475435130958644,0.359026189190718,102.71346314191057
R0688,FRAGILE,12,1.0,80.0,0.6,9.02341028147028,18.33172818649272,0.0134933398903942,2062.0477461117725,0.255268816788525,2.9364256864151463,9.475435130958644,0.359026189190718,102.71346314191057
R0688,FRAGILE,20,1.0,80.0,0.6,7.1276863067018,15.741775853390905,0.0134933398903942,2062.0477461117725,0.255268816788525,2.9364256864151463,9.475435130958644,0.359026189190718,102.71346314191057
R0688,FRAGILE,30,1.0,80.0,0.8,5.962599511968977,12.505688229236968,0.0134933398903942,2062.0477461117725,0.255268816788525,2.9364256864151463,9.475435130958644,0.359026189190718,102.71346314191057
R0688,FRAGILE,40,1.0,80.0,0.6,6.382077012138133,16.161168281626964,0.0134933398903942,2062.0477461117725,0.255268816788525,2.9364256864151463,9.475435130958644,0.359026189190718,102.71346314191057
R0688,FRAGILE,60,1.0,80.0,0.6,5.658996422459185,17.30037553611499,0.0134933398903942,2062.0477461117725,0.255268816788525,2.9364256864151463,9.475435130958644,0.359026189190718,102.71346314191057
R0688,FRAGILE,80,1.0,80.0,0.8,4.572919709815899,13.725632310649138,0.0134933398903942,2062.0477461117725,0.255268816788525,2.9364256864151463,9.475435130958644,0.359026189190718,102.71346314191057
R0688,FRAGILE,120,1.0,80.0,0.0,14.554215206079997,53.13283439510658,0.0134933398903942,2062.0477461117725,0.255268816788525,2.9364256864151463,9.475435130958644,0.359026189190718,102.71346314191057
R0688,FRAGILE,160,1.0,80.0,0.0,35.187411461739295,125.45601069659347,0.0134933398903942,2062.0477461117725,0.255268816788525,2.9364256864151463,9.475435130958644,0.359026189190718,102.71346314191057
R0688,FRAGILE,240,1.0,80.0,0.0,160.67922555096624,534.1781682811452,0.0134933398903942,2062.0477461117725,0.255268816788525,2.9364256864151463,9.475435130958644,0.359026189190718,102.71346314191057
R0688,FRAGILE,320,1.0,80.0,0.0,259.84256622044666,854.0941158708981,0.0134933398903942,2062.0477461117725,0.255268816788525,2.9364256864151463,9.475435130958644,0.359026189190718,102.71346314191057
R0748,FRAGILE,1,2.0,40.0,0.2,19.285355130216136,39.91533801762665,0.010191338744936,2509.6848593977584,-0.020708696357981,2.1344932053185497,11.982726616992222,0.0749100124593177,67.9839544553422
R0748,FRAGILE,2,2.0,40.0,0.6,9.2892197120911,17.587131635457617,0.010191338744936,2509.6848593977584,-0.020708696357981,2.1344932053185497,11.982726616992222,0.0749100124593177,67.9839544553422
R0748,FRAGILE,3,2.0,40.0,0.2,20.48593415074592,40.77005358387731,0.010191338744936,2509.6848593977584,-0.020708696357981,2.1344932053185497,11.982726616992222,0.0749100124593177,67.9839544553422
R0748,FRAGILE,5,2.0,40.0,0.2,12.899756810526592,26.75650028186156,0.010191338744936,2509.6848593977584,-0.020708696357981,2.1344932053185497,11.982726616992222,0.0749100124593177,67.9839544553422
R0748,FRAGILE,8,2.0,40.0,0.6,9.101840261955578,17.367327618011522,0.010191338744936,2509.6848593977584,-0.020708696357981,2.1344932053185497,11.982726616992222,0.0749100124593177,67.9839544553422
R0748,FRAGILE,12,2.0,40.0,0.8,6.6268355986041865,13.867125363739973,0.010191338744936,2509.6848593977584,-0.020708696357981,2.1344932053185497,11.982726616992222,0.0749100124593177,67.9839544553422
R0748,FRAGILE,20,2.0,40.0,0.8,6.890921206387908,15.606449433678126,0.010191338744936,2509.6848593977584,-0.020708696357981,2.1344932053185497,11.982726616992222,0.0749100124593177,67.9839544553422
R0748,FRAGILE,30,2.0,40.0,0.8,5.559246827263021,11.854020790126532,0.010191338744936,2509.6848593977584,-0.020708696357981,2.1344932053185497,11.982726616992222,0.0749100124593177,67.9839544553422
R0748,FRAGILE,40,2.0,40.0,1.0,5.519876999764452,12.333363335921002,0.010191338744936,2509.6848593977584,-0.020708696357981,2.1344932053185497,11.982726616992222,0.0749100124593177,67.9839544553422
R0748,FRAGILE,60,2.0,40.0,0.8,6.210038119020801,15.109439892663236,0.010191338744936,2509.6848593977584,-0.020708696357981,2.1344932053185497,11.982726616992222,0.0749100124593177,67.9839544553422
R0748,FRAGILE,80,2.0,40.0,0.4,6.805161862546463,17.40896825882453,0.010191338744936,2509.6848593977584,-0.020708696357981,2.1344932053185497,11.982726616992222,0.0749100124593177,67.9839544553422
R0748,FRAGILE,120,2.0,40.0,0.2,9.044515891060598,27.48656607278685,0.010191338744936,2509.6848593977584,-0.020708696357981,2.1344932053185497,11.982726616992222,0.0749100124593177,67.9839544553422
R0748,FRAGILE,160,2.0,40.0,0.4,11.719304982174615,38.95976779747555,0.010191338744936,2509.6848593977584,-0.020708696357981,2.1344932053185497,11.982726616992222,0.0749100124593177,67.9839544553422
R0748,FRAGILE,240,2.0,40.0,0.0,25.970592251976104,107.11432421859608,0.010191338744936,2509.6848593977584,-0.020708696357981,2.1344932053185497,11.982726616992222,0.0749100124593177,67.9839544553422
R0748,FRAGILE,320,2.0,40.0,0.0,164.32869877452882,594.7811952392783,0.010191338744936,2509.6848593977584,-0.020708696357981,2.1344932053185497,11.982726616992222,0.0749100124593177,67.9839544553422
R0759,FRAGILE,1,1.0,80.0,0.6,17.664739628055177,36.22548438774928,0.0117237357226526,3416.5075118506174,0.1470903986745203,2.897912768303803,13.82175184894832,0.4068091944970474,151.6370489080444
R0759,FRAGILE,2,1.0,80.0,0.6,16.75734836644703,28.20037982622186,0.0117237357226526,3416.5075118506174,0.1470903986745203,2.897912768303803,13.82175184894832,0.4068091944970474,151.6370489080444
R0759,FRAGILE,3,1.0,80.0,0.6,10.212430536501827,19.52562451555697,0.0117237357226526,3416.5075118506174,0.1470903986745203,2.897912768303803,13.82175184894832,0.4068091944970474,151.6370489080444
R0759,FRAGILE,5,1.0,80.0,0.8,8.384513865692547,15.732842172429292,0.0117237357226526,3416.5075118506174,0.1470903986745203,2.897912768303803,13.82175184894832,0.4068091944970474,151.6370489080444
R0759,FRAGILE,8,1.0,80.0,0.4,8.867642875343048,20.557550300234283,0.0117237357226526,3416.5075118506174,0.1470903986745203,2.897912768303803,13.82175184894832,0.4068091944970474,151.6370489080444
R0759,FRAGILE,12,1.0,80.0,0.8,8.123744507150203,16.299838870058945,0.0117237357226526,3416.5075118506174,0.1470903986745203,2.897912768303803,13.82175184894832,0.4068091944970474,151.6370489080444
R0759,FRAGILE,20,1.0,80.0,1.0,6.116695865579038,13.266690077688736,0.0117237357226526,3416.5075118506174,0.1470903986745203,2.897912768303803,13.82175184894832,0.4068091944970474,151.6370489080444
R0759,FRAGILE,30,1.0,80.0,0.8,4.744345874180889,10.351287328631985,0.0117237357226526,3416.5075118506174,0.1470903986745203,2.897912768303803,13.82175184894832,0.4068091944970474,151.6370489080444
R0759,FRAGILE,40,1.0,80.0,1.0,4.9566188300693845,11.146446360161217,0.0117237357226526,3416.5075118506174,0.1470903986745203,2.897912768303803,13.82175184894832,0.4068091944970474,151.6370489080444
R0759,FRAGILE,60,1.0,80.0,1.0,3.4537648230856433,7.905709091140241,0.0117237357226526,3416.5075118506174,0.1470903986745203,2.897912768303803,13.82175184894832,0.4068091944970474,151.6370489080444
R0759,FRAGILE,80,1.0,80.0,0.8,3.6117632552595547,10.143188437645014,0.0117237357226526,3416.5075118506174,0.1470903986745203,2.897912768303803,13.82175184894832,0.4068091944970474,151.6370489080444
R0759,FRAGILE,120,1.0,80.0,0.8,3.99114507758111,11.416270831665422,0.0117237357226526,3416.5075118506174,0.1470903986745203,2.897912768303803,13.82175184894832,0.4068091944970474,151.6370489080444
R0759,FRAGILE,160,1.0,80.0,0.2,6.283412103601475,23.586914762880696,0.0117237357226526,3416.5075118506174,0.1470903986745203,2.897912768303803,13.82175184894832,0.4068091944970474,151.6370489080444
R0759,FRAGILE,240,1.0,80.0,0.2,9.747035801406161,35.25471879339556,0.0117237357226526,3416.5075118506174,0.1470903986745203,2.897912768303803,13.82175184894832,0.4068091944970474,151.6370489080444
R0759,FRAGILE,320,1.0,80.0,0.0,62.23329563179393,251.31882102138397,0.0117237357226526,3416.5075118506174,0.1470903986745203,2.897912768303803,13.82175184894832,0.4068091944970474,151.6370489080444
R0866,FRAGILE,1,1.0,80.0,0.0,21.053119714599227,36.476518886084015,0.0119979341770969,1653.5565783834577,0.2264436338759923,2.1088431471313385,9.40765225357688,0.0632295385276821,148.16307898203755
R0866,FRAGILE,2,1.0,80.0,0.4,13.454476268689527,22.842206702997572,0.0119979341770969,1653.5565783834577,0.2264436338759923,2.1088431471313385,9.40765225357688,0.0632295385276821,148.16307898203755
R0866,FRAGILE,3,1.0,80.0,0.4,10.90803667202004,20.61146353471192,0.0119979341770969,1653.5565783834577,0.2264436338759923,2.1088431471313385,9.40765225357688,0.0632295385276821,148.16307898203755
R0866,FRAGILE,5,1.0,80.0,0.2,10.94437965818562,21.89765451488201,0.0119979341770969,1653.5565783834577,0.2264436338759923,2.1088431471313385,9.40765225357688,0.0632295385276821,148.16307898203755
R0866,FRAGILE,8,1.0,80.0,1.0,6.113877503271895,11.761392009125471,0.0119979341770969,1653.5565783834577,0.2264436338759923,2.1088431471313385,9.40765225357688,0.0632295385276821,148.16307898203755
R0866,FRAGILE,12,1.0,80.0,0.8,5.3396016896107,11.09028281066105,0.0119979341770969,1653.5565783834577,0.2264436338759923,2.1088431471313385,9.40765225357688,0.0632295385276821,148.16307898203755
R0866,FRAGILE,20,1.0,80.0,0.6,4.431978286175932,10.948538718344896,0.0119979341770969,1653.5565783834577,0.2264436338759923,2.1088431471313385,9.40765225357688,0.0632295385276821,148.16307898203755
R0866,FRAGILE,30,1.0,80.0,0.8,5.6468192193592035,13.28879961787371,0.0119979341770969,1653.5565783834577,0.2264436338759923,2.1088431471313385,9.40765225357688,0.0632295385276821,148.16307898203755
R0866,FRAGILE,40,1.0,80.0,0.8,5.299338664018443,13.831907799112823,0.0119979341770969,1653.5565783834577,0.2264436338759923,2.1088431471313385,9.40765225357688,0.0632295385276821,148.16307898203755
R0866,FRAGILE,60,1.0,80.0,0.6,4.673471713697046,12.911586649532484,0.0119979341770969,1653.5565783834577,0.2264436338759923,2.1088431471313385,9.40765225357688,0.0632295385276821,148.16307898203755
R0866,FRAGILE,80,1.0,80.0,0.8,3.9739194320601086,11.282630345297708,0.0119979341770969,1653.5565783834577,0.2264436338759923,2.1088431471313385,9.40765225357688,0.0632295385276821,148.16307898203755
R0866,FRAGILE,120,1.0,80.0,0.6,6.143441796385738,21.113125458842447,0.0119979341770969,1653.5565783834577,0.2264436338759923,2.1088431471313385,9.40765225357688,0.0632295385276821,148.16307898203755
R0866,FRAGILE,160,1.0,80.0,0.0,14.163356744288134,57.68804965356372,0.0119979341770969,1653.5565783834577,0.2264436338759923,2.1088431471313385,9.40765225357688,0.0632295385276821,148.16307898203755
R0866,FRAGILE,240,1.0,80.0,0.0,58.024628504918084,205.4235032991233,0.0119979341770969,1653.5565783834577,0.2264436338759923,2.1088431471313385,9.40765225357688,0.0632295385276821,148.16307898203755
R0866,FRAGILE,320,1.0,80.0,0.0,120.19142847172313,326.16457324987675,0.0119979341770969,1653.5565783834577,0.2264436338759923,2.1088431471313385,9.40765225357688,0.0632295385276821,148.16307898203755
R0954,FRAGILE,1,1.0,80.0,0.4,8.23194278494203,17.990255403373446,0.0200691556067186,1518.940042174076,0.0569469022950717,2.9783179079702222,10.235255270127473,0.1305198423496357,160.4405185155291
R0954,FRAGILE,2,1.0,80.0,0.8,5.7110007688245314,10.469596434721279,0.0200691556067186,1518.940042174076,0.0569469022950717,2.9783179079702222,10.235255270127473,0.1305198423496357,160.4405185155291
R0954,FRAGILE,3,1.0,80.0,1.0,5.261548088428663,9.688888307581152,0.0200691556067186,1518.940042174076,0.0569469022950717,2.9783179079702222,10.235255270127473,0.1305198423496357,160.4405185155291
R0954,FRAGILE,5,1.0,80.0,1.0,3.4486009586917206,7.8516372058153365,0.0200691556067186,1518.940042174076,0.0569469022950717,2.9783179079702222,10.235255270127473,0.1305198423496357,160.4405185155291
R0954,FRAGILE,8,1.0,80.0,1.0,3.69862721205971,8.386273322555827,0.0200691556067186,1518.940042174076,0.0569469022950717,2.9783179079702222,10.235255270127473,0.1305198423496357,160.4405185155291
R0954,FRAGILE,12,1.0,80.0,1.0,3.4166215977781405,8.271396487851963,0.0200691556067186,1518.940042174076,0.0569469022950717,2.9783179079702222,10.235255270127473,0.1305198423496357,160.4405185155291
R0954,FRAGILE,20,1.0,80.0,1.0,3.375114462192463,7.894171894144232,0.0200691556067186,1518.940042174076,0.0569469022950717,2.9783179079702222,10.235255270127473,0.1305198423496357,160.4405185155291
R0954,FRAGILE,30,1.0,80.0,1.0,2.843900778150854,6.7845805847062834,0.0200691556067186,1518.940042174076,0.0569469022950717,2.9783179079702222,10.235255270127473,0.1305198423496357,160.4405185155291
R0954,FRAGILE,40,1.0,80.0,1.0,2.8744807943793034,6.391811156896918,0.0200691556067186,1518.940042174076,0.0569469022950717,2.9783179079702222,10.235255270127473,0.1305198423496357,160.4405185155291
R0954,FRAGILE,60,1.0,80.0,1.0,2.209784786697728,5.751279109904787,0.0200691556067186,1518.940042174076,0.0569469022950717,2.9783179079702222,10.235255270127473,0.1305198423496357,160.4405185155291
R0954,FRAGILE,80,1.0,80.0,1.0,2.041500224265262,6.390553021508982,0.0200691556067186,1518.940042174076,0.0569469022950717,2.9783179079702222,10.235255270127473,0.1305198423496357,160.4405185155291
R0954,FRAGILE,120,1.0,80.0,0.6,3.551271705361743,12.158056434651893,0.0200691556067186,1518.940042174076,0.0569469022950717,2.9783179079702222,10.235255270127473,0.1305198423496357,160.4405185155291
R0954,FRAGILE,160,1.0,80.0,0.4,8.280004015246487,29.29757260766211,0.0200691556067186,1518.940042174076,0.0569469022950717,2.9783179079702222,10.235255270127473,0.1305198423496357,160.4405185155291
R0954,FRAGILE,240,1.0,80.0,0.0,18.537849945061843,78.9358207769761,0.0200691556067186,1518.940042174076,0.0569469022950717,2.9783179079702222,10.235255270127473,0.1305198423496357,160.4405185155291
R0954,FRAGILE,320,1.0,80.0,0.0,73.75249823232252,234.41380980295244,0.0200691556067186,1518.940042174076,0.0569469022950717,2.9783179079702222,10.235255270127473,0.1305198423496357,160.4405185155291
R0958,FRAGILE,1,2.0,40.0,0.0,62.82863695624665,112.48728210651734,0.0103390964854125,3018.6934334507464,0.1722708644672265,2.8320790580276656,11.020371263952024,0.3905760239746831,166.06288469924658
R0958,FRAGILE,2,2.0,40.0,0.0,37.713277620457376,59.351714464315435,0.0103390964854125,3018.6934334507464,0.1722708644672265,2.8320790580276656,11.020371263952024,0.3905760239746831,166.06288469924658
R0958,FRAGILE,3,2.0,40.0,0.0,44.948751144471984,70.88609345369161,0.0103390964854125,3018.6934334507464,0.1722708644672265,2.8320790580276656,11.020371263952024,0.3905760239746831,166.06288469924658
R0958,FRAGILE,5,2.0,40.0,0.2,29.667573913870847,49.41476688324177,0.0103390964854125,3018.6934334507464,0.1722708644672265,2.8320790580276656,11.020371263952024,0.3905760239746831,166.06288469924658
R0958,FRAGILE,8,2.0,40.0,0.0,20.913466338675942,37.5862145397719,0.0103390964854125,3018.6934334507464,0.1722708644672265,2.8320790580276656,11.020371263952024,0.3905760239746831,166.06288469924658
R0958,FRAGILE,12,2.0,40.0,0.6,15.541335534021721,28.82343456033406,0.0103390964854125,3018.6934334507464,0.1722708644672265,2.8320790580276656,11.020371263952024,0.3905760239746831,166.06288469924658
R0958,FRAGILE,20,2.0,40.0,0.8,11.546592373967611,23.79052265807772,0.0103390964854125,3018.6934334507464,0.1722708644672265,2.8320790580276656,11.020371263952024,0.3905760239746831,166.06288469924658
R0958,FRAGILE,30,2.0,40.0,0.6,12.434509108729973,25.73412847366891,0.0103390964854125,3018.6934334507464,0.1722708644672265,2.8320790580276656,11.020371263952024,0.3905760239746831,166.06288469924658
R0958,FRAGILE,40,2.0,40.0,0.6,9.937669496677547,21.865592317320242,0.0103390964854125,3018.6934334507464,0.1722708644672265,2.8320790580276656,11.020371263952024,0.3905760239746831,166.06288469924658
R0958,FRAGILE,60,2.0,40.0,0.8,6.390181219983512,15.880999628782499,0.0103390964854125,3018.6934334507464,0.1722708644672265,2.8320790580276656,11.020371263952024,0.3905760239746831,166.06288469924658
R0958,FRAGILE,80,2.0,40.0,0.6,7.899085810643202,19.89489113125941,0.0103390964854125,3018.6934334507464,0.1722708644672265,2.8320790580276656,11.020371263952024,0.3905760239746831,166.06288469924658
R0958,FRAGILE,120,2.0,40.0,0.6,6.635347116829998,17.082996585367837,0.0103390964854125,3018.6934334507464,0.1722708644672265,2.8320790580276656,11.020371263952024,0.3905760239746831,166.06288469924658
R0958,FRAGILE,160,2.0,40.0,0.6,11.119119583070965,33.1679303089076,0.0103390964854125,3018.6934334507464,0.1722708644672265,2.8320790580276656,11.020371263952024,0.3905760239746831,166.06288469924658
R0958,FRAGILE,240,2.0,40.0,0.4,13.853292936212231,48.11523067546541,0.0103390964854125,3018.6934334507464,0.1722708644672265,2.8320790580276656,11.020371263952024,0.3905760239746831,166.06288469924658
R0958,FRAGILE,320,2.0,40.0,0.0,49.531142745228166,176.78105842258816,0.0103390964854125,3018.6934334507464,0.1722708644672265,2.8320790580276656,11.020371263952024,0.3905760239746831,166.06288469924658
R0982,FRAGILE,1,1.0,80.0,0.6,10.187949823008996,18.267354714288054,0.0162252508739767,2107.176835593261,-0.2952120685809895,2.3452455217478265,14.578206194741108,0.3409810363448179,166.6415828278453
R0982,FRAGILE,2,1.0,80.0,1.0,6.617210633972664,11.977882282674539,0.0162252508739767,2107.176835593261,-0.2952120685809895,2.3452455217478265,14.578206194741108,0.3409810363448179,166.6415828278453
R0982,FRAGILE,3,1.0,80.0,0.6,9.681801790246158,19.4835016463904,0.0162252508739767,2107.176835593261,-0.2952120685809895,2.3452455217478265,14.578206194741108,0.3409810363448179,166.6415828278453
R0982,FRAGILE,5,1.0,80.0,0.6,7.595846342154088,14.816666503491856,0.0162252508739767,2107.176835593261,-0.2952120685809895,2.3452455217478265,14.578206194741108,0.3409810363448179,166.6415828278453
R0982,FRAGILE,8,1.0,80.0,0.8,6.088327328441062,11.831327019670187,0.0162252508739767,2107.176835593261,-0.2952120685809895,2.3452455217478265,14.578206194741108,0.3409810363448179,166.6415828278453
R0982,FRAGILE,12,1.0,80.0,1.0,4.587459740925527,9.36983323263034,0.0162252508739767,2107.176835593261,-0.2952120685809895,2.3452455217478265,14.578206194741108,0.3409810363448179,166.6415828278453
R0982,FRAGILE,20,1.0,80.0,1.0,3.8826408775869523,8.231558556527135,0.0162252508739767,2107.176835593261,-0.2952120685809895,2.3452455217478265,14.578206194741108,0.3409810363448179,166.6415828278453
R0982,FRAGILE,30,1.0,80.0,0.8,4.38225972669122,11.026353759136157,0.0162252508739767,2107.176835593261,-0.2952120685809895,2.3452455217478265,14.578206194741108,0.3409810363448179,166.6415828278453
R0982,FRAGILE,40,1.0,80.0,1.0,4.4363387105712775,10.506448441651917,0.0162252508739767,2107.176835593261,-0.2952120685809895,2.3452455217478265,14.578206194741108,0.3409810363448179,166.6415828278453
R0982,FRAGILE,60,1.0,80.0,0.8,3.643266553002877,9.714452432278614,0.0162252508739767,2107.176835593261,-0.2952120685809895,2.3452455217478265,14.578206194741108,0.3409810363448179,166.6415828278453
R0982,FRAGILE,80,1.0,80.0,0.8,4.07120018600126,11.37534851300159,0.0162252508739767,2107.176835593261,-0.2952120685809895,2.3452455217478265,14.578206194741108,0.3409810363448179,166.6415828278453
R0982,FRAGILE,120,1.0,80.0,0.6,4.630979698217684,14.720593378227742,0.0162252508739767,2107.176835593261,-0.2952120685809895,2.3452455217478265,14.578206194741108,0.3409810363448179,166.6415828278453
R0982,FRAGILE,160,1.0,80.0,0.4,6.783434436056552,27.416714763773154,0.0162252508739767,2107.176835593261,-0.2952120685809895,2.3452455217478265,14.578206194741108,0.3409810363448179,166.6415828278453
R0982,FRAGILE,240,1.0,80.0,0.0,33.52135847873323,146.64265451226996,0.0162252508739767,2107.176835593261,-0.2952120685809895,2.3452455217478265,14.578206194741108,0.3409810363448179,166.6415828278453
R0982,FRAGILE,320,1.0,80.0,0.0,175.43496068455698,630.9015869819534,0.0162252508739767,2107.176835593261,-0.2952120685809895,2.3452455217478265,14.578206194741108,0.3409810363448179,166.6415828278453
R1021,FRAGILE,1,1.0,40.0,0.2,28.29067848337207,50.566017470906516,0.0100247784702589,3293.598580844671,-0.1562148463192356,2.270590009577845,14.541416990144182,0.3620767950540466,142.28952536366347
R1021,FRAGILE,2,1.0,40.0,0.4,18.417822507311254,34.085231454610835,0.0100247784702589,3293.598580844671,-0.1562148463192356,2.270590009577845,14.541416990144182,0.3620767950540466,142.28952536366347
R1021,FRAGILE,3,1.0,40.0,0.4,12.44215051602533,22.917115404887337,0.0100247784702589,3293.598580844671,-0.1562148463192356,2.270590009577845,14.541416990144182,0.3620767950540466,142.28952536366347
R1021,FRAGILE,5,1.0,40.0,0.6,10.850751550707185,20.154040414268593,0.0100247784702589,3293.598580844671,-0.1562148463192356,2.270590009577845,14.541416990144182,0.3620767950540466,142.28952536366347
R1021,FRAGILE,8,1.0,40.0,0.6,8.923758176923704,18.02690660434159,0.0100247784702589,3293.598580844671,-0.1562148463192356,2.270590009577845,14.541416990144182,0.3620767950540466,142.28952536366347
R1021,FRAGILE,12,1.0,40.0,1.0,5.737795025618847,11.871059912150333,0.0100247784702589,3293.598580844671,-0.1562148463192356,2.270590009577845,14.541416990144182,0.3620767950540466,142.28952536366347
R1021,FRAGILE,20,1.0,40.0,0.8,6.711250331626523,16.941146075559192,0.0100247784702589,3293.598580844671,-0.1562148463192356,2.270590009577845,14.541416990144182,0.3620767950540466,142.28952536366347
R1021,FRAGILE,30,1.0,40.0,1.0,5.7750390783737835,13.293667104453704,0.0100247784702589,3293.598580844671,-0.1562148463192356,2.270590009577845,14.541416990144182,0.3620767950540466,142.28952536366347
R1021,FRAGILE,40,1.0,40.0,0.8,5.929895547338106,13.962014626230404,0.0100247784702589,3293.598580844671,-0.1562148463192356,2.270590009577845,14.541416990144182,0.3620767950540466,142.28952536366347
R1021,FRAGILE,60,1.0,40.0,0.8,6.25752813871578,18.331135513618843,0.0100247784702589,3293.598580844671,-0.1562148463192356,2.270590009577845,14.541416990144182,0.3620767950540466,142.28952536366347
R1021,FRAGILE,80,1.0,40.0,0.6,7.545545362227719,23.982317184689812,0.0100247784702589,3293.598580844671,-0.1562148463192356,2.270590009577845,14.541416990144182,0.3620767950540466,142.28952536366347
R1021,FRAGILE,120,1.0,40.0,0.0,13.753965471423522,51.57134199501694,0.0100247784702589,3293.598580844671,-0.1562148463192356,2.270590009577845,14.541416990144182,0.3620767950540466,142.28952536366347
R1021,FRAGILE,160,1.0,40.0,0.0,46.980690463419066,181.04605246511204,0.0100247784702589,3293.598580844671,-0.1562148463192356,2.270590009577845,14.541416990144182,0.3620767950540466,142.28952536366347
R1021,FRAGILE,240,1.0,40.0,0.0,235.96885298290786,712.5045164360049,0.0100247784702589,3293.598580844671,-0.1562148463192356,2.270590009577845,14.541416990144182,0.3620767950540466,142.28952536366347
R1021,FRAGILE,320,1.0,40.0,0.0,421.94929800497323,1147.6527126895971,0.0100247784702589,3293.598580844671,-0.1562148463192356,2.270590009577845,14.541416990144182,0.3620767950540466,142.28952536366347
R1070,FRAGILE,1,2.0,5.0,0.0,33.670727448321145,62.56139019437286,0.0113311066809888,1882.148969815491,0.0367006035420964,2.221836214598913,9.598741179192828,0.3313059222616702,115.32487374025972
R1070,FRAGILE,2,2.0,5.0,0.2,15.183972295727807,27.38915221515154,0.0113311066809888,1882.148969815491,0.0367006035420964,2.221836214598913,9.598741179192828,0.3313059222616702,115.32487374025972
R1070,FRAGILE,3,2.0,5.0,0.4,16.088375820764664,26.42510121633264,0.0113311066809888,1882.148969815491,0.0367006035420964,2.221836214598913,9.598741179192828,0.3313059222616702,115.32487374025972
R1070,FRAGILE,5,2.0,5.0,0.4,11.538151242674415,23.07472726291251,0.0113311066809888,1882.148969815491,0.0367006035420964,2.221836214598913,9.598741179192828,0.3313059222616702,115.32487374025972
R1070,FRAGILE,8,2.0,5.0,0.6,13.649279728951024,25.591726757218783,0.0113311066809888,1882.148969815491,0.0367006035420964,2.221836214598913,9.598741179192828,0.3313059222616702,115.32487374025972
R1070,FRAGILE,12,2.0,5.0,0.4,8.334748520566487,18.55238794976143,0.0113311066809888,1882.148969815491,0.0367006035420964,2.221836214598913,9.598741179192828,0.3313059222616702,115.32487374025972
R1070,FRAGILE,20,2.0,5.0,1.0,6.504474109831603,13.32251893654129,0.0113311066809888,1882.148969815491,0.0367006035420964,2.221836214598913,9.598741179192828,0.3313059222616702,115.32487374025972
R1070,FRAGILE,30,2.0,5.0,1.0,5.631466170502671,12.476979104218849,0.0113311066809888,1882.148969815491,0.0367006035420964,2.221836214598913,9.598741179192828,0.3313059222616702,115.32487374025972
R1070,FRAGILE,40,2.0,5.0,1.0,4.865587120001897,11.034297161101131,0.0113311066809888,1882.148969815491,0.0367006035420964,2.221836214598913,9.598741179192828,0.3313059222616702,115.32487374025972
R1070,FRAGILE,60,2.0,5.0,0.8,4.317534880256762,11.018510274192604,0.0113311066809888,1882.148969815491,0.0367006035420964,2.221836214598913,9.598741179192828,0.3313059222616702,115.32487374025972
R1070,FRAGILE,80,2.0,5.0,0.8,5.203521553736555,12.323590839462392,0.0113311066809888,1882.148969815491,0.0367006035420964,2.221836214598913,9.598741179192828,0.3313059222616702,115.32487374025972
R1070,FRAGILE,120,2.0,5.0,0.4,7.336443690781901,20.462615482470948,0.0113311066809888,1882.148969815491,0.0367006035420964,2.221836214598913,9.598741179192828,0.3313059222616702,115.32487374025972
R1070,FRAGILE,160,2.0,5.0,0.6,9.38466094668942,27.282108190452913,0.0113311066809888,1882.148969815491,0.0367006035420964,2.221836214598913,9.598741179192828,0.3313059222616702,115.32487374025972
R1070,FRAGILE,240,2.0,5.0,0.2,14.99828213584883,52.63574277692379,0.0113311066809888,1882.148969815491,0.0367006035420964,2.221836214598913,9.598741179192828,0.3313059222616702,115.32487374025972
R1070,FRAGILE,320,2.0,5.0,0.0,45.727223457464916,174.14114915405463,0.0113311066809888,1882.148969815491,0.0367006035420964,2.221836214598913,9.598741179192828,0.3313059222616702,115.32487374025972
R1082,FRAGILE,1,1.0,80.0,0.6,15.45607643266447,24.021045101946104,0.0122465570619681,1503.921015708015,-0.1011572579221778,2.1066079220954923,8.74289626578474,0.3988010998452474,160.95202205260418
R1082,FRAGILE,2,1.0,80.0,0.8,10.935003243715565,18.04516989019303,0.0122465570619681,1503.921015708015,-0.1011572579221778,2.1066079220954923,8.74289626578474,0.3988010998452474,160.95202205260418
R1082,FRAGILE,3,1.0,80.0,0.8,8.232235875953956,15.274329291840113,0.0122465570619681,1503.921015708015,-0.1011572579221778,2.1066079220954923,8.74289626578474,0.3988010998452474,160.95202205260418
R1082,FRAGILE,5,1.0,80.0,0.6,8.278048692645768,15.823632411671662,0.0122465570619681,1503.921015708015,-0.1011572579221778,2.1066079220954923,8.74289626578474,0.3988010998452474,160.95202205260418
R1082,FRAGILE,8,1.0,80.0,1.0,6.462624669867847,11.645972210256206,0.0122465570619681,1503.921015708015,-0.1011572579221778,2.1066079220954923,8.74289626578474,0.3988010998452474,160.95202205260418
R1082,FRAGILE,12,1.0,80.0,0.8,6.574526555603805,13.845548846536497,0.0122465570619681,1503.921015708015,-0.1011572579221778,2.1066079220954923,8.74289626578474,0.3988010998452474,160.95202205260418
R1082,FRAGILE,20,1.0,80.0,1.0,4.353370456492163,8.792234571757493,0.0122465570619681,1503.921015708015,-0.1011572579221778,2.1066079220954923,8.74289626578474,0.3988010998452474,160.95202205260418
R1082,FRAGILE,30,1.0,80.0,1.0,3.738409849222191,8.278776580443978,0.0122465570619681,1503.921015708015,-0.1011572579221778,2.1066079220954923,8.74289626578474,0.3988010998452474,160.95202205260418
R1082,FRAGILE,40,1.0,80.0,1.0,2.6930136194345957,6.053686990451192,0.0122465570619681,1503.921015708015,-0.1011572579221778,2.1066079220954923,8.74289626578474,0.3988010998452474,160.95202205260418
R1082,FRAGILE,60,1.0,80.0,1.0,4.4042861419392265,10.572838129298695,0.0122465570619681,1503.921015708015,-0.1011572579221778,2.1066079220954923,8.74289626578474,0.3988010998452474,160.95202205260418
R1082,FRAGILE,80,1.0,80.0,1.0,4.312042375406503,11.257805627985451,0.0122465570619681,1503.921015708015,-0.1011572579221778,2.1066079220954923,8.74289626578474,0.3988010998452474,160.95202205260418
R1082,FRAGILE,120,1.0,80.0,0.8,5.641797566175137,18.02674809921323,0.0122465570619681,1503.921015708015,-0.1011572579221778,2.1066079220954923,8.74289626578474,0.3988010998452474,160.95202205260418
R1082,FRAGILE,160,1.0,80.0,0.4,13.15910719503185,48.08312403631988,0.0122465570619681,1503.921015708015,-0.1011572579221778,2.1066079220954923,8.74289626578474,0.3988010998452474,160.95202205260418
R1082,FRAGILE,240,1.0,80.0,0.0,39.402538696056865,161.92415918138747,0.0122465570619681,1503.921015708015,-0.1011572579221778,2.1066079220954923,8.74289626578474,0.3988010998452474,160.95202205260418
R1082,FRAGILE,320,1.0,80.0,0.0,87.11186023042936,330.21606412895756,0.0122465570619681,1503.921015708015,-0.1011572579221778,2.1066079220954923,8.74289626578474,0.3988010998452474,160.95202205260418
R1094,FRAGILE,1,1.0,5.0,0.4,11.593611892238318,22.211996243644915,0.0100879889876423,1742.6830285627657,0.0610778708965241,1.888479483476299,9.309165047814483,0.3244523571195195,103.55707825683726
R1094,FRAGILE,2,1.0,5.0,0.2,8.695046753410068,21.610164006599433,0.0100879889876423,1742.6830285627657,0.0610778708965241,1.888479483476299,9.309165047814483,0.3244523571195195,103.55707825683726
R1094,FRAGILE,3,1.0,5.0,0.6,6.736210154359166,13.487022932704562,0.0100879889876423,1742.6830285627657,0.0610778708965241,1.888479483476299,9.309165047814483,0.3244523571195195,103.55707825683726
R1094,FRAGILE,5,1.0,5.0,0.8,6.199879277576772,13.027224591796188,0.0100879889876423,1742.6830285627657,0.0610778708965241,1.888479483476299,9.309165047814483,0.3244523571195195,103.55707825683726
R1094,FRAGILE,8,1.0,5.0,1.0,4.771998972369157,9.397186696803272,0.0100879889876423,1742.6830285627657,0.0610778708965241,1.888479483476299,9.309165047814483,0.3244523571195195,103.55707825683726
R1094,FRAGILE,12,1.0,5.0,1.0,4.49389219806434,9.351836969989828,0.0100879889876423,1742.6830285627657,0.0610778708965241,1.888479483476299,9.309165047814483,0.3244523571195195,103.55707825683726
R1094,FRAGILE,20,1.0,5.0,1.0,4.765202104007328,10.169391721710424,0.0100879889876423,1742.6830285627657,0.0610778708965241,1.888479483476299,9.309165047814483,0.3244523571195195,103.55707825683726
R1094,FRAGILE,30,1.0,5.0,0.8,4.723047997932599,11.007994016667377,0.0100879889876423,1742.6830285627657,0.0610778708965241,1.888479483476299,9.309165047814483,0.3244523571195195,103.55707825683726
R1094,FRAGILE,40,1.0,5.0,1.0,4.441761627667093,10.4934711695286,0.0100879889876423,1742.6830285627657,0.0610778708965241,1.888479483476299,9.309165047814483,0.3244523571195195,103.55707825683726
R1094,FRAGILE,60,1.0,5.0,1.0,4.704787985763246,11.300457094750666,0.0100879889876423,1742.6830285627657,0.0610778708965241,1.888479483476299,9.309165047814483,0.3244523571195195,103.55707825683726
R1094,FRAGILE,80,1.0,5.0,0.8,4.316796235453535,12.419569377131971,0.0100879889876423,1742.6830285627657,0.0610778708965241,1.888479483476299,9.309165047814483,0.3244523571195195,103.55707825683726
R1094,FRAGILE,120,1.0,5.0,0.6,6.357680358854278,21.400158202421988,0.0100879889876423,1742.6830285627657,0.0610778708965241,1.888479483476299,9.309165047814483,0.3244523571195195,103.55707825683726
R1094,FRAGILE,160,1.0,5.0,0.6,7.063624647630872,26.869230236218147,0.0100879889876423,1742.6830285627657,0.0610778708965241,1.888479483476299,9.309165047814483,0.3244523571195195,103.55707825683726
R1094,FRAGILE,240,1.0,5.0,0.0,36.67084347997779,146.9622373968538,0.0100879889876423,1742.6830285627657,0.0610778708965241,1.888479483476299,9.309165047814483,0.3244523571195195,103.55707825683726
R1094,FRAGILE,320,1.0,5.0,0.0,136.91254368460267,524.6837484464172,0.0100879889876423,1742.6830285627657,0.0610778708965241,1.888479483476299,9.309165047814483,0.3244523571195195,103.55707825683726
R1165,FRAGILE,1,1.0,5.0,0.6,5.218466554531292,12.42453195291733,0.0204002927299103,1699.646807995741,0.0815312985921996,2.573386660028469,13.473798150561322,0.1081205439579263,124.87133123895912
R1165,FRAGILE,2,1.0,5.0,1.0,4.277233548771031,10.689456790373859,0.0204002927299103,1699.646807995741,0.0815312985921996,2.573386660028469,13.473798150561322,0.1081205439579263,124.87133123895912
R1165,FRAGILE,3,1.0,5.0,1.0,2.7298610948953934,6.648058996538893,0.0204002927299103,1699.646807995741,0.0815312985921996,2.573386660028469,13.473798150561322,0.1081205439579263,124.87133123895912
R1165,FRAGILE,5,1.0,5.0,1.0,3.0532497856823992,6.79763088005943,0.0204002927299103,1699.646807995741,0.0815312985921996,2.573386660028469,13.473798150561322,0.1081205439579263,124.87133123895912
R1165,FRAGILE,8,1.0,5.0,1.0,2.8915135819063402,6.162783920789641,0.0204002927299103,1699.646807995741,0.0815312985921996,2.573386660028469,13.473798150561322,0.1081205439579263,124.87133123895912
R1165,FRAGILE,12,1.0,5.0,1.0,2.6774530872453535,6.18436698957697,0.0204002927299103,1699.646807995741,0.0815312985921996,2.573386660028469,13.473798150561322,0.1081205439579263,124.87133123895912
R1165,FRAGILE,20,1.0,5.0,1.0,3.1085393927153513,7.333434597882603,0.0204002927299103,1699.646807995741,0.0815312985921996,2.573386660028469,13.473798150561322,0.1081205439579263,124.87133123895912
R1165,FRAGILE,30,1.0,5.0,1.0,3.284636148297319,7.7652098333321735,0.0204002927299103,1699.646807995741,0.0815312985921996,2.573386660028469,13.473798150561322,0.1081205439579263,124.87133123895912
R1165,FRAGILE,40,1.0,5.0,1.0,4.047577885155124,9.266208103840743,0.0204002927299103,1699.646807995741,0.0815312985921996,2.573386660028469,13.473798150561322,0.1081205439579263,124.87133123895912
R1165,FRAGILE,60,1.0,5.0,1.0,3.6973251780620964,9.323320142014671,0.0204002927299103,1699.646807995741,0.0815312985921996,2.573386660028469,13.473798150561322,0.1081205439579263,124.87133123895912
R1165,FRAGILE,80,1.0,5.0,1.0,2.5065130227648944,6.9924007799726535,0.0204002927299103,1699.646807995741,0.0815312985921996,2.573386660028469,13.473798150561322,0.1081205439579263,124.87133123895912
R1165,FRAGILE,120,1.0,5.0,0.8,3.2483812623113595,11.049181448691284,0.0204002927299103,1699.646807995741,0.0815312985921996,2.573386660028469,13.473798150561322,0.1081205439579263,124.87133123895912
R1165,FRAGILE,160,1.0,5.0,0.8,3.910868832543457,14.532270657040183,0.0204002927299103,1699.646807995741,0.0815312985921996,2.573386660028469,13.473798150561322,0.1081205439579263,124.87133123895912
R1165,FRAGILE,240,1.0,5.0,0.0,20.271406221019085,72.49785988755539,0.0204002927299103,1699.646807995741,0.0815312985921996,2.573386660028469,13.473798150561322,0.1081205439579263,124.87133123895912
R1165,FRAGILE,320,1.0,5.0,0.0,81.77156838536902,279.0481302242636,0.0204002927299103,1699.646807995741,0.0815312985921996,2.573386660028469,13.473798150561322,0.1081205439579263,124.87133123895912
R1171,FRAGILE,1,2.0,80.0,0.2,21.838971429167465,45.85116893593756,0.0128701545790913,1545.9737349313714,0.0018868593726978,2.724493493795826,7.302979797562676,0.2362188337055421,157.69536481309672
R1171,FRAGILE,2,2.0,80.0,0.6,10.525600197179292,25.59743801460112,0.0128701545790913,1545.9737349313714,0.0018868593726978,2.724493493795826,7.302979797562676,0.2362188337055421,157.69536481309672
R1171,FRAGILE,3,2.0,80.0,0.6,10.080072195853576,19.362370406891287,0.0128701545790913,1545.9737349313714,0.0018868593726978,2.724493493795826,7.302979797562676,0.2362188337055421,157.69536481309672
R1171,FRAGILE,5,2.0,80.0,0.4,13.086051764710913,24.6743625810533,0.0128701545790913,1545.9737349313714,0.0018868593726978,2.724493493795826,7.302979797562676,0.2362188337055421,157.69536481309672
R1171,FRAGILE,8,2.0,80.0,0.6,6.483296880108831,15.109787461195694,0.0128701545790913,1545.9737349313714,0.0018868593726978,2.724493493795826,7.302979797562676,0.2362188337055421,157.69536481309672
R1171,FRAGILE,12,2.0,80.0,0.8,8.754255411728105,17.074402193662422,0.0128701545790913,1545.9737349313714,0.0018868593726978,2.724493493795826,7.302979797562676,0.2362188337055421,157.69536481309672
R1171,FRAGILE,20,2.0,80.0,0.8,7.005566237614305,14.40102679490287,0.0128701545790913,1545.9737349313714,0.0018868593726978,2.724493493795826,7.302979797562676,0.2362188337055421,157.69536481309672
R1171,FRAGILE,30,2.0,80.0,0.8,5.6604905124131175,13.065510584203142,0.0128701545790913,1545.9737349313714,0.0018868593726978,2.724493493795826,7.302979797562676,0.2362188337055421,157.69536481309672
R1171,FRAGILE,40,2.0,80.0,0.8,6.6472493487935225,14.594286829052214,0.0128701545790913,1545.9737349313714,0.0018868593726978,2.724493493795826,7.302979797562676,0.2362188337055421,157.69536481309672
R1171,FRAGILE,60,2.0,80.0,1.0,4.816475342120097,10.337611085382218,0.0128701545790913,1545.9737349313714,0.0018868593726978,2.724493493795826,7.302979797562676,0.2362188337055421,157.69536481309672
R1171,FRAGILE,80,2.0,80.0,1.0,2.7829735830996176,6.468046299998538,0.0128701545790913,1545.9737349313714,0.0018868593726978,2.724493493795826,7.302979797562676,0.2362188337055421,157.69536481309672
R1171,FRAGILE,120,2.0,80.0,1.0,3.8028854066788584,8.84821459073619,0.0128701545790913,1545.9737349313714,0.0018868593726978,2.724493493795826,7.302979797562676,0.2362188337055421,157.69536481309672
R1171,FRAGILE,160,2.0,80.0,1.0,3.215349016531966,7.985087988299398,0.0128701545790913,1545.9737349313714,0.0018868593726978,2.724493493795826,7.302979797562676,0.2362188337055421,157.69536481309672
R1171,FRAGILE,240,2.0,80.0,0.8,4.808467197209945,14.788326616187934,0.0128701545790913,1545.9737349313714,0.0018868593726978,2.724493493795826,7.302979797562676,0.2362188337055421,157.69536481309672
R1171,FRAGILE,320,2.0,80.0,0.4,4.920392986326817,15.677729519597147,0.0128701545790913,1545.9737349313714,0.0018868593726978,2.724493493795826,7.302979797562676,0.2362188337055421,157.69536481309672
R0349,EASY,1,1.0,80.0,0.8,6.194234578638053,11.225293361479766,0.0384541479190392,62.6760902287668,0.2878093995400738,1.0018318645142803,2.405748639081834,0.3741107590123418,116.27636634895808
R0349,EASY,2,1.0,80.0,0.8,4.995311534503946,8.069752424252686,0.0384541479190392,62.6760902287668,0.2878093995400738,1.0018318645142803,2.405748639081834,0.3741107590123418,116.27636634895808
R0349,EASY,3,1.0,80.0,1.0,4.064127282126918,6.299262708347209,0.0384541479190392,62.6760902287668,0.2878093995400738,1.0018318645142803,2.405748639081834,0.3741107590123418,116.27636634895808
R0349,EASY,5,1.0,80.0,1.0,3.1034526836559517,5.140258908511868,0.0384541479190392,62.6760902287668,0.2878093995400738,1.0018318645142803,2.405748639081834,0.3741107590123418,116.27636634895808
R0349,EASY,8,1.0,80.0,1.0,2.426587567967501,4.423049912619786,0.0384541479190392,62.6760902287668,0.2878093995400738,1.0018318645142803,2.405748639081834,0.3741107590123418,116.27636634895808
R0349,EASY,12,1.0,80.0,1.0,2.0854192301973375,4.269296671472138,0.0384541479190392,62.6760902287668,0.2878093995400738,1.0018318645142803,2.405748639081834,0.3741107590123418,116.27636634895808
R0349,EASY,20,1.0,80.0,1.0,1.7240796857952136,3.655923756310704,0.0384541479190392,62.6760902287668,0.2878093995400738,1.0018318645142803,2.405748639081834,0.3741107590123418,116.27636634895808
R0349,EASY,30,1.0,80.0,1.0,1.3172540827854715,2.5789469960736944,0.0384541479190392,62.6760902287668,0.2878093995400738,1.0018318645142803,2.405748639081834,0.3741107590123418,116.27636634895808
R0349,EASY,40,1.0,80.0,1.0,1.142196685877609,2.547923885219002,0.0384541479190392,62.6760902287668,0.2878093995400738,1.0018318645142803,2.405748639081834,0.3741107590123418,116.27636634895808
R0349,EASY,60,1.0,80.0,1.0,0.8503065098854605,2.1287947812069796,0.0384541479190392,62.6760902287668,0.2878093995400738,1.0018318645142803,2.405748639081834,0.3741107590123418,116.27636634895808
R0349,EASY,80,1.0,80.0,1.0,0.9562409177952491,3.064470253031822,0.0384541479190392,62.6760902287668,0.2878093995400738,1.0018318645142803,2.405748639081834,0.3741107590123418,116.27636634895808
R0349,EASY,120,1.0,80.0,1.0,1.2798930540985651,3.5697407656679703,0.0384541479190392,62.6760902287668,0.2878093995400738,1.0018318645142803,2.405748639081834,0.3741107590123418,116.27636634895808
R0349,EASY,160,1.0,80.0,1.0,2.0852315606559477,6.94044066126295,0.0384541479190392,62.6760902287668,0.2878093995400738,1.0018318645142803,2.405748639081834,0.3741107590123418,116.27636634895808
R0349,EASY,240,1.0,80.0,1.0,2.4275246722460837,8.042105283932809,0.0384541479190392,62.6760902287668,0.2878093995400738,1.0018318645142803,2.405748639081834,0.3741107590123418,116.27636634895808
R0349,EASY,320,1.0,80.0,0.8,3.6683909383460205,11.170413076898281,0.0384541479190392,62.6760902287668,0.2878093995400738,1.0018318645142803,2.405748639081834,0.3741107590123418,116.27636634895808
R1179,EASY,1,1.0,80.0,0.8,4.444390488658176,7.73213607944719,0.020132598038617,158.8214540648761,-0.2405740995203627,0.8197229028435804,3.9006943486693935,0.1749832088286455,187.05942891378697
R1179,EASY,2,1.0,80.0,1.0,3.355700427056066,5.434611989651818,0.020132598038617,158.8214540648761,-0.2405740995203627,0.8197229028435804,3.9006943486693935,0.1749832088286455,187.05942891378697
R1179,EASY,3,1.0,80.0,1.0,2.7146542461140526,4.397283264686964,0.020132598038617,158.8214540648761,-0.2405740995203627,0.8197229028435804,3.9006943486693935,0.1749832088286455,187.05942891378697
R1179,EASY,5,1.0,80.0,1.0,1.8670739223690649,3.321670330975588,0.020132598038617,158.8214540648761,-0.2405740995203627,0.8197229028435804,3.9006943486693935,0.1749832088286455,187.05942891378697
R1179,EASY,8,1.0,80.0,1.0,1.478660775522141,3.0569228780109716,0.020132598038617,158.8214540648761,-0.2405740995203627,0.8197229028435804,3.9006943486693935,0.1749832088286455,187.05942891378697
R1179,EASY,12,1.0,80.0,1.0,1.2576956232843217,2.679776415637696,0.020132598038617,158.8214540648761,-0.2405740995203627,0.8197229028435804,3.9006943486693935,0.1749832088286455,187.05942891378697
R1179,EASY,20,1.0,80.0,1.0,0.9295539583784717,1.804920932818294,0.020132598038617,158.8214540648761,-0.2405740995203627,0.8197229028435804,3.9006943486693935,0.1749832088286455,187.05942891378697
R1179,EASY,30,1.0,80.0,1.0,0.8485505220439347,1.9858944328538122,0.020132598038617,158.8214540648761,-0.2405740995203627,0.8197229028435804,3.9006943486693935,0.1749832088286455,187.05942891378697
R1179,EASY,40,1.0,80.0,1.0,0.7725608364013676,1.8678679956480615,0.020132598038617,158.8214540648761,-0.2405740995203627,0.8197229028435804,3.9006943486693935,0.1749832088286455,187.05942891378697
R1179,EASY,60,1.0,80.0,1.0,0.8723872325782182,2.2497400786418926,0.020132598038617,158.8214540648761,-0.2405740995203627,0.8197229028435804,3.9006943486693935,0.1749832088286455,187.05942891378697
R1179,EASY,80,1.0,80.0,1.0,0.7213393801645387,1.8669159955157926,0.020132598038617,158.8214540648761,-0.2405740995203627,0.8197229028435804,3.9006943486693935,0.1749832088286455,187.05942891378697
R1179,EASY,120,1.0,80.0,1.0,0.972533678283894,3.06318335054926,0.020132598038617,158.8214540648761,-0.2405740995203627,0.8197229028435804,3.9006943486693935,0.1749832088286455,187.05942891378697
R1179,EASY,160,1.0,80.0,1.0,1.1224498902521511,3.5419583509405257,0.020132598038617,158.8214540648761,-0.2405740995203627,0.8197229028435804,3.9006943486693935,0.1749832088286455,187.05942891378697
R1179,EASY,240,1.0,80.0,1.0,2.2332699079244245,7.228582557861754,0.020132598038617,158.8214540648761,-0.2405740995203627,0.8197229028435804,3.9006943486693935,0.1749832088286455,187.05942891378697
R1179,EASY,320,1.0,80.0,0.6,3.8770529598192534,12.664663609756781,0.020132598038617,158.8214540648761,-0.2405740995203627,0.8197229028435804,3.9006943486693935,0.1749832088286455,187.05942891378697
R0951,EASY,1,1.0,80.0,1.0,4.726331848884529,8.288283987481016,0.0350385566958044,198.56913638428358,-0.213034126060506,2.4122114911406536,2.884314235626012,0.1988456095577684,151.26116864426243
R0951,EASY,2,1.0,80.0,1.0,3.6149961666392714,6.093754723827461,0.0350385566958044,198.56913638428358,-0.213034126060506,2.4122114911406536,2.884314235626012,0.1988456095577684,151.26116864426243
R0951,EASY,3,1.0,80.0,1.0,3.000333480381221,5.15158954461963,0.0350385566958044,198.56913638428358,-0.213034126060506,2.4122114911406536,2.884314235626012,0.1988456095577684,151.26116864426243
R0951,EASY,5,1.0,80.0,1.0,2.2378584826359096,4.215907475541502,0.0350385566958044,198.56913638428358,-0.213034126060506,2.4122114911406536,2.884314235626012,0.1988456095577684,151.26116864426243
R0951,EASY,8,1.0,80.0,1.0,1.8121428526585959,3.633278892581906,0.0350385566958044,198.56913638428358,-0.213034126060506,2.4122114911406536,2.884314235626012,0.1988456095577684,151.26116864426243
R0951,EASY,12,1.0,80.0,1.0,1.5115813946534202,2.9599211907733114,0.0350385566958044,198.56913638428358,-0.213034126060506,2.4122114911406536,2.884314235626012,0.1988456095577684,151.26116864426243
R0951,EASY,20,1.0,80.0,1.0,1.242729262918397,2.3824397496915752,0.0350385566958044,198.56913638428358,-0.213034126060506,2.4122114911406536,2.884314235626012,0.1988456095577684,151.26116864426243
R0951,EASY,30,1.0,80.0,1.0,1.1581045014793308,2.7270033512772693,0.0350385566958044,198.56913638428358,-0.213034126060506,2.4122114911406536,2.884314235626012,0.1988456095577684,151.26116864426243
R0951,EASY,40,1.0,80.0,1.0,0.9874762069604115,2.5415824433062673,0.0350385566958044,198.56913638428358,-0.213034126060506,2.4122114911406536,2.884314235626012,0.1988456095577684,151.26116864426243
R0951,EASY,60,1.0,80.0,1.0,0.7769539587636514,1.7606772811660047,0.0350385566958044,198.56913638428358,-0.213034126060506,2.4122114911406536,2.884314235626012,0.1988456095577684,151.26116864426243
R0951,EASY,80,1.0,80.0,1.0,0.814846905353465,2.383743291966271,0.0350385566958044,198.56913638428358,-0.213034126060506,2.4122114911406536,2.884314235626012,0.1988456095577684,151.26116864426243
R0951,EASY,120,1.0,80.0,1.0,1.205155844336249,3.6556762081058585,0.0350385566958044,198.56913638428358,-0.213034126060506,2.4122114911406536,2.884314235626012,0.1988456095577684,151.26116864426243
R0951,EASY,160,1.0,80.0,1.0,1.0431103545152896,3.2390537839146702,0.0350385566958044,198.56913638428358,-0.213034126060506,2.4122114911406536,2.884314235626012,0.1988456095577684,151.26116864426243
R0951,EASY,240,1.0,80.0,1.0,1.2733934093528112,4.63946491343374,0.0350385566958044,198.56913638428358,-0.213034126060506,2.4122114911406536,2.884314235626012,0.1988456095577684,151.26116864426243
R0951,EASY,320,1.0,80.0,0.6,3.669575087327428,12.285616005654015,0.0350385566958044,198.56913638428358,-0.213034126060506,2.4122114911406536,2.884314235626012,0.1988456095577684,151.26116864426243
R0579,EASY,1,1.0,80.0,0.8,6.054896274621571,11.080655264946305,0.0261706175018808,243.14125871633894,0.2705973711933548,2.632331728259904,2.4173081274211192,0.4091777318395014,114.4944440858528
R0579,EASY,2,1.0,80.0,1.0,4.845506251500822,8.241537278961854,0.0261706175018808,243.14125871633894,0.2705973711933548,2.632331728259904,2.4173081274211192,0.4091777318395014,114.4944440858528
R0579,EASY,3,1.0,80.0,1.0,4.1710701748606995,6.988658321893619,0.0261706175018808,243.14125871633894,0.2705973711933548,2.632331728259904,2.4173081274211192,0.4091777318395014,114.4944440858528
R0579,EASY,5,1.0,80.0,1.0,2.997188799558632,5.465024989216305,0.0261706175018808,243.14125871633894,0.2705973711933548,2.632331728259904,2.4173081274211192,0.4091777318395014,114.4944440858528
R0579,EASY,8,1.0,80.0,1.0,2.4259148456384008,5.1170594287753435,0.0261706175018808,243.14125871633894,0.2705973711933548,2.632331728259904,2.4173081274211192,0.4091777318395014,114.4944440858528
R0579,EASY,12,1.0,80.0,1.0,2.333521629012109,4.696054144062332,0.0261706175018808,243.14125871633894,0.2705973711933548,2.632331728259904,2.4173081274211192,0.4091777318395014,114.4944440858528
R0579,EASY,20,1.0,80.0,1.0,1.76922817282017,3.558457456731987,0.0261706175018808,243.14125871633894,0.2705973711933548,2.632331728259904,2.4173081274211192,0.4091777318395014,114.4944440858528
R0579,EASY,30,1.0,80.0,1.0,1.4360677098544001,3.179780406021563,0.0261706175018808,243.14125871633894,0.2705973711933548,2.632331728259904,2.4173081274211192,0.4091777318395014,114.4944440858528
R0579,EASY,40,1.0,80.0,1.0,1.2617383352243958,3.248152064127331,0.0261706175018808,243.14125871633894,0.2705973711933548,2.632331728259904,2.4173081274211192,0.4091777318395014,114.4944440858528
R0579,EASY,60,1.0,80.0,1.0,0.9243112884767184,1.980404182807463,0.0261706175018808,243.14125871633894,0.2705973711933548,2.632331728259904,2.4173081274211192,0.4091777318395014,114.4944440858528
R0579,EASY,80,1.0,80.0,1.0,0.9007077166625269,2.3479320707427966,0.0261706175018808,243.14125871633894,0.2705973711933548,2.632331728259904,2.4173081274211192,0.4091777318395014,114.4944440858528
R0579,EASY,120,1.0,80.0,1.0,1.3300781648634703,3.7721702067077745,0.0261706175018808,243.14125871633894,0.2705973711933548,2.632331728259904,2.4173081274211192,0.4091777318395014,114.4944440858528
R0579,EASY,160,1.0,80.0,1.0,1.1566793611237363,3.2126530277234964,0.0261706175018808,243.14125871633894,0.2705973711933548,2.632331728259904,2.4173081274211192,0.4091777318395014,114.4944440858528
R0579,EASY,240,1.0,80.0,1.0,1.397633596087289,5.05335903344008,0.0261706175018808,243.14125871633894,0.2705973711933548,2.632331728259904,2.4173081274211192,0.4091777318395014,114.4944440858528
R0579,EASY,320,1.0,80.0,0.8,2.645314913022701,10.373023649220027,0.0261706175018808,243.14125871633894,0.2705973711933548,2.632331728259904,2.4173081274211192,0.4091777318395014,114.4944440858528
R0193,EASY,1,1.0,80.0,1.0,2.5524290317609317,4.521489192584751,0.025779869908507,282.6231024219264,-0.1219477162827158,1.2088031723617765,6.027438527763332,0.0754836533621515,174.8838243723283
R0193,EASY,2,1.0,80.0,1.0,1.9896145814369013,3.856402350348083,0.025779869908507,282.6231024219264,-0.1219477162827158,1.2088031723617765,6.027438527763332,0.0754836533621515,174.8838243723283
R0193,EASY,3,1.0,80.0,1.0,1.6684474992408247,3.174995413304557,0.025779869908507,282.6231024219264,-0.1219477162827158,1.2088031723617765,6.027438527763332,0.0754836533621515,174.8838243723283
R0193,EASY,5,1.0,80.0,1.0,1.417628188976074,2.65634113628416,0.025779869908507,282.6231024219264,-0.1219477162827158,1.2088031723617765,6.027438527763332,0.0754836533621515,174.8838243723283
R0193,EASY,8,1.0,80.0,1.0,1.1187579235985792,2.099445195391251,0.025779869908507,282.6231024219264,-0.1219477162827158,1.2088031723617765,6.027438527763332,0.0754836533621515,174.8838243723283
R0193,EASY,12,1.0,80.0,1.0,0.9230492437190533,1.77056549759186,0.025779869908507,282.6231024219264,-0.1219477162827158,1.2088031723617765,6.027438527763332,0.0754836533621515,174.8838243723283
R0193,EASY,20,1.0,80.0,1.0,0.895760389557665,2.1896907385073145,0.025779869908507,282.6231024219264,-0.1219477162827158,1.2088031723617765,6.027438527763332,0.0754836533621515,174.8838243723283
R0193,EASY,30,1.0,80.0,1.0,0.8612717409901156,1.8588978133470218,0.025779869908507,282.6231024219264,-0.1219477162827158,1.2088031723617765,6.027438527763332,0.0754836533621515,174.8838243723283
R0193,EASY,40,1.0,80.0,1.0,0.845023167677914,2.226870944643966,0.025779869908507,282.6231024219264,-0.1219477162827158,1.2088031723617765,6.027438527763332,0.0754836533621515,174.8838243723283
R0193,EASY,60,1.0,80.0,1.0,0.7923076498062018,1.850042735666842,0.025779869908507,282.6231024219264,-0.1219477162827158,1.2088031723617765,6.027438527763332,0.0754836533621515,174.8838243723283
R0193,EASY,80,1.0,80.0,1.0,0.7006933779808904,1.6517770134670475,0.025779869908507,282.6231024219264,-0.1219477162827158,1.2088031723617765,6.027438527763332,0.0754836533621515,174.8838243723283
R0193,EASY,120,1.0,80.0,1.0,0.7071987104978463,1.9489178757626315,0.025779869908507,282.6231024219264,-0.1219477162827158,1.2088031723617765,6.027438527763332,0.0754836533621515,174.8838243723283
R0193,EASY,160,1.0,80.0,1.0,1.2352810938627823,4.034678528482068,0.025779869908507,282.6231024219264,-0.1219477162827158,1.2088031723617765,6.027438527763332,0.0754836533621515,174.8838243723283
R0193,EASY,240,1.0,80.0,1.0,3.496485225694125,12.196537396288614,0.025779869908507,282.6231024219264,-0.1219477162827158,1.2088031723617765,6.027438527763332,0.0754836533621515,174.8838243723283
R0193,EASY,320,1.0,80.0,0.2,7.483271301604954,28.273916147159554,0.025779869908507,282.6231024219264,-0.1219477162827158,1.2088031723617765,6.027438527763332,0.0754836533621515,174.8838243723283
R0737,EASY,1,1.0,40.0,0.8,5.420120628924115,10.472256437173678,0.0336476806271285,318.6723721267097,-0.2608297703176691,2.6258294056271434,4.083504503007891,0.129948934810125,63.49635297961372
R0737,EASY,2,1.0,40.0,1.0,4.170259522724983,7.8578734436403765,0.0336476806271285,318.6723721267097,-0.2608297703176691,2.6258294056271434,4.083504503007891,0.129948934810125,63.49635297961372
R0737,EASY,3,1.0,40.0,1.0,3.632648681736085,6.976823599962688,0.0336476806271285,318.6723721267097,-0.2608297703176691,2.6258294056271434,4.083504503007891,0.129948934810125,63.49635297961372
R0737,EASY,5,1.0,40.0,1.0,2.8682259631010423,5.749415845791818,0.0336476806271285,318.6723721267097,-0.2608297703176691,2.6258294056271434,4.083504503007891,0.129948934810125,63.49635297961372
R0737,EASY,8,1.0,40.0,1.0,2.3437152464672115,4.50532587408029,0.0336476806271285,318.6723721267097,-0.2608297703176691,2.6258294056271434,4.083504503007891,0.129948934810125,63.49635297961372
R0737,EASY,12,1.0,40.0,1.0,2.009206773852771,3.946435343343532,0.0336476806271285,318.6723721267097,-0.2608297703176691,2.6258294056271434,4.083504503007891,0.129948934810125,63.49635297961372
R0737,EASY,20,1.0,40.0,1.0,2.075940419127348,5.0864422773551,0.0336476806271285,318.6723721267097,-0.2608297703176691,2.6258294056271434,4.083504503007891,0.129948934810125,63.49635297961372
R0737,EASY,30,1.0,40.0,1.0,1.8698620516728741,4.3845494710840605,0.0336476806271285,318.6723721267097,-0.2608297703176691,2.6258294056271434,4.083504503007891,0.129948934810125,63.49635297961372
R0737,EASY,40,1.0,40.0,1.0,1.7786760151969023,4.412777986489764,0.0336476806271285,318.6723721267097,-0.2608297703176691,2.6258294056271434,4.083504503007891,0.129948934810125,63.49635297961372
R0737,EASY,60,1.0,40.0,1.0,1.4473105815622347,3.556145708010604,0.0336476806271285,318.6723721267097,-0.2608297703176691,2.6258294056271434,4.083504503007891,0.129948934810125,63.49635297961372
R0737,EASY,80,1.0,40.0,1.0,1.5153991986199706,4.533256634533197,0.0336476806271285,318.6723721267097,-0.2608297703176691,2.6258294056271434,4.083504503007891,0.129948934810125,63.49635297961372
R0737,EASY,120,1.0,40.0,1.0,1.4602248452175417,5.10399773619538,0.0336476806271285,318.6723721267097,-0.2608297703176691,2.6258294056271434,4.083504503007891,0.129948934810125,63.49635297961372
R0737,EASY,160,1.0,40.0,1.0,3.346120405055653,11.07781358827591,0.0336476806271285,318.6723721267097,-0.2608297703176691,2.6258294056271434,4.083504503007891,0.129948934810125,63.49635297961372
R0737,EASY,240,1.0,40.0,0.2,13.661030942280295,44.24494487210169,0.0336476806271285,318.6723721267097,-0.2608297703176691,2.6258294056271434,4.083504503007891,0.129948934810125,63.49635297961372
R0737,EASY,320,1.0,40.0,0.0,23.665970538715914,73.99939457693071,0.0336476806271285,318.6723721267097,-0.2608297703176691,2.6258294056271434,4.083504503007891,0.129948934810125,63.49635297961372
R0793,EASY,1,1.0,80.0,0.8,4.513516397234056,7.672589316179878,0.0158617922639515,354.49343818786724,-0.2778522193214218,1.3983938675509122,4.020971062550204,0.0804826806391885,153.50619916555038
R0793,EASY,2,1.0,80.0,1.0,3.4399801102487038,6.037287168991074,0.0158617922639515,354.49343818786724,-0.2778522193214218,1.3983938675509122,4.020971062550204,0.0804826806391885,153.50619916555038
R0793,EASY,3,1.0,80.0,1.0,3.123017732019573,5.846222762607761,0.0158617922639515,354.49343818786724,-0.2778522193214218,1.3983938675509122,4.020971062550204,0.0804826806391885,153.50619916555038
R0793,EASY,5,1.0,80.0,1.0,2.2257785296973465,4.541675627139734,0.0158617922639515,354.49343818786724,-0.2778522193214218,1.3983938675509122,4.020971062550204,0.0804826806391885,153.50619916555038
R0793,EASY,8,1.0,80.0,1.0,1.760511481714433,3.513159467440007,0.0158617922639515,354.49343818786724,-0.2778522193214218,1.3983938675509122,4.020971062550204,0.0804826806391885,153.50619916555038
R0793,EASY,12,1.0,80.0,1.0,1.3932668244831798,2.6104014806914684,0.0158617922639515,354.49343818786724,-0.2778522193214218,1.3983938675509122,4.020971062550204,0.0804826806391885,153.50619916555038
R0793,EASY,20,1.0,80.0,1.0,1.0493724171937098,2.3587758896335975,0.0158617922639515,354.49343818786724,-0.2778522193214218,1.3983938675509122,4.020971062550204,0.0804826806391885,153.50619916555038
R0793,EASY,30,1.0,80.0,1.0,0.9314781710731589,2.1319589353599686,0.0158617922639515,354.49343818786724,-0.2778522193214218,1.3983938675509122,4.020971062550204,0.0804826806391885,153.50619916555038
R0793,EASY,40,1.0,80.0,1.0,0.9109847937070452,2.3819936676230298,0.0158617922639515,354.49343818786724,-0.2778522193214218,1.3983938675509122,4.020971062550204,0.0804826806391885,153.50619916555038
R0793,EASY,60,1.0,80.0,1.0,0.7792042674071011,2.00408238329984,0.0158617922639515,354.49343818786724,-0.2778522193214218,1.3983938675509122,4.020971062550204,0.0804826806391885,153.50619916555038
R0793,EASY,80,1.0,80.0,1.0,0.9111344814115503,2.3892525258340163,0.0158617922639515,354.49343818786724,-0.2778522193214218,1.3983938675509122,4.020971062550204,0.0804826806391885,153.50619916555038
R0793,EASY,120,1.0,80.0,1.0,0.687823463654712,1.8046691273775277,0.0158617922639515,354.49343818786724,-0.2778522193214218,1.3983938675509122,4.020971062550204,0.0804826806391885,153.50619916555038
R0793,EASY,160,1.0,80.0,1.0,0.6854876433999373,2.01045559925113,0.0158617922639515,354.49343818786724,-0.2778522193214218,1.3983938675509122,4.020971062550204,0.0804826806391885,153.50619916555038
R0793,EASY,240,1.0,80.0,1.0,0.8266561839774333,2.8272505293724834,0.0158617922639515,354.49343818786724,-0.2778522193214218,1.3983938675509122,4.020971062550204,0.0804826806391885,153.50619916555038
R0793,EASY,320,1.0,80.0,0.8,2.1501610247686447,9.764394545628361,0.0158617922639515,354.49343818786724,-0.2778522193214218,1.3983938675509122,4.020971062550204,0.0804826806391885,153.50619916555038
R0594,EASY,1,1.0,80.0,1.0,3.855359914063746,7.167621816825391,0.031523655708739,397.6480661261988,0.127192461776181,1.99388976115882,6.28686749588544,0.326812565472426,107.67707900653852
R0594,EASY,2,1.0,80.0,1.0,2.9862468240920643,5.2252817499593665,0.031523655708739,397.6480661261988,0.127192461776181,1.99388976115882,6.28686749588544,0.326812565472426,107.67707900653852
R0594,EASY,3,1.0,80.0,1.0,2.33354854578205,4.038829767034324,0.031523655708739,397.6480661261988,0.127192461776181,1.99388976115882,6.28686749588544,0.326812565472426,107.67707900653852
R0594,EASY,5,1.0,80.0,1.0,1.8345908256623578,3.3338350588879826,0.031523655708739,397.6480661261988,0.127192461776181,1.99388976115882,6.28686749588544,0.326812565472426,107.67707900653852
R0594,EASY,8,1.0,80.0,1.0,1.5789877568894106,3.4209772113789754,0.031523655708739,397.6480661261988,0.127192461776181,1.99388976115882,6.28686749588544,0.326812565472426,107.67707900653852
R0594,EASY,12,1.0,80.0,1.0,1.4513788413279904,3.1401151918442456,0.031523655708739,397.6480661261988,0.127192461776181,1.99388976115882,6.28686749588544,0.326812565472426,107.67707900653852
R0594,EASY,20,1.0,80.0,1.0,1.3582525327295452,3.0235584764021017,0.031523655708739,397.6480661261988,0.127192461776181,1.99388976115882,6.28686749588544,0.326812565472426,107.67707900653852
R0594,EASY,30,1.0,80.0,1.0,1.285925261301749,3.2921986578613187,0.031523655708739,397.6480661261988,0.127192461776181,1.99388976115882,6.28686749588544,0.326812565472426,107.67707900653852
R0594,EASY,40,1.0,80.0,1.0,1.3556771866955817,3.5808691915515056,0.031523655708739,397.6480661261988,0.127192461776181,1.99388976115882,6.28686749588544,0.326812565472426,107.67707900653852
R0594,EASY,60,1.0,80.0,1.0,0.8254466621749819,1.8923185178906508,0.031523655708739,397.6480661261988,0.127192461776181,1.99388976115882,6.28686749588544,0.326812565472426,107.67707900653852
R0594,EASY,80,1.0,80.0,1.0,0.7942930514457585,2.2494428141561817,0.031523655708739,397.6480661261988,0.127192461776181,1.99388976115882,6.28686749588544,0.326812565472426,107.67707900653852
R0594,EASY,120,1.0,80.0,1.0,0.7751846214086685,2.267974089501079,0.031523655708739,397.6480661261988,0.127192461776181,1.99388976115882,6.28686749588544,0.326812565472426,107.67707900653852
R0594,EASY,160,1.0,80.0,1.0,1.143123440743914,3.5888045599611536,0.031523655708739,397.6480661261988,0.127192461776181,1.99388976115882,6.28686749588544,0.326812565472426,107.67707900653852
R0594,EASY,240,1.0,80.0,1.0,1.2522875376347904,4.155803955331541,0.031523655708739,397.6480661261988,0.127192461776181,1.99388976115882,6.28686749588544,0.326812565472426,107.67707900653852
R0594,EASY,320,1.0,80.0,0.6,2.50534526417636,10.545505938452091,0.031523655708739,397.6480661261988,0.127192461776181,1.99388976115882,6.28686749588544,0.326812565472426,107.67707900653852
R1041,EASY,1,1.0,80.0,1.0,2.3748362508969585,4.098602194917264,0.0377912428067354,436.3004616377733,-0.0021740004114314,2.2150671919924365,7.443718521067842,0.2993375290765376,186.68176429486613
R1041,EASY,2,1.0,80.0,1.0,1.7101458548651625,2.8815782027063817,0.0377912428067354,436.3004616377733,-0.0021740004114314,2.2150671919924365,7.443718521067842,0.2993375290765376,186.68176429486613
R1041,EASY,3,1.0,80.0,1.0,1.2519354529890667,2.2310637332147985,0.0377912428067354,436.3004616377733,-0.0021740004114314,2.2150671919924365,7.443718521067842,0.2993375290765376,186.68176429486613
R1041,EASY,5,1.0,80.0,1.0,0.9776241372754153,1.9236754245395886,0.0377912428067354,436.3004616377733,-0.0021740004114314,2.2150671919924365,7.443718521067842,0.2993375290765376,186.68176429486613
R1041,EASY,8,1.0,80.0,1.0,0.8886008413688303,1.9010431033944308,0.0377912428067354,436.3004616377733,-0.0021740004114314,2.2150671919924365,7.443718521067842,0.2993375290765376,186.68176429486613
R1041,EASY,12,1.0,80.0,1.0,0.7573241294280455,1.602573831497995,0.0377912428067354,436.3004616377733,-0.0021740004114314,2.2150671919924365,7.443718521067842,0.2993375290765376,186.68176429486613
R1041,EASY,20,1.0,80.0,1.0,0.5682433198285766,1.4937435352434514,0.0377912428067354,436.3004616377733,-0.0021740004114314,2.2150671919924365,7.443718521067842,0.2993375290765376,186.68176429486613
R1041,EASY,30,1.0,80.0,1.0,0.5763065334465951,1.4416249297826778,0.0377912428067354,436.3004616377733,-0.0021740004114314,2.2150671919924365,7.443718521067842,0.2993375290765376,186.68176429486613
R1041,EASY,40,1.0,80.0,1.0,0.6248294926358027,1.6025389462527184,0.0377912428067354,436.3004616377733,-0.0021740004114314,2.2150671919924365,7.443718521067842,0.2993375290765376,186.68176429486613
R1041,EASY,60,1.0,80.0,1.0,0.5295786852471309,1.378602425325035,0.0377912428067354,436.3004616377733,-0.0021740004114314,2.2150671919924365,7.443718521067842,0.2993375290765376,186.68176429486613
R1041,EASY,80,1.0,80.0,1.0,0.5025153359786939,1.2373683895529486,0.0377912428067354,436.3004616377733,-0.0021740004114314,2.2150671919924365,7.443718521067842,0.2993375290765376,186.68176429486613
R1041,EASY,120,1.0,80.0,1.0,0.4077994275476997,1.026748507674982,0.0377912428067354,436.3004616377733,-0.0021740004114314,2.2150671919924365,7.443718521067842,0.2993375290765376,186.68176429486613
R1041,EASY,160,1.0,80.0,1.0,0.517197466456326,1.5839443702994949,0.0377912428067354,436.3004616377733,-0.0021740004114314,2.2150671919924365,7.443718521067842,0.2993375290765376,186.68176429486613
R1041,EASY,240,1.0,80.0,1.0,0.5718039353645057,1.789441160778658,0.0377912428067354,436.3004616377733,-0.0021740004114314,2.2150671919924365,7.443718521067842,0.2993375290765376,186.68176429486613
R1041,EASY,320,1.0,80.0,1.0,0.8127840996743971,2.7328278780221167,0.0377912428067354,436.3004616377733,-0.0021740004114314,2.2150671919924365,7.443718521067842,0.2993375290765376,186.68176429486613
R0970,EASY,1,1.0,80.0,1.0,4.389606705815409,7.629989346927059,0.0380544566009404,482.69906226695804,-0.219413037907199,1.4816223807012303,12.397794981781304,0.3852962306674284,86.17656642946392
R0970,EASY,2,1.0,80.0,1.0,3.3417193762426414,5.36411982544683,0.0380544566009404,482.69906226695804,-0.219413037907199,1.4816223807012303,12.397794981781304,0.3852962306674284,86.17656642946392
R0970,EASY,3,1.0,80.0,1.0,2.458405274065491,4.077806184081543,0.0380544566009404,482.69906226695804,-0.219413037907199,1.4816223807012303,12.397794981781304,0.3852962306674284,86.17656642946392
R0970,EASY,5,1.0,80.0,1.0,1.707539644678289,3.0639551950079906,0.0380544566009404,482.69906226695804,-0.219413037907199,1.4816223807012303,12.397794981781304,0.3852962306674284,86.17656642946392
R0970,EASY,8,1.0,80.0,1.0,1.4104827454223074,2.8493312877013337,0.0380544566009404,482.69906226695804,-0.219413037907199,1.4816223807012303,12.397794981781304,0.3852962306674284,86.17656642946392
R0970,EASY,12,1.0,80.0,1.0,1.1955532998041871,2.5492966931988637,0.0380544566009404,482.69906226695804,-0.219413037907199,1.4816223807012303,12.397794981781304,0.3852962306674284,86.17656642946392
R0970,EASY,20,1.0,80.0,1.0,1.1142769635278047,2.5218309924645665,0.0380544566009404,482.69906226695804,-0.219413037907199,1.4816223807012303,12.397794981781304,0.3852962306674284,86.17656642946392
R0970,EASY,30,1.0,80.0,1.0,1.0334795988392946,2.5379622157641664,0.0380544566009404,482.69906226695804,-0.219413037907199,1.4816223807012303,12.397794981781304,0.3852962306674284,86.17656642946392
R0970,EASY,40,1.0,80.0,1.0,1.1633063926582046,3.3800154268756173,0.0380544566009404,482.69906226695804,-0.219413037907199,1.4816223807012303,12.397794981781304,0.3852962306674284,86.17656642946392
R0970,EASY,60,1.0,80.0,1.0,0.9525778558258267,2.3446488809123616,0.0380544566009404,482.69906226695804,-0.219413037907199,1.4816223807012303,12.397794981781304,0.3852962306674284,86.17656642946392
R0970,EASY,80,1.0,80.0,1.0,1.0046947583181967,2.943973431521468,0.0380544566009404,482.69906226695804,-0.219413037907199,1.4816223807012303,12.397794981781304,0.3852962306674284,86.17656642946392
R0970,EASY,120,1.0,80.0,1.0,1.4196934890427628,4.383804805118596,0.0380544566009404,482.69906226695804,-0.219413037907199,1.4816223807012303,12.397794981781304,0.3852962306674284,86.17656642946392
R0970,EASY,160,1.0,80.0,1.0,2.788775634081932,9.47372990928325,0.0380544566009404,482.69906226695804,-0.219413037907199,1.4816223807012303,12.397794981781304,0.3852962306674284,86.17656642946392
R0970,EASY,240,1.0,80.0,0.0,27.73248841476613,111.76831218338029,0.0380544566009404,482.69906226695804,-0.219413037907199,1.4816223807012303,12.397794981781304,0.3852962306674284,86.17656642946392
R0970,EASY,320,1.0,80.0,0.0,51.09430163582964,135.66700103359236,0.0380544566009404,482.69906226695804,-0.219413037907199,1.4816223807012303,12.397794981781304,0.3852962306674284,86.17656642946392
R0721,EASY,1,1.0,80.0,1.0,3.281831151527622,5.334829000701342,0.0280574561296468,520.4139306547532,-0.1767840860507694,1.255276445301713,11.632091945366854,0.2045289332495319,123.4687026651639
R0721,EASY,2,1.0,80.0,1.0,2.1458249952824793,3.5477508171018384,0.0280574561296468,520.4139306547532,-0.1767840860507694,1.255276445301713,11.632091945366854,0.2045289332495319,123.4687026651639
R0721,EASY,3,1.0,80.0,1.0,1.6358058281574603,2.8959844413802847,0.0280574561296468,520.4139306547532,-0.1767840860507694,1.255276445301713,11.632091945366854,0.2045289332495319,123.4687026651639
R0721,EASY,5,1.0,80.0,1.0,1.2379227542186837,2.370737052309482,0.0280574561296468,520.4139306547532,-0.1767840860507694,1.255276445301713,11.632091945366854,0.2045289332495319,123.4687026651639
R0721,EASY,8,1.0,80.0,1.0,1.1027186882361055,2.297292922660206,0.0280574561296468,520.4139306547532,-0.1767840860507694,1.255276445301713,11.632091945366854,0.2045289332495319,123.4687026651639
R0721,EASY,12,1.0,80.0,1.0,0.9548469838604356,2.0588308246372504,0.0280574561296468,520.4139306547532,-0.1767840860507694,1.255276445301713,11.632091945366854,0.2045289332495319,123.4687026651639
R0721,EASY,20,1.0,80.0,1.0,0.8144577779012188,2.028659008782724,0.0280574561296468,520.4139306547532,-0.1767840860507694,1.255276445301713,11.632091945366854,0.2045289332495319,123.4687026651639
R0721,EASY,30,1.0,80.0,1.0,0.7927579375885311,1.9652215668927617,0.0280574561296468,520.4139306547532,-0.1767840860507694,1.255276445301713,11.632091945366854,0.2045289332495319,123.4687026651639
R0721,EASY,40,1.0,80.0,1.0,0.8680923609462299,2.3547590061702035,0.0280574561296468,520.4139306547532,-0.1767840860507694,1.255276445301713,11.632091945366854,0.2045289332495319,123.4687026651639
R0721,EASY,60,1.0,80.0,1.0,0.6624620196525053,1.6281823191542777,0.0280574561296468,520.4139306547532,-0.1767840860507694,1.255276445301713,11.632091945366854,0.2045289332495319,123.4687026651639
R0721,EASY,80,1.0,80.0,1.0,0.7136590200482515,1.8246847168826044,0.0280574561296468,520.4139306547532,-0.1767840860507694,1.255276445301713,11.632091945366854,0.2045289332495319,123.4687026651639
R0721,EASY,120,1.0,80.0,1.0,0.657557499654177,1.7410104474565777,0.0280574561296468,520.4139306547532,-0.1767840860507694,1.255276445301713,11.632091945366854,0.2045289332495319,123.4687026651639
R0721,EASY,160,1.0,80.0,1.0,0.9364421064028386,2.801911886169741,0.0280574561296468,520.4139306547532,-0.1767840860507694,1.255276445301713,11.632091945366854,0.2045289332495319,123.4687026651639
R0721,EASY,240,1.0,80.0,1.0,1.8873142276767207,6.527757231931654,0.0280574561296468,520.4139306547532,-0.1767840860507694,1.255276445301713,11.632091945366854,0.2045289332495319,123.4687026651639
R0721,EASY,320,1.0,80.0,0.6,6.3758518669769595,26.519218173875203,0.0280574561296468,520.4139306547532,-0.1767840860507694,1.255276445301713,11.632091945366854,0.2045289332495319,123.4687026651639
R0220,EASY,1,1.0,80.0,1.0,2.324736178397502,4.493317793854205,0.0186289344070986,562.4317566645975,-0.1998872445166323,1.0340952982837086,10.132049068169612,0.1095121782729067,144.57526659157952
R0220,EASY,2,1.0,80.0,1.0,1.9165262751091319,3.928085434459625,0.0186289344070986,562.4317566645975,-0.1998872445166323,1.0340952982837086,10.132049068169612,0.1095121782729067,144.57526659157952
R0220,EASY,3,1.0,80.0,1.0,1.7586777508583757,3.542926143499824,0.0186289344070986,562.4317566645975,-0.1998872445166323,1.0340952982837086,10.132049068169612,0.1095121782729067,144.57526659157952
R0220,EASY,5,1.0,80.0,1.0,1.4373657454645283,2.7393071790759658,0.0186289344070986,562.4317566645975,-0.1998872445166323,1.0340952982837086,10.132049068169612,0.1095121782729067,144.57526659157952
R0220,EASY,8,1.0,80.0,1.0,1.0981437332752433,2.164083808350971,0.0186289344070986,562.4317566645975,-0.1998872445166323,1.0340952982837086,10.132049068169612,0.1095121782729067,144.57526659157952
R0220,EASY,12,1.0,80.0,1.0,0.8725306687042235,1.9178497884090624,0.0186289344070986,562.4317566645975,-0.1998872445166323,1.0340952982837086,10.132049068169612,0.1095121782729067,144.57526659157952
R0220,EASY,20,1.0,80.0,1.0,0.7781339858938354,1.7752911133977445,0.0186289344070986,562.4317566645975,-0.1998872445166323,1.0340952982837086,10.132049068169612,0.1095121782729067,144.57526659157952
R0220,EASY,30,1.0,80.0,1.0,0.7381833806892542,1.7676211226266318,0.0186289344070986,562.4317566645975,-0.1998872445166323,1.0340952982837086,10.132049068169612,0.1095121782729067,144.57526659157952
R0220,EASY,40,1.0,80.0,1.0,0.8508889380247305,2.245236731011382,0.0186289344070986,562.4317566645975,-0.1998872445166323,1.0340952982837086,10.132049068169612,0.1095121782729067,144.57526659157952
R0220,EASY,60,1.0,80.0,1.0,0.649558920721948,1.4109401761583915,0.0186289344070986,562.4317566645975,-0.1998872445166323,1.0340952982837086,10.132049068169612,0.1095121782729067,144.57526659157952
R0220,EASY,80,1.0,80.0,1.0,0.5123139139885169,1.2067005726989977,0.0186289344070986,562.4317566645975,-0.1998872445166323,1.0340952982837086,10.132049068169612,0.1095121782729067,144.57526659157952
R0220,EASY,120,1.0,80.0,1.0,0.5997392498703066,1.594458217734217,0.0186289344070986,562.4317566645975,-0.1998872445166323,1.0340952982837086,10.132049068169612,0.1095121782729067,144.57526659157952
R0220,EASY,160,1.0,80.0,1.0,0.9569952524695919,3.5306819558916565,0.0186289344070986,562.4317566645975,-0.1998872445166323,1.0340952982837086,10.132049068169612,0.1095121782729067,144.57526659157952
R0220,EASY,240,1.0,80.0,1.0,1.5981181506111801,6.675470708745211,0.0186289344070986,562.4317566645975,-0.1998872445166323,1.0340952982837086,10.132049068169612,0.1095121782729067,144.57526659157952
R0220,EASY,320,1.0,80.0,0.4,7.004152404928314,25.988088923015926,0.0186289344070986,562.4317566645975,-0.1998872445166323,1.0340952982837086,10.132049068169612,0.1095121782729067,144.57526659157952
R0764,EASY,1,1.0,80.0,1.0,3.126560410925129,5.9936082125912,0.0268277320339064,601.3650808172752,-0.0133015606930004,1.6610137557441758,9.712900442227957,0.2014909410186848,118.01131199676358
R0764,EASY,2,1.0,80.0,1.0,2.5458504500994836,4.4741833754794085,0.0268277320339064,601.3650808172752,-0.0133015606930004,1.6610137557441758,9.712900442227957,0.2014909410186848,118.01131199676358
R0764,EASY,3,1.0,80.0,1.0,2.1519110179047196,3.74386526575785,0.0268277320339064,601.3650808172752,-0.0133015606930004,1.6610137557441758,9.712900442227957,0.2014909410186848,118.01131199676358
R0764,EASY,5,1.0,80.0,1.0,1.6612472452587816,2.9888899900799624,0.0268277320339064,601.3650808172752,-0.0133015606930004,1.6610137557441758,9.712900442227957,0.2014909410186848,118.01131199676358
R0764,EASY,8,1.0,80.0,1.0,1.5227333114846133,3.303611329996042,0.0268277320339064,601.3650808172752,-0.0133015606930004,1.6610137557441758,9.712900442227957,0.2014909410186848,118.01131199676358
R0764,EASY,12,1.0,80.0,1.0,1.4119156721791106,3.0520298717818632,0.0268277320339064,601.3650808172752,-0.0133015606930004,1.6610137557441758,9.712900442227957,0.2014909410186848,118.01131199676358
R0764,EASY,20,1.0,80.0,1.0,1.3092837941425257,2.9683348998243533,0.0268277320339064,601.3650808172752,-0.0133015606930004,1.6610137557441758,9.712900442227957,0.2014909410186848,118.01131199676358
R0764,EASY,30,1.0,80.0,1.0,1.2247980602344404,3.0369293517652105,0.0268277320339064,601.3650808172752,-0.0133015606930004,1.6610137557441758,9.712900442227957,0.2014909410186848,118.01131199676358
R0764,EASY,40,1.0,80.0,1.0,1.354937901537697,3.5822795611990883,0.0268277320339064,601.3650808172752,-0.0133015606930004,1.6610137557441758,9.712900442227957,0.2014909410186848,118.01131199676358
R0764,EASY,60,1.0,80.0,1.0,0.8243230248304945,1.9060887934147068,0.0268277320339064,601.3650808172752,-0.0133015606930004,1.6610137557441758,9.712900442227957,0.2014909410186848,118.01131199676358
R0764,EASY,80,1.0,80.0,1.0,0.7298147110741646,2.0901238333494434,0.0268277320339064,601.3650808172752,-0.0133015606930004,1.6610137557441758,9.712900442227957,0.2014909410186848,118.01131199676358
R0764,EASY,120,1.0,80.0,1.0,0.7521890830615143,2.1104025316708936,0.0268277320339064,601.3650808172752,-0.0133015606930004,1.6610137557441758,9.712900442227957,0.2014909410186848,118.01131199676358
R0764,EASY,160,1.0,80.0,1.0,1.0828951533609303,3.376278687413907,0.0268277320339064,601.3650808172752,-0.0133015606930004,1.6610137557441758,9.712900442227957,0.2014909410186848,118.01131199676358
R0764,EASY,240,1.0,80.0,1.0,1.140350425436168,3.801886976304677,0.0268277320339064,601.3650808172752,-0.0133015606930004,1.6610137557441758,9.712900442227957,0.2014909410186848,118.01131199676358
R0764,EASY,320,1.0,80.0,1.0,1.8365470507092296,7.2806831119395,0.0268277320339064,601.3650808172752,-0.0133015606930004,1.6610137557441758,9.712900442227957,0.2014909410186848,118.01131199676358
R0968,EASY,1,1.0,80.0,0.8,8.315660529884877,13.691372600772699,0.0256087712134635,660.9839099362937,0.1708618802922599,2.133774552250064,7.93288386886497,0.2780389852999294,139.0756125650961
R0968,EASY,2,1.0,80.0,0.8,6.539289297472871,11.419416607956467,0.0256087712134635,660.9839099362937,0.1708618802922599,2.133774552250064,7.93288386886497,0.2780389852999294,139.0756125650961
R0968,EASY,3,1.0,80.0,1.0,4.0949102478720505,8.111073394462512,0.0256087712134635,660.9839099362937,0.1708618802922599,2.133774552250064,7.93288386886497,0.2780389852999294,139.0756125650961
R0968,EASY,5,1.0,80.0,1.0,4.4756617446285425,9.417700326510886,0.0256087712134635,660.9839099362937,0.1708618802922599,2.133774552250064,7.93288386886497,0.2780389852999294,139.0756125650961
R0968,EASY,8,1.0,80.0,1.0,3.357967163192695,7.202724262679655,0.0256087712134635,660.9839099362937,0.1708618802922599,2.133774552250064,7.93288386886497,0.2780389852999294,139.0756125650961
R0968,EASY,12,1.0,80.0,1.0,2.447394698045455,5.013074422510511,0.0256087712134635,660.9839099362937,0.1708618802922599,2.133774552250064,7.93288386886497,0.2780389852999294,139.0756125650961
R0968,EASY,20,1.0,80.0,1.0,1.7098126528431066,3.9402592441302593,0.0256087712134635,660.9839099362937,0.1708618802922599,2.133774552250064,7.93288386886497,0.2780389852999294,139.0756125650961
R0968,EASY,30,1.0,80.0,1.0,1.8012766074056998,4.562911655314407,0.0256087712134635,660.9839099362937,0.1708618802922599,2.133774552250064,7.93288386886497,0.2780389852999294,139.0756125650961
R0968,EASY,40,1.0,80.0,1.0,1.774093646412923,4.250457430127133,0.0256087712134635,660.9839099362937,0.1708618802922599,2.133774552250064,7.93288386886497,0.2780389852999294,139.0756125650961
R0968,EASY,60,1.0,80.0,1.0,1.1033367912829333,2.4078775178399883,0.0256087712134635,660.9839099362937,0.1708618802922599,2.133774552250064,7.93288386886497,0.2780389852999294,139.0756125650961
R0968,EASY,80,1.0,80.0,1.0,1.003095652072923,2.633475316483594,0.0256087712134635,660.9839099362937,0.1708618802922599,2.133774552250064,7.93288386886497,0.2780389852999294,139.0756125650961
R0968,EASY,120,1.0,80.0,1.0,1.0909237466914536,3.388454654213759,0.0256087712134635,660.9839099362937,0.1708618802922599,2.133774552250064,7.93288386886497,0.2780389852999294,139.0756125650961
R0968,EASY,160,1.0,80.0,1.0,1.4895677132765035,5.3685564055911,0.0256087712134635,660.9839099362937,0.1708618802922599,2.133774552250064,7.93288386886497,0.2780389852999294,139.0756125650961
R0968,EASY,240,1.0,80.0,0.6,2.9587368916259145,12.718722935542877,0.0256087712134635,660.9839099362937,0.1708618802922599,2.133774552250064,7.93288386886497,0.2780389852999294,139.0756125650961
R0968,EASY,320,1.0,80.0,0.6,7.718582416584806,24.62723238608295,0.0256087712134635,660.9839099362937,0.1708618802922599,2.133774552250064,7.93288386886497,0.2780389852999294,139.0756125650961
R0225,EASY,1,1.0,15.0,1.0,4.769125144984796,8.236022056142485,0.0332387212099385,705.0463283291126,-0.0897551107457856,1.8616775435374997,12.588022253785162,0.1897831239684256,96.16627491259048
R0225,EASY,2,1.0,15.0,1.0,3.2504380400465935,5.526027122783908,0.0332387212099385,705.0463283291126,-0.0897551107457856,1.8616775435374997,12.588022253785162,0.1897831239684256,96.16627491259048
R0225,EASY,3,1.0,15.0,1.0,2.4696348395051997,4.296589943348057,0.0332387212099385,705.0463283291126,-0.0897551107457856,1.8616775435374997,12.588022253785162,0.1897831239684256,96.16627491259048
R0225,EASY,5,1.0,15.0,1.0,1.7582054110247896,3.4360284797941816,0.0332387212099385,705.0463283291126,-0.0897551107457856,1.8616775435374997,12.588022253785162,0.1897831239684256,96.16627491259048
R0225,EASY,8,1.0,15.0,1.0,1.3554040222718027,2.6836941265727994,0.0332387212099385,705.0463283291126,-0.0897551107457856,1.8616775435374997,12.588022253785162,0.1897831239684256,96.16627491259048
R0225,EASY,12,1.0,15.0,1.0,1.1644780914209167,2.2007197412610786,0.0332387212099385,705.0463283291126,-0.0897551107457856,1.8616775435374997,12.588022253785162,0.1897831239684256,96.16627491259048
R0225,EASY,20,1.0,15.0,1.0,1.0455969245868864,2.410909313659754,0.0332387212099385,705.0463283291126,-0.0897551107457856,1.8616775435374997,12.588022253785162,0.1897831239684256,96.16627491259048
R0225,EASY,30,1.0,15.0,1.0,0.9702345899697082,2.275246199493549,0.0332387212099385,705.0463283291126,-0.0897551107457856,1.8616775435374997,12.588022253785162,0.1897831239684256,96.16627491259048
R0225,EASY,40,1.0,15.0,1.0,1.0317965900799806,2.68753307241015,0.0332387212099385,705.0463283291126,-0.0897551107457856,1.8616775435374997,12.588022253785162,0.1897831239684256,96.16627491259048
R0225,EASY,60,1.0,15.0,1.0,0.842573063157827,2.2318238262527657,0.0332387212099385,705.0463283291126,-0.0897551107457856,1.8616775435374997,12.588022253785162,0.1897831239684256,96.16627491259048
R0225,EASY,80,1.0,15.0,1.0,0.8331539143761908,2.140934558248748,0.0332387212099385,705.0463283291126,-0.0897551107457856,1.8616775435374997,12.588022253785162,0.1897831239684256,96.16627491259048
R0225,EASY,120,1.0,15.0,1.0,0.9268154004197745,2.8981677045952847,0.0332387212099385,705.0463283291126,-0.0897551107457856,1.8616775435374997,12.588022253785162,0.1897831239684256,96.16627491259048
R0225,EASY,160,1.0,15.0,1.0,1.098937000294031,3.615186345494238,0.0332387212099385,705.0463283291126,-0.0897551107457856,1.8616775435374997,12.588022253785162,0.1897831239684256,96.16627491259048
R0225,EASY,240,1.0,15.0,0.6,3.2941157074962866,13.615253358199624,0.0332387212099385,705.0463283291126,-0.0897551107457856,1.8616775435374997,12.588022253785162,0.1897831239684256,96.16627491259048
R0225,EASY,320,1.0,15.0,0.0,28.332022488379852,92.40132743207229,0.0332387212099385,705.0463283291126,-0.0897551107457856,1.8616775435374997,12.588022253785162,0.1897831239684256,96.16627491259048
R0353,EASY,1,1.0,15.0,0.8,4.08859366002805,8.538770933290575,0.0356793632009572,757.2764888512281,0.2722739105749771,1.8506076360302472,14.60014665627748,0.1946833023508158,65.69544885119237
R0353,EASY,2,1.0,15.0,1.0,3.594824921245672,6.984463280611263,0.0356793632009572,757.2764888512281,0.2722739105749771,1.8506076360302472,14.60014665627748,0.1946833023508158,65.69544885119237
R0353,EASY,3,1.0,15.0,1.0,3.1188698966571495,5.886948967829428,0.0356793632009572,757.2764888512281,0.2722739105749771,1.8506076360302472,14.60014665627748,0.1946833023508158,65.69544885119237
R0353,EASY,5,1.0,15.0,1.0,2.5367375725926484,4.807127291227924,0.0356793632009572,757.2764888512281,0.2722739105749771,1.8506076360302472,14.60014665627748,0.1946833023508158,65.69544885119237
R0353,EASY,8,1.0,15.0,1.0,2.0012796775605133,3.8568120967085235,0.0356793632009572,757.2764888512281,0.2722739105749771,1.8506076360302472,14.60014665627748,0.1946833023508158,65.69544885119237
R0353,EASY,12,1.0,15.0,1.0,1.856097384984197,3.5345248742358963,0.0356793632009572,757.2764888512281,0.2722739105749771,1.8506076360302472,14.60014665627748,0.1946833023508158,65.69544885119237
R0353,EASY,20,1.0,15.0,1.0,1.7970120950343205,4.667548073088483,0.0356793632009572,757.2764888512281,0.2722739105749771,1.8506076360302472,14.60014665627748,0.1946833023508158,65.69544885119237
R0353,EASY,30,1.0,15.0,1.0,1.6792029249906573,3.8006917327499066,0.0356793632009572,757.2764888512281,0.2722739105749771,1.8506076360302472,14.60014665627748,0.1946833023508158,65.69544885119237
R0353,EASY,40,1.0,15.0,1.0,1.6819198350833005,4.665730547350904,0.0356793632009572,757.2764888512281,0.2722739105749771,1.8506076360302472,14.60014665627748,0.1946833023508158,65.69544885119237
R0353,EASY,60,1.0,15.0,1.0,1.2492795730882764,2.8196899689271975,0.0356793632009572,757.2764888512281,0.2722739105749771,1.8506076360302472,14.60014665627748,0.1946833023508158,65.69544885119237
R0353,EASY,80,1.0,15.0,1.0,1.6833239358247127,5.084969849200909,0.0356793632009572,757.2764888512281,0.2722739105749771,1.8506076360302472,14.60014665627748,0.1946833023508158,65.69544885119237
R0353,EASY,120,1.0,15.0,0.8,2.3591406697904653,8.239089778215755,0.0356793632009572,757.2764888512281,0.2722739105749771,1.8506076360302472,14.60014665627748,0.1946833023508158,65.69544885119237
R0353,EASY,160,1.0,15.0,0.2,12.041390224525191,53.80231460638779,0.0356793632009572,757.2764888512281,0.2722739105749771,1.8506076360302472,14.60014665627748,0.1946833023508158,65.69544885119237
R0353,EASY,240,1.0,15.0,0.0,94.21553960527442,298.53408521798093,0.0356793632009572,757.2764888512281,0.2722739105749771,1.8506076360302472,14.60014665627748,0.1946833023508158,65.69544885119237
R0353,EASY,320,1.0,15.0,0.0,132.42071966867076,361.07886579274907,0.0356793632009572,757.2764888512281,0.2722739105749771,1.8506076360302472,14.60014665627748,0.1946833023508158,65.69544885119237
R1155,EASY,1,1.0,80.0,1.0,1.748824927416921,3.106655390561589,0.0246329498777466,817.7746093405183,-0.0897300219204714,1.6109078271823862,12.504874967559566,0.2867847057998826,185.0392019421396
R1155,EASY,2,1.0,80.0,1.0,1.3662586549642755,2.3834799716407757,0.0246329498777466,817.7746093405183,-0.0897300219204714,1.6109078271823862,12.504874967559566,0.2867847057998826,185.0392019421396
R1155,EASY,3,1.0,80.0,1.0,1.0763454057087016,1.9756998637944037,0.0246329498777466,817.7746093405183,-0.0897300219204714,1.6109078271823862,12.504874967559566,0.2867847057998826,185.0392019421396
R1155,EASY,5,1.0,80.0,1.0,0.8602265069517735,1.7555856026938783,0.0246329498777466,817.7746093405183,-0.0897300219204714,1.6109078271823862,12.504874967559566,0.2867847057998826,185.0392019421396
R1155,EASY,8,1.0,80.0,1.0,0.7963623339667314,1.5982418155908658,0.0246329498777466,817.7746093405183,-0.0897300219204714,1.6109078271823862,12.504874967559566,0.2867847057998826,185.0392019421396
R1155,EASY,12,1.0,80.0,1.0,0.6623235992883529,1.3883817765795536,0.0246329498777466,817.7746093405183,-0.0897300219204714,1.6109078271823862,12.504874967559566,0.2867847057998826,185.0392019421396
R1155,EASY,20,1.0,80.0,1.0,0.562471668019062,1.2480403776296138,0.0246329498777466,817.7746093405183,-0.0897300219204714,1.6109078271823862,12.504874967559566,0.2867847057998826,185.0392019421396
R1155,EASY,30,1.0,80.0,1.0,0.6054581600551271,1.4805957740973408,0.0246329498777466,817.7746093405183,-0.0897300219204714,1.6109078271823862,12.504874967559566,0.2867847057998826,185.0392019421396
R1155,EASY,40,1.0,80.0,1.0,0.6161075656234694,1.5061221358151353,0.0246329498777466,817.7746093405183,-0.0897300219204714,1.6109078271823862,12.504874967559566,0.2867847057998826,185.0392019421396
R1155,EASY,60,1.0,80.0,1.0,0.49019092625167177,1.3854293116270182,0.0246329498777466,817.7746093405183,-0.0897300219204714,1.6109078271823862,12.504874967559566,0.2867847057998826,185.0392019421396
R1155,EASY,80,1.0,80.0,1.0,0.4877771687885442,1.26196633202369,0.0246329498777466,817.7746093405183,-0.0897300219204714,1.6109078271823862,12.504874967559566,0.2867847057998826,185.0392019421396
R1155,EASY,120,1.0,80.0,1.0,0.4046137160350286,0.9587776936351802,0.0246329498777466,817.7746093405183,-0.0897300219204714,1.6109078271823862,12.504874967559566,0.2867847057998826,185.0392019421396
R1155,EASY,160,1.0,80.0,1.0,0.4966757542430013,1.4559018530215284,0.0246329498777466,817.7746093405183,-0.0897300219204714,1.6109078271823862,12.504874967559566,0.2867847057998826,185.0392019421396
R1155,EASY,240,1.0,80.0,1.0,0.6450631405921152,2.237728159985922,0.0246329498777466,817.7746093405183,-0.0897300219204714,1.6109078271823862,12.504874967559566,0.2867847057998826,185.0392019421396
R1155,EASY,320,1.0,80.0,1.0,0.6031755766438455,2.3393900523221696,0.0246329498777466,817.7746093405183,-0.0897300219204714,1.6109078271823862,12.504874967559566,0.2867847057998826,185.0392019421396
R0011,EASY,1,1.0,80.0,1.0,5.620819842764172,9.3497921757758,0.0247630887575616,920.8085073339179,0.0356772705404649,1.8042332879478655,12.638090067478291,0.2510418986634238,87.75706454397438
R0011,EASY,2,1.0,80.0,1.0,3.8202507116180406,6.015449040871208,0.0247630887575616,920.8085073339179,0.0356772705404649,1.8042332879478655,12.638090067478291,0.2510418986634238,87.75706454397438
R0011,EASY,3,1.0,80.0,1.0,2.7630327999358526,4.932396082203274,0.0247630887575616,920.8085073339179,0.0356772705404649,1.8042332879478655,12.638090067478291,0.2510418986634238,87.75706454397438
R0011,EASY,5,1.0,80.0,1.0,2.0946747182657193,3.807491013647577,0.0247630887575616,920.8085073339179,0.0356772705404649,1.8042332879478655,12.638090067478291,0.2510418986634238,87.75706454397438
R0011,EASY,8,1.0,80.0,1.0,1.6854118307057455,3.34952786717873,0.0247630887575616,920.8085073339179,0.0356772705404649,1.8042332879478655,12.638090067478291,0.2510418986634238,87.75706454397438
R0011,EASY,12,1.0,80.0,1.0,1.4932317475031367,2.9639720881225875,0.0247630887575616,920.8085073339179,0.0356772705404649,1.8042332879478655,12.638090067478291,0.2510418986634238,87.75706454397438
R0011,EASY,20,1.0,80.0,1.0,1.146991241020189,2.6197840463415956,0.0247630887575616,920.8085073339179,0.0356772705404649,1.8042332879478655,12.638090067478291,0.2510418986634238,87.75706454397438
R0011,EASY,30,1.0,80.0,1.0,1.1436884538657262,3.15740174709786,0.0247630887575616,920.8085073339179,0.0356772705404649,1.8042332879478655,12.638090067478291,0.2510418986634238,87.75706454397438
R0011,EASY,40,1.0,80.0,1.0,1.2457468226330253,3.164588817743687,0.0247630887575616,920.8085073339179,0.0356772705404649,1.8042332879478655,12.638090067478291,0.2510418986634238,87.75706454397438
R0011,EASY,60,1.0,80.0,1.0,0.959571773525999,2.6286441006742898,0.0247630887575616,920.8085073339179,0.0356772705404649,1.8042332879478655,12.638090067478291,0.2510418986634238,87.75706454397438
R0011,EASY,80,1.0,80.0,1.0,0.9174248338519593,2.8273246601572093,0.0247630887575616,920.8085073339179,0.0356772705404649,1.8042332879478655,12.638090067478291,0.2510418986634238,87.75706454397438
R0011,EASY,120,1.0,80.0,1.0,0.8228521191696675,2.486796017796273,0.0247630887575616,920.8085073339179,0.0356772705404649,1.8042332879478655,12.638090067478291,0.2510418986634238,87.75706454397438
R0011,EASY,160,1.0,80.0,1.0,1.3459730676438975,4.717737230055951,0.0247630887575616,920.8085073339179,0.0356772705404649,1.8042332879478655,12.638090067478291,0.2510418986634238,87.75706454397438
R0011,EASY,240,1.0,80.0,0.6,5.634259307367193,23.13899640617989,0.0247630887575616,920.8085073339179,0.0356772705404649,1.8042332879478655,12.638090067478291,0.2510418986634238,87.75706454397438
R0011,EASY,320,1.0,80.0,0.0,50.25543504860415,168.7319723725472,0.0247630887575616,920.8085073339179,0.0356772705404649,1.8042332879478655,12.638090067478291,0.2510418986634238,87.75706454397438
R0706,EASY,1,1.0,80.0,0.2,9.858076953437834,18.98998471064479,0.0107228073436975,1011.9973391845899,-0.2134844327411268,2.492740853550658,4.353221268449968,0.2923552869139085,175.95811604399736
R0706,EASY,2,1.0,80.0,1.0,6.29791693533021,10.589016648147183,0.0107228073436975,1011.9973391845899,-0.2134844327411268,2.492740853550658,4.353221268449968,0.2923552869139085,175.95811604399736
R0706,EASY,3,1.0,80.0,1.0,5.927887815852386,10.727300690680542,0.0107228073436975,1011.9973391845899,-0.2134844327411268,2.492740853550658,4.353221268449968,0.2923552869139085,175.95811604399736
R0706,EASY,5,1.0,80.0,1.0,3.5418998542999667,7.416084579237513,0.0107228073436975,1011.9973391845899,-0.2134844327411268,2.492740853550658,4.353221268449968,0.2923552869139085,175.95811604399736
R0706,EASY,8,1.0,80.0,1.0,3.867930837203198,8.869740990854627,0.0107228073436975,1011.9973391845899,-0.2134844327411268,2.492740853550658,4.353221268449968,0.2923552869139085,175.95811604399736
R0706,EASY,12,1.0,80.0,1.0,3.8176237071977503,8.263807569561097,0.0107228073436975,1011.9973391845899,-0.2134844327411268,2.492740853550658,4.353221268449968,0.2923552869139085,175.95811604399736
R0706,EASY,20,1.0,80.0,1.0,2.482275419165232,5.207078429537575,0.0107228073436975,1011.9973391845899,-0.2134844327411268,2.492740853550658,4.353221268449968,0.2923552869139085,175.95811604399736
R0706,EASY,30,1.0,80.0,1.0,1.2858167850917215,2.8155031579062633,0.0107228073436975,1011.9973391845899,-0.2134844327411268,2.492740853550658,4.353221268449968,0.2923552869139085,175.95811604399736
R0706,EASY,40,1.0,80.0,1.0,1.9396021370744492,4.9080343491209675,0.0107228073436975,1011.9973391845899,-0.2134844327411268,2.492740853550658,4.353221268449968,0.2923552869139085,175.95811604399736
R0706,EASY,60,1.0,80.0,1.0,1.7186214260084487,4.39317826804444,0.0107228073436975,1011.9973391845899,-0.2134844327411268,2.492740853550658,4.353221268449968,0.2923552869139085,175.95811604399736
R0706,EASY,80,1.0,80.0,1.0,1.8795593238564798,4.8992728005563535,0.0107228073436975,1011.9973391845899,-0.2134844327411268,2.492740853550658,4.353221268449968,0.2923552869139085,175.95811604399736
R0706,EASY,120,1.0,80.0,1.0,1.838608697602964,5.352584265482762,0.0107228073436975,1011.9973391845899,-0.2134844327411268,2.492740853550658,4.353221268449968,0.2923552869139085,175.95811604399736
R0706,EASY,160,1.0,80.0,1.0,2.378645502902665,8.265610778806264,0.0107228073436975,1011.9973391845899,-0.2134844327411268,2.492740853550658,4.353221268449968,0.2923552869139085,175.95811604399736
R0706,EASY,240,1.0,80.0,0.8,3.2546200286622367,11.797743429202958,0.0107228073436975,1011.9973391845899,-0.2134844327411268,2.492740853550658,4.353221268449968,0.2923552869139085,175.95811604399736
R0706,EASY,320,1.0,80.0,0.4,8.142296573656662,32.743989673858906,0.0107228073436975,1011.9973391845899,-0.2134844327411268,2.492740853550658,4.353221268449968,0.2923552869139085,175.95811604399736
R0311,EASY,1,1.0,80.0,0.6,7.0466730361086745,12.904270148223464,0.0309801203849102,1089.5557785506894,0.14612334721506,2.5765176388594684,13.100849253458575,0.1986234525331819,105.25107225832332
R0311,EASY,2,1.0,80.0,1.0,4.808055981568538,8.038437165746661,0.0309801203849102,1089.5557785506894,0.14612334721506,2.5765176388594684,13.100849253458575,0.1986234525331819,105.25107225832332
R0311,EASY,3,1.0,80.0,1.0,3.3234651265458455,5.436349705570846,0.0309801203849102,1089.5557785506894,0.14612334721506,2.5765176388594684,13.100849253458575,0.1986234525331819,105.25107225832332
R0311,EASY,5,1.0,80.0,1.0,2.1786970649275,3.9514623722888857,0.0309801203849102,1089.5557785506894,0.14612334721506,2.5765176388594684,13.100849253458575,0.1986234525331819,105.25107225832332
R0311,EASY,8,1.0,80.0,1.0,1.5833984986055483,3.0674258198711297,0.0309801203849102,1089.5557785506894,0.14612334721506,2.5765176388594684,13.100849253458575,0.1986234525331819,105.25107225832332
R0311,EASY,12,1.0,80.0,1.0,1.272069517625217,2.6068444130250588,0.0309801203849102,1089.5557785506894,0.14612334721506,2.5765176388594684,13.100849253458575,0.1986234525331819,105.25107225832332
R0311,EASY,20,1.0,80.0,1.0,1.186332092878693,2.714466754113462,0.0309801203849102,1089.5557785506894,0.14612334721506,2.5765176388594684,13.100849253458575,0.1986234525331819,105.25107225832332
R0311,EASY,30,1.0,80.0,1.0,1.2754310533424331,3.164794075062003,0.0309801203849102,1089.5557785506894,0.14612334721506,2.5765176388594684,13.100849253458575,0.1986234525331819,105.25107225832332
R0311,EASY,40,1.0,80.0,1.0,1.2952143295000156,3.09537126302631,0.0309801203849102,1089.5557785506894,0.14612334721506,2.5765176388594684,13.100849253458575,0.1986234525331819,105.25107225832332
R0311,EASY,60,1.0,80.0,1.0,0.8312212104766006,2.0480935293764078,0.0309801203849102,1089.5557785506894,0.14612334721506,2.5765176388594684,13.100849253458575,0.1986234525331819,105.25107225832332
R0311,EASY,80,1.0,80.0,1.0,0.7528594455652017,2.344354225367831,0.0309801203849102,1089.5557785506894,0.14612334721506,2.5765176388594684,13.100849253458575,0.1986234525331819,105.25107225832332
R0311,EASY,120,1.0,80.0,1.0,0.7232383857998087,2.156304220892731,0.0309801203849102,1089.5557785506894,0.14612334721506,2.5765176388594684,13.100849253458575,0.1986234525331819,105.25107225832332
R0311,EASY,160,1.0,80.0,1.0,0.9566482272680357,3.121570146736624,0.0309801203849102,1089.5557785506894,0.14612334721506,2.5765176388594684,13.100849253458575,0.1986234525331819,105.25107225832332
R0311,EASY,240,1.0,80.0,1.0,2.2928178970951416,9.1490946763837,0.0309801203849102,1089.5557785506894,0.14612334721506,2.5765176388594684,13.100849253458575,0.1986234525331819,105.25107225832332
R0311,EASY,320,1.0,80.0,0.6,5.8363691896847225,29.286374903511547,0.0309801203849102,1089.5557785506894,0.14612334721506,2.5765176388594684,13.100849253458575,0.1986234525331819,105.25107225832332
R0429,EASY,1,1.0,80.0,0.8,5.635807454690344,10.453325611108712,0.0227604941917159,1178.2148240831907,0.2807880301642974,1.8755499608098636,14.298073749290872,0.4053537562457094,132.54484470839324
R0429,EASY,2,1.0,80.0,1.0,3.7277240678534644,6.5063854997369175,0.0227604941917159,1178.2148240831907,0.2807880301642974,1.8755499608098636,14.298073749290872,0.4053537562457094,132.54484470839324
R0429,EASY,3,1.0,80.0,1.0,2.9648146935719897,5.717851256240602,0.0227604941917159,1178.2148240831907,0.2807880301642974,1.8755499608098636,14.298073749290872,0.4053537562457094,132.54484470839324
R0429,EASY,5,1.0,80.0,1.0,2.0449067997331545,4.375857349143723,0.0227604941917159,1178.2148240831907,0.2807880301642974,1.8755499608098636,14.298073749290872,0.4053537562457094,132.54484470839324
R0429,EASY,8,1.0,80.0,1.0,1.6443557783022225,3.8024902444571085,0.0227604941917159,1178.2148240831907,0.2807880301642974,1.8755499608098636,14.298073749290872,0.4053537562457094,132.54484470839324
R0429,EASY,12,1.0,80.0,1.0,1.368912826075121,3.0874116289905094,0.0227604941917159,1178.2148240831907,0.2807880301642974,1.8755499608098636,14.298073749290872,0.4053537562457094,132.54484470839324
R0429,EASY,20,1.0,80.0,1.0,1.1819898272342262,2.6017360577552915,0.0227604941917159,1178.2148240831907,0.2807880301642974,1.8755499608098636,14.298073749290872,0.4053537562457094,132.54484470839324
R0429,EASY,30,1.0,80.0,1.0,1.277425652445133,3.2407295662036333,0.0227604941917159,1178.2148240831907,0.2807880301642974,1.8755499608098636,14.298073749290872,0.4053537562457094,132.54484470839324
R0429,EASY,40,1.0,80.0,1.0,1.2594824697804072,3.086483833252754,0.0227604941917159,1178.2148240831907,0.2807880301642974,1.8755499608098636,14.298073749290872,0.4053537562457094,132.54484470839324
R0429,EASY,60,1.0,80.0,1.0,0.826068960981754,1.9884734433478157,0.0227604941917159,1178.2148240831907,0.2807880301642974,1.8755499608098636,14.298073749290872,0.4053537562457094,132.54484470839324
R0429,EASY,80,1.0,80.0,1.0,0.6279847998599191,1.5799132768658066,0.0227604941917159,1178.2148240831907,0.2807880301642974,1.8755499608098636,14.298073749290872,0.4053537562457094,132.54484470839324
R0429,EASY,120,1.0,80.0,1.0,0.6377127723998157,1.7610449627131513,0.0227604941917159,1178.2148240831907,0.2807880301642974,1.8755499608098636,14.298073749290872,0.4053537562457094,132.54484470839324
R0429,EASY,160,1.0,80.0,1.0,0.7376376163315107,2.4081823350000326,0.0227604941917159,1178.2148240831907,0.2807880301642974,1.8755499608098636,14.298073749290872,0.4053537562457094,132.54484470839324
R0429,EASY,240,1.0,80.0,1.0,1.3974995006137847,4.953172208559481,0.0227604941917159,1178.2148240831907,0.2807880301642974,1.8755499608098636,14.298073749290872,0.4053537562457094,132.54484470839324
R0429,EASY,320,1.0,80.0,0.8,2.2543196124750398,10.706060356440569,0.0227604941917159,1178.2148240831907,0.2807880301642974,1.8755499608098636,14.298073749290872,0.4053537562457094,132.54484470839324
R0963,EASY,1,1.0,40.0,1.0,4.073765351166008,7.327913700431689,0.0207448055499463,1316.741171569676,-0.0284659341932549,1.9733771178188853,13.842027110364215,0.3065583744455881,116.07210534097143
R0963,EASY,2,1.0,40.0,1.0,2.910350742997266,5.3641871385500615,0.0207448055499463,1316.741171569676,-0.0284659341932549,1.9733771178188853,13.842027110364215,0.3065583744455881,116.07210534097143
R0963,EASY,3,1.0,40.0,1.0,2.3042098805631546,4.36687547548634,0.0207448055499463,1316.741171569676,-0.0284659341932549,1.9733771178188853,13.842027110364215,0.3065583744455881,116.07210534097143
R0963,EASY,5,1.0,40.0,1.0,1.9077476248665572,3.996385957284165,0.0207448055499463,1316.741171569676,-0.0284659341932549,1.9733771178188853,13.842027110364215,0.3065583744455881,116.07210534097143
R0963,EASY,8,1.0,40.0,1.0,1.5750736272987047,3.11469757519058,0.0207448055499463,1316.741171569676,-0.0284659341932549,1.9733771178188853,13.842027110364215,0.3065583744455881,116.07210534097143
R0963,EASY,12,1.0,40.0,1.0,1.2540864463038113,2.638138808002849,0.0207448055499463,1316.741171569676,-0.0284659341932549,1.9733771178188853,13.842027110364215,0.3065583744455881,116.07210534097143
R0963,EASY,20,1.0,40.0,1.0,0.8789595117507293,2.209168958043649,0.0207448055499463,1316.741171569676,-0.0284659341932549,1.9733771178188853,13.842027110364215,0.3065583744455881,116.07210534097143
R0963,EASY,30,1.0,40.0,1.0,0.8645906666993067,2.2740496666422856,0.0207448055499463,1316.741171569676,-0.0284659341932549,1.9733771178188853,13.842027110364215,0.3065583744455881,116.07210534097143
R0963,EASY,40,1.0,40.0,1.0,0.8555949334549517,2.1154192384558264,0.0207448055499463,1316.741171569676,-0.0284659341932549,1.9733771178188853,13.842027110364215,0.3065583744455881,116.07210534097143
R0963,EASY,60,1.0,40.0,1.0,0.7840681822599549,1.9522642178921086,0.0207448055499463,1316.741171569676,-0.0284659341932549,1.9733771178188853,13.842027110364215,0.3065583744455881,116.07210534097143
R0963,EASY,80,1.0,40.0,1.0,0.8095452851313647,2.246861121777836,0.0207448055499463,1316.741171569676,-0.0284659341932549,1.9733771178188853,13.842027110364215,0.3065583744455881,116.07210534097143
R0963,EASY,120,1.0,40.0,1.0,0.6441570892722355,1.6002091111038101,0.0207448055499463,1316.741171569676,-0.0284659341932549,1.9733771178188853,13.842027110364215,0.3065583744455881,116.07210534097143
R0963,EASY,160,1.0,40.0,1.0,0.7369591939000115,2.032214229540937,0.0207448055499463,1316.741171569676,-0.0284659341932549,1.9733771178188853,13.842027110364215,0.3065583744455881,116.07210534097143
R0963,EASY,240,1.0,40.0,1.0,0.7697679348133772,2.6075180930334367,0.0207448055499463,1316.741171569676,-0.0284659341932549,1.9733771178188853,13.842027110364215,0.3065583744455881,116.07210534097143
R0963,EASY,320,1.0,40.0,1.0,1.0051153643651491,3.174614594258995,0.0207448055499463,1316.741171569676,-0.0284659341932549,1.9733771178188853,13.842027110364215,0.3065583744455881,116.07210534097143
R0736,EASY,1,1.0,40.0,0.8,8.616532464616713,15.343364411564158,0.0214080786885726,1562.2055145285328,-0.0718719074281402,2.886584984722453,11.585946285923926,0.3448860485269825,61.6599492314208
R0736,EASY,2,1.0,40.0,1.0,5.375496013201014,9.318138054861596,0.0214080786885726,1562.2055145285328,-0.0718719074281402,2.886584984722453,11.585946285923926,0.3448860485269825,61.6599492314208
R0736,EASY,3,1.0,40.0,1.0,4.1321874258643785,7.344239206516436,0.0214080786885726,1562.2055145285328,-0.0718719074281402,2.886584984722453,11.585946285923926,0.3448860485269825,61.6599492314208
R0736,EASY,5,1.0,40.0,1.0,2.8502506505442278,5.420233914990979,0.0214080786885726,1562.2055145285328,-0.0718719074281402,2.886584984722453,11.585946285923926,0.3448860485269825,61.6599492314208
R0736,EASY,8,1.0,40.0,1.0,2.630904920437879,5.117271737536569,0.0214080786885726,1562.2055145285328,-0.0718719074281402,2.886584984722453,11.585946285923926,0.3448860485269825,61.6599492314208
R0736,EASY,12,1.0,40.0,1.0,2.2220215243765495,4.808328117249129,0.0214080786885726,1562.2055145285328,-0.0718719074281402,2.886584984722453,11.585946285923926,0.3448860485269825,61.6599492314208
R0736,EASY,20,1.0,40.0,1.0,2.0728134036487624,4.661921971169651,0.0214080786885726,1562.2055145285328,-0.0718719074281402,2.886584984722453,11.585946285923926,0.3448860485269825,61.6599492314208
R0736,EASY,30,1.0,40.0,1.0,1.9466711115869848,4.715761030943841,0.0214080786885726,1562.2055145285328,-0.0718719074281402,2.886584984722453,11.585946285923926,0.3448860485269825,61.6599492314208
R0736,EASY,40,1.0,40.0,1.0,1.5249941433381236,3.556775022026835,0.0214080786885726,1562.2055145285328,-0.0718719074281402,2.886584984722453,11.585946285923926,0.3448860485269825,61.6599492314208
R0736,EASY,60,1.0,40.0,1.0,1.1370854286362344,2.999816971857732,0.0214080786885726,1562.2055145285328,-0.0718719074281402,2.886584984722453,11.585946285923926,0.3448860485269825,61.6599492314208
R0736,EASY,80,1.0,40.0,1.0,1.2135051228261302,3.4215974254228785,0.0214080786885726,1562.2055145285328,-0.0718719074281402,2.886584984722453,11.585946285923926,0.3448860485269825,61.6599492314208
R0736,EASY,120,1.0,40.0,1.0,0.9747599589474699,2.659788174748957,0.0214080786885726,1562.2055145285328,-0.0718719074281402,2.886584984722453,11.585946285923926,0.3448860485269825,61.6599492314208
R0736,EASY,160,1.0,40.0,1.0,1.5253284241530745,6.14937772802069,0.0214080786885726,1562.2055145285328,-0.0718719074281402,2.886584984722453,11.585946285923926,0.3448860485269825,61.6599492314208
R0736,EASY,240,1.0,40.0,0.6,3.128016989626532,15.780634243082542,0.0214080786885726,1562.2055145285328,-0.0718719074281402,2.886584984722453,11.585946285923926,0.3448860485269825,61.6599492314208
R0736,EASY,320,1.0,40.0,0.2,26.236075798169132,114.78382530949762,0.0214080786885726,1562.2055145285328,-0.0718719074281402,2.886584984722453,11.585946285923926,0.3448860485269825,61.6599492314208
R0212,EASY,1,1.0,15.0,0.8,7.002853863045464,11.86359253605307,0.0192471490074005,1890.5747028898634,-0.0027971947244658,2.452978979435205,14.834278369772845,0.1598633648153024,149.7773519288815
R0212,EASY,2,1.0,15.0,0.8,5.060803080359375,10.524271707436956,0.0192471490074005,1890.5747028898634,-0.0027971947244658,2.452978979435205,14.834278369772845,0.1598633648153024,149.7773519288815
R0212,EASY,3,1.0,15.0,0.8,5.018806252020019,10.282762603962432,0.0192471490074005,1890.5747028898634,-0.0027971947244658,2.452978979435205,14.834278369772845,0.1598633648153024,149.7773519288815
R0212,EASY,5,1.0,15.0,0.8,5.775877684478133,10.62535432338089,0.0192471490074005,1890.5747028898634,-0.0027971947244658,2.452978979435205,14.834278369772845,0.1598633648153024,149.7773519288815
R0212,EASY,8,1.0,15.0,1.0,3.7066239986743277,7.059762643039008,0.0192471490074005,1890.5747028898634,-0.0027971947244658,2.452978979435205,14.834278369772845,0.1598633648153024,149.7773519288815
R0212,EASY,12,1.0,15.0,1.0,2.910456403678322,5.813012951014409,0.0192471490074005,1890.5747028898634,-0.0027971947244658,2.452978979435205,14.834278369772845,0.1598633648153024,149.7773519288815
R0212,EASY,20,1.0,15.0,1.0,2.3075872699498388,5.499772404860492,0.0192471490074005,1890.5747028898634,-0.0027971947244658,2.452978979435205,14.834278369772845,0.1598633648153024,149.7773519288815
R0212,EASY,30,1.0,15.0,1.0,2.315881943154606,5.305664066509012,0.0192471490074005,1890.5747028898634,-0.0027971947244658,2.452978979435205,14.834278369772845,0.1598633648153024,149.7773519288815
R0212,EASY,40,1.0,15.0,1.0,1.8743016572839806,4.194820968620034,0.0192471490074005,1890.5747028898634,-0.0027971947244658,2.452978979435205,14.834278369772845,0.1598633648153024,149.7773519288815
R0212,EASY,60,1.0,15.0,1.0,1.8371202974137468,4.644764104230633,0.0192471490074005,1890.5747028898634,-0.0027971947244658,2.452978979435205,14.834278369772845,0.1598633648153024,149.7773519288815
R0212,EASY,80,1.0,15.0,1.0,1.5138664969924933,4.344912235925561,0.0192471490074005,1890.5747028898634,-0.0027971947244658,2.452978979435205,14.834278369772845,0.1598633648153024,149.7773519288815
R0212,EASY,120,1.0,15.0,1.0,1.6580580565784981,4.802989856309941,0.0192471490074005,1890.5747028898634,-0.0027971947244658,2.452978979435205,14.834278369772845,0.1598633648153024,149.7773519288815
R0212,EASY,160,1.0,15.0,1.0,1.9226605050718946,5.85851592978351,0.0192471490074005,1890.5747028898634,-0.0027971947244658,2.452978979435205,14.834278369772845,0.1598633648153024,149.7773519288815
R0212,EASY,240,1.0,15.0,0.8,3.1053351414880987,12.09090433186671,0.0192471490074005,1890.5747028898634,-0.0027971947244658,2.452978979435205,14.834278369772845,0.1598633648153024,149.7773519288815
R0212,EASY,320,1.0,15.0,0.2,10.91187790798978,53.818340717452884,0.0192471490074005,1890.5747028898634,-0.0027971947244658,2.452978979435205,14.834278369772845,0.1598633648153024,149.7773519288815
R0255,EASY,1,1.0,80.0,1.0,4.993402337783858,7.923651730437308,0.0102468153446987,3708.293204865517,0.0159643854819289,2.5879967000408914,14.682474561755628,0.356967947659954,154.7377305479218
R0255,EASY,2,1.0,80.0,1.0,3.867959218146825,7.056291868353955,0.0102468153446987,3708.293204865517,0.0159643854819289,2.5879967000408914,14.682474561755628,0.356967947659954,154.7377305479218
R0255,EASY,3,1.0,80.0,1.0,3.2266613812380243,6.783661444350979,0.0102468153446987,3708.293204865517,0.0159643854819289,2.5879967000408914,14.682474561755628,0.356967947659954,154.7377305479218
R0255,EASY,5,1.0,80.0,1.0,3.0551304155864067,5.896547934566383,0.0102468153446987,3708.293204865517,0.0159643854819289,2.5879967000408914,14.682474561755628,0.356967947659954,154.7377305479218
R0255,EASY,8,1.0,80.0,1.0,2.4129583384705797,4.449057416802043,0.0102468153446987,3708.293204865517,0.0159643854819289,2.5879967000408914,14.682474561755628,0.356967947659954,154.7377305479218
R0255,EASY,12,1.0,80.0,1.0,2.0860199181464827,4.256318716718794,0.0102468153446987,3708.293204865517,0.0159643854819289,2.5879967000408914,14.682474561755628,0.356967947659954,154.7377305479218
R0255,EASY,20,1.0,80.0,1.0,1.644137545370891,3.3263785521779434,0.0102468153446987,3708.293204865517,0.0159643854819289,2.5879967000408914,14.682474561755628,0.356967947659954,154.7377305479218
R0255,EASY,30,1.0,80.0,1.0,1.603144393817722,3.5462527855558,0.0102468153446987,3708.293204865517,0.0159643854819289,2.5879967000408914,14.682474561755628,0.356967947659954,154.7377305479218
R0255,EASY,40,1.0,80.0,1.0,1.2573454102083623,2.697764879241878,0.0102468153446987,3708.293204865517,0.0159643854819289,2.5879967000408914,14.682474561755628,0.356967947659954,154.7377305479218
R0255,EASY,60,1.0,80.0,1.0,0.8763581765716639,1.964762258296228,0.0102468153446987,3708.293204865517,0.0159643854819289,2.5879967000408914,14.682474561755628,0.356967947659954,154.7377305479218
R0255,EASY,80,1.0,80.0,1.0,0.6434140398211083,1.5180847330203064,0.0102468153446987,3708.293204865517,0.0159643854819289,2.5879967000408914,14.682474561755628,0.356967947659954,154.7377305479218
R0255,EASY,120,1.0,80.0,1.0,0.7211971200930792,1.6439176347286675,0.0102468153446987,3708.293204865517,0.0159643854819289,2.5879967000408914,14.682474561755628,0.356967947659954,154.7377305479218
R0255,EASY,160,1.0,80.0,1.0,0.7206339452866454,1.7249853247392264,0.0102468153446987,3708.293204865517,0.0159643854819289,2.5879967000408914,14.682474561755628,0.356967947659954,154.7377305479218
R0255,EASY,240,1.0,80.0,1.0,0.6581364622801815,1.6647030785472154,0.0102468153446987,3708.293204865517,0.0159643854819289,2.5879967000408914,14.682474561755628,0.356967947659954,154.7377305479218
R0255,EASY,320,1.0,80.0,1.0,0.5438790191984026,1.4648109103478364,0.0102468153446987,3708.293204865517,0.0159643854819289,2.5879967000408914,14.682474561755628,0.356967947659954,154.7377305479218
