rocket_id,keff,Pi,latency_steps,Kp_ceiling,kp_simple,kp_full,overtuned,false_rejection_v2,sr_simple_in_full,sr_full_in_full,wind_strength,label
R0001,1.1262862916153844,10.13657662453846,3,126.66666666666667,3.6,3.6,0,0,1.0,1.0,0.0995894362509292,EASY
R0002,7.790937722029132,70.11843949826219,3,126.66666666666667,295.07,168.58,1,0,1.0,1.0,0.4315089065732231,EASY
R0003,7.67760236608218,30.71040946432872,2,190.0,46.78,22.73,0,0,1.0,1.0,0.1208175440534096,EASY
R0004,9.689102628325909,242.22756570814772,5,76.0,168.58,12.98,1,0,1.0,1.0,0.3124759726580058,EASY
R0005,2.5288636575923937,10.115454630369575,2,190.0,70.18,81.89,0,0,1.0,1.0,0.1007992892796896,EASY
R0006,0.9704992742822712,15.52798838851634,4,95.0,24.65,50.74,0,0,1.0,1.0,0.111569418923341,EASY
R0007,1.4095878039866265,5.638351215946506,2,190.0,1.0,113.27,0,1,0.3333333333333333,1.0,0.2807808097839068,EASY
R0008,7.732355086957431,7.732355086957431,1,380.0,8.72,69.63,0,0,1.0,1.0,0.3573106465365129,EASY
R0009,1.2717611621500213,20.34817859440034,4,95.0,3.6,43.14,0,0,1.0,1.0,0.3489477242632748,EASY
R0010,4.33523656482278,108.3809141205695,5,76.0,295.07,81.89,1,0,1.0,1.0,0.3824229066568019,EASY
R0011,3.082991100419862,49.32785760671779,4,95.0,295.07,81.89,1,0,1.0,1.0,0.4337856893289686,EASY
R0012,7.8393549935435765,7.8393549935435765,1,380.0,36.68,295.07,0,0,1.0,1.0,0.34327731332558,EASY
R0013,8.067036203115922,290.4133033121732,6,63.333333333333336,320.0,50.74,1,0,1.0,1.0,0.3981826457106613,EASY
R0014,5.957865470668003,23.831461882672013,2,190.0,50.74,26.73,0,0,1.0,1.0,0.2082709493317119,EASY
R0015,4.980509506320417,44.824585556883754,3,126.66666666666667,36.68,132.17,0,1,0.3333333333333333,1.0,0.1978132524520828,EASY
R0016,3.0316306304677796,48.50609008748447,4,95.0,295.07,81.89,1,0,1.0,1.0,0.2090713418747874,EASY
R0017,5.52631868919335,88.4210990270936,4,95.0,3.6,155.45,0,0,0.6666666666666666,1.0,0.053771751333007,EASY
R0018,2.9056183968966423,2.9056183968966423,1,380.0,113.27,88.81,0,0,1.0,1.0,0.2092037334964727,EASY
R0019,1.4637031049063904,36.59257762265976,5,76.0,1.0,96.31,0,0,1.0,1.0,0.1440742380002695,EASY
R0020,5.85122267916786,210.64401645004295,6,63.333333333333336,43.14,88.81,0,0,0.6666666666666666,0.6666666666666666,0.180511042447354,EASY
R0021,1.9718740022139947,7.887496008855979,2,190.0,26.73,12.98,0,0,1.0,1.0,0.2965713440055857,EASY
R0022,5.820613883222404,23.282455532889617,2,190.0,31.19,46.78,0,0,1.0,1.0,0.4257171974619306,EASY
R0023,4.146491042999177,149.27367754797035,6,63.333333333333336,320.0,36.68,1,0,1.0,1.0,0.1373855321551284,EASY
R0024,18.031389647496997,288.50223435995196,4,95.0,320.0,36.97,1,1,0.0,1.0,0.2154464597270003,EASY
R0025,4.529158228780869,72.4665316604939,4,95.0,46.78,69.63,0,0,1.0,1.0,0.2697985925526171,EASY
R0026,32.39137830158145,809.7844575395362,5,76.0,320.0,22.73,1,1,0.0,1.0,0.1831154683549548,FRAGILE
R0027,2.431273838252241,38.900381412035856,4,95.0,6.84,88.81,0,0,1.0,1.0,0.3423122180538467,EASY
R0028,36.92325017955721,332.3092516160149,3,126.66666666666667,168.58,113.27,1,0,0.6666666666666666,1.0,0.0956167005465397,EASY
R0029,11.38498455558345,102.46486100025106,3,126.66666666666667,16.56,70.18,0,0,0.6666666666666666,1.0,0.1681441220882575,EASY
R0030,2.0767754858505127,51.91938714626282,5,76.0,4.6,8.72,0,0,0.6666666666666666,1.0,0.1377933858696562,EASY
R0031,4.356983817932917,17.427935271731666,2,190.0,46.78,24.65,0,0,0.6666666666666666,1.0,0.1662121401698465,EASY
R0032,0.7640321471767557,19.100803679418892,5,76.0,4.6,59.67,0,0,1.0,1.0,0.2646802586183616,EASY
R0033,2.902471798976318,72.56179497440795,5,76.0,295.07,81.89,1,0,1.0,1.0,0.1440907801477391,EASY
R0034,1.6182623694650478,6.473049477860191,2,190.0,6.31,113.27,0,0,1.0,1.0,0.3090189909667413,EASY
R0035,3.6024218012146862,14.409687204858745,2,190.0,70.18,88.81,0,0,1.0,1.0,0.4178172465424276,EASY
R0036,2.8892484780012544,26.003236302011288,3,126.66666666666667,16.43,4.6,0,1,0.3333333333333333,1.0,0.1986513722309266,EASY
R0037,1.662380755974614,59.8457072150861,6,63.333333333333336,12.98,69.63,0,0,1.0,1.0,0.4169216171325254,EASY
R0038,3.3275195300759974,13.31007812030399,2,190.0,50.74,59.67,0,0,1.0,1.0,0.4235490157586178,EASY
R0039,2.9127653457673346,72.81913364418337,5,76.0,12.98,50.74,0,0,1.0,1.0,0.4497793376264832,EASY
R0040,1.9779796425618015,49.449491064045034,5,76.0,320.0,81.89,1,0,1.0,1.0,0.438708030589568,EASY
R0041,17.16343039454574,429.08575986364343,5,76.0,12.98,50.74,0,1,0.0,1.0,0.432735583796234,EASY
R0042,2.313760268622948,20.823842417606535,3,126.66666666666667,320.0,6.84,1,0,1.0,1.0,0.1819170446272847,EASY
R0043,2.855264700335265,45.68423520536424,4,95.0,2.83,31.43,0,0,1.0,1.0,0.2967636413091208,EASY
R0044,1.3650763508645114,5.460305403458046,2,190.0,3.6,133.21,0,0,1.0,1.0,0.3660707772521822,EASY
R0045,9.173907968367606,330.2606868612338,6,63.333333333333336,320.0,36.68,1,1,0.3333333333333333,1.0,0.1014468676082934,EASY
R0046,1.9362278100033896,69.70420116012203,6,63.333333333333336,43.14,36.97,0,0,1.0,1.0,0.266374600709758,EASY
R0047,2.070816429282639,18.637347863543752,3,126.66666666666667,36.68,70.18,0,0,1.0,1.0,0.2803050953636992,EASY
R0048,25.861134826252673,232.75021343627407,3,126.66666666666667,31.43,24.65,0,0,0.6666666666666666,1.0,0.4164483035241951,EASY
R0049,0.9138138707926258,14.621021932682012,4,95.0,22.73,50.74,0,0,1.0,1.0,0.1162788247992098,EASY
R0050,2.481256503720416,89.32523413393498,6,63.333333333333336,2.4,70.18,0,0,1.0,1.0,0.2511279188786505,EASY
R0051,5.019575927460857,80.31321483937371,4,95.0,320.0,24.65,1,1,0.3333333333333333,1.0,0.3704075598090738,EASY
R0052,2.5232023266646344,63.080058166615856,5,76.0,50.74,70.18,0,0,1.0,1.0,0.0783737808881569,EASY
R0053,3.415793275712436,85.3948318928109,5,76.0,43.14,69.63,0,0,1.0,1.0,0.133966921661021,EASY
R0054,1.062611781880915,17.00178851009464,4,95.0,8.72,43.14,0,0,1.0,1.0,0.1487020940058647,EASY
R0055,6.080137568530906,97.28220109649449,4,95.0,113.27,59.67,1,0,1.0,1.0,0.3616288933402916,EASY
R0056,1.7763158623241866,7.105263449296746,2,190.0,2.4,96.31,0,0,1.0,1.0,0.1236013479908853,EASY
R0057,2.167012889541353,54.17532223853383,5,76.0,3.6,88.81,0,0,0.6666666666666666,1.0,0.325420387547651,EASY
R0058,1.3595406181410736,21.752649890257178,4,95.0,132.17,43.14,1,0,1.0,1.0,0.1393290866264521,EASY
R0059,2.200274173277106,19.80246755949395,3,126.66666666666667,5.36,24.65,0,0,0.6666666666666666,1.0,0.191333230578124,EASY
R0060,25.19689041316748,25.19689041316748,1,380.0,1.9,272.09,0,1,0.3333333333333333,1.0,0.251814312260378,EASY
R0061,6.398990264625914,57.590912381633224,3,126.66666666666667,10.18,46.78,0,1,0.3333333333333333,1.0,0.3790807263739248,EASY
R0062,3.013087771634662,12.052351086538648,2,190.0,3.6,69.63,0,1,0.3333333333333333,1.0,0.2007620423715174,EASY
R0063,1.078118852051516,17.249901632824255,4,95.0,3.6,43.14,0,0,1.0,1.0,0.2849654978255175,EASY
R0064,2.537784801938654,40.60455683101846,4,95.0,26.73,81.89,0,0,1.0,1.0,0.4387838474543309,EASY
R0065,2.467969256378818,39.487508102061085,4,95.0,168.58,31.43,1,0,0.6666666666666666,1.0,0.1920918914833538,EASY
R0066,3.1563635777684005,113.62908879966241,6,63.333333333333336,2.42,88.81,0,0,0.6666666666666666,1.0,0.3621473932883594,EASY
R0067,1.3916798245797135,12.525118421217421,3,126.66666666666667,4.6,59.67,0,0,1.0,1.0,0.2338737847456762,EASY
R0068,4.098843316123034,36.88958984510731,3,126.66666666666667,168.58,22.73,1,0,0.6666666666666666,1.0,0.3622333715005917,EASY
R0069,2.950066551709092,2.950066551709092,1,380.0,31.43,81.89,0,0,1.0,1.0,0.3682858388484465,EASY
R0070,2.3877611637146563,38.2041786194345,4,95.0,155.45,96.31,1,0,1.0,1.0,0.0987593690759593,EASY
R0071,1.2750540722262207,1.2750540722262207,1,380.0,155.45,88.81,0,0,0.6666666666666666,1.0,0.4432390742755811,EASY
R0072,4.467351508187277,40.206163573685494,3,126.66666666666667,50.74,2.83,0,0,1.0,1.0,0.1593731656415528,EASY
R0073,3.0796565503404763,12.318626201361905,2,190.0,2.42,16.43,0,1,0.0,1.0,0.2531769407668946,EASY
R0074,6.484539666430038,233.44342799148137,6,63.333333333333336,3.6,36.68,0,0,0.6666666666666666,1.0,0.2127881362998081,EASY
R0075,1.791227741543306,7.164910966173224,2,190.0,2.4,81.89,0,0,0.6666666666666666,1.0,0.3279827655393738,EASY
R0076,8.704251738615454,8.704251738615454,1,380.0,5.36,320.0,0,0,0.6666666666666666,1.0,0.0736790554458831,EASY
R0077,6.276520920780277,156.9130230195069,5,76.0,168.58,96.31,1,0,1.0,1.0,0.0637891878611514,EASY
R0078,5.655336627296742,22.621346509186967,2,190.0,46.78,22.73,0,1,0.3333333333333333,1.0,0.1846641621184365,EASY
R0079,6.38621419170778,6.38621419170778,1,380.0,50.74,59.67,0,0,1.0,1.0,0.3185442700585821,EASY
R0080,2.214370726197975,55.35926815494937,5,76.0,2.4,70.18,0,0,0.6666666666666666,1.0,0.1877135008664233,EASY
R0081,0.9946357229788342,24.865893074470854,5,76.0,215.01,46.78,1,0,0.6666666666666666,1.0,0.1458067369587826,EASY
R0082,1.291747726674826,20.667963626797217,4,95.0,31.43,7.42,0,0,1.0,1.0,0.0618791972759647,EASY
R0083,3.955385181059284,98.8846295264821,5,76.0,182.82,59.21,1,0,1.0,1.0,0.4321066847887482,EASY
R0084,1.483530250570359,5.934121002281436,2,190.0,2.83,132.17,0,0,1.0,1.0,0.1714447575238158,EASY
R0085,0.7230761153881633,2.892304461552653,2,190.0,88.81,8.66,0,0,1.0,1.0,0.1988604386210542,EASY
R0086,10.210278912849056,91.8925102156415,3,126.66666666666667,320.0,168.58,1,0,1.0,1.0,0.1750262143566032,EASY
R0087,4.05650149106841,16.22600596427364,2,190.0,215.01,81.89,1,0,1.0,1.0,0.4113888240610868,EASY
R0088,2.0112579922442895,8.045031968977158,2,190.0,46.78,81.89,0,0,1.0,1.0,0.17727959840047,EASY
R0089,1.114958233942867,17.83933174308587,4,95.0,36.68,43.14,0,0,1.0,1.0,0.1372634021778138,EASY
R0090,2.6829594709515416,67.07398677378855,5,76.0,3.6,81.89,0,0,0.6666666666666666,1.0,0.2709108632802841,EASY
R0091,5.434015042049431,135.85037605123577,5,76.0,4.6,81.89,0,0,0.6666666666666666,1.0,0.2307761530903654,EASY
R0092,0.8942304718753508,22.35576179688377,5,76.0,1.9,81.89,0,0,1.0,1.0,0.3766106446307313,EASY
R0093,1.6054921895660839,14.449429706094755,3,126.66666666666667,43.14,81.89,0,0,1.0,1.0,0.3587600776016951,EASY
R0094,7.120750495698724,256.3470178451541,6,63.333333333333336,250.9,59.67,1,0,1.0,1.0,0.4149026665959518,EASY
R0095,1.8710825586167092,67.35897211020153,6,63.333333333333336,6.31,43.14,0,0,1.0,1.0,0.3533541445010043,EASY
R0096,1.06505850472232,38.34210617000352,6,63.333333333333336,11.97,46.78,0,0,1.0,1.0,0.2440008009618866,EASY
R0097,16.251254650586073,406.2813662646518,5,76.0,24.65,16.43,0,0,1.0,1.0,0.0814387729057682,EASY
R0098,3.773067910689975,3.773067910689975,1,380.0,70.18,69.63,0,0,1.0,1.0,0.0726811157096118,EASY
R0099,2.4024359112178657,60.060897780446645,5,76.0,3.6,70.18,0,0,1.0,1.0,0.350529475769731,EASY
R0100,1.3080145923346733,20.928233477354773,4,95.0,3.6,69.63,0,0,1.0,1.0,0.4329084035857835,EASY
R0101,0.8147459247611673,13.035934796178676,4,95.0,11.97,14.08,0,0,1.0,1.0,0.0542328841418606,EASY
R0102,1.530375241766835,38.25938104417087,5,76.0,59.67,50.74,0,0,1.0,1.0,0.2955002768990401,EASY
R0103,5.088566714733975,45.797100432605774,3,126.66666666666667,6.31,69.63,0,0,1.0,1.0,0.1903016056365652,EASY
R0104,2.3213219365263567,37.14115098442171,4,95.0,320.0,88.81,1,0,1.0,1.0,0.3269472375681546,EASY
R0105,1.4250797987374269,12.825718188636841,3,126.66666666666667,2.4,81.89,0,0,0.6666666666666666,1.0,0.43205178393437,EASY
R0106,3.1514232978288144,113.45123872183731,6,63.333333333333336,36.68,36.68,0,0,1.0,1.0,0.4179442543617507,EASY
R0107,3.7728731977212937,94.32182994303234,5,76.0,59.67,69.63,0,0,1.0,1.0,0.1562623212219109,EASY
R0108,2.146369841799513,34.34191746879221,4,95.0,295.07,81.89,1,0,1.0,1.0,0.3720419507934295,EASY
R0109,3.1641430529964834,28.47728747696835,3,126.66666666666667,3.6,26.73,0,1,0.3333333333333333,1.0,0.4283696339433033,EASY
R0110,4.813991420017939,173.30369112064582,6,63.333333333333336,3.32,50.74,0,0,1.0,1.0,0.226581335803706,EASY
R0111,5.11457176753324,20.45828707013296,2,190.0,320.0,50.74,1,0,1.0,1.0,0.3918216980288184,EASY
R0112,1.585800243962377,14.272202195661393,3,126.66666666666667,2.4,3.6,0,0,0.6666666666666666,1.0,0.0869642478232202,EASY
R0113,1.5161042840672503,6.064417136269001,2,190.0,2.83,88.81,0,0,1.0,1.0,0.3167635436880177,EASY
R0114,0.5694580370464372,9.111328592742995,4,95.0,22.73,59.67,0,0,1.0,1.0,0.2694741121512432,EASY
R0115,2.1126754366225002,52.81688591556251,5,76.0,46.78,81.89,0,0,0.6666666666666666,1.0,0.1341003509529027,EASY
R0116,2.8031312618971578,11.212525047588631,2,190.0,12.98,81.89,0,1,0.3333333333333333,1.0,0.2570768803262283,EASY
R0117,14.586186477180389,525.102713178494,6,63.333333333333336,24.65,36.97,0,0,0.6666666666666666,1.0,0.3725019006058405,EASY
R0118,0.8469558365307299,7.62260252877657,3,126.66666666666667,1.0,46.78,0,0,0.6666666666666666,1.0,0.2443066054900872,EASY
R0119,3.5164986340985376,56.2639781455766,4,95.0,70.18,26.73,0,0,1.0,1.0,0.3449576505904351,EASY
R0120,3.274615801790918,13.098463207163672,2,190.0,2.4,50.74,0,0,1.0,1.0,0.2252942495767489,EASY
R0121,2.368896856852368,21.32007171167131,3,126.66666666666667,50.74,4.56,0,0,1.0,1.0,0.3148614558671361,EASY
R0122,1.7211961471387875,6.88478458855515,2,190.0,5.36,88.81,0,0,1.0,1.0,0.2342334513613724,EASY
R0123,13.517605429382296,13.517605429382296,1,380.0,5.36,272.09,0,1,0.0,1.0,0.2971265730748531,EASY
R0124,2.171577001562676,8.686308006250703,2,190.0,2.4,69.63,0,1,0.3333333333333333,1.0,0.1388540182742307,EASY
R0125,1.9774231808844795,17.796808627960317,3,126.66666666666667,250.9,81.89,1,0,1.0,1.0,0.1240944023102827,EASY
R0126,5.3764993076611525,48.38849376895037,3,126.66666666666667,46.78,19.32,0,0,1.0,1.0,0.1050609929079316,EASY
R0127,12.264786527220053,110.38307874498048,3,126.66666666666667,46.78,88.81,0,0,1.0,1.0,0.3593598892106092,EASY
R0128,0.8051734133209903,12.882774613135846,4,95.0,5.36,50.74,0,0,1.0,1.0,0.4217279501995545,EASY
R0129,6.658112854244983,166.4528213561246,5,76.0,5.36,96.31,0,0,1.0,1.0,0.2813301129741811,EASY
R0130,9.985695659336228,159.77113054937965,4,95.0,5.4,24.65,0,1,0.3333333333333333,1.0,0.4380115154651819,EASY
R0131,3.5875665371284433,3.5875665371284433,1,380.0,2.4,69.63,0,0,1.0,1.0,0.2133166197940565,EASY
R0132,1.9959274722143545,49.89818680535886,5,76.0,3.32,59.67,0,0,1.0,1.0,0.3421331626834869,EASY
R0133,2.160304665715288,77.77096796575036,6,63.333333333333336,46.78,31.19,0,0,0.6666666666666666,1.0,0.4213976949044333,EASY
R0134,1.9109780268480194,47.77445067120048,5,76.0,168.58,2.4,1,0,1.0,1.0,0.0537060451974939,EASY
R0135,4.065974967579448,4.065974967579448,1,380.0,2.42,69.63,0,0,1.0,1.0,0.2133405705208044,EASY
R0136,2.3714107015227888,2.3714107015227888,1,380.0,50.74,70.18,0,0,0.6666666666666666,1.0,0.3160301480372561,EASY
R0137,6.426212767628209,57.835914908653876,3,126.66666666666667,43.14,132.17,0,1,0.3333333333333333,1.0,0.3368524839072052,EASY
R0138,2.4407530125450454,2.4407530125450454,1,380.0,43.14,81.89,0,0,1.0,1.0,0.2716779083140074,EASY
R0139,1.5519009168341555,55.8684330060296,6,63.333333333333336,3.6,6.31,0,0,1.0,1.0,0.2017683941713687,EASY
R0140,4.266513260770759,68.26421217233215,4,95.0,46.78,59.67,0,0,1.0,1.0,0.2673165387520506,EASY
R0141,8.443108904681479,33.772435618725915,2,190.0,14.08,24.65,0,0,1.0,1.0,0.1184924998840795,EASY
R0142,10.384799318979534,166.15678910367254,4,95.0,320.0,59.21,1,1,0.3333333333333333,1.0,0.2302898229089247,EASY
R0143,5.0807536151490345,127.01884037872586,5,76.0,320.0,69.63,1,0,1.0,1.0,0.2014428291775412,EASY
R0144,4.5579130397418,18.2316521589672,2,190.0,43.14,182.82,0,0,1.0,1.0,0.3822815114974455,EASY
R0145,2.0068502994047623,18.06165269464286,3,126.66666666666667,22.73,81.89,0,0,1.0,1.0,0.3019632531140168,EASY
R0146,2.3098026406798007,2.3098026406798007,1,380.0,231.35,81.89,0,0,1.0,1.0,0.0804498335863727,EASY
R0147,2.032431890565739,8.129727562262955,2,190.0,7.42,88.81,0,0,1.0,1.0,0.0664920677051385,EASY
R0148,6.356097686552964,57.204879178976675,3,126.66666666666667,295.07,132.17,1,0,1.0,1.0,0.0577798698895029,EASY
R0149,0.8255508708176467,29.71983134943528,6,63.333333333333336,88.81,46.78,1,0,1.0,1.0,0.2638114273889867,EASY
R0150,2.2632970740912093,36.21275318545935,4,95.0,59.21,70.18,0,0,1.0,1.0,0.2536300159131266,EASY
R0151,7.496505376207289,119.94408601931663,4,95.0,36.97,133.21,0,0,1.0,1.0,0.312020902153557,EASY
R0152,1.6836056219553144,26.93768995128503,4,95.0,6.31,132.17,0,0,1.0,1.0,0.0854852498824065,EASY
R0153,6.149772932735749,98.39636692377198,4,95.0,2.83,155.45,0,1,0.0,1.0,0.4310773502381366,EASY
R0154,1.4104375319394091,35.26093829848523,5,76.0,320.0,43.14,1,0,1.0,1.0,0.3895872376350073,EASY
R0155,6.3992765047650515,102.38842407624082,4,95.0,31.19,182.82,0,0,1.0,1.0,0.4045324663242355,EASY
R0156,2.5592404363542394,2.5592404363542394,1,380.0,43.14,88.81,0,0,1.0,1.0,0.0534019444182227,EASY
R0157,1.1981902506627764,29.95475626656941,5,76.0,1.0,43.14,0,0,0.6666666666666666,1.0,0.2263357741532336,EASY
R0158,2.468340794752002,39.49345271603203,4,95.0,6.31,88.81,0,0,1.0,1.0,0.4248459184647812,EASY
R0159,6.718652047934281,60.46786843140853,3,126.66666666666667,1.0,155.45,0,1,0.0,1.0,0.2957320630209851,EASY
R0160,10.787050364467904,43.148201457871615,2,190.0,3.6,252.87,0,1,0.0,1.0,0.4473604837339629,EASY
R0161,4.939750309252908,177.83101113310468,6,63.333333333333336,295.07,36.68,1,0,0.6666666666666666,1.0,0.4167791004508569,EASY
R0162,2.5920271503824144,41.47243440611863,4,95.0,46.78,88.81,0,0,1.0,1.0,0.1691231769637759,EASY
R0163,23.175611525197468,92.70244610078987,2,190.0,320.0,113.27,1,0,1.0,1.0,0.0518851801963172,EASY
R0164,9.469251763072686,151.50802820916297,4,95.0,36.97,113.27,0,0,1.0,1.0,0.3096863463277259,EASY
R0165,3.439266688930205,55.02826702288328,4,95.0,22.73,81.89,0,0,1.0,1.0,0.4046653141286381,EASY
R0166,2.0498247485115217,8.199298994046087,2,190.0,50.74,96.31,0,0,1.0,1.0,0.4391591081861591,EASY
R0167,7.3354603002404355,264.0765708086557,6,63.333333333333336,11.97,19.32,0,0,1.0,1.0,0.2550391063924117,EASY
R0168,12.001957272973577,108.0176154567622,3,126.66666666666667,24.65,182.82,0,0,1.0,1.0,0.3998042616123294,EASY
R0169,2.5963009572929656,23.36670861563669,3,126.66666666666667,295.07,26.73,1,0,1.0,1.0,0.1041467944630236,EASY
R0170,1.1286201959183142,18.057923134693027,4,95.0,3.6,43.14,0,0,1.0,1.0,0.095122229182514,EASY
R0171,1.4888478634817144,1.4888478634817144,1,380.0,132.17,113.27,0,0,1.0,1.0,0.3519005881886256,EASY
R0172,1.0813597415564584,17.301755864903335,4,95.0,50.74,46.78,0,0,1.0,1.0,0.3573723480120185,EASY
R0173,2.135649627024026,53.39124067560065,5,76.0,50.74,81.89,0,0,1.0,1.0,0.2726671442350697,EASY
R0174,4.348212569219404,108.7053142304851,5,76.0,3.6,81.89,0,1,0.3333333333333333,1.0,0.0868297951705976,EASY
R0175,2.3616984537090553,59.042461342726384,5,76.0,6.84,16.43,0,0,1.0,1.0,0.3828952189739121,EASY
R0176,2.5546492522442668,40.87438803590827,4,95.0,3.6,81.89,0,0,1.0,1.0,0.184988158006179,EASY
R0177,3.0339948957266363,75.84987239316591,5,76.0,320.0,69.63,1,0,1.0,1.0,0.0654320082320447,EASY
R0178,3.8379653706114922,34.54168833550343,3,126.66666666666667,5.36,22.73,0,0,0.6666666666666666,1.0,0.3410464453320699,EASY
R0179,12.079611515572138,301.99028788930343,5,76.0,26.73,70.18,0,0,1.0,0.6666666666666666,0.4334737735460445,FRAGILE
R0180,3.305334115699697,52.885345851195154,4,95.0,3.6,24.65,0,1,0.3333333333333333,1.0,0.2727787117172733,EASY
R0181,1.7783930641441954,16.00553757729776,3,126.66666666666667,43.14,88.81,0,0,1.0,1.0,0.1735621208904477,EASY
R0182,9.301111488770944,9.301111488770944,1,380.0,11.97,50.74,0,0,1.0,1.0,0.4050398349904902,EASY
R0183,1.0816243265231003,4.326497306092401,2,190.0,46.78,43.14,0,0,1.0,1.0,0.4060410269168781,EASY
R0184,3.4397585934294215,55.036137494870744,4,95.0,70.18,81.89,0,0,1.0,1.0,0.4439459668595664,EASY
R0185,1.7488268603562336,43.72067150890584,5,76.0,26.73,14.08,0,0,0.6666666666666666,1.0,0.06635765129277,EASY
R0186,1.2637617283035318,11.373855554731787,3,126.66666666666667,4.6,50.74,0,0,1.0,1.0,0.3164594962292032,EASY
R0187,3.7446174114351525,3.7446174114351525,1,380.0,31.43,59.67,0,0,1.0,1.0,0.2648927105817876,EASY
R0188,2.249698133757525,20.247283203817727,3,126.66666666666667,50.74,81.89,0,0,1.0,1.0,0.3344834901882156,EASY
R0189,2.6277154768099567,42.043447628959306,4,95.0,12.98,88.81,0,0,1.0,1.0,0.079244238337916,EASY
R0190,2.0925919797638826,52.314799494097066,5,76.0,50.74,70.18,0,0,1.0,1.0,0.1651788641522377,EASY
R0191,0.4927625550117714,12.319063875294285,5,76.0,24.65,320.0,0,0,1.0,1.0,0.3031761387646722,EASY
R0192,1.422801009196776,12.805209082770984,3,126.66666666666667,8.72,36.68,0,0,1.0,1.0,0.3484041715435054,EASY
R0193,1.8354774910414728,7.341909964165891,2,190.0,31.43,88.81,0,0,1.0,1.0,0.1258295933064603,EASY
R0194,13.381148821111454,120.43033939000308,3,126.66666666666667,46.78,81.89,0,0,0.6666666666666666,1.0,0.3919537286983416,EASY
R0195,4.288515564416852,68.61624903066964,4,95.0,88.81,81.89,0,0,1.0,1.0,0.437918784132229,EASY
R0196,3.490944271112895,31.418498440016055,3,126.66666666666667,50.74,2.4,0,0,1.0,1.0,0.1195752554548509,EASY
R0197,5.690064208597739,22.760256834390955,2,190.0,43.14,22.73,0,0,1.0,1.0,0.1650035857012807,EASY
R0198,1.6445489939736735,26.312783903578776,4,95.0,2.83,96.31,0,0,1.0,1.0,0.4051329769619725,EASY
R0199,1.7579505148284278,15.82155463345585,3,126.66666666666667,1.0,88.81,0,1,0.3333333333333333,1.0,0.0832060500182785,EASY
R0200,9.158938720320908,146.54301952513453,4,95.0,320.0,113.27,1,0,0.6666666666666666,1.0,0.170594657637182,EASY
R0201,1.8779403522144928,7.511761408857971,2,190.0,43.14,81.89,0,0,1.0,1.0,0.2018884745396164,EASY
R0202,2.039597839543694,18.356380555893246,3,126.66666666666667,96.31,81.89,0,0,1.0,1.0,0.0630398215460659,EASY
R0203,1.8468414011264838,66.48629044055342,6,63.333333333333336,46.78,133.21,0,0,1.0,1.0,0.4480052447729267,EASY
R0204,2.905084816048661,2.905084816048661,1,380.0,3.6,69.63,0,0,1.0,1.0,0.4184467322783386,EASY
R0205,2.0677923189099134,74.44052348075688,6,63.333333333333336,3.6,88.81,0,0,1.0,1.0,0.3139791811593492,EASY
R0206,3.9940871309210193,143.78713671315668,6,63.333333333333336,133.21,43.14,1,0,0.6666666666666666,1.0,0.119608935702562,EASY
R0207,22.898687056947473,572.4671764236869,5,76.0,295.07,36.97,1,1,0.0,1.0,0.0784916706786854,EASY
R0208,3.1190164535105076,49.90426325616812,4,95.0,320.0,31.43,1,0,1.0,1.0,0.4260894848169771,EASY
R0209,2.1865089666604574,54.66272416651143,5,76.0,1.0,69.63,0,1,0.3333333333333333,1.0,0.1298422391411608,EASY
R0210,1.0904443415280876,9.813999073752788,3,126.66666666666667,3.6,22.73,0,0,1.0,1.0,0.2211872116217136,EASY
R0211,2.1339123755628444,53.34780938907111,5,76.0,320.0,88.81,1,0,0.6666666666666666,1.0,0.241542145018599,EASY
R0212,2.4612720918178086,2.4612720918178086,1,380.0,46.78,69.63,0,0,0.6666666666666666,1.0,0.2649714498036125,EASY
R0213,1.2168113924329778,4.867245569731911,2,190.0,24.65,155.45,0,0,1.0,1.0,0.4461501347530598,EASY
R0214,1.9020860907577526,17.118774816819773,3,126.66666666666667,168.58,88.81,1,0,1.0,1.0,0.2353961682484841,EASY
R0215,0.8876508939081021,3.5506035756324086,2,190.0,6.84,112.39,0,0,1.0,1.0,0.230041584732414,EASY
R0216,1.8187292453318358,7.274916981327343,2,190.0,14.08,16.56,0,0,1.0,1.0,0.1425273830396522,EASY
R0217,1.7901322498754348,44.75330624688587,5,76.0,320.0,36.68,1,0,1.0,1.0,0.3202607722188902,EASY
R0218,7.058471345794001,7.058471345794001,1,380.0,36.68,320.0,0,0,1.0,1.0,0.3555627286188911,EASY
R0219,2.5317544335192275,22.78578990167305,3,126.66666666666667,320.0,88.81,1,0,1.0,1.0,0.1910491382200917,EASY
R0220,5.733439022226511,143.33597555566277,5,76.0,88.81,70.18,1,0,0.6666666666666666,1.0,0.4217949968762581,EASY
R0221,2.561188355794353,10.244753423177412,2,190.0,31.43,59.67,0,0,1.0,1.0,0.4181511114913587,EASY
R0222,4.952374368233906,178.28547725642062,6,63.333333333333336,155.45,81.89,1,0,1.0,1.0,0.3932895755638879,EASY
R0223,1.1867902483244646,18.988643973191433,4,95.0,22.73,70.18,0,0,1.0,1.0,0.2918500406161902,EASY
R0224,4.295458364805558,38.65912528325002,3,126.66666666666667,46.78,81.89,0,0,1.0,1.0,0.33813738242905,EASY
R0225,1.2669577626512958,11.402619863861663,3,126.66666666666667,46.78,133.21,0,0,1.0,1.0,0.4112016946067242,EASY
R0226,0.8678292528665331,21.695731321663327,5,76.0,3.6,50.74,0,0,1.0,1.0,0.2037724141772376,EASY
R0227,1.7170014592945508,6.868005837178203,2,190.0,88.81,81.89,0,0,0.6666666666666666,1.0,0.3982563906198075,EASY
R0228,2.0812032804984524,18.730829524486072,3,126.66666666666667,113.27,88.81,0,0,1.0,1.0,0.2002957320588202,EASY
R0229,6.62425317919921,6.62425317919921,1,380.0,320.0,272.09,0,0,1.0,1.0,0.2799795536445889,EASY
R0230,4.910263451543216,78.56421522469145,4,95.0,295.07,69.63,1,0,1.0,1.0,0.4004217045966017,EASY
R0231,1.8547395476579427,46.36848869144857,5,76.0,320.0,70.18,1,0,1.0,1.0,0.3039535888565655,EASY
R0232,2.80749150080995,25.26742350728955,3,126.66666666666667,155.45,22.73,1,0,1.0,1.0,0.1684999175005061,EASY
R0233,2.687104138490779,2.687104138490779,1,380.0,320.0,69.63,0,0,0.6666666666666666,1.0,0.3181682269563339,EASY
R0234,6.810427366810912,170.2606841702728,5,76.0,320.0,69.63,1,0,1.0,1.0,0.1590835775824103,EASY
R0235,10.885127502625007,97.96614752362507,3,126.66666666666667,43.14,81.89,0,0,1.0,1.0,0.0908204179018245,EASY
R0236,21.485337127938408,773.4721366057827,6,63.333333333333336,26.73,46.78,0,0,1.0,1.0,0.0874509878043238,FRAGILE
R0237,8.250429237073384,206.26073092683458,5,76.0,320.0,96.31,1,0,1.0,1.0,0.4296657344372427,EASY
R0238,2.1517961201411278,53.79490300352819,5,76.0,59.67,81.89,0,0,1.0,1.0,0.2842686092769709,EASY
R0239,10.337279144346592,258.4319786086648,5,76.0,19.32,69.63,0,1,0.3333333333333333,1.0,0.1602006517713745,EASY
R0240,1.8253962055268071,7.301584822107229,2,190.0,36.97,96.31,0,0,1.0,1.0,0.0501817060023429,EASY
R0241,1.264890455412897,31.622261385322425,5,76.0,2.83,36.68,0,0,1.0,1.0,0.3669542593675828,EASY
R0242,2.485291126702301,2.485291126702301,1,380.0,31.43,69.63,0,0,1.0,1.0,0.3745925581791027,EASY
R0243,2.6593753529162747,10.637501411665099,2,190.0,295.07,81.89,1,0,1.0,1.0,0.39128577244949,EASY
R0244,2.3907404692700966,9.562961877080387,2,190.0,3.32,113.27,0,0,1.0,1.0,0.3596078251181339,EASY
R0245,1.8313569727582,29.3017115641312,4,95.0,22.73,88.81,0,0,1.0,1.0,0.2120297895093426,EASY
R0246,5.870447092516129,52.834023832645165,3,126.66666666666667,81.89,132.17,0,0,0.6666666666666666,1.0,0.1026441750546703,EASY
R0247,1.7968777091104775,7.18751083644191,2,190.0,26.73,96.31,0,0,1.0,1.0,0.1887529988581366,EASY
R0248,16.779191612006546,268.46706579210473,4,95.0,252.87,168.58,1,0,1.0,1.0,0.2498515900840807,EASY
R0249,1.8831991458643804,16.948792312779425,3,126.66666666666667,295.07,81.89,1,0,1.0,1.0,0.2504960438752139,EASY
R0250,1.182025302869385,18.91240484591016,4,95.0,26.73,43.14,0,1,0.3333333333333333,1.0,0.1166961310801618,EASY
R0251,1.4503565511663674,5.80142620466547,2,190.0,2.83,88.81,0,0,0.6666666666666666,1.0,0.2535605970019436,EASY
R0252,1.5066795543529525,13.560115989176573,3,126.66666666666667,6.31,88.81,0,0,1.0,1.0,0.3327582412239041,EASY
R0253,4.939922731237368,44.45930458113631,3,126.66666666666667,295.07,22.73,1,0,1.0,1.0,0.4282446947008901,EASY
R0254,1.24616821569693,1.24616821569693,1,380.0,4.6,96.31,0,0,1.0,1.0,0.1389723542239617,EASY
R0255,2.271849478740594,9.087397914962375,2,190.0,2.42,81.89,0,1,0.3333333333333333,1.0,0.2224009533267804,EASY
R0256,2.06737818834265,51.68445470856625,5,76.0,81.89,8.66,1,0,1.0,1.0,0.0896243971518699,EASY
R0257,1.6798657231176781,6.7194628924707125,2,190.0,43.14,10.18,0,0,1.0,1.0,0.0675810953519228,EASY
R0258,2.081044926958259,74.91761737049733,6,63.333333333333336,50.74,70.18,0,0,1.0,1.0,0.397862550615241,EASY
R0259,1.1253187815212344,1.1253187815212344,1,380.0,2.4,155.45,0,0,1.0,1.0,0.354771008199821,EASY
R0260,0.6349375283902499,15.873438209756246,5,76.0,4.6,6.31,0,0,1.0,1.0,0.0662337635261265,EASY
R0261,6.50369645452671,26.01478581810684,2,190.0,36.68,50.74,0,0,1.0,1.0,0.3335564932828087,EASY
R0262,2.3010521509225197,20.709469358302677,3,126.66666666666667,59.67,1.9,0,0,1.0,1.0,0.2179539155828046,EASY
R0263,5.189934263772855,129.74835659432136,5,76.0,50.74,59.67,0,0,1.0,1.0,0.183376909761146,EASY
R0264,3.1212741010436615,28.091466909392953,3,126.66666666666667,26.73,3.6,0,0,1.0,1.0,0.1718483490743179,EASY
R0265,0.4841840939733452,17.430627383040427,6,63.333333333333336,50.74,69.63,0,0,1.0,1.0,0.235298245423917,EASY
R0266,2.1219521867990574,19.097569681191516,3,126.66666666666667,88.81,96.31,0,0,1.0,1.0,0.1255811267415579,EASY
R0267,1.868284971668005,16.814564745012046,3,126.66666666666667,50.74,81.89,0,0,1.0,1.0,0.3085052577883314,EASY
R0268,1.0180375895011717,25.450939737529293,5,76.0,4.6,6.31,0,0,1.0,1.0,0.0746832209223815,EASY
R0269,7.294088473191332,182.3522118297833,5,76.0,1.9,59.67,0,0,1.0,1.0,0.3073040541930592,EASY
R0270,3.7406840643376706,59.85094502940273,4,95.0,168.58,81.89,1,0,1.0,1.0,0.1850341979289245,EASY
R0271,1.630831850257088,40.7707962564272,5,76.0,22.73,36.68,0,1,0.3333333333333333,1.0,0.2322777531530364,EASY
R0272,1.2928579054186353,32.32144763546588,5,76.0,3.32,6.84,0,0,1.0,1.0,0.1384136411936579,EASY
R0273,2.8554533251563963,25.699079926407567,3,126.66666666666667,2.42,6.31,0,1,0.3333333333333333,1.0,0.3571202639653024,EASY
R0274,5.48446485859604,21.93785943438416,2,190.0,31.43,70.18,0,0,1.0,1.0,0.1210894224697867,EASY
R0275,1.2924633686481224,20.67941389836996,4,95.0,3.32,43.14,0,0,1.0,1.0,0.2825623574465209,EASY
R0276,7.756442403036106,69.80798162732495,3,126.66666666666667,46.78,252.87,0,1,0.3333333333333333,1.0,0.2933458096929037,EASY
R0277,2.017624521305823,32.28199234089317,4,95.0,250.9,46.78,1,0,1.0,1.0,0.2471202001174062,EASY
R0278,7.013634279981204,112.21814847969927,4,95.0,59.21,133.21,0,0,1.0,1.0,0.1218863032019603,EASY
R0279,4.127512440114969,37.14761196103472,3,126.66666666666667,3.32,36.68,0,0,1.0,1.0,0.340101476339708,EASY
R0280,19.642181082019526,491.05452705048816,5,76.0,10.18,88.81,0,0,1.0,1.0,0.1266415619842128,EASY
R0281,2.881013667571603,11.524054670286413,2,190.0,132.17,59.67,0,0,1.0,1.0,0.2592029753161808,EASY
R0282,1.04402156610848,37.58477637990528,6,63.333333333333336,7.42,43.14,0,0,1.0,1.0,0.3879997935057619,EASY
R0283,3.5325220821901366,88.31305205475341,5,76.0,46.78,69.63,0,0,1.0,1.0,0.2341129272404435,EASY
R0284,2.071834554725523,51.79586386813807,5,76.0,2.83,81.89,0,1,0.3333333333333333,1.0,0.3746870523715646,EASY
R0285,18.565564427698693,464.13911069246734,5,76.0,168.58,12.98,1,0,1.0,1.0,0.0606538726421629,EASY
R0286,2.4669606322681865,2.4669606322681865,1,380.0,43.14,70.18,0,0,0.6666666666666666,1.0,0.1696413681123671,EASY
R0287,3.670339837359414,91.75849593398536,5,76.0,24.65,88.81,0,0,1.0,1.0,0.3757872334473718,EASY
R0288,11.174563888767176,100.57107499890459,3,126.66666666666667,46.78,96.31,0,0,1.0,1.0,0.3753179628365927,EASY
R0289,10.534575323180327,94.81117790862294,3,126.66666666666667,24.65,36.97,0,0,1.0,1.0,0.1510510819070313,EASY
R0290,4.082928562539714,146.9854282514297,6,63.333333333333336,295.07,69.63,1,0,1.0,1.0,0.4233763155404766,EASY
R0291,5.002255190482321,45.020296714340894,3,126.66666666666667,59.21,22.73,0,0,0.6666666666666666,1.0,0.2519634736408822,EASY
R0292,2.6674037205583656,96.02653394010116,6,63.333333333333336,50.74,69.63,0,0,1.0,1.0,0.3842227073268072,EASY
R0293,7.90899592363789,284.72385325096405,6,63.333333333333336,22.73,43.14,0,1,0.3333333333333333,1.0,0.3580970405802141,EASY
R0294,1.681114569896912,26.897833118350594,4,95.0,2.4,81.89,0,0,1.0,1.0,0.2926615156699107,EASY
R0295,1.9076297877675534,68.67467235963193,6,63.333333333333336,113.27,43.14,1,0,0.6666666666666666,1.0,0.4384952257711065,EASY
R0296,5.668369704333783,141.70924260834457,5,76.0,2.83,59.67,0,1,0.3333333333333333,1.0,0.3925324312874612,EASY
R0297,1.2300437812710296,19.680700500336474,4,95.0,88.81,36.68,0,0,1.0,1.0,0.1517094128755517,EASY
R0298,1.1065342965024887,17.70454874403982,4,95.0,22.73,12.98,0,0,1.0,1.0,0.1100480345543087,EASY
R0299,2.445285453820763,22.007569084386866,3,126.66666666666667,26.73,31.43,0,0,1.0,1.0,0.1526108255688209,EASY
R0300,2.5977244090625433,64.94311022656359,5,76.0,50.74,8.72,0,0,1.0,1.0,0.1851270660517894,EASY
R0301,5.5491478156491425,138.72869539122857,5,76.0,320.0,81.89,1,0,1.0,1.0,0.3616744247984954,EASY
R0302,3.2011612566955954,80.02903141738989,5,76.0,3.6,81.89,0,0,1.0,1.0,0.1127907702927709,EASY
R0303,21.34511034067251,768.4239722642103,6,63.333333333333336,320.0,50.74,1,1,0.0,0.6666666666666666,0.1902219177817611,FRAGILE
R0304,7.950019459231393,127.20031134770228,4,95.0,59.21,133.21,0,0,1.0,1.0,0.3816698472494006,EASY
R0305,0.6431730950519668,16.079327376299172,5,76.0,96.31,59.67,1,0,1.0,1.0,0.3531396024476138,EASY
R0306,2.880399900465666,11.521599601862665,2,190.0,88.81,59.67,0,0,0.6666666666666666,1.0,0.1449851494286266,EASY
R0307,1.0471576077963836,37.69767388066981,6,63.333333333333336,22.73,46.78,0,0,1.0,1.0,0.3999674784475878,EASY
R0308,1.1754199850096323,42.315119460346764,6,63.333333333333336,3.6,46.78,0,0,1.0,1.0,0.0540560131634288,EASY
R0309,1.159502107369496,18.552033717911936,4,95.0,50.74,43.14,0,0,1.0,1.0,0.0823097517049282,EASY
R0310,1.4677352726806137,5.870941090722455,2,190.0,5.36,43.14,0,0,0.6666666666666666,1.0,0.1950601918391281,EASY
R0311,2.4419049065730696,9.767619626292278,2,190.0,3.6,81.89,0,0,0.6666666666666666,1.0,0.3075546908269169,EASY
R0312,3.1570258148103183,78.92564537025795,5,76.0,31.43,69.63,0,0,1.0,1.0,0.1568823074394285,EASY
R0313,2.362365826402477,37.797853222439635,4,95.0,88.81,70.18,0,0,1.0,1.0,0.3398458840373576,EASY
R0314,3.1060955649493125,27.954860084543814,3,126.66666666666667,2.4,5.36,0,0,0.6666666666666666,1.0,0.077983973829977,EASY
R0315,3.27135078513036,13.08540314052144,2,190.0,69.63,59.67,0,0,1.0,1.0,0.1320437891592343,EASY
R0316,2.868413326684612,11.473653306738449,2,190.0,2.42,59.67,0,1,0.3333333333333333,1.0,0.2833397547150133,EASY
R0317,3.168293860672188,12.673175442688752,2,190.0,46.78,81.89,0,0,0.6666666666666666,1.0,0.0553113708614435,EASY
R0318,1.003081970697296,4.012327882789184,2,190.0,46.78,46.78,0,0,1.0,1.0,0.1436590723795478,EASY
R0319,6.002969261062826,96.04750817700521,4,95.0,43.14,168.58,0,0,1.0,1.0,0.2277170027247425,EASY
R0320,1.6532048563930541,41.330121409826354,5,76.0,36.68,81.89,0,0,1.0,1.0,0.0999045847889002,EASY
R0321,1.2516567394560854,5.006626957824341,2,190.0,2.83,36.68,0,0,0.6666666666666666,1.0,0.186480481193649,EASY
R0322,5.004280872542548,180.15411141153174,6,63.333333333333336,2.4,43.14,0,1,0.3333333333333333,1.0,0.4335821561187575,EASY
R0323,1.002868881611377,25.071722040284428,5,76.0,24.65,69.63,0,0,1.0,1.0,0.2169039611242518,EASY
R0324,1.6408063482161235,6.563225392864494,2,190.0,70.18,81.89,0,0,1.0,1.0,0.271356560821173,EASY
R0325,1.1205840969477696,10.085256872529927,3,126.66666666666667,81.89,43.14,0,0,0.6666666666666666,1.0,0.3481370783274337,EASY
R0326,7.722407478950436,30.889629915801745,2,190.0,36.68,46.78,0,0,0.6666666666666666,1.0,0.1470062791483618,EASY
R0327,8.832100469005645,317.9556168842032,6,63.333333333333336,113.27,50.74,1,1,0.3333333333333333,1.0,0.2085125285664628,EASY
R0328,1.0112180790346301,16.179489264554082,4,95.0,88.81,46.78,0,0,0.6666666666666666,1.0,0.3601087320980783,EASY
R0329,1.6322811348578496,6.529124539431399,2,190.0,2.83,81.89,0,0,0.6666666666666666,1.0,0.217712442213011,EASY
R0330,1.0401898168695698,9.361708351826127,3,126.66666666666667,2.83,59.67,0,0,1.0,1.0,0.3873529322543037,EASY
R0331,3.472229270819627,13.888917083278509,2,190.0,133.21,69.63,0,0,1.0,1.0,0.3390578468966322,EASY
R0332,2.8355691549634052,25.520122394670647,3,126.66666666666667,46.78,26.73,0,0,1.0,1.0,0.3212276770331602,EASY
R0333,18.672631790568712,298.7621086490994,4,95.0,320.0,88.81,1,1,0.0,0.6666666666666666,0.3152933938848086,FRAGILE
R0334,1.4386457515755193,23.01833202520831,4,95.0,5.36,59.67,0,0,1.0,1.0,0.2297670242814896,EASY
R0335,1.8768076229476338,7.507230491790535,2,190.0,320.0,70.18,1,0,1.0,1.0,0.4369551808000835,EASY
R0336,0.7985921937413691,28.749318974689288,6,63.333333333333336,1.0,19.32,0,0,1.0,1.0,0.1583836366805031,EASY
R0337,2.9159313977132784,26.243382579419507,3,126.66666666666667,50.74,81.89,0,0,1.0,1.0,0.4275370367943711,EASY
R0338,1.7167315038499469,6.8669260153997875,2,190.0,24.65,81.89,0,0,0.6666666666666666,1.0,0.2132388403630288,EASY
R0339,6.948749767399558,250.15499162638412,6,63.333333333333336,88.81,81.89,1,0,1.0,1.0,0.3893248031457208,EASY
R0340,0.7341884572218393,0.7341884572218393,1,380.0,1.0,59.67,0,0,0.6666666666666666,1.0,0.4266369422666954,EASY
R0341,3.5484471216598137,56.77515394655702,4,95.0,88.81,59.67,0,0,1.0,1.0,0.293487265561329,EASY
R0342,4.7447506007941165,42.70275540714705,3,126.66666666666667,16.56,132.17,0,0,0.6666666666666666,1.0,0.4484023442196473,EASY
R0343,1.2285162699632355,19.656260319411768,4,95.0,168.58,8.72,1,0,1.0,1.0,0.1351434158497155,EASY
R0344,2.222917168291573,55.57292920728932,5,76.0,43.14,81.89,0,0,1.0,1.0,0.0574601239615882,EASY
R0345,6.759786675274717,168.99466688186791,5,76.0,182.82,113.27,1,0,1.0,1.0,0.3450725202341606,EASY
R0346,1.1732518754215433,29.33129688553858,5,76.0,22.73,46.78,0,0,1.0,1.0,0.0802997531048524,EASY
R0347,7.503111016297314,30.012444065189257,2,190.0,26.73,22.73,0,0,0.6666666666666666,1.0,0.1147213118510712,EASY
R0348,4.647254205122802,41.82528784610521,3,126.66666666666667,155.45,24.65,1,0,1.0,1.0,0.094716920442069,EASY
R0349,2.568828226744403,2.568828226744403,1,380.0,36.68,88.81,0,0,1.0,1.0,0.2077550233126647,EASY
R0350,29.00135022804474,725.0337557011185,5,76.0,43.14,36.97,0,0,0.6666666666666666,0.6666666666666666,0.2343971420332656,INFEASIBLE
R0351,1.7762945903530558,1.7762945903530558,1,380.0,59.21,88.81,0,0,1.0,1.0,0.110692370487741,EASY
R0352,1.4151494750523637,22.64239160083782,4,95.0,43.14,96.31,0,0,1.0,1.0,0.3811176024347508,EASY
R0353,0.8169998171315085,13.071997074104136,4,95.0,24.65,81.89,0,0,1.0,1.0,0.2144144825536209,EASY
R0354,19.919630760703463,179.27667684633116,3,126.66666666666667,3.6,59.21,0,1,0.0,1.0,0.243603308684326,EASY
R0355,2.9017202694679547,26.115482425211592,3,126.66666666666667,320.0,81.89,1,0,1.0,1.0,0.3442272388989494,EASY
R0356,9.79398084724694,9.79398084724694,1,380.0,320.0,59.67,0,0,1.0,1.0,0.1179353972289839,EASY
R0357,5.889250003653108,53.00325003287797,3,126.66666666666667,59.21,132.17,0,0,1.0,1.0,0.3336551579385109,EASY
R0358,0.9037000133737296,22.592500334343242,5,76.0,3.6,46.78,0,0,1.0,1.0,0.3829748512138545,EASY
R0359,1.356125256970985,21.69800411153576,4,95.0,6.31,10.26,0,0,1.0,1.0,0.1251688613272355,EASY
R0360,1.5018575163217625,1.5018575163217625,1,380.0,215.01,88.81,0,0,0.6666666666666666,1.0,0.1790025538426085,EASY
R0361,11.709343886170716,11.709343886170716,1,380.0,36.68,320.0,0,1,0.3333333333333333,1.0,0.3294454525028101,EASY
R0362,1.0962771556109185,27.406928890272965,5,76.0,24.65,46.78,0,0,1.0,1.0,0.4421573250639645,EASY
R0363,4.22576024373143,67.61216389970288,4,95.0,133.21,88.81,1,0,1.0,1.0,0.0888524533914345,EASY
R0364,4.524365253523402,18.097461014093607,2,190.0,182.82,69.63,0,0,1.0,1.0,0.4245403558182534,EASY
R0365,8.76894737115992,8.76894737115992,1,380.0,320.0,320.0,0,0,1.0,1.0,0.1414291198380344,EASY
R0366,0.7120849262228667,0.7120849262228667,1,380.0,2.83,59.67,0,0,1.0,1.0,0.1169091620801848,EASY
R0367,3.9121643393651526,35.209479054286376,3,126.66666666666667,2.42,24.65,0,0,0.6666666666666666,1.0,0.2838956457678732,EASY
R0368,0.7130931465821151,0.7130931465821151,1,380.0,59.67,59.21,0,0,1.0,1.0,0.4201913552816964,EASY
R0369,1.5511683212165814,24.818693139465303,4,95.0,4.6,81.89,0,0,1.0,1.0,0.3611769712775502,EASY
R0370,3.612112899405968,14.448451597623873,2,190.0,2.42,24.65,0,1,0.3333333333333333,1.0,0.3025015614791047,EASY
R0371,1.795470684402595,16.159236159623354,3,126.66666666666667,3.6,36.68,0,0,1.0,1.0,0.3178351631049662,EASY
R0372,2.18301368746034,2.18301368746034,1,380.0,1.0,69.63,0,0,1.0,1.0,0.2748985168053983,EASY
R0373,3.370000428126534,3.370000428126534,1,380.0,2.42,69.63,0,0,1.0,1.0,0.2051239844649749,EASY
R0374,2.9666303307626825,26.699672976864143,3,126.66666666666667,2.42,5.4,0,0,0.6666666666666666,1.0,0.2884627334195896,EASY
R0375,2.5853538902385864,41.36566224381738,4,95.0,295.07,81.89,1,0,1.0,1.0,0.4322467534342153,EASY
R0376,1.7374108702731434,6.949643481092574,2,190.0,295.07,81.89,1,0,1.0,1.0,0.3827608253841988,EASY
R0377,0.7666588721108994,19.166471802772485,5,76.0,24.65,50.74,0,0,1.0,1.0,0.2788883046280061,EASY
R0378,10.322347856381354,165.15756570210166,4,95.0,16.43,112.39,0,0,0.6666666666666666,1.0,0.3688129530963928,EASY
R0379,2.86985842652382,71.7464606630955,5,76.0,50.74,81.89,0,0,1.0,1.0,0.2781355340827939,EASY
R0380,0.8749129637948106,13.99860742071697,4,95.0,1.0,6.84,0,0,1.0,1.0,0.0634838506156023,EASY
R0381,3.834037504420842,34.50633753978758,3,126.66666666666667,2.42,19.32,0,1,0.3333333333333333,1.0,0.1346450595999243,EASY
R0382,24.69667051485763,222.27003463371867,3,126.66666666666667,295.07,168.58,1,0,0.6666666666666666,1.0,0.4412801383363492,EASY
R0383,3.14964346383323,12.59857385533292,2,190.0,295.07,59.67,1,0,0.6666666666666666,1.0,0.211205849949091,EASY
R0384,1.225545272138944,44.119629797001984,6,63.333333333333336,4.6,8.72,0,0,1.0,1.0,0.2677077230017006,EASY
R0385,2.098690998653276,33.579055978452416,4,95.0,46.78,31.43,0,1,0.3333333333333333,1.0,0.394077083459225,EASY
R0386,19.98109548094924,319.69752769518783,4,95.0,320.0,50.74,1,0,0.6666666666666666,1.0,0.1969375336461679,EASY
R0387,6.2256281011444905,56.03065291030042,3,126.66666666666667,46.78,155.45,0,0,0.6666666666666666,1.0,0.2308534998529055,EASY
R0388,4.642735902865817,167.1384925031694,6,63.333333333333336,36.97,133.21,0,0,1.0,1.0,0.3175265861166562,EASY
R0389,8.276547006973576,206.9136751743394,5,76.0,14.08,70.18,0,1,0.3333333333333333,1.0,0.21702466397724,EASY
R0390,2.8320855953012805,2.8320855953012805,1,380.0,112.39,81.89,0,0,1.0,1.0,0.4347786737115022,EASY
R0391,4.379634656243998,157.66684762478394,6,63.333333333333336,88.81,24.65,1,0,1.0,1.0,0.1933101074849536,EASY
R0392,3.112341078177958,112.0442788144065,6,63.333333333333336,88.81,81.89,1,0,1.0,1.0,0.1546462886186873,EASY
R0393,0.5218847255437579,13.047118138593946,5,76.0,1.0,69.63,0,0,1.0,1.0,0.2964716416130278,EASY
R0394,13.796775691962733,124.1709812276646,3,126.66666666666667,31.19,96.31,0,0,1.0,1.0,0.2629599243239848,EASY
R0395,0.6699193261031139,6.029273934928025,3,126.66666666666667,46.78,6.84,0,0,1.0,1.0,0.0647398591427188,EASY
R0396,1.1710122834597847,1.1710122834597847,1,380.0,31.19,96.31,0,0,0.6666666666666666,1.0,0.3917160062838016,EASY
R0397,0.7115438282474595,2.846175312989838,2,190.0,88.81,4.56,0,0,1.0,1.0,0.1296141843521062,EASY
R0398,2.6531674483019683,42.45067917283149,4,95.0,2.83,81.89,0,0,0.6666666666666666,1.0,0.0825846816249807,EASY
R0399,4.605108866867908,73.68174186988652,4,95.0,59.67,59.67,0,0,1.0,1.0,0.2940636096663668,EASY
R0400,19.379628939556724,484.4907234889181,5,76.0,3.6,19.32,0,1,0.3333333333333333,1.0,0.4107234791204485,FRAGILE
R0401,3.9424500548143895,35.4820504933295,3,126.66666666666667,46.78,24.65,0,0,1.0,1.0,0.3605071662745457,EASY
R0402,9.704496544706663,38.81798617882665,2,190.0,320.0,22.73,1,0,1.0,1.0,0.3700120879059475,EASY
R0403,6.608203532326593,165.20508830816482,5,76.0,295.07,81.89,1,0,1.0,1.0,0.2762361136547476,EASY
R0404,5.056053125795057,45.50447813215552,3,126.66666666666667,295.07,22.73,1,0,1.0,1.0,0.3333923947277738,EASY
R0405,1.4508788154526904,23.214061047243046,4,95.0,4.6,50.74,0,0,1.0,1.0,0.2099731578332443,EASY
R0406,6.326993617411756,56.94294255670581,3,126.66666666666667,46.78,155.45,0,0,1.0,1.0,0.2183530841442222,EASY
R0407,1.6854200689432473,1.6854200689432473,1,380.0,22.73,96.31,0,0,1.0,1.0,0.395381525953768,EASY
R0408,1.937996549006231,1.937996549006231,1,380.0,320.0,36.97,0,0,0.6666666666666666,1.0,0.1623212571535951,EASY
R0409,1.3046109140438158,1.3046109140438158,1,380.0,7.42,96.31,0,0,1.0,1.0,0.1105486405426056,EASY
R0410,8.583024946156526,137.3283991385044,4,95.0,320.0,168.58,1,1,0.3333333333333333,1.0,0.0757615145750465,EASY
R0411,3.4810724257759493,55.69715881241519,4,95.0,2.42,69.63,0,0,0.6666666666666666,1.0,0.1261156541770242,EASY
R0412,0.8212041028311338,7.390836925480204,3,126.66666666666667,5.36,7.42,0,0,1.0,1.0,0.1332038084887267,EASY
R0413,2.515335473043218,62.88338682608045,5,76.0,112.39,88.81,1,0,1.0,1.0,0.4313749969820885,EASY
R0414,3.6851387811020677,132.66499611967444,6,63.333333333333336,2.42,88.81,0,0,0.6666666666666666,1.0,0.3375430554155653,EASY
R0415,0.9138571126004832,8.224714013404348,3,126.66666666666667,5.36,12.98,0,0,1.0,1.0,0.0751415192251233,EASY
R0416,1.6658365037484442,41.6459125937111,5,76.0,70.18,81.89,0,0,1.0,1.0,0.282614526434145,EASY
R0417,0.9690242827670338,3.876097131068135,2,190.0,10.18,46.78,0,0,1.0,1.0,0.2256938424037993,EASY
R0418,4.8905967981115595,176.06148473201614,6,63.333333333333336,320.0,50.74,1,0,1.0,1.0,0.3025854815972637,EASY
R0419,0.8845319917583323,14.152511868133317,4,95.0,46.78,112.39,0,0,1.0,1.0,0.3599225096213372,EASY
R0420,11.449394291990581,11.449394291990581,1,380.0,320.0,295.07,0,0,1.0,1.0,0.0712397772108656,EASY
R0421,9.136800592309784,82.23120533078806,3,126.66666666666667,168.58,168.58,1,0,1.0,1.0,0.1595070468041227,EASY
R0422,16.44716177922489,263.1545884675982,4,95.0,320.0,133.21,1,1,0.0,0.6666666666666666,0.1656448918165813,EASY
R0423,6.369904721348954,229.31656996856233,6,63.333333333333336,320.0,26.73,1,0,0.6666666666666666,1.0,0.272260845273774,EASY
R0424,0.876362310951571,3.505449243806284,2,190.0,19.48,50.74,0,0,1.0,1.0,0.1933557171740187,EASY
R0425,1.0335685822354825,9.302117240119342,3,126.66666666666667,1.0,59.67,0,0,1.0,1.0,0.2015459701868893,EASY
R0426,4.663166683198154,74.61066693117047,4,95.0,12.98,81.89,0,0,1.0,1.0,0.0902220461728375,EASY
R0427,2.5398069842337363,10.159227936934945,2,190.0,50.74,88.81,0,0,1.0,1.0,0.3113836617546013,EASY
R0428,1.9849428983137463,31.75908637301994,4,95.0,10.18,88.81,0,0,1.0,1.0,0.0763398974581068,EASY
R0429,5.151516766514994,82.4242682642399,4,95.0,3.6,69.63,0,0,0.6666666666666666,1.0,0.0683102391406382,EASY
R0430,2.2111617570193216,55.27904392548304,5,76.0,2.4,81.89,0,1,0.3333333333333333,1.0,0.3459372368317482,EASY
R0431,3.2788939432860347,13.115575773144139,2,190.0,70.18,31.43,0,0,1.0,1.0,0.0718416511754079,EASY
R0432,12.80911013569716,51.23644054278864,2,190.0,6.84,168.58,0,1,0.3333333333333333,1.0,0.3945265175548359,EASY
R0433,2.075324964240031,74.71169871264112,6,63.333333333333336,6.84,5.36,0,0,0.6666666666666666,1.0,0.1509007699206278,EASY
R0434,6.343815878679626,57.09434290811664,3,126.66666666666667,46.78,132.17,0,0,1.0,1.0,0.3201632637002215,EASY
R0435,1.579521691068517,25.272347057096272,4,95.0,320.0,88.81,1,0,1.0,1.0,0.390102108117249,EASY
R0436,2.0259289987927236,18.23336098913451,3,126.66666666666667,4.6,6.31,0,0,0.6666666666666666,1.0,0.0614161591433604,EASY
R0437,1.61312855458346,58.07262796500456,6,63.333333333333336,320.0,8.72,1,0,0.6666666666666666,1.0,0.0959090126653266,EASY
R0438,4.528381008021078,163.0217162887588,6,63.333333333333336,2.83,36.97,0,0,0.6666666666666666,1.0,0.2164947055543087,EASY
R0439,8.331688962451828,133.30702339922925,4,95.0,1.0,168.58,0,0,0.6666666666666666,1.0,0.1918280891655858,EASY
R0440,1.0161768096634933,4.064707238653973,2,190.0,3.6,59.67,0,0,1.0,1.0,0.3453861536360164,EASY
R0441,1.670280628188792,60.13010261479651,6,63.333333333333336,36.68,1.0,0,0,0.6666666666666666,1.0,0.1264791242469926,EASY
R0442,2.6017603183222198,41.628165093155516,4,95.0,2.83,81.89,0,0,1.0,1.0,0.308049997917018,EASY
R0443,2.1554967719763427,19.399470947787083,3,126.66666666666667,88.81,96.31,0,0,1.0,1.0,0.1848691505801084,EASY
R0444,4.8305642205096815,43.47507798458713,3,126.66666666666667,3.6,19.32,0,0,0.6666666666666666,1.0,0.1894298806790713,EASY
R0445,1.1381539054115382,10.243385148703844,3,126.66666666666667,2.4,10.26,0,0,0.6666666666666666,1.0,0.0803666757145269,EASY
R0446,1.538746806025413,6.154987224101652,2,190.0,2.83,96.31,0,0,1.0,1.0,0.4498434163429331,EASY
R0447,11.025927816162492,44.10371126464997,2,190.0,10.26,155.45,0,0,1.0,1.0,0.4038203195647051,EASY
R0448,3.6148155121210688,32.533339609089616,3,126.66666666666667,43.14,22.73,0,0,1.0,1.0,0.3066873218106393,EASY
R0449,7.853855229915671,31.415420919662683,2,190.0,16.43,250.9,0,0,0.6666666666666666,1.0,0.2185174055730533,EASY
R0450,3.4515557327536923,55.22489172405908,4,95.0,59.21,59.67,0,0,1.0,1.0,0.4075074656383473,EASY
R0451,1.4181997387619678,12.763797648857711,3,126.66666666666667,2.83,88.81,0,0,1.0,1.0,0.3568144298762807,EASY
R0452,18.914390228451687,472.85975571129217,5,76.0,6.31,16.43,0,1,0.0,1.0,0.4445192724972999,EASY
R0453,1.5274951119969367,38.18737779992342,5,76.0,168.58,43.14,1,0,0.6666666666666666,1.0,0.2207864414122464,EASY
R0454,1.7365766757330061,43.41441689332515,5,76.0,2.83,36.68,0,0,1.0,1.0,0.4127962582651694,EASY
R0455,0.7232768710971351,6.509491839874216,3,126.66666666666667,3.6,50.74,0,0,1.0,1.0,0.3549058294633262,EASY
R0456,8.535315386404543,213.38288466011358,5,76.0,11.97,96.31,0,0,0.6666666666666666,1.0,0.1942580174409935,EASY
R0457,0.9759627894645296,15.615404631432474,4,95.0,3.32,59.67,0,0,1.0,1.0,0.3003170602349828,EASY
R0458,8.210022701195317,32.84009080478127,2,190.0,4.56,155.45,0,0,1.0,1.0,0.2453288570529045,EASY
R0459,3.2795143312968467,81.98785828242117,5,76.0,168.58,69.63,1,0,1.0,1.0,0.2346207924516854,EASY
R0460,1.2576561170553804,5.0306244682215215,2,190.0,12.98,96.31,0,0,1.0,1.0,0.3915092652930825,EASY
R0461,4.138234524339878,37.2441107190589,3,126.66666666666667,2.42,3.6,0,0,0.6666666666666666,1.0,0.4226706419335195,EASY
R0462,6.6959618773211815,26.783847509284726,2,190.0,7.42,31.19,0,0,0.6666666666666666,1.0,0.3514955699023554,EASY
R0463,1.4950457429444213,23.92073188711074,4,95.0,3.6,43.14,0,0,1.0,1.0,0.3626770129505475,EASY
R0464,2.637771367244597,23.73994230520137,3,126.66666666666667,2.4,59.67,0,1,0.3333333333333333,1.0,0.307094495107068,EASY
R0465,1.7828695816545577,7.131478326618231,2,190.0,46.78,96.31,0,0,1.0,1.0,0.1811145446592689,EASY
R0466,2.4185475472741853,60.463688681854634,5,76.0,3.6,69.63,0,0,0.6666666666666666,1.0,0.3288474710966155,EASY
R0467,2.6994443990705292,43.19111038512847,4,95.0,88.81,69.63,0,0,1.0,1.0,0.0781324957905586,EASY
R0468,3.03115316304285,75.77882907607125,5,76.0,2.83,81.89,0,1,0.3333333333333333,1.0,0.2945584688341113,EASY
R0469,3.1948875235163747,51.118200376261996,4,95.0,43.14,81.89,0,0,1.0,1.0,0.3665360494521127,EASY
R0470,3.1051787723684985,12.420715089473994,2,190.0,31.43,81.89,0,0,1.0,1.0,0.3970982683852465,EASY
R0471,21.76700663752589,195.903059737733,3,126.66666666666667,320.0,132.17,1,1,0.3333333333333333,1.0,0.3522737046669069,EASY
R0472,0.7567520561834965,12.108032898935944,4,95.0,1.0,6.84,0,0,1.0,1.0,0.1530599156160415,EASY
R0473,7.912783926167907,31.651135704671628,2,190.0,26.73,26.73,0,0,1.0,1.0,0.2409509571852813,EASY
R0474,4.021720769141946,64.34753230627113,4,95.0,11.97,24.65,0,0,1.0,1.0,0.2407668479563477,EASY
R0475,29.15865940567346,728.9664851418365,5,76.0,320.0,155.45,1,1,0.0,0.6666666666666666,0.0508671178150581,EASY
R0476,0.88082790667577,14.09324650681232,4,95.0,24.65,46.78,0,0,1.0,1.0,0.3290152273150601,EASY
R0477,2.0361274652800265,2.0361274652800265,1,380.0,2.42,81.89,0,0,1.0,1.0,0.4195969978163685,EASY
R0478,1.6004226112517606,14.403803501265845,3,126.66666666666667,320.0,81.89,1,0,1.0,1.0,0.2467953549391,EASY
R0479,1.2802911240896024,46.09048046722569,6,63.333333333333336,3.32,81.89,0,0,1.0,1.0,0.3780574665284141,EASY
R0480,2.1924899421868975,19.732409479682076,3,126.66666666666667,50.74,81.89,0,0,1.0,1.0,0.4353982481505047,EASY
R0481,6.5688514279958055,164.22128569989513,5,76.0,295.07,88.81,1,0,1.0,1.0,0.1129684987410553,EASY
R0482,1.9199667014653894,47.99916753663474,5,76.0,43.14,11.97,0,0,0.6666666666666666,1.0,0.2235984296762548,EASY
R0483,2.3250402319306493,37.20064371089039,4,95.0,26.73,69.63,0,0,1.0,1.0,0.0593580633835911,EASY
R0484,2.487766635343731,9.951066541374924,2,190.0,69.63,11.97,0,0,1.0,1.0,0.1546768014382562,EASY
R0485,5.340066924100765,133.50167310251913,5,76.0,50.74,88.81,0,1,0.3333333333333333,1.0,0.3786769452295971,EASY
R0486,6.577864182061535,6.577864182061535,1,380.0,6.31,50.74,0,0,1.0,1.0,0.2034086602389856,EASY
R0487,17.429488493343353,278.87181589349365,4,95.0,320.0,59.21,1,0,0.6666666666666666,0.6666666666666666,0.2816760995050599,EASY
R0488,2.2561801243062636,36.09888198890022,4,95.0,2.4,96.31,0,0,1.0,1.0,0.2167458045128136,EASY
R0489,17.55578020224282,70.22312080897127,2,190.0,59.21,155.45,0,0,1.0,1.0,0.2264930592316346,EASY
R0490,2.710182990153446,67.75457475383615,5,76.0,36.97,81.89,0,0,1.0,1.0,0.1047187875432287,EASY
R0491,8.224336799568592,131.58938879309747,4,95.0,36.97,182.82,0,0,1.0,1.0,0.4076558957425877,EASY
R0492,1.1712481346780226,42.16493284840881,6,63.333333333333336,88.81,43.14,1,0,1.0,1.0,0.2675832985902581,EASY
R0493,1.340167707273815,5.36067082909526,2,190.0,3.6,88.81,0,0,0.6666666666666666,1.0,0.1860299008474815,EASY
R0494,0.7431385607118693,6.688247046406824,3,126.66666666666667,22.73,96.31,0,0,1.0,1.0,0.2214466523959909,EASY
R0495,1.5531803392674035,55.914492213626524,6,63.333333333333336,113.27,59.67,1,0,1.0,1.0,0.4394919141366222,EASY
R0496,0.9790010104534356,3.9160040418137423,2,190.0,12.98,50.74,0,0,1.0,1.0,0.2767116496247523,EASY
R0497,6.133684808518724,153.3421202129681,5,76.0,3.6,113.27,0,1,0.3333333333333333,1.0,0.342630766922938,EASY
R0498,2.4778337610970196,9.911335044388078,2,190.0,155.45,70.18,0,0,1.0,1.0,0.2806553273073472,EASY
R0499,1.8292170574086701,1.8292170574086701,1,380.0,88.81,81.89,0,0,1.0,1.0,0.1300678329691389,EASY
R0500,2.250816387645992,56.2704096911498,5,76.0,46.78,81.89,0,0,1.0,1.0,0.1479037166944806,EASY
R0501,0.6473588842171756,23.30491983181832,6,63.333333333333336,3.6,4.56,0,0,1.0,1.0,0.1116407000787603,EASY
R0502,1.3205693187703373,11.885123868933036,3,126.66666666666667,11.97,96.31,0,0,1.0,1.0,0.1396195070906834,EASY
R0503,0.997988733928698,15.967819742859168,4,95.0,295.07,11.97,1,0,0.6666666666666666,1.0,0.2843996066700553,EASY
R0504,0.9513375050195999,23.78343762549,5,76.0,3.6,50.74,0,0,1.0,1.0,0.2167746309138708,EASY
R0505,2.9676277758015974,47.48204441282556,4,95.0,3.6,81.89,0,0,0.6666666666666666,1.0,0.2303560709586523,EASY
R0506,3.7347966816478317,33.61317013483048,3,126.66666666666667,88.81,22.73,0,0,1.0,1.0,0.0762526204324247,EASY
R0507,1.7102036801844116,6.840814720737646,2,190.0,46.78,88.81,0,0,1.0,1.0,0.2188362376440309,EASY
R0508,0.6266804910860875,5.6401244197747875,3,126.66666666666667,59.67,112.39,0,0,1.0,1.0,0.3546795042498789,EASY
R0509,3.2661605386909995,81.65401346727499,5,76.0,2.4,69.63,0,1,0.3333333333333333,1.0,0.0935741747906959,EASY
R0510,1.7550589875681124,7.02023595027245,2,190.0,155.45,96.31,0,0,1.0,1.0,0.428635079410764,EASY
R0511,2.282454418287876,20.542089764590884,3,126.66666666666667,59.67,113.27,0,0,1.0,1.0,0.0639394124459859,EASY
R0512,1.3685394629684031,1.3685394629684031,1,380.0,22.73,113.27,0,0,0.6666666666666666,1.0,0.3726039075669555,EASY
R0513,1.301033918023994,5.204135672095976,2,190.0,4.56,50.74,0,0,1.0,1.0,0.1224367512310648,EASY
R0514,1.950391249835393,17.553521248518535,3,126.66666666666667,3.6,5.4,0,0,0.6666666666666666,1.0,0.3038159370425834,EASY
R0515,0.7355116452238,2.9420465808952,2,190.0,3.6,50.74,0,0,1.0,1.0,0.435942424734926,EASY
R0516,2.1622184373611812,54.05546093402953,5,76.0,50.74,70.18,0,0,0.6666666666666666,1.0,0.3713798647678032,EASY
R0517,0.9354872761104979,8.41938548499448,3,126.66666666666667,88.81,11.97,0,0,1.0,1.0,0.0523489331757145,EASY
R0518,1.537416257408692,24.598660118539073,4,95.0,3.6,88.81,0,0,1.0,1.0,0.2231877724628433,EASY
R0519,1.6852647482501726,1.6852647482501726,1,380.0,22.73,81.89,0,0,1.0,1.0,0.1306886683513321,EASY
R0520,2.312445066268829,36.99912106030126,4,95.0,26.73,113.27,0,0,1.0,1.0,0.1604710273307782,EASY
R0521,0.6467874638113251,0.6467874638113251,1,380.0,26.73,5.36,0,0,1.0,1.0,0.0738612670755313,EASY
R0522,41.37695025803256,41.37695025803256,1,380.0,1.0,320.0,0,0,1.0,1.0,0.3381768781228547,EASY
R0523,3.3381523786700504,120.17348563212181,6,63.333333333333336,7.42,88.81,0,0,1.0,1.0,0.4375442129060779,EASY
R0524,1.5376529690246554,24.602447504394487,4,95.0,3.32,88.81,0,0,1.0,1.0,0.1217478003459348,EASY
R0525,1.7261120616430605,15.535008554787545,3,126.66666666666667,88.81,96.31,0,0,1.0,1.0,0.2706047611179737,EASY
R0526,3.3507295263190193,120.62626294748469,6,63.333333333333336,43.14,88.81,0,0,0.6666666666666666,1.0,0.2583966429530535,EASY
R0527,1.1113764076033956,27.78441019008489,5,76.0,3.32,43.14,0,0,1.0,1.0,0.3891713075217067,EASY
R0528,1.9665585797976983,31.464937276763173,4,95.0,320.0,88.81,1,0,1.0,1.0,0.3308646029991557,EASY
R0529,0.7593639345562706,3.0374557382250824,2,190.0,320.0,6.31,1,0,0.6666666666666666,1.0,0.161919438535444,EASY
R0530,1.3510358091259949,1.3510358091259949,1,380.0,2.83,96.31,0,0,1.0,1.0,0.3125504961502916,EASY
R0531,4.205112049706539,16.820448198826156,2,190.0,2.4,59.67,0,1,0.3333333333333333,1.0,0.2544643405232925,EASY
R0532,1.7155267364515259,27.448427783224414,4,95.0,132.17,36.97,1,0,1.0,1.0,0.0500614238273226,EASY
R0533,3.838870049044955,34.549830441404595,3,126.66666666666667,43.14,88.81,0,0,1.0,1.0,0.194164524685702,EASY
R0534,11.860666628421846,106.74599965579662,3,126.66666666666667,31.19,168.58,0,0,1.0,1.0,0.3947146477819139,EASY
R0535,1.2807353880619055,32.01838470154764,5,76.0,3.6,14.08,0,0,1.0,1.0,0.4099732766449598,EASY
R0536,8.815838214784415,8.815838214784415,1,380.0,46.78,59.67,0,0,0.6666666666666666,1.0,0.4402646263107301,EASY
R0537,1.1345401188988307,40.8434442803579,6,63.333333333333336,5.36,46.78,0,0,1.0,1.0,0.32756004666894,EASY
R0538,2.8752404657973876,71.88101164493469,5,76.0,295.07,11.97,1,1,0.0,1.0,0.0633723683157502,EASY
R0539,1.0661332600883864,9.595199340795478,3,126.66666666666667,3.6,50.74,0,0,1.0,1.0,0.2307125452366238,EASY
R0540,13.633976400338609,490.82315041218993,6,63.333333333333336,4.56,50.74,0,1,0.0,0.6666666666666666,0.2963714426629683,FRAGILE
R0541,4.093461305026177,36.84115174523559,3,126.66666666666667,46.78,31.43,0,0,1.0,1.0,0.0895826282067425,EASY
R0542,2.96623793169212,11.86495172676848,2,190.0,81.89,59.67,0,0,1.0,1.0,0.3866598763349885,EASY
R0543,1.8022890789332595,1.8022890789332595,1,380.0,5.36,70.18,0,0,1.0,1.0,0.3817936808283875,EASY
R0544,9.148805134568425,228.72012836421064,5,76.0,46.78,59.67,0,0,1.0,1.0,0.4470230911165029,EASY
R0545,3.605756290298188,57.69210064477101,4,95.0,46.78,69.63,0,0,1.0,1.0,0.2159727468589788,EASY
R0546,4.290506230931346,68.64809969490153,4,95.0,3.6,81.89,0,0,0.6666666666666666,1.0,0.3816350340386106,EASY
R0547,3.048520091992489,27.436680827932403,3,126.66666666666667,295.07,1.0,1,0,1.0,1.0,0.1060673116554894,EASY
R0548,2.4418734142416647,61.04683535604162,5,76.0,88.81,81.89,1,0,0.6666666666666666,1.0,0.1962615631629665,EASY
R0549,2.600302145882744,2.600302145882744,1,380.0,50.74,96.31,0,0,1.0,1.0,0.3801753504585962,EASY
R0550,4.448891764835001,71.18226823736002,4,95.0,11.97,69.63,0,0,1.0,1.0,0.1422190886733232,EASY
R0551,1.4797031257529114,13.317328131776202,3,126.66666666666667,46.78,96.31,0,0,1.0,1.0,0.055556270279687,EASY
R0552,5.839269032825709,145.98172582064274,5,76.0,31.19,182.82,0,0,1.0,1.0,0.1801249943560994,EASY
R0553,2.3014773159794526,9.20590926391781,2,190.0,59.67,81.89,0,0,1.0,1.0,0.0833113060646437,EASY
R0554,4.670924012590047,18.683696050360187,2,190.0,295.07,81.89,1,0,1.0,1.0,0.2518377105170217,EASY
R0555,3.505052173798142,14.020208695192569,2,190.0,295.07,24.65,1,0,1.0,1.0,0.3112831012860748,EASY
R0556,6.576245302508051,59.186207722572455,3,126.66666666666667,1.27,26.73,0,0,0.6666666666666666,1.0,0.2046242733147332,EASY
R0557,2.003196816138399,32.051149058214385,4,95.0,168.58,46.78,1,0,1.0,1.0,0.3959411042847002,EASY
R0558,7.54985740723963,30.19942962895852,2,190.0,295.07,24.65,1,0,1.0,1.0,0.1135238083823172,EASY
R0559,3.211235527519043,51.37976844030469,4,95.0,46.78,81.89,0,0,1.0,1.0,0.068590906327411,EASY
R0560,1.203525873187124,19.256413970993982,4,95.0,182.82,43.14,1,0,0.6666666666666666,1.0,0.2927198691725131,EASY
R0561,7.933873246436138,71.40485921792525,3,126.66666666666667,6.31,50.74,0,0,0.6666666666666666,1.0,0.2919361292015647,EASY
R0562,3.390297435063227,30.512676915569045,3,126.66666666666667,3.6,168.58,0,1,0.3333333333333333,1.0,0.2976801406873244,EASY
R0563,7.3882729557513915,66.49445660176252,3,126.66666666666667,7.42,132.17,0,1,0.3333333333333333,1.0,0.2434538855523563,EASY
R0564,12.511072270401854,50.04428908160742,2,190.0,70.18,182.82,0,0,1.0,1.0,0.218063997920516,EASY
R0565,4.114246679536289,37.0282201158266,3,126.66666666666667,96.31,31.43,0,0,1.0,1.0,0.1987180979311025,EASY
R0566,1.3883679731551508,12.495311758396358,3,126.66666666666667,50.74,168.58,0,0,1.0,1.0,0.3352543846906916,EASY
R0567,1.370287080507876,5.481148322031504,2,190.0,7.42,81.89,0,0,1.0,1.0,0.243837009257709,EASY
R0568,13.538305889507331,338.45764723768326,5,76.0,132.17,43.14,1,0,1.0,1.0,0.3438688516044114,EASY
R0569,2.1896763912493684,19.707087521244315,3,126.66666666666667,6.31,81.89,0,0,1.0,1.0,0.4124114748524763,EASY
R0570,13.43862826889155,53.7545130755662,2,190.0,320.0,182.82,1,0,0.6666666666666666,1.0,0.3213419683292043,EASY
R0571,2.198828896190825,35.1812623390532,4,95.0,43.14,88.81,0,0,0.6666666666666666,1.0,0.2126284296511284,EASY
R0572,3.0135902993289276,3.0135902993289276,1,380.0,4.6,50.74,0,0,1.0,1.0,0.3969036479691896,EASY
R0573,2.903363514521102,2.903363514521102,1,380.0,26.73,81.89,0,0,0.6666666666666666,1.0,0.2420221080425917,EASY
R0574,3.001121109393691,48.017937750299055,4,95.0,88.81,81.89,0,0,1.0,1.0,0.3767668297721262,EASY
R0575,2.1998008809957277,54.99502202489319,5,76.0,36.68,88.81,0,0,1.0,1.0,0.3784995224249406,EASY
R0576,3.427980197622047,54.84768316195275,4,95.0,59.67,26.73,0,0,1.0,1.0,0.3949729224990657,EASY
R0577,2.541972575708669,40.671561211338705,4,95.0,50.74,81.89,0,0,1.0,1.0,0.2193589538712251,EASY
R0578,0.7492509075223786,6.743258167701407,3,126.66666666666667,113.27,50.74,0,0,1.0,1.0,0.3579344104314227,EASY
R0579,0.6589180360355994,16.472950900889984,5,76.0,88.81,8.66,1,0,1.0,1.0,0.1857386978073862,EASY
R0580,1.704024492326044,1.704024492326044,1,380.0,4.56,81.89,0,0,1.0,1.0,0.3477681712270795,EASY
R0581,22.498723546172275,562.4680886543069,5,76.0,31.43,31.19,0,0,1.0,1.0,0.3009835871108612,FRAGILE
R0582,1.265189866853787,45.54683520673633,6,63.333333333333336,182.82,96.31,1,0,1.0,1.0,0.3968290871684953,EASY
R0583,1.5733199067702033,6.293279627080813,2,190.0,5.36,88.81,0,0,0.6666666666666666,1.0,0.4364234699158,EASY
R0584,1.306870300227653,20.909924803642447,4,95.0,5.36,43.14,0,0,1.0,1.0,0.440988939404395,EASY
R0585,1.632734466510224,58.77844079436806,6,63.333333333333336,59.67,69.63,0,0,1.0,1.0,0.3495846754446853,EASY
R0586,1.5653436025128555,14.0880924226157,3,126.66666666666667,24.65,81.89,0,0,0.6666666666666666,1.0,0.2735177441560893,EASY
R0587,4.077316808977307,36.695851280795765,3,126.66666666666667,96.31,24.65,0,0,0.6666666666666666,1.0,0.1533060816906379,EASY
R0588,1.7334230420248655,1.7334230420248655,1,380.0,320.0,81.89,0,1,0.3333333333333333,1.0,0.4472595301024832,EASY
R0589,2.957596352191464,106.47346867889271,6,63.333333333333336,46.78,59.67,0,0,1.0,1.0,0.3642454632977172,EASY
R0590,3.165245229107285,28.487207061965563,3,126.66666666666667,81.89,24.65,0,0,1.0,1.0,0.3493846396800578,EASY
R0591,4.7029105729068785,75.24656916651006,4,95.0,6.31,69.63,0,0,0.6666666666666666,1.0,0.2253513724423666,EASY
R0592,14.18004235897327,56.72016943589308,2,190.0,320.0,168.58,1,0,1.0,1.0,0.4154707899462586,EASY
R0593,1.7883582688107678,44.70895672026919,5,76.0,6.84,46.78,0,0,1.0,1.0,0.3255821489142021,EASY
R0594,1.4103126940742723,22.565003105188357,4,95.0,88.81,46.78,0,0,1.0,1.0,0.1372070529709309,EASY
R0595,2.967371433820629,2.967371433820629,1,380.0,3.6,69.63,0,0,1.0,1.0,0.0681803693187855,EASY
R0596,0.7838989804053683,0.7838989804053683,1,380.0,31.19,1.0,0,0,1.0,1.0,0.1308198731723525,EASY
R0597,5.24503438306594,5.24503438306594,1,380.0,16.43,231.35,0,0,1.0,1.0,0.3359236377731349,EASY
R0598,3.0804594552796845,77.01148638199211,5,76.0,46.78,46.78,0,0,1.0,1.0,0.3851404861156743,EASY
R0599,1.7953445260472731,7.1813781041890925,2,190.0,3.6,96.31,0,0,1.0,1.0,0.3639244820219544,EASY
R0600,5.330998851094401,21.323995404377605,2,190.0,6.31,69.63,0,1,0.3333333333333333,1.0,0.1618732183161298,EASY
R0601,1.2528400311471617,11.275560280324456,3,126.66666666666667,88.81,6.84,0,1,0.3333333333333333,1.0,0.2002483708356964,EASY
R0602,9.217040739819426,331.81346663349933,6,63.333333333333336,36.68,31.43,0,0,0.6666666666666666,1.0,0.4298313291270272,EASY
R0603,2.686576530606743,67.16441326516858,5,76.0,2.83,81.89,0,0,1.0,1.0,0.1092879017797783,EASY
R0604,0.994593683091499,24.864842077287474,5,76.0,3.6,6.84,0,0,1.0,1.0,0.0716527607400409,EASY
R0605,2.336457740376432,58.4114435094108,5,76.0,59.67,16.56,0,0,0.6666666666666666,1.0,0.2889198722297882,EASY
R0606,3.442439944842699,13.769759779370796,2,190.0,2.42,70.18,0,1,0.3333333333333333,1.0,0.0723287802333891,EASY
R0607,7.934319141719873,71.40887227547886,3,126.66666666666667,12.98,24.65,0,0,1.0,1.0,0.154425552015343,EASY
R0608,0.8582100335927447,21.455250839818618,5,76.0,46.78,50.74,0,0,1.0,1.0,0.3470041730869148,EASY
R0609,1.3792995612764933,12.41369605148844,3,126.66666666666667,5.36,69.63,0,0,1.0,1.0,0.3751841125447749,EASY
R0610,3.4183261429836036,123.05974114740972,6,63.333333333333336,2.42,31.43,0,0,1.0,1.0,0.1386760036181087,EASY
R0611,2.819468476390545,70.48671190976363,5,76.0,69.63,88.81,0,0,1.0,1.0,0.2153279012951701,EASY
R0612,13.37631948870043,334.40798721751077,5,76.0,320.0,46.78,1,1,0.0,0.6666666666666666,0.0592629536675532,EASY
R0613,3.1479436338669426,28.331492704802486,3,126.66666666666667,50.74,26.73,0,0,1.0,1.0,0.3003581697593022,EASY
R0614,5.614220330193687,22.456881320774748,2,190.0,43.14,59.67,0,0,1.0,1.0,0.120857935216557,EASY
R0615,7.049531692447558,7.049531692447558,1,380.0,295.07,50.74,0,1,0.3333333333333333,1.0,0.4053531865328898,EASY
R0616,2.9733989433408783,74.33497358352196,5,76.0,6.31,31.43,0,0,1.0,1.0,0.2874693451893308,EASY
R0617,1.9192003174914463,47.98000793728615,5,76.0,46.78,70.18,0,0,0.6666666666666666,1.0,0.113585591241649,EASY
R0618,2.561055413833026,23.049498724497234,3,126.66666666666667,3.6,31.43,0,0,1.0,1.0,0.1784646842141309,EASY
R0619,1.5149661793962357,13.634695614566121,3,126.66666666666667,2.83,36.68,0,0,0.6666666666666666,1.0,0.4016131418594562,EASY
R0620,3.0224675675760735,12.089870270304294,2,190.0,320.0,24.65,1,0,0.6666666666666666,1.0,0.0520795595645757,EASY
R0621,6.207203307096179,223.45931905546246,6,63.333333333333336,155.45,59.67,1,0,1.0,1.0,0.2298799578354027,EASY
R0622,2.7146898184327815,67.86724546081953,5,76.0,88.81,81.89,1,0,1.0,1.0,0.4363943985697348,EASY
R0623,29.483979751006054,265.3558177590545,3,126.66666666666667,320.0,70.18,1,0,0.6666666666666666,1.0,0.4390598988838673,EASY
R0624,5.867890155746096,146.6972538936524,5,76.0,36.68,88.81,0,0,1.0,1.0,0.1577143661660592,EASY
R0625,1.062516603285295,17.00026565256472,4,95.0,1.9,88.81,0,0,1.0,1.0,0.2943461154828174,EASY
R0626,2.1673096901665407,8.669238760666163,2,190.0,88.81,69.63,0,0,1.0,1.0,0.2574774052735089,EASY
R0627,0.8501297315495661,0.8501297315495661,1,380.0,31.43,5.4,0,0,1.0,1.0,0.1295342677473699,EASY
R0628,3.5452143971085897,88.63035992771474,5,76.0,6.84,69.63,0,0,0.6666666666666666,1.0,0.1438955779890252,EASY
R0629,1.9319700844234333,48.29925211058583,5,76.0,133.21,113.27,1,0,1.0,1.0,0.3088052044794421,EASY
R0630,2.4522500293193072,39.236000469108916,4,95.0,2.83,88.81,0,0,1.0,1.0,0.2362261366981369,EASY
R0631,0.6958688113395799,0.6958688113395799,1,380.0,46.78,4.6,0,0,1.0,1.0,0.0985215672895225,EASY
R0632,1.161290836078852,18.580653377261633,4,95.0,88.81,43.14,0,0,1.0,1.0,0.3099963890205449,EASY
R0633,2.34792339706991,58.698084926747754,5,76.0,4.6,81.89,0,1,0.3333333333333333,1.0,0.1496909599901073,EASY
R0634,2.0026018228303086,18.023416405472776,3,126.66666666666667,2.83,36.97,0,0,1.0,1.0,0.1825286764956781,EASY
R0635,2.3737680443081084,59.34420110770271,5,76.0,36.68,11.97,0,0,0.6666666666666666,1.0,0.0770975934256769,EASY
R0636,1.128721308486403,28.218032712160074,5,76.0,46.78,6.84,0,0,1.0,1.0,0.1331309860673827,EASY
R0637,8.45062155719223,8.45062155719223,1,380.0,81.89,59.67,0,0,1.0,1.0,0.2247868917211488,EASY
R0638,5.850711684769291,146.26779211923227,5,76.0,295.07,70.18,1,0,1.0,1.0,0.1867071940785543,EASY
R0639,4.088467400445576,16.353869601782304,2,190.0,88.81,59.67,0,0,0.6666666666666666,1.0,0.3520268446363079,EASY
R0640,1.3934665310766374,22.2954644972262,4,95.0,6.84,59.67,0,0,1.0,1.0,0.3950959619434904,EASY
R0641,2.426431372397653,9.705725489590613,2,190.0,3.6,70.18,0,0,0.6666666666666666,1.0,0.1067129984984758,EASY
R0642,2.423727805507523,9.694911222030091,2,190.0,3.6,88.81,0,0,1.0,1.0,0.427421322754549,EASY
R0643,1.082684138082472,38.976628970968996,6,63.333333333333336,2.83,43.14,0,0,1.0,1.0,0.4357478352033379,EASY
R0644,1.4234311339561039,35.58577834890259,5,76.0,46.78,36.68,0,0,1.0,1.0,0.3280632547771754,EASY
R0645,1.2474565132048747,44.908434475375486,6,63.333333333333336,6.31,6.84,0,0,1.0,1.0,0.2693558725802209,EASY
R0646,6.902273688943825,110.4363790231012,4,95.0,7.42,133.21,0,0,1.0,1.0,0.3642635741238829,EASY
R0647,3.270517275403417,52.32827640645467,4,95.0,2.4,81.89,0,1,0.3333333333333333,1.0,0.3389373885550228,EASY
R0648,3.898265864576335,97.45664661440837,5,76.0,295.07,88.81,1,0,1.0,1.0,0.2885203385485874,EASY
R0649,1.4342375907188565,35.855939767971414,5,76.0,2.83,43.14,0,0,0.6666666666666666,1.0,0.2021259427373861,EASY
R0650,1.6012097961994844,40.030244904987114,5,76.0,320.0,88.81,1,0,1.0,1.0,0.2044022510993292,EASY
R0651,3.115271197600769,3.115271197600769,1,380.0,59.21,81.89,0,0,1.0,1.0,0.3295890371116649,EASY
R0652,2.2584175418757417,36.13468067001187,4,95.0,4.6,81.89,0,0,1.0,1.0,0.4272283189092869,EASY
R0653,5.1377214518123635,46.23949306631127,3,126.66666666666667,36.68,31.43,0,0,1.0,1.0,0.1594837187502245,EASY
R0654,2.561313804651402,10.245255218605609,2,190.0,5.36,14.08,0,1,0.3333333333333333,1.0,0.1084650497208918,EASY
R0655,0.8950016258520049,22.375040646300125,5,76.0,22.73,46.78,0,0,1.0,1.0,0.4226494646436189,EASY
R0656,2.2733848218499237,81.84185358659725,6,63.333333333333336,69.63,6.84,1,0,1.0,1.0,0.2116379354886737,EASY
R0657,10.213307435206572,91.91976691685915,3,126.66666666666667,295.07,31.43,1,0,1.0,1.0,0.1171091659381112,EASY
R0658,5.543098953819903,138.57747384549756,5,76.0,2.4,81.89,0,0,0.6666666666666666,1.0,0.2835400709511179,EASY
R0659,0.704160687724171,25.349784758070154,6,63.333333333333336,6.84,11.97,0,0,1.0,1.0,0.1173887461057229,EASY
R0660,1.4642568465018588,36.60642116254647,5,76.0,295.07,88.81,1,0,1.0,1.0,0.240515669389826,EASY
R0661,2.433723345957617,9.734893383830467,2,190.0,1.0,69.63,0,1,0.3333333333333333,1.0,0.4027325984221429,EASY
R0662,5.947664531716183,148.69161329290458,5,76.0,36.68,69.63,0,0,1.0,1.0,0.2091362877626033,EASY
R0663,5.449836284037531,87.19738054460049,4,95.0,320.0,88.81,1,0,1.0,1.0,0.4128999588206303,EASY
R0664,3.468513522717087,86.71283806792718,5,76.0,295.07,8.72,1,0,1.0,1.0,0.074900449299933,EASY
R0665,2.275557311322555,36.40891698116088,4,95.0,59.67,96.31,0,0,1.0,1.0,0.1042232133222512,EASY
R0666,4.6915300859599025,117.28825214899756,5,76.0,11.97,88.81,0,0,1.0,1.0,0.3726709058194936,EASY
R0667,2.832126366354513,11.328505465418052,2,190.0,295.07,69.63,1,0,1.0,1.0,0.0642946660946554,EASY
R0668,1.130412380241418,1.130412380241418,1,380.0,6.84,133.21,0,0,1.0,1.0,0.3707877290071627,EASY
R0669,2.2426520774361376,20.183868696925238,3,126.66666666666667,26.73,31.43,0,0,0.6666666666666666,1.0,0.4492026649681306,EASY
R0670,2.2401048134553387,8.960419253821355,2,190.0,155.45,81.89,0,0,1.0,1.0,0.1136764464679793,EASY
R0671,0.6660455485283459,16.651138713208645,5,76.0,24.65,81.89,0,0,1.0,1.0,0.145385592347837,EASY
R0672,1.021776532837098,16.34842452539357,4,95.0,24.65,81.89,0,0,1.0,1.0,0.2661186293316899,EASY
R0673,1.090131634105119,4.360526536420476,2,190.0,168.58,96.31,0,0,1.0,1.0,0.2354514390869432,EASY
R0674,0.9801410039556355,8.82126903560072,3,126.66666666666667,3.6,50.74,0,0,1.0,1.0,0.4428749864761457,EASY
R0675,1.694376023885866,15.249384214972794,3,126.66666666666667,3.6,96.31,0,0,1.0,1.0,0.2988361088129914,EASY
R0676,1.8674923973878053,46.68730993469513,5,76.0,1.0,36.68,0,1,0.3333333333333333,1.0,0.3278513319999202,EASY
R0677,2.6053061073787123,65.1326526844678,5,76.0,88.81,81.89,1,0,1.0,1.0,0.1740266626958692,EASY
R0678,8.242134655298273,8.242134655298273,1,380.0,320.0,320.0,0,0,1.0,1.0,0.3983707140893927,EASY
R0679,2.1652812143612783,19.487530929251506,3,126.66666666666667,295.07,24.65,1,0,1.0,1.0,0.1083498440055947,EASY
R0680,2.4924970756513862,39.87995321042218,4,95.0,59.21,31.43,0,0,1.0,1.0,0.1312874456893616,EASY
R0681,1.4307325629966738,51.50637226788026,6,63.333333333333336,5.36,10.26,0,0,0.6666666666666666,1.0,0.2105394376711216,EASY
R0682,0.4173382897236814,6.677412635578903,4,95.0,24.65,19.48,0,0,1.0,1.0,0.1483133117711675,EASY
R0683,3.2019739333424937,3.2019739333424937,1,380.0,132.17,69.63,0,1,0.3333333333333333,1.0,0.4079911939233032,EASY
R0684,2.261848930742176,9.047395722968703,2,190.0,70.18,88.81,0,0,1.0,1.0,0.1347468316773995,EASY
R0685,3.3428028165624615,53.484845064999384,4,95.0,46.78,81.89,0,0,1.0,1.0,0.3830021517607001,EASY
R0686,1.7257797593167794,43.144493982919485,5,76.0,12.98,59.67,0,0,1.0,1.0,0.3439878668634764,EASY
R0687,1.5392565296268454,24.628104474029527,4,95.0,2.4,88.81,0,0,1.0,1.0,0.2466287303551426,EASY
R0688,3.5598370419529934,14.239348167811974,2,190.0,295.07,69.63,1,0,1.0,1.0,0.1731535987581396,EASY
R0689,16.585687126397893,149.27118413758103,3,126.66666666666667,2.42,132.17,0,1,0.0,1.0,0.403329706368161,EASY
R0690,1.6774064710009942,1.6774064710009942,1,380.0,7.42,88.81,0,0,1.0,1.0,0.2384176754855365,EASY
R0691,3.4644100346085356,55.43056055373657,4,95.0,50.74,59.67,0,0,1.0,1.0,0.1465305127610539,EASY
R0692,1.2482300397579946,11.234070357821953,3,126.66666666666667,22.73,6.84,0,0,1.0,1.0,0.1886745345748374,EASY
R0693,23.733801571165053,213.60421414048548,3,126.66666666666667,36.97,113.27,0,1,0.3333333333333333,1.0,0.2427542689516247,EASY
R0694,6.235023043659964,99.76036869855942,4,95.0,182.82,155.45,1,0,1.0,1.0,0.2213396935521674,EASY
R0695,5.613730515680313,89.81968825088501,4,95.0,31.43,168.58,0,1,0.3333333333333333,1.0,0.1398559189994999,EASY
R0696,3.2597988046855066,29.33818924216956,3,126.66666666666667,295.07,24.65,1,0,1.0,1.0,0.298728620971247,EASY
R0697,1.0338148753470864,1.0338148753470864,1,380.0,8.72,46.78,0,0,1.0,1.0,0.3479072598705683,EASY
R0698,2.5843976043034993,64.60994010758748,5,76.0,6.84,81.89,0,0,0.6666666666666666,1.0,0.0601557287251059,EASY
R0699,20.707914017394614,186.37122615655153,3,126.66666666666667,320.0,133.21,1,0,1.0,1.0,0.0576874414540886,EASY
R0700,1.1897313583870062,10.707582225483055,3,126.66666666666667,19.32,69.63,0,0,1.0,1.0,0.1959771649187882,EASY
R0701,2.3546072317819515,21.191465086037564,3,126.66666666666667,2.42,4.6,0,1,0.3333333333333333,1.0,0.3427619505595109,EASY
R0702,0.9197674677182921,22.994186692957303,5,76.0,46.78,50.74,0,0,1.0,1.0,0.4494839138990458,EASY
R0703,3.802400847498739,3.802400847498739,1,380.0,182.82,59.67,0,0,1.0,1.0,0.1394192916064975,EASY
R0704,1.0352177273891463,9.316959546502316,3,126.66666666666667,24.65,43.14,0,0,1.0,1.0,0.341645649642584,EASY
R0705,5.928190035958562,53.35371032362706,3,126.66666666666667,295.07,31.19,1,0,1.0,1.0,0.2140339476396257,EASY
R0706,1.1783025685465973,18.852841096745557,4,95.0,3.6,43.14,0,0,1.0,1.0,0.4056009562930165,EASY
R0707,2.8677428070084297,2.8677428070084297,1,380.0,88.81,81.89,0,0,1.0,1.0,0.351258643269059,EASY
R0708,1.6875005157695147,1.6875005157695147,1,380.0,215.01,81.89,0,0,1.0,1.0,0.143370364843234,EASY
R0709,22.80576925138233,570.1442312845583,5,76.0,320.0,88.81,1,1,0.3333333333333333,1.0,0.1444500767942538,FRAGILE
R0710,4.940260350886212,44.46234315797591,3,126.66666666666667,168.58,19.32,1,0,1.0,1.0,0.0524846470517881,EASY
R0711,0.5180115200977949,4.662103680880154,3,126.66666666666667,46.78,69.63,0,0,1.0,1.0,0.442549482157166,EASY
R0712,1.2207607471781194,4.883042988712478,2,190.0,2.4,133.21,0,0,1.0,1.0,0.2744591012879906,EASY
R0713,2.6217848609605454,10.487139443842182,2,190.0,3.32,69.63,0,0,0.6666666666666666,1.0,0.2235244676766823,EASY
R0714,15.53178260536731,62.12713042146924,2,190.0,320.0,215.01,1,0,1.0,1.0,0.2623879601913757,EASY
R0715,1.7934925881544737,1.7934925881544737,1,380.0,168.58,69.63,0,0,1.0,1.0,0.2633946713655998,EASY
R0716,4.661153670951556,167.80153215425602,6,63.333333333333336,59.67,50.74,0,0,0.6666666666666666,1.0,0.1494197660477031,EASY
R0717,3.3403629560364485,3.3403629560364485,1,380.0,2.42,69.63,0,0,0.6666666666666666,1.0,0.1082555325864173,EASY
R0718,5.520780693447042,138.01951733617605,5,76.0,133.21,12.98,1,0,1.0,1.0,0.0644582377633389,EASY
R0719,2.385930724539451,59.64826811348628,5,76.0,24.65,88.81,0,0,1.0,1.0,0.3123702178149158,EASY
R0720,1.6028111185159108,40.07027796289777,5,76.0,4.6,11.97,0,0,1.0,1.0,0.0978268186722462,EASY
R0721,4.396768145928279,158.28365325341804,6,63.333333333333336,320.0,81.89,1,0,1.0,1.0,0.2550852698551819,EASY
R0722,4.302159089870916,4.302159089870916,1,380.0,46.78,69.63,0,0,1.0,1.0,0.07036314346632,EASY
R0723,4.934988013100838,44.41489211790754,3,126.66666666666667,12.98,19.32,0,0,1.0,1.0,0.3316096540052511,EASY
R0724,3.325158954820171,13.300635819280684,2,190.0,295.07,69.63,1,0,1.0,1.0,0.4152095415466381,EASY
R0725,12.540496112093654,451.45786003537154,6,63.333333333333336,320.0,69.63,1,1,0.3333333333333333,1.0,0.315642595589974,EASY
R0726,5.749928593188014,91.99885749100822,4,95.0,295.07,168.58,1,0,1.0,1.0,0.324632609862425,EASY
R0727,1.6669625667070318,6.667850266828127,2,190.0,26.73,96.31,0,0,1.0,1.0,0.1672637633603214,EASY
R0728,9.378674994338272,37.51469997735309,2,190.0,4.56,168.58,0,0,0.6666666666666666,1.0,0.2052231926742617,EASY
R0729,1.7018692818156982,61.267294145365135,6,63.333333333333336,59.67,113.27,0,0,1.0,1.0,0.1916493878096246,EASY
R0730,4.655729784909197,116.39324462272992,5,76.0,7.42,88.81,0,0,1.0,1.0,0.1077833372906156,EASY
R0731,12.761537749686676,51.046150998746704,2,190.0,3.6,182.82,0,0,0.6666666666666666,1.0,0.2986292422386365,EASY
R0732,2.365236879657851,37.843790074525614,4,95.0,1.0,88.81,0,0,1.0,1.0,0.2601790648909942,EASY
R0733,1.01340200382108,16.21443206113728,4,95.0,168.58,59.67,1,0,1.0,1.0,0.3083554843315109,EASY
R0734,1.5738166847097026,14.164350162387324,3,126.66666666666667,3.6,133.21,0,0,1.0,1.0,0.3501936800823303,EASY
R0735,7.193649687726113,64.74284718953501,3,126.66666666666667,36.68,70.18,0,0,1.0,1.0,0.2695904644870306,EASY
R0736,3.1110718909752246,49.777150255603594,4,95.0,5.36,81.89,0,1,0.3333333333333333,1.0,0.3797396160695462,EASY
R0737,8.969928731606188,80.7293585844557,3,126.66666666666667,6.84,155.45,0,1,0.0,1.0,0.2759969842018649,EASY
R0738,3.752440797532956,15.009763190131824,2,190.0,295.07,59.67,1,0,1.0,1.0,0.1442256211388329,EASY
R0739,4.811567921195828,120.2891980298957,5,76.0,50.74,81.89,0,0,1.0,1.0,0.4070539767308644,EASY
R0740,2.384723052200461,38.155568835207376,4,95.0,4.6,96.31,0,0,1.0,1.0,0.2315213370466023,EASY
R0741,0.9458146283556459,3.7832585134225836,2,190.0,182.82,50.74,0,0,1.0,1.0,0.2238520775184925,EASY
R0742,1.4397612376789901,51.831404556443644,6,63.333333333333336,2.83,168.58,0,0,1.0,1.0,0.1211699149659513,EASY
R0743,4.491944471966639,17.967777887866557,2,190.0,320.0,69.63,1,0,1.0,1.0,0.362554760343395,EASY
R0744,2.2430265845778408,8.972106338311363,2,190.0,50.74,88.81,0,0,1.0,1.0,0.4400958179894133,EASY
R0745,0.7405427130688718,11.848683409101948,4,95.0,6.31,50.74,0,0,1.0,1.0,0.4085795828843835,EASY
R0746,5.416818071382525,135.4204517845631,5,76.0,88.81,88.81,1,0,1.0,1.0,0.1747866218972277,EASY
R0747,1.8367152572431502,1.8367152572431502,1,380.0,43.14,81.89,0,0,0.6666666666666666,1.0,0.440825431416558,EASY
R0748,3.221366251484535,80.53415628711338,5,76.0,69.63,70.18,0,0,1.0,1.0,0.2836101507318413,EASY
R0749,2.5555644798089383,23.000080318280446,3,126.66666666666667,2.4,22.73,0,0,1.0,1.0,0.4457643103533936,EASY
R0750,2.1677141698596047,78.03771011494577,6,63.333333333333336,26.73,70.18,0,0,0.6666666666666666,1.0,0.2013472088909416,EASY
R0751,2.8718838829705953,11.487535531882381,2,190.0,3.6,81.89,0,0,0.6666666666666666,1.0,0.1853275099697098,EASY
R0752,1.8088447132509882,7.235378853003953,2,190.0,3.6,113.27,0,0,1.0,1.0,0.4442429851214599,EASY
R0753,8.905847287994845,222.64618219987113,5,76.0,12.98,70.18,0,0,1.0,1.0,0.0640060013833287,EASY
R0754,0.8232590801138027,0.8232590801138027,1,380.0,5.4,50.74,0,0,1.0,1.0,0.3789061115538407,EASY
R0755,12.171402380971783,194.74243809554852,4,95.0,16.43,88.81,0,1,0.0,1.0,0.3945853457471737,EASY
R0756,5.035740885143391,45.32166796629052,3,126.66666666666667,11.97,19.32,0,0,1.0,1.0,0.4116494872010911,EASY
R0757,4.680361362722088,74.88578180355341,4,95.0,46.78,81.89,0,0,1.0,1.0,0.3158917663865451,EASY
R0758,1.9384331206658403,1.9384331206658403,1,380.0,43.14,81.89,0,0,1.0,1.0,0.3629052070942112,EASY
R0759,0.9963964572749004,8.967568115474105,3,126.66666666666667,168.58,46.78,1,0,1.0,1.0,0.3022815937255348,EASY
R0760,1.159039888217739,41.72543597583861,6,63.333333333333336,252.87,43.14,1,0,1.0,1.0,0.390356721744543,EASY
R0761,2.5466983208792935,10.186793283517174,2,190.0,26.73,69.63,0,0,0.6666666666666666,1.0,0.1333377608540384,EASY
R0762,2.1597412596285204,8.638965038514081,2,190.0,2.42,69.63,0,0,1.0,1.0,0.3927327746667003,EASY
R0763,1.7210641973041227,43.02660493260307,5,76.0,1.0,36.68,0,0,1.0,1.0,0.1324222515200085,EASY
R0764,2.412275137104066,2.412275137104066,1,380.0,7.42,81.89,0,0,1.0,1.0,0.2938264294962081,EASY
R0765,1.3875840333582534,49.95302520089712,6,63.333333333333336,10.18,36.68,0,0,1.0,1.0,0.1289926156671871,EASY
R0766,2.218815793529015,19.969342141761135,3,126.66666666666667,3.6,96.31,0,0,1.0,1.0,0.1501570795764712,EASY
R0767,3.6685327390278704,91.71331847569675,5,76.0,320.0,59.67,1,1,0.3333333333333333,1.0,0.1581978868216304,EASY
R0768,4.295968962363161,107.39922405907902,5,76.0,3.6,69.63,0,0,1.0,1.0,0.4092870764176266,EASY
R0769,14.991824988788828,374.7956247197207,5,76.0,12.98,8.66,0,0,0.6666666666666666,1.0,0.3799559959976041,FRAGILE
R0770,2.3467989064627695,58.66997266156923,5,76.0,155.45,8.66,1,0,0.6666666666666666,1.0,0.0953715880315954,EASY
R0771,1.3317834761458733,21.308535618333973,4,95.0,88.81,36.68,0,0,1.0,1.0,0.4293587562199054,EASY
R0772,5.506610431833783,22.026441727335133,2,190.0,24.65,59.67,0,1,0.3333333333333333,1.0,0.1631047353266061,EASY
R0773,5.479052424094167,136.97631060235418,5,76.0,22.73,88.81,0,1,0.3333333333333333,1.0,0.1045813035438513,EASY
R0774,2.1483339389114526,19.335005450203074,3,126.66666666666667,4.56,12.98,0,0,1.0,1.0,0.058041611519952,EASY
R0775,4.491131582787884,40.42018424509096,3,126.66666666666667,295.07,24.65,1,0,1.0,1.0,0.3145503429070126,EASY
R0776,2.234158724040008,35.746539584640125,4,95.0,88.81,81.89,0,0,1.0,1.0,0.2163361126364475,EASY
R0777,0.88771326479137,14.20341223666192,4,95.0,4.6,46.78,0,0,1.0,1.0,0.2000591745244086,EASY
R0778,2.012863739620079,32.20581983392126,4,95.0,3.32,81.89,0,0,1.0,1.0,0.1408014340362405,EASY
R0779,3.2517982475767138,13.007192990306855,2,190.0,295.07,26.73,1,0,1.0,1.0,0.2370896547658177,EASY
R0780,1.7384943776277537,6.953977510511015,2,190.0,4.6,81.89,0,0,1.0,1.0,0.2240826708596416,EASY
R0781,24.548345794906172,98.19338317962469,2,190.0,320.0,182.82,1,0,1.0,1.0,0.3045519371113976,EASY
R0782,0.7051590605816607,25.385726180939784,6,63.333333333333336,19.32,59.67,0,0,1.0,1.0,0.0981301318685944,EASY
R0783,2.6242679242335654,23.618411318102087,3,126.66666666666667,81.89,26.73,0,0,1.0,1.0,0.2691123366297502,EASY
R0784,0.9583777391228818,15.33404382596611,4,95.0,4.6,46.78,0,0,1.0,1.0,0.3424321227620565,EASY
R0785,2.260489206163032,9.041956824652129,2,190.0,3.6,88.81,0,0,0.6666666666666666,1.0,0.2049065971145012,EASY
R0786,2.2989163600580014,2.2989163600580014,1,380.0,31.43,113.27,0,0,1.0,1.0,0.237855721870863,EASY
R0787,6.0181577795752474,216.6536800647089,6,63.333333333333336,295.07,96.31,1,0,1.0,1.0,0.3285687932491158,EASY
R0788,2.4504514988326047,88.21625395797378,6,63.333333333333336,2.83,96.31,0,0,1.0,1.0,0.3613753186589762,EASY
R0789,4.28909822804646,38.60188405241814,3,126.66666666666667,168.58,22.73,1,0,1.0,1.0,0.2031695735948643,EASY
R0790,5.061449540737265,45.55304586663539,3,126.66666666666667,36.68,36.97,0,0,1.0,1.0,0.2751084840450317,EASY
R0791,0.7203141837141921,2.8812567348567684,2,190.0,1.0,182.82,0,0,1.0,1.0,0.1027561784617831,EASY
R0792,2.3052057599653857,20.74685183968847,3,126.66666666666667,2.4,81.89,0,1,0.0,1.0,0.3398035268388852,EASY
R0793,2.063724773136116,2.063724773136116,1,380.0,2.42,88.81,0,0,1.0,1.0,0.292102186570942,EASY
R0794,0.4858707716986608,7.773932347178572,4,95.0,26.73,132.17,0,0,1.0,1.0,0.4158399196748054,EASY
R0795,0.484876344834062,4.363887103506558,3,126.66666666666667,16.43,8.72,0,0,1.0,1.0,0.0805799373463627,EASY
R0796,15.035013591980986,541.2604893113155,6,63.333333333333336,320.0,50.74,1,1,0.0,1.0,0.3528923850118083,EASY
R0797,33.97117331899934,543.5387731039895,4,95.0,295.07,81.89,1,1,0.0,1.0,0.0909799107190405,EASY
R0798,2.2800521774863736,57.00130443715934,5,76.0,295.07,10.26,1,0,0.6666666666666666,1.0,0.0813887052352439,EASY
R0799,4.28745805877791,107.18645146944775,5,76.0,46.78,81.89,0,0,1.0,1.0,0.0628254949492466,EASY
R0800,8.20944537910379,295.54003364773644,6,63.333333333333336,46.78,213.33,0,0,0.6666666666666666,1.0,0.3922001346604206,EASY
R0801,6.398583042506111,159.96457606265278,5,76.0,31.43,70.18,0,0,1.0,1.0,0.3013794377470629,EASY
R0802,5.371906766579646,21.487627066318584,2,190.0,11.97,50.74,0,0,1.0,1.0,0.1767729101664051,EASY
R0803,2.0720889449989417,74.5952020199619,6,63.333333333333336,36.68,88.81,0,0,1.0,1.0,0.3089373884407044,EASY
R0804,2.1013032100763134,52.53258025190783,5,76.0,2.42,36.68,0,0,0.6666666666666666,1.0,0.4101951078159354,EASY
R0805,1.224212780040452,4.896851120161808,2,190.0,1.0,155.45,0,0,1.0,1.0,0.1400689153825428,EASY
R0806,0.7777328008224043,27.998380829606553,6,63.333333333333336,231.35,5.36,1,0,0.6666666666666666,1.0,0.1888366582808614,EASY
R0807,6.863889343651529,109.82222949842446,4,95.0,14.08,88.81,0,0,1.0,1.0,0.4236071869905453,EASY
R0808,4.186043736292877,37.67439362663589,3,126.66666666666667,2.4,6.84,0,0,0.6666666666666666,1.0,0.119824717508342,EASY
R0809,4.115742449706066,65.85187919529706,4,95.0,36.68,81.89,0,1,0.3333333333333333,1.0,0.3115994483589326,EASY
R0810,2.7275900669150417,24.548310602235375,3,126.66666666666667,46.78,59.67,0,0,1.0,1.0,0.2417136622815742,EASY
R0811,1.5865458685944338,25.38473389751094,4,95.0,7.42,43.14,0,0,1.0,1.0,0.1125041546762005,EASY
R0812,7.944269457275918,127.10831131641469,4,95.0,24.65,112.39,0,0,1.0,1.0,0.2671628087365349,EASY
R0813,0.7971536316391891,19.928840790979727,5,76.0,5.36,50.74,0,0,1.0,1.0,0.4180085376301278,EASY
R0814,13.43676559926835,214.9882495882936,4,95.0,24.65,88.81,0,0,1.0,1.0,0.4165383990998088,EASY
R0815,15.774281412289193,567.874130842411,6,63.333333333333336,3.6,59.67,0,1,0.3333333333333333,1.0,0.1476927737953037,EASY
R0816,0.5855322552667065,9.368516084267304,4,95.0,1.0,14.08,0,0,1.0,1.0,0.1188043151788299,EASY
R0817,1.331465804185249,5.325863216740996,2,190.0,12.98,155.45,0,0,1.0,1.0,0.1495159113454079,EASY
R0818,0.7008843150904698,11.214149041447516,4,95.0,46.78,59.67,0,0,1.0,1.0,0.3732985530458683,EASY
R0819,0.4750196456654232,1.9000785826616928,2,190.0,6.31,215.01,0,0,1.0,1.0,0.434357718111349,EASY
R0820,2.132081656644242,2.132081656644242,1,380.0,88.81,81.89,0,0,1.0,1.0,0.0563958885957121,EASY
R0821,4.100570940170352,4.100570940170352,1,380.0,2.42,69.63,0,1,0.3333333333333333,1.0,0.3928009209416954,EASY
R0822,6.266258974837249,56.39633077353524,3,126.66666666666667,6.31,26.73,0,0,1.0,1.0,0.2585071609379806,EASY
R0823,0.7769765873074059,3.1079063492296237,2,190.0,5.36,50.74,0,0,1.0,1.0,0.345179019307034,EASY
R0824,3.710694066138687,33.396246595248186,3,126.66666666666667,3.6,24.65,0,0,1.0,1.0,0.2741703801149326,EASY
R0825,2.0335176680465232,8.134070672186093,2,190.0,2.83,81.89,0,1,0.3333333333333333,1.0,0.4276945227765356,EASY
R0826,2.9046141768135674,72.61535442033919,5,76.0,96.31,81.89,1,0,1.0,1.0,0.3234064154144449,EASY
R0827,2.6209956449356855,10.483982579742742,2,190.0,4.6,59.67,0,0,0.6666666666666666,1.0,0.0892152176206547,EASY
R0828,3.4446170800597478,124.00621488215091,6,63.333333333333336,2.83,59.67,0,0,0.6666666666666666,1.0,0.2160129010310424,EASY
R0829,1.3841755596649563,5.536702238659825,2,190.0,46.78,88.81,0,0,1.0,1.0,0.1929206468987397,EASY
R0830,3.4035926655452236,85.0898166386306,5,76.0,36.97,69.63,0,0,1.0,1.0,0.2196099764250967,EASY
R0831,13.567305029148502,217.07688046637602,4,95.0,22.73,59.21,0,0,0.6666666666666666,1.0,0.3070470774879725,EASY
R0832,3.4912692476723204,13.965076990689282,2,190.0,88.81,81.89,0,0,1.0,1.0,0.2073320868703388,EASY
R0833,5.127966687046379,20.511866748185515,2,190.0,11.97,50.74,0,0,0.6666666666666666,1.0,0.2157555373628108,EASY
R0834,1.1342779701044654,40.834006923760754,6,63.333333333333336,12.98,88.81,0,0,1.0,1.0,0.2305346059870989,EASY
R0835,14.417124092803073,360.42810232007685,5,76.0,320.0,70.18,1,1,0.0,1.0,0.0982679382626742,EASY
R0836,4.363341164688448,69.81345863501517,4,95.0,24.65,69.63,0,0,0.6666666666666666,1.0,0.1551315832789221,EASY
R0837,1.9087833094827797,47.719582737069494,5,76.0,88.81,31.43,1,0,1.0,1.0,0.1274253925866663,EASY
R0838,8.36506630927008,75.28559678343072,3,126.66666666666667,1.0,155.45,0,0,1.0,1.0,0.3350245826436139,EASY
R0839,1.3321336925764438,21.3141390812231,4,95.0,8.72,46.78,0,0,1.0,1.0,0.4154110996863669,EASY
R0840,30.05582151863792,751.395537965948,5,76.0,5.4,88.81,0,0,0.6666666666666666,1.0,0.1226608827909752,FRAGILE
R0841,4.588607319588464,41.29746587629617,3,126.66666666666667,36.68,22.73,0,0,1.0,1.0,0.4260190656774484,EASY
R0842,5.391605262184191,194.09778943863088,6,63.333333333333336,36.68,70.18,0,0,0.6666666666666666,1.0,0.3078514406581057,EASY
R0843,1.6784934384679655,26.855895015487448,4,95.0,320.0,70.18,1,1,0.3333333333333333,1.0,0.4216266344192995,EASY
R0844,6.000681738301989,54.0061356447179,3,126.66666666666667,46.78,132.17,0,0,1.0,1.0,0.1390543050084774,EASY
R0845,3.2236296423137225,12.89451856925489,2,190.0,168.58,24.65,0,0,1.0,1.0,0.3369671589161335,EASY
R0846,3.957703769346835,3.957703769346835,1,380.0,112.39,69.63,0,0,1.0,1.0,0.2836797612620256,EASY
R0847,0.5855850210677171,21.08106075843782,6,63.333333333333336,16.43,8.72,0,0,1.0,1.0,0.1660404575015512,EASY
R0848,8.139395678316726,73.25456110485054,3,126.66666666666667,1.0,182.82,0,0,0.6666666666666666,1.0,0.2852108880637335,EASY
R0849,0.9221207646834919,3.6884830587339676,2,190.0,46.78,46.78,0,0,1.0,1.0,0.3230454164492923,EASY
R0850,4.970432270426418,124.26080676066044,5,76.0,88.81,50.74,1,0,1.0,1.0,0.1314351971884799,EASY
R0851,1.2348542283865125,19.7576676541842,4,95.0,12.98,46.78,0,0,1.0,1.0,0.3454751626727916,EASY
R0852,7.786564773031012,194.6641193257753,5,76.0,295.07,69.63,1,0,0.6666666666666666,1.0,0.2123352460523293,EASY
R0853,2.850947717408309,25.65852945667478,3,126.66666666666667,295.07,1.9,1,0,0.6666666666666666,1.0,0.2864776583411175,EASY
R0854,1.941161004529283,17.470449040763548,3,126.66666666666667,6.84,81.89,0,0,1.0,1.0,0.2385808186205903,EASY
R0855,2.665262428957296,42.64419886331674,4,95.0,320.0,81.89,1,0,1.0,1.0,0.0957976489927096,EASY
R0856,15.510113749770182,62.04045499908073,2,190.0,5.36,250.9,0,1,0.0,1.0,0.1698741275278815,EASY
R0857,2.742488146981573,24.682393322834155,3,126.66666666666667,320.0,24.65,1,0,0.6666666666666666,1.0,0.1807775292242035,EASY
R0858,4.223346067856428,67.57353708570285,4,95.0,88.81,59.67,0,0,1.0,1.0,0.3210586868328063,EASY
R0859,19.99261619858915,319.8818591774264,4,95.0,6.31,59.21,0,0,1.0,1.0,0.1621156785954357,EASY
R0860,7.259042305739626,65.33138075165662,3,126.66666666666667,3.6,155.45,0,0,0.6666666666666666,1.0,0.1889684663008536,EASY
R0861,7.872531998424054,7.872531998424054,1,380.0,31.43,59.67,0,0,0.6666666666666666,1.0,0.2227278997997202,EASY
R0862,5.953663288118408,95.25861260989453,4,95.0,19.32,168.58,0,0,1.0,1.0,0.1915147246411474,EASY
R0863,7.9959238627566265,199.89809656891566,5,76.0,12.98,88.81,0,0,1.0,1.0,0.3764052379550787,EASY
R0864,29.84215200118187,477.4744320189099,4,95.0,1.0,70.18,0,0,0.6666666666666666,1.0,0.1422609767902876,FRAGILE
R0865,0.6149500787276225,15.373751968190563,5,76.0,50.74,16.56,0,0,1.0,1.0,0.0955345609114071,EASY
R0866,1.8833978043914854,7.533591217565942,2,190.0,96.31,96.31,0,0,1.0,1.0,0.1247454400061127,EASY
R0867,0.6988093311635456,17.47023327908864,5,76.0,50.74,132.17,0,0,1.0,1.0,0.1761255832793514,EASY
R0868,2.9862781616522858,47.78045058643657,4,95.0,320.0,88.81,1,0,1.0,1.0,0.4405948863496748,EASY
R0869,1.5424244164150995,24.678790662641592,4,95.0,320.0,43.14,1,0,1.0,1.0,0.414336490070859,EASY
R0870,8.558879387155143,213.97198467887856,5,76.0,231.35,81.89,1,0,1.0,1.0,0.4414146948872054,EASY
R0871,1.5360016203249123,6.144006481299649,2,190.0,2.4,24.65,0,0,1.0,1.0,0.3152499134869023,EASY
R0872,1.0324592207221253,16.519347531554004,4,95.0,16.56,43.14,0,0,1.0,1.0,0.2365176005147774,EASY
R0873,3.833049537109838,15.332198148439351,2,190.0,88.81,70.18,0,0,0.6666666666666666,1.0,0.2646287818479946,EASY
R0874,1.1101334026198368,4.440533610479347,2,190.0,22.73,16.43,0,0,1.0,1.0,0.0710858006530932,EASY
R0875,2.3709018065603065,37.9344289049649,4,95.0,12.98,96.31,0,0,1.0,1.0,0.1419213149038732,EASY
R0876,3.8892548560188622,35.003293704169764,3,126.66666666666667,2.42,19.32,0,0,0.6666666666666666,1.0,0.2569518133220863,EASY
R0877,5.3145567505873625,132.86391876468406,5,76.0,295.07,70.18,1,0,0.6666666666666666,1.0,0.3976904108194327,EASY
R0878,2.1335055057409877,19.20154955166889,3,126.66666666666667,31.43,96.31,0,0,1.0,1.0,0.1363359527985018,EASY
R0879,4.456341545371423,71.30146472594276,4,95.0,320.0,24.65,1,0,1.0,1.0,0.3052857495376717,EASY
R0880,0.832476922240018,3.329907688960072,2,190.0,3.6,182.82,0,0,1.0,1.0,0.1178477999580993,EASY
R0881,1.8382758086186142,16.54448227756753,3,126.66666666666667,1.0,96.31,0,0,1.0,1.0,0.2721793550414266,EASY
R0882,15.771937361163644,15.771937361163644,1,380.0,320.0,50.74,0,0,1.0,1.0,0.2543029235359463,EASY
R0883,0.881744425081652,3.526977700326608,2,190.0,19.48,88.81,0,0,1.0,1.0,0.2329765822929804,EASY
R0884,9.631974969521568,346.75109890277645,6,63.333333333333336,46.78,31.43,0,1,0.0,1.0,0.0783070643961463,EASY
R0885,3.7254868318025554,14.901947327210221,2,190.0,46.78,168.58,0,0,1.0,1.0,0.1122841323743826,EASY
R0886,2.3628209592662652,37.805135348260244,4,95.0,3.6,81.89,0,0,0.6666666666666666,1.0,0.2118806192069524,EASY
R0887,5.634007093437824,140.8501773359456,5,76.0,59.21,26.73,0,0,1.0,1.0,0.3600400033644645,EASY
R0888,1.395147337952826,34.87868344882065,5,76.0,50.74,36.68,0,0,1.0,1.0,0.2074935675312134,EASY
R0889,0.5007002968416402,0.5007002968416402,1,380.0,11.97,69.63,0,0,1.0,1.0,0.3574225083625016,EASY
R0890,5.709628756429224,51.386658807863014,3,126.66666666666667,24.65,22.73,0,0,1.0,1.0,0.2494959756791024,EASY
R0891,1.6926117596714334,6.770447038685734,2,190.0,320.0,1.0,1,0,1.0,1.0,0.1958112214508522,EASY
R0892,10.38464260080976,373.84713362915136,6,63.333333333333336,320.0,16.43,1,1,0.0,1.0,0.4254409533191485,EASY
R0893,4.553861077939921,40.984749701459286,3,126.66666666666667,88.81,19.32,0,0,1.0,1.0,0.2795112835093318,EASY
R0894,2.49373708493893,2.49373708493893,1,380.0,31.43,96.31,0,0,1.0,1.0,0.19794910070261,EASY
R0895,1.7628365993397446,7.051346397358978,2,190.0,320.0,81.89,1,0,1.0,1.0,0.4451962097908452,EASY
R0896,2.3059142497699416,36.894627996319066,4,95.0,320.0,81.89,1,0,1.0,1.0,0.3909359426540163,EASY
R0897,2.686401593638678,96.7104573709924,6,63.333333333333336,2.83,88.81,0,1,0.0,1.0,0.2400838404823189,EASY
R0898,1.5233475228460829,13.710127705614745,3,126.66666666666667,43.14,88.81,0,0,1.0,1.0,0.1380295765144527,EASY
R0899,14.027487249038977,224.43979598462363,4,95.0,320.0,24.65,1,1,0.0,1.0,0.3166624579695674,EASY
R0900,2.813935890359086,101.3016920529271,6,63.333333333333336,2.42,70.18,0,0,1.0,1.0,0.2024430242634913,EASY
R0901,0.6596003229510919,23.74561162623931,6,63.333333333333336,182.82,59.67,1,0,0.6666666666666666,1.0,0.2373078007383958,EASY
R0902,1.9454437563521918,7.781775025408767,2,190.0,168.58,96.31,0,0,1.0,1.0,0.2761365595131981,EASY
R0903,0.7298644602744804,2.9194578410979215,2,190.0,50.74,59.67,0,0,1.0,1.0,0.2380959289182053,EASY
R0904,16.031833504465837,64.12733401786335,2,190.0,320.0,168.58,1,0,1.0,1.0,0.3456481392560345,EASY
R0905,3.452311858813717,55.23698974101947,4,95.0,2.4,59.67,0,0,1.0,1.0,0.3103296473822266,EASY
R0906,9.53472108776517,238.36802719412927,5,76.0,36.68,88.81,0,0,0.6666666666666666,1.0,0.1556485353848549,FRAGILE
R0907,2.4951412618392457,89.82508542621284,6,63.333333333333336,12.98,96.31,0,0,1.0,1.0,0.0655484684425253,EASY
R0908,1.2892259514348792,46.41213425165565,6,63.333333333333336,1.0,50.74,0,0,1.0,1.0,0.2294744897254446,EASY
R0909,4.498644981739375,40.48780483565437,3,126.66666666666667,46.78,36.68,0,0,1.0,1.0,0.3384945430501671,EASY
R0910,11.108326033517155,177.73321653627448,4,95.0,24.65,132.17,0,0,1.0,1.0,0.2475244879719743,EASY
R0911,1.637907298810527,6.551629195242108,2,190.0,320.0,88.81,1,0,0.6666666666666666,1.0,0.0717518393915113,EASY
R0912,6.267045957526658,6.267045957526658,1,380.0,295.07,250.9,0,0,1.0,1.0,0.3485770296030251,EASY
R0913,8.908141526995935,35.63256610798374,2,190.0,1.0,168.58,0,0,1.0,1.0,0.3135732972323132,EASY
R0914,2.861755882002239,25.75580293802015,3,126.66666666666667,50.74,24.65,0,0,1.0,1.0,0.1509550062296588,EASY
R0915,5.848591152169273,93.57745843470836,4,95.0,7.42,132.17,0,0,0.6666666666666666,1.0,0.349895339430914,EASY
R0916,0.9249762698649208,0.9249762698649208,1,380.0,1.0,7.42,0,0,1.0,1.0,0.1274162252431915,EASY
R0917,3.3291898121201005,29.962708309080902,3,126.66666666666667,24.65,2.83,0,0,1.0,1.0,0.2276382190114491,EASY
R0918,16.99424498937526,152.94820490437735,3,126.66666666666667,43.14,96.31,0,0,1.0,1.0,0.1863584195538631,EASY
R0919,1.4780937500267946,23.649500000428713,4,95.0,43.14,88.81,0,0,1.0,1.0,0.1777197245088785,EASY
R0920,3.0153897495780253,3.0153897495780253,1,380.0,213.33,69.63,0,0,1.0,1.0,0.2666663630003169,EASY
R0921,2.0783412448636094,51.958531121590234,5,76.0,46.78,7.42,0,0,0.6666666666666666,1.0,0.1256191890860489,EASY
R0922,2.1581622375347904,53.95405593836976,5,76.0,31.43,133.21,0,0,1.0,1.0,0.1757458594144793,EASY
R0923,0.8011251781261479,0.8011251781261479,1,380.0,19.32,10.18,0,0,1.0,1.0,0.2680127568606071,EASY
R0924,0.6450515958120708,2.5802063832482833,2,190.0,6.31,59.67,0,0,1.0,1.0,0.4170474072875098,EASY
R0925,1.7798670705200454,1.7798670705200454,1,380.0,2.83,69.63,0,0,1.0,1.0,0.0713555572912307,EASY
R0926,1.703989210119093,27.263827361905488,4,95.0,3.6,8.72,0,0,1.0,1.0,0.2226469419143543,EASY
R0927,8.313031168537144,133.0084986965943,4,95.0,3.6,132.17,0,0,1.0,1.0,0.0503338675086856,EASY
R0928,3.2893346739590394,29.604012065631355,3,126.66666666666667,36.68,81.89,0,0,1.0,1.0,0.4466545972485237,EASY
R0929,8.6703654885361,138.7258478165776,4,95.0,7.42,19.32,0,1,0.0,1.0,0.4078351288855203,EASY
R0930,2.6137184078217746,41.81949452514839,4,95.0,295.07,113.27,1,0,1.0,1.0,0.251419094953176,EASY
R0931,5.073147830842449,81.17036529347918,4,95.0,3.6,182.82,0,1,0.0,1.0,0.3282060503371612,EASY
R0932,2.346973036482354,37.55156858371766,4,95.0,26.73,81.89,0,0,0.6666666666666666,1.0,0.3392176831637651,EASY
R0933,4.079544660361458,36.71590194325312,3,126.66666666666667,295.07,24.65,1,0,1.0,1.0,0.4209820240870175,EASY
R0934,6.237731303580602,24.950925214322407,2,190.0,43.14,59.67,0,0,1.0,1.0,0.0688942768273531,EASY
R0935,2.2106439933805855,79.58318376170108,6,63.333333333333336,182.82,70.18,1,0,1.0,1.0,0.2900989226460553,EASY
R0936,2.54909014355685,22.94181129201165,3,126.66666666666667,59.67,31.43,0,0,1.0,1.0,0.2853288038426757,EASY
R0937,1.2074663024185877,30.186657560464692,5,76.0,1.0,46.78,0,0,1.0,1.0,0.4011410276190874,EASY
R0938,1.975494870017375,71.1178153206255,6,63.333333333333336,2.42,70.18,0,0,1.0,1.0,0.2883409718205629,EASY
R0939,1.0212632699752193,9.191369429776973,3,126.66666666666667,320.0,43.14,1,0,1.0,1.0,0.1616539432381559,EASY
R0940,1.0770660797852591,17.233057276564146,4,95.0,11.97,46.78,0,0,1.0,1.0,0.4205348978928481,EASY
R0941,1.7840181678344027,7.136072671337611,2,190.0,31.43,88.81,0,0,0.6666666666666666,1.0,0.1406083937490085,EASY
R0942,2.9087342475637223,104.714432912294,6,63.333333333333336,69.63,81.89,1,0,1.0,1.0,0.2617719184659465,EASY
R0943,0.84542524269329,3.38170097077316,2,190.0,24.65,6.84,0,0,1.0,1.0,0.1817901315017738,EASY
R0944,0.9497844638946791,23.744611597366976,5,76.0,16.56,46.78,0,0,1.0,1.0,0.3810455537240688,EASY
R0945,1.9054014580122962,30.48642332819674,4,95.0,24.65,6.84,0,0,1.0,1.0,0.1984824572100587,EASY
R0946,0.7584439256856249,3.0337757027424996,2,190.0,1.0,215.01,0,0,1.0,1.0,0.1922054355370224,EASY
R0947,6.106106695210768,152.65266738026918,5,76.0,320.0,88.81,1,0,1.0,1.0,0.3882233667868331,EASY
R0948,2.682338699237337,42.91741918779739,4,95.0,59.21,81.89,0,0,1.0,1.0,0.1292679703461521,EASY
R0949,2.709217493637382,24.382957442736437,3,126.66666666666667,81.89,69.63,0,0,1.0,1.0,0.2793649825751062,EASY
R0950,3.124477658761772,28.12029892885595,3,126.66666666666667,272.09,24.65,1,0,1.0,1.0,0.2876538831385526,EASY
R0951,1.0565476909088902,9.508929218180011,3,126.66666666666667,26.73,43.14,0,0,1.0,1.0,0.3608933048290142,EASY
R0952,1.7238829364102397,6.895531745640959,2,190.0,133.21,24.65,0,0,1.0,1.0,0.341931967507044,EASY
R0953,0.8101555168827751,0.8101555168827751,1,380.0,7.42,155.45,0,0,1.0,1.0,0.2557710000155017,EASY
R0954,2.1605433108076615,54.01358277019154,5,76.0,3.6,46.78,0,0,1.0,1.0,0.4404630692200172,EASY
R0955,2.288039163426087,36.60862661481739,4,95.0,81.89,113.27,0,0,1.0,1.0,0.1768961721766239,EASY
R0956,1.2104397571226462,30.260993928066153,5,76.0,10.18,168.58,0,0,1.0,1.0,0.214979974563932,EASY
R0957,2.8284516775685242,2.8284516775685242,1,380.0,88.81,69.63,0,0,1.0,1.0,0.1284485679228794,EASY
R0958,3.4758559634624846,86.89639908656211,5,76.0,2.4,12.98,0,0,0.6666666666666666,1.0,0.3884122680516011,EASY
R0959,1.0876657736563036,9.788991962906731,3,126.66666666666667,3.32,43.14,0,0,1.0,1.0,0.2681648905078804,EASY
R0960,3.918630696028264,15.674522784113057,2,190.0,3.32,70.18,0,0,0.6666666666666666,1.0,0.1528443499183861,EASY
R0961,2.5507725649234048,40.812361038774476,4,95.0,182.82,96.31,1,0,1.0,1.0,0.1033014569167523,EASY
R0962,6.0880729054783735,24.352291621913494,2,190.0,31.19,24.65,0,0,1.0,1.0,0.2457368552938624,EASY
R0963,2.9139115641568445,104.9008163096464,6,63.333333333333336,168.58,59.67,1,0,0.6666666666666666,1.0,0.3970267824513526,EASY
R0964,2.1779323033608238,19.601390730247413,3,126.66666666666667,88.81,2.85,0,0,1.0,1.0,0.197550811752576,EASY
R0965,2.2376596886339026,35.80255501814244,4,95.0,88.81,113.27,0,0,1.0,1.0,0.1653247204961559,EASY
R0966,2.9453293649156853,106.03185713696467,6,63.333333333333336,31.43,59.67,0,0,1.0,1.0,0.2568881014259224,EASY
R0967,0.5717218100008807,14.293045250022018,5,76.0,1.0,6.31,0,0,1.0,1.0,0.14173529673614,EASY
R0968,3.0380040235714105,27.342036212142695,3,126.66666666666667,112.39,3.6,0,0,1.0,1.0,0.3464040199471627,EASY
R0969,14.638691821579592,365.9672955394898,5,76.0,2.83,112.39,0,1,0.0,1.0,0.0759080069862609,FRAGILE
R0970,2.732988175295838,43.72781080473341,4,95.0,155.45,69.63,1,0,1.0,1.0,0.3356671658778831,EASY
R0971,1.5114607434416343,37.786518586040856,5,76.0,4.6,36.68,0,0,0.6666666666666666,1.0,0.3049682771862805,EASY
R0972,4.320296458029857,155.53067248907485,6,63.333333333333336,26.73,26.73,0,1,0.3333333333333333,1.0,0.2632386375873022,EASY
R0973,2.4252977499145776,9.70119099965831,2,190.0,168.58,69.63,0,0,1.0,1.0,0.4137576979518734,EASY
R0974,5.666208354288948,5.666208354288948,1,380.0,70.18,69.63,0,0,1.0,1.0,0.1819108166015132,EASY
R0975,1.6147619002072602,14.532857101865341,3,126.66666666666667,320.0,6.84,1,0,1.0,1.0,0.1142075160495059,EASY
R0976,4.055905862669972,64.89449380271955,4,95.0,295.07,22.73,1,0,1.0,1.0,0.398519554470683,EASY
R0977,2.6903905320784287,43.04624851325486,4,95.0,7.42,81.89,0,0,0.6666666666666666,1.0,0.0851561625270237,EASY
R0978,2.765360524425103,69.13401311062758,5,76.0,36.68,81.89,0,0,1.0,1.0,0.3010664887997284,EASY
R0979,3.0091144199802615,27.082029779822353,3,126.66666666666667,5.36,22.73,0,0,0.6666666666666666,1.0,0.2335462125693952,EASY
R0980,1.4536684644101072,52.33206471876386,6,63.333333333333336,2.83,36.68,0,0,1.0,1.0,0.0767379101306733,EASY
R0981,1.2929685524893604,1.2929685524893604,1,380.0,2.83,96.31,0,0,1.0,1.0,0.3066364590100953,EASY
R0982,2.2624592848997875,56.56148212249469,5,76.0,46.78,81.89,0,0,1.0,1.0,0.1920425456805142,EASY
R0983,6.333007669835679,56.99706902852111,3,126.66666666666667,295.07,132.17,1,0,1.0,1.0,0.3562370111011852,EASY
R0984,4.61169862980301,41.50528766822709,3,126.66666666666667,295.07,19.32,1,0,1.0,1.0,0.2480838158586158,EASY
R0985,3.0927742938753804,12.371097175501522,2,190.0,182.82,81.89,0,0,1.0,1.0,0.3840674038339104,EASY
R0986,3.60561197727107,32.45050779543963,3,126.66666666666667,295.07,3.6,1,0,1.0,1.0,0.1268064160290137,EASY
R0987,2.189107129075551,8.756428516302204,2,190.0,50.74,16.56,0,0,1.0,1.0,0.326385314771669,EASY
R0988,1.7288949735718886,6.915579894287554,2,190.0,3.6,96.31,0,0,1.0,1.0,0.1905660957993054,EASY
R0989,9.506147727454895,38.02459090981958,2,190.0,26.73,155.45,0,0,1.0,1.0,0.4389851275491804,EASY
R0990,2.711864080432832,2.711864080432832,1,380.0,6.84,81.89,0,0,1.0,1.0,0.1691789080336058,EASY
R0991,1.5605581903674095,24.968931045878552,4,95.0,320.0,88.81,1,0,1.0,1.0,0.0729811660783249,EASY
R0992,2.740221161239272,68.5055290309818,5,76.0,81.89,31.43,1,0,1.0,1.0,0.3750103351154261,EASY
R0993,2.517947533329386,22.661527799964475,3,126.66666666666667,320.0,31.43,1,0,1.0,1.0,0.3142403031508969,EASY
R0994,10.836237419527157,43.34494967810863,2,190.0,16.43,24.65,0,1,0.3333333333333333,1.0,0.2586272717906519,EASY
R0995,1.9752087992792338,31.60334078846774,4,95.0,168.58,16.56,1,0,0.6666666666666666,1.0,0.1035618742739902,EASY
R0996,6.359272429474,57.233451865266005,3,126.66666666666667,3.6,50.74,0,1,0.0,1.0,0.2562595087283716,EASY
R0997,3.95645177821092,142.43226401559312,6,63.333333333333336,295.07,50.74,1,0,0.6666666666666666,1.0,0.2826877127085757,EASY
R0998,10.424993330852589,41.699973323410354,2,190.0,16.43,36.97,0,0,1.0,1.0,0.2744157215935713,EASY
R0999,19.145834030027245,76.58333612010898,2,190.0,31.19,215.01,0,0,1.0,1.0,0.3176946515989782,EASY
R1000,2.545445923799037,63.63614809497592,5,76.0,88.81,7.42,1,0,1.0,1.0,0.341385266504307,EASY
R1001,0.921747010337087,3.686988041348348,2,190.0,12.98,320.0,0,0,1.0,1.0,0.4344216555638088,EASY
R1002,1.6663912764538953,59.99008595234023,6,63.333333333333336,14.08,36.68,0,0,1.0,1.0,0.3197998436386612,EASY
R1003,13.960398083885297,349.00995209713244,5,76.0,320.0,24.65,1,1,0.0,1.0,0.4095441446781543,EASY
R1004,3.774238026386996,135.87256894993186,6,63.333333333333336,59.67,59.67,0,0,0.6666666666666666,1.0,0.3650506113470598,EASY
R1005,1.7800807859557868,7.120323143823147,2,190.0,5.36,19.32,0,0,0.6666666666666666,1.0,0.1200670453074869,EASY
R1006,7.807893443970749,124.92629510353198,4,95.0,46.78,113.27,0,0,0.6666666666666666,1.0,0.3451179987019019,EASY
R1007,2.300520877890206,36.808334046243296,4,95.0,250.9,36.97,1,0,0.6666666666666666,1.0,0.4192777877932225,EASY
R1008,1.7022146842795296,27.235434948472474,4,95.0,6.31,133.21,0,0,1.0,1.0,0.1641396029502761,EASY
R1009,3.6275366175286194,90.68841543821549,5,76.0,295.07,69.63,1,0,1.0,1.0,0.1716481878927172,EASY
R1010,4.611680876497999,41.505127888481994,3,126.66666666666667,81.89,31.43,0,0,1.0,1.0,0.2515063665563063,EASY
R1011,1.3014389024254964,20.823022438807943,4,95.0,88.81,59.67,0,0,1.0,1.0,0.3631547647821336,EASY
R1012,4.635091287003138,18.54036514801255,2,190.0,46.78,168.58,0,0,1.0,1.0,0.1205994323405307,EASY
R1013,1.3440901220230583,21.505441952368933,4,95.0,2.4,133.21,0,0,1.0,1.0,0.2058203556694706,EASY
R1014,2.5386636172614203,40.618617876182725,4,95.0,3.6,113.27,0,0,1.0,1.0,0.4047305972798184,EASY
R1015,8.889294726637853,80.00365253974068,3,126.66666666666667,43.14,133.21,0,0,0.6666666666666666,1.0,0.3782417185573803,EASY
R1016,7.449867058129757,186.24667645324394,5,76.0,320.0,88.81,1,1,0.3333333333333333,1.0,0.4019515867793306,EASY
R1017,2.9948772476519774,11.97950899060791,2,190.0,50.74,24.65,0,0,1.0,1.0,0.4351001723905387,EASY
R1018,2.272873774144037,56.82184435360092,5,76.0,3.6,69.63,0,1,0.3333333333333333,1.0,0.2845561702766837,EASY
R1019,1.8551864014205046,29.682982422728074,4,95.0,88.81,59.67,0,0,1.0,1.0,0.3046860820109601,EASY
R1020,4.294990521198114,17.179962084792457,2,190.0,24.65,70.18,0,0,1.0,1.0,0.3261543253561879,EASY
R1021,2.9825443215758813,47.7207091452141,4,95.0,81.89,6.84,0,0,1.0,1.0,0.1306544379797879,EASY
R1022,1.8698769905733619,7.4795079622934475,2,190.0,133.21,113.27,0,0,1.0,1.0,0.1522190992831884,EASY
R1023,1.514251454506861,37.856286362671526,5,76.0,1.0,43.14,0,0,0.6666666666666666,1.0,0.3491533283834005,EASY
R1024,5.9722810997012825,53.750529897311544,3,126.66666666666667,3.6,155.45,0,0,0.6666666666666666,1.0,0.4368336221468396,EASY
R1025,4.436001331158798,110.90003327896996,5,76.0,168.58,69.63,1,0,1.0,1.0,0.130919006936598,EASY
R1026,2.2405534469501664,35.84885515120266,4,95.0,3.32,88.81,0,0,1.0,1.0,0.0581532974181815,EASY
R1027,1.7160942129659842,27.457507407455747,4,95.0,3.6,81.89,0,0,1.0,1.0,0.2656336117873165,EASY
R1028,1.9050026444329515,7.620010577731806,2,190.0,6.84,113.27,0,0,1.0,1.0,0.1795636181146367,EASY
R1029,2.398514286211515,38.37622857938424,4,95.0,4.6,81.89,0,0,1.0,1.0,0.1114761858852928,EASY
R1030,2.4702287692031693,22.23205892282852,3,126.66666666666667,2.4,7.42,0,1,0.3333333333333333,1.0,0.1428996191758548,EASY
R1031,7.1509828647043365,257.4353831293561,6,63.333333333333336,320.0,26.73,1,0,0.6666666666666666,1.0,0.1507270182294675,EASY
R1032,11.913161250984697,297.8290312746174,5,76.0,50.74,46.78,0,0,1.0,1.0,0.2925403412848483,EASY
R1033,1.7623151244476856,44.05787811119214,5,76.0,5.36,36.68,0,0,1.0,1.0,0.2265962316937949,EASY
R1034,7.18897165978985,28.7558866391594,2,190.0,113.27,132.17,0,0,1.0,1.0,0.4365326561687807,EASY
R1035,10.60262466290387,265.06561657259675,5,76.0,36.68,81.89,0,0,0.6666666666666666,1.0,0.207385039951256,EASY
R1036,8.582167029343417,77.23950326409076,3,126.66666666666667,88.81,252.87,0,0,1.0,1.0,0.2705478767320121,EASY
R1037,0.885937362455966,3.543749449823864,2,190.0,4.6,12.98,0,0,1.0,1.0,0.2086496591354876,EASY
R1038,2.880873947430821,72.02184868577052,5,76.0,4.6,16.56,0,0,0.6666666666666666,1.0,0.3002207426278949,EASY
R1039,0.8071488468459823,12.914381549535717,4,95.0,22.73,50.74,0,0,1.0,1.0,0.3544399383908627,EASY
R1040,2.4532923039569803,22.079630735612824,3,126.66666666666667,59.67,1.0,0,0,1.0,1.0,0.29231304627363,EASY
R1041,2.7336598215716847,68.34149553929211,5,76.0,46.78,81.89,0,0,1.0,1.0,0.2978338578949155,EASY
R1042,1.2851174385218431,20.56187901634949,4,95.0,6.31,43.14,0,0,1.0,1.0,0.3407758040235407,EASY
R1043,1.8471531874447258,16.624378687002533,3,126.66666666666667,1.0,69.63,0,0,1.0,1.0,0.3165235072410819,EASY
R1044,2.151409927054803,8.605639708219211,2,190.0,22.73,96.31,0,0,1.0,1.0,0.2086803561730486,EASY
R1045,2.6428654022634053,10.571461609053621,2,190.0,43.14,81.89,0,0,1.0,1.0,0.1874468186830857,EASY
R1046,1.0003013551809585,9.002712196628627,3,126.66666666666667,6.31,168.58,0,0,1.0,1.0,0.1695145174800681,EASY
R1047,1.256647587394048,11.30982828654643,3,126.66666666666667,295.07,36.68,1,0,1.0,1.0,0.4007686061584127,EASY
R1048,3.303699281298595,29.733293531687355,3,126.66666666666667,5.36,24.65,0,0,1.0,1.0,0.1379872322343652,EASY
R1049,8.254146196735146,297.14926308246527,6,63.333333333333336,46.78,70.18,0,0,1.0,1.0,0.3996567928202365,EASY
R1050,2.989041995266453,47.82467192426325,4,95.0,50.74,81.89,0,0,1.0,1.0,0.4120754428845489,EASY
R1051,2.5791639818520014,23.212475836668013,3,126.66666666666667,3.6,31.43,0,0,1.0,1.0,0.1870492287444201,EASY
R1052,1.7854551739530384,7.141820695812154,2,190.0,1.0,88.81,0,1,0.3333333333333333,1.0,0.1486374066607521,EASY
R1053,1.0734350707657798,1.0734350707657798,1,380.0,6.84,50.74,0,0,1.0,1.0,0.4069827706892797,EASY
R1054,1.5112173246809848,6.044869298723939,2,190.0,50.74,88.81,0,0,1.0,1.0,0.389480929719904,EASY
R1055,2.3213830099099386,37.14212815855902,4,95.0,36.68,96.31,0,0,1.0,1.0,0.2710085499848225,EASY
R1056,4.210727587904888,105.26818969762219,5,76.0,70.18,81.89,0,0,1.0,1.0,0.4064481025971744,EASY
R1057,2.855960741907648,25.70364667716883,3,126.66666666666667,2.42,81.89,0,0,0.6666666666666666,1.0,0.0616466616609968,EASY
R1058,8.32813570060601,74.9532213054541,3,126.66666666666667,46.78,215.01,0,1,0.3333333333333333,1.0,0.082895267554366,EASY
R1059,1.8596416638476432,29.75426662156229,4,95.0,46.78,81.89,0,0,1.0,1.0,0.171235428300436,EASY
R1060,0.7758269108973158,12.413230574357053,4,95.0,8.72,81.89,0,0,1.0,1.0,0.2012465879698164,EASY
R1061,5.324197042711372,21.29678817084549,2,190.0,46.78,69.63,0,0,1.0,1.0,0.2492124098654433,EASY
R1062,2.2148461561702164,55.37115390425541,5,76.0,70.18,88.81,0,0,1.0,1.0,0.3347450786020133,EASY
R1063,1.6847467958067992,1.6847467958067992,1,380.0,31.43,113.27,0,0,1.0,1.0,0.427120303762006,EASY
R1064,2.346826291341747,37.54922066146795,4,95.0,3.6,96.31,0,0,1.0,1.0,0.1962248884566494,EASY
R1065,1.2829302299240757,5.131720919696303,2,190.0,3.6,96.31,0,0,0.6666666666666666,1.0,0.3729279693722409,EASY
R1066,3.2072952852984824,3.2072952852984824,1,380.0,43.14,69.63,0,0,0.6666666666666666,1.0,0.142344232400022,EASY
R1067,2.1545283896405687,8.618113558562275,2,190.0,2.83,81.89,0,0,0.6666666666666666,1.0,0.2615269520277483,EASY
R1068,9.33552716536476,149.36843464583615,4,95.0,8.72,43.14,0,0,1.0,1.0,0.3578917371014265,EASY
R1069,4.5191429582364835,18.076571832945934,2,190.0,112.39,59.67,0,0,0.6666666666666666,1.0,0.1648763930603329,EASY
R1070,2.5462966344451092,91.66667884002393,6,63.333333333333336,3.6,88.81,0,0,1.0,1.0,0.3889068305883231,EASY
R1071,2.4465781953291583,61.164454883228956,5,76.0,2.83,7.42,0,0,0.6666666666666666,1.0,0.2851140232453752,EASY
R1072,3.9113694118153663,62.58191058904586,4,95.0,59.67,81.89,0,0,1.0,1.0,0.1244778610405494,EASY
R1073,1.804481447472116,16.240333027249044,3,126.66666666666667,3.6,31.43,0,0,1.0,1.0,0.2531172670879306,EASY
R1074,4.5126148991966355,72.20183838714617,4,95.0,2.42,81.89,0,1,0.0,1.0,0.2928209314414814,EASY
R1075,1.1625900053214928,10.463310047893435,3,126.66666666666667,215.01,12.98,1,0,1.0,1.0,0.1366910869905282,EASY
R1076,2.165502064261807,19.489518578356265,3,126.66666666666667,3.32,81.89,0,0,0.6666666666666666,1.0,0.3632192631172797,EASY
R1077,2.700559646677496,24.305036820097467,3,126.66666666666667,4.6,59.67,0,0,0.6666666666666666,1.0,0.0862313574597443,EASY
R1078,0.7217050377965121,18.042625944912803,5,76.0,59.67,6.84,0,0,1.0,1.0,0.0776285258155741,EASY
R1079,1.2229405702005554,44.02586052721999,6,63.333333333333336,46.78,43.14,0,0,1.0,1.0,0.3503919186242858,EASY
R1080,8.142754440008241,203.56886100020603,5,76.0,3.6,113.27,0,1,0.3333333333333333,1.0,0.4071070721895035,FRAGILE
R1081,1.2736483921029889,31.84120980257472,5,76.0,3.6,50.74,0,0,1.0,1.0,0.1720781125464504,EASY
R1082,2.654456714974105,23.890110434766946,3,126.66666666666667,81.89,31.43,0,0,1.0,1.0,0.4461967223390777,EASY
R1083,26.37668028206958,422.02688451311326,4,95.0,295.07,69.63,1,1,0.3333333333333333,1.0,0.1727944171597129,EASY
R1084,2.9714733577399794,106.97304087863927,6,63.333333333333336,168.58,59.67,1,1,0.3333333333333333,1.0,0.0811692434184821,EASY
R1085,2.6875564167953145,43.00090266872503,4,95.0,3.6,70.18,0,0,0.6666666666666666,1.0,0.1981076504371987,EASY
R1086,3.087744004179935,3.087744004179935,1,380.0,7.42,69.63,0,0,1.0,1.0,0.2752621326819983,EASY
R1087,4.429615530030481,70.8738484804877,4,95.0,295.07,81.89,1,0,1.0,1.0,0.4100709594939554,EASY
R1088,12.076456208580227,108.68810587722204,3,126.66666666666667,22.73,182.82,0,0,1.0,1.0,0.0533178772684264,EASY
R1089,5.119682784560217,81.91492455296347,4,95.0,31.19,182.82,0,0,1.0,1.0,0.1842560858002296,EASY
R1090,11.390490031350359,45.561960125401434,2,190.0,24.65,22.73,0,0,1.0,1.0,0.2009426392612984,EASY
R1091,6.487156679417501,58.38441011475751,3,126.66666666666667,133.21,50.74,1,0,1.0,1.0,0.0567065394684206,EASY
R1092,4.660601039364629,18.642404157458515,2,190.0,88.81,69.63,0,0,1.0,1.0,0.3146539735781015,EASY
R1093,9.262610084500364,37.05044033800146,2,190.0,31.19,155.45,0,0,1.0,1.0,0.3168607837985661,EASY
R1094,6.2203810078623,155.5095251965575,5,76.0,88.81,70.18,1,0,0.6666666666666666,1.0,0.3698638167062691,EASY
R1095,0.6279495588786808,2.511798235514723,2,190.0,132.17,12.98,0,0,1.0,1.0,0.1928730517021705,EASY
R1096,2.398965488276582,21.590689394489235,3,126.66666666666667,36.68,7.42,0,0,1.0,1.0,0.1900572810494069,EASY
R1097,0.8266686215356039,7.440017593820436,3,126.66666666666667,6.31,12.98,0,0,1.0,1.0,0.0669692402666017,EASY
R1098,5.317063136546461,85.07301018474338,4,95.0,81.89,182.82,0,0,1.0,1.0,0.2352303226270096,EASY
R1099,1.7803939402481888,1.7803939402481888,1,380.0,81.89,81.89,0,0,0.6666666666666666,1.0,0.3166995055003146,EASY
R1100,0.9741592321042398,3.8966369284169593,2,190.0,3.6,8.66,0,0,1.0,1.0,0.3051914031022324,EASY
R1101,1.4579081414696515,23.326530263514424,4,95.0,36.97,88.81,0,0,1.0,1.0,0.2877628202103459,EASY
R1102,1.6425784315611502,41.06446078902876,5,76.0,81.89,11.97,1,0,0.6666666666666666,1.0,0.065184257317813,EASY
R1103,6.041428944329071,217.49144199584654,6,63.333333333333336,31.19,88.81,0,0,1.0,1.0,0.1980659883247192,EASY
R1104,2.4020483970799376,60.05120992699844,5,76.0,22.73,69.63,0,0,1.0,1.0,0.1236781766156742,EASY
R1105,8.789256404192026,140.6281024670724,4,95.0,320.0,155.45,1,0,1.0,1.0,0.1113812285661232,EASY
R1106,11.590250471140521,185.44400753824834,4,95.0,46.78,133.21,0,0,1.0,1.0,0.3718039911486617,EASY
R1107,4.68347071271996,42.15123641447964,3,126.66666666666667,132.17,22.73,1,0,1.0,1.0,0.3415204663987526,EASY
R1108,2.306179560758728,83.02246418731421,6,63.333333333333336,36.97,96.31,0,0,1.0,1.0,0.2490458789004762,EASY
R1109,1.8482576559933137,16.634318903939825,3,126.66666666666667,16.56,81.89,0,0,1.0,1.0,0.3908372463980728,EASY
R1110,1.107274752303702,39.861891082933276,6,63.333333333333336,19.32,46.78,0,0,0.6666666666666666,1.0,0.0933705366063913,EASY
R1111,5.334707886712756,133.3676971678189,5,76.0,43.14,81.89,0,0,0.6666666666666666,1.0,0.0793160845987825,EASY
R1112,3.7172756691379063,92.93189172844765,5,76.0,2.42,59.67,0,0,1.0,1.0,0.155864241583227,EASY
R1113,3.786814099982424,60.58902559971878,4,95.0,6.31,69.63,0,0,1.0,1.0,0.2274419496215902,EASY
R1114,1.4816077498225382,37.04019374556346,5,76.0,2.83,6.84,0,0,1.0,1.0,0.3721742636729941,EASY
R1115,0.5731248508187536,20.632494629475133,6,63.333333333333336,46.78,59.67,0,0,0.6666666666666666,1.0,0.2669166091520779,EASY
R1116,6.241048701340072,156.0262175335018,5,76.0,36.68,69.63,0,0,1.0,1.0,0.4127298342272413,EASY
R1117,2.314212100623413,2.314212100623413,1,380.0,81.89,88.81,0,0,1.0,1.0,0.2533820195528373,EASY
R1118,1.810632491733064,7.242529966932256,2,190.0,14.08,81.89,0,0,0.6666666666666666,1.0,0.3414391830087423,EASY
R1119,11.061349301383734,176.98158882213974,4,95.0,26.73,69.63,0,1,0.0,1.0,0.3037240729789992,EASY
R1120,2.845944532289665,71.14861330724163,5,76.0,4.6,88.81,0,0,1.0,1.0,0.3876803206224503,EASY
R1121,2.571823689590616,41.149179033449855,4,95.0,4.6,81.89,0,0,1.0,1.0,0.2684681913774582,EASY
R1122,2.1407291783025624,53.51822945756406,5,76.0,43.14,81.89,0,0,1.0,1.0,0.1645504201252461,EASY
R1123,5.156567950700067,20.626271802800268,2,190.0,50.74,69.63,0,0,1.0,1.0,0.1767429719480558,EASY
R1124,2.5678915180957396,41.08626428953183,4,95.0,36.68,81.89,0,0,0.6666666666666666,1.0,0.3897059157742863,EASY
R1125,6.680591321905626,26.722365287622505,2,190.0,11.97,50.74,0,0,0.6666666666666666,1.0,0.1036300668102682,EASY
R1126,1.0688848277754692,17.102157244407508,4,95.0,182.82,7.42,1,0,1.0,1.0,0.0932044351761317,EASY
R1127,6.22205057147321,6.22205057147321,1,380.0,31.19,59.67,0,0,1.0,1.0,0.2186265778442874,EASY
R1128,2.3999489841869335,9.599795936747734,2,190.0,46.78,81.89,0,0,1.0,1.0,0.2390071859750843,EASY
R1129,1.3716532913348534,21.946452661357654,4,95.0,26.73,88.81,0,0,1.0,1.0,0.2150044089875692,EASY
R1130,2.4976776935208798,62.441942338021995,5,76.0,7.42,69.63,0,0,0.6666666666666666,1.0,0.2523112393108088,EASY
R1131,19.933945659565538,19.933945659565538,1,380.0,1.0,320.0,0,1,0.3333333333333333,1.0,0.3081400945643581,EASY
R1132,1.405859031039882,1.405859031039882,1,380.0,3.6,155.45,0,0,1.0,1.0,0.1022685395367783,EASY
R1133,1.488070728071049,37.201768201776225,5,76.0,46.78,10.18,0,0,1.0,1.0,0.2477528633164836,EASY
R1134,2.5305801229325313,10.122320491730125,2,190.0,46.78,11.97,0,0,1.0,1.0,0.2400822024925926,EASY
R1135,4.076843924571478,65.22950279314365,4,95.0,88.81,81.89,0,0,1.0,1.0,0.3348984612589585,EASY
R1136,2.6604440255412984,10.641776102165194,2,190.0,31.43,81.89,0,0,1.0,1.0,0.2312302623231868,EASY
R1137,1.1954893264196658,19.127829222714652,4,95.0,10.18,132.17,0,0,1.0,1.0,0.096004163399362,EASY
R1138,2.5272057888300106,10.108823155320042,2,190.0,31.43,81.89,0,0,0.6666666666666666,1.0,0.3437629430460465,EASY
R1139,1.784847083558636,7.139388334234544,2,190.0,14.08,81.89,0,0,1.0,1.0,0.3615476592270101,EASY
R1140,2.8248901464013443,45.19824234242151,4,95.0,43.14,81.89,0,0,1.0,1.0,0.1370487031603796,EASY
R1141,2.610736663524837,65.26841658812093,5,76.0,26.73,36.68,0,0,1.0,1.0,0.3662268201139797,EASY
R1142,1.818802666479402,16.369223998314617,3,126.66666666666667,5.36,113.27,0,0,1.0,1.0,0.305993009516398,EASY
R1143,3.544935545708583,127.61767964550899,6,63.333333333333336,250.9,36.97,1,1,0.3333333333333333,1.0,0.0680684347611711,EASY
R1144,1.3423519270106152,12.081167343095537,3,126.66666666666667,24.65,59.67,0,0,1.0,1.0,0.3552143723821127,EASY
R1145,7.283242206573676,116.53187530517881,4,95.0,272.09,182.82,1,0,1.0,1.0,0.2476874262044421,EASY
R1146,10.061279171762179,160.98046674819486,4,95.0,7.42,155.45,0,0,0.6666666666666666,1.0,0.1961189897682173,EASY
R1147,1.8318570564185135,7.327428225674054,2,190.0,113.27,19.48,0,0,1.0,1.0,0.2792138477049587,EASY
R1148,0.6269928936893989,10.031886299030383,4,95.0,6.31,16.56,0,0,1.0,1.0,0.243799386830915,EASY
R1149,8.747112547319627,139.95380075711404,4,95.0,320.0,168.58,1,0,1.0,1.0,0.2387738208966056,EASY
R1150,0.975132631789744,0.975132631789744,1,380.0,8.72,50.74,0,0,1.0,1.0,0.3959165568856767,EASY
R1151,2.0596187994786153,74.14627678123014,6,63.333333333333336,43.14,88.81,0,0,1.0,1.0,0.384921495191748,EASY
R1152,2.6261320964035537,10.504528385614215,2,190.0,36.68,16.56,0,0,1.0,1.0,0.0989355223620855,EASY
R1153,2.0561719731543704,51.40429932885926,5,76.0,3.6,59.21,0,0,1.0,1.0,0.2902762367137165,EASY
R1154,21.24605228226733,191.21447054040596,3,126.66666666666667,320.0,168.58,1,0,0.6666666666666666,1.0,0.4378861524526279,EASY
R1155,2.5223335439976307,63.05833859994077,5,76.0,59.67,81.89,0,0,1.0,1.0,0.3635816767431112,EASY
R1156,1.0097516414749057,16.15602626359849,4,95.0,168.58,50.74,1,0,1.0,1.0,0.1010605137730075,EASY
R1157,4.411374648190173,17.645498592760692,2,190.0,295.07,59.67,1,0,1.0,1.0,0.2654465531020652,EASY
R1158,1.6050026691341037,14.445024022206933,3,126.66666666666667,4.6,36.97,0,0,1.0,1.0,0.425244405325668,EASY
R1159,12.516904973724635,200.27047957959417,4,95.0,320.0,81.89,1,1,0.0,1.0,0.2942817152856863,EASY
R1160,2.0624291128760035,8.249716451504014,2,190.0,2.83,96.31,0,0,0.6666666666666666,1.0,0.1175753158846778,EASY
R1161,14.735857143670867,58.943428574683466,2,190.0,320.0,252.87,1,0,1.0,1.0,0.1563433316792223,EASY
R1162,0.8379073934376512,13.406518295002419,4,95.0,3.6,50.74,0,0,1.0,1.0,0.4013605175073086,EASY
R1163,1.3616239601126388,34.040599002815966,5,76.0,155.45,11.97,1,1,0.3333333333333333,1.0,0.1352379646520476,EASY
R1164,1.9070989186640068,17.16389026797606,3,126.66666666666667,4.6,81.89,0,0,0.6666666666666666,1.0,0.1840602554770886,EASY
R1165,5.668328935877498,204.05984169158992,6,63.333333333333336,36.68,81.89,0,1,0.3333333333333333,1.0,0.0628348255511482,EASY
R1166,2.260215181961906,20.341936637657156,3,126.66666666666667,6.31,96.31,0,0,1.0,1.0,0.4358394714455508,EASY
R1167,3.9308751826549537,62.89400292247926,4,95.0,320.0,81.89,1,0,1.0,1.0,0.3732462440469464,EASY
R1168,1.7594730474767413,1.7594730474767413,1,380.0,16.56,81.89,0,0,1.0,1.0,0.1062040301483583,EASY
R1169,1.8784302030800197,46.96075507700049,5,76.0,43.14,88.81,0,0,1.0,1.0,0.3571765878414845,EASY
R1170,3.563257746238426,14.253030984953703,2,190.0,70.18,69.63,0,0,1.0,1.0,0.4460742459824024,EASY
R1171,9.142607552226524,146.28172083562438,4,95.0,213.33,24.65,1,0,1.0,1.0,0.3837906254306787,EASY
R1172,1.4424564289571327,36.06141072392832,5,76.0,272.09,6.84,1,0,0.6666666666666666,1.0,0.1153259688697229,EASY
R1173,6.432594202722091,160.81485506805225,5,76.0,19.32,96.31,0,1,0.0,1.0,0.4114546786540082,EASY
R1174,7.80418126250774,124.86690020012384,4,95.0,24.65,182.82,0,0,0.6666666666666666,1.0,0.1855331954649325,EASY
R1175,7.737944136474458,7.737944136474458,1,380.0,43.14,59.67,0,1,0.3333333333333333,1.0,0.1024489801438393,EASY
R1176,1.774824672868906,7.099298691475624,2,190.0,1.5,81.89,0,0,0.6666666666666666,1.0,0.378393824359358,EASY
R1177,1.4571713656865297,1.4571713656865297,1,380.0,81.89,96.31,0,0,1.0,1.0,0.1290445900624545,EASY
R1178,3.6073485267616854,14.429394107046742,2,190.0,112.39,69.63,0,0,1.0,1.0,0.1403814330432591,EASY
R1179,4.402666782872625,70.442668525962,4,95.0,50.74,81.89,0,0,1.0,1.0,0.442440956481171,EASY
R1180,3.262809994838104,52.20495991740967,4,95.0,50.74,88.81,0,0,1.0,1.0,0.1631820820589834,EASY
R1181,6.0290589021272325,6.0290589021272325,1,380.0,1.0,50.74,0,0,0.6666666666666666,1.0,0.1559458538894607,EASY
R1182,3.19833539299459,79.95838482486475,5,76.0,295.07,59.67,1,0,1.0,1.0,0.0879161959772025,EASY
R1183,35.096421818067604,140.38568727227042,2,190.0,320.0,168.58,1,0,1.0,1.0,0.3912203782738611,EASY
R1184,3.6849058571779727,92.12264642944932,5,76.0,59.21,69.63,0,1,0.0,1.0,0.3723695704769194,EASY
R1185,1.6643265065433541,14.978938558890187,3,126.66666666666667,168.58,113.27,1,0,1.0,1.0,0.218115350682477,EASY
R1186,7.897287411155169,126.3565985784827,4,95.0,24.65,132.17,0,0,0.6666666666666666,1.0,0.4392823481517143,EASY
R1187,2.9120161089357914,2.9120161089357914,1,380.0,2.83,96.31,0,0,1.0,1.0,0.3499997466636377,EASY
R1188,3.4991825352943837,87.47956338235959,5,76.0,133.21,69.63,1,0,0.6666666666666666,1.0,0.148102825983298,EASY
R1189,3.793936095149398,3.793936095149398,1,380.0,1.0,81.89,0,0,1.0,1.0,0.1883035350050301,EASY
R1190,4.0920270551805125,147.31297398649843,6,63.333333333333336,3.6,50.74,0,0,1.0,1.0,0.2582188775977141,EASY
R1191,6.709142932664098,60.382286393976884,3,126.66666666666667,295.07,26.73,1,0,1.0,1.0,0.3763147820003809,EASY
R1192,7.609555609392982,68.48600048453683,3,126.66666666666667,7.42,24.65,0,0,1.0,1.0,0.0749325494266083,EASY
R1193,5.1117888529575675,184.02439870647243,6,63.333333333333336,2.4,81.89,0,1,0.0,1.0,0.2286490419563284,EASY
R1194,1.2018359194868582,4.807343677947433,2,190.0,320.0,96.31,1,0,1.0,1.0,0.2929412061762887,EASY
R1195,2.3036826079579327,20.733143471621393,3,126.66666666666667,2.4,2.83,0,0,0.6666666666666666,1.0,0.31983527563715,EASY
R1196,1.7173928211896716,6.8695712847586865,2,190.0,43.14,88.81,0,0,1.0,1.0,0.2730208596906465,EASY
R1197,3.354142321279382,13.416569285117529,2,190.0,31.43,81.89,0,0,1.0,1.0,0.2669713249664423,EASY
R1198,16.792490227132838,16.792490227132838,1,380.0,320.0,231.35,0,0,1.0,1.0,0.1256785814161268,EASY
R1199,2.9054248822605593,46.48679811616895,4,95.0,2.42,81.89,0,1,0.3333333333333333,1.0,0.4162246204746154,EASY
R1200,1.3504479575456194,33.76119893864048,5,76.0,4.6,43.14,0,0,1.0,1.0,0.4326108445152587,EASY
R1201,3.179418661275606,50.870698580409695,4,95.0,46.78,81.89,0,0,0.6666666666666666,1.0,0.2396659399204814,EASY
R1202,3.932612002910774,15.730448011643096,2,190.0,132.17,24.65,0,0,1.0,1.0,0.434138449942893,EASY
R1203,31.238047842409156,124.95219136963662,2,190.0,12.98,133.21,0,0,0.6666666666666666,1.0,0.1603426536563611,EASY
R1204,1.3468742721238258,1.3468742721238258,1,380.0,320.0,96.31,0,0,0.6666666666666666,1.0,0.3405199724262661,EASY
R1205,1.643664949882411,26.298639198118575,4,95.0,133.21,133.21,1,0,1.0,1.0,0.4284202272371589,EASY
R1206,2.5123272314188614,90.44378033107901,6,63.333333333333336,26.73,6.84,0,0,0.6666666666666666,1.0,0.2158968357003571,EASY
R1207,4.770618464634665,19.08247385853866,2,190.0,46.78,46.78,0,0,1.0,1.0,0.4023817969163393,EASY
R1208,2.2721975673535413,36.35516107765666,4,95.0,155.45,81.89,1,0,1.0,1.0,0.2054951212038733,EASY
R1209,3.8543661922786585,96.35915480696646,5,76.0,168.58,88.81,1,0,1.0,1.0,0.4376291933028605,EASY
R1210,3.1851973652398295,79.62993413099574,5,76.0,3.6,81.89,0,1,0.3333333333333333,1.0,0.2591001417198026,EASY
R1211,8.795322611993758,140.72516179190012,4,95.0,43.14,19.32,0,0,0.6666666666666666,1.0,0.2084457957283971,EASY
R1212,1.0035376750474967,36.12735630170988,6,63.333333333333336,2.4,46.78,0,0,0.6666666666666666,1.0,0.2736849545806634,EASY
R1213,2.1702604505427625,19.532344054884863,3,126.66666666666667,215.01,96.31,1,0,1.0,1.0,0.4447123500003862,EASY
R1214,1.2266232261305288,4.906492904522115,2,190.0,5.36,50.74,0,0,1.0,1.0,0.3667712402450125,EASY
R1215,2.526774009529211,10.107096038116843,2,190.0,50.74,88.81,0,0,1.0,1.0,0.3118096392619367,EASY
R1216,2.5941625807818838,41.50660129251014,4,95.0,43.14,31.43,0,0,0.6666666666666666,1.0,0.1427371966945006,EASY
R1217,12.68393569861513,317.09839246537825,5,76.0,320.0,113.27,1,1,0.0,1.0,0.3953115935050579,FRAGILE
R1218,2.405319295179156,9.621277180716625,2,190.0,133.21,81.89,0,0,1.0,1.0,0.3679265008162111,EASY
R1219,1.9269989336752742,48.17497334188185,5,76.0,1.0,81.89,0,1,0.3333333333333333,1.0,0.1192370251144911,EASY
R1220,20.981682528393566,335.70692045429706,4,95.0,16.43,182.82,0,0,0.6666666666666666,1.0,0.4118349874549282,EASY
R1221,1.0343407816694072,4.137363126677629,2,190.0,4.6,10.18,0,0,1.0,1.0,0.232177794864871,EASY
R1222,3.441295609174777,86.03239022936943,5,76.0,59.67,24.65,0,0,1.0,1.0,0.1989987194066643,EASY
R1223,4.450885611103863,17.803542444415452,2,190.0,295.07,24.65,1,0,1.0,1.0,0.1382978878740088,EASY
R1224,16.978788302822608,67.91515321129043,2,190.0,1.9,168.58,0,0,0.6666666666666666,1.0,0.423475813809709,EASY
R1225,0.8126323725003363,20.315809312508406,5,76.0,59.67,50.74,0,0,0.6666666666666666,1.0,0.4328288429808551,EASY
R1226,0.9813361887290478,24.533404718226194,5,76.0,10.26,88.81,0,0,1.0,1.0,0.3563474514789023,EASY
R1227,3.595894068565739,32.36304661709165,3,126.66666666666667,2.4,88.81,0,0,1.0,1.0,0.0967561278622731,EASY
R1228,1.5218189204290056,6.087275681716022,2,190.0,5.4,19.32,0,0,1.0,1.0,0.2809858140927834,EASY
R1229,6.708663819387181,167.71659548467952,5,76.0,295.07,168.58,1,0,1.0,1.0,0.1552492030881476,FRAGILE
R1230,5.407244296644868,135.1811074161217,5,76.0,24.65,81.89,0,0,1.0,1.0,0.0621113825376389,EASY
R1231,1.6071081699328313,6.428432679731325,2,190.0,16.56,88.81,0,0,1.0,1.0,0.2959778266230432,EASY
R1232,0.6791693733054605,2.716677493221842,2,190.0,22.73,59.67,0,0,1.0,1.0,0.2177543304597929,EASY
R1233,1.5486369397101831,13.937732457391649,3,126.66666666666667,6.31,69.63,0,0,1.0,1.0,0.343746395463721,EASY
R1234,13.414964484096707,482.9387214274815,6,63.333333333333336,320.0,50.74,1,1,0.3333333333333333,0.6666666666666666,0.4188082414016118,EASY
R1235,0.7555590270621133,27.20012497423608,6,63.333333333333336,24.65,113.27,0,0,1.0,1.0,0.1580003161515338,EASY
R1236,2.386941446702115,38.19106314723384,4,95.0,4.6,81.89,0,0,1.0,1.0,0.4370609466504444,EASY
R1237,4.089810692774548,102.24526731936369,5,76.0,6.84,69.63,0,0,1.0,1.0,0.2505168339317112,EASY
R1238,7.114830750566368,28.45932300226547,2,190.0,46.78,24.65,0,0,1.0,1.0,0.0795055676965109,EASY
R1239,2.298026770118827,82.72896372427778,6,63.333333333333336,5.36,31.43,0,0,1.0,1.0,0.3943018497388563,EASY
R1240,4.545932595223492,113.64831488058731,5,76.0,3.6,69.63,0,1,0.3333333333333333,1.0,0.2865901049678904,EASY
R1241,4.300297969813703,107.50744924534257,5,76.0,50.74,88.81,0,0,1.0,1.0,0.3608076238012788,EASY
R1242,2.792582519955047,11.170330079820188,2,190.0,3.32,96.31,0,0,1.0,1.0,0.1972260987809364,EASY
R1243,2.2973410020259095,36.75745603241455,4,95.0,2.4,26.73,0,0,1.0,1.0,0.3098611201589509,EASY
R1244,7.115537891290471,256.15936408645695,6,63.333333333333336,182.82,50.74,1,1,0.3333333333333333,1.0,0.209299525590659,EASY
R1245,1.528032678701762,13.752294108315859,3,126.66666666666667,2.4,50.74,0,0,1.0,1.0,0.25435490160151,EASY
R1246,8.3468252549173,33.3873010196692,2,190.0,46.78,168.58,0,0,0.6666666666666666,1.0,0.2750065288221476,EASY
R1247,3.4376292856222452,85.94073214055614,5,76.0,295.07,81.89,1,0,1.0,1.0,0.2501846101814055,EASY
R1248,3.4982119144093704,125.93562891873734,6,63.333333333333336,22.73,59.67,0,0,1.0,1.0,0.2612689010954437,EASY
R1249,19.43109515059244,485.77737876481103,5,76.0,320.0,46.78,1,0,0.6666666666666666,1.0,0.1215780925334972,EASY
R1250,1.7855135316462007,44.63783829115502,5,76.0,43.14,46.78,0,0,1.0,1.0,0.2985165186109756,EASY
R1251,4.587257872320347,165.1412834035325,6,63.333333333333336,81.89,59.67,1,0,1.0,1.0,0.1521036970231097,EASY
R1252,4.268089473087702,68.28943156940323,4,95.0,46.78,81.89,0,0,0.6666666666666666,1.0,0.4336686619133869,EASY
R1253,36.45315714442034,145.81262857768135,2,190.0,16.56,215.01,0,0,0.6666666666666666,1.0,0.1216106271421961,EASY
R1254,1.3206396833236733,21.130234933178773,4,95.0,22.73,8.72,0,0,1.0,1.0,0.0862883975270232,EASY
R1255,37.53903579949855,150.1561431979942,2,190.0,320.0,168.58,1,0,1.0,1.0,0.1448112212153545,EASY
R1256,2.024907000225688,50.6226750056422,5,76.0,81.89,96.31,1,0,1.0,1.0,0.3011787594710187,EASY
R1257,11.81877257348284,189.10036117572545,4,95.0,31.43,132.17,0,0,1.0,1.0,0.1243837505450902,EASY
R1258,2.33771424572024,2.33771424572024,1,380.0,3.6,88.81,0,0,1.0,1.0,0.1249259534132748,EASY
R1259,4.796493737999301,76.74389980798881,4,95.0,168.58,69.63,1,0,1.0,1.0,0.1254176646026211,EASY
R1260,2.279518936388079,36.472302982209264,4,95.0,50.74,81.89,0,0,1.0,1.0,0.3172686066564357,EASY
R1261,1.4336280068666527,35.84070017166632,5,76.0,16.56,43.14,0,0,1.0,1.0,0.3035934941787087,EASY
R1262,2.7215672789250003,43.545076462800004,4,95.0,70.18,88.81,0,0,1.0,1.0,0.0801087286789142,EASY
R1263,2.7698383390297985,11.079353356119194,2,190.0,6.84,1.0,0,0,1.0,1.0,0.1030616662182545,EASY
R1264,1.112756623876374,10.014809614887366,3,126.66666666666667,70.18,43.14,0,0,0.6666666666666666,1.0,0.3299190563332742,EASY
R1265,12.632614937043943,202.1218389927031,4,95.0,320.0,59.21,1,1,0.0,0.6666666666666666,0.0504454872021889,EASY
R1266,12.008940604077097,108.08046543669387,3,126.66666666666667,1.9,182.82,0,0,0.6666666666666666,1.0,0.1751592610162432,EASY
R1267,2.3750559724898572,9.500223889959429,2,190.0,3.6,69.63,0,0,0.6666666666666666,1.0,0.1822924290134244,EASY
R1268,2.845770704170916,2.845770704170916,1,380.0,2.4,59.67,0,0,0.6666666666666666,1.0,0.3977805217723424,EASY
R1269,4.761987008377504,119.04967520943761,5,76.0,46.78,81.89,0,0,0.6666666666666666,1.0,0.2027818337254133,EASY
R1270,13.978287442127753,503.2183479165991,6,63.333333333333336,46.78,31.19,0,0,1.0,1.0,0.1490831549362506,EASY
R1271,2.152918591005616,34.44669745608986,4,95.0,1.0,96.31,0,0,1.0,1.0,0.3385598411045539,EASY
R1272,2.962604068801866,47.40166510082986,4,95.0,132.17,96.31,1,0,1.0,1.0,0.1588229515279253,EASY
R1273,0.7072092689992916,17.68023172498229,5,76.0,3.6,11.97,0,0,1.0,1.0,0.1973587101377932,EASY
R1274,4.9174204429712365,44.25678398674113,3,126.66666666666667,295.07,22.73,1,0,1.0,1.0,0.3911595866450549,EASY
R1275,2.4913924572938,62.284811432345,5,76.0,31.43,69.63,0,0,0.6666666666666666,1.0,0.1657018262919168,EASY
R1276,2.4468706218820153,2.4468706218820153,1,380.0,31.43,88.81,0,0,1.0,1.0,0.1683129200625024,EASY
R1277,1.9934126706336623,7.973650682534649,2,190.0,31.43,88.81,0,0,1.0,1.0,0.0570003564417835,EASY
R1278,1.9429229364027505,31.086766982444008,4,95.0,168.58,133.21,1,0,1.0,1.0,0.3650974203465472,EASY
R1279,1.6980127589741079,15.282114830766972,3,126.66666666666667,215.01,133.21,1,0,1.0,1.0,0.092394098271848,EASY
R1280,3.9096122053504403,140.74603939261584,6,63.333333333333336,3.6,24.65,0,1,0.3333333333333333,1.0,0.132503287329689,EASY
R1281,2.3550438158959106,58.87609539739776,5,76.0,2.4,81.89,0,1,0.0,1.0,0.4305141688679922,EASY
R1282,2.2999049528545212,57.49762382136303,5,76.0,182.82,81.89,1,0,1.0,1.0,0.4469947570255091,EASY
R1283,1.996063458504909,1.996063458504909,1,380.0,215.01,96.31,0,0,1.0,1.0,0.2418354312049355,EASY
R1284,3.3141154166900804,53.025846667041286,4,95.0,22.73,24.65,0,0,1.0,1.0,0.2175528296700599,EASY
R1285,8.458287088976402,135.33259342362243,4,95.0,16.56,132.17,0,0,1.0,1.0,0.2148823251485243,EASY
R1286,4.90293120494079,122.57328012351975,5,76.0,3.6,59.67,0,0,0.6666666666666666,1.0,0.1612249576157749,EASY
R1287,0.903013209417465,14.44821135067944,4,95.0,3.6,10.18,0,0,1.0,1.0,0.0545046847526816,EASY
R1288,17.576661671321318,70.30664668528527,2,190.0,320.0,252.87,1,0,1.0,1.0,0.3652402683579223,EASY
R1289,1.9076317309056423,30.522107694490277,4,95.0,10.18,96.31,0,0,1.0,1.0,0.1747382590305662,EASY
R1290,33.60123199191915,302.4110879272723,3,126.66666666666667,320.0,112.39,1,1,0.0,1.0,0.4243547664879606,EASY
R1291,2.3605673400610536,84.98042424219793,6,63.333333333333336,295.07,70.18,1,0,0.6666666666666666,1.0,0.1311001583850662,EASY
R1292,2.547123199453443,40.75397119125509,4,95.0,59.21,81.89,0,0,1.0,1.0,0.1097646980926472,EASY
R1293,8.1332349765574,130.1317596249184,4,95.0,36.68,168.58,0,0,0.6666666666666666,1.0,0.1007419125886206,EASY
R1294,4.561491034727023,18.245964138908093,2,190.0,11.97,59.67,0,0,1.0,1.0,0.0860773444991799,EASY
R1295,2.0205979597103583,18.185381637393224,3,126.66666666666667,113.27,96.31,0,0,1.0,1.0,0.3492661117390886,EASY
R1296,1.4965090760535016,5.986036304214006,2,190.0,155.45,113.27,0,0,1.0,1.0,0.3316672888781524,EASY
R1297,6.959493926260115,173.98734815650286,5,76.0,2.83,59.67,0,1,0.3333333333333333,1.0,0.3984607611088662,EASY
R1298,1.2304326806672412,30.76081701668103,5,76.0,3.32,43.14,0,0,1.0,1.0,0.3207145164659643,EASY
R1299,1.9709202337399447,49.273005843498616,5,76.0,50.74,6.84,0,0,0.6666666666666666,1.0,0.3322942841329965,EASY
R1300,20.85035314019539,521.2588285048848,5,76.0,3.6,132.17,0,1,0.3333333333333333,1.0,0.3905553008421928,FRAGILE
R1301,6.328394729878718,56.95555256890846,3,126.66666666666667,88.81,168.58,0,0,1.0,1.0,0.3862827475139871,EASY
R1302,3.003118198337729,48.049891173403665,4,95.0,295.07,69.63,1,1,0.3333333333333333,1.0,0.3525825625890263,EASY
R1303,1.4000491978570937,22.4007871657135,4,95.0,4.6,88.81,0,0,1.0,1.0,0.3987163063942661,EASY
R1304,6.902600091924648,62.12340082732183,3,126.66666666666667,295.07,295.07,1,0,1.0,1.0,0.2320416165740526,EASY
R1305,2.6543668920955206,95.55720811543874,6,63.333333333333336,59.67,113.27,0,0,1.0,1.0,0.1670541968502605,EASY
R1306,8.666447986244522,216.66119965611307,5,76.0,8.72,31.43,0,1,0.0,1.0,0.2528412544494293,EASY
R1307,2.650084266962894,23.850758402666045,3,126.66666666666667,2.42,24.65,0,1,0.3333333333333333,1.0,0.2288701666204893,EASY
R1308,2.4305202969259803,21.874682672333822,3,126.66666666666667,7.42,81.89,0,0,1.0,1.0,0.4251121314881285,EASY
R1309,11.893456648470035,190.29530637552057,4,95.0,26.73,50.74,0,0,1.0,1.0,0.3128229417207697,EASY
R1310,4.605436482302427,73.68698371683884,4,95.0,2.42,69.63,0,0,0.6666666666666666,1.0,0.2947184271761298,EASY
R1311,2.617065582284355,10.46826232913742,2,190.0,12.98,81.89,0,0,1.0,1.0,0.1002725883331445,EASY
R1312,11.277132605174323,45.10853042069729,2,190.0,46.78,252.87,0,0,1.0,1.0,0.3431617213273589,EASY
R1313,6.45279036685256,103.24464586964096,4,95.0,2.42,24.65,0,0,1.0,1.0,0.2936847379170188,EASY
R1314,2.0243228228820507,50.60807057205127,5,76.0,50.74,81.89,0,0,1.0,1.0,0.2248346765832682,EASY
R1315,4.679628856916648,42.116659712249835,3,126.66666666666667,320.0,22.73,1,0,1.0,1.0,0.2720622313595091,EASY
R1316,1.515197646219324,6.060790584877296,2,190.0,11.97,88.81,0,0,1.0,1.0,0.0510694802490451,EASY
R1317,10.460865787943098,261.52164469857746,5,76.0,43.14,24.65,0,0,1.0,1.0,0.2252448770296379,EASY
R1318,1.377262281414079,5.509049125656316,2,190.0,1.0,96.31,0,0,1.0,1.0,0.1729029611308351,EASY
R1319,12.446461728037733,199.14338764860372,4,95.0,24.65,81.89,0,0,0.6666666666666666,1.0,0.3728764471817031,FRAGILE
R1320,3.7996271018277916,136.7865756658005,6,63.333333333333336,88.81,31.43,1,0,0.6666666666666666,1.0,0.1121654695660764,EASY
R1321,4.368039887318745,109.20099718296864,5,76.0,46.78,81.89,0,0,1.0,1.0,0.1791898939175182,EASY
R1322,2.032820545753922,50.82051364384805,5,76.0,1.0,59.21,0,0,1.0,1.0,0.4189324988747227,EASY
R1323,1.7047624837658097,61.37144941556915,6,63.333333333333336,2.83,43.14,0,0,0.6666666666666666,1.0,0.3446355841229982,EASY
R1324,3.1482201869224204,78.70550467306052,5,76.0,88.81,88.81,1,0,1.0,1.0,0.3630600720748657,EASY
R1325,2.244967401951112,8.979869607804448,2,190.0,88.81,88.81,0,0,1.0,1.0,0.22685172681419,EASY
R1326,5.9092497925009875,5.9092497925009875,1,380.0,168.58,272.09,0,0,1.0,1.0,0.3647368171239689,EASY
R1327,1.5387812843077668,13.849031558769902,3,126.66666666666667,2.83,6.84,0,0,0.6666666666666666,1.0,0.1001941771212128,EASY
R1328,6.211210655930433,99.37937049488693,4,95.0,3.6,155.45,0,0,0.6666666666666666,1.0,0.055017818175825,EASY
R1329,2.0239671062812414,18.215703956531172,3,126.66666666666667,4.6,81.89,0,0,1.0,1.0,0.3956351535170306,EASY
R1330,2.494237543430082,39.90780069488131,4,95.0,22.73,31.43,0,0,1.0,1.0,0.3430170078209935,EASY
R1331,1.1249430310457071,17.999088496731314,4,95.0,6.84,43.14,0,0,1.0,1.0,0.3556954601242338,EASY
R1332,9.327138477109282,83.94424629398354,3,126.66666666666667,12.98,70.18,0,0,1.0,1.0,0.4159872060730798,EASY
R1333,4.152774777756442,16.61109911102577,2,190.0,50.74,26.73,0,0,1.0,1.0,0.4160672165892904,EASY
R1334,1.9136677079190556,68.89203748508601,6,63.333333333333336,272.09,88.81,1,0,1.0,1.0,0.4005152390501486,EASY
R1335,1.1753182840885494,18.80509254541679,4,95.0,155.45,10.18,1,0,1.0,1.0,0.1078736860791771,EASY
R1336,3.2946670545934325,52.71467287349492,4,95.0,96.31,59.67,1,0,0.6666666666666666,1.0,0.0799134925407984,EASY
R1337,1.2505279649613217,20.008447439381147,4,95.0,168.58,43.14,1,0,1.0,1.0,0.2348420188197232,EASY
R1338,1.7100023986087454,15.390021587478708,3,126.66666666666667,3.6,81.89,0,0,1.0,1.0,0.3884976721266671,EASY
R1339,1.7551476806540514,15.796329125886462,3,126.66666666666667,1.0,96.31,0,0,0.6666666666666666,1.0,0.1413757528345809,EASY
R1340,10.853636605217115,173.65818568347385,4,95.0,36.97,81.89,0,1,0.3333333333333333,1.0,0.3405886603761258,EASY
R1341,5.286923392506865,190.32924213024714,6,63.333333333333336,31.19,88.81,0,0,1.0,1.0,0.0800076319951649,EASY
R1342,1.3286435344136882,5.314574137654753,2,190.0,81.89,96.31,0,0,1.0,1.0,0.2395428769224768,EASY
R1343,1.5869884180091023,25.391814688145637,4,95.0,6.31,88.81,0,0,1.0,1.0,0.3906579910242893,EASY
R1344,0.658960255822376,5.930642302401385,3,126.66666666666667,59.67,88.81,0,0,1.0,1.0,0.194015367414632,EASY
R1345,6.923280258515261,62.30952232663735,3,126.66666666666667,50.74,155.45,0,0,0.6666666666666666,1.0,0.3756103566754861,EASY
R1346,0.9599683732919507,23.99920933229877,5,76.0,213.33,46.78,1,0,1.0,1.0,0.241309511893093,EASY
R1347,14.782838922185704,14.782838922185704,1,380.0,24.65,320.0,0,0,0.6666666666666666,1.0,0.1658526261266447,EASY
R1348,4.857065572607871,77.71304916172593,4,95.0,295.07,59.67,1,0,0.6666666666666666,1.0,0.322175538933254,EASY
R1349,2.940739256910356,11.762957027641423,2,190.0,59.21,81.89,0,0,1.0,1.0,0.4041572285347439,EASY
R1350,30.88887147001623,123.55548588006492,2,190.0,50.74,132.17,0,0,1.0,1.0,0.319574804429337,EASY
R1351,8.066920356108167,201.67300890270417,5,76.0,70.18,88.81,0,1,0.3333333333333333,1.0,0.2803351880676085,EASY
R1352,5.382885962589721,21.531543850358883,2,190.0,3.32,24.65,0,1,0.3333333333333333,1.0,0.2800714765207607,EASY
R1353,2.9219212648541832,2.9219212648541832,1,380.0,81.89,69.63,0,0,1.0,1.0,0.4374672041217238,EASY
R1354,1.506830489677228,6.027321958708912,2,190.0,320.0,81.89,1,0,0.6666666666666666,1.0,0.4422541847578312,EASY
R1355,1.7389636251612148,6.955854500644859,2,190.0,22.73,96.31,0,0,1.0,1.0,0.3815568039627435,EASY
R1356,2.959914465202764,73.9978616300691,5,76.0,295.07,70.18,1,0,1.0,1.0,0.0941702744569613,EASY
R1357,0.9291958684520216,8.362762816068194,3,126.66666666666667,168.58,8.66,1,0,1.0,1.0,0.1878315400368397,EASY
R1358,3.2392360614741373,12.95694424589655,2,190.0,2.4,59.67,0,1,0.3333333333333333,1.0,0.221811205686438,EASY
R1359,1.2000979485078354,10.800881536570518,3,126.66666666666667,4.6,8.72,0,0,1.0,1.0,0.0940221053317116,EASY
R1360,2.541186397637092,2.541186397637092,1,380.0,70.18,69.63,0,0,0.6666666666666666,1.0,0.2636434288160729,EASY
R1361,0.9081151850336031,14.52984296053765,4,95.0,2.83,50.74,0,0,1.0,1.0,0.3702860601161791,EASY
R1362,1.118692827309338,17.899085236949407,4,95.0,3.6,46.78,0,0,1.0,1.0,0.1360376843933931,EASY
R1363,10.13950925227482,91.25558327047338,3,126.66666666666667,320.0,168.58,1,0,1.0,1.0,0.1448927896843306,EASY
R1364,13.160024873798836,118.44022386418952,3,126.66666666666667,24.65,215.01,0,1,0.3333333333333333,1.0,0.2218359895314091,EASY
R1365,1.6314221745640343,58.731198284305236,6,63.333333333333336,6.31,43.14,0,0,1.0,1.0,0.3420222689428055,EASY
R1366,2.586592167556399,23.279329508007592,3,126.66666666666667,59.21,81.89,0,0,1.0,1.0,0.343501058783098,EASY
R1367,0.9737115359354034,24.342788398385085,5,76.0,1.0,43.14,0,0,1.0,1.0,0.2685065897084421,EASY
R1368,3.278986541488623,13.115946165954492,2,190.0,31.43,69.63,0,0,1.0,1.0,0.2402190226812373,EASY
R1369,3.1000617091091267,12.400246836436507,2,190.0,168.58,69.63,0,0,1.0,1.0,0.2847013636282421,EASY
R1370,2.5732382225733663,2.5732382225733663,1,380.0,59.21,81.89,0,0,1.0,1.0,0.3086068352340663,EASY
R1371,2.0517534771908292,18.465781294717463,3,126.66666666666667,59.21,81.89,0,0,1.0,1.0,0.1904936902533549,EASY
R1372,3.242602104606086,29.183418941454775,3,126.66666666666667,295.07,26.73,1,0,1.0,1.0,0.0816776863217573,EASY
R1373,8.007602442281001,288.27368792211604,6,63.333333333333336,46.78,31.43,0,0,1.0,1.0,0.1349097756736755,EASY
R1374,5.859996547043118,210.95987569355225,6,63.333333333333336,1.0,69.63,0,0,1.0,1.0,0.0679638601260896,EASY
R1375,2.660623670747934,66.51559176869834,5,76.0,320.0,88.81,1,1,0.3333333333333333,1.0,0.3955097429806222,EASY
R1376,1.8405898460636136,16.565308614572523,3,126.66666666666667,2.42,36.97,0,0,1.0,1.0,0.3802787151077824,EASY
R1377,2.6494594380713172,95.38053977056742,6,63.333333333333336,2.42,88.81,0,0,1.0,1.0,0.3939611236083281,EASY
R1378,2.7362681522478,68.406703806195,5,76.0,31.43,11.97,0,0,1.0,1.0,0.2659764737072939,EASY
R1379,2.706477324033409,24.35829591630068,3,126.66666666666667,88.81,81.89,0,0,1.0,1.0,0.4438309772071357,EASY
R1380,7.548591117290009,30.194364469160035,2,190.0,320.0,24.65,1,0,1.0,1.0,0.1994005061417179,EASY
R1381,3.219141151132257,80.47852877830643,5,76.0,295.07,88.81,1,0,1.0,1.0,0.3875451963149898,EASY
R1382,3.1942361411338447,28.748125270204604,3,126.66666666666667,295.07,3.6,1,0,1.0,1.0,0.2140924610577372,EASY
R1383,6.216564420983854,24.866257683935416,2,190.0,295.07,50.74,1,0,1.0,1.0,0.1517911240108468,EASY
R1384,2.429075233094146,9.716300932376583,2,190.0,168.58,69.63,0,0,1.0,1.0,0.2981542485239178,EASY
R1385,0.6230000362868776,0.6230000362868776,1,380.0,6.31,59.67,0,0,1.0,1.0,0.3645375783911704,EASY
R1386,2.0506381218215295,18.455743096393764,3,126.66666666666667,320.0,31.43,1,0,1.0,1.0,0.2777403529946662,EASY
R1387,1.6686577529464122,26.698524047142595,4,95.0,26.73,88.81,0,0,1.0,1.0,0.1970261800698666,EASY
R1388,1.1920722681191316,29.80180670297829,5,76.0,168.58,10.18,1,0,0.6666666666666666,1.0,0.0572536719648232,EASY
R1389,5.201819922946622,130.04549807366556,5,76.0,168.58,70.18,1,0,1.0,1.0,0.4270813665882306,EASY
R1390,3.9244354744409784,62.790967591055654,4,95.0,69.63,81.89,0,0,1.0,1.0,0.4499302979306289,EASY
R1391,4.363029714633597,69.80847543413755,4,95.0,133.21,69.63,1,0,1.0,1.0,0.086642620698503,EASY
R1392,1.5336871389940319,55.21273700378515,6,63.333333333333336,113.27,36.68,1,0,1.0,1.0,0.1985752449955989,EASY
R1393,2.001689455496458,72.06082039787249,6,63.333333333333336,2.4,70.18,0,0,1.0,1.0,0.3798087096967794,EASY
R1394,15.905754427929063,63.62301771171625,2,190.0,320.0,250.9,1,0,1.0,1.0,0.11178277466308,EASY
R1395,1.0126229118947463,16.20196659031594,4,95.0,43.14,43.14,0,0,1.0,1.0,0.4066448517928857,EASY
R1396,1.5392914739890915,38.48228684972729,5,76.0,43.14,36.68,0,0,1.0,1.0,0.3183132840427763,EASY
R1397,2.647661687998859,95.31582076795893,6,63.333333333333336,36.68,96.31,0,0,1.0,1.0,0.1326811342184115,EASY
R1398,30.05716317716142,120.22865270864568,2,190.0,320.0,215.01,1,0,1.0,1.0,0.0740203911042771,EASY
R1399,6.363741578781942,159.09353946954855,5,76.0,6.84,88.81,0,0,1.0,1.0,0.3440543050180301,EASY
R1400,1.901689736121486,47.54224340303715,5,76.0,26.73,46.78,0,0,1.0,1.0,0.4013283472144845,EASY
R1401,1.7496458406582716,1.7496458406582716,1,380.0,22.73,88.81,0,0,1.0,1.0,0.3542083940975706,EASY
R1402,1.220865122181485,10.987786099633365,3,126.66666666666667,88.81,43.14,0,0,1.0,1.0,0.2815491923180671,EASY
R1403,0.5434525105220342,8.695240168352548,4,95.0,3.6,12.98,0,0,1.0,1.0,0.1322929930475616,EASY
R1404,2.8555276616029706,45.68844258564753,4,95.0,3.6,81.89,0,0,0.6666666666666666,1.0,0.2860739050932821,EASY
R1405,4.0628890324757805,16.251556129903122,2,190.0,24.65,69.63,0,0,1.0,1.0,0.089861128973478,EASY
R1406,1.3553843351587487,5.421537340634995,2,190.0,3.6,88.81,0,0,0.6666666666666666,1.0,0.3383422974188222,EASY
R1407,1.2026332759370326,4.8105331037481305,2,190.0,133.21,88.81,0,0,1.0,1.0,0.1467607205982193,EASY
R1408,3.2608070907158764,3.2608070907158764,1,380.0,43.14,81.89,0,0,1.0,1.0,0.0560217918231175,EASY
R1409,1.4399494550115346,51.838180380415245,6,63.333333333333336,2.83,10.26,0,0,1.0,1.0,0.2783068748899672,EASY
R1410,1.2718497683095826,31.796244207739566,5,76.0,320.0,43.14,1,0,0.6666666666666666,1.0,0.3845629129629124,EASY
R1411,3.073872655691272,3.073872655691272,1,380.0,59.21,59.67,0,0,0.6666666666666666,1.0,0.0511269086264731,EASY
R1412,9.236229667363313,36.94491866945325,2,190.0,3.6,215.01,0,0,0.6666666666666666,1.0,0.1852103956773667,EASY
R1413,3.429120277935164,85.7280069483791,5,76.0,31.43,69.63,0,1,0.3333333333333333,1.0,0.0543913520296214,EASY
R1414,0.8236423763937375,29.651125550174548,6,63.333333333333336,46.78,59.67,0,0,1.0,1.0,0.3105841172717537,EASY
R1415,0.9687319348831087,15.49971095812974,4,95.0,36.68,43.14,0,0,1.0,1.0,0.2791051717079331,EASY
R1416,2.728500350135563,10.914001400542253,2,190.0,3.6,81.89,0,0,0.6666666666666666,1.0,0.0839973879298575,EASY
R1417,1.4592414066538377,36.48103516634594,5,76.0,22.73,8.72,0,0,1.0,1.0,0.2992146891375168,EASY
R1418,1.365160348999747,1.365160348999747,1,380.0,113.27,113.27,0,0,1.0,1.0,0.2572521314015192,EASY
R1419,1.9659886020092427,7.863954408036971,2,190.0,155.45,88.81,0,0,1.0,1.0,0.1547906398557506,EASY
R1420,2.2183702153533797,19.96533193818042,3,126.66666666666667,215.01,31.43,1,0,1.0,1.0,0.2080141832810284,EASY
R1421,4.325098284339546,155.70353823622366,6,63.333333333333336,7.42,70.18,0,0,1.0,1.0,0.2152192125926611,EASY
R1422,28.555548535187835,456.88877656300537,4,95.0,320.0,43.14,1,1,0.0,1.0,0.1770709400157005,EASY
R1423,1.049350483235129,4.197401932940516,2,190.0,6.31,46.78,0,0,1.0,1.0,0.3338723212865407,EASY
R1424,2.18526474538256,19.667382708443043,3,126.66666666666667,5.36,81.89,0,0,0.6666666666666666,1.0,0.4144756862332746,EASY
R1425,1.838369955162147,16.545329596459325,3,126.66666666666667,3.32,19.48,0,0,1.0,1.0,0.0645671212798333,EASY
R1426,6.043519698062014,151.08799245155035,5,76.0,2.42,81.89,0,0,1.0,1.0,0.0514598061501259,EASY
R1427,2.124752460358141,2.124752460358141,1,380.0,3.6,81.89,0,0,1.0,1.0,0.3374665786280056,EASY
R1428,2.5854736467419017,2.5854736467419017,1,380.0,3.32,81.89,0,0,1.0,1.0,0.0619846115738125,EASY
R1429,2.0601777174910096,8.240710869964039,2,190.0,31.43,8.66,0,0,0.6666666666666666,1.0,0.4000485458248101,EASY
R1430,6.3089589091003315,100.9433425456053,4,95.0,50.74,182.82,0,1,0.0,1.0,0.3761026948438256,EASY
R1431,0.8845775726822467,22.114439317056167,5,76.0,295.07,59.67,1,0,0.6666666666666666,1.0,0.4200205883313561,EASY
R1432,1.9852149894753366,17.86693490527803,3,126.66666666666667,46.78,6.84,0,0,1.0,1.0,0.2204248942500096,EASY
R1433,1.6988004420376557,15.2892039783389,3,126.66666666666667,3.6,81.89,0,0,1.0,1.0,0.2229769386456298,EASY
R1434,1.277406524947741,11.49665872452967,3,126.66666666666667,1.9,168.58,0,0,1.0,1.0,0.3812237635277296,EASY
R1435,1.9991357385335424,1.9991357385335424,1,380.0,3.32,81.89,0,0,1.0,1.0,0.0942613890133751,EASY
R1436,1.1444719155366743,4.577887662146697,2,190.0,59.67,168.58,0,0,1.0,1.0,0.2423602047417867,EASY
R1437,4.380316946715576,70.08507114744921,4,95.0,250.9,59.67,1,0,1.0,1.0,0.0954999538195972,EASY
R1438,3.9014235682279326,15.60569427291173,2,190.0,182.82,81.89,0,0,1.0,1.0,0.3935387492421833,EASY
R1439,13.632931534340694,340.82328835851735,5,76.0,43.14,88.81,0,0,1.0,0.6666666666666666,0.23776493672276,FRAGILE
R1440,1.1485460048245062,18.3767360771921,4,95.0,2.83,50.74,0,0,1.0,1.0,0.2578368290800588,EASY
R1441,18.73826122886677,168.64435105980093,3,126.66666666666667,26.73,81.89,0,1,0.3333333333333333,1.0,0.3411927501861044,EASY
R1442,1.6182705144586758,40.45676286146689,5,76.0,2.42,36.68,0,0,0.6666666666666666,1.0,0.2754061390559942,EASY
R1443,3.686422251902876,33.17780026712589,3,126.66666666666667,4.6,24.65,0,0,0.6666666666666666,1.0,0.2367126814316998,EASY
R1444,2.7419598702122627,24.677638831910365,3,126.66666666666667,215.01,59.67,1,0,1.0,1.0,0.1005247851550622,EASY
R1445,2.384845766107985,21.463611894971866,3,126.66666666666667,168.58,26.73,1,0,1.0,1.0,0.2712493504924693,EASY
R1446,7.493514360960369,29.974057443841478,2,190.0,320.0,59.67,1,0,1.0,1.0,0.1076597337460006,EASY
R1447,1.039854311905981,16.637668990495698,4,95.0,1.0,43.14,0,0,1.0,1.0,0.260724781591605,EASY
R1448,3.596975847297623,3.596975847297623,1,380.0,320.0,69.63,0,0,1.0,1.0,0.1240236609130129,EASY
R1449,0.7136819913083028,25.6925516870989,6,63.333333333333336,46.78,8.66,0,0,1.0,1.0,0.1111793657311153,EASY
R1450,32.758039892928444,294.822359036356,3,126.66666666666667,14.08,88.81,0,0,0.6666666666666666,1.0,0.057908294742152,EASY
R1451,1.0900731430253985,9.810658287228586,3,126.66666666666667,3.6,43.14,0,0,1.0,1.0,0.3267416044143227,EASY
R1452,11.662355126872662,291.55887817181656,5,76.0,10.18,24.65,0,0,1.0,1.0,0.3795104209134368,EASY
R1453,5.012115264428022,80.19384423084836,4,95.0,133.21,182.82,1,0,1.0,1.0,0.444136618234415,EASY
R1454,1.5216370956423981,24.34619353027837,4,95.0,11.97,88.81,0,0,1.0,1.0,0.2067347136820372,EASY
R1455,2.2275354930064872,8.910141972025949,2,190.0,46.78,81.89,0,0,1.0,1.0,0.377461651475645,EASY
R1456,0.932600009015248,8.393400081137232,3,126.66666666666667,1.0,46.78,0,0,0.6666666666666666,1.0,0.415142445156168,EASY
R1457,3.2163262340322163,115.78774442515979,6,63.333333333333336,295.07,70.18,1,0,1.0,1.0,0.1154313357546663,EASY
R1458,1.5731869735547843,6.292747894219137,2,190.0,5.36,81.89,0,0,1.0,1.0,0.3191503658264779,EASY
R1459,8.304967751604046,298.97883905774563,6,63.333333333333336,5.36,46.78,0,1,0.3333333333333333,1.0,0.2495563979982751,EASY
R1460,16.22343741797208,64.89374967188832,2,190.0,320.0,231.35,1,0,1.0,1.0,0.3753804146070303,EASY
R1461,1.2728620595956746,20.365792953530793,4,95.0,5.4,133.21,0,0,1.0,1.0,0.4172104122766442,EASY
R1462,2.832542879571378,25.492885916142402,3,126.66666666666667,3.32,50.74,0,0,1.0,1.0,0.3848553978212427,EASY
R1463,1.8690741242223086,46.726853105557716,5,76.0,320.0,88.81,1,0,1.0,1.0,0.248073367783581,EASY
R1464,5.7791634308795965,92.46661489407354,4,95.0,295.07,155.45,1,0,1.0,1.0,0.4412312835096137,EASY
R1465,1.1123725681575272,10.011353113417744,3,126.66666666666667,8.72,69.63,0,0,1.0,1.0,0.3426993222781443,EASY
R1466,2.3232694863798757,58.081737159496896,5,76.0,36.68,81.89,0,0,0.6666666666666666,1.0,0.1148469607222173,EASY
R1467,2.141139112014204,2.141139112014204,1,380.0,46.78,36.97,0,0,0.6666666666666666,1.0,0.2375454910348843,EASY
R1468,5.5253521992076085,138.1338049801902,5,76.0,7.42,81.89,0,0,1.0,1.0,0.097241463674268,EASY
R1469,2.4019162260278395,60.04790565069599,5,76.0,36.68,81.89,0,0,1.0,1.0,0.143784994254121,EASY
R1470,4.213743301226769,4.213743301226769,1,380.0,295.07,69.63,0,0,1.0,1.0,0.1368698327324275,EASY
R1471,3.757123820168087,33.81411438151279,3,126.66666666666667,2.4,22.73,0,0,0.6666666666666666,1.0,0.0948391512224176,EASY
R1472,3.043931437936229,109.58153176570424,6,63.333333333333336,26.73,81.89,0,0,1.0,1.0,0.06390938307711,EASY
R1473,2.9977784286901077,47.96445485904172,4,95.0,88.81,81.89,0,0,1.0,1.0,0.4339071489121373,EASY
R1474,7.034658217595555,253.24769583344,6,63.333333333333336,250.9,59.21,1,0,1.0,1.0,0.0820920490442169,EASY
R1475,3.0298098306693673,75.74524576673419,5,76.0,50.74,31.43,0,0,1.0,1.0,0.4303235256199232,EASY
R1476,2.4478339292830054,88.1220214541882,6,63.333333333333336,88.81,7.42,1,0,1.0,1.0,0.1982700097032003,EASY
R1477,2.70944932321733,10.83779729286932,2,190.0,2.42,81.89,0,0,0.6666666666666666,1.0,0.3293922506455312,EASY
R1478,1.773396973769226,28.374351580307614,4,95.0,2.83,88.81,0,0,1.0,1.0,0.2334801200332775,EASY
R1479,1.9980571967652325,31.96891514824372,4,95.0,3.6,88.81,0,0,1.0,1.0,0.3403886739565803,EASY
R1480,1.2297088478928009,4.9188353915712035,2,190.0,1.0,43.14,0,0,1.0,1.0,0.1698328068127886,EASY
R1481,2.614394750781681,10.457579003126725,2,190.0,295.07,69.63,1,0,1.0,1.0,0.2402907740722168,EASY
R1482,1.0458368970171308,37.65012829261671,6,63.333333333333336,59.67,96.31,0,0,1.0,1.0,0.193746516318553,EASY
R1483,0.6513668629838263,2.605467451935305,2,190.0,96.31,69.63,0,0,1.0,1.0,0.4028862401813655,EASY
R1484,2.078474049619878,2.078474049619878,1,380.0,168.58,81.89,0,0,1.0,1.0,0.4221928315588683,EASY
R1485,0.802366209680086,7.221295887120774,3,126.66666666666667,11.97,50.74,0,0,1.0,1.0,0.330951057218525,EASY
R1486,1.2454698946918425,31.136747367296064,5,76.0,3.6,8.72,0,0,1.0,1.0,0.1711008870724922,EASY
R1487,2.6135575769511825,23.522018192560644,3,126.66666666666667,70.18,36.97,0,0,1.0,1.0,0.1950922292812837,EASY
R1488,4.592763912309437,73.48422259695099,4,95.0,88.81,81.89,0,0,1.0,1.0,0.2097779223730283,EASY
R1489,2.9097776161704427,26.187998545533986,3,126.66666666666667,2.4,26.73,0,0,1.0,1.0,0.2339574705129666,EASY
R1490,4.097010976016978,4.097010976016978,1,380.0,6.31,59.67,0,0,1.0,1.0,0.0516827830250337,EASY
R1491,1.068051610266626,17.088825764266016,4,95.0,3.6,43.14,0,0,1.0,1.0,0.3704809996996634,EASY
R1492,1.4691759452313404,1.4691759452313404,1,380.0,4.6,96.31,0,0,1.0,1.0,0.2703200110484564,EASY
R1493,0.9910056364451683,3.964022545780673,2,190.0,11.97,46.78,0,0,1.0,1.0,0.3889907978740892,EASY
R1494,4.536268884789125,4.536268884789125,1,380.0,46.78,69.63,0,0,0.6666666666666666,1.0,0.3179210353257704,EASY
R1495,3.3453572083832874,13.38142883353315,2,190.0,24.65,69.63,0,1,0.3333333333333333,1.0,0.1431963976277425,EASY
R1496,2.123157368702749,8.492629474810997,2,190.0,46.78,69.63,0,0,1.0,1.0,0.1278430247793813,EASY
R1497,4.163434771604169,16.653739086416675,2,190.0,320.0,81.89,1,0,1.0,1.0,0.4431400717693485,EASY
R1498,3.507814379753108,87.6953594938277,5,76.0,6.31,69.63,0,0,1.0,1.0,0.4120899214816827,EASY
R1499,1.9884808136850098,7.953923254740039,2,190.0,3.6,81.89,0,0,0.6666666666666666,1.0,0.1437203980466398,EASY
R1500,2.735577644931814,24.620198804386327,3,126.66666666666667,96.31,2.83,0,0,1.0,1.0,0.1607575808726337,EASY
R1501,2.2224197243255475,8.88967889730219,2,190.0,31.43,81.89,0,0,0.6666666666666666,1.0,0.3215497622689805,EASY
R1502,2.4453834226861932,88.03380321670295,6,63.333333333333336,168.58,70.18,1,0,1.0,1.0,0.4264559651093869,EASY
R1503,1.542184768301758,13.879662914715823,3,126.66666666666667,5.36,59.67,0,0,1.0,1.0,0.4227947572567705,EASY
R1504,3.022633192288828,3.022633192288828,1,380.0,31.43,50.74,0,0,1.0,1.0,0.4401787203203228,EASY
R1505,0.9697550367381718,0.9697550367381718,1,380.0,10.18,50.74,0,0,1.0,1.0,0.2122047014376281,EASY
R1506,0.9815064895088426,15.704103832141481,4,95.0,12.98,113.27,0,0,1.0,1.0,0.1798199963710965,EASY
R1507,5.64809259692007,22.59237038768028,2,190.0,43.14,81.89,0,0,1.0,1.0,0.3632846729113307,EASY
R1508,6.9650663761939535,111.44106201910326,4,95.0,8.72,50.74,0,0,1.0,1.0,0.0626380107968815,EASY
R1509,1.911689907129906,7.646759628519624,2,190.0,36.68,81.89,0,0,1.0,1.0,0.2007337898646232,EASY
R1510,2.887277910594422,72.18194776486055,5,76.0,295.07,70.18,1,0,1.0,1.0,0.1276931780357011,EASY
R1511,7.434376473158264,185.8594118289566,5,76.0,88.81,50.74,1,0,1.0,1.0,0.4094822124528663,EASY
R1512,1.7664545379001682,15.898090841101514,3,126.66666666666667,3.32,96.31,0,0,1.0,1.0,0.3988047863131218,EASY
R1513,24.075687846154526,866.7247624615629,6,63.333333333333336,3.6,12.98,0,1,0.0,1.0,0.2263212583621744,EASY
R1514,5.228199689602875,5.228199689602875,1,380.0,88.81,69.63,0,0,0.6666666666666666,1.0,0.1979166650633736,EASY
R1515,3.675152397025678,14.700609588102711,2,190.0,59.67,96.31,0,0,1.0,1.0,0.3750926199976283,EASY
R1516,4.6498256807345815,41.84843112661123,3,126.66666666666667,295.07,50.74,1,0,0.6666666666666666,1.0,0.0547011744466562,EASY
R1517,2.558124900422764,40.92999840676423,4,95.0,3.6,69.63,0,0,0.6666666666666666,1.0,0.1090647766050928,EASY
R1518,1.556144527675408,24.898312442806528,4,95.0,4.6,81.89,0,0,1.0,1.0,0.2239367331734899,EASY
R1519,2.1578631002228814,53.94657750557204,5,76.0,26.73,88.81,0,0,1.0,1.0,0.3886293356253275,EASY
R1520,6.41249912604444,102.59998601671104,4,95.0,43.14,88.81,0,0,0.6666666666666666,1.0,0.3306219275569922,EASY
R1521,8.560735989774715,77.04662390797243,3,126.66666666666667,31.19,59.21,0,0,1.0,1.0,0.3536031426149064,EASY
R1522,8.152648387041694,73.37383548337525,3,126.66666666666667,36.68,320.0,0,0,1.0,1.0,0.1354688665306522,EASY
R1523,7.811216545544936,281.2037956396177,6,63.333333333333336,36.68,113.27,0,0,0.6666666666666666,1.0,0.2311209713095312,EASY
R1524,2.999187849640163,26.992690646761467,3,126.66666666666667,3.6,2.4,0,0,0.6666666666666666,1.0,0.2041954938228575,EASY
R1525,3.1182510461585973,12.473004184634389,2,190.0,182.82,69.63,0,0,1.0,1.0,0.1545773923259228,EASY
R1526,7.063009914611905,176.57524786529763,5,76.0,88.81,168.58,1,0,0.6666666666666666,1.0,0.2770599419256715,EASY
R1527,0.9497511434059689,34.19104116261488,6,63.333333333333336,1.0,43.14,0,1,0.0,1.0,0.4366085034430954,EASY
R1528,18.39308120342662,18.39308120342662,1,380.0,46.78,295.07,0,0,1.0,1.0,0.3663487456925962,EASY
R1529,2.722699558531856,68.0674889632964,5,76.0,46.78,6.31,0,0,1.0,1.0,0.1611577928927965,EASY
R1530,2.7555493254818892,44.08878920771023,4,95.0,43.14,88.81,0,0,1.0,1.0,0.3833974160726975,EASY
R1531,2.2944092368223505,36.71054778915761,4,95.0,69.63,88.81,0,0,1.0,1.0,0.0769346204782503,EASY
R1532,2.5517770991942283,91.86397557099222,6,63.333333333333336,26.73,96.31,0,0,1.0,1.0,0.1729688636597347,EASY
R1533,1.8423492985867824,7.36939719434713,2,190.0,4.6,81.89,0,0,0.6666666666666666,1.0,0.1259799133096028,EASY
R1534,3.5721265072004305,57.15402411520689,4,95.0,43.14,31.43,0,0,1.0,1.0,0.0833664472213906,EASY
R1535,4.309001251369337,4.309001251369337,1,380.0,295.07,69.63,0,0,1.0,1.0,0.2849137768764205,EASY
R1536,2.277634742361523,81.99485072501483,6,63.333333333333336,320.0,36.97,1,0,1.0,1.0,0.1726225180792565,EASY
R1537,2.7671332590004996,69.17833147501248,5,76.0,43.14,81.89,0,0,1.0,1.0,0.2360643769987594,EASY
R1538,2.3783048700374274,59.45762175093569,5,76.0,155.45,81.89,1,0,1.0,1.0,0.4253269443820144,EASY
R1539,5.998558940863728,23.994235763454913,2,190.0,3.32,69.63,0,1,0.3333333333333333,1.0,0.3378925358221166,EASY
R1540,1.2212294073440035,10.991064666096031,3,126.66666666666667,88.81,43.14,0,0,0.6666666666666666,1.0,0.2752267029776539,EASY
R1541,19.707523489849258,19.707523489849258,1,380.0,320.0,320.0,0,0,1.0,1.0,0.2629029039698153,EASY
R1542,2.2433386414458374,8.97335456578335,2,190.0,295.07,1.27,1,0,0.6666666666666666,1.0,0.3053908362724731,EASY
R1543,2.3945520045077022,9.578208018030809,2,190.0,2.42,69.63,0,1,0.0,1.0,0.2056778622007616,EASY
R1544,0.8531932806959844,13.651092491135751,4,95.0,6.84,50.74,0,0,1.0,1.0,0.2479992347962298,EASY
R1545,1.4542975867852546,13.088678281067292,3,126.66666666666667,182.82,88.81,1,0,1.0,1.0,0.1464255401479418,EASY
R1546,0.9733048410853332,24.33262102713333,5,76.0,3.6,46.78,0,0,1.0,1.0,0.3091016363676896,EASY
R1547,3.182933147817201,12.731732591268804,2,190.0,295.07,69.63,1,0,1.0,1.0,0.2004890811789379,EASY
R1548,2.383974778348935,21.455773005140415,3,126.66666666666667,2.42,81.89,0,0,0.6666666666666666,1.0,0.2425384334274018,EASY
R1549,2.7688412627652115,44.301460204243384,4,95.0,3.6,81.89,0,1,0.3333333333333333,1.0,0.3979433750512042,EASY
R1550,5.938976023814068,148.4744005953517,5,76.0,46.78,96.31,0,0,1.0,1.0,0.4242805473392994,EASY
R1551,7.923740190163971,285.254646845903,6,63.333333333333336,22.73,24.65,0,0,1.0,1.0,0.3441487928225667,EASY
R1552,2.0180946840059613,32.28951494409538,4,95.0,168.58,31.43,1,0,1.0,1.0,0.3755788006682722,EASY
R1553,2.4995898712248725,22.496308841023854,3,126.66666666666667,81.89,81.89,0,0,1.0,1.0,0.17199394220932,EASY
R1554,2.4428599676409304,21.985739708768374,3,126.66666666666667,36.68,81.89,0,0,1.0,1.0,0.2485949712522502,EASY
R1555,1.378643877755676,5.514575511022704,2,190.0,320.0,43.14,1,0,0.6666666666666666,1.0,0.4211944704644084,EASY
R1556,0.7038594777584664,17.596486943961658,5,76.0,24.65,3.6,0,0,1.0,1.0,0.0886767705205992,EASY
R1557,3.330244125445565,3.330244125445565,1,380.0,69.63,69.63,0,0,0.6666666666666666,1.0,0.2868885023392337,EASY
R1558,2.311076138361976,9.244304553447904,2,190.0,50.74,88.81,0,0,1.0,1.0,0.3259596528011133,EASY
R1559,10.101330654741925,90.91197589267733,3,126.66666666666667,46.78,133.21,0,1,0.0,1.0,0.1315953752272591,EASY
R1560,3.186614692321757,50.98583507714811,4,95.0,88.81,19.32,0,0,1.0,1.0,0.3034570923374938,EASY
R1561,8.877554252409677,142.04086803855483,4,95.0,6.31,132.17,0,1,0.3333333333333333,1.0,0.3327473927960278,EASY
R1562,0.4824816007929718,1.9299264031718872,2,190.0,24.65,69.63,0,0,1.0,1.0,0.3136028176138664,EASY
R1563,4.908123497077417,19.63249398830967,2,190.0,46.78,69.63,0,0,1.0,1.0,0.1600604308629873,EASY
R1564,8.682744465092668,138.9239114414827,4,95.0,31.19,96.31,0,0,1.0,1.0,0.4357621639850564,EASY
R1565,6.440795305065692,161.0198826266423,5,76.0,26.73,69.63,0,0,0.6666666666666666,1.0,0.1943395256224421,EASY
R1566,0.5021567076530888,2.0086268306123554,2,190.0,6.31,132.17,0,0,1.0,1.0,0.4317741329328279,EASY
R1567,0.9483881017076129,0.9483881017076129,1,380.0,26.73,46.78,0,0,1.0,1.0,0.3535704555272793,EASY
R1568,5.263711939541625,21.0548477581665,2,190.0,168.58,59.67,0,0,1.0,1.0,0.0595270389450081,EASY
R1569,6.4240519415315225,231.2658698951348,6,63.333333333333336,1.0,59.67,0,1,0.3333333333333333,1.0,0.4378080837229782,EASY
R1570,2.1875193300677354,35.000309281083766,4,95.0,3.32,88.81,0,0,0.6666666666666666,1.0,0.4350594769565281,EASY
R1571,1.338053951290949,21.408863220655185,4,95.0,46.78,46.78,0,0,1.0,1.0,0.2987559591296055,EASY
R1572,3.283449782222778,52.53519651556445,4,95.0,168.58,88.81,1,0,1.0,1.0,0.4109784701824996,EASY
R1573,3.25768955846388,29.31920602617492,3,126.66666666666667,46.78,22.73,0,0,1.0,1.0,0.2989734633787428,EASY
R1574,2.7142720700675333,24.4284486306078,3,126.66666666666667,31.43,96.31,0,0,1.0,1.0,0.0668099236686579,EASY
R1575,1.889140543959649,47.22851359899122,5,76.0,1.0,10.26,0,1,0.3333333333333333,1.0,0.258105105190771,EASY
R1576,0.801239425587185,12.81983080939496,4,95.0,1.0,50.74,0,0,0.6666666666666666,1.0,0.4485118117515225,EASY
R1577,1.4029846552192387,22.44775448350782,4,95.0,1.0,168.58,0,0,1.0,1.0,0.3870698780376216,EASY
R1578,3.9563091657405605,35.606782491665044,3,126.66666666666667,2.4,24.65,0,1,0.3333333333333333,1.0,0.1981746515286344,EASY
R1579,1.0470459409930568,4.188183763972227,2,190.0,320.0,10.18,1,0,0.6666666666666666,1.0,0.1500635312846475,EASY
R1580,4.286148936829436,4.286148936829436,1,380.0,7.42,69.63,0,0,1.0,1.0,0.2765860544702797,EASY
R1581,7.328815631137501,29.315262524550004,2,190.0,96.31,19.32,0,1,0.3333333333333333,1.0,0.2146809555817267,EASY
R1582,3.7918710425379487,15.167484170151795,2,190.0,320.0,59.67,1,1,0.3333333333333333,1.0,0.1293533946870899,EASY
R1583,10.932791656600934,43.731166626403734,2,190.0,46.78,295.07,0,0,0.6666666666666666,1.0,0.1439470943201795,EASY
R1584,2.3593627866115487,37.74980458578478,4,95.0,81.89,81.89,0,0,1.0,1.0,0.1553104430912663,EASY
R1585,19.65290392039132,78.61161568156528,2,190.0,16.56,168.58,0,1,0.0,1.0,0.1429515299014863,EASY
R1586,3.1159795118690945,28.043815606821852,3,126.66666666666667,88.81,6.84,0,0,1.0,1.0,0.1827927081979927,EASY
R1587,2.6266492451926324,65.66623112981581,5,76.0,81.89,81.89,1,0,1.0,1.0,0.284180556020963,EASY
R1588,4.864295967495004,19.457183869980017,2,190.0,295.07,16.56,1,0,1.0,1.0,0.0598159241063601,EASY
R1589,1.804594011594469,28.873504185511504,4,95.0,320.0,5.36,1,0,0.6666666666666666,1.0,0.0691717883463344,EASY
R1590,2.003769318093399,32.06030908949438,4,95.0,36.68,113.27,0,0,1.0,1.0,0.1087066253494462,EASY
R1591,4.251446251921719,68.0231400307475,4,95.0,1.0,81.89,0,0,0.6666666666666666,1.0,0.3169719102735881,EASY
R1592,4.69051082593276,18.76204330373104,2,190.0,295.07,168.58,1,0,1.0,1.0,0.126337280399067,EASY
R1593,11.637049053489203,104.73344148140283,3,126.66666666666667,31.43,215.01,0,0,1.0,1.0,0.3689996652704149,EASY
R1594,1.4243381934673272,51.27617496482378,6,63.333333333333336,3.6,36.68,0,0,1.0,1.0,0.1221386534395856,EASY
R1595,4.361069677030628,39.24962709327565,3,126.66666666666667,320.0,22.73,1,0,1.0,1.0,0.3638290825231924,EASY
R1596,8.669943427953516,216.7485856988379,5,76.0,31.19,81.89,0,0,1.0,1.0,0.2472295900471116,EASY
R1597,9.084907667241474,81.76416900517327,3,126.66666666666667,5.36,252.87,0,0,0.6666666666666666,1.0,0.3364813188420763,EASY
R1598,5.341347715423142,85.46156344677027,4,95.0,14.08,182.82,0,0,1.0,1.0,0.2949034671001501,EASY
R1599,0.6886086056956222,6.1974774512606,3,126.66666666666667,59.67,59.67,0,0,1.0,1.0,0.2321389471860959,EASY
R1600,3.312993317441037,13.251973269764148,2,190.0,36.68,59.67,0,0,0.6666666666666666,1.0,0.1286129581585818,EASY
R1601,0.6809332625353776,17.02333156338444,5,76.0,168.58,16.43,1,0,1.0,1.0,0.0809149334592148,EASY
R1602,1.1344867910668734,18.151788657069975,4,95.0,133.21,12.98,1,0,1.0,1.0,0.1270844046898234,EASY
R1603,2.390101414279855,21.510912728518694,3,126.66666666666667,81.89,5.36,0,0,1.0,1.0,0.3738038189695599,EASY
R1604,8.69349356103917,78.24144204935254,3,126.66666666666667,43.14,182.82,0,0,1.0,1.0,0.2909693363816302,EASY
R1605,6.495903921545167,6.495903921545167,1,380.0,295.07,250.9,0,0,1.0,1.0,0.3486096226664527,EASY
R1606,2.1404537202563483,53.51134300640871,5,76.0,88.81,96.31,1,0,1.0,1.0,0.0991479757368793,EASY
R1607,2.84492762010775,25.60434858096975,3,126.66666666666667,43.14,6.84,0,0,1.0,1.0,0.0884600537689832,EASY
R1608,3.1501038816213747,50.401662105941995,4,95.0,4.6,26.73,0,0,1.0,1.0,0.4329277087672109,EASY
R1609,2.0111210427394326,18.100089384654893,3,126.66666666666667,113.27,96.31,0,0,1.0,1.0,0.2040864538139066,EASY
R1610,3.075573648623877,49.209178377982035,4,95.0,31.43,31.43,0,0,1.0,1.0,0.3258416472944122,EASY
R1611,4.940736015205144,79.0517762432823,4,95.0,16.43,81.89,0,0,1.0,1.0,0.3835245216750731,EASY
R1612,3.525206513808576,88.1301628452144,5,76.0,295.07,59.67,1,0,0.6666666666666666,1.0,0.2947858950849394,EASY
R1613,1.7446541545290166,15.701887390761149,3,126.66666666666667,3.6,81.89,0,0,0.6666666666666666,1.0,0.1038380694533958,EASY
R1614,0.7088431857267636,0.7088431857267636,1,380.0,2.83,8.66,0,0,1.0,1.0,0.0981807840398448,EASY
R1615,2.062210128558079,8.248840514232317,2,190.0,2.83,96.31,0,0,1.0,1.0,0.2231141124333603,EASY
R1616,6.85898964137429,109.74383426198864,4,95.0,320.0,168.58,1,0,1.0,1.0,0.4399065326578297,EASY
R1617,2.288603796239501,82.38973666462203,6,63.333333333333336,5.36,81.89,0,0,0.6666666666666666,1.0,0.3826853823980901,EASY
R1618,4.770869814718304,19.083479258873215,2,190.0,46.78,50.74,0,0,0.6666666666666666,1.0,0.2275136145212231,EASY
R1619,6.880062157725908,172.00155394314768,5,76.0,24.65,59.21,0,0,1.0,1.0,0.2010308348329991,EASY
R1620,1.9417370343781972,7.766948137512789,2,190.0,6.84,96.31,0,0,1.0,1.0,0.4349204427800542,EASY
R1621,0.5349035304769612,19.2565270971706,6,63.333333333333336,12.98,155.45,0,0,1.0,1.0,0.32171511882963,EASY
R1622,5.496845568314542,49.471610114830874,3,126.66666666666667,10.18,24.65,0,0,1.0,1.0,0.3678661724588498,EASY
R1623,2.2343027857229343,2.2343027857229343,1,380.0,168.58,88.81,0,0,1.0,1.0,0.4009948320872162,EASY
R1624,3.083915358672872,27.75523822805585,3,126.66666666666667,24.65,43.14,0,0,1.0,1.0,0.4432924224450666,EASY
R1625,5.804765213088847,92.87624340942155,4,95.0,31.19,168.58,0,0,1.0,1.0,0.1044012466014265,EASY
R1626,3.908163610892803,140.6938899921409,6,63.333333333333336,132.17,59.67,1,0,1.0,1.0,0.0828088960074061,EASY
R1627,1.591206840497675,57.283446257916296,6,63.333333333333336,12.98,36.68,0,0,1.0,1.0,0.2667474402649152,EASY
R1628,2.8645683831753157,71.61420957938289,5,76.0,6.31,81.89,0,0,1.0,1.0,0.1312052541218567,EASY
R1629,3.02734590869098,75.68364771727451,5,76.0,69.63,36.68,0,0,1.0,1.0,0.3609910816030612,EASY
R1630,2.033579092358966,73.20884732492277,6,63.333333333333336,36.68,81.89,0,0,1.0,1.0,0.2924801072822199,EASY
R1631,1.8682336071329844,16.81410246419686,3,126.66666666666667,88.81,96.31,0,0,1.0,1.0,0.3181246060453494,EASY
R1632,3.536364675699352,88.4091168924838,5,76.0,88.81,81.89,1,0,1.0,1.0,0.1576491192022007,EASY
R1633,1.6546454074253278,1.6546454074253278,1,380.0,59.67,88.81,0,0,1.0,1.0,0.4331781777877755,EASY
R1634,4.249219374714769,67.9875099954363,4,95.0,46.78,88.81,0,0,1.0,1.0,0.1171692934676144,EASY
R1635,3.3846854426322,13.5387417705288,2,190.0,168.58,26.73,0,0,1.0,1.0,0.1640518326184658,EASY
R1636,4.632126272564207,41.689136453077865,3,126.66666666666667,3.6,36.97,0,1,0.3333333333333333,1.0,0.2605137532337077,EASY
R1637,2.04604603070411,2.04604603070411,1,380.0,3.32,113.27,0,0,1.0,1.0,0.3772925884307061,EASY
R1638,2.017129761088277,32.27407617741243,4,95.0,295.07,88.81,1,0,1.0,1.0,0.2079429146809706,EASY
R1639,5.061258677075973,20.24503470830389,2,190.0,295.07,26.73,1,0,1.0,1.0,0.2638919836725252,EASY
R1640,2.310718227025615,57.76795567564037,5,76.0,3.32,88.81,0,0,1.0,1.0,0.2075174306413832,EASY
R1641,25.462129728160907,407.3940756505745,4,95.0,320.0,96.31,1,1,0.0,1.0,0.0534468035174175,FRAGILE
R1642,4.1906265529366005,37.7156389764294,3,126.66666666666667,295.07,22.73,1,0,1.0,1.0,0.2611182618636097,EASY
R1643,7.964049884691423,286.7057958488912,6,63.333333333333336,320.0,31.19,1,0,1.0,1.0,0.1673853362659425,EASY
R1644,0.9223472796455295,3.689389118582118,2,190.0,1.0,46.78,0,0,1.0,1.0,0.356719575376398,EASY
R1645,5.840366217647883,210.2531838353238,6,63.333333333333336,36.68,88.81,0,0,0.6666666666666666,1.0,0.130258255009229,EASY
R1646,14.1623155381372,127.4608398432348,3,126.66666666666667,320.0,252.87,1,0,1.0,1.0,0.4106474134809217,EASY
R1647,2.0290955859750657,18.26186027377559,3,126.66666666666667,43.14,88.81,0,0,1.0,1.0,0.2675855187512163,EASY
R1648,17.8146626316146,285.0346021058336,4,95.0,36.97,26.73,0,0,0.6666666666666666,1.0,0.3391225453944487,EASY
R1649,4.044023625788849,101.10059064472124,5,76.0,43.14,59.67,0,0,1.0,1.0,0.220885857283383,EASY
R1650,1.5693566911996177,56.49684088318624,6,63.333333333333336,7.42,36.68,0,0,1.0,1.0,0.233646438831522,EASY
R1651,0.7689111905181614,19.222779762954033,5,76.0,1.0,59.67,0,0,1.0,1.0,0.3898609416406557,EASY
R1652,0.5833369990795181,2.3333479963180723,2,190.0,11.97,69.63,0,0,1.0,1.0,0.2823897129655778,EASY
R1653,3.7184807242437743,92.96201810609436,5,76.0,43.14,81.89,0,0,1.0,1.0,0.3604440770329555,EASY
R1654,4.1066917084366095,65.70706733498575,4,95.0,36.68,81.89,0,0,1.0,1.0,0.1732786787539882,EASY
R1655,0.6626946772993368,10.60311483678939,4,95.0,3.6,69.63,0,0,1.0,1.0,0.2426508133969306,EASY
R1656,11.610185288047196,290.2546322011799,5,76.0,7.42,22.73,0,0,0.6666666666666666,1.0,0.2715759701236499,EASY
R1657,2.5779300124655165,92.80548044875859,6,63.333333333333336,46.78,31.43,0,0,1.0,1.0,0.1043114849178604,EASY
R1658,2.267931166728272,56.6982791682068,5,76.0,3.32,113.27,0,0,1.0,1.0,0.4427941850395938,EASY
R1659,6.703155757115248,26.81262302846099,2,190.0,295.07,59.67,1,0,1.0,1.0,0.1015537131773801,EASY
R1660,0.6919534928306775,17.29883732076694,5,76.0,1.0,59.67,0,0,1.0,1.0,0.4210028270468444,EASY
R1661,3.345034737481285,13.38013894992514,2,190.0,182.82,24.65,0,0,1.0,1.0,0.1420935523941111,EASY
R1662,2.8878356707227715,103.96208414601978,6,63.333333333333336,2.83,59.67,0,0,1.0,1.0,0.2879910364587656,EASY
R1663,2.812433161243736,2.812433161243736,1,380.0,31.43,81.89,0,0,1.0,1.0,0.2280413998265457,EASY
R1664,6.407661664203942,25.630646656815767,2,190.0,4.6,22.73,0,1,0.3333333333333333,1.0,0.1871655032402938,EASY
R1665,1.4205699139120307,35.51424784780077,5,76.0,43.14,5.36,0,0,1.0,1.0,0.1133986921460216,EASY
R1666,3.1593234585663077,113.73564450838708,6,63.333333333333336,59.67,31.19,0,0,0.6666666666666666,1.0,0.2456463258961921,EASY
R1667,2.6781643237621466,96.41391565543728,6,63.333333333333336,113.27,88.81,1,0,1.0,1.0,0.299104509844917,EASY
R1668,1.9524247071736176,70.28728945825023,6,63.333333333333336,4.6,43.14,0,0,1.0,1.0,0.1170540770227066,EASY
R1669,0.5245535326467358,2.098214130586943,2,190.0,5.4,69.63,0,0,1.0,1.0,0.449620451779725,EASY
R1670,3.3713211067107687,3.3713211067107687,1,380.0,12.98,81.89,0,0,1.0,1.0,0.1051448614076582,EASY
R1671,3.4554048540172673,13.821619416069069,2,190.0,88.81,69.63,0,0,0.6666666666666666,1.0,0.0684236420392744,EASY
R1672,7.316815854712033,263.4053707696332,6,63.333333333333336,46.78,1.9,0,0,1.0,1.0,0.3422406294828656,EASY
R1673,17.603411539490008,281.6545846318401,4,95.0,31.43,50.74,0,0,0.6666666666666666,1.0,0.1953503189991151,EASY
R1674,9.332543231000882,37.33017292400353,2,190.0,11.97,272.09,0,0,1.0,1.0,0.1828977055055663,EASY
R1675,1.1519589435188073,41.47052196667706,6,63.333333333333336,3.6,46.78,0,0,1.0,1.0,0.2801449042441581,EASY
R1676,1.9104391576837592,17.19395241915383,3,126.66666666666667,7.42,96.31,0,0,1.0,1.0,0.2486729581778961,EASY
R1677,2.2787241047828934,56.968102619572335,5,76.0,3.6,6.84,0,0,0.6666666666666666,1.0,0.4136082449461233,EASY
R1678,1.1776507753184215,10.598856977865793,3,126.66666666666667,2.4,133.21,0,0,1.0,1.0,0.1734091841374811,EASY
R1679,25.204483462439093,403.2717353990255,4,95.0,5.36,24.65,0,1,0.3333333333333333,1.0,0.2721217101673416,EASY
R1680,2.392196752721576,86.11908309797673,6,63.333333333333336,43.14,10.18,0,0,0.6666666666666666,1.0,0.4157421833218336,EASY
R1681,9.847584871134448,246.1896217783612,5,76.0,46.78,113.27,0,0,1.0,1.0,0.2855780300215432,EASY
R1682,3.335381051404886,53.36609682247818,4,95.0,295.07,59.67,1,0,1.0,1.0,0.0712607057154071,EASY
R1683,3.8370731554624635,34.53365839916217,3,126.66666666666667,3.6,22.73,0,0,0.6666666666666666,1.0,0.4274090360306016,EASY
R1684,6.588300530074311,6.588300530074311,1,380.0,295.07,320.0,0,0,1.0,1.0,0.1391291730520045,EASY
R1685,2.494230378427237,62.35575946068093,5,76.0,2.42,69.63,0,1,0.3333333333333333,1.0,0.2604358579700586,EASY
R1686,3.270744450430022,81.76861126075055,5,76.0,2.42,69.63,0,1,0.3333333333333333,1.0,0.2703807739246531,EASY
R1687,2.5510718858471404,40.817150173554246,4,95.0,88.81,88.81,0,0,1.0,1.0,0.1976328110612091,EASY
R1688,7.497658943154069,187.4414735788517,5,76.0,36.68,22.73,0,1,0.3333333333333333,1.0,0.4385690492692402,EASY
R1689,3.607778686666939,32.47000818000245,3,126.66666666666667,88.81,26.73,0,0,0.6666666666666666,1.0,0.3340129221025435,EASY
R1690,2.4709874840220256,22.23888735619823,3,126.66666666666667,2.83,59.67,0,0,0.6666666666666666,1.0,0.1475154101524659,EASY
R1691,7.362221494626956,66.2599934516426,3,126.66666666666667,11.97,155.45,0,0,1.0,1.0,0.3602758999552105,EASY
R1692,5.224858220410941,130.62145551027353,5,76.0,2.83,70.18,0,1,0.3333333333333333,1.0,0.3229548077986893,EASY
R1693,0.8186745654449714,7.368071089004743,3,126.66666666666667,11.97,96.31,0,0,1.0,1.0,0.3524390225505445,EASY
R1694,3.2995619014999202,118.78422845399713,6,63.333333333333336,3.32,88.81,0,1,0.3333333333333333,1.0,0.1620610928058687,EASY
R1695,4.7777663884330135,119.44415971082533,5,76.0,295.07,81.89,1,0,1.0,1.0,0.2941696300852003,EASY
R1696,8.66201948950777,77.95817540556993,3,126.66666666666667,10.18,168.58,0,0,1.0,1.0,0.0974576799439818,EASY
R1697,1.4179046917898934,12.76114222610904,3,126.66666666666667,81.89,88.81,0,0,1.0,1.0,0.2529835904896751,EASY
R1698,10.55282448364747,10.55282448364747,1,380.0,19.32,295.07,0,0,1.0,1.0,0.0810131449770567,EASY
R1699,3.8247940744571207,34.423146670114086,3,126.66666666666667,295.07,26.73,1,0,1.0,1.0,0.0752880758651197,EASY
R1700,0.9225098277946313,14.760157244714101,4,95.0,24.65,133.21,0,0,1.0,1.0,0.210224653235455,EASY
R1701,15.406112846598312,385.1528211649578,5,76.0,43.14,88.81,0,1,0.3333333333333333,1.0,0.055593420502652,FRAGILE
R1702,1.7320044742793517,6.928017897117407,2,190.0,320.0,81.89,1,0,1.0,1.0,0.3684011774270463,EASY
R1703,3.246960394566705,3.246960394566705,1,380.0,26.73,69.63,0,0,0.6666666666666666,1.0,0.4420096434917625,EASY
R1704,2.4425627778898336,21.9830650010085,3,126.66666666666667,2.42,19.32,0,1,0.3333333333333333,1.0,0.0723394344891521,EASY
R1705,2.4575473213371968,22.11792589203477,3,126.66666666666667,59.67,81.89,0,0,1.0,1.0,0.4301604469338549,EASY
R1706,5.936823176029623,5.936823176029623,1,380.0,1.9,59.67,0,0,0.6666666666666666,1.0,0.2931210915720794,EASY
R1707,20.05623430491554,320.89974887864867,4,95.0,320.0,59.67,1,1,0.0,1.0,0.4386510657721507,FRAGILE
R1708,2.3878056399754297,9.551222559901719,2,190.0,6.84,69.63,0,0,0.6666666666666666,1.0,0.1451511302593374,EASY
R1709,4.617785348242059,115.44463370605146,5,76.0,16.43,26.73,0,0,1.0,1.0,0.3735859742272739,EASY
R1710,5.588967416745384,50.30070675070846,3,126.66666666666667,46.78,31.19,0,0,1.0,1.0,0.364837227476288,EASY
R1711,2.1028983939304076,18.926085545373667,3,126.66666666666667,2.83,81.89,0,1,0.3333333333333333,1.0,0.1536782634280362,EASY
R1712,6.935373686765783,62.41836318089205,3,126.66666666666667,10.18,31.43,0,0,1.0,1.0,0.2527682607213106,EASY
R1713,17.695364540657714,637.0331234636777,6,63.333333333333336,320.0,12.98,1,1,0.0,1.0,0.1161805132690814,FRAGILE
R1714,11.30347421956704,282.586855489176,5,76.0,46.78,46.78,0,0,1.0,1.0,0.285929377129856,FRAGILE
R1715,25.566546778741852,920.3956840347066,6,63.333333333333336,320.0,36.97,1,1,0.0,1.0,0.282825644425026,FRAGILE
R1716,1.8459751033724348,29.535601653958956,4,95.0,295.07,88.81,1,0,1.0,1.0,0.3602028967901357,EASY
R1717,1.3441543095040231,33.60385773760058,5,76.0,46.78,88.81,0,1,0.3333333333333333,1.0,0.3329345715534008,EASY
R1718,1.056839524660569,26.420988116514227,5,76.0,4.6,50.74,0,0,1.0,1.0,0.3672883845895113,EASY
R1719,2.8226070442238775,25.4034633980149,3,126.66666666666667,5.36,36.68,0,1,0.3333333333333333,1.0,0.2872631307315993,EASY
R1720,0.9495054040053835,15.192086464086136,4,95.0,3.6,50.74,0,0,1.0,1.0,0.4399966782430543,EASY
R1721,4.035650744731943,16.142602978927773,2,190.0,24.65,24.65,0,0,0.6666666666666666,1.0,0.0620248462016657,EASY
R1722,2.240422518112384,20.163802663011452,3,126.66666666666667,69.63,81.89,0,0,1.0,1.0,0.1411389520917289,EASY
R1723,1.2485622558363643,19.97699609338183,4,95.0,4.6,46.78,0,0,1.0,1.0,0.4273100013350886,EASY
R1724,1.2097581351858895,30.243953379647238,5,76.0,22.73,59.67,0,0,1.0,1.0,0.1736605476226418,EASY
R1725,3.5827169058239403,32.24445215241546,3,126.66666666666667,59.21,2.4,0,0,1.0,1.0,0.1789262464646008,EASY
R1726,6.678300237345055,106.85280379752088,4,95.0,31.19,155.45,0,0,1.0,1.0,0.2692335580696949,EASY
R1727,2.5274220953512083,10.109688381404833,2,190.0,26.73,69.63,0,0,1.0,1.0,0.1638387632088295,EASY
R1728,1.2257308913352207,1.2257308913352207,1,380.0,88.81,96.31,0,0,1.0,1.0,0.4028198272149664,EASY
R1729,3.154443175993244,78.8610793998311,5,76.0,113.27,59.67,1,0,1.0,1.0,0.2070790181235145,EASY
R1730,1.7085930043102495,27.337488068963992,4,95.0,5.36,11.97,0,0,1.0,1.0,0.0700977401407512,EASY
R1731,3.237610464884256,51.8017674381481,4,95.0,46.78,81.89,0,0,1.0,1.0,0.3517967696869932,EASY
R1732,9.602693422582178,9.602693422582178,1,380.0,320.0,272.09,0,0,1.0,1.0,0.176428941021629,EASY
R1733,1.5581629921938005,6.232651968775202,2,190.0,26.73,96.31,0,0,0.6666666666666666,1.0,0.4436889748149855,EASY
R1734,4.612761465121993,166.05941274439175,6,63.333333333333336,231.35,88.81,1,0,0.6666666666666666,1.0,0.3560956747431249,EASY
R1735,5.523571665469372,138.0892916367343,5,76.0,36.97,81.89,0,0,1.0,1.0,0.0843745545706007,EASY
R1736,5.715366618974187,142.8841654743547,5,76.0,46.78,70.18,0,0,1.0,1.0,0.2355139998690752,EASY
R1737,2.7990782261085374,25.191704034976837,3,126.66666666666667,4.6,31.43,0,0,0.6666666666666666,1.0,0.0788505690027853,EASY
R1738,2.980558715342897,11.922234861371589,2,190.0,4.6,59.67,0,0,0.6666666666666666,1.0,0.3823406948683971,EASY
R1739,0.7343967056259955,2.937586822503982,2,190.0,14.08,59.67,0,0,1.0,1.0,0.2442232575037684,EASY
R1740,0.9964669222090132,15.943470755344212,4,95.0,4.56,43.14,0,0,1.0,1.0,0.4140469112361282,EASY
R1741,2.5254228452077103,90.91522242747757,6,63.333333333333336,3.32,96.31,0,0,1.0,1.0,0.0515422500018331,EASY
R1742,3.085279800178146,27.767518201603313,3,126.66666666666667,81.89,26.73,0,0,0.6666666666666666,1.0,0.3188203557191808,EASY
R1743,3.9160866689800637,140.97912008328228,6,63.333333333333336,295.07,36.68,1,0,0.6666666666666666,1.0,0.3934273022752101,EASY
R1744,0.6363753906314661,5.727378515683195,3,126.66666666666667,5.36,59.67,0,0,1.0,1.0,0.1814159997045605,EASY
R1745,0.8764062783159767,14.022500453055628,4,95.0,50.74,88.81,0,0,1.0,1.0,0.0632517728209129,EASY
R1746,34.1421472386907,307.2793251482163,3,126.66666666666667,8.72,168.58,0,0,0.6666666666666666,1.0,0.1071897830647106,EASY
R1747,1.9179202381300906,7.671680952520362,2,190.0,50.74,81.89,0,0,1.0,1.0,0.0983991914694802,EASY
R1748,9.362386661205417,234.05966653013542,5,76.0,36.68,81.89,0,1,0.0,1.0,0.1599247049884011,EASY
R1749,3.3144645915741937,13.257858366296775,2,190.0,3.6,59.67,0,1,0.0,1.0,0.0528649421612515,EASY
R1750,1.893549698203865,17.041947283834787,3,126.66666666666667,1.0,4.6,0,1,0.3333333333333333,1.0,0.2450999611999919,EASY
R1751,1.5799029011790076,14.219126110611068,3,126.66666666666667,46.78,81.89,0,1,0.3333333333333333,1.0,0.2541133541726929,EASY
R1752,2.322615867713838,37.16185388342141,4,95.0,3.6,69.63,0,0,1.0,1.0,0.4360897646936809,EASY
R1753,0.7149801644659666,17.874504111649163,5,76.0,43.14,50.74,0,0,1.0,1.0,0.3684328637544311,EASY
R1754,7.962456016639596,286.64841659902544,6,63.333333333333336,36.68,36.68,0,0,0.6666666666666666,1.0,0.3551216147597795,EASY
R1755,2.1758382202595645,19.58254398233608,3,126.66666666666667,6.84,81.89,0,0,1.0,1.0,0.1967732379393926,EASY
R1756,0.7074902450335676,25.469648821208434,6,63.333333333333336,1.0,31.19,0,0,1.0,1.0,0.070905289971773,EASY
R1757,2.2689842589622553,9.075937035849021,2,190.0,4.6,69.63,0,0,1.0,1.0,0.0700173128629006,EASY
R1758,3.0262410061845273,12.10496402473811,2,190.0,46.78,88.81,0,0,0.6666666666666666,1.0,0.4044682678113737,EASY
R1759,1.0089051797491684,9.080146617742516,3,126.66666666666667,215.01,43.14,1,0,1.0,1.0,0.4005882454121612,EASY
R1760,1.9809844832694503,1.9809844832694503,1,380.0,69.63,113.27,0,0,1.0,1.0,0.4455446888810561,EASY
R1761,4.686787274270719,117.16968185676797,5,76.0,6.31,81.89,0,0,0.6666666666666666,1.0,0.1782199574491487,EASY
R1762,3.326015191242902,83.15037978107254,5,76.0,59.67,26.73,0,0,1.0,1.0,0.3386649039996083,EASY
R1763,3.097712016779192,3.097712016779192,1,380.0,168.58,59.67,0,0,1.0,1.0,0.4020734379521175,EASY
R1764,1.9066827433490232,47.66706858372558,5,76.0,3.6,36.68,0,0,1.0,1.0,0.3159268015408936,EASY
R1765,2.213362983217644,19.920266848958793,3,126.66666666666667,46.78,88.81,0,0,0.6666666666666666,1.0,0.2078487134818242,EASY
R1766,1.555323077858569,24.885169245737103,4,95.0,1.0,81.89,0,1,0.3333333333333333,1.0,0.0883380965424195,EASY
R1767,0.5539036968373833,8.862459149398132,4,95.0,213.33,8.66,1,0,1.0,1.0,0.0615313194964322,EASY
R1768,1.879047291195288,46.9761822798822,5,76.0,12.98,43.14,0,0,1.0,1.0,0.382647449522873,EASY
R1769,18.424341743967883,294.7894679034861,4,95.0,295.07,59.21,1,1,0.3333333333333333,1.0,0.3488923003742769,EASY
R1770,10.012310151740895,250.30775379352238,5,76.0,320.0,24.65,1,1,0.0,1.0,0.1930568529758194,EASY
R1771,7.5513832629300675,67.9624493663706,3,126.66666666666667,24.65,31.19,0,0,1.0,1.0,0.3466912984555949,EASY
R1772,0.45230639918727383,1.8092255967490953,2,190.0,1.0,96.31,0,0,1.0,1.0,0.3628271188351913,EASY
R1773,2.2218265444125453,19.996438899712906,3,126.66666666666667,43.14,31.43,0,0,1.0,1.0,0.2651288563173892,EASY
R1774,2.477848452801374,39.645575244821984,4,95.0,31.43,81.89,0,0,1.0,1.0,0.0984318670946267,EASY
R1775,2.7886601755630296,25.097941580067268,3,126.66666666666667,43.14,6.31,0,0,1.0,1.0,0.2773464329701828,EASY
R1776,11.389235054462794,182.2277608714047,4,95.0,4.6,36.68,0,0,0.6666666666666666,1.0,0.4083298803012131,EASY
R1777,2.911996653112591,11.647986612450364,2,190.0,46.78,69.63,0,0,1.0,1.0,0.1071405818449211,EASY
R1778,7.710015503986922,7.710015503986922,1,380.0,3.6,320.0,0,1,0.3333333333333333,1.0,0.4058057758232274,EASY
R1779,3.3717345703402284,84.2933642585057,5,76.0,295.07,69.63,1,0,1.0,1.0,0.0594912233127566,EASY
R1780,1.6275821227216767,58.59295641798036,6,63.333333333333336,3.6,113.27,0,0,1.0,1.0,0.1476481352446049,EASY
R1781,1.1683027081935806,1.1683027081935806,1,380.0,1.0,22.73,0,1,0.0,1.0,0.0824591387091774,EASY
R1782,2.1964262572127833,54.910656430319584,5,76.0,213.33,81.89,1,0,1.0,1.0,0.3375860110377328,EASY
R1783,18.586951692991715,18.586951692991715,1,380.0,320.0,113.27,0,0,1.0,1.0,0.2771980603707366,EASY
R1784,11.437850732928927,183.00561172686284,4,95.0,46.78,113.27,0,0,0.6666666666666666,1.0,0.153139900638574,EASY
R1785,2.2625025183283523,9.050010073313409,2,190.0,3.6,69.63,0,1,0.3333333333333333,1.0,0.1502635484404376,EASY
R1786,1.2973594910684263,32.43398727671066,5,76.0,59.21,43.14,0,0,0.6666666666666666,1.0,0.3218904968789667,EASY
R1787,3.7020608016227117,33.31854721460441,3,126.66666666666667,1.0,24.65,0,0,0.6666666666666666,1.0,0.1024109154857897,EASY
R1788,1.9984850228477171,71.94546082251782,6,63.333333333333336,22.73,96.31,0,0,1.0,1.0,0.3590320603765299,EASY
R1789,1.2225352761756574,11.002817485580916,3,126.66666666666667,272.09,46.78,1,0,0.6666666666666666,1.0,0.1777604240045035,EASY
R1790,2.8480900093099395,102.53124033515782,6,63.333333333333336,2.42,31.19,0,0,0.6666666666666666,1.0,0.2259471728718111,EASY
R1791,7.049503819904782,7.049503819904782,1,380.0,36.97,320.0,0,1,0.3333333333333333,1.0,0.4065209621194177,EASY
R1792,1.3510607333507172,1.3510607333507172,1,380.0,12.98,96.31,0,0,1.0,1.0,0.1221762073837665,EASY
R1793,0.9134368733863693,0.9134368733863693,1,380.0,182.82,6.84,0,0,1.0,1.0,0.1094654651628251,EASY
R1794,9.025362836724629,36.101451346898514,2,190.0,320.0,215.01,1,0,1.0,1.0,0.1335539025099862,EASY
R1795,1.7695193517398649,44.237983793496625,5,76.0,88.81,5.36,1,0,0.6666666666666666,1.0,0.1572609953750661,EASY
R1796,5.625164608691254,140.62911521728134,5,76.0,50.74,69.63,0,0,1.0,1.0,0.17129207822242,EASY
R1797,2.3491070821904905,37.58571331504785,4,95.0,88.81,31.43,0,0,0.6666666666666666,1.0,0.2682840935725293,EASY
R1798,8.310592970270458,207.76482425676144,5,76.0,46.78,81.89,0,0,1.0,1.0,0.1080552172101507,EASY
R1799,1.5091037512736751,6.0364150050947005,2,190.0,26.73,96.31,0,0,1.0,1.0,0.3798365683950211,EASY
R1800,0.48268861955907516,17.376790304126708,6,63.333333333333336,4.6,6.84,0,0,1.0,1.0,0.09523553792941,EASY
R1801,1.5781978777016559,14.203780899314904,3,126.66666666666667,19.32,96.31,0,0,1.0,1.0,0.3589634059837681,EASY
R1802,25.23638378453509,25.23638378453509,1,380.0,31.19,250.9,0,0,1.0,1.0,0.2960793505360677,EASY
R1803,0.8694961199400364,7.8254650794603275,3,126.66666666666667,88.81,46.78,0,0,1.0,1.0,0.3521687257578947,EASY
R1804,3.3775997229132013,30.398397506218814,3,126.66666666666667,295.07,24.65,1,0,1.0,1.0,0.1122187089082062,EASY
R1805,2.181514641582238,54.53786603955595,5,76.0,2.4,113.27,0,0,1.0,1.0,0.3920984025417384,EASY
R1806,4.839149308525919,120.97873271314799,5,76.0,88.81,59.67,1,0,1.0,1.0,0.2081507214182897,EASY
R1807,11.704088156664055,11.704088156664055,1,380.0,31.19,250.9,0,0,1.0,1.0,0.1752568814329051,EASY
R1808,34.37801388966685,309.4021250070017,3,126.66666666666667,295.07,112.39,1,1,0.0,1.0,0.3885333301710972,EASY
R1809,8.260162814969423,33.04065125987769,2,190.0,2.83,295.07,0,0,1.0,1.0,0.1016821587815291,EASY
R1810,3.9339637642860183,15.735855057144073,2,190.0,295.07,31.43,1,0,1.0,1.0,0.0666702588228165,EASY
R1811,30.17531407236252,482.80502515780034,4,95.0,4.56,46.78,0,0,0.6666666666666666,1.0,0.1047707652138632,EASY
R1812,5.364256568120061,85.82810508992098,4,95.0,46.78,182.82,0,0,1.0,1.0,0.2695159664093863,EASY
R1813,3.8673346919592877,34.80601222763359,3,126.66666666666667,2.42,26.73,0,1,0.3333333333333333,1.0,0.4016930994473587,EASY
R1814,2.891595113834355,72.28987784585887,5,76.0,43.14,81.89,0,0,1.0,1.0,0.065359872587202,EASY
R1815,1.1451018833628641,28.6275470840716,5,76.0,88.81,46.78,1,0,1.0,1.0,0.2029521190879829,EASY
R1816,1.7346349023004362,43.365872557510905,5,76.0,12.98,81.89,0,0,1.0,1.0,0.0781720124753499,EASY
R1817,7.7418973017715444,278.7083028637756,6,63.333333333333336,14.08,88.81,0,0,1.0,1.0,0.3556437843599982,EASY
R1818,2.4541509465776685,61.35377366444171,5,76.0,2.42,69.63,0,1,0.3333333333333333,1.0,0.0866932890347032,EASY
R1819,7.998328788827323,7.998328788827323,1,380.0,70.18,320.0,0,0,1.0,1.0,0.3177920902420669,EASY
R1820,1.6784141633139704,6.713656653255882,2,190.0,113.27,81.89,0,0,0.6666666666666666,1.0,0.216135570323949,EASY
R1821,6.360077350219457,57.240696151975115,3,126.66666666666667,2.42,50.74,0,0,1.0,1.0,0.0551348992371048,EASY
R1822,13.278325225982044,53.11330090392818,2,190.0,24.65,252.87,0,0,0.6666666666666666,1.0,0.1525497971454037,EASY
R1823,3.578825524182927,14.315302096731708,2,190.0,295.07,69.63,1,0,1.0,1.0,0.3446941137866104,EASY
R1824,0.8098788335227644,7.288909501704879,3,126.66666666666667,3.6,46.78,0,0,1.0,1.0,0.1999197649782231,EASY
R1825,3.161501892880862,28.45351703592776,3,126.66666666666667,1.0,26.73,0,0,1.0,1.0,0.1908096134349811,EASY
R1826,1.8154449476419716,7.2617797905678865,2,190.0,132.17,113.27,0,0,1.0,1.0,0.175360842695557,EASY
R1827,9.533543979340987,38.13417591736395,2,190.0,6.84,26.73,0,1,0.0,1.0,0.3837218717723224,EASY
R1828,2.957579769412361,47.321276310597774,4,95.0,2.4,59.67,0,0,0.6666666666666666,1.0,0.1128707076360625,EASY
R1829,1.4467166292868625,36.167915732171565,5,76.0,2.83,36.68,0,0,0.6666666666666666,1.0,0.2383135861168835,EASY
R1830,3.309426120208828,119.1393403275178,6,63.333333333333336,36.68,59.67,0,0,0.6666666666666666,1.0,0.1012218765152986,EASY
R1831,4.601724330436461,73.62758928698338,4,95.0,70.18,70.18,0,0,1.0,1.0,0.0641336345939319,EASY
R1832,2.574683505508661,23.172151549577947,3,126.66666666666667,88.81,26.73,0,0,1.0,1.0,0.243735565258522,EASY
R1833,3.4433650242911176,86.08412560727794,5,76.0,88.81,69.63,1,0,1.0,1.0,0.2539353385141793,EASY
R1834,2.099904026360668,33.598464421770686,4,95.0,155.45,88.81,1,0,1.0,1.0,0.3206191503570991,EASY
R1835,1.5751820652789348,25.202913044462957,4,95.0,88.81,88.81,0,0,0.6666666666666666,1.0,0.1965337360696725,EASY
R1836,1.5704656704624742,56.53676413664907,6,63.333333333333336,26.73,43.14,0,0,0.6666666666666666,1.0,0.2894148280593612,EASY
R1837,2.593562498570226,10.374249994280904,2,190.0,2.42,69.63,0,1,0.3333333333333333,1.0,0.2805611223498567,EASY
R1838,4.104291954851307,102.60729887128268,5,76.0,70.18,59.67,0,0,1.0,1.0,0.2726567590341436,EASY
R1839,3.9432086931172194,63.09133908987551,4,95.0,4.6,81.89,0,1,0.3333333333333333,1.0,0.2061258628462096,EASY
R1840,1.7450026251412456,6.980010500564982,2,190.0,2.83,96.31,0,0,0.6666666666666666,1.0,0.1796045046639644,EASY
R1841,3.4018900912271723,30.617010821044552,3,126.66666666666667,295.07,22.73,1,0,1.0,1.0,0.4397130428558031,EASY
R1842,6.627556090595268,165.6889022648817,5,76.0,132.17,59.67,1,0,1.0,1.0,0.3402511634630508,EASY
R1843,2.996068828697461,74.90172071743653,5,76.0,5.36,81.89,0,0,1.0,1.0,0.354518876895582,EASY
R1844,1.941986209505453,1.941986209505453,1,380.0,182.82,81.89,0,0,0.6666666666666666,1.0,0.1925012819980556,EASY
R1845,1.1485324266986099,18.376518827177758,4,95.0,168.58,43.14,1,0,1.0,1.0,0.1288564146907934,EASY
R1846,1.308528997034832,20.93646395255731,4,95.0,6.31,6.84,0,0,1.0,1.0,0.0894696866901369,EASY
R1847,9.238197004450402,147.81115207120644,4,95.0,7.42,36.68,0,0,0.6666666666666666,1.0,0.1998035266999289,EASY
R1848,2.3540663026176314,9.416265210470526,2,190.0,1.0,88.81,0,0,0.6666666666666666,1.0,0.1974394296676392,EASY
R1849,4.2879054311517315,38.59114888036558,3,126.66666666666667,320.0,19.32,1,0,1.0,1.0,0.0921374232268365,EASY
R1850,2.2038397349676266,19.83455761470864,3,126.66666666666667,12.98,69.63,0,0,1.0,1.0,0.2312699861495415,EASY
R1851,3.6854890346200437,33.169401311580394,3,126.66666666666667,69.63,31.43,0,0,1.0,1.0,0.1245604982203979,EASY
R1852,2.7962957947945157,44.74073271671225,4,95.0,168.58,69.63,1,0,1.0,1.0,0.2619519800188958,EASY
R1853,11.347255098815756,11.347255098815756,1,380.0,320.0,295.07,0,0,1.0,1.0,0.3776785036353111,EASY
R1854,1.7864576823693952,28.583322917910323,4,95.0,50.74,81.89,0,0,1.0,1.0,0.062993900783351,EASY
R1855,2.3988784228869786,38.38205476619166,4,95.0,4.6,81.89,0,0,1.0,1.0,0.3180134267587745,EASY
R1856,5.08234719608415,45.74112476475735,3,126.66666666666667,182.82,24.65,1,0,1.0,1.0,0.0611411027253553,EASY
R1857,6.1254387231437715,55.128948508293945,3,126.66666666666667,31.19,70.18,0,0,1.0,1.0,0.2651923604219408,EASY
R1858,0.6711480521042904,16.77870130260726,5,76.0,24.65,295.07,0,0,1.0,1.0,0.4415228696493158,EASY
R1859,2.120439763013625,53.01099407534062,5,76.0,2.4,133.21,0,0,1.0,1.0,0.274106772235556,EASY
R1860,9.914015984097484,89.22614385687736,3,126.66666666666667,320.0,133.21,1,0,1.0,1.0,0.2624549966219104,EASY
R1861,3.311219635441049,13.244878541764196,2,190.0,43.14,24.65,0,0,1.0,1.0,0.3322303510355605,EASY
R1862,2.1737065263603537,34.77930442176566,4,95.0,81.89,31.43,0,0,0.6666666666666666,1.0,0.1416104028087295,EASY
R1863,2.626351666973369,42.021626671573905,4,95.0,3.6,31.43,0,0,0.6666666666666666,1.0,0.3050745379366651,EASY
R1864,2.756440635680798,24.80796572112718,3,126.66666666666667,3.6,31.43,0,0,0.6666666666666666,1.0,0.1699602432437139,EASY
R1865,14.565925277394866,14.565925277394866,1,380.0,26.73,59.67,0,0,1.0,1.0,0.0934906846640094,EASY
R1866,9.57338237853333,239.33455946333325,5,76.0,43.14,10.26,0,1,0.3333333333333333,1.0,0.2589310149428869,EASY
R1867,3.497099674003808,31.47389706603427,3,126.66666666666667,3.32,24.65,0,1,0.3333333333333333,1.0,0.1879885632237936,EASY
R1868,1.002721924362443,25.068048109061074,5,76.0,182.82,88.81,1,0,1.0,1.0,0.1948397722834445,EASY
R1869,1.5419102575461134,6.167641030184454,2,190.0,46.78,88.81,0,0,1.0,1.0,0.09453846893393,EASY
R1870,2.277357643896442,2.277357643896442,1,380.0,88.81,81.89,0,0,0.6666666666666666,1.0,0.4129731806673511,EASY
R1871,1.5344295268460906,6.137718107384362,2,190.0,1.0,14.08,0,0,1.0,1.0,0.1392174512739753,EASY
R1872,1.2955781078985535,5.182312431594214,2,190.0,272.09,88.81,1,0,1.0,1.0,0.4033737194435325,EASY
R1873,5.87656746104484,23.50626984417936,2,190.0,11.97,155.45,0,0,0.6666666666666666,1.0,0.4475416000468401,EASY
R1874,6.351864223562071,101.62982757699314,4,95.0,31.43,50.74,0,0,0.6666666666666666,1.0,0.3314057569078495,EASY
R1875,1.1435920558091963,28.58980139522991,5,76.0,320.0,43.14,1,0,0.6666666666666666,1.0,0.3462148553999161,EASY
R1876,1.0059334707678782,9.053401236910904,3,126.66666666666667,6.31,46.78,0,0,1.0,1.0,0.3237581331445846,EASY
R1877,2.679105518248398,66.97763795620995,5,76.0,168.58,88.81,1,0,1.0,1.0,0.4228950110234116,EASY
R1878,2.1765740108758767,34.825184174014026,4,95.0,46.78,81.89,0,0,1.0,1.0,0.1854765216609655,EASY
R1879,7.5396408949650695,67.85676805468563,3,126.66666666666667,43.14,155.45,0,0,1.0,1.0,0.4239116919429468,EASY
R1880,2.6277123897996293,42.04339823679407,4,95.0,1.0,81.89,0,0,1.0,1.0,0.294641290335292,EASY
R1881,0.5370480901363407,8.592769442181451,4,95.0,3.32,70.18,0,0,1.0,1.0,0.4119502048647318,EASY
R1882,2.5299853770738263,22.76986839366444,3,126.66666666666667,81.89,43.14,0,0,1.0,1.0,0.3654252185133659,EASY
R1883,10.644341247259929,266.1085311814982,5,76.0,24.65,81.89,0,0,1.0,1.0,0.3060165398269069,EASY
R1884,30.541701454070488,122.16680581628195,2,190.0,320.0,168.58,1,0,1.0,1.0,0.2279190169640487,EASY
R1885,5.578046603449512,89.2487456551922,4,95.0,320.0,88.81,1,0,1.0,1.0,0.2828771038963765,EASY
R1886,11.332612292917267,101.9935106362554,3,126.66666666666667,320.0,155.45,1,0,0.6666666666666666,1.0,0.2036248359900179,EASY
R1887,5.56286967563287,22.25147870253148,2,190.0,320.0,59.67,1,0,1.0,1.0,0.1596952856161299,EASY
R1888,2.6948690851508883,10.779476340603553,2,190.0,36.97,81.89,0,0,0.6666666666666666,1.0,0.3672256733715852,EASY
R1889,3.95353638724952,98.838409681238,5,76.0,320.0,69.63,1,0,1.0,1.0,0.2790216270115387,EASY
R1890,1.8944303152095858,68.19949134754509,6,63.333333333333336,155.45,70.18,1,0,1.0,1.0,0.1515766626339211,EASY
R1891,4.983476476286857,19.933905905147427,2,190.0,2.4,69.63,0,1,0.3333333333333333,1.0,0.2461787588250974,EASY
R1892,4.322297415360259,17.289189661441036,2,190.0,2.42,168.58,0,0,0.6666666666666666,1.0,0.2137016480726558,EASY
R1893,4.018045248609312,16.072180994437247,2,190.0,43.14,81.89,0,0,0.6666666666666666,1.0,0.3973806755804345,EASY
R1894,5.868785595374098,146.71963988435246,5,76.0,46.78,88.81,0,0,1.0,1.0,0.3351105681112194,EASY
R1895,1.070433081105927,4.281732324423708,2,190.0,3.6,43.14,0,0,0.6666666666666666,1.0,0.0725557320554883,EASY
R1896,2.5429150933523497,91.54494336068458,6,63.333333333333336,5.36,81.89,0,0,1.0,1.0,0.0998028131197104,EASY
R1897,1.944437227591237,31.11099564145979,4,95.0,1.27,81.89,0,0,1.0,1.0,0.3065541366211568,EASY
R1898,17.85458220132473,446.3645550331183,5,76.0,24.65,24.65,0,0,0.6666666666666666,1.0,0.1198732173924175,INFEASIBLE
R1899,2.567002801285421,41.07204482056674,4,95.0,2.4,81.89,0,1,0.3333333333333333,1.0,0.4383589730727092,EASY
R1900,3.5063393220889516,31.557053898800564,3,126.66666666666667,3.6,24.65,0,1,0.0,1.0,0.4204097901642649,EASY
R1901,2.0028584217757572,8.011433687103029,2,190.0,3.6,81.89,0,1,0.3333333333333333,1.0,0.3224330911893822,EASY
R1902,1.6343975955648276,40.85993988912069,5,76.0,70.18,46.78,0,0,0.6666666666666666,1.0,0.4191512308876791,EASY
R1903,0.5929857118586012,2.3719428474344046,2,190.0,31.43,59.67,0,0,1.0,1.0,0.3358336759822092,EASY
R1904,3.7953470044389537,34.15812303995058,3,126.66666666666667,2.4,22.73,0,0,0.6666666666666666,1.0,0.3718624261275644,EASY
R1905,2.4877359539629293,39.80377526340687,4,95.0,6.31,70.18,0,0,1.0,1.0,0.2237181669281037,EASY
R1906,2.913903654273253,11.655614617093011,2,190.0,70.18,31.43,0,0,1.0,1.0,0.2789339726973015,EASY
R1907,5.634019517499842,90.14431227999748,4,95.0,12.98,155.45,0,0,0.6666666666666666,1.0,0.1492145376245754,EASY
R1908,8.644840708561734,34.579362834246936,2,190.0,168.58,215.01,0,0,1.0,1.0,0.1707592022694345,EASY
R1909,5.511481609660662,88.1837057545706,4,95.0,59.67,70.18,0,0,1.0,1.0,0.3138831848327846,EASY
R1910,5.854117174206821,23.416468696827284,2,190.0,36.68,59.67,0,0,1.0,1.0,0.0914103262890575,EASY
R1911,5.836776751058992,5.836776751058992,1,380.0,46.78,69.63,0,0,1.0,1.0,0.3620005672084868,EASY
R1912,2.0204247582946793,18.183822824652115,3,126.66666666666667,11.97,81.89,0,0,1.0,1.0,0.3356512392060802,EASY
R1913,2.2615642201806363,9.046256880722545,2,190.0,3.6,81.89,0,0,0.6666666666666666,1.0,0.107925943219237,EASY
R1914,0.9512777726076668,15.220444361722668,4,95.0,8.72,11.97,0,0,1.0,1.0,0.3265839274943055,EASY
R1915,1.7038810911443198,15.334929820298878,3,126.66666666666667,70.18,31.43,0,0,1.0,1.0,0.3804903396919188,EASY
R1916,2.4576836310448478,22.11915267940363,3,126.66666666666667,50.74,26.73,0,0,1.0,1.0,0.3712652850005322,EASY
R1917,1.5494125454159673,55.77885163497482,6,63.333333333333336,50.74,36.68,0,0,0.6666666666666666,1.0,0.0584071996354108,EASY
R1918,0.9535053563941254,15.256085702306006,4,95.0,4.6,69.63,0,0,1.0,1.0,0.3114811842925804,EASY
R1919,2.903337773401778,2.903337773401778,1,380.0,88.81,59.67,0,0,0.6666666666666666,1.0,0.1134630875743932,EASY
R1920,0.8777169669933573,7.899452702940216,3,126.66666666666667,96.31,69.63,0,0,1.0,1.0,0.3854723365494829,EASY
R1921,4.044022822997601,16.176091291990403,2,190.0,168.58,24.65,0,0,1.0,1.0,0.214804175892078,EASY
R1922,7.601867022200674,30.407468088802695,2,190.0,12.98,132.17,0,0,1.0,1.0,0.3532325129047307,EASY
R1923,5.463699759858185,21.85479903943274,2,190.0,43.14,59.67,0,0,1.0,1.0,0.1037442681593394,EASY
R1924,2.2808577442508438,57.02144360627109,5,76.0,50.74,12.98,0,0,1.0,1.0,0.1758401389693167,EASY
R1925,2.622460460683324,23.602144146149918,3,126.66666666666667,3.32,3.6,0,1,0.3333333333333333,1.0,0.1586314544804885,EASY
R1926,3.0034649225479266,75.08662306369817,5,76.0,88.81,88.81,1,0,1.0,1.0,0.3516610567950788,EASY
R1927,4.198809970363789,16.795239881455156,2,190.0,113.27,81.89,0,0,1.0,1.0,0.4455901174300047,EASY
R1928,2.597394217367584,10.389576869470336,2,190.0,81.89,81.89,0,0,1.0,1.0,0.4081369677277349,EASY
R1929,3.041456708327814,27.373110374950326,3,126.66666666666667,6.31,24.65,0,0,0.6666666666666666,1.0,0.2005148583784234,EASY
R1930,2.0837894456233963,8.335157782493585,2,190.0,69.63,96.31,0,0,1.0,1.0,0.1189150011743029,EASY
R1931,1.2220737340977945,43.9946544275206,6,63.333333333333336,10.18,10.26,0,0,1.0,1.0,0.2587299198830461,EASY
R1932,11.508103068285223,414.291710458268,6,63.333333333333336,26.73,88.81,0,1,0.3333333333333333,0.6666666666666666,0.3745725312666508,EASY
R1933,4.868403869464954,77.89446191143927,4,95.0,88.81,69.63,0,0,1.0,1.0,0.3005231320222205,EASY
R1934,1.8775223843445652,16.897701459101086,3,126.66666666666667,46.78,4.56,0,0,1.0,1.0,0.3108624078237257,EASY
R1935,0.8160470709979224,7.344423638981302,3,126.66666666666667,1.0,155.45,0,0,1.0,1.0,0.2474804324624511,EASY
R1936,14.133734915164146,353.34337287910364,5,76.0,1.0,31.43,0,1,0.3333333333333333,1.0,0.2802445618451441,EASY
R1937,2.8673885176102347,11.469554070440939,2,190.0,88.81,69.63,0,0,1.0,1.0,0.089079999535686,EASY
R1938,23.50395810837421,211.5356229753679,3,126.66666666666667,7.42,43.14,0,0,1.0,1.0,0.2221312821901194,EASY
R1939,1.0807753362848183,17.292405380557092,4,95.0,22.73,96.31,0,0,1.0,1.0,0.3287287971331191,EASY
R1940,0.8721209529617223,21.80302382404306,5,76.0,3.6,50.74,0,0,1.0,1.0,0.3304387092065389,EASY
R1941,1.4604043330070673,23.366469328113077,4,95.0,2.83,36.68,0,0,1.0,1.0,0.3933775879047573,EASY
R1942,2.792912238500002,100.54484058600006,6,63.333333333333336,43.14,59.67,0,0,0.6666666666666666,1.0,0.3447739002846354,EASY
R1943,2.531287617977171,10.125150471908684,2,190.0,88.81,12.98,0,0,1.0,1.0,0.1488627934925713,EASY
R1944,4.430550843123295,110.76377107808237,5,76.0,320.0,81.89,1,0,1.0,1.0,0.3690213847935449,EASY
R1945,1.0368339984719346,4.147335993887738,2,190.0,6.84,88.81,0,0,1.0,1.0,0.0672500332239056,EASY
R1946,3.4505327598112743,3.4505327598112743,1,380.0,88.81,69.63,0,0,0.6666666666666666,1.0,0.0600700643481243,EASY
R1947,3.1647436126395707,113.93077005502454,6,63.333333333333336,70.18,81.89,1,0,1.0,1.0,0.1367672402317723,EASY
R1948,1.9218000689669625,69.18480248281065,6,63.333333333333336,3.6,3.6,0,0,1.0,1.0,0.1853422301426426,EASY
R1949,1.847306662473352,46.1826665618338,5,76.0,4.6,6.31,0,0,0.6666666666666666,1.0,0.2714901714885959,EASY
R1950,6.196097083660852,24.78438833464341,2,190.0,155.45,132.17,0,0,1.0,1.0,0.4038963336173454,EASY
R1951,10.311207779165304,164.97932446664487,4,95.0,4.6,133.21,0,0,1.0,1.0,0.3173766529997875,EASY
R1952,3.6179412386176346,90.44853096544087,5,76.0,46.78,16.56,0,0,1.0,1.0,0.2414555263329084,EASY
R1953,1.3937516401026235,12.543764760923612,3,126.66666666666667,320.0,88.81,1,0,0.6666666666666666,1.0,0.4040760235895421,EASY
R1954,2.5271616108071275,40.43458577291404,4,95.0,113.27,96.31,1,0,1.0,1.0,0.0695159956166407,EASY
R1955,6.167302765586128,24.669211062344512,2,190.0,12.98,168.58,0,0,0.6666666666666666,1.0,0.228237762889496,EASY
R1956,12.665236371047019,113.98712733942317,3,126.66666666666667,5.36,215.01,0,1,0.3333333333333333,1.0,0.0976222042326662,EASY
R1957,1.7487984990875223,15.7391864917877,3,126.66666666666667,26.73,6.84,0,0,1.0,1.0,0.1362628725804772,EASY
R1958,1.6988450699581408,42.471126748953516,5,76.0,3.6,88.81,0,0,0.6666666666666666,1.0,0.2156738983014403,EASY
R1959,2.3013410584889153,2.3013410584889153,1,380.0,3.6,96.31,0,0,1.0,1.0,0.2797244861613818,EASY
R1960,2.638985581084509,23.75087022976058,3,126.66666666666667,3.6,31.43,0,0,1.0,1.0,0.3981586646418888,EASY
R1961,0.5122935266080376,8.196696425728602,4,95.0,19.48,69.63,0,0,1.0,1.0,0.2777515606631434,EASY
R1962,7.97024017968038,199.2560044920095,5,76.0,1.0,22.73,0,1,0.3333333333333333,1.0,0.0603065906717385,EASY
R1963,2.2769300860970723,81.9694830994946,6,63.333333333333336,320.0,31.43,1,0,1.0,1.0,0.3693729143758394,EASY
R1964,1.228854072478853,19.66166515966165,4,95.0,320.0,8.66,1,1,0.3333333333333333,1.0,0.0931053083740191,EASY
R1965,2.261404912731257,56.53512281828142,5,76.0,215.01,113.27,1,0,1.0,1.0,0.2891605528687416,EASY
R1966,3.180794052298672,3.180794052298672,1,380.0,6.84,59.21,0,0,1.0,1.0,0.3061799976213407,EASY
R1967,1.6379884171350514,58.96758301686185,6,63.333333333333336,22.73,46.78,0,0,1.0,1.0,0.2982428168548403,EASY
R1968,2.969263597000871,74.23158992502178,5,76.0,133.21,31.43,1,0,1.0,1.0,0.3543284620301433,EASY
R1969,4.109310441984754,16.437241767939017,2,190.0,3.6,59.67,0,1,0.0,1.0,0.3980498500151593,EASY
R1970,2.139793195045047,34.23669112072075,4,95.0,81.89,6.31,0,1,0.3333333333333333,1.0,0.2858536378567798,EASY
R1971,7.0867316202709265,28.346926481083706,2,190.0,31.43,59.67,0,0,1.0,1.0,0.4438660108911249,EASY
R1972,1.3250903371092162,5.300361348436865,2,190.0,43.14,96.31,0,0,1.0,1.0,0.1059100896450986,EASY
R1973,9.80599428491963,156.89590855871407,4,95.0,320.0,182.82,1,0,1.0,1.0,0.0825230051430104,EASY
R1974,0.9396462072839316,15.034339316542905,4,95.0,6.31,50.74,0,0,1.0,1.0,0.3696504112183857,EASY
R1975,1.1602041608525904,1.1602041608525904,1,380.0,11.97,133.21,0,0,1.0,1.0,0.1605958856474732,EASY
R1976,3.3697420716966473,30.327678645269827,3,126.66666666666667,2.83,26.73,0,1,0.3333333333333333,1.0,0.3334874998014639,EASY
R1977,1.0874735067407142,27.186837668517853,5,76.0,12.98,96.31,0,0,1.0,1.0,0.2658792751281402,EASY
R1978,2.1538015365596506,19.384213829036856,3,126.66666666666667,2.42,88.81,0,1,0.3333333333333333,1.0,0.4429771111783658,EASY
R1979,7.396731002321133,118.34769603713812,4,95.0,50.74,96.31,0,0,1.0,1.0,0.074347903292774,EASY
R1980,1.9521009573698738,1.9521009573698738,1,380.0,70.18,69.63,0,0,1.0,1.0,0.2822880276289999,EASY
R1981,3.0553573325117367,12.221429330046947,2,190.0,43.14,69.63,0,0,1.0,1.0,0.1049075660679451,EASY
R1982,10.06365055932076,90.57285503388684,3,126.66666666666667,182.82,168.58,1,0,1.0,1.0,0.3238355965375429,EASY
R1983,2.9458862251550553,106.051904105582,6,63.333333333333336,46.78,59.67,0,0,0.6666666666666666,1.0,0.4367262150698971,EASY
R1984,1.6666014274033185,6.666405709613274,2,190.0,250.9,11.97,1,0,0.6666666666666666,1.0,0.0530178707535594,EASY
R1985,2.3120758921701965,57.801897304254915,5,76.0,2.4,81.89,0,1,0.0,1.0,0.294969743607395,EASY
R1986,5.186281777147233,82.98050843435573,4,95.0,70.18,88.81,0,0,1.0,1.0,0.1746657956539652,EASY
R1987,1.3359471454206238,33.398678635515594,5,76.0,3.6,43.14,0,0,1.0,1.0,0.4454772649596541,EASY
R1988,7.049891879058107,28.199567516232428,2,190.0,320.0,132.17,1,0,1.0,1.0,0.282062765131535,EASY
R1989,2.2999501084581544,20.69955097612339,3,126.66666666666667,1.0,4.56,0,1,0.3333333333333333,1.0,0.1688754473513563,EASY
R1990,2.037131055375282,50.92827638438205,5,76.0,4.6,96.31,0,0,1.0,1.0,0.1934257482828934,EASY
R1991,9.638462303064996,38.55384921225998,2,190.0,1.0,168.58,0,1,0.0,1.0,0.278599766559157,EASY
R1992,4.808751995809869,120.21879989524673,5,76.0,295.07,81.89,1,0,1.0,1.0,0.2980209678876918,EASY
R1993,1.068492516035721,9.61643264432149,3,126.66666666666667,22.73,96.31,0,0,1.0,1.0,0.0946360732991137,EASY
R1994,10.612893444777635,42.45157377911054,2,190.0,320.0,252.87,1,0,1.0,1.0,0.2246596412274528,EASY
R1995,5.86321563827217,5.86321563827217,1,380.0,88.81,250.9,0,0,1.0,1.0,0.2117043013800161,EASY
R1996,1.7226743041353088,43.06685760338272,5,76.0,10.18,50.74,0,0,1.0,1.0,0.448710897980708,EASY
R1997,6.138130872374779,55.24317785137301,3,126.66666666666667,5.36,36.68,0,0,1.0,1.0,0.4411644359836192,EASY
R1998,9.38598542143686,84.47386879293174,3,126.66666666666667,50.74,168.58,0,0,1.0,1.0,0.161307654170705,EASY
R1999,2.263490932556569,56.587273313914224,5,76.0,4.6,19.48,0,0,1.0,1.0,0.4097907986070783,EASY
R2000,4.035064233155628,36.31557809840066,3,126.66666666666667,31.43,168.58,0,0,1.0,1.0,0.2372491876839431,EASY
R2001,2.4524012628317187,39.2384202053075,4,95.0,6.84,88.81,0,0,1.0,1.0,0.4110121321524145,EASY
R2002,2.7424725362362925,98.72901130450653,6,63.333333333333336,3.6,36.68,0,0,0.6666666666666666,1.0,0.3001009363504116,EASY
R2003,2.271845248289416,20.446607234604745,3,126.66666666666667,2.42,6.84,0,0,0.6666666666666666,1.0,0.157163933952417,EASY
R2004,4.682037349447146,42.13833614502431,3,126.66666666666667,6.84,19.32,0,0,1.0,1.0,0.1177549158892011,EASY
R2005,6.391587232708985,102.26539572334376,4,95.0,50.74,50.74,0,0,0.6666666666666666,1.0,0.1800671277051707,EASY
R2006,11.95970973619915,430.54955050316937,6,63.333333333333336,320.0,168.58,1,0,1.0,1.0,0.1690408623272389,EASY
R2007,4.338692090428073,108.46730226070183,5,76.0,59.21,59.67,0,0,1.0,1.0,0.0923329003727522,EASY
R2008,10.515147787467583,42.06059114987033,2,190.0,2.85,252.87,0,0,0.6666666666666666,1.0,0.1628984680793453,EASY
R2009,1.63864901011582,1.63864901011582,1,380.0,168.58,113.27,0,0,1.0,1.0,0.2998933675042178,EASY
R2010,3.9468450305453286,15.787380122181315,2,190.0,320.0,59.67,1,0,1.0,1.0,0.1821250696392313,EASY
R2011,5.608431609229372,22.43372643691749,2,190.0,320.0,31.43,1,0,1.0,1.0,0.1212657459779127,EASY
R2012,3.0194982108794868,108.70193559166152,6,63.333333333333336,3.6,31.19,0,0,1.0,1.0,0.3515724346520259,EASY
R2013,1.6389688669573248,14.750719802615922,3,126.66666666666667,295.07,36.68,1,0,1.0,1.0,0.2281594503210386,EASY
R2014,1.6739167884356307,1.6739167884356307,1,380.0,11.97,81.89,0,0,1.0,1.0,0.3950341542364817,EASY
R2015,1.6918269585274535,27.069231336439255,4,95.0,11.97,6.84,0,0,1.0,1.0,0.2781961416528619,EASY
R2016,1.0888548161868385,27.221370404670964,5,76.0,43.14,46.78,0,0,1.0,1.0,0.2538216788341585,EASY
R2017,3.121211490454345,28.090903414089105,3,126.66666666666667,168.58,26.73,1,0,1.0,1.0,0.1803351235556323,EASY
R2018,5.135787868285258,128.39469670713143,5,76.0,81.89,59.67,1,0,0.6666666666666666,1.0,0.1034818139281688,EASY
R2019,2.442574725360567,87.93269011298042,6,63.333333333333336,3.6,31.19,0,0,0.6666666666666666,1.0,0.098674136807722,EASY
R2020,2.2981908151632853,82.73486934587827,6,63.333333333333336,182.82,70.18,1,0,1.0,1.0,0.1099719521112074,EASY
R2021,1.8154952369337318,29.04792379093971,4,95.0,231.35,88.81,1,0,1.0,1.0,0.411308349497137,EASY
R2022,1.130373323664382,18.085973178630113,4,95.0,88.81,43.14,0,0,1.0,1.0,0.4223268908530479,EASY
R2023,1.911962530569261,47.79906326423152,5,76.0,2.42,36.97,0,0,1.0,1.0,0.3353736337149372,EASY
R2024,4.455826151008713,40.10243535907842,3,126.66666666666667,46.78,19.48,0,0,1.0,1.0,0.2205248088471402,EASY
R2025,9.14983360299706,82.34850242697354,3,126.66666666666667,81.89,132.17,0,0,0.6666666666666666,1.0,0.3432444814549453,EASY
R2026,4.0402920412413605,36.36262837117224,3,126.66666666666667,133.21,24.65,1,0,1.0,1.0,0.3476231932279484,EASY
R2027,1.1705265173100778,29.263162932751946,5,76.0,88.81,10.26,1,0,1.0,1.0,0.0793993385724069,EASY
R2028,4.269442408101261,38.42498167291135,3,126.66666666666667,168.58,24.65,1,0,1.0,1.0,0.3033339892478787,EASY
R2029,1.0208523360293669,4.0834093441174675,2,190.0,113.27,50.74,0,0,1.0,1.0,0.2216029112009281,EASY
R2030,5.387216910767188,48.48495219690469,3,126.66666666666667,320.0,155.45,1,0,1.0,1.0,0.351065653761652,EASY
R2031,0.5841543948001541,5.257389553201387,3,126.66666666666667,8.72,70.18,0,0,1.0,1.0,0.3396104666872505,EASY
R2032,1.6618286909432411,1.6618286909432411,1,380.0,88.81,81.89,0,0,1.0,1.0,0.1204390889576889,EASY
R2033,3.901630570990045,35.11467513891041,3,126.66666666666667,215.01,24.65,1,0,1.0,1.0,0.0840224888633658,EASY
R2034,2.3914360715191014,9.565744286076406,2,190.0,96.31,69.63,0,0,0.6666666666666666,1.0,0.2970525125578704,EASY
R2035,0.9233773289174846,33.241583841029446,6,63.333333333333336,12.98,320.0,0,0,1.0,1.0,0.3821988913555082,EASY
R2036,2.7835948737770058,11.134379495108023,2,190.0,46.78,69.63,0,0,1.0,1.0,0.1057465071481032,EASY
R2037,3.898694478403799,140.35300122253676,6,63.333333333333336,43.14,36.68,0,0,0.6666666666666666,1.0,0.4035889922515347,EASY
R2038,4.478121387443084,71.64994219908934,4,95.0,46.78,168.58,0,0,1.0,1.0,0.3876532414335795,EASY
R2039,2.9428154539906997,47.085047263851195,4,95.0,2.42,6.84,0,1,0.3333333333333333,1.0,0.1182487691693159,EASY
R2040,0.7395644840405557,2.958257936162223,2,190.0,46.78,59.67,0,0,1.0,1.0,0.3226833859555064,EASY
R2041,12.017544722264962,108.15790250038465,3,126.66666666666667,14.08,215.01,0,0,1.0,1.0,0.1149613181254338,EASY
R2042,1.1195676181626009,27.98919045406502,5,76.0,16.43,43.14,0,0,1.0,1.0,0.2532869916499219,EASY
R2043,1.987827922090183,7.951311688360732,2,190.0,46.78,50.74,0,0,1.0,1.0,0.4048012945837276,EASY
R2044,0.7135828597189398,2.854331438875759,2,190.0,88.81,7.42,0,0,0.6666666666666666,1.0,0.18610246442384,EASY
R2045,2.666337421572365,2.666337421572365,1,380.0,295.07,81.89,0,0,0.6666666666666666,1.0,0.4161604024705666,EASY
R2046,0.8238111847236972,20.59527961809243,5,76.0,1.9,50.74,0,0,1.0,1.0,0.2048123918336123,EASY
R2047,0.9937008451404762,15.899213522247619,4,95.0,113.27,7.42,1,0,1.0,1.0,0.0519901009424824,EASY
R2048,0.9468522066691256,23.67130516672814,5,76.0,50.74,59.67,0,0,1.0,1.0,0.0554072718187451,EASY
R2049,1.7878528510773866,1.7878528510773866,1,380.0,1.0,81.89,0,0,1.0,1.0,0.2439177871049274,EASY
R2050,2.3864475202126867,85.91211072765672,6,63.333333333333336,46.78,6.31,0,0,1.0,1.0,0.1013134928166475,EASY
R2051,4.346569011907923,39.11912110717131,3,126.66666666666667,295.07,19.32,1,0,1.0,1.0,0.0585114300521346,EASY
R2052,4.383849541379809,109.59623853449523,5,76.0,46.78,81.89,0,0,0.6666666666666666,1.0,0.1995383360075254,EASY
R2053,3.7891148972281132,34.10203407505302,3,126.66666666666667,59.67,22.73,0,0,1.0,1.0,0.2114354986495569,EASY
R2054,5.002915939368918,5.002915939368918,1,380.0,81.89,69.63,0,0,1.0,1.0,0.2861075032551283,EASY
R2055,15.805741954142825,395.1435488535706,5,76.0,4.6,50.74,0,1,0.3333333333333333,1.0,0.0885542381768154,EASY
R2056,1.9852953768786727,1.9852953768786727,1,380.0,2.42,81.89,0,0,1.0,1.0,0.3678125898416553,EASY
R2057,3.8138278198823135,15.255311279529254,2,190.0,59.67,24.65,0,0,1.0,1.0,0.059063885276757,EASY
R2058,17.18691546242214,274.9906473987542,4,95.0,31.43,88.81,0,0,0.6666666666666666,1.0,0.42678985521103,EASY
R2059,2.056149129001028,2.056149129001028,1,380.0,46.78,96.31,0,0,1.0,1.0,0.1730824922557087,EASY
R2060,2.158243183637694,53.95607959094235,5,76.0,155.45,19.32,1,0,0.6666666666666666,1.0,0.4302300076562388,EASY
R2061,1.1983364723068028,4.793345889227211,2,190.0,2.83,6.84,0,0,0.6666666666666666,1.0,0.2127284826285652,EASY
R2062,1.2699297671009888,31.74824417752472,5,76.0,3.6,10.18,0,0,1.0,1.0,0.1571935767447466,EASY
R2063,4.224432261968679,105.61080654921697,5,76.0,3.6,81.89,0,0,1.0,1.0,0.0678300298778965,EASY
R2064,3.5932202543182052,32.338982288863846,3,126.66666666666667,133.21,24.65,1,0,1.0,1.0,0.4383024532823116,EASY
R2065,2.3837751005316514,9.535100402126606,2,190.0,46.78,88.81,0,0,1.0,1.0,0.2517461775745905,EASY
R2066,1.3189434606387405,47.48196458299466,6,63.333333333333336,1.0,36.68,0,0,1.0,1.0,0.4174263769211816,EASY
R2067,2.8089225890218756,11.235690356087503,2,190.0,46.78,81.89,0,0,1.0,1.0,0.3758603490269022,EASY
R2068,6.4980527232909475,25.99221089316379,2,190.0,215.01,168.58,1,0,1.0,1.0,0.1265161664753646,EASY
R2069,18.167241890483403,454.1810472620851,5,76.0,1.0,36.97,0,1,0.3333333333333333,1.0,0.2971952616624696,EASY
R2070,3.269648752019821,52.31438003231714,4,95.0,2.42,69.63,0,0,0.6666666666666666,1.0,0.2399896595002452,EASY
R2071,3.0874992156056873,27.787492940451187,3,126.66666666666667,295.07,24.65,1,0,1.0,1.0,0.3225965810757883,EASY
R2072,33.474462067189485,1205.0806344188215,6,63.333333333333336,31.19,6.84,0,0,1.0,0.3333333333333333,0.2332525705238328,FRAGILE
R2073,1.1694824263347388,10.525341837012649,3,126.66666666666667,12.98,155.45,0,0,1.0,1.0,0.2668166645699749,EASY
R2074,1.4514505726152953,13.063055153537658,3,126.66666666666667,50.74,88.81,0,0,1.0,1.0,0.4398136622463161,EASY
R2075,4.363200106643571,39.268800959792145,3,126.66666666666667,43.14,22.73,0,0,1.0,1.0,0.4446559352390202,EASY
R2076,2.8746070656628846,2.8746070656628846,1,380.0,295.07,59.67,0,0,0.6666666666666666,1.0,0.3443234482337587,EASY
R2077,1.6161042169992652,14.544937952993386,3,126.66666666666667,22.73,88.81,0,0,1.0,1.0,0.3115010545906589,EASY
R2078,0.8777697044994918,21.944242612487294,5,76.0,19.32,59.67,0,0,1.0,1.0,0.3992117660612522,EASY
R2079,1.8479877430387077,16.63188968734837,3,126.66666666666667,5.36,133.21,0,0,1.0,1.0,0.381841191379516,EASY
R2080,29.606545749199764,740.1636437299941,5,76.0,320.0,3.6,1,1,0.0,0.3333333333333333,0.2316137962118872,FRAGILE
R2081,1.9529639157760392,1.9529639157760392,1,380.0,69.63,113.27,0,0,1.0,1.0,0.380936857732931,EASY
R2082,2.152304484047563,77.48296142571226,6,63.333333333333336,4.6,70.18,0,0,1.0,1.0,0.1573623070583631,EASY
R2083,20.04370512777419,501.0926281943547,5,76.0,59.67,31.43,0,1,0.0,1.0,0.0568218946335132,FRAGILE
R2084,1.4682179375193267,5.872871750077307,2,190.0,231.35,96.31,1,0,1.0,1.0,0.3004205463801703,EASY
R2085,1.6628716720996137,6.651486688398455,2,190.0,1.9,96.31,0,0,1.0,1.0,0.2538796857512444,EASY
R2086,2.7819306438142575,44.51089030102812,4,95.0,81.89,81.89,0,0,1.0,1.0,0.0969718310077879,EASY
R2087,4.624148223081141,4.624148223081141,1,380.0,19.32,69.63,0,0,1.0,1.0,0.2328861847214227,EASY
R2088,2.422645956984621,21.80381361286159,3,126.66666666666667,59.67,24.65,0,0,1.0,1.0,0.3326500543028159,EASY
R2089,3.4041826035864617,13.616730414345847,2,190.0,24.65,81.89,0,0,1.0,1.0,0.3411606087660432,EASY
R2090,1.1107973577828087,27.76993394457022,5,76.0,168.58,46.78,1,0,0.6666666666666666,1.0,0.4490272670787849,EASY
R2091,3.991162345254829,35.92046110729346,3,126.66666666666667,59.67,3.6,0,0,0.6666666666666666,1.0,0.2905493804432413,EASY
R2092,0.7543116769134988,3.017246707653995,2,190.0,272.09,10.18,1,0,1.0,1.0,0.0549784079313191,EASY
R2093,7.6674778693162775,122.67964590906044,4,95.0,1.27,50.74,0,0,0.6666666666666666,1.0,0.3599076861317588,EASY
R2094,0.981187118102752,3.924748472411008,2,190.0,46.78,1.0,0,0,1.0,1.0,0.1025701736995647,EASY
R2095,3.1603378774470086,28.443040897023078,3,126.66666666666667,3.32,26.73,0,0,0.6666666666666666,1.0,0.2112785542266836,EASY
R2096,5.181534379025111,46.633809411226,3,126.66666666666667,24.65,132.17,0,0,1.0,1.0,0.1665627298063312,EASY
R2097,2.74764233238148,24.72878099143332,3,126.66666666666667,6.31,22.73,0,0,1.0,1.0,0.1804705460467814,EASY
R2098,1.6603318230722734,41.50829557680684,5,76.0,168.58,96.31,1,0,1.0,1.0,0.167695335378634,EASY
R2099,3.9288292945731804,3.9288292945731804,1,380.0,46.78,69.63,0,0,1.0,1.0,0.2122551086797999,EASY
R2100,1.0482583547532236,37.73730077111605,6,63.333333333333336,24.65,43.14,0,0,1.0,1.0,0.2219979989376256,EASY
R2101,0.7753121529347994,3.1012486117391975,2,190.0,3.6,12.98,0,0,1.0,1.0,0.276359783828583,EASY
R2102,1.5487104142479584,13.938393728231626,3,126.66666666666667,7.42,2.4,0,0,1.0,1.0,0.0842312690344156,EASY
R2103,0.872422282172956,7.851800539556605,3,126.66666666666667,1.0,50.74,0,0,0.6666666666666666,1.0,0.349791465784757,EASY
R2104,3.1663564404364872,79.15891101091218,5,76.0,3.6,8.72,0,0,1.0,1.0,0.0912409527520673,EASY
R2105,3.346154791700674,13.384619166802697,2,190.0,43.14,69.63,0,0,1.0,1.0,0.3772282940809373,EASY
R2106,31.857029227708004,1146.853052197488,6,63.333333333333336,320.0,43.14,1,1,0.0,1.0,0.3443662743216414,FRAGILE
R2107,10.144835905964197,162.31737449542715,4,95.0,320.0,155.45,1,1,0.3333333333333333,1.0,0.2368549740693715,FRAGILE
R2108,2.2029689568337982,55.07422392084496,5,76.0,215.01,88.81,1,0,1.0,1.0,0.409627254839794,EASY
R2109,2.278254851093573,56.95637127733932,5,76.0,320.0,88.81,1,0,1.0,1.0,0.1207066149149818,EASY
R2110,4.001946852408103,100.0486713102026,5,76.0,320.0,26.73,1,0,1.0,1.0,0.4436415650356783,EASY
R2111,3.517619310824796,14.070477243299184,2,190.0,3.6,69.63,0,1,0.0,1.0,0.2077147363157258,EASY
R2112,1.6233456148980707,14.610110534082636,3,126.66666666666667,5.36,81.89,0,0,1.0,1.0,0.087807154066366,EASY
R2113,22.963349260239106,206.67014334215196,3,126.66666666666667,320.0,113.27,1,1,0.0,1.0,0.3395028808045141,EASY
R2114,6.0240556058488615,6.0240556058488615,1,380.0,88.81,250.9,0,0,0.6666666666666666,1.0,0.1823809625719271,EASY
R2115,1.498078353008808,23.969253648140928,4,95.0,3.6,96.31,0,0,1.0,1.0,0.2026422756942666,EASY
R2116,0.8590433594521135,13.744693751233816,4,95.0,10.26,46.78,0,0,1.0,1.0,0.4135611353025143,EASY
R2117,1.2685312175358892,31.713280438397227,5,76.0,12.98,69.63,0,0,1.0,1.0,0.1883884163757431,EASY
R2118,7.50995824200829,270.35849671229846,6,63.333333333333336,46.78,50.74,0,0,1.0,1.0,0.3077764609309593,EASY
R2119,3.9179466964473812,97.94866741118453,5,76.0,3.6,69.63,0,0,1.0,1.0,0.1706855355088137,EASY
R2120,2.2631023812007336,9.052409524802934,2,190.0,320.0,69.63,1,0,0.6666666666666666,1.0,0.150169877913746,EASY
R2121,2.9806541229050705,26.825887106145636,3,126.66666666666667,3.6,24.65,0,0,0.6666666666666666,1.0,0.1633098057398532,EASY
R2122,0.6209171112515643,2.4836684450062574,2,190.0,3.6,88.81,0,0,1.0,1.0,0.1820185950473061,EASY
R2123,2.098495603659542,52.46239009148855,5,76.0,50.74,7.42,0,0,1.0,1.0,0.1754663211436916,EASY
R2124,3.5829555747282344,57.32728919565175,4,95.0,46.78,26.73,0,0,1.0,1.0,0.051379304755372,EASY
R2125,2.1103674441105706,33.76587910576913,4,95.0,3.32,70.18,0,0,1.0,1.0,0.2853906982854288,EASY
R2126,1.7860262540042107,1.7860262540042107,1,380.0,81.89,69.63,0,0,0.6666666666666666,1.0,0.1344756282646456,EASY
R2127,7.062823924747026,113.00518279595242,4,95.0,1.9,59.67,0,0,1.0,1.0,0.1163708398066752,EASY
R2128,4.306925272210908,107.67313180527269,5,76.0,50.74,69.63,0,0,1.0,1.0,0.1976685231513673,EASY
R2129,1.391106223577979,50.07982404880724,6,63.333333333333336,2.83,46.78,0,0,1.0,1.0,0.2460175839934615,EASY
R2130,24.78105241480997,223.02947173328974,3,126.66666666666667,320.0,252.87,1,0,1.0,1.0,0.3610690085285434,EASY
R2131,5.010647566199493,45.09582809579544,3,126.66666666666667,182.82,22.73,1,0,1.0,1.0,0.1082491015296268,EASY
R2132,1.6756565789556617,15.080909210600955,3,126.66666666666667,16.56,96.31,0,0,1.0,1.0,0.1409900602669642,EASY
R2133,1.6726163736151884,41.81540934037971,5,76.0,26.73,36.68,0,0,1.0,1.0,0.3623117759087986,EASY
R2134,0.8842462620094885,22.106156550237213,5,76.0,1.0,46.78,0,0,1.0,1.0,0.3543797846096559,EASY
R2135,8.597715967857964,309.5177748428867,6,63.333333333333336,46.78,4.56,0,0,0.6666666666666666,1.0,0.0610571327920896,EASY
R2136,6.593175815570102,164.82939538925254,5,76.0,4.6,70.18,0,0,0.6666666666666666,1.0,0.2055289051640509,EASY
R2137,2.673000139622607,10.692000558490427,2,190.0,3.6,69.63,0,0,0.6666666666666666,1.0,0.4171413795062155,EASY
R2138,3.8062773017266323,137.02598286215877,6,63.333333333333336,46.78,59.67,0,0,1.0,1.0,0.313667660977232,EASY
R2139,17.675978275375225,282.8156524060036,4,95.0,6.31,81.89,0,1,0.0,1.0,0.2808485869101149,FRAGILE
R2140,19.42594335070685,485.6485837676712,5,76.0,24.65,88.81,0,0,1.0,1.0,0.3270996416486814,EASY
R2141,4.704199036589314,75.26718458542902,4,95.0,36.68,81.89,0,0,0.6666666666666666,1.0,0.1601525723714674,EASY
R2142,2.480074373415617,39.681189974649875,4,95.0,43.14,88.81,0,0,1.0,1.0,0.3081906468147987,EASY
R2143,2.7313677919039447,10.925471167615779,2,190.0,69.63,69.63,0,1,0.0,1.0,0.1096008790672037,EASY
R2144,0.7288312442183592,2.915324976873437,2,190.0,19.32,11.97,0,0,1.0,1.0,0.1104932553468466,EASY
R2145,2.3165134836698495,20.848621353028648,3,126.66666666666667,2.83,6.31,0,1,0.3333333333333333,1.0,0.1435585737312811,EASY
R2146,10.237119529758626,92.13407576782764,3,126.66666666666667,320.0,155.45,1,0,1.0,1.0,0.4333562593750559,EASY
R2147,10.015197732256906,160.2431637161105,4,95.0,50.74,133.21,0,0,1.0,1.0,0.0810868797647291,EASY
R2148,1.4064788231576038,5.625915292630415,2,190.0,81.89,88.81,0,0,1.0,1.0,0.407797987003684,EASY
R2149,3.8891246674839617,35.00212200735565,3,126.66666666666667,36.68,22.73,0,0,1.0,1.0,0.0548762205284378,EASY
R2150,4.5377664162533815,72.6042626600541,4,95.0,6.31,88.81,0,0,1.0,1.0,0.4002775239387791,EASY
R2151,9.858410702853025,246.46026757132563,5,76.0,295.07,88.81,1,0,1.0,1.0,0.1130140923887977,EASY
R2152,2.5443201914071025,40.70912306251364,4,95.0,4.6,81.89,0,0,0.6666666666666666,1.0,0.2610333785414395,EASY
R2153,16.562706062164366,149.06435455947928,3,126.66666666666667,3.6,88.81,0,1,0.3333333333333333,1.0,0.3355819594966703,EASY
R2154,0.7267350140053734,6.540615126048361,3,126.66666666666667,1.0,50.74,0,0,0.6666666666666666,1.0,0.2222441161200919,EASY
R2155,2.4100337192919237,9.640134877167695,2,190.0,46.78,31.43,0,0,1.0,1.0,0.2697354470286403,EASY
R2156,2.4855949909867796,39.769519855788474,4,95.0,88.81,69.63,0,0,1.0,1.0,0.2655464200496669,EASY
R2157,4.2839340051934585,4.2839340051934585,1,380.0,295.07,59.21,0,0,1.0,1.0,0.4224165716884924,EASY
R2158,11.198266869656958,179.17226991451133,4,95.0,36.97,59.67,0,1,0.3333333333333333,1.0,0.1570228006856091,EASY
R2159,1.2620388676768688,20.1926218828299,4,95.0,4.6,43.14,0,0,1.0,1.0,0.2463108928411226,EASY
R2160,2.1321669358272404,8.528667743308961,2,190.0,50.74,69.63,0,0,1.0,1.0,0.0554487419236566,EASY
R2161,1.9442303992697512,7.776921597079005,2,190.0,81.89,81.89,0,0,1.0,1.0,0.1268602209331812,EASY
R2162,1.2755492934174213,31.88873233543553,5,76.0,168.58,59.67,1,0,1.0,1.0,0.2958519231716892,EASY
R2163,2.1906286821303307,35.05005891408529,4,95.0,43.14,88.81,0,0,1.0,1.0,0.3300901379422247,EASY
R2164,2.8175981219338087,11.270392487735235,2,190.0,31.43,81.89,0,1,0.3333333333333333,1.0,0.4197403281536113,EASY
R2165,2.9591337935441633,11.836535174176653,2,190.0,50.74,59.67,0,0,1.0,1.0,0.213764293717252,EASY
R2166,8.97980017609069,35.91920070436276,2,190.0,46.78,252.87,0,0,0.6666666666666666,1.0,0.111155832513342,EASY
R2167,1.2559531348216413,20.09525015714626,4,95.0,96.31,155.45,1,0,1.0,1.0,0.1762749245501809,EASY
R2168,2.6264260980785643,10.505704392314257,2,190.0,3.6,31.43,0,1,0.3333333333333333,1.0,0.1731937551145584,EASY
R2169,1.5019270088478802,37.548175221197006,5,76.0,59.67,7.42,0,0,1.0,1.0,0.240584265726725,EASY
R2170,6.131234762547408,55.181112862926675,3,126.66666666666667,295.07,50.74,1,0,1.0,1.0,0.1459947914002746,EASY
R2171,3.223455683720875,12.8938227348835,2,190.0,2.4,69.63,0,0,0.6666666666666666,1.0,0.1773403415000449,EASY
R2172,4.585109190905118,165.06393087258422,6,63.333333333333336,7.42,113.27,0,0,0.6666666666666666,1.0,0.3211550804917262,EASY
R2173,2.5186860412194387,90.6726974838998,6,63.333333333333336,26.73,10.18,0,0,1.0,1.0,0.2025217022306386,EASY
R2174,4.513084449730963,112.82711124327408,5,76.0,295.07,69.63,1,0,1.0,1.0,0.4289870158700586,EASY
R2175,5.843263942555688,5.843263942555688,1,380.0,43.14,213.33,0,1,0.3333333333333333,1.0,0.293213912014715,EASY
R2176,8.38310166676911,209.57754166922774,5,76.0,88.81,96.31,1,0,0.6666666666666666,1.0,0.3396773406171767,FRAGILE
R2177,0.9405238846486161,15.048382154377858,4,95.0,14.08,46.78,0,0,1.0,1.0,0.1951777528224368,EASY
R2178,3.1628646927465915,79.07161731866479,5,76.0,155.45,96.31,1,0,1.0,1.0,0.0904662722432187,EASY
R2179,2.173322831092018,34.77316529747229,4,95.0,69.63,96.31,0,0,1.0,1.0,0.1466901921331135,EASY
R2180,2.3834724427483986,9.533889770993595,2,190.0,3.32,12.98,0,1,0.3333333333333333,1.0,0.2900575985998319,EASY
R2181,17.471779612824715,157.24601651542244,3,126.66666666666667,88.81,133.21,0,0,1.0,1.0,0.1189732290779576,EASY
R2182,1.9682433341632666,49.20608335408166,5,76.0,2.83,8.72,0,0,1.0,1.0,0.1988153162422877,EASY
R2183,0.920047735048766,0.920047735048766,1,380.0,12.98,46.78,0,0,1.0,1.0,0.1948079944521787,EASY
R2184,1.2692893228677664,31.73223307169416,5,76.0,1.0,36.68,0,1,0.3333333333333333,1.0,0.414265517463973,EASY
R2185,2.974572229026046,107.08460024493765,6,63.333333333333336,295.07,59.67,1,0,1.0,1.0,0.1232319050016644,EASY
R2186,1.8142279015054252,16.328051113548828,3,126.66666666666667,5.36,96.31,0,0,1.0,1.0,0.4024571897216116,EASY
R2187,0.7905337187887984,7.1148034690991855,3,126.66666666666667,24.65,59.67,0,0,1.0,1.0,0.1675201989529399,EASY
R2188,2.4144907714838584,60.36226928709646,5,76.0,36.68,81.89,0,0,1.0,1.0,0.2660820710040734,EASY
R2189,1.7459229144472532,43.64807286118133,5,76.0,46.78,8.72,0,0,0.6666666666666666,1.0,0.3500025492144455,EASY
R2190,3.831584871102875,15.3263394844115,2,190.0,155.45,69.63,0,0,1.0,1.0,0.1238005259065854,EASY
R2191,1.5552609039332175,13.997348135398957,3,126.66666666666667,6.84,46.78,0,0,1.0,1.0,0.2443760414434453,EASY
R2192,2.1676379678375155,2.1676379678375155,1,380.0,295.07,96.31,0,0,1.0,1.0,0.0557389362938669,EASY
R2193,1.564633816115763,56.32681738016746,6,63.333333333333336,81.89,6.31,1,0,0.6666666666666666,1.0,0.2268299076949028,EASY
R2194,7.030418479781195,175.7604619945299,5,76.0,1.0,69.63,0,0,1.0,1.0,0.2305920702569514,EASY
R2195,0.6944322073666842,11.110915317866947,4,95.0,7.42,4.6,0,0,1.0,1.0,0.0505766233954371,EASY
R2196,4.9561840076971615,79.29894412315458,4,95.0,46.78,155.45,0,0,1.0,1.0,0.0880791732013551,EASY
R2197,3.0076181029999853,48.121889647999765,4,95.0,2.42,69.63,0,0,1.0,1.0,0.3846507819606539,EASY
R2198,6.662661591259625,6.662661591259625,1,380.0,36.68,59.67,0,0,1.0,1.0,0.1297018772330779,EASY
R2199,3.5929645646290553,89.82411411572639,5,76.0,46.78,69.63,0,0,1.0,1.0,0.3186667792073404,EASY
R2200,3.6319889622996504,58.11182339679441,4,95.0,2.83,24.65,0,0,0.6666666666666666,1.0,0.180260730794078,EASY
R2201,2.825950892002282,45.21521427203651,4,95.0,215.01,16.43,1,0,1.0,1.0,0.1700776605536906,EASY
R2202,0.9335720111315736,23.33930027828934,5,76.0,5.36,3.6,0,0,1.0,1.0,0.0925543743260406,EASY
R2203,2.3638355814845484,21.274520233360935,3,126.66666666666667,2.4,1.0,0,0,0.6666666666666666,1.0,0.2966467145259099,EASY
R2204,3.142490566340459,50.279849061447344,4,95.0,88.81,69.63,0,0,1.0,1.0,0.3502666334788851,EASY
R2205,1.9223951406473645,30.758322250357832,4,95.0,7.42,81.89,0,0,1.0,1.0,0.0642387717390453,EASY
R2206,2.10616044420425,75.821775991353,6,63.333333333333336,43.14,8.72,0,0,1.0,1.0,0.1471781417019762,EASY
R2207,1.9699709060790351,17.729738154711317,3,126.66666666666667,2.4,81.89,0,0,0.6666666666666666,1.0,0.2393279564151391,EASY
R2208,2.1205882976123247,2.1205882976123247,1,380.0,3.6,96.31,0,0,1.0,1.0,0.1262249888701554,EASY
R2209,1.0093124550198551,16.148999280317682,4,95.0,113.27,43.14,1,0,1.0,1.0,0.3733699319338763,EASY
R2210,4.39313306349203,17.57253225396812,2,190.0,12.98,26.73,0,0,1.0,1.0,0.1140990855409561,EASY
R2211,1.528645506696025,38.21613766740062,5,76.0,1.0,22.73,0,1,0.3333333333333333,1.0,0.4339616935591177,EASY
R2212,1.2240008928740476,30.60002232185119,5,76.0,168.58,50.74,1,0,1.0,1.0,0.1522537649569243,EASY
R2213,9.650179291798478,86.8516136261863,3,126.66666666666667,24.65,70.18,0,1,0.0,1.0,0.4130651437783343,EASY
R2214,9.439186078292469,37.756744313169875,2,190.0,320.0,252.87,1,0,1.0,1.0,0.183807515773657,EASY
R2215,1.4672660265640127,1.4672660265640127,1,380.0,8.72,132.17,0,0,1.0,1.0,0.2200881776740243,EASY
R2216,3.273003418279084,52.36805469246534,4,95.0,295.07,81.89,1,0,1.0,1.0,0.2670401547644041,EASY
R2217,1.527564608986608,13.748081480879472,3,126.66666666666667,113.27,81.89,0,0,1.0,1.0,0.3328612006605247,EASY
R2218,14.31335219775034,357.83380494375854,5,76.0,16.43,81.89,0,0,0.6666666666666666,1.0,0.1922617573021494,EASY
R2219,2.3629025999211217,21.266123399290095,3,126.66666666666667,88.81,26.73,0,0,1.0,1.0,0.4419620263373607,EASY
R2220,0.9363814667731983,33.70973280383514,6,63.333333333333336,8.72,50.74,0,0,1.0,1.0,0.1425903877112997,EASY
R2221,5.852138197742413,146.30345494356033,5,76.0,2.42,88.81,0,1,0.0,1.0,0.1269496233973415,EASY
R2222,6.122707977242236,24.490831908968943,2,190.0,320.0,155.45,1,0,1.0,1.0,0.2324284118576935,EASY
R2223,1.23779026199349,30.944756549837248,5,76.0,3.32,69.63,0,0,1.0,1.0,0.2330991045834128,EASY
R2224,4.083968107558876,65.34348972094202,4,95.0,7.42,81.89,0,0,0.6666666666666666,1.0,0.1608997432467067,EASY
R2225,1.2725304801682802,31.813262004207004,5,76.0,50.74,6.84,0,0,1.0,1.0,0.0596178766206477,EASY
R2226,1.9740411087641825,71.06547991551056,6,63.333333333333336,3.6,88.81,0,0,1.0,1.0,0.1465960935613846,EASY
R2227,3.361275324166518,13.445101296666072,2,190.0,112.39,81.89,0,0,1.0,1.0,0.1337099698004642,EASY
R2228,5.068306285418951,5.068306285418951,1,380.0,43.14,59.67,0,0,1.0,1.0,0.1477931601087209,EASY
R2229,26.11690447667635,104.4676179067054,2,190.0,3.6,295.07,0,0,1.0,1.0,0.144744807333318,EASY
R2230,8.87173209285141,79.84558883566268,3,126.66666666666667,24.65,113.27,0,0,1.0,1.0,0.1031419177016091,EASY
R2231,32.07957730742359,128.31830922969436,2,190.0,320.0,168.58,1,0,1.0,1.0,0.083822616644514,EASY
R2232,2.7448641711133237,2.7448641711133237,1,380.0,3.6,69.63,0,0,1.0,1.0,0.23634439710594,EASY
R2233,9.823366528742715,39.29346611497086,2,190.0,50.74,168.58,0,0,1.0,1.0,0.3742881783113845,EASY
R2234,2.1690652853983745,8.676261141593498,2,190.0,24.65,88.81,0,0,1.0,1.0,0.1682431674080122,EASY
R2235,2.664912059286922,23.9842085335823,3,126.66666666666667,46.78,81.89,0,0,1.0,1.0,0.2285399191031737,EASY
R2236,4.730013623601647,42.57012261241483,3,126.66666666666667,295.07,22.73,1,0,1.0,1.0,0.3406763477324106,EASY
R2237,0.8217498318859056,7.39574848697315,3,126.66666666666667,4.6,6.31,0,0,1.0,1.0,0.1452248260126831,EASY
R2238,2.0930589033563094,2.0930589033563094,1,380.0,5.36,88.81,0,0,1.0,1.0,0.2257947199171341,EASY
R2239,3.9746769048241792,35.772092143417616,3,126.66666666666667,50.74,22.73,0,0,1.0,1.0,0.1561468128060907,EASY
R2240,1.7830944374457978,7.132377749783191,2,190.0,3.32,81.89,0,0,0.6666666666666666,1.0,0.3297793719431002,EASY
R2241,10.262361126629193,164.19777802606708,4,95.0,31.19,59.67,0,0,0.6666666666666666,1.0,0.0737576084375397,EASY
R2242,4.117452384511441,148.22828584241185,6,63.333333333333336,31.43,59.67,0,0,1.0,1.0,0.4131968615687373,EASY
R2243,8.37073269679579,8.37073269679579,1,380.0,50.74,320.0,0,0,1.0,1.0,0.4117168778625923,EASY
R2244,6.048309476205829,151.20773690514574,5,76.0,112.39,59.67,1,0,1.0,1.0,0.1199875198000629,EASY
R2245,1.8482953105172635,1.8482953105172635,1,380.0,88.81,88.81,0,0,1.0,1.0,0.1474588638051285,EASY
R2246,17.413351931338926,156.72016738205033,3,126.66666666666667,36.68,96.31,0,1,0.3333333333333333,1.0,0.1686570795801174,EASY
R2247,3.470340961609605,124.93227461794578,6,63.333333333333336,88.81,88.81,1,1,0.3333333333333333,1.0,0.1090943352432921,EASY
R2248,1.8809120936524508,16.928208842872056,3,126.66666666666667,320.0,70.18,1,0,0.6666666666666666,1.0,0.3738360737923651,EASY
R2249,2.0586410580632863,8.234564232253145,2,190.0,36.68,69.63,0,0,1.0,1.0,0.2536985211153738,EASY
R2250,2.641188853105178,42.25902164968285,4,95.0,2.42,88.81,0,0,1.0,1.0,0.3744006717068256,EASY
R2251,2.5136085430514963,10.054434172205985,2,190.0,12.98,14.08,0,0,1.0,1.0,0.1420739700971152,EASY
R2252,10.308353913913583,41.23341565565433,2,190.0,6.84,168.58,0,0,1.0,1.0,0.1996331597176451,EASY
R2253,2.341853885174384,58.5463471293596,5,76.0,69.63,88.81,0,0,1.0,1.0,0.3157662930693802,EASY
R2254,17.93625038333446,286.98000613335137,4,95.0,320.0,59.21,1,1,0.0,1.0,0.0612155190497927,EASY
R2255,1.3848153950450506,34.620384876126266,5,76.0,36.97,36.68,0,0,1.0,1.0,0.2880884086989765,EASY
R2256,3.997416316903753,15.989665267615012,2,190.0,295.07,69.63,1,0,1.0,1.0,0.4242483317759726,EASY
R2257,12.018390175641223,300.4597543910306,5,76.0,1.0,50.74,0,1,0.3333333333333333,0.6666666666666666,0.2998162040222618,EASY
R2258,19.69405899490668,492.351474872667,5,76.0,24.65,88.81,0,0,1.0,0.6666666666666666,0.2489576982801131,EASY
R2259,2.1597909679152774,53.99477419788193,5,76.0,1.0,59.21,0,0,1.0,1.0,0.4486628874386534,EASY
R2260,3.9809345548957933,99.52336387239484,5,76.0,46.78,43.14,0,0,1.0,1.0,0.3132030838572422,EASY
R2261,0.6250175229984347,2.500070091993739,2,190.0,3.6,59.67,0,0,1.0,1.0,0.2292283820305361,EASY
R2262,1.119807275049264,4.479229100197056,2,190.0,19.48,46.78,0,0,1.0,1.0,0.2521516315301259,EASY
R2263,5.281529819954595,190.1350735183654,6,63.333333333333336,168.58,81.89,1,0,1.0,1.0,0.4052304026909389,EASY
R2264,17.925805043349094,645.3289815605674,6,63.333333333333336,320.0,112.39,1,1,0.0,0.3333333333333333,0.3861957165413316,FRAGILE
R2265,2.3727781043858887,2.3727781043858887,1,380.0,4.6,96.31,0,0,1.0,1.0,0.0602335959217606,EASY
R2266,1.22176833121888,4.88707332487552,2,190.0,295.07,43.14,1,0,1.0,1.0,0.2844288893738098,EASY
R2267,3.205845050924701,51.293520814795215,4,95.0,59.67,81.89,0,0,1.0,1.0,0.1214467994980591,EASY
R2268,1.6870659760511217,26.993055616817948,4,95.0,88.81,69.63,0,0,1.0,1.0,0.3248881938034255,EASY
R2269,0.9112229791559648,8.201006812403683,3,126.66666666666667,6.31,12.98,0,0,1.0,1.0,0.1584855142352108,EASY
R2270,1.504551941099836,6.018207764399344,2,190.0,182.82,96.31,0,0,1.0,1.0,0.2577712384013765,EASY
R2271,1.815318034553621,29.045088552857937,4,95.0,6.31,6.31,0,0,1.0,1.0,0.2269707744520666,EASY
R2272,3.6099696612727477,14.43987864509099,2,190.0,132.17,26.73,0,0,0.6666666666666666,1.0,0.0599265090441252,EASY
R2273,4.087216531572131,16.348866126288524,2,190.0,50.74,59.67,0,0,1.0,1.0,0.310549525937471,EASY
R2274,1.777517343892869,15.997656095035822,3,126.66666666666667,2.83,88.81,0,0,0.6666666666666666,1.0,0.0576319006094981,EASY
R2275,2.4552670364566036,22.097403328109433,3,126.66666666666667,320.0,31.43,1,0,1.0,1.0,0.1542157312159559,EASY
R2276,16.49133775222346,412.28344380558644,5,76.0,22.73,70.18,0,0,0.6666666666666666,1.0,0.1794946055115931,EASY
R2277,5.476495744386362,87.6239319101818,4,95.0,88.81,155.45,0,0,1.0,1.0,0.0885911818867888,EASY
R2278,1.8013064029861596,45.03266007465399,5,76.0,3.6,96.31,0,0,0.6666666666666666,1.0,0.413461485171977,EASY
R2279,5.2564004677237515,189.23041683805505,6,63.333333333333336,10.18,59.67,0,0,0.6666666666666666,1.0,0.1935607968179231,EASY
R2280,1.858043151589036,7.432172606356144,2,190.0,69.63,81.89,0,0,1.0,1.0,0.3588645383136216,EASY
R2281,2.016415632054204,2.016415632054204,1,380.0,46.78,36.97,0,0,1.0,1.0,0.3020428672256003,EASY
R2282,19.954346798661074,19.954346798661074,1,380.0,3.6,320.0,0,0,0.6666666666666666,1.0,0.0696044695515685,EASY
R2283,6.886380377622122,6.886380377622122,1,380.0,12.98,69.63,0,0,1.0,1.0,0.286782698526338,EASY
R2284,1.0650033590503332,4.260013436201333,2,190.0,22.73,96.31,0,0,1.0,1.0,0.1960695833723248,EASY
R2285,6.630468558141021,59.674217023269186,3,126.66666666666667,320.0,26.73,1,0,1.0,1.0,0.2547136469921106,EASY
R2286,2.0867273163985707,52.168182909964266,5,76.0,5.36,81.89,0,0,0.6666666666666666,1.0,0.3974631593467181,EASY
R2287,36.02085568588581,576.333690974173,4,95.0,320.0,59.67,1,1,0.0,1.0,0.2445969037750919,FRAGILE
R2288,3.288966107047577,29.600694963428193,3,126.66666666666667,295.07,26.73,1,0,1.0,1.0,0.2756653145027344,EASY
R2289,2.4613515007291284,9.845406002916514,2,190.0,36.68,88.81,0,0,1.0,1.0,0.3717150224477059,EASY
R2290,1.2198384687449486,43.91418487481815,6,63.333333333333336,5.36,6.84,0,0,1.0,1.0,0.2039477627743313,EASY
R2291,2.7100869005777763,67.75217251444441,5,76.0,320.0,16.56,1,0,1.0,1.0,0.2242730482224119,EASY
R2292,1.839530895049894,45.98827237624735,5,76.0,5.36,36.68,0,0,1.0,1.0,0.3196525585852402,EASY
R2293,9.048495250636451,325.74582902291223,6,63.333333333333336,320.0,36.68,1,1,0.3333333333333333,1.0,0.2511695984871513,EASY
R2294,2.2713342534150014,2.2713342534150014,1,380.0,26.73,70.18,0,0,0.6666666666666666,1.0,0.0536653451983066,EASY
R2295,0.8958342327391262,22.395855818478154,5,76.0,3.6,4.6,0,0,1.0,1.0,0.065120117392495,EASY
R2296,2.0012024513341786,72.04328824803044,6,63.333333333333336,46.78,14.08,0,0,0.6666666666666666,1.0,0.2908083971932267,EASY
R2297,11.22362738294182,44.89450953176728,2,190.0,5.36,155.45,0,0,0.6666666666666666,1.0,0.413363118641983,EASY
R2298,2.9533468420245277,26.580121578220748,3,126.66666666666667,320.0,22.73,1,0,1.0,1.0,0.0971423075418244,EASY
R2299,4.348989333211822,69.58382933138915,4,95.0,7.42,26.73,0,0,1.0,1.0,0.4030562188363486,EASY
R2300,1.8879215199246855,30.206744318794968,4,95.0,3.6,88.81,0,0,1.0,1.0,0.3110732080532843,EASY
R2301,3.2437181383156672,12.974872553262669,2,190.0,2.42,31.43,0,1,0.3333333333333333,1.0,0.3851894153477682,EASY
R2302,3.396846722685769,84.92116806714422,5,76.0,295.07,69.63,1,0,1.0,1.0,0.1230963303015235,EASY
R2303,2.9028367031674622,46.445387250679396,4,95.0,6.31,70.18,0,0,1.0,1.0,0.0521441299402935,EASY
R2304,17.017257022451336,68.06902808980534,2,190.0,320.0,252.87,1,0,1.0,1.0,0.3586691108418962,EASY
R2305,1.0042155039058926,25.105387597647315,5,76.0,6.31,11.97,0,0,1.0,1.0,0.0551714872877484,EASY
R2306,1.743496201141284,43.5874050285321,5,76.0,24.65,50.74,0,0,1.0,1.0,0.346474909443576,EASY
R2307,12.463675754622301,311.5918938655575,5,76.0,320.0,36.68,1,1,0.0,1.0,0.1220043605997479,EASY
R2308,1.5548119207747222,24.876990732395555,4,95.0,3.6,88.81,0,0,1.0,1.0,0.34578560640543,EASY
R2309,3.6107134264470795,57.77141482315327,4,95.0,320.0,81.89,1,0,1.0,1.0,0.1258847091147827,EASY
R2310,8.346460085427204,33.385840341708814,2,190.0,36.68,252.87,0,0,0.6666666666666666,1.0,0.2314301210303882,EASY
R2311,4.083905344740449,102.09763361851122,5,76.0,96.31,69.63,1,0,1.0,1.0,0.2872110286802781,EASY
R2312,2.6713993623733616,96.17037704544101,6,63.333333333333336,22.73,7.42,0,0,0.6666666666666666,1.0,0.3694405019652558,EASY
R2313,0.8484888628489725,13.57582180558356,4,95.0,213.33,10.18,1,0,0.6666666666666666,1.0,0.3685371851180435,EASY
R2314,0.7081220504323739,17.703051260809346,5,76.0,6.84,59.67,0,0,1.0,1.0,0.2110093367140778,EASY
R2315,12.564792577397975,201.0366812383676,4,95.0,320.0,168.58,1,1,0.3333333333333333,1.0,0.0744672805088619,EASY
R2316,2.2731921967601174,20.458729770841057,3,126.66666666666667,155.45,46.78,1,0,1.0,1.0,0.3046653466007669,EASY
R2317,0.9846719153940285,3.938687661576114,2,190.0,3.6,12.98,0,0,1.0,1.0,0.2313615512378281,EASY
R2318,1.0677435549805065,38.438767979298234,6,63.333333333333336,12.98,43.14,0,0,1.0,1.0,0.0648972025051356,EASY
R2319,1.5074465063070277,37.686162657675695,5,76.0,5.36,36.68,0,0,1.0,1.0,0.3157251271839473,EASY
R2320,1.8761276805955867,16.88514912536028,3,126.66666666666667,24.65,81.89,0,1,0.3333333333333333,1.0,0.312905044784784,EASY
R2321,9.742629374978831,87.68366437480948,3,126.66666666666667,12.98,69.63,0,0,0.6666666666666666,1.0,0.0859676733492922,EASY
R2322,14.909272243317547,14.909272243317547,1,380.0,320.0,50.74,0,0,1.0,1.0,0.085053196612259,EASY
R2323,7.078235271757827,176.95588179394568,5,76.0,22.73,81.89,0,0,1.0,1.0,0.2779660228273259,EASY
R2324,4.995576480364501,124.88941200911252,5,76.0,31.43,88.81,0,0,1.0,1.0,0.2351426680252921,EASY
R2325,3.772033218915114,60.352531502641824,4,95.0,46.78,81.89,0,0,1.0,1.0,0.3008178710934818,EASY
R2326,2.808672678970035,44.93876286352056,4,95.0,36.68,81.89,0,0,1.0,1.0,0.3646178395758124,EASY
R2327,5.463517144164613,136.58792860411532,5,76.0,295.07,69.63,1,0,1.0,1.0,0.0687442022726496,EASY
R2328,0.9284474986119184,14.855159977790695,4,95.0,1.0,50.74,0,0,1.0,1.0,0.4229743116773035,EASY
R2329,2.424193084540729,38.78708935265166,4,95.0,31.43,69.63,0,0,1.0,1.0,0.3988786882119429,EASY
R2330,0.6929377603890311,0.6929377603890311,1,380.0,4.6,7.42,0,0,1.0,1.0,0.2020662602963531,EASY
R2331,2.0101530848430236,18.09137776358721,3,126.66666666666667,320.0,2.4,1,0,1.0,1.0,0.1856437410396808,EASY
R2332,1.4139424327527812,5.655769731011125,2,190.0,168.58,88.81,0,0,1.0,1.0,0.2902469901255324,EASY
R2333,3.402695078125786,85.06737695314465,5,76.0,3.6,81.89,0,0,1.0,1.0,0.4205896879524634,EASY
R2334,0.7988610787087357,12.781777259339771,4,95.0,24.65,69.63,0,0,1.0,1.0,0.4368262746075865,EASY
R2335,4.42495398536581,110.62384963414524,5,76.0,46.78,81.89,0,0,1.0,1.0,0.1021996351343172,EASY
R2336,7.392813734937861,66.53532361444076,3,126.66666666666667,46.78,31.43,0,0,1.0,1.0,0.316093704503161,EASY
R2337,10.597929427174039,169.56687083478462,4,95.0,36.68,96.31,0,0,0.6666666666666666,1.0,0.3721383040060449,EASY
R2338,2.415908012922345,21.743172116301103,3,126.66666666666667,3.6,88.81,0,0,0.6666666666666666,1.0,0.2683418333662591,EASY
R2339,4.898204625865002,176.3353665311401,6,63.333333333333336,31.43,69.63,0,0,1.0,1.0,0.2598629679495271,EASY
R2340,1.8396061864462463,29.43369898313994,4,95.0,88.81,43.14,0,0,1.0,1.0,0.3778263919914076,EASY
R2341,5.352415303187785,5.352415303187785,1,380.0,6.84,69.63,0,0,0.6666666666666666,1.0,0.0760284259632489,EASY
R2342,0.7651223073266609,12.241956917226574,4,95.0,4.6,12.98,0,0,1.0,1.0,0.1595840204808662,EASY
R2343,1.4960825475099497,37.40206368774874,5,76.0,2.83,11.97,0,0,1.0,1.0,0.0584578733361362,EASY
R2344,3.0021546502618754,12.008618601047502,2,190.0,96.31,69.63,0,0,0.6666666666666666,1.0,0.0566604958171556,EASY
R2345,3.8679030567145247,61.886448907432396,4,95.0,6.31,81.89,0,0,0.6666666666666666,1.0,0.1519875340344861,EASY
R2346,5.955925424653349,148.89813561633372,5,76.0,36.97,133.21,0,0,1.0,1.0,0.1388268240322506,EASY
R2347,2.0313519539320777,8.12540781572831,2,190.0,168.58,88.81,0,0,0.6666666666666666,1.0,0.1916797975395184,EASY
R2348,1.1646367196543301,4.6585468786173205,2,190.0,5.36,46.78,0,0,1.0,1.0,0.0589065994074892,EASY
R2349,7.533205749341627,120.53129198946603,4,95.0,50.74,81.89,0,0,0.6666666666666666,1.0,0.3272359788752408,EASY
R2350,4.202473789260005,67.23958062816008,4,95.0,24.65,69.63,0,0,0.6666666666666666,1.0,0.1131718193119272,EASY
R2351,8.296641522137696,33.186566088550784,2,190.0,320.0,50.74,1,0,1.0,1.0,0.2499733732421348,EASY
R2352,1.145621988392406,4.582487953569624,2,190.0,43.14,43.14,0,0,1.0,1.0,0.2973123296884279,EASY
R2353,29.948143717252727,479.1702994760436,4,95.0,320.0,36.97,1,1,0.0,1.0,0.2798142043792435,FRAGILE
R2354,1.2901895190981179,20.643032305569886,4,95.0,3.6,8.72,0,0,1.0,1.0,0.0622671397013532,EASY
R2355,6.968305505312073,111.49288808499317,4,95.0,1.0,81.89,0,1,0.3333333333333333,1.0,0.4380837037524445,EASY
R2356,6.815807981526976,6.815807981526976,1,380.0,3.6,59.67,0,0,1.0,1.0,0.0856796520155179,EASY
R2357,1.725219932692391,43.13049831730977,5,76.0,96.31,43.14,1,0,1.0,1.0,0.4023199348269992,EASY
R2358,1.3805517759012813,12.424965983111532,3,126.66666666666667,43.14,88.81,0,0,1.0,1.0,0.2181792841543618,EASY
R2359,23.343758071223768,373.5001291395803,4,95.0,3.6,69.63,0,1,0.3333333333333333,1.0,0.2030657873249428,EASY
R2360,2.158348869474319,8.633395477897276,2,190.0,168.58,16.56,0,0,1.0,1.0,0.2319745448769124,EASY
R2361,3.702906130889264,14.811624523557056,2,190.0,2.83,24.65,0,0,0.6666666666666666,1.0,0.129243053497194,EASY
R2362,10.876648212316292,97.88983391084663,3,126.66666666666667,320.0,81.89,1,0,1.0,1.0,0.0719342824363275,EASY
R2363,2.2263461395081623,35.6215382321306,4,95.0,168.58,81.89,1,0,1.0,1.0,0.1781410556865097,EASY
R2364,4.896192738052624,78.33908380884198,4,95.0,7.42,69.63,0,0,0.6666666666666666,1.0,0.183252846621863,EASY
R2365,5.7678803257619204,144.197008144048,5,76.0,88.81,59.67,1,0,1.0,1.0,0.1642070189952147,EASY
R2366,3.2581161772247875,13.03246470889915,2,190.0,24.65,70.18,0,0,1.0,1.0,0.1814612983896628,EASY
R2367,3.6096370413539103,14.438548165415641,2,190.0,320.0,26.73,1,0,1.0,1.0,0.2295345516137859,EASY
R2368,4.087342447943988,36.786082031495894,3,126.66666666666667,168.58,26.73,1,0,1.0,1.0,0.2189458150022936,EASY
R2369,0.6076837131808676,9.722939410893881,4,95.0,3.6,6.84,0,0,1.0,1.0,0.2559917195656418,EASY
R2370,1.3919495072180668,12.527545564962601,3,126.66666666666667,50.74,59.21,0,0,1.0,1.0,0.3843952987957335,EASY
R2371,2.678116502587493,2.678116502587493,1,380.0,50.74,81.89,0,0,1.0,1.0,0.0547611201593145,EASY
R2372,5.025899035022516,80.41438456036026,4,95.0,3.6,24.65,0,0,1.0,1.0,0.1353121137639373,EASY
R2373,0.45917965352267565,1.8367186140907026,2,190.0,88.81,69.63,0,0,1.0,1.0,0.3539552703502606,EASY
R2374,23.80883710884344,595.220927721086,5,76.0,168.58,81.89,1,0,1.0,1.0,0.0855130654022489,EASY
R2375,3.906866416993757,35.16179775294381,3,126.66666666666667,70.18,19.48,0,0,1.0,1.0,0.0728128872448875,EASY
R2376,6.019712949931238,54.17741654938114,3,126.66666666666667,88.81,132.17,0,0,1.0,1.0,0.2145861444375568,EASY
R2377,9.452259968452696,236.3064992113174,5,76.0,50.74,88.81,0,0,0.6666666666666666,1.0,0.1131277026287122,EASY
R2378,1.692861068408569,15.23574961567712,3,126.66666666666667,81.89,81.89,0,0,1.0,1.0,0.3209059872916828,EASY
R2379,2.2263893772980383,8.905557509192153,2,190.0,43.14,81.89,0,0,1.0,1.0,0.2611682316352829,EASY
R2380,2.0182651886574328,32.292243018518924,4,95.0,2.4,88.81,0,0,1.0,1.0,0.3472426376719001,EASY
R2381,2.8079624280976634,44.927398849562614,4,95.0,59.67,81.89,0,0,1.0,1.0,0.2155759532040931,EASY
R2382,1.3847267216094492,1.3847267216094492,1,380.0,4.6,88.81,0,0,1.0,1.0,0.416335461300837,EASY
R2383,6.08273008060416,152.068252015104,5,76.0,43.14,69.63,0,0,1.0,1.0,0.1743864315169529,EASY
R2384,8.161476398302904,8.161476398302904,1,380.0,11.97,50.74,0,0,0.6666666666666666,1.0,0.448849093645538,EASY
R2385,2.1443997040260365,53.60999260065091,5,76.0,2.83,88.81,0,0,0.6666666666666666,1.0,0.421838269212861,EASY
R2386,2.7652537817888074,44.24406050862092,4,95.0,50.74,70.18,0,0,1.0,1.0,0.352923074864776,EASY
R2387,3.230274027848403,116.2898650025425,6,63.333333333333336,133.21,31.43,1,0,1.0,1.0,0.3625983917712845,EASY
R2388,6.802388135819557,27.209552543278228,2,190.0,31.19,59.67,0,0,1.0,1.0,0.3871622184299029,EASY
R2389,18.418595296614125,294.697524745826,4,95.0,320.0,88.81,1,1,0.0,1.0,0.4443284679588216,EASY
R2390,2.9736964140792015,107.05307090685125,6,63.333333333333336,2.42,88.81,0,0,1.0,1.0,0.4426695656973952,EASY
R2391,1.7333102207251034,6.933240882900414,2,190.0,59.67,81.89,0,0,1.0,1.0,0.3607230284555606,EASY
R2392,1.1369273802093371,18.190838083349394,4,95.0,96.31,133.21,1,0,1.0,1.0,0.1377176356003316,EASY
R2393,2.1505699240219087,19.35512931619718,3,126.66666666666667,168.58,1.27,1,0,1.0,1.0,0.1674373401162167,EASY
R2394,2.6868239612616014,24.181415651354413,3,126.66666666666667,5.36,50.74,0,0,1.0,1.0,0.3807292026224493,EASY
R2395,1.4796865978463445,36.99216494615861,5,76.0,132.17,88.81,1,0,1.0,1.0,0.1097446913872004,EASY
R2396,3.422051091401956,123.19383929047041,6,63.333333333333336,2.83,88.81,0,0,0.6666666666666666,1.0,0.2883280226970228,EASY
R2397,2.180500443417991,54.51251108544978,5,76.0,6.31,88.81,0,0,0.6666666666666666,1.0,0.4396584760624308,EASY
R2398,2.6717393911711462,42.74783025873834,4,95.0,168.58,81.89,1,0,1.0,1.0,0.0898029183901183,EASY
R2399,1.3126502307897632,21.00240369263621,4,95.0,5.36,36.68,0,0,1.0,1.0,0.2040705915375029,EASY
R2400,2.91683940393693,46.66943046299088,4,95.0,6.84,69.63,0,0,1.0,1.0,0.4037107661004501,EASY
