rocket_id,Kp,opt_Kd,sr,rms
S19027,0.05,0.5,0.8,5.762522498612337
S19027,0.06681533234232374,0.5,0.8,5.657993784574203
S19027,0.08928577272030351,0.5,0.8,5.634097774111357
S19027,0.11931317155496526,0.5,0.8,5.572527803117528
S19027,0.1594389842052339,0.5,0.8,5.477239095294792
S19027,0.21305937435990424,0.5,0.8,5.3094513508207175
S19027,0.2847126581300915,0.5,0.8,5.077235568305039
S19027,0.38046341750056945,0.5,0.8,4.842959872625562
S19027,0.5084157936879365,0.5,0.8,4.537526841096317
S19027,0.6793994044669157,0.5,0.8666666666666667,4.129892539804973
S19027,0.9078859400526766,0.5,0.8666666666666667,3.765691050061454
S19027,1.213214016270852,0.5,1.0,3.231854783092921
S19027,1.621225953990047,0.5,1.0,2.762775769831669
S19027,2.1664550183569187,0.5,1.0,2.3314942560422818
S19027,2.895048241124252,0.5,1.0,1.9555074954820735
S19027,3.868672207555537,0.5,1.0,1.641865591321999
S19027,5.1697323854266894,0.5,1.0,1.368430374069504
S19027,6.908347749063168,0.5,1.0,1.16880399289303
S19027,9.231671015799996,0.5,1.0,1.062825773250341
S19027,12.336343339913496,0.5,1.0,0.9869003034621752
S19027,16.485137602906647,0.5,1.0,0.9855399489270972
S19027,22.02919895294292,0.5,1.0,1.0078110475780562
S19027,29.43776498552103,0.5,1.0,1.0392694489508973
S19027,39.33788101845618,0.5,1.0,1.1924113513181505
S19027,52.567471877818775,0.5,1.0,1.7487541167550118
S19027,70.24626207824446,0.5,0.6666666666666666,3.528337484406536
S19027,93.87054693127754,0.5,0.26666666666666666,9.400427932156543
S19027,125.43983580738016,0.5,0.13333333333333333,35.579591605887536
S19027,167.62608636873256,0.5,0.0,63.464886142279376
S19027,223.99985339939863,0.5,0.0,99.23819669409346
S19027,299.33249299025266,0.5,0.0,133.71742755176203
S19027,400.0,0.5,0.0,164.1021576485153
S13476,0.05,0.5,0.6,6.937841413953573
S13476,0.06681533234232374,0.5,0.6,6.880266369742198
S13476,0.08928577272030351,0.5,0.6,6.75642162222566
S13476,0.11931317155496526,0.5,0.6,6.611405903864224
S13476,0.1594389842052339,0.5,0.7333333333333333,6.381138312976531
S13476,0.21305937435990424,0.5,0.8,6.1207552460124965
S13476,0.2847126581300915,0.5,0.8,5.856594969169845
S13476,0.38046341750056945,0.5,0.8,5.44626088843212
S13476,0.5084157936879365,0.5,0.8,4.965915563301181
S13476,0.6793994044669157,0.5,0.8,4.4068455261722015
S13476,0.9078859400526766,0.5,0.8666666666666667,3.81821312347783
S13476,1.213214016270852,0.5,0.9333333333333333,3.2421256610700664
S13476,1.621225953990047,0.5,1.0,2.6644975990200184
S13476,2.1664550183569187,0.5,1.0,2.2222580200758046
S13476,2.895048241124252,0.5,1.0,1.8631760725094968
S13476,3.868672207555537,0.5,1.0,1.5644973586862496
S13476,5.1697323854266894,0.5,1.0,1.256413217213891
S13476,6.908347749063168,0.5,1.0,1.0971994428751948
S13476,9.231671015799996,0.5,1.0,0.9861318726564368
S13476,12.336343339913496,0.5,1.0,0.9122927153059053
S13476,16.485137602906647,0.5,1.0,0.8270484848846311
S13476,22.02919895294292,0.5,1.0,0.7831135356706725
S13476,29.43776498552103,0.5,1.0,0.7554394571318911
S13476,39.33788101845618,0.5,1.0,0.8497292984669366
S13476,52.567471877818775,0.5,1.0,1.1376650419927503
S13476,70.24626207824446,0.5,1.0,1.6122600602639907
S13476,93.87054693127754,0.5,0.8,2.816006012278463
S13476,125.43983580738016,0.5,0.4,7.692782767562934
S13476,167.62608636873256,0.5,0.06666666666666667,17.420104011905917
S13476,223.99985339939863,0.5,0.0,26.33218596051942
S13476,299.33249299025266,0.5,0.0,34.30486041393108
S13476,400.0,0.5,0.0,41.11674753335329
S23513,0.05,0.5,0.6666666666666666,8.688279248885328
S23513,0.06681533234232374,0.5,0.6666666666666666,8.590641917115951
S23513,0.08928577272030351,0.5,0.7333333333333333,8.477705428851253
S23513,0.11931317155496526,0.5,0.7333333333333333,8.278786080091658
S23513,0.1594389842052339,0.5,0.8,8.099148671100156
S23513,0.21305937435990424,0.5,0.8,7.792392977272666
S23513,0.2847126581300915,0.5,0.8,7.404112727691847
S23513,0.38046341750056945,0.5,0.8,6.921949077501637
S23513,0.5084157936879365,0.5,0.8,6.372155976252424
S23513,0.6793994044669157,0.5,0.8,5.699720947356383
S23513,0.9078859400526766,0.5,0.8666666666666667,4.9656200967422
S23513,1.213214016270852,0.5,0.9333333333333333,4.2389185669716465
S23513,1.621225953990047,0.5,1.0,3.5825831888924915
S23513,2.1664550183569187,0.5,1.0,3.0166786415464713
S23513,2.895048241124252,0.5,1.0,2.519311274345754
S23513,3.868672207555537,0.5,1.0,2.074166007893844
S23513,5.1697323854266894,0.5,1.0,1.683024234706994
S23513,6.908347749063168,0.5,1.0,1.4937118065008148
S23513,9.231671015799996,0.5,1.0,1.3724017587192665
S23513,12.336343339913496,0.5,1.0,1.2214181239287556
S23513,16.485137602906647,0.5,1.0,1.1030810994709397
S23513,22.02919895294292,0.5,1.0,0.9020652415395315
S23513,29.43776498552103,0.5,1.0,0.9287152899303811
S23513,39.33788101845618,0.5,1.0,1.0018876622039072
S23513,52.567471877818775,0.5,1.0,1.2683558853576609
S23513,70.24626207824446,0.5,1.0,1.9534488522349243
S23513,93.87054693127754,0.5,0.7333333333333333,4.232866909765869
S23513,125.43983580738016,0.5,0.26666666666666666,14.816444799248265
S23513,167.62608636873256,0.5,0.0,37.93612791928765
S23513,223.99985339939863,0.5,0.0,63.70115739558927
S23513,299.33249299025266,0.5,0.0,91.01518087659898
S23513,400.0,0.5,0.0,105.90228576772715
S15626,0.05,0.5,0.8666666666666667,4.18878631974599
S15626,0.06681533234232374,0.5,0.8666666666666667,4.159953604780447
S15626,0.08928577272030351,0.5,0.8666666666666667,4.138390688631019
S15626,0.11931317155496526,0.5,0.8666666666666667,4.0967710612425625
S15626,0.1594389842052339,0.5,0.8666666666666667,4.051008597726268
S15626,0.21305937435990424,0.5,0.8666666666666667,3.990841280542924
S15626,0.2847126581300915,0.5,0.8666666666666667,3.903174225245076
S15626,0.38046341750056945,0.5,0.8666666666666667,3.7995266748448477
S15626,0.5084157936879365,0.5,0.8666666666666667,3.6729317905593346
S15626,0.6793994044669157,0.5,0.8666666666666667,3.4982575741699815
S15626,0.9078859400526766,0.5,0.8666666666666667,3.274342548098164
S15626,1.213214016270852,0.5,0.9333333333333333,3.018892079802038
S15626,1.621225953990047,0.5,0.9333333333333333,2.702543274122299
S15626,2.1664550183569187,0.5,1.0,2.3709903190436745
S15626,2.895048241124252,0.5,1.0,2.0230884235648
S15626,3.868672207555537,0.5,1.0,1.7141320088609
S15626,5.1697323854266894,0.5,1.0,1.4392757238706473
S15626,6.908347749063168,0.5,1.0,1.2094364332023086
S15626,9.231671015799996,0.5,1.0,1.0217498887584573
S15626,12.336343339913496,0.5,1.0,0.9212032881403783
S15626,16.485137602906647,0.5,1.0,0.9207187831955075
S15626,22.02919895294292,0.5,1.0,0.9004969960817609
S15626,29.43776498552103,0.5,1.0,0.8356764120749475
S15626,39.33788101845618,0.5,1.0,0.8071547147399301
S15626,52.567471877818775,0.5,1.0,0.8468478314019786
S15626,70.24626207824446,0.5,1.0,1.045580173386523
S15626,93.87054693127754,0.5,1.0,1.5057282720131933
S15626,125.43983580738016,0.5,0.8,2.9744343369715605
S15626,167.62608636873256,0.5,0.5333333333333333,5.551538869967909
S15626,223.99985339939863,0.5,0.3333333333333333,8.414775783578696
S15626,299.33249299025266,0.5,0.26666666666666666,11.060009176121019
S15626,400.0,0.5,0.13333333333333333,14.517867806194925
S26985,0.05,0.5,0.8666666666666667,2.9268894886298225
S26985,0.06681533234232374,0.5,0.8666666666666667,2.889178197776102
S26985,0.08928577272030351,0.5,0.9333333333333333,2.8387841643911127
S26985,0.11931317155496526,0.5,0.9333333333333333,2.78298696279789
S26985,0.1594389842052339,0.5,0.9333333333333333,2.7228661979659137
S26985,0.21305937435990424,0.5,0.9333333333333333,2.6673783669655666
S26985,0.2847126581300915,0.5,0.9333333333333333,2.498837670209758
S26985,0.38046341750056945,0.5,1.0,2.3401623117096673
S26985,0.5084157936879365,0.5,1.0,2.1717720176511346
S26985,0.6793994044669157,0.5,1.0,1.954954702133606
S26985,0.9078859400526766,0.5,1.0,1.7007980987140767
S26985,1.213214016270852,0.5,1.0,1.4271782988385022
S26985,1.621225953990047,0.5,1.0,1.2195076782189254
S26985,2.1664550183569187,0.5,1.0,1.009320634484782
S26985,2.895048241124252,0.5,1.0,0.8638996719476965
S26985,3.868672207555537,0.5,1.0,0.7408423125134799
S26985,5.1697323854266894,0.5,1.0,0.6617089596329475
S26985,6.908347749063168,0.5,1.0,0.6354821212170418
S26985,9.231671015799996,0.5,1.0,0.6066270953405158
S26985,12.336343339913496,0.5,1.0,0.5356334653540517
S26985,16.485137602906647,0.5,1.0,0.4952039405724801
S26985,22.02919895294292,0.5,1.0,0.45716641740301983
S26985,29.43776498552103,0.5,1.0,0.5120949099966305
S26985,39.33788101845618,0.5,1.0,0.5206217738323934
S26985,52.567471877818775,0.5,1.0,0.6788752189634083
S26985,70.24626207824446,0.5,1.0,1.1442524794345064
S26985,93.87054693127754,0.5,0.9333333333333333,2.4741011999623073
S26985,125.43983580738016,0.5,0.26666666666666666,7.330592331512994
S26985,167.62608636873256,0.5,0.0,20.562325318966938
S26985,223.99985339939863,0.5,0.0,30.32486261050326
S26985,299.33249299025266,0.5,0.0,46.35418294674543
S26985,400.0,0.5,0.0,59.48889473138515
S24082,0.05,0.5,0.8,4.424155514902802
S24082,0.06681533234232374,0.5,0.8,4.39786043462984
S24082,0.08928577272030351,0.5,0.8,4.360321236167173
S24082,0.11931317155496526,0.5,0.8,4.297204041024187
S24082,0.1594389842052339,0.5,0.8,4.243321839036641
S24082,0.21305937435990424,0.5,0.8666666666666667,4.144100228525648
S24082,0.2847126581300915,0.5,0.8666666666666667,4.0282392356076215
S24082,0.38046341750056945,0.5,0.8666666666666667,3.8910507577128466
S24082,0.5084157936879365,0.5,0.8666666666666667,3.694018066454737
S24082,0.6793994044669157,0.5,0.8666666666666667,3.4622287872276227
S24082,0.9078859400526766,0.5,0.9333333333333333,3.1713787177248065
S24082,1.213214016270852,0.5,0.9333333333333333,2.847899257404681
S24082,1.621225953990047,0.5,1.0,2.479629164798915
S24082,2.1664550183569187,0.5,1.0,2.1312029271678004
S24082,2.895048241124252,0.5,1.0,1.8015580422130077
S24082,3.868672207555537,0.5,1.0,1.5179220637727373
S24082,5.1697323854266894,0.5,1.0,1.2752868723572914
S24082,6.908347749063168,0.5,1.0,1.0719117968693932
S24082,9.231671015799996,0.5,1.0,0.9615831679946168
S24082,12.336343339913496,0.5,1.0,0.9540527162952408
S24082,16.485137602906647,0.5,1.0,0.9116523179242487
S24082,22.02919895294292,0.5,1.0,0.8667552621411231
S24082,29.43776498552103,0.5,1.0,0.8122669613340977
S24082,39.33788101845618,0.5,1.0,0.8538035605987552
S24082,52.567471877818775,0.5,1.0,0.9855998933220994
S24082,70.24626207824446,0.5,1.0,1.3096853044950885
S24082,93.87054693127754,0.5,0.8666666666666667,2.718923931208706
S24082,125.43983580738016,0.5,0.26666666666666666,7.2858575394145095
S24082,167.62608636873256,0.5,0.13333333333333333,17.91782532268274
S24082,223.99985339939863,0.5,0.0,31.675447914324618
S24082,299.33249299025266,0.5,0.0,40.70958389289185
S24082,400.0,0.5,0.0,58.30738837520671
S10829,0.05,0.5,1.0,1.6057195600238023
S10829,0.06681533234232374,0.5,1.0,1.593088732330191
S10829,0.08928577272030351,0.5,1.0,1.5654334602312676
S10829,0.11931317155496526,0.5,1.0,1.540076536735545
S10829,0.1594389842052339,0.5,1.0,1.5139198225651593
S10829,0.21305937435990424,0.5,1.0,1.4755978429757344
S10829,0.2847126581300915,0.5,1.0,1.4239231199830087
S10829,0.38046341750056945,0.5,1.0,1.3652952708949153
S10829,0.5084157936879365,0.5,1.0,1.2944401939427244
S10829,0.6793994044669157,0.5,1.0,1.1910426785903625
S10829,0.9078859400526766,0.5,1.0,1.08348035655924
S10829,1.213214016270852,0.5,1.0,0.9313008047285943
S10829,1.621225953990047,0.5,1.0,0.7973050383579124
S10829,2.1664550183569187,0.5,1.0,0.6586884205928468
S10829,2.895048241124252,0.5,1.0,0.5660068204922212
S10829,3.868672207555537,0.5,1.0,0.49448512319195503
S10829,5.1697323854266894,0.5,1.0,0.46177133999894876
S10829,6.908347749063168,0.5,1.0,0.4562815799649015
S10829,9.231671015799996,0.5,1.0,0.46770141670723925
S10829,12.336343339913496,0.5,1.0,0.4670713696590713
S10829,16.485137602906647,0.5,1.0,0.43441798741604476
S10829,22.02919895294292,0.5,1.0,0.4019151884292358
S10829,29.43776498552103,0.5,1.0,0.44404548249412557
S10829,39.33788101845618,0.5,1.0,0.44740061502224926
S10829,52.567471877818775,0.5,1.0,0.46083890391358867
S10829,70.24626207824446,0.5,1.0,0.7031033157990368
S10829,93.87054693127754,0.5,1.0,1.6211635973574758
S10829,125.43983580738016,0.5,0.4,6.970339088761281
S10829,167.62608636873256,0.5,0.06666666666666667,21.561001760941377
S10829,223.99985339939863,0.5,0.0,40.08875676533271
S10829,299.33249299025266,0.5,0.0,48.923770238956784
S10829,400.0,0.5,0.0,63.78580782849613
S21297,0.05,0.5,0.9333333333333333,2.5129607543137467
S21297,0.06681533234232374,0.5,0.9333333333333333,2.4962993463738523
S21297,0.08928577272030351,0.5,0.9333333333333333,2.4738498276546905
S21297,0.11931317155496526,0.5,0.9333333333333333,2.438273164722172
S21297,0.1594389842052339,0.5,0.9333333333333333,2.3981647683103775
S21297,0.21305937435990424,0.5,0.9333333333333333,2.3436962018379246
S21297,0.2847126581300915,0.5,1.0,2.2706940875928017
S21297,0.38046341750056945,0.5,1.0,2.1769271587572447
S21297,0.5084157936879365,0.5,1.0,2.06307595393012
S21297,0.6793994044669157,0.5,1.0,1.920736103092281
S21297,0.9078859400526766,0.5,1.0,1.7549952888114475
S21297,1.213214016270852,0.5,1.0,1.5595286883689459
S21297,1.621225953990047,0.5,1.0,1.3498693188612845
S21297,2.1664550183569187,0.5,1.0,1.1433132480374446
S21297,2.895048241124252,0.5,1.0,0.9547076761057347
S21297,3.868672207555537,0.5,1.0,0.804642736562347
S21297,5.1697323854266894,0.5,1.0,0.689820736174306
S21297,6.908347749063168,0.5,1.0,0.6160734956482069
S21297,9.231671015799996,0.5,1.0,0.5927875517341945
S21297,12.336343339913496,0.5,1.0,0.5999563950068618
S21297,16.485137602906647,0.5,1.0,0.5667295903169863
S21297,22.02919895294292,0.5,1.0,0.5435425375729243
S21297,29.43776498552103,0.5,1.0,0.4990608656815892
S21297,39.33788101845618,0.5,1.0,0.5699104493521118
S21297,52.567471877818775,0.5,1.0,0.5964083887690224
S21297,70.24626207824446,0.5,1.0,0.833717553655202
S21297,93.87054693127754,0.5,1.0,1.5626151613114496
S21297,125.43983580738016,0.5,0.5333333333333333,4.949091893540535
S21297,167.62608636873256,0.5,0.26666666666666666,11.065285819386222
S21297,223.99985339939863,0.5,0.06666666666666667,20.35193183979254
S21297,299.33249299025266,0.5,0.0,23.749792985536104
S21297,400.0,0.5,0.0,29.77353345285066
S5662,0.05,0.5,0.8,4.262335166379965
S5662,0.06681533234232374,0.5,0.8666666666666667,4.215008732073
S5662,0.08928577272030351,0.5,0.8,4.170421305193702
S5662,0.11931317155496526,0.5,0.8666666666666667,4.14531858248796
S5662,0.1594389842052339,0.5,0.8666666666666667,4.057264098347976
S5662,0.21305937435990424,0.5,0.8666666666666667,3.974564081866714
S5662,0.2847126581300915,0.5,0.8666666666666667,3.8410648773366747
S5662,0.38046341750056945,0.5,0.8666666666666667,3.670641318651706
S5662,0.5084157936879365,0.5,0.8666666666666667,3.4992358378597075
S5662,0.6793994044669157,0.5,0.8666666666666667,3.2320232485329945
S5662,0.9078859400526766,0.5,0.9333333333333333,2.9317309064079953
S5662,1.213214016270852,0.5,1.0,2.580660694946308
S5662,1.621225953990047,0.5,1.0,2.2243997928798507
S5662,2.1664550183569187,0.5,1.0,1.8583237087739728
S5662,2.895048241124252,0.5,1.0,1.5377447049625013
S5662,3.868672207555537,0.5,1.0,1.2906791128778323
S5662,5.1697323854266894,0.5,1.0,1.0795591406880776
S5662,6.908347749063168,0.5,1.0,0.8964819615581447
S5662,9.231671015799996,0.5,1.0,0.812520916626055
S5662,12.336343339913496,0.5,1.0,0.8040287947219099
S5662,16.485137602906647,0.5,1.0,0.7422650274145256
S5662,22.02919895294292,0.5,1.0,0.7247742951391819
S5662,29.43776498552103,0.5,1.0,0.6917541678503544
S5662,39.33788101845618,0.5,1.0,0.8092940066259297
S5662,52.567471877818775,0.5,1.0,0.9365524273135027
S5662,70.24626207824446,0.5,1.0,1.571424600033519
S5662,93.87054693127754,0.5,0.8,3.5531242683136353
S5662,125.43983580738016,0.5,0.4,9.778843333016798
S5662,167.62608636873256,0.5,0.0,21.62223705752665
S5662,223.99985339939863,0.5,0.0,36.12406263609856
S5662,299.33249299025266,0.5,0.0,46.46703947535545
S5662,400.0,0.5,0.0,56.10486148956951
S3075,0.05,0.5,0.8666666666666667,3.677999128581339
S3075,0.06681533234232374,0.5,0.8666666666666667,3.641010402105359
S3075,0.08928577272030351,0.5,0.8666666666666667,3.5880627685726862
S3075,0.11931317155496526,0.5,0.9333333333333333,3.553173343121213
S3075,0.1594389842052339,0.5,0.8666666666666667,3.5037161423432233
S3075,0.21305937435990424,0.5,0.9333333333333333,3.4062724757920644
S3075,0.2847126581300915,0.5,0.9333333333333333,3.2900230609458467
S3075,0.38046341750056945,0.5,0.9333333333333333,3.1815475654846224
S3075,0.5084157936879365,0.5,1.0,3.0184205428692343
S3075,0.6793994044669157,0.5,1.0,2.740105020135531
S3075,0.9078859400526766,0.5,1.0,2.4812425941590965
S3075,1.213214016270852,0.5,1.0,2.20762685446316
S3075,1.621225953990047,0.5,1.0,1.9058705206648412
S3075,2.1664550183569187,0.5,1.0,1.6207024094859481
S3075,2.895048241124252,0.5,1.0,1.3550684821348695
S3075,3.868672207555537,0.5,1.0,1.1459004296188102
S3075,5.1697323854266894,0.5,1.0,0.9718334390378703
S3075,6.908347749063168,0.5,1.0,0.8241631105264219
S3075,9.231671015799996,0.5,1.0,0.7357389076225729
S3075,12.336343339913496,0.5,1.0,0.6983407150693648
S3075,16.485137602906647,0.5,1.0,0.6389435306998359
S3075,22.02919895294292,0.5,1.0,0.6600558770674675
S3075,29.43776498552103,0.5,1.0,0.7123604939265265
S3075,39.33788101845618,0.5,1.0,0.9122861765069039
S3075,52.567471877818775,0.5,1.0,1.2204385433036722
S3075,70.24626207824446,0.5,0.9333333333333333,2.3066544097902195
S3075,93.87054693127754,0.5,0.4,5.194748291484475
S3075,125.43983580738016,0.5,0.6,6.860772999164777
S3075,167.62608636873256,0.5,0.13333333333333333,10.866683396021138
S3075,223.99985339939863,0.5,0.06666666666666667,12.177643194233667
S3075,299.33249299025266,0.5,0.13333333333333333,15.263425388167457
S3075,400.0,0.5,0.0,18.361338489237465
S10538,0.05,0.5,1.0,1.8406659613485348
S10538,0.06681533234232374,0.5,1.0,1.8316652801358626
S10538,0.08928577272030351,0.5,1.0,1.8189486578552554
S10538,0.11931317155496526,0.5,1.0,1.798509933013759
S10538,0.1594389842052339,0.5,1.0,1.7615229998726354
S10538,0.21305937435990424,0.5,1.0,1.7291164532418515
S10538,0.2847126581300915,0.5,1.0,1.6751482776877895
S10538,0.38046341750056945,0.5,1.0,1.582188339526274
S10538,0.5084157936879365,0.5,1.0,1.5182929715326317
S10538,0.6793994044669157,0.5,1.0,1.4188251796597353
S10538,0.9078859400526766,0.5,1.0,1.2952026171341149
S10538,1.213214016270852,0.5,1.0,1.139943157266344
S10538,1.621225953990047,0.5,1.0,0.9992272923164809
S10538,2.1664550183569187,0.5,1.0,0.8475146279347715
S10538,2.895048241124252,0.5,1.0,0.7080194604004088
S10538,3.868672207555537,0.5,1.0,0.6072599178772861
S10538,5.1697323854266894,0.5,1.0,0.535059884208727
S10538,6.908347749063168,0.5,1.0,0.48591890289317247
S10538,9.231671015799996,0.5,1.0,0.48275416948448746
S10538,12.336343339913496,0.5,1.0,0.5001788963830109
S10538,16.485137602906647,0.5,1.0,0.48359810007797727
S10538,22.02919895294292,0.5,1.0,0.4723724455197155
S10538,29.43776498552103,0.5,1.0,0.4521874413587345
S10538,39.33788101845618,0.5,1.0,0.5654985926658179
S10538,52.567471877818775,0.5,1.0,0.5994096007331173
S10538,70.24626207824446,0.5,1.0,0.9387143713651168
S10538,93.87054693127754,0.5,0.8666666666666667,2.2959874480327027
S10538,125.43983580738016,0.5,0.26666666666666666,11.257455943091097
S10538,167.62608636873256,0.5,0.0,30.19225061782134
S10538,223.99985339939863,0.5,0.0,44.497664035188805
S10538,299.33249299025266,0.5,0.0,58.91594793122736
S10538,400.0,0.5,0.0,77.75392289341328
S13387,0.05,0.5,0.8,5.622681177416718
S13387,0.06681533234232374,0.5,0.8,5.5634738237513455
S13387,0.08928577272030351,0.5,0.8,5.513031079925546
S13387,0.11931317155496526,0.5,0.8,5.449000351517778
S13387,0.1594389842052339,0.5,0.8,5.338874775045953
S13387,0.21305937435990424,0.5,0.8,5.237757180977828
S13387,0.2847126581300915,0.5,0.8,5.055303858398385
S13387,0.38046341750056945,0.5,0.8,4.879760219590162
S13387,0.5084157936879365,0.5,0.8,4.607479410731455
S13387,0.6793994044669157,0.5,0.8,4.282613939357165
S13387,0.9078859400526766,0.5,0.8666666666666667,3.927991249723339
S13387,1.213214016270852,0.5,0.8666666666666667,3.4581003934013332
S13387,1.621225953990047,0.5,0.9333333333333333,2.9794920892305696
S13387,2.1664550183569187,0.5,1.0,2.5149821448196614
S13387,2.895048241124252,0.5,1.0,2.0986323073856386
S13387,3.868672207555537,0.5,1.0,1.7574773925284217
S13387,5.1697323854266894,0.5,1.0,1.4687684112018202
S13387,6.908347749063168,0.5,1.0,1.2130986472771503
S13387,9.231671015799996,0.5,1.0,1.0761230854261434
S13387,12.336343339913496,0.5,1.0,1.069739446165386
S13387,16.485137602906647,0.5,1.0,0.999376544450793
S13387,22.02919895294292,0.5,1.0,0.9272101296647198
S13387,29.43776498552103,0.5,1.0,0.9140536926598334
S13387,39.33788101845618,0.5,1.0,1.0504761309784578
S13387,52.567471877818775,0.5,1.0,1.3600388224827038
S13387,70.24626207824446,0.5,1.0,2.4576391651839673
S13387,93.87054693127754,0.5,0.5333333333333333,5.092898384802663
S13387,125.43983580738016,0.5,0.26666666666666666,8.413484769960611
S13387,167.62608636873256,0.5,0.13333333333333333,11.523278226551895
S13387,223.99985339939863,0.5,0.0,14.698539271044526
S13387,299.33249299025266,0.5,0.13333333333333333,15.600865190698489
S13387,400.0,0.5,0.0,18.667777675072745
S5776,0.05,0.5,0.8,5.2756126989576915
S5776,0.06681533234232374,0.5,0.8,5.270308714510381
S5776,0.08928577272030351,0.5,0.8,5.222317560991078
S5776,0.11931317155496526,0.5,0.8,5.13735174272267
S5776,0.1594389842052339,0.5,0.8,5.055695497238179
S5776,0.21305937435990424,0.5,0.8,4.975178728606581
S5776,0.2847126581300915,0.5,0.8,4.841651468123894
S5776,0.38046341750056945,0.5,0.8,4.65141052608382
S5776,0.5084157936879365,0.5,0.8,4.419295109562948
S5776,0.6793994044669157,0.5,0.8666666666666667,4.14537038478561
S5776,0.9078859400526766,0.5,0.8666666666666667,3.803801473185397
S5776,1.213214016270852,0.5,0.8666666666666667,3.3820828308527258
S5776,1.621225953990047,0.5,1.0,2.9314044452402546
S5776,2.1664550183569187,0.5,1.0,2.4766424377545535
S5776,2.895048241124252,0.5,1.0,2.065193976938683
S5776,3.868672207555537,0.5,1.0,1.7249699806489383
S5776,5.1697323854266894,0.5,1.0,1.4573032403678063
S5776,6.908347749063168,0.5,1.0,1.2141384105083335
S5776,9.231671015799996,0.5,1.0,1.054163076012316
S5776,12.336343339913496,0.5,1.0,1.0344108029096688
S5776,16.485137602906647,0.5,1.0,1.0190640638613349
S5776,22.02919895294292,0.5,1.0,0.9918602188873731
S5776,29.43776498552103,0.5,1.0,1.0881831223961371
S5776,39.33788101845618,0.5,1.0,1.089631335317328
S5776,52.567471877818775,0.5,1.0,1.5499865608463606
S5776,70.24626207824446,0.5,0.8,2.782267246253976
S5776,93.87054693127754,0.5,0.3333333333333333,6.993554926451548
S5776,125.43983580738016,0.5,0.06666666666666667,16.092104233906237
S5776,167.62608636873256,0.5,0.0,28.247324134710755
S5776,223.99985339939863,0.5,0.0,42.94162327550898
S5776,299.33249299025266,0.5,0.0,52.06425830364765
S5776,400.0,0.5,0.0,59.20903292034578
S23022,0.05,0.5,1.0,1.6640800999481264
S23022,0.06681533234232374,0.5,1.0,1.6428443545976836
S23022,0.08928577272030351,0.5,1.0,1.6377581088855122
S23022,0.11931317155496526,0.5,1.0,1.603436790679988
S23022,0.1594389842052339,0.5,1.0,1.5821269905855673
S23022,0.21305937435990424,0.5,1.0,1.5273763968501728
S23022,0.2847126581300915,0.5,1.0,1.5019093178162994
S23022,0.38046341750056945,0.5,1.0,1.3875378406847536
S23022,0.5084157936879365,0.5,1.0,1.31872883390013
S23022,0.6793994044669157,0.5,1.0,1.2086107708226348
S23022,0.9078859400526766,0.5,1.0,1.0730350804708082
S23022,1.213214016270852,0.5,1.0,0.9471847991627779
S23022,1.621225953990047,0.5,1.0,0.8418890722514518
S23022,2.1664550183569187,0.5,1.0,0.7054423257661088
S23022,2.895048241124252,0.5,1.0,0.6305594152591678
S23022,3.868672207555537,0.5,1.0,0.5590927222190085
S23022,5.1697323854266894,0.5,1.0,0.5066915340398451
S23022,6.908347749063168,0.5,1.0,0.4772431169758251
S23022,9.231671015799996,0.5,1.0,0.4932665799542193
S23022,12.336343339913496,0.5,1.0,0.48928455145215005
S23022,16.485137602906647,0.5,1.0,0.4477359123069864
S23022,22.02919895294292,0.5,1.0,0.44946046714729104
S23022,29.43776498552103,0.5,1.0,0.46942933951627236
S23022,39.33788101845618,0.5,1.0,0.5542420374817587
S23022,52.567471877818775,0.5,1.0,0.7029262135265576
S23022,70.24626207824446,0.5,1.0,1.296583391163572
S23022,93.87054693127754,0.5,0.6,4.284033185747679
S23022,125.43983580738016,0.5,0.2,14.86683047839777
S23022,167.62608636873256,0.5,0.0,32.109144638032696
S23022,223.99985339939863,0.5,0.0,48.79565194077932
S23022,299.33249299025266,0.5,0.0,49.97478460545645
S23022,400.0,0.5,0.0,72.99620604512769
S6502,0.05,0.5,0.8666666666666667,2.8163019310862243
S6502,0.06681533234232374,0.5,0.8666666666666667,2.805705087016341
S6502,0.08928577272030351,0.5,0.9333333333333333,2.7569738586896135
S6502,0.11931317155496526,0.5,0.9333333333333333,2.6859560800501874
S6502,0.1594389842052339,0.5,0.9333333333333333,2.614686921500543
S6502,0.21305937435990424,0.5,0.9333333333333333,2.511091781336253
S6502,0.2847126581300915,0.5,0.9333333333333333,2.407001252469518
S6502,0.38046341750056945,0.5,1.0,2.2643067204038494
S6502,0.5084157936879365,0.5,1.0,2.0761791655353603
S6502,0.6793994044669157,0.5,1.0,1.887712246928234
S6502,0.9078859400526766,0.5,1.0,1.6548969146437782
S6502,1.213214016270852,0.5,1.0,1.4030223382920963
S6502,1.621225953990047,0.5,1.0,1.1782105181258509
S6502,2.1664550183569187,0.5,1.0,0.9717541655638404
S6502,2.895048241124252,0.5,1.0,0.8019108881298688
S6502,3.868672207555537,0.5,1.0,0.6910228837981497
S6502,5.1697323854266894,0.5,1.0,0.6127302770094774
S6502,6.908347749063168,0.5,1.0,0.603728409460264
S6502,9.231671015799996,0.5,1.0,0.5910956492862487
S6502,12.336343339913496,0.5,1.0,0.5566520998925297
S6502,16.485137602906647,0.5,1.0,0.5125468967787775
S6502,22.02919895294292,0.5,1.0,0.48679020481744445
S6502,29.43776498552103,0.5,1.0,0.4973455153733878
S6502,39.33788101845618,0.5,1.0,0.47429449997306333
S6502,52.567471877818775,0.5,1.0,0.6517726943415915
S6502,70.24626207824446,0.5,1.0,1.0736830355304514
S6502,93.87054693127754,0.5,0.7333333333333333,3.557169402144818
S6502,125.43983580738016,0.5,0.13333333333333333,13.212662786067392
S6502,167.62608636873256,0.5,0.0,31.37034642137617
S6502,223.99985339939863,0.5,0.0,43.65086344743413
S6502,299.33249299025266,0.5,0.0,61.138302701469634
S6502,400.0,0.5,0.0,63.59021899662691
S16540,0.05,0.5,1.0,2.0430512792604967
S16540,0.06681533234232374,0.5,1.0,2.0180445754848577
S16540,0.08928577272030351,0.5,1.0,2.003057122016534
S16540,0.11931317155496526,0.5,1.0,1.9895752390840225
S16540,0.1594389842052339,0.5,1.0,1.9705163813681936
S16540,0.21305937435990424,0.5,1.0,1.9352181567992077
S16540,0.2847126581300915,0.5,1.0,1.9070512418600414
S16540,0.38046341750056945,0.5,1.0,1.8491656819092828
S16540,0.5084157936879365,0.5,1.0,1.7652516522540445
S16540,0.6793994044669157,0.5,1.0,1.7023547708932043
S16540,0.9078859400526766,0.5,1.0,1.5794167653886346
S16540,1.213214016270852,0.5,1.0,1.4426415855619779
S16540,1.621225953990047,0.5,1.0,1.2950681525059824
S16540,2.1664550183569187,0.5,1.0,1.1321111890155697
S16540,2.895048241124252,0.5,1.0,0.950136453738482
S16540,3.868672207555537,0.5,1.0,0.7935366349053579
S16540,5.1697323854266894,0.5,1.0,0.6731258256353414
S16540,6.908347749063168,0.5,1.0,0.6062936721099254
S16540,9.231671015799996,0.5,1.0,0.549785213567531
S16540,12.336343339913496,0.5,1.0,0.5381752933934124
S16540,16.485137602906647,0.5,1.0,0.5637779927175844
S16540,22.02919895294292,0.5,1.0,0.53868109353748
S16540,29.43776498552103,0.5,1.0,0.5238097958390976
S16540,39.33788101845618,0.5,1.0,0.5879529210945635
S16540,52.567471877818775,0.5,1.0,0.821021775641036
S16540,70.24626207824446,0.5,1.0,1.1251966962655267
S16540,93.87054693127754,0.5,1.0,2.4014253267665095
S16540,125.43983580738016,0.5,0.4666666666666667,7.314521148368354
S16540,167.62608636873256,0.5,0.06666666666666667,16.507353327057018
S16540,223.99985339939863,0.5,0.0,27.7523465472474
S16540,299.33249299025266,0.5,0.0,40.26119956467541
S16540,400.0,0.5,0.0,45.893071466196524
S7552,0.05,0.5,0.7333333333333333,7.5030486794981925
S7552,0.06681533234232374,0.5,0.7333333333333333,7.462758707827805
S7552,0.08928577272030351,0.5,0.7333333333333333,7.421678412700257
S7552,0.11931317155496526,0.5,0.8,7.349034608244116
S7552,0.1594389842052339,0.5,0.8,7.254899855590183
S7552,0.21305937435990424,0.5,0.8,7.1460816135541965
S7552,0.2847126581300915,0.5,0.8,7.004112793290866
S7552,0.38046341750056945,0.5,0.8,6.810723428740144
S7552,0.5084157936879365,0.5,0.8,6.558729606552051
S7552,0.6793994044669157,0.5,0.8,6.244882571933298
S7552,0.9078859400526766,0.5,0.8,5.852265603505321
S7552,1.213214016270852,0.5,0.8,5.375372628972713
S7552,1.621225953990047,0.5,0.8,4.827550785032033
S7552,2.1664550183569187,0.5,0.8666666666666667,4.235418348248419
S7552,2.895048241124252,0.5,0.9333333333333333,3.6346680493126295
S7552,3.868672207555537,0.5,1.0,3.1030050946436747
S7552,5.1697323854266894,0.5,1.0,2.6544301016309353
S7552,6.908347749063168,0.5,1.0,2.262479418831008
S7552,9.231671015799996,0.5,1.0,1.9061882726719186
S7552,12.336343339913496,0.5,1.0,1.669833855223612
S7552,16.485137602906647,0.5,1.0,1.6952354583659073
S7552,22.02919895294292,0.5,1.0,1.6925468614672643
S7552,29.43776498552103,0.5,1.0,1.678917276386378
S7552,39.33788101845618,0.5,1.0,1.8490253020391427
S7552,52.567471877818775,0.5,1.0,2.183692899213815
S7552,70.24626207824446,0.5,0.9333333333333333,3.479092082947924
S7552,93.87054693127754,0.5,0.26666666666666666,6.599093096853517
S7552,125.43983580738016,0.5,0.13333333333333333,11.631591903774101
S7552,167.62608636873256,0.5,0.06666666666666667,15.988445242541474
S7552,223.99985339939863,0.5,0.06666666666666667,19.710041070611293
S7552,299.33249299025266,0.5,0.0,23.74335920150309
S7552,400.0,0.5,0.0,26.630184328457712
S28986,0.05,0.5,0.8666666666666667,3.4660927698077884
S28986,0.06681533234232374,0.5,0.9333333333333333,3.4237221919359277
S28986,0.08928577272030351,0.5,0.9333333333333333,3.4321400889535214
S28986,0.11931317155496526,0.5,0.9333333333333333,3.2765991363728597
S28986,0.1594389842052339,0.5,0.9333333333333333,3.2647971606263178
S28986,0.21305937435990424,0.5,0.9333333333333333,3.052367824217086
S28986,0.2847126581300915,0.5,0.9333333333333333,2.9833758271930995
S28986,0.38046341750056945,0.5,1.0,2.847676021480502
S28986,0.5084157936879365,0.5,1.0,2.5945716160702563
S28986,0.6793994044669157,0.5,1.0,2.3945916726379313
S28986,0.9078859400526766,0.5,1.0,2.065992953583464
S28986,1.213214016270852,0.5,1.0,1.7341964717108678
S28986,1.621225953990047,0.5,1.0,1.4582184283956672
S28986,2.1664550183569187,0.5,1.0,1.2451337591924798
S28986,2.895048241124252,0.5,1.0,1.0568682604788397
S28986,3.868672207555537,0.5,1.0,0.9378467753629657
S28986,5.1697323854266894,0.5,1.0,0.8317264227559359
S28986,6.908347749063168,0.5,1.0,0.8278151947263866
S28986,9.231671015799996,0.5,1.0,0.7946465354093415
S28986,12.336343339913496,0.5,1.0,0.7091661734244337
S28986,16.485137602906647,0.5,1.0,0.6472880253888155
S28986,22.02919895294292,0.5,1.0,0.6786594814303052
S28986,29.43776498552103,0.5,1.0,0.7152276539201438
S28986,39.33788101845618,0.5,1.0,0.9269205138739062
S28986,52.567471877818775,0.5,1.0,1.6754012275784425
S28986,70.24626207824446,0.5,0.6666666666666666,3.8267668759791986
S28986,93.87054693127754,0.5,0.2,13.408081610288834
S28986,125.43983580738016,0.5,0.0,36.64075345555679
S28986,167.62608636873256,0.5,0.0,53.61806536360082
S28986,223.99985339939863,0.5,0.0,71.31209643469938
S28986,299.33249299025266,0.5,0.0,88.26973651814181
S28986,400.0,0.5,0.0,94.85397426682322
S22942,0.05,0.5,0.6666666666666666,7.442076911242271
S22942,0.06681533234232374,0.5,0.6666666666666666,7.100336724575314
S22942,0.08928577272030351,0.5,0.6666666666666666,7.202551342105116
S22942,0.11931317155496526,0.5,0.7333333333333333,6.875583065924692
S22942,0.1594389842052339,0.5,0.7333333333333333,6.777790775570338
S22942,0.21305937435990424,0.5,0.8,6.4774011464989885
S22942,0.2847126581300915,0.5,0.8,6.15492393382735
S22942,0.38046341750056945,0.5,0.8,5.614933542967105
S22942,0.5084157936879365,0.5,0.8,5.053709276716316
S22942,0.6793994044669157,0.5,0.8666666666666667,4.536987611546666
S22942,0.9078859400526766,0.5,0.8666666666666667,3.771944175454032
S22942,1.213214016270852,0.5,1.0,3.2230987197451735
S22942,1.621225953990047,0.5,1.0,2.659543030116822
S22942,2.1664550183569187,0.5,1.0,2.2525425256363847
S22942,2.895048241124252,0.5,1.0,1.8851513689763233
S22942,3.868672207555537,0.5,1.0,1.528851937434854
S22942,5.1697323854266894,0.5,1.0,1.3293994439680106
S22942,6.908347749063168,0.5,1.0,1.2445209698385864
S22942,9.231671015799996,0.5,1.0,1.1636144930956986
S22942,12.336343339913496,0.5,1.0,1.024640414577354
S22942,16.485137602906647,0.5,1.0,0.9761016136560526
S22942,22.02919895294292,0.5,1.0,1.100826442612917
S22942,29.43776498552103,0.5,1.0,1.108326356599495
S22942,39.33788101845618,0.5,1.0,1.6963438473233685
S22942,52.567471877818775,0.5,0.6666666666666666,3.1910834548263773
S22942,70.24626207824446,0.5,0.26666666666666666,9.284545685071903
S22942,93.87054693127754,0.5,0.0,30.147379396820828
S22942,125.43983580738016,0.5,0.0,66.04043070662847
S22942,167.62608636873256,0.5,0.0,93.27072999844232
S22942,223.99985339939863,0.5,0.0,126.53359823452209
S22942,299.33249299025266,0.5,0.0,126.4148936326203
S22942,400.0,0.5,0.0,146.7546005389413
S20544,0.05,0.5,0.7333333333333333,5.274484977233069
S20544,0.06681533234232374,0.5,0.6666666666666666,5.2434927808252265
S20544,0.08928577272030351,0.5,0.7333333333333333,5.214953989636472
S20544,0.11931317155496526,0.5,0.8,5.037983988765722
S20544,0.1594389842052339,0.5,0.8,4.864439767905044
S20544,0.21305937435990424,0.5,0.8,4.706538140715272
S20544,0.2847126581300915,0.5,0.8666666666666667,4.569289321743822
S20544,0.38046341750056945,0.5,0.8666666666666667,4.170985300168534
S20544,0.5084157936879365,0.5,0.8666666666666667,3.855101323244157
S20544,0.6793994044669157,0.5,0.9333333333333333,3.3465302403582577
S20544,0.9078859400526766,0.5,1.0,2.9074770466317643
S20544,1.213214016270852,0.5,1.0,2.3734434290132476
S20544,1.621225953990047,0.5,1.0,1.8998839319111422
S20544,2.1664550183569187,0.5,1.0,1.4835209129795734
S20544,2.895048241124252,0.5,1.0,1.23002027195566
S20544,3.868672207555537,0.5,1.0,1.0253169837624823
S20544,5.1697323854266894,0.5,1.0,0.9159750742489838
S20544,6.908347749063168,0.5,1.0,0.8975018312771166
S20544,9.231671015799996,0.5,1.0,0.8481596234332532
S20544,12.336343339913496,0.5,1.0,0.7943017332535158
S20544,16.485137602906647,0.5,1.0,0.757801237615628
S20544,22.02919895294292,0.5,1.0,0.8026542963514788
S20544,29.43776498552103,0.5,1.0,0.8012132602774344
S20544,39.33788101845618,0.5,1.0,1.0173011986259008
S20544,52.567471877818775,0.5,1.0,1.8946408973119986
S20544,70.24626207824446,0.5,0.6666666666666666,4.2233965034591145
S20544,93.87054693127754,0.5,0.13333333333333333,14.509420884810956
S20544,125.43983580738016,0.5,0.0,32.19736262426007
S20544,167.62608636873256,0.5,0.0,54.18018262947855
S20544,223.99985339939863,0.5,0.0,73.2100549202074
S20544,299.33249299025266,0.5,0.0,95.76780342740709
S20544,400.0,0.5,0.0,90.48478350482696
S29286,0.05,0.5,0.7333333333333333,6.2928788426633515
S29286,0.06681533234232374,0.5,0.7333333333333333,6.920075773447149
S29286,0.08928577272030351,0.5,0.6666666666666666,6.327806945658432
S29286,0.11931317155496526,0.5,0.6666666666666666,6.596591866708016
S29286,0.1594389842052339,0.5,0.6666666666666666,6.457515004828185
S29286,0.21305937435990424,0.5,0.7333333333333333,5.865343165223061
S29286,0.2847126581300915,0.5,0.8,5.37183010226448
S29286,0.38046341750056945,0.5,0.7333333333333333,5.246169617406604
S29286,0.5084157936879365,0.5,0.7333333333333333,5.170874561407078
S29286,0.6793994044669157,0.5,0.8666666666666667,4.507449745463061
S29286,0.9078859400526766,0.5,0.9333333333333333,4.11674027101937
S29286,1.213214016270852,0.5,0.9333333333333333,3.4865123479771154
S29286,1.621225953990047,0.5,1.0,2.989807235720383
S29286,2.1664550183569187,0.5,1.0,2.482890569908967
S29286,2.895048241124252,0.5,1.0,2.309477222627298
S29286,3.868672207555537,0.5,1.0,2.2427244820968633
S29286,5.1697323854266894,0.5,1.0,2.1918531877117404
S29286,6.908347749063168,0.5,1.0,2.1885055566719234
S29286,9.231671015799996,0.5,1.0,1.929713863141645
S29286,12.336343339913496,0.5,1.0,1.9984173084621806
S29286,16.485137602906647,0.5,1.0,2.0154881693260536
S29286,22.02919895294292,0.5,1.0,2.014085071667872
S29286,29.43776498552103,0.5,1.0,1.8433465389927592
S29286,39.33788101845618,0.5,0.9333333333333333,1.8753482268062733
S29286,52.567471877818775,0.5,0.9333333333333333,2.5555249528326347
S29286,70.24626207824446,0.5,0.6666666666666666,3.8200882735915305
S29286,93.87054693127754,0.5,0.4,6.47815666893925
S29286,125.43983580738016,0.5,0.06666666666666667,16.97516809022111
S29286,167.62608636873256,0.5,0.0,43.77969826194376
S29286,223.99985339939863,0.5,0.0,80.61978062628047
S29286,299.33249299025266,0.5,0.0,122.13183107000253
S29286,400.0,0.5,0.0,168.2962627380312
S20471,0.05,0.5,0.6666666666666666,8.870454292727954
S20471,0.06681533234232374,0.5,0.6666666666666666,8.784007996024291
S20471,0.08928577272030351,0.5,0.6666666666666666,8.52935400857693
S20471,0.11931317155496526,0.5,0.6666666666666666,8.510724403259713
S20471,0.1594389842052339,0.5,0.7333333333333333,8.067099047480635
S20471,0.21305937435990424,0.5,0.6666666666666666,7.969173540049473
S20471,0.2847126581300915,0.5,0.8,7.47245883865782
S20471,0.38046341750056945,0.5,0.8,6.942041918955616
S20471,0.5084157936879365,0.5,0.8,6.2815426140913795
S20471,0.6793994044669157,0.5,0.8,5.61481921409243
S20471,0.9078859400526766,0.5,0.8666666666666667,4.92696938958039
S20471,1.213214016270852,0.5,0.9333333333333333,4.24680438787274
S20471,1.621225953990047,0.5,0.9333333333333333,3.5778666781054556
S20471,2.1664550183569187,0.5,1.0,3.0066828034164192
S20471,2.895048241124252,0.5,1.0,2.473692751946966
S20471,3.868672207555537,0.5,1.0,1.9680586124275536
S20471,5.1697323854266894,0.5,1.0,1.593605800985755
S20471,6.908347749063168,0.5,1.0,1.4106352432904739
S20471,9.231671015799996,0.5,1.0,1.276179784851559
S20471,12.336343339913496,0.5,1.0,1.1385168434123552
S20471,16.485137602906647,0.5,1.0,0.9065502802288886
S20471,22.02919895294292,0.5,1.0,0.8371591561775106
S20471,29.43776498552103,0.5,1.0,0.7695567566530351
S20471,39.33788101845618,0.5,1.0,0.7400124689200671
S20471,52.567471877818775,0.5,1.0,0.8582599656663563
S20471,70.24626207824446,0.5,1.0,0.9512075509919793
S20471,93.87054693127754,0.5,1.0,1.2231466106382947
S20471,125.43983580738016,0.5,0.6666666666666666,3.3315481358418415
S20471,167.62608636873256,0.5,0.13333333333333333,24.184311735651555
S20471,223.99985339939863,0.5,0.0,103.42748437300597
S20471,299.33249299025266,0.5,0.0,181.35694494951878
S20471,400.0,0.5,0.0,250.15305073722
S6863,0.05,0.5,0.5333333333333333,8.890609976302915
S6863,0.06681533234232374,0.5,0.5333333333333333,8.662202035300623
S6863,0.08928577272030351,0.5,0.6,8.310466971338675
S6863,0.11931317155496526,0.5,0.5333333333333333,8.285429988393918
S6863,0.1594389842052339,0.5,0.5333333333333333,8.072167149256755
S6863,0.21305937435990424,0.5,0.5333333333333333,7.843083816159171
S6863,0.2847126581300915,0.5,0.5333333333333333,7.569084163045077
S6863,0.38046341750056945,0.5,0.6,7.300259200350498
S6863,0.5084157936879365,0.5,0.5333333333333333,6.6957641967642525
S6863,0.6793994044669157,0.5,0.6,6.381107780092045
S6863,0.9078859400526766,0.5,0.7333333333333333,5.692005265720032
S6863,1.213214016270852,0.5,0.9333333333333333,5.13325845612574
S6863,1.621225953990047,0.5,0.9333333333333333,4.505935146269456
S6863,2.1664550183569187,0.5,0.9333333333333333,3.7950917720750303
S6863,2.895048241124252,0.5,1.0,3.294066138637245
S6863,3.868672207555537,0.5,1.0,2.695212772853224
S6863,5.1697323854266894,0.5,1.0,2.185040737365351
S6863,6.908347749063168,0.5,1.0,1.873444655790544
S6863,9.231671015799996,0.5,1.0,1.7105475393453895
S6863,12.336343339913496,0.5,1.0,1.5477284791835306
S6863,16.485137602906647,0.5,1.0,1.4002221932387975
S6863,22.02919895294292,0.5,1.0,1.2650108716530988
S6863,29.43776498552103,0.5,1.0,1.209404482203928
S6863,39.33788101845618,0.5,1.0,1.2708896524142645
S6863,52.567471877818775,0.5,1.0,1.2557977361392532
S6863,70.24626207824446,0.5,1.0,1.4010762780991501
S6863,93.87054693127754,0.5,0.8666666666666667,2.1437690891076446
S6863,125.43983580738016,0.5,0.4,4.666030988245636
S6863,167.62608636873256,0.5,0.06666666666666667,10.41177266279807
S6863,223.99985339939863,0.5,0.0,42.12190298797339
S6863,299.33249299025266,0.5,0.0,81.53433433580443
S6863,400.0,0.5,0.0,132.3983353008717
S1020,0.05,0.5,0.9333333333333333,2.4332889371226814
S1020,0.06681533234232374,0.5,0.9333333333333333,2.4124443519601497
S1020,0.08928577272030351,0.5,0.9333333333333333,2.3745666777301353
S1020,0.11931317155496526,0.5,1.0,2.326294149394832
S1020,0.1594389842052339,0.5,1.0,2.278091059889917
S1020,0.21305937435990424,0.5,1.0,2.189345789709019
S1020,0.2847126581300915,0.5,1.0,2.098501683755476
S1020,0.38046341750056945,0.5,1.0,1.9766273980412612
S1020,0.5084157936879365,0.5,1.0,1.8332390080531389
S1020,0.6793994044669157,0.5,1.0,1.6435649082901485
S1020,0.9078859400526766,0.5,1.0,1.45979556512075
S1020,1.213214016270852,0.5,1.0,1.233485891028648
S1020,1.621225953990047,0.5,1.0,1.0476802219570727
S1020,2.1664550183569187,0.5,1.0,0.8664192936519337
S1020,2.895048241124252,0.5,1.0,0.7267789645795495
S1020,3.868672207555537,0.5,1.0,0.6212377788579787
S1020,5.1697323854266894,0.5,1.0,0.5638715662727382
S1020,6.908347749063168,0.5,1.0,0.5541615456527393
S1020,9.231671015799996,0.5,1.0,0.5453752195784886
S1020,12.336343339913496,0.5,1.0,0.5020666454423779
S1020,16.485137602906647,0.5,1.0,0.4540824193790609
S1020,22.02919895294292,0.5,1.0,0.42578755562209025
S1020,29.43776498552103,0.5,1.0,0.44355585560495814
S1020,39.33788101845618,0.5,1.0,0.3993750950328379
S1020,52.567471877818775,0.5,1.0,0.4666141770950933
S1020,70.24626207824446,0.5,1.0,0.5847110950192799
S1020,93.87054693127754,0.5,1.0,1.083422166057892
S1020,125.43983580738016,0.5,0.6,3.5446082384950723
S1020,167.62608636873256,0.5,0.0,22.40890352428377
S1020,223.99985339939863,0.5,0.0,61.06603341571108
S1020,299.33249299025266,0.5,0.0,94.67564587753105
S1020,400.0,0.5,0.0,126.79681997877331
S21071,0.05,0.5,1.0,2.3711550077351324
S21071,0.06681533234232374,0.5,1.0,2.3474543504618657
S21071,0.08928577272030351,0.5,1.0,2.3036567293715837
S21071,0.11931317155496526,0.5,1.0,2.253913146608916
S21071,0.1594389842052339,0.5,1.0,2.217979778135365
S21071,0.21305937435990424,0.5,1.0,2.1380511970948786
S21071,0.2847126581300915,0.5,1.0,2.03665740853324
S21071,0.38046341750056945,0.5,1.0,1.9502345641089467
S21071,0.5084157936879365,0.5,1.0,1.7801670302466337
S21071,0.6793994044669157,0.5,1.0,1.608879568738824
S21071,0.9078859400526766,0.5,1.0,1.4160063787390536
S21071,1.213214016270852,0.5,1.0,1.2183893598555786
S21071,1.621225953990047,0.5,1.0,1.0253527090400028
S21071,2.1664550183569187,0.5,1.0,0.8592585733948782
S21071,2.895048241124252,0.5,1.0,0.7217542665190173
S21071,3.868672207555537,0.5,1.0,0.6157184375541662
S21071,5.1697323854266894,0.5,1.0,0.5505484051620319
S21071,6.908347749063168,0.5,1.0,0.5260814833663708
S21071,9.231671015799996,0.5,1.0,0.5250628179933882
S21071,12.336343339913496,0.5,1.0,0.49158048053043735
S21071,16.485137602906647,0.5,1.0,0.4534316013070562
S21071,22.02919895294292,0.5,1.0,0.4194733047910202
S21071,29.43776498552103,0.5,1.0,0.4626360664858186
S21071,39.33788101845618,0.5,1.0,0.42914415461112976
S21071,52.567471877818775,0.5,1.0,0.49779523358360017
S21071,70.24626207824446,0.5,1.0,0.7487901651533149
S21071,93.87054693127754,0.5,1.0,1.5498381713696257
S21071,125.43983580738016,0.5,0.5333333333333333,5.546041262792546
S21071,167.62608636873256,0.5,0.0,30.2932210586131
S21071,223.99985339939863,0.5,0.0,64.95918303027884
S21071,299.33249299025266,0.5,0.0,100.76391704803943
S21071,400.0,0.5,0.0,140.34787609443995
S17846,0.05,0.5,1.0,2.1863939566729504
S17846,0.06681533234232374,0.5,1.0,2.193918947710566
S17846,0.08928577272030351,0.5,1.0,2.1234047812700325
S17846,0.11931317155496526,0.5,1.0,2.1259905184487424
S17846,0.1594389842052339,0.5,1.0,2.0252316496272864
S17846,0.21305937435990424,0.5,1.0,1.949875891113568
S17846,0.2847126581300915,0.5,1.0,1.8228085989433687
S17846,0.38046341750056945,0.5,1.0,1.7298217204953743
S17846,0.5084157936879365,0.5,1.0,1.5719646671755418
S17846,0.6793994044669157,0.5,1.0,1.3742324319903103
S17846,0.9078859400526766,0.5,1.0,1.201165237179974
S17846,1.213214016270852,0.5,1.0,1.0199490126875526
S17846,1.621225953990047,0.5,1.0,0.8745949701072679
S17846,2.1664550183569187,0.5,1.0,0.7305474726431144
S17846,2.895048241124252,0.5,1.0,0.6413873647758749
S17846,3.868672207555537,0.5,1.0,0.5630710376067979
S17846,5.1697323854266894,0.5,1.0,0.5266756739051471
S17846,6.908347749063168,0.5,1.0,0.5305412563651918
S17846,9.231671015799996,0.5,1.0,0.4928872343052108
S17846,12.336343339913496,0.5,1.0,0.4588615488621418
S17846,16.485137602906647,0.5,1.0,0.4210894989388671
S17846,22.02919895294292,0.5,1.0,0.43198360858086715
S17846,29.43776498552103,0.5,1.0,0.38535972238717736
S17846,39.33788101845618,0.5,1.0,0.38053510424092796
S17846,52.567471877818775,0.5,1.0,0.43546106011101027
S17846,70.24626207824446,0.5,1.0,0.5949311156522802
S17846,93.87054693127754,0.5,1.0,0.9832108553516772
S17846,125.43983580738016,0.5,0.8,3.1475722369851145
S17846,167.62608636873256,0.5,0.13333333333333333,21.358389303208867
S17846,223.99985339939863,0.5,0.0,56.34372040913086
S17846,299.33249299025266,0.5,0.0,88.65502398429216
S17846,400.0,0.5,0.0,105.6925742574854
S11222,0.05,0.5,0.8,6.810739024044528
S11222,0.06681533234232374,0.5,0.8,6.727261395767926
S11222,0.08928577272030351,0.5,0.8,6.624475705252412
S11222,0.11931317155496526,0.5,0.8,6.468703353840259
S11222,0.1594389842052339,0.5,0.8,6.27154288726969
S11222,0.21305937435990424,0.5,0.8,6.003439480170502
S11222,0.2847126581300915,0.5,0.8,5.659084801073991
S11222,0.38046341750056945,0.5,0.8,5.251256815029512
S11222,0.5084157936879365,0.5,0.8,4.781123223873995
S11222,0.6793994044669157,0.5,0.8666666666666667,4.237575102622637
S11222,0.9078859400526766,0.5,0.9333333333333333,3.656429518907104
S11222,1.213214016270852,0.5,1.0,3.0893814429015234
S11222,1.621225953990047,0.5,1.0,2.586082363489632
S11222,2.1664550183569187,0.5,1.0,2.1761413600234616
S11222,2.895048241124252,0.5,1.0,1.8065818410407173
S11222,3.868672207555537,0.5,1.0,1.4834413897591436
S11222,5.1697323854266894,0.5,1.0,1.2828650067662803
S11222,6.908347749063168,0.5,1.0,1.196657770915985
S11222,9.231671015799996,0.5,1.0,1.0732442888653955
S11222,12.336343339913496,0.5,1.0,0.9414090944694379
S11222,16.485137602906647,0.5,1.0,0.7600999154505507
S11222,22.02919895294292,0.5,1.0,0.6927972123469514
S11222,29.43776498552103,0.5,1.0,0.6351366249722709
S11222,39.33788101845618,0.5,1.0,0.6331670419515897
S11222,52.567471877818775,0.5,1.0,0.7469011979287762
S11222,70.24626207824446,0.5,1.0,1.0779901355571075
S11222,93.87054693127754,0.5,1.0,1.785594268463733
S11222,125.43983580738016,0.5,0.4666666666666667,5.325929548100494
S11222,167.62608636873256,0.5,0.0,26.753640892401965
S11222,223.99985339939863,0.5,0.0,63.9222971658042
S11222,299.33249299025266,0.5,0.0,96.57766921136796
S11222,400.0,0.5,0.0,118.57293087008512
S9455,0.05,0.5,0.7333333333333333,5.039308885303355
S9455,0.06681533234232374,0.5,0.8,4.812908317670525
S9455,0.08928577272030351,0.5,0.7333333333333333,4.914925771602344
S9455,0.11931317155496526,0.5,0.7333333333333333,4.689080584570619
S9455,0.1594389842052339,0.5,0.8,4.65302986675579
S9455,0.21305937435990424,0.5,0.8,4.339407023395961
S9455,0.2847126581300915,0.5,0.8666666666666667,4.247742469422954
S9455,0.38046341750056945,0.5,0.9333333333333333,3.911606759921908
S9455,0.5084157936879365,0.5,0.9333333333333333,3.6799043516821843
S9455,0.6793994044669157,0.5,1.0,3.531029472229674
S9455,0.9078859400526766,0.5,1.0,3.0385977366610146
S9455,1.213214016270852,0.5,1.0,2.672996338938063
S9455,1.621225953990047,0.5,1.0,2.5317432077168194
S9455,2.1664550183569187,0.5,1.0,2.283838833920086
S9455,2.895048241124252,0.5,1.0,2.0741304389945325
S9455,3.868672207555537,0.5,1.0,1.9318823538353933
S9455,5.1697323854266894,0.5,1.0,1.7643972893652309
S9455,6.908347749063168,0.5,1.0,1.5667694209534409
S9455,9.231671015799996,0.5,1.0,1.3795520810961428
S9455,12.336343339913496,0.5,1.0,1.3359260295605349
S9455,16.485137602906647,0.5,1.0,1.1786180484934483
S9455,22.02919895294292,0.5,1.0,1.2149761005202298
S9455,29.43776498552103,0.5,1.0,1.0941944766211018
S9455,39.33788101845618,0.5,1.0,1.0607259915337608
S9455,52.567471877818775,0.5,1.0,0.9151122367094879
S9455,70.24626207824446,0.5,1.0,1.1963756102236367
S9455,93.87054693127754,0.5,0.9333333333333333,1.7554068621963563
S9455,125.43983580738016,0.5,0.6,3.060447846318733
S9455,167.62608636873256,0.5,0.2,17.763059443045734
S9455,223.99985339939863,0.5,0.0,96.65043961635212
S9455,299.33249299025266,0.5,0.0,174.72055965646172
S9455,400.0,0.5,0.0,227.73075322610168
S15724,0.05,0.5,0.9333333333333333,3.881028656240731
S15724,0.06681533234232374,0.5,0.9333333333333333,3.85628513266429
S15724,0.08928577272030351,0.5,0.9333333333333333,3.8510385863618355
S15724,0.11931317155496526,0.5,0.9333333333333333,3.6913721830636406
S15724,0.1594389842052339,0.5,1.0,3.5857721409580363
S15724,0.21305937435990424,0.5,1.0,3.5439935356874233
S15724,0.2847126581300915,0.5,1.0,3.404609025014066
S15724,0.38046341750056945,0.5,1.0,3.1996999750091653
S15724,0.5084157936879365,0.5,1.0,3.048536628197305
S15724,0.6793994044669157,0.5,1.0,2.7457379289434103
S15724,0.9078859400526766,0.5,1.0,2.4934170705606267
S15724,1.213214016270852,0.5,1.0,2.207212591053429
S15724,1.621225953990047,0.5,1.0,1.941633474753916
S15724,2.1664550183569187,0.5,1.0,1.6880436493357747
S15724,2.895048241124252,0.5,1.0,1.4476544182054745
S15724,3.868672207555537,0.5,1.0,1.2481570711350563
S15724,5.1697323854266894,0.5,1.0,1.0467219930548215
S15724,6.908347749063168,0.5,1.0,0.919428886881981
S15724,9.231671015799996,0.5,1.0,0.8370119680942961
S15724,12.336343339913496,0.5,1.0,0.7989158127215662
S15724,16.485137602906647,0.5,1.0,0.8700999615096491
S15724,22.02919895294292,0.5,1.0,1.0305643392442163
S15724,29.43776498552103,0.5,1.0,1.1829448319381644
S15724,39.33788101845618,0.5,1.0,1.5334536745644054
S15724,52.567471877818775,0.5,1.0,2.648987492582166
S15724,70.24626207824446,0.5,0.5333333333333333,6.190587657882378
S15724,93.87054693127754,0.5,0.0,29.71017808663161
S15724,125.43983580738016,0.5,0.0,87.6937922352766
S15724,167.62608636873256,0.5,0.0,135.36652730859484
S15724,223.99985339939863,0.5,0.0,183.41569622046654
S15724,299.33249299025266,0.5,0.0,248.80679402331862
S15724,400.0,0.5,0.0,247.06912051568762
S10778,0.05,0.5,0.4666666666666667,7.410412270642158
S10778,0.06681533234232374,0.5,0.4666666666666667,7.359859594161665
S10778,0.08928577272030351,0.5,0.5333333333333333,7.285062606721196
S10778,0.11931317155496526,0.5,0.5333333333333333,7.3018906211976
S10778,0.1594389842052339,0.5,0.4666666666666667,7.155765737571894
S10778,0.21305937435990424,0.5,0.6,6.481547916121399
S10778,0.2847126581300915,0.5,0.5333333333333333,6.7715742010439754
S10778,0.38046341750056945,0.5,0.5333333333333333,6.57303779215676
S10778,0.5084157936879365,0.5,0.6666666666666666,6.220466337961669
S10778,0.6793994044669157,0.5,0.6666666666666666,6.043170538606429
S10778,0.9078859400526766,0.5,0.7333333333333333,5.473953666882827
S10778,1.213214016270852,0.5,0.8666666666666667,4.752576363371795
S10778,1.621225953990047,0.5,0.9333333333333333,4.37896787926006
S10778,2.1664550183569187,0.5,1.0,3.441477424872787
S10778,2.895048241124252,0.5,1.0,3.076334834888921
S10778,3.868672207555537,0.5,1.0,2.5724042432087924
S10778,5.1697323854266894,0.5,1.0,2.1195613313830637
S10778,6.908347749063168,0.5,1.0,1.968551035672936
S10778,9.231671015799996,0.5,1.0,1.6849961553003603
S10778,12.336343339913496,0.5,1.0,1.4469818928139035
S10778,16.485137602906647,0.5,1.0,1.3722171363875166
S10778,22.02919895294292,0.5,1.0,1.5020872753293528
S10778,29.43776498552103,0.5,1.0,1.5406495391601178
S10778,39.33788101845618,0.5,1.0,1.8013473534234483
S10778,52.567471877818775,0.5,0.9333333333333333,2.158953644323755
S10778,70.24626207824446,0.5,0.8,2.9153043007155643
S10778,93.87054693127754,0.5,0.4666666666666667,5.073477380505008
S10778,125.43983580738016,0.5,0.06666666666666667,12.956849844821411
S10778,167.62608636873256,0.5,0.0,31.27851714785862
S10778,223.99985339939863,0.5,0.0,57.72660028142999
S10778,299.33249299025266,0.5,0.0,75.06821303250264
S10778,400.0,0.5,0.0,106.19493525452222
S29554,0.05,0.5,0.8,4.461339691713006
S29554,0.06681533234232374,0.5,0.8,4.408400934996732
S29554,0.08928577272030351,0.5,0.8666666666666667,4.331022664224351
S29554,0.11931317155496526,0.5,0.8666666666666667,4.237284116647975
S29554,0.1594389842052339,0.5,0.8666666666666667,4.109311273850728
S29554,0.21305937435990424,0.5,0.8666666666666667,3.9427502998721473
S29554,0.2847126581300915,0.5,0.8666666666666667,3.7331410694301095
S29554,0.38046341750056945,0.5,0.8666666666666667,3.484764995375345
S29554,0.5084157936879365,0.5,0.9333333333333333,3.183760149978908
S29554,0.6793994044669157,0.5,1.0,2.832714836101742
S29554,0.9078859400526766,0.5,1.0,2.4681510459694995
S29554,1.213214016270852,0.5,1.0,2.0984519097927956
S29554,1.621225953990047,0.5,1.0,1.7726138228791648
S29554,2.1664550183569187,0.5,1.0,1.4934200048891264
S29554,2.895048241124252,0.5,1.0,1.247840899547093
S29554,3.868672207555537,0.5,1.0,1.0432730672874515
S29554,5.1697323854266894,0.5,1.0,0.9253040565308948
S29554,6.908347749063168,0.5,1.0,0.8834368424234775
S29554,9.231671015799996,0.5,1.0,0.8131754931592758
S29554,12.336343339913496,0.5,1.0,0.7368003299391533
S29554,16.485137602906647,0.5,1.0,0.6202084635494992
S29554,22.02919895294292,0.5,1.0,0.591447027828563
S29554,29.43776498552103,0.5,1.0,0.5642134824370049
S29554,39.33788101845618,0.5,1.0,0.5981886111741613
S29554,52.567471877818775,0.5,1.0,0.7485409733000647
S29554,70.24626207824446,0.5,1.0,1.3095118160098425
S29554,93.87054693127754,0.5,0.8,3.0861287121632306
S29554,125.43983580738016,0.5,0.06666666666666667,14.67812362550627
S29554,167.62608636873256,0.5,0.0,46.39419702256764
S29554,223.99985339939863,0.5,0.0,92.71699854965081
S29554,299.33249299025266,0.5,0.0,119.46292979859396
S29554,400.0,0.5,0.0,131.7628918134457
S1011,0.05,0.5,0.8666666666666667,8.368340095218473
S1011,0.06681533234232374,0.5,0.8666666666666667,8.17080292306109
S1011,0.08928577272030351,0.5,0.8666666666666667,8.158749687099299
S1011,0.11931317155496526,0.5,0.8666666666666667,8.052823091844507
S1011,0.1594389842052339,0.5,0.8666666666666667,7.994120496551978
S1011,0.21305937435990424,0.5,0.8666666666666667,7.742047859274572
S1011,0.2847126581300915,0.5,0.8666666666666667,7.61140493311682
S1011,0.38046341750056945,0.5,0.8666666666666667,7.195219736982022
S1011,0.5084157936879365,0.5,0.8666666666666667,6.903260303769119
S1011,0.6793994044669157,0.5,0.8666666666666667,6.571281783922463
S1011,0.9078859400526766,0.5,0.9333333333333333,6.036033641661772
S1011,1.213214016270852,0.5,0.9333333333333333,5.492444587919154
S1011,1.621225953990047,0.5,0.9333333333333333,5.0885388844492105
S1011,2.1664550183569187,0.5,1.0,4.443801336219392
S1011,2.895048241124252,0.5,1.0,3.9499093890159926
S1011,3.868672207555537,0.5,1.0,3.483839487415135
S1011,5.1697323854266894,0.5,1.0,2.9014626514853505
S1011,6.908347749063168,0.5,1.0,2.5128174371135716
S1011,9.231671015799996,0.5,1.0,2.1253268321222736
S1011,12.336343339913496,0.5,1.0,2.0136961232276693
S1011,16.485137602906647,0.5,1.0,1.9953359733423013
S1011,22.02919895294292,0.5,1.0,2.0239281460018175
S1011,29.43776498552103,0.5,1.0,2.286169508531144
S1011,39.33788101845618,0.5,1.0,2.363656199177615
S1011,52.567471877818775,0.5,0.7333333333333333,3.5344811397220295
S1011,70.24626207824446,0.5,0.4,6.139610478445544
S1011,93.87054693127754,0.5,0.4,11.919242850812813
S1011,125.43983580738016,0.5,0.0,31.7972410840945
S1011,167.62608636873256,0.5,0.0,61.03797151637185
S1011,223.99985339939863,0.5,0.0,85.68547139205758
S1011,299.33249299025266,0.5,0.0,106.89071366801345
S1011,400.0,0.5,0.0,145.28474157901027
S29197,0.05,0.5,0.8,4.934527286668021
S29197,0.06681533234232374,0.5,0.8,4.758984652041656
S29197,0.08928577272030351,0.5,0.8666666666666667,4.736537268601738
S29197,0.11931317155496526,0.5,0.9333333333333333,4.534682737374797
S29197,0.1594389842052339,0.5,0.9333333333333333,4.515291559111964
S29197,0.21305937435990424,0.5,0.9333333333333333,4.364041223052834
S29197,0.2847126581300915,0.5,0.9333333333333333,4.048199812443131
S29197,0.38046341750056945,0.5,1.0,3.827522349448747
S29197,0.5084157936879365,0.5,1.0,3.6180999887671628
S29197,0.6793994044669157,0.5,1.0,3.2135300006639795
S29197,0.9078859400526766,0.5,1.0,2.856642121628502
S29197,1.213214016270852,0.5,1.0,2.4957534498742127
S29197,1.621225953990047,0.5,1.0,2.162306781410473
S29197,2.1664550183569187,0.5,1.0,1.8726381443767195
S29197,2.895048241124252,0.5,1.0,1.5965601244172558
S29197,3.868672207555537,0.5,1.0,1.3225036316563485
S29197,5.1697323854266894,0.5,1.0,1.1583590076474672
S29197,6.908347749063168,0.5,1.0,1.0789904551267313
S29197,9.231671015799996,0.5,1.0,0.966850567005827
S29197,12.336343339913496,0.5,1.0,1.0239813903257315
S29197,16.485137602906647,0.5,1.0,1.0685697286798754
S29197,22.02919895294292,0.5,1.0,1.1603012491269433
S29197,29.43776498552103,0.5,1.0,1.1364433562597271
S29197,39.33788101845618,0.5,1.0,1.3618430291683588
S29197,52.567471877818775,0.5,1.0,1.9000883638934418
S29197,70.24626207824446,0.5,0.7333333333333333,3.05401017161225
S29197,93.87054693127754,0.5,0.26666666666666666,12.636511919243452
S29197,125.43983580738016,0.5,0.0,53.3065588147269
S29197,167.62608636873256,0.5,0.0,118.19521382682554
S29197,223.99985339939863,0.5,0.0,158.14847282519716
S29197,299.33249299025266,0.5,0.0,201.21587654544118
S29197,400.0,0.5,0.0,201.8017147091861
S0695,0.05,0.5,0.8,8.08186266229222
S0695,0.06681533234232374,0.5,0.8,7.941440407282701
S0695,0.08928577272030351,0.5,0.8,7.820774190225034
S0695,0.11931317155496526,0.5,0.8,7.675546066847707
S0695,0.1594389842052339,0.5,0.8,7.5178246448668515
S0695,0.21305937435990424,0.5,0.8,7.179989852617988
S0695,0.2847126581300915,0.5,0.8,6.846374590961673
S0695,0.38046341750056945,0.5,0.8,6.410534541125064
S0695,0.5084157936879365,0.5,0.8,5.920526515840036
S0695,0.6793994044669157,0.5,0.8,5.262317051520503
S0695,0.9078859400526766,0.5,0.8666666666666667,4.537988824010137
S0695,1.213214016270852,0.5,0.9333333333333333,3.8707633800703385
S0695,1.621225953990047,0.5,1.0,3.1871463064633208
S0695,2.1664550183569187,0.5,1.0,2.6620817295683628
S0695,2.895048241124252,0.5,1.0,2.210586835076399
S0695,3.868672207555537,0.5,1.0,1.8235002953993842
S0695,5.1697323854266894,0.5,1.0,1.5038229779875378
S0695,6.908347749063168,0.5,1.0,1.321058213398321
S0695,9.231671015799996,0.5,1.0,1.2713410930285094
S0695,12.336343339913496,0.5,1.0,1.208490904229057
S0695,16.485137602906647,0.5,1.0,1.3014554848999524
S0695,22.02919895294292,0.5,1.0,1.1997028878294078
S0695,29.43776498552103,0.5,1.0,1.3126965260727907
S0695,39.33788101845618,0.5,1.0,1.6189675835297914
S0695,52.567471877818775,0.5,0.8666666666666667,3.1512020287059883
S0695,70.24626207824446,0.5,0.26666666666666666,8.548976743787415
S0695,93.87054693127754,0.5,0.0,31.87869773543322
S0695,125.43983580738016,0.5,0.0,69.66628561719422
S0695,167.62608636873256,0.5,0.0,123.50138333523206
S0695,223.99985339939863,0.5,0.0,172.62250350203388
S0695,299.33249299025266,0.5,0.0,186.03164841739144
S0695,400.0,0.5,0.0,217.6628235407383
S29074,0.05,0.5,1.0,1.3252713654903152
S29074,0.06681533234232374,0.5,1.0,1.3095216611128768
S29074,0.08928577272030351,0.5,1.0,1.2853300977711783
S29074,0.11931317155496526,0.5,1.0,1.2273416831702764
S29074,0.1594389842052339,0.5,1.0,1.2271290990658281
S29074,0.21305937435990424,0.5,1.0,1.1656962142220246
S29074,0.2847126581300915,0.5,1.0,1.1469242471173462
S29074,0.38046341750056945,0.5,1.0,1.0573922964393423
S29074,0.5084157936879365,0.5,1.0,0.9726929517933915
S29074,0.6793994044669157,0.5,1.0,0.8709272965629001
S29074,0.9078859400526766,0.5,1.0,0.7563950316502596
S29074,1.213214016270852,0.5,1.0,0.6668620752954086
S29074,1.621225953990047,0.5,1.0,0.5903079625809606
S29074,2.1664550183569187,0.5,1.0,0.5246030574984207
S29074,2.895048241124252,0.5,1.0,0.4707621656582525
S29074,3.868672207555537,0.5,1.0,0.43324777120792934
S29074,5.1697323854266894,0.5,1.0,0.42236565019306077
S29074,6.908347749063168,0.5,1.0,0.4189084225801185
S29074,9.231671015799996,0.5,1.0,0.39973773460161316
S29074,12.336343339913496,0.5,1.0,0.38896615618656155
S29074,16.485137602906647,0.5,1.0,0.3676594322689086
S29074,22.02919895294292,0.5,1.0,0.38699152580216706
S29074,29.43776498552103,0.5,1.0,0.35683673435132757
S29074,39.33788101845618,0.5,1.0,0.3596390509939747
S29074,52.567471877818775,0.5,1.0,0.3855156714464753
S29074,70.24626207824446,0.5,1.0,0.5576485594725372
S29074,93.87054693127754,0.5,1.0,1.3063349979645442
S29074,125.43983580738016,0.5,0.26666666666666666,6.096032301763574
S29074,167.62608636873256,0.5,0.0,33.10724908246951
S29074,223.99985339939863,0.5,0.0,66.17704262355359
S29074,299.33249299025266,0.5,0.0,83.0009458644769
S29074,400.0,0.5,0.0,104.59006154105667
S26085,0.05,0.5,0.6666666666666666,6.370292511376112
S26085,0.06681533234232374,0.5,0.6666666666666666,6.182872853660041
S26085,0.08928577272030351,0.5,0.6666666666666666,6.122078046749653
S26085,0.11931317155496526,0.5,0.6666666666666666,6.019419751931139
S26085,0.1594389842052339,0.5,0.6666666666666666,5.684909290056158
S26085,0.21305937435990424,0.5,0.6666666666666666,5.554390749728905
S26085,0.2847126581300915,0.5,0.7333333333333333,5.268805941534107
S26085,0.38046341750056945,0.5,0.8,4.911199817570177
S26085,0.5084157936879365,0.5,0.8,4.422064718912335
S26085,0.6793994044669157,0.5,0.8666666666666667,3.923581067362405
S26085,0.9078859400526766,0.5,0.9333333333333333,3.4402620737992557
S26085,1.213214016270852,0.5,1.0,2.8169344990366736
S26085,1.621225953990047,0.5,1.0,2.2971818297833537
S26085,2.1664550183569187,0.5,1.0,1.9698445678745826
S26085,2.895048241124252,0.5,1.0,1.6202268599644833
S26085,3.868672207555537,0.5,1.0,1.3949392314506288
S26085,5.1697323854266894,0.5,1.0,1.1956262517036313
S26085,6.908347749063168,0.5,1.0,1.1114384704217124
S26085,9.231671015799996,0.5,1.0,1.087527994345981
S26085,12.336343339913496,0.5,1.0,1.0092315396313476
S26085,16.485137602906647,0.5,1.0,0.9498028694232357
S26085,22.02919895294292,0.5,1.0,1.07169518274296
S26085,29.43776498552103,0.5,1.0,1.152997094069238
S26085,39.33788101845618,0.5,1.0,1.7190451187984805
S26085,52.567471877818775,0.5,0.6666666666666666,3.429935332350115
S26085,70.24626207824446,0.5,0.26666666666666666,12.779729871963182
S26085,93.87054693127754,0.5,0.0,60.640075334576956
S26085,125.43983580738016,0.5,0.0,126.28309227227143
S26085,167.62608636873256,0.5,0.0,182.6944663833971
S26085,223.99985339939863,0.5,0.0,225.27720053537854
S26085,299.33249299025266,0.5,0.0,255.15067340167542
S26085,400.0,0.5,0.0,273.972902018616
S25350,0.05,0.5,1.0,2.03168077673362
S25350,0.06681533234232374,0.5,1.0,2.0300732633997636
S25350,0.08928577272030351,0.5,1.0,1.9655318403887834
S25350,0.11931317155496526,0.5,1.0,1.948099572912461
S25350,0.1594389842052339,0.5,1.0,1.8932111740743878
S25350,0.21305937435990424,0.5,1.0,1.812326614948391
S25350,0.2847126581300915,0.5,1.0,1.7187818162692874
S25350,0.38046341750056945,0.5,1.0,1.6155753705084803
S25350,0.5084157936879365,0.5,1.0,1.4819133562487123
S25350,0.6793994044669157,0.5,1.0,1.3363453738970683
S25350,0.9078859400526766,0.5,1.0,1.1522638829714313
S25350,1.213214016270852,0.5,1.0,0.9941825338280604
S25350,1.621225953990047,0.5,1.0,0.8351768996226127
S25350,2.1664550183569187,0.5,1.0,0.7022081863832249
S25350,2.895048241124252,0.5,1.0,0.6082630951579766
S25350,3.868672207555537,0.5,1.0,0.5436855414518182
S25350,5.1697323854266894,0.5,1.0,0.5187033987527865
S25350,6.908347749063168,0.5,1.0,0.5164874236008955
S25350,9.231671015799996,0.5,1.0,0.5033161483414477
S25350,12.336343339913496,0.5,1.0,0.4676883874050048
S25350,16.485137602906647,0.5,1.0,0.4179495675411576
S25350,22.02919895294292,0.5,1.0,0.4405555881533447
S25350,29.43776498552103,0.5,1.0,0.4365846677520603
S25350,39.33788101845618,0.5,1.0,0.46451888652205847
S25350,52.567471877818775,0.5,1.0,0.6064709096365887
S25350,70.24626207824446,0.5,1.0,1.4072171910224829
S25350,93.87054693127754,0.5,0.4666666666666667,5.9688281802091385
S25350,125.43983580738016,0.5,0.06666666666666667,37.99425603467981
S25350,167.62608636873256,0.5,0.0,87.16944161477974
S25350,223.99985339939863,0.5,0.0,123.19178964839716
S25350,299.33249299025266,0.5,0.0,153.98221756752903
S25350,400.0,0.5,0.0,184.79867240726006
S13515,0.05,0.5,0.8666666666666667,4.012821826179373
S13515,0.06681533234232374,0.5,0.8666666666666667,3.963824653367638
S13515,0.08928577272030351,0.5,0.8666666666666667,3.899554352793594
S13515,0.11931317155496526,0.5,0.8666666666666667,3.823766719415106
S13515,0.1594389842052339,0.5,0.8666666666666667,3.715082474272196
S13515,0.21305937435990424,0.5,0.8666666666666667,3.589978363829633
S13515,0.2847126581300915,0.5,0.8666666666666667,3.428642107108334
S13515,0.38046341750056945,0.5,0.9333333333333333,3.2040961197727733
S13515,0.5084157936879365,0.5,0.9333333333333333,2.9487489916956053
S13515,0.6793994044669157,0.5,1.0,2.6522345706101493
S13515,0.9078859400526766,0.5,1.0,2.3130068191115374
S13515,1.213214016270852,0.5,1.0,1.9791460419224138
S13515,1.621225953990047,0.5,1.0,1.652595906293113
S13515,2.1664550183569187,0.5,1.0,1.3676587686367812
S13515,2.895048241124252,0.5,1.0,1.1527426045426101
S13515,3.868672207555537,0.5,1.0,0.962814250855115
S13515,5.1697323854266894,0.5,1.0,0.836269683989292
S13515,6.908347749063168,0.5,1.0,0.7977953433691847
S13515,9.231671015799996,0.5,1.0,0.7707650752577574
S13515,12.336343339913496,0.5,1.0,0.707183160698697
S13515,16.485137602906647,0.5,1.0,0.6372825290972621
S13515,22.02919895294292,0.5,1.0,0.595808442765054
S13515,29.43776498552103,0.5,1.0,0.6579133689087302
S13515,39.33788101845618,0.5,1.0,0.7204056399495378
S13515,52.567471877818775,0.5,1.0,1.2072876371065786
S13515,70.24626207824446,0.5,0.7333333333333333,2.753227254770312
S13515,93.87054693127754,0.5,0.2,15.243925072557976
S13515,125.43983580738016,0.5,0.0,53.022971055992926
S13515,167.62608636873256,0.5,0.0,111.46525560087497
S13515,223.99985339939863,0.5,0.0,144.5400853562555
S13515,299.33249299025266,0.5,0.0,189.71173783726076
S13515,400.0,0.5,0.0,198.86594158767312
S26900,0.05,0.5,0.7333333333333333,5.6699517683360146
S26900,0.06681533234232374,0.5,0.7333333333333333,5.641541609585263
S26900,0.08928577272030351,0.5,0.7333333333333333,5.547124823121134
S26900,0.11931317155496526,0.5,0.7333333333333333,5.457655659110103
S26900,0.1594389842052339,0.5,0.8,5.250107888846605
S26900,0.21305937435990424,0.5,0.8,5.010953078645524
S26900,0.2847126581300915,0.5,0.8,4.818398063280023
S26900,0.38046341750056945,0.5,0.8666666666666667,4.5429289746755
S26900,0.5084157936879365,0.5,0.8666666666666667,4.1421831690806945
S26900,0.6793994044669157,0.5,0.8666666666666667,3.7285813727535997
S26900,0.9078859400526766,0.5,0.9333333333333333,3.245401944405858
S26900,1.213214016270852,0.5,1.0,2.6928043700408266
S26900,1.621225953990047,0.5,1.0,2.208808794905662
S26900,2.1664550183569187,0.5,1.0,1.7783816648303963
S26900,2.895048241124252,0.5,1.0,1.4501867456436617
S26900,3.868672207555537,0.5,1.0,1.2052126319466183
S26900,5.1697323854266894,0.5,1.0,1.0206042283269958
S26900,6.908347749063168,0.5,1.0,0.9199700610137745
S26900,9.231671015799996,0.5,1.0,0.889454542929013
S26900,12.336343339913496,0.5,1.0,0.8471964769160656
S26900,16.485137602906647,0.5,1.0,0.880735177313518
S26900,22.02919895294292,0.5,1.0,0.9582064309284604
S26900,29.43776498552103,0.5,1.0,1.0466338826088046
S26900,39.33788101845618,0.5,1.0,1.5297679170784575
S26900,52.567471877818775,0.5,0.8,2.9381237449308975
S26900,70.24626207824446,0.5,0.4,9.4936147176241
S26900,93.87054693127754,0.5,0.0,52.514488919970965
S26900,125.43983580738016,0.5,0.0,129.14183672042697
S26900,167.62608636873256,0.5,0.0,225.37617185814622
S26900,223.99985339939863,0.5,0.0,296.39754193728805
S26900,299.33249299025266,0.5,0.0,344.60052755109115
S26900,400.0,0.5,0.0,376.32462893835753
S3488,0.05,0.5,0.13333333333333333,19.45107752441754
S3488,0.06681533234232374,0.5,0.2,19.511769749269764
S3488,0.08928577272030351,0.5,0.13333333333333333,19.201047133368675
S3488,0.11931317155496526,0.5,0.2,18.905808554209376
S3488,0.1594389842052339,0.5,0.2,18.847766493813573
S3488,0.21305937435990424,0.5,0.2,18.215504126211705
S3488,0.2847126581300915,0.5,0.2,17.872400045644742
S3488,0.38046341750056945,0.5,0.26666666666666666,17.337206509699044
S3488,0.5084157936879365,0.5,0.26666666666666666,16.506253264107546
S3488,0.6793994044669157,0.5,0.3333333333333333,15.733553126847912
S3488,0.9078859400526766,0.5,0.4,14.425880868127017
S3488,1.213214016270852,0.5,0.4666666666666667,12.810188048588266
S3488,1.621225953990047,0.5,0.4666666666666667,11.153332796823543
S3488,2.1664550183569187,0.5,0.5333333333333333,9.532985731509319
S3488,2.895048241124252,0.5,0.6666666666666666,7.562170073924762
S3488,3.868672207555537,0.5,0.9333333333333333,5.971691698069813
S3488,5.1697323854266894,0.5,0.9333333333333333,4.804992735640408
S3488,6.908347749063168,0.5,1.0,3.979394945070266
S3488,9.231671015799996,0.5,1.0,3.2762713389976446
S3488,12.336343339913496,0.5,0.9333333333333333,2.9462113215295274
S3488,16.485137602906647,0.5,1.0,2.6993651672255274
S3488,22.02919895294292,0.5,1.0,2.438445304303338
S3488,29.43776498552103,0.5,1.0,2.3495032670397022
S3488,39.33788101845618,0.5,1.0,2.222316989091561
S3488,52.567471877818775,0.5,0.8,3.251895480125043
S3488,70.24626207824446,0.5,0.5333333333333333,5.939150385342847
S3488,93.87054693127754,0.5,0.13333333333333333,17.468339187191866
S3488,125.43983580738016,0.5,0.06666666666666667,43.33823343414126
S3488,167.62608636873256,0.5,0.0,85.27471358348365
S3488,223.99985339939863,0.5,0.0,123.87960333656775
S3488,299.33249299025266,0.5,0.0,161.0069293714306
S3488,400.0,0.5,0.0,174.09144708007904
S11037,0.05,0.5,0.26666666666666666,16.08903118966895
S11037,0.06681533234232374,0.5,0.2,15.993879995082363
S11037,0.08928577272030351,0.5,0.3333333333333333,15.019509331801354
S11037,0.11931317155496526,0.5,0.26666666666666666,15.307540208027083
S11037,0.1594389842052339,0.5,0.3333333333333333,15.169250981396148
S11037,0.21305937435990424,0.5,0.26666666666666666,15.08911677521238
S11037,0.2847126581300915,0.5,0.26666666666666666,14.37766245258357
S11037,0.38046341750056945,0.5,0.3333333333333333,13.600940239031347
S11037,0.5084157936879365,0.5,0.26666666666666666,12.528761285502156
S11037,0.6793994044669157,0.5,0.26666666666666666,11.659013241657247
S11037,0.9078859400526766,0.5,0.4666666666666667,9.488004177979802
S11037,1.213214016270852,0.5,0.4,8.99344472801245
S11037,1.621225953990047,0.5,0.4,7.586424014834885
S11037,2.1664550183569187,0.5,0.7333333333333333,6.281165684333549
S11037,2.895048241124252,0.5,0.6,5.430973840928487
S11037,3.868672207555537,0.5,0.8666666666666667,4.557690570790783
S11037,5.1697323854266894,0.5,0.9333333333333333,3.67920455880154
S11037,6.908347749063168,0.5,0.9333333333333333,3.2880418752959475
S11037,9.231671015799996,0.5,0.8666666666666667,3.0776447061844854
S11037,12.336343339913496,0.5,1.0,3.068398073658161
S11037,16.485137602906647,0.5,1.0,3.0846955829303115
S11037,22.02919895294292,0.5,0.8666666666666667,3.594177525833912
S11037,29.43776498552103,0.5,0.8666666666666667,3.5224185435743243
S11037,39.33788101845618,0.5,0.8,4.020592865963966
S11037,52.567471877818775,0.5,0.5333333333333333,5.5807336930764055
S11037,70.24626207824446,0.5,0.26666666666666666,10.097896574409441
S11037,93.87054693127754,0.5,0.06666666666666667,28.35316663562706
S11037,125.43983580738016,0.5,0.06666666666666667,86.32765215120875
S11037,167.62608636873256,0.5,0.0,153.36837851473257
S11037,223.99985339939863,0.5,0.0,224.46179580796087
S11037,299.33249299025266,0.5,0.0,267.6005550969852
S11037,400.0,0.5,0.0,340.01285528169643
S2677,0.05,0.5,0.06666666666666667,20.54463327058426
S2677,0.06681533234232374,0.5,0.06666666666666667,20.52828922373483
S2677,0.08928577272030351,0.5,0.13333333333333333,18.106825532678293
S2677,0.11931317155496526,0.5,0.0,18.733109129871178
S2677,0.1594389842052339,0.5,0.13333333333333333,17.78653396420547
S2677,0.21305937435990424,0.5,0.2,17.392447969972167
S2677,0.2847126581300915,0.5,0.26666666666666666,16.095775338361843
S2677,0.38046341750056945,0.5,0.2,14.674155006800367
S2677,0.5084157936879365,0.5,0.26666666666666666,13.320644039858008
S2677,0.6793994044669157,0.5,0.4666666666666667,11.178870303916757
S2677,0.9078859400526766,0.5,0.6,10.061277955998532
S2677,1.213214016270852,0.5,0.8666666666666667,8.79727708887042
S2677,1.621225953990047,0.5,0.9333333333333333,6.894207120883097
S2677,2.1664550183569187,0.5,0.9333333333333333,5.9497723163487795
S2677,2.895048241124252,0.5,0.8,5.446778516577906
S2677,3.868672207555537,0.5,0.8666666666666667,5.285010168758193
S2677,5.1697323854266894,0.5,0.8666666666666667,4.9664956518538785
S2677,6.908347749063168,0.5,1.0,4.806801954789475
S2677,9.231671015799996,0.5,0.9333333333333333,4.289324412960951
S2677,12.336343339913496,0.5,0.9333333333333333,4.063048941814636
S2677,16.485137602906647,0.5,1.0,3.7590994918326945
S2677,22.02919895294292,0.5,1.0,3.3799412560754845
S2677,29.43776498552103,0.5,0.9333333333333333,3.4384935133231775
S2677,39.33788101845618,0.5,0.6,4.4969060671715795
S2677,52.567471877818775,0.5,0.4,6.672940426201768
S2677,70.24626207824446,0.5,0.06666666666666667,12.987511999262615
S2677,93.87054693127754,0.5,0.0,42.96194676394905
S2677,125.43983580738016,0.5,0.06666666666666667,99.695697057042
S2677,167.62608636873256,0.5,0.0,212.71166341350036
S2677,223.99985339939863,0.5,0.0,279.4940338921193
S2677,299.33249299025266,0.5,0.0,345.15027321343325
S2677,400.0,0.5,0.0,419.67370428336375
S20456,0.05,0.5,0.2,15.446593317202105
S20456,0.06681533234232374,0.5,0.2,15.18339584503863
S20456,0.08928577272030351,0.5,0.2,15.012594985582869
S20456,0.11931317155496526,0.5,0.2,14.68390844917037
S20456,0.1594389842052339,0.5,0.2,14.629237900899339
S20456,0.21305937435990424,0.5,0.2,13.408926762479526
S20456,0.2847126581300915,0.5,0.2,13.24283712582856
S20456,0.38046341750056945,0.5,0.2,12.457917500973078
S20456,0.5084157936879365,0.5,0.26666666666666666,11.613326895383148
S20456,0.6793994044669157,0.5,0.26666666666666666,10.369751467559535
S20456,0.9078859400526766,0.5,0.5333333333333333,9.213064240305714
S20456,1.213214016270852,0.5,0.4666666666666667,7.943457879541155
S20456,1.621225953990047,0.5,0.7333333333333333,6.270060855471956
S20456,2.1664550183569187,0.5,0.7333333333333333,5.160110495543985
S20456,2.895048241124252,0.5,0.9333333333333333,4.563796451203597
S20456,3.868672207555537,0.5,0.9333333333333333,3.7504535024024426
S20456,5.1697323854266894,0.5,1.0,3.4144691668378284
S20456,6.908347749063168,0.5,1.0,3.066649705150751
S20456,9.231671015799996,0.5,1.0,3.0591782420040983
S20456,12.336343339913496,0.5,1.0,3.1536758676051293
S20456,16.485137602906647,0.5,1.0,3.004329412123239
S20456,22.02919895294292,0.5,0.9333333333333333,3.14796539699466
S20456,29.43776498552103,0.5,1.0,3.143017301899864
S20456,39.33788101845618,0.5,0.8,3.3897812174426294
S20456,52.567471877818775,0.5,0.7333333333333333,4.44489159399103
S20456,70.24626207824446,0.5,0.4666666666666667,8.332823930904144
S20456,93.87054693127754,0.5,0.06666666666666667,17.558766492296204
S20456,125.43983580738016,0.5,0.0,49.42920121413859
S20456,167.62608636873256,0.5,0.0,106.87479426381205
S20456,223.99985339939863,0.5,0.0,198.6704679734846
S20456,299.33249299025266,0.5,0.0,294.5448263530265
S20456,400.0,0.5,0.0,391.7087310992658
S29827,0.05,0.5,0.8666666666666667,3.7823350676986065
S29827,0.06681533234232374,0.5,0.8666666666666667,3.7940663437697535
S29827,0.08928577272030351,0.5,0.8666666666666667,3.6965353254340365
S29827,0.11931317155496526,0.5,0.8666666666666667,3.609950695868019
S29827,0.1594389842052339,0.5,0.8666666666666667,3.583723388089732
S29827,0.21305937435990424,0.5,0.8666666666666667,3.6151569914492883
S29827,0.2847126581300915,0.5,0.8666666666666667,3.5136467259543935
S29827,0.38046341750056945,0.5,0.8666666666666667,3.2327040864722107
S29827,0.5084157936879365,0.5,0.9333333333333333,3.167956070064901
S29827,0.6793994044669157,0.5,0.9333333333333333,2.8000136684654415
S29827,0.9078859400526766,0.5,1.0,2.6062966732102426
S29827,1.213214016270852,0.5,1.0,2.2863812352252455
S29827,1.621225953990047,0.5,1.0,2.0579371780052655
S29827,2.1664550183569187,0.5,1.0,1.7937891059455204
S29827,2.895048241124252,0.5,1.0,1.6006439420563376
S29827,3.868672207555537,0.5,1.0,1.4826442362068504
S29827,5.1697323854266894,0.5,1.0,1.3744873153094155
S29827,6.908347749063168,0.5,1.0,1.2402643077232365
S29827,9.231671015799996,0.5,1.0,1.05374098268031
S29827,12.336343339913496,0.5,1.0,0.9883630975253115
S29827,16.485137602906647,0.5,1.0,0.9294944612609974
S29827,22.02919895294292,0.5,1.0,0.8790047893331163
S29827,29.43776498552103,0.5,1.0,0.7547950272017372
S29827,39.33788101845618,0.5,1.0,0.774474637316162
S29827,52.567471877818775,0.5,1.0,0.7880581697677193
S29827,70.24626207824446,0.5,1.0,0.8664919720158962
S29827,93.87054693127754,0.5,1.0,1.0209403180591694
S29827,125.43983580738016,0.5,0.8666666666666667,1.9245770470005317
S29827,167.62608636873256,0.5,0.4,7.059996846450819
S29827,223.99985339939863,0.5,0.0,59.570163135904096
S29827,299.33249299025266,0.5,0.0,163.53749544309315
S29827,400.0,0.5,0.0,236.5782964765558
S18745,0.05,0.5,0.6,7.056133893935968
S18745,0.06681533234232374,0.5,0.5333333333333333,7.079077193080829
S18745,0.08928577272030351,0.5,0.4666666666666667,6.747705862345976
S18745,0.11931317155496526,0.5,0.4666666666666667,6.81439371356841
S18745,0.1594389842052339,0.5,0.4666666666666667,6.548608824593919
S18745,0.21305937435990424,0.5,0.5333333333333333,6.249474746210167
S18745,0.2847126581300915,0.5,0.6,6.174233169228783
S18745,0.38046341750056945,0.5,0.8,5.714331585133629
S18745,0.5084157936879365,0.5,0.8,5.381560522609076
S18745,0.6793994044669157,0.5,1.0,4.8190798491437254
S18745,0.9078859400526766,0.5,1.0,3.993504888465743
S18745,1.213214016270852,0.5,1.0,3.5685073118609476
S18745,1.621225953990047,0.5,1.0,3.2254316278741983
S18745,2.1664550183569187,0.5,1.0,3.0055753324459973
S18745,2.895048241124252,0.5,1.0,2.740891126761911
S18745,3.868672207555537,0.5,1.0,2.66677124832251
S18745,5.1697323854266894,0.5,1.0,2.6980941125880142
S18745,6.908347749063168,0.5,1.0,2.4901232302314082
S18745,9.231671015799996,0.5,1.0,2.1900753271302302
S18745,12.336343339913496,0.5,1.0,1.923033358493952
S18745,16.485137602906647,0.5,1.0,1.7442478157534844
S18745,22.02919895294292,0.5,1.0,1.6564969561640124
S18745,29.43776498552103,0.5,1.0,1.685061044418858
S18745,39.33788101845618,0.5,1.0,1.8638843560485725
S18745,52.567471877818775,0.5,0.8666666666666667,2.0768031741372632
S18745,70.24626207824446,0.5,0.8666666666666667,2.811660570531278
S18745,93.87054693127754,0.5,0.4666666666666667,5.51438489955606
S18745,125.43983580738016,0.5,0.13333333333333333,12.898469857538108
S18745,167.62608636873256,0.5,0.0,43.59113949630865
S18745,223.99985339939863,0.5,0.0,84.23472421598306
S18745,299.33249299025266,0.5,0.0,156.67102681070034
S18745,400.0,0.5,0.0,264.3434383439116
S1425,0.05,0.5,0.06666666666666667,20.670380294056788
S1425,0.06681533234232374,0.5,0.06666666666666667,19.812590367148424
S1425,0.08928577272030351,0.5,0.2,19.547087275605634
S1425,0.11931317155496526,0.5,0.13333333333333333,19.099887499847014
S1425,0.1594389842052339,0.5,0.13333333333333333,18.897511272479722
S1425,0.21305937435990424,0.5,0.13333333333333333,18.105093080320476
S1425,0.2847126581300915,0.5,0.13333333333333333,16.961800654134514
S1425,0.38046341750056945,0.5,0.2,15.683877546919062
S1425,0.5084157936879365,0.5,0.13333333333333333,14.42530218057412
S1425,0.6793994044669157,0.5,0.2,12.663559997664525
S1425,0.9078859400526766,0.5,0.4666666666666667,10.608793680922803
S1425,1.213214016270852,0.5,0.6,8.762729146274133
S1425,1.621225953990047,0.5,0.8666666666666667,6.732526249686051
S1425,2.1664550183569187,0.5,0.8666666666666667,5.453339526156011
S1425,2.895048241124252,0.5,0.9333333333333333,4.588954850461769
S1425,3.868672207555537,0.5,1.0,3.8311696067178764
S1425,5.1697323854266894,0.5,0.9333333333333333,3.4696097821333516
S1425,6.908347749063168,0.5,0.9333333333333333,3.2990683199186472
S1425,9.231671015799996,0.5,1.0,2.9396568702560057
S1425,12.336343339913496,0.5,0.9333333333333333,2.518502694777285
S1425,16.485137602906647,0.5,1.0,2.3322664904943258
S1425,22.02919895294292,0.5,1.0,2.1806505190351744
S1425,29.43776498552103,0.5,1.0,2.606691674289942
S1425,39.33788101845618,0.5,0.8,3.3766646422415496
S1425,52.567471877818775,0.5,0.6666666666666666,4.798469397282734
S1425,70.24626207824446,0.5,0.3333333333333333,9.548101224990729
S1425,93.87054693127754,0.5,0.0,32.01709194760191
S1425,125.43983580738016,0.5,0.0,108.22277200647198
S1425,167.62608636873256,0.5,0.0,176.90099079746378
S1425,223.99985339939863,0.5,0.0,207.41607825940594
S1425,299.33249299025266,0.5,0.0,285.75145759836295
S1425,400.0,0.5,0.0,359.9079476653366
S0957,0.05,0.5,0.3333333333333333,9.023324107134187
S0957,0.06681533234232374,0.5,0.4666666666666667,8.482830286200553
S0957,0.08928577272030351,0.5,0.6,8.14704052780582
S0957,0.11931317155496526,0.5,0.4666666666666667,7.845436018115934
S0957,0.1594389842052339,0.5,0.6666666666666666,7.275693852432435
S0957,0.21305937435990424,0.5,0.7333333333333333,7.3893482135776525
S0957,0.2847126581300915,0.5,0.6,6.901295819100775
S0957,0.38046341750056945,0.5,0.7333333333333333,6.757248992836101
S0957,0.5084157936879365,0.5,0.8,5.392088792773748
S0957,0.6793994044669157,0.5,0.8666666666666667,5.277713718674582
S0957,0.9078859400526766,0.5,0.9333333333333333,4.159860081132832
S0957,1.213214016270852,0.5,1.0,4.271903302378532
S0957,1.621225953990047,0.5,0.9333333333333333,3.8303549564038453
S0957,2.1664550183569187,0.5,0.9333333333333333,3.47799600991192
S0957,2.895048241124252,0.5,1.0,3.2845284790262914
S0957,3.868672207555537,0.5,1.0,3.1552556324414547
S0957,5.1697323854266894,0.5,1.0,2.7045188070603516
S0957,6.908347749063168,0.5,1.0,2.3824365997849677
S0957,9.231671015799996,0.5,1.0,2.0585692402033158
S0957,12.336343339913496,0.5,1.0,2.02799574802571
S0957,16.485137602906647,0.5,1.0,1.907529861474696
S0957,22.02919895294292,0.5,1.0,1.8887272444504832
S0957,29.43776498552103,0.5,1.0,1.975825551574847
S0957,39.33788101845618,0.5,1.0,2.1295701818184556
S0957,52.567471877818775,0.5,0.7333333333333333,3.100081836973831
S0957,70.24626207824446,0.5,0.3333333333333333,5.435142441653536
S0957,93.87054693127754,0.5,0.06666666666666667,17.858164330301438
S0957,125.43983580738016,0.5,0.06666666666666667,58.234709536581605
S0957,167.62608636873256,0.5,0.0,148.28144226744914
S0957,223.99985339939863,0.5,0.0,286.156108824958
S0957,299.33249299025266,0.5,0.0,412.9085073176983
S0957,400.0,0.5,0.0,515.2792205779818
S13749,0.05,0.5,0.26666666666666666,17.218104944553637
S13749,0.06681533234232374,0.5,0.3333333333333333,16.6877913052191
S13749,0.08928577272030351,0.5,0.4,16.451998762359406
S13749,0.11931317155496526,0.5,0.3333333333333333,16.511559795764704
S13749,0.1594389842052339,0.5,0.26666666666666666,15.73271340620187
S13749,0.21305937435990424,0.5,0.3333333333333333,15.029587867370742
S13749,0.2847126581300915,0.5,0.3333333333333333,14.692375056638516
S13749,0.38046341750056945,0.5,0.4,13.335527687861315
S13749,0.5084157936879365,0.5,0.4,12.407541966373698
S13749,0.6793994044669157,0.5,0.4,11.336952562172003
S13749,0.9078859400526766,0.5,0.5333333333333333,9.895029939563589
S13749,1.213214016270852,0.5,0.6666666666666666,8.699344322550498
S13749,1.621225953990047,0.5,0.8,7.6632677882743545
S13749,2.1664550183569187,0.5,0.8,6.680717478502655
S13749,2.895048241124252,0.5,0.8666666666666667,5.812861770948429
S13749,3.868672207555537,0.5,0.8666666666666667,4.65430708948126
S13749,5.1697323854266894,0.5,0.9333333333333333,3.8202010676346263
S13749,6.908347749063168,0.5,0.8666666666666667,3.303887597937127
S13749,9.231671015799996,0.5,1.0,2.9099078025102423
S13749,12.336343339913496,0.5,1.0,2.5920205502420743
S13749,16.485137602906647,0.5,1.0,2.572689564530409
S13749,22.02919895294292,0.5,1.0,2.46521296652985
S13749,29.43776498552103,0.5,1.0,2.7908614020692557
S13749,39.33788101845618,0.5,0.8,3.75612805475956
S13749,52.567471877818775,0.5,0.4666666666666667,6.140366797223582
S13749,70.24626207824446,0.5,0.3333333333333333,12.755502023567157
S13749,93.87054693127754,0.5,0.0,44.80006219303045
S13749,125.43983580738016,0.5,0.0,137.5069099769112
S13749,167.62608636873256,0.5,0.0,238.24400563144425
S13749,223.99985339939863,0.5,0.0,325.62216492792794
S13749,299.33249299025266,0.5,0.0,437.5002716592257
S13749,400.0,0.5,0.0,564.778343834559
S29505,0.05,0.5,0.26666666666666666,11.845612535701722
S29505,0.06681533234232374,0.5,0.3333333333333333,11.524005114906405
S29505,0.08928577272030351,0.5,0.3333333333333333,11.44137321415811
S29505,0.11931317155496526,0.5,0.26666666666666666,11.7345417721054
S29505,0.1594389842052339,0.5,0.3333333333333333,11.064819226415201
S29505,0.21305937435990424,0.5,0.3333333333333333,10.681169217321797
S29505,0.2847126581300915,0.5,0.4666666666666667,10.75430155630651
S29505,0.38046341750056945,0.5,0.5333333333333333,9.88632101811425
S29505,0.5084157936879365,0.5,0.6,9.322329515070066
S29505,0.6793994044669157,0.5,0.5333333333333333,8.721564421403988
S29505,0.9078859400526766,0.5,0.7333333333333333,7.909463382578331
S29505,1.213214016270852,0.5,0.7333333333333333,7.361739557868461
S29505,1.621225953990047,0.5,0.8,6.69532825258878
S29505,2.1664550183569187,0.5,0.8666666666666667,5.728853141163839
S29505,2.895048241124252,0.5,0.9333333333333333,4.970184949576045
S29505,3.868672207555537,0.5,1.0,4.063701175659148
S29505,5.1697323854266894,0.5,1.0,3.3541772229343803
S29505,6.908347749063168,0.5,1.0,2.9711658538718013
S29505,9.231671015799996,0.5,1.0,2.6704864692493033
S29505,12.336343339913496,0.5,1.0,2.348902477561379
S29505,16.485137602906647,0.5,1.0,2.273305536308608
S29505,22.02919895294292,0.5,1.0,2.3316650081924712
S29505,29.43776498552103,0.5,1.0,2.4908183927960885
S29505,39.33788101845618,0.5,0.9333333333333333,2.302384053836993
S29505,52.567471877818775,0.5,0.9333333333333333,2.1753504869793847
S29505,70.24626207824446,0.5,0.6666666666666666,4.115260601833053
S29505,93.87054693127754,0.5,0.6666666666666666,8.565353574604249
S29505,125.43983580738016,0.5,0.06666666666666667,27.281448541397697
S29505,167.62608636873256,0.5,0.0,77.26088542639066
S29505,223.99985339939863,0.5,0.0,120.19003549712133
S29505,299.33249299025266,0.5,0.0,157.2249115095714
S29505,400.0,0.5,0.0,202.97608750794188
S11739,0.05,0.5,0.6666666666666666,6.334321616006284
S11739,0.06681533234232374,0.5,0.6666666666666666,6.309462278447673
S11739,0.08928577272030351,0.5,0.7333333333333333,6.172494445431753
S11739,0.11931317155496526,0.5,0.7333333333333333,6.2011705206728625
S11739,0.1594389842052339,0.5,0.8,6.026832535278737
S11739,0.21305937435990424,0.5,0.8666666666666667,5.880938608081451
S11739,0.2847126581300915,0.5,0.8666666666666667,5.5357522303563185
S11739,0.38046341750056945,0.5,0.8666666666666667,5.119043854558925
S11739,0.5084157936879365,0.5,0.9333333333333333,4.941688814694658
S11739,0.6793994044669157,0.5,1.0,4.533030026501949
S11739,0.9078859400526766,0.5,1.0,3.9621030616687754
S11739,1.213214016270852,0.5,1.0,3.4952774649108482
S11739,1.621225953990047,0.5,1.0,3.109585816677123
S11739,2.1664550183569187,0.5,1.0,2.8664035562455132
S11739,2.895048241124252,0.5,1.0,2.741809363086895
S11739,3.868672207555537,0.5,1.0,2.6703199815237153
S11739,5.1697323854266894,0.5,1.0,2.5857976583548052
S11739,6.908347749063168,0.5,0.9333333333333333,2.5442460884809055
S11739,9.231671015799996,0.5,1.0,2.4699380048233195
S11739,12.336343339913496,0.5,1.0,2.3094569149554345
S11739,16.485137602906647,0.5,1.0,2.1868472330105013
S11739,22.02919895294292,0.5,1.0,2.2796104051201924
S11739,29.43776498552103,0.5,1.0,2.3670751184188945
S11739,39.33788101845618,0.5,0.9333333333333333,2.7154231584750335
S11739,52.567471877818775,0.5,0.8,3.4755907380853293
S11739,70.24626207824446,0.5,0.4666666666666667,5.263607233451453
S11739,93.87054693127754,0.5,0.13333333333333333,11.61088363158533
S11739,125.43983580738016,0.5,0.0,34.75989644183737
S11739,167.62608636873256,0.5,0.0,90.6151310163395
S11739,223.99985339939863,0.5,0.0,177.15313406914282
S11739,299.33249299025266,0.5,0.0,230.67360098859845
S11739,400.0,0.5,0.0,299.67446961119737
S22749,0.05,0.5,0.3333333333333333,9.405663171020837
S22749,0.06681533234232374,0.5,0.3333333333333333,9.280044830259687
S22749,0.08928577272030351,0.5,0.3333333333333333,9.341176227859693
S22749,0.11931317155496526,0.5,0.4,8.970500106051228
S22749,0.1594389842052339,0.5,0.4,9.079490743639562
S22749,0.21305937435990424,0.5,0.4,8.7268444235974
S22749,0.2847126581300915,0.5,0.4,8.483612666182562
S22749,0.38046341750056945,0.5,0.4,7.96194625084398
S22749,0.5084157936879365,0.5,0.4666666666666667,7.452653995804969
S22749,0.6793994044669157,0.5,0.6,6.87436911823112
S22749,0.9078859400526766,0.5,0.6666666666666666,6.159882440527158
S22749,1.213214016270852,0.5,0.7333333333333333,5.187159213019912
S22749,1.621225953990047,0.5,0.9333333333333333,4.456425771262357
S22749,2.1664550183569187,0.5,1.0,3.5863118916189984
S22749,2.895048241124252,0.5,1.0,2.91438054935348
S22749,3.868672207555537,0.5,1.0,2.515351616649293
S22749,5.1697323854266894,0.5,1.0,2.1472050439529444
S22749,6.908347749063168,0.5,1.0,1.9256704653920018
S22749,9.231671015799996,0.5,1.0,1.8504973938456208
S22749,12.336343339913496,0.5,1.0,1.7553917875795322
S22749,16.485137602906647,0.5,1.0,1.8576439522654702
S22749,22.02919895294292,0.5,1.0,1.8510083628293226
S22749,29.43776498552103,0.5,1.0,2.1387885790550585
S22749,39.33788101845618,0.5,1.0,2.4611344883915836
S22749,52.567471877818775,0.5,0.7333333333333333,3.578511289899341
S22749,70.24626207824446,0.5,0.3333333333333333,7.763356534157454
S22749,93.87054693127754,0.5,0.13333333333333333,13.719622091431694
S22749,125.43983580738016,0.5,0.0,40.95371228171749
S22749,167.62608636873256,0.5,0.0,76.9684428859451
S22749,223.99985339939863,0.5,0.0,148.60041606923124
S22749,299.33249299025266,0.5,0.0,235.43503670732946
S22749,400.0,0.5,0.0,307.23503570395036
S16286,0.05,0.5,0.3333333333333333,12.434972720908767
S16286,0.06681533234232374,0.5,0.3333333333333333,12.340666754241605
S16286,0.08928577272030351,0.5,0.4,12.101122931783298
S16286,0.11931317155496526,0.5,0.3333333333333333,12.259750003464235
S16286,0.1594389842052339,0.5,0.3333333333333333,11.960016620798713
S16286,0.21305937435990424,0.5,0.3333333333333333,11.513769844857105
S16286,0.2847126581300915,0.5,0.26666666666666666,11.301033497765411
S16286,0.38046341750056945,0.5,0.4666666666666667,10.250251361636286
S16286,0.5084157936879365,0.5,0.5333333333333333,9.488815302172972
S16286,0.6793994044669157,0.5,0.6666666666666666,8.821591152794577
S16286,0.9078859400526766,0.5,0.6666666666666666,7.615472173956736
S16286,1.213214016270852,0.5,0.6666666666666666,6.611196950635895
S16286,1.621225953990047,0.5,0.8666666666666667,5.622493155670142
S16286,2.1664550183569187,0.5,0.8666666666666667,4.751896602738947
S16286,2.895048241124252,0.5,0.9333333333333333,4.186576755618397
S16286,3.868672207555537,0.5,0.9333333333333333,3.6349204441572627
S16286,5.1697323854266894,0.5,0.9333333333333333,3.465112855712385
S16286,6.908347749063168,0.5,1.0,3.5287369289752855
S16286,9.231671015799996,0.5,1.0,3.2930671435054113
S16286,12.336343339913496,0.5,1.0,2.9331680011125787
S16286,16.485137602906647,0.5,0.9333333333333333,2.792278992036695
S16286,22.02919895294292,0.5,1.0,2.6345646267184706
S16286,29.43776498552103,0.5,0.9333333333333333,3.1703611520796042
S16286,39.33788101845618,0.5,0.6,4.35580166097634
S16286,52.567471877818775,0.5,0.6,6.909767951700118
S16286,70.24626207824446,0.5,0.06666666666666667,15.018770978666007
S16286,93.87054693127754,0.5,0.06666666666666667,36.752217712098776
S16286,125.43983580738016,0.5,0.0,68.9939860384537
S16286,167.62608636873256,0.5,0.0,133.22356459978224
S16286,223.99985339939863,0.5,0.0,170.62105988979718
S16286,299.33249299025266,0.5,0.0,244.5395433355331
S16286,400.0,0.5,0.0,288.0553954039576
S6155,0.05,0.5,0.4,7.23756017068442
S6155,0.06681533234232374,0.5,0.4666666666666667,7.603999483426767
S6155,0.08928577272030351,0.5,0.5333333333333333,7.104511152949621
S6155,0.11931317155496526,0.5,0.4666666666666667,7.0603753636920805
S6155,0.1594389842052339,0.5,0.5333333333333333,6.409178175922613
S6155,0.21305937435990424,0.5,0.6,6.690193117557155
S6155,0.2847126581300915,0.5,0.6,6.240349110610883
S6155,0.38046341750056945,0.5,0.6,5.882312137022686
S6155,0.5084157936879365,0.5,0.6,5.6324234385560565
S6155,0.6793994044669157,0.5,0.7333333333333333,5.150177133840776
S6155,0.9078859400526766,0.5,0.8666666666666667,4.85732455914348
S6155,1.213214016270852,0.5,0.8666666666666667,4.177095396528004
S6155,1.621225953990047,0.5,0.9333333333333333,3.9048475340594027
S6155,2.1664550183569187,0.5,0.9333333333333333,3.7517440634982497
S6155,2.895048241124252,0.5,1.0,3.398068585268982
S6155,3.868672207555537,0.5,1.0,3.1027484276605706
S6155,5.1697323854266894,0.5,1.0,2.902848427794703
S6155,6.908347749063168,0.5,1.0,2.634552570251151
S6155,9.231671015799996,0.5,1.0,2.2900894884814296
S6155,12.336343339913496,0.5,1.0,2.0864952945682935
S6155,16.485137602906647,0.5,1.0,2.4356660426331027
S6155,22.02919895294292,0.5,1.0,2.5398343790763898
S6155,29.43776498552103,0.5,1.0,3.5490222277164944
S6155,39.33788101845618,0.5,0.5333333333333333,5.180664319801836
S6155,52.567471877818775,0.5,0.3333333333333333,7.902341887376317
S6155,70.24626207824446,0.5,0.0,17.520705251267056
S6155,93.87054693127754,0.5,0.0,61.05425269974288
S6155,125.43983580738016,0.5,0.0,140.08157363054403
S6155,167.62608636873256,0.5,0.0,185.98124573307751
S6155,223.99985339939863,0.5,0.0,229.57207464082478
S6155,299.33249299025266,0.5,0.0,349.3460806369595
S6155,400.0,0.5,0.0,452.34191002133764
S8573,0.05,0.5,0.4666666666666667,7.635325154075471
S8573,0.06681533234232374,0.5,0.4666666666666667,7.456133560980887
S8573,0.08928577272030351,0.5,0.4666666666666667,7.556937694223596
S8573,0.11931317155496526,0.5,0.5333333333333333,7.116816941729736
S8573,0.1594389842052339,0.5,0.5333333333333333,7.018346551378977
S8573,0.21305937435990424,0.5,0.6,6.667182365260673
S8573,0.2847126581300915,0.5,0.6,6.257373455943996
S8573,0.38046341750056945,0.5,0.5333333333333333,6.030430294080869
S8573,0.5084157936879365,0.5,0.6,5.613227626242406
S8573,0.6793994044669157,0.5,0.8666666666666667,4.865077741857461
S8573,0.9078859400526766,0.5,0.9333333333333333,4.260129757257804
S8573,1.213214016270852,0.5,1.0,3.5502700983044053
S8573,1.621225953990047,0.5,1.0,2.9410721561756605
S8573,2.1664550183569187,0.5,1.0,2.3875328531902316
S8573,2.895048241124252,0.5,1.0,1.939156535710519
S8573,3.868672207555537,0.5,1.0,1.6904761968715587
S8573,5.1697323854266894,0.5,1.0,1.4400179456127267
S8573,6.908347749063168,0.5,1.0,1.2584505489480278
S8573,9.231671015799996,0.5,1.0,1.1937226898947253
S8573,12.336343339913496,0.5,1.0,1.1792745943534713
S8573,16.485137602906647,0.5,1.0,1.2428166817331203
S8573,22.02919895294292,0.5,1.0,1.386068396520321
S8573,29.43776498552103,0.5,1.0,1.0605076282826407
S8573,39.33788101845618,0.5,1.0,1.1873687410332818
S8573,52.567471877818775,0.5,1.0,1.9257020292916727
S8573,70.24626207824446,0.5,0.9333333333333333,2.662220118342752
S8573,93.87054693127754,0.5,0.4,10.757798535714572
S8573,125.43983580738016,0.5,0.0,118.32104553649154
S8573,167.62608636873256,0.5,0.0,280.78514821040136
S8573,223.99985339939863,0.5,0.0,403.16404321932765
S8573,299.33249299025266,0.5,0.0,475.02426013375623
S8573,400.0,0.5,0.0,473.746064369833
S26617,0.05,0.5,0.4666666666666667,7.814028985535269
S26617,0.06681533234232374,0.5,0.4666666666666667,7.68117741283682
S26617,0.08928577272030351,0.5,0.4666666666666667,7.806701562195076
S26617,0.11931317155496526,0.5,0.4666666666666667,7.536005071498792
S26617,0.1594389842052339,0.5,0.5333333333333333,7.548121284897665
S26617,0.21305937435990424,0.5,0.5333333333333333,7.200973345016697
S26617,0.2847126581300915,0.5,0.6,7.084880487411604
S26617,0.38046341750056945,0.5,0.6666666666666666,6.8283682115027835
S26617,0.5084157936879365,0.5,0.8,6.48394969184035
S26617,0.6793994044669157,0.5,0.8666666666666667,5.980265593874507
S26617,0.9078859400526766,0.5,0.9333333333333333,5.222795981540156
S26617,1.213214016270852,0.5,1.0,4.827050240895111
S26617,1.621225953990047,0.5,0.9333333333333333,4.464460181505236
S26617,2.1664550183569187,0.5,0.9333333333333333,4.013365615074234
S26617,2.895048241124252,0.5,1.0,3.7203457187902615
S26617,3.868672207555537,0.5,1.0,3.439012288899939
S26617,5.1697323854266894,0.5,1.0,3.147905236961615
S26617,6.908347749063168,0.5,1.0,3.0123234563741565
S26617,9.231671015799996,0.5,1.0,2.926243207570557
S26617,12.336343339913496,0.5,1.0,2.862786626844685
S26617,16.485137602906647,0.5,1.0,2.5360892832507025
S26617,22.02919895294292,0.5,1.0,2.5284180170454422
S26617,29.43776498552103,0.5,1.0,2.407429201552314
S26617,39.33788101845618,0.5,0.6666666666666666,3.6367601400958973
S26617,52.567471877818775,0.5,0.3333333333333333,6.055036837147041
S26617,70.24626207824446,0.5,0.06666666666666667,14.250136170102424
S26617,93.87054693127754,0.5,0.0,42.34630848407787
S26617,125.43983580738016,0.5,0.0,98.55873313052167
S26617,167.62608636873256,0.5,0.0,160.8500716598478
S26617,223.99985339939863,0.5,0.0,184.4626158733404
S26617,299.33249299025266,0.5,0.0,266.50241880675895
S26617,400.0,0.5,0.0,380.8683899302208
S7185,0.05,0.5,0.5333333333333333,8.535175195135697
S7185,0.06681533234232374,0.5,0.5333333333333333,8.27952223184428
S7185,0.08928577272030351,0.5,0.5333333333333333,8.457010519501708
S7185,0.11931317155496526,0.5,0.6,8.229044907213336
S7185,0.1594389842052339,0.5,0.6666666666666666,8.003403017692131
S7185,0.21305937435990424,0.5,0.6,8.184919086044223
S7185,0.2847126581300915,0.5,0.6666666666666666,7.921339594947259
S7185,0.38046341750056945,0.5,0.7333333333333333,7.7387676507425684
S7185,0.5084157936879365,0.5,0.8,6.695876796883637
S7185,0.6793994044669157,0.5,0.8666666666666667,6.463442132576273
S7185,0.9078859400526766,0.5,0.8666666666666667,5.7097146018905995
S7185,1.213214016270852,0.5,0.8666666666666667,5.152250442004182
S7185,1.621225953990047,0.5,0.8666666666666667,4.614681015328935
S7185,2.1664550183569187,0.5,1.0,4.330368236824756
S7185,2.895048241124252,0.5,1.0,3.8948508820229963
S7185,3.868672207555537,0.5,1.0,3.99709462636082
S7185,5.1697323854266894,0.5,0.9333333333333333,3.8125058809235433
S7185,6.908347749063168,0.5,0.9333333333333333,3.1525560344077586
S7185,9.231671015799996,0.5,0.9333333333333333,3.1571705021370993
S7185,12.336343339913496,0.5,1.0,2.6806233876963774
S7185,16.485137602906647,0.5,1.0,2.694429031119475
S7185,22.02919895294292,0.5,1.0,3.0418275486047617
S7185,29.43776498552103,0.5,0.7333333333333333,3.6035743638114877
S7185,39.33788101845618,0.5,0.4666666666666667,6.180546217824408
S7185,52.567471877818775,0.5,0.2,12.417021827507613
S7185,70.24626207824446,0.5,0.06666666666666667,26.03061929403004
S7185,93.87054693127754,0.5,0.06666666666666667,59.07495704890731
S7185,125.43983580738016,0.5,0.0,95.17330695008837
S7185,167.62608636873256,0.5,0.0,141.73921721246103
S7185,223.99985339939863,0.5,0.0,248.1434369285549
S7185,299.33249299025266,0.5,0.0,317.0818634815605
S7185,400.0,0.5,0.0,355.5562827022964
S29599,0.05,0.5,0.4666666666666667,14.86930168660722
S29599,0.06681533234232374,0.5,0.4,14.571577062972876
S29599,0.08928577272030351,0.5,0.4666666666666667,14.286614118993006
S29599,0.11931317155496526,0.5,0.4666666666666667,13.459893584729336
S29599,0.1594389842052339,0.5,0.4666666666666667,13.369801813549827
S29599,0.21305937435990424,0.5,0.4666666666666667,12.413030436783735
S29599,0.2847126581300915,0.5,0.4666666666666667,12.198010594240152
S29599,0.38046341750056945,0.5,0.6,10.095486858668668
S29599,0.5084157936879365,0.5,0.6666666666666666,9.099281804434352
S29599,0.6793994044669157,0.5,0.8,8.454870696468834
S29599,0.9078859400526766,0.5,0.8,7.67448130468444
S29599,1.213214016270852,0.5,0.8666666666666667,6.298064780224545
S29599,1.621225953990047,0.5,0.9333333333333333,5.529608988023158
S29599,2.1664550183569187,0.5,0.9333333333333333,4.649210589357305
S29599,2.895048241124252,0.5,0.9333333333333333,4.306002104460642
S29599,3.868672207555537,0.5,1.0,4.501116031298318
S29599,5.1697323854266894,0.5,1.0,4.082778223952233
S29599,6.908347749063168,0.5,1.0,3.736056477255112
S29599,9.231671015799996,0.5,0.9333333333333333,3.7706100199291392
S29599,12.336343339913496,0.5,0.8,4.094095623860527
S29599,16.485137602906647,0.5,0.8666666666666667,4.486737357454709
S29599,22.02919895294292,0.5,0.6666666666666666,6.225368634058793
S29599,29.43776498552103,0.5,0.4666666666666667,9.633213308467344
S29599,39.33788101845618,0.5,0.0,15.890584738677282
S29599,52.567471877818775,0.5,0.0,40.420916480272226
S29599,70.24626207824446,0.5,0.0,88.54359363257433
S29599,93.87054693127754,0.5,0.0,194.389414192778
S29599,125.43983580738016,0.5,0.0,235.2487110529456
S29599,167.62608636873256,0.5,0.0,291.40470728228314
S29599,223.99985339939863,0.5,0.0,317.93692879217633
S29599,299.33249299025266,0.5,0.0,492.29791573903395
S29599,400.0,0.5,0.0,487.45527270831997
S20999,0.05,0.5,0.26666666666666666,15.108893593374411
S20999,0.06681533234232374,0.5,0.26666666666666666,15.043434791316551
S20999,0.08928577272030351,0.5,0.26666666666666666,14.434708403002114
S20999,0.11931317155496526,0.5,0.26666666666666666,14.305123953636175
S20999,0.1594389842052339,0.5,0.26666666666666666,13.930468743351318
S20999,0.21305937435990424,0.5,0.26666666666666666,13.34650836680219
S20999,0.2847126581300915,0.5,0.4,12.43967342035869
S20999,0.38046341750056945,0.5,0.4,12.036035413820931
S20999,0.5084157936879365,0.5,0.4666666666666667,11.341553618291197
S20999,0.6793994044669157,0.5,0.4666666666666667,10.193280661800431
S20999,0.9078859400526766,0.5,0.4666666666666667,8.989701215348786
S20999,1.213214016270852,0.5,0.6666666666666666,7.883617813494935
S20999,1.621225953990047,0.5,0.7333333333333333,6.8201134764722156
S20999,2.1664550183569187,0.5,0.8666666666666667,5.6607254348573015
S20999,2.895048241124252,0.5,0.9333333333333333,4.862051619741982
S20999,3.868672207555537,0.5,1.0,4.159756254641506
S20999,5.1697323854266894,0.5,1.0,3.670844357741647
S20999,6.908347749063168,0.5,1.0,3.197830627322628
S20999,9.231671015799996,0.5,0.9333333333333333,3.128031802504454
S20999,12.336343339913496,0.5,0.9333333333333333,3.608238561062312
S20999,16.485137602906647,0.5,0.9333333333333333,3.7414068176782793
S20999,22.02919895294292,0.5,0.8,3.9635123810097204
S20999,29.43776498552103,0.5,0.5333333333333333,5.227568099502676
S20999,39.33788101845618,0.5,0.4666666666666667,7.698145692675682
S20999,52.567471877818775,0.5,0.2,12.831840379973574
S20999,70.24626207824446,0.5,0.06666666666666667,34.693342290837066
S20999,93.87054693127754,0.5,0.0,81.08823670170423
S20999,125.43983580738016,0.5,0.0,130.01258336233022
S20999,167.62608636873256,0.5,0.0,269.22554345869673
S20999,223.99985339939863,0.5,0.0,373.0401859355585
S20999,299.33249299025266,0.5,0.0,444.57510427312786
S20999,400.0,0.5,0.0,535.5615518434835
S8673,0.05,0.5,0.13333333333333333,23.25859289017941
S8673,0.06681533234232374,0.5,0.06666666666666667,23.188578638914272
S8673,0.08928577272030351,0.5,0.06666666666666667,23.036270017293894
S8673,0.11931317155496526,0.5,0.06666666666666667,22.90602045435933
S8673,0.1594389842052339,0.5,0.13333333333333333,22.565579132267946
S8673,0.21305937435990424,0.5,0.06666666666666667,22.70844080328552
S8673,0.2847126581300915,0.5,0.13333333333333333,21.42961227270387
S8673,0.38046341750056945,0.5,0.13333333333333333,20.411185333006568
S8673,0.5084157936879365,0.5,0.2,18.937073457836245
S8673,0.6793994044669157,0.5,0.2,17.650536267296125
S8673,0.9078859400526766,0.5,0.13333333333333333,15.976537620711152
S8673,1.213214016270852,0.5,0.4,14.660954161718701
S8673,1.621225953990047,0.5,0.4666666666666667,12.876411336247381
S8673,2.1664550183569187,0.5,0.3333333333333333,11.929589792607779
S8673,2.895048241124252,0.5,0.2,11.273599082003866
S8673,3.868672207555537,0.5,0.3333333333333333,10.394226599176244
S8673,5.1697323854266894,0.5,0.6666666666666666,8.988970379735981
S8673,6.908347749063168,0.5,0.8666666666666667,7.35660065222109
S8673,9.231671015799996,0.5,0.6,6.813514746456761
S8673,12.336343339913496,0.5,0.7333333333333333,6.490164217209282
S8673,16.485137602906647,0.5,0.6666666666666666,5.759124022084501
S8673,22.02919895294292,0.5,0.8,6.14675726446352
S8673,29.43776498552103,0.5,0.4666666666666667,5.978457540452753
S8673,39.33788101845618,0.5,0.5333333333333333,7.967462222395617
S8673,52.567471877818775,0.5,0.13333333333333333,14.963010608856665
S8673,70.24626207824446,0.5,0.0,38.48872232106063
S8673,93.87054693127754,0.5,0.0,100.30632829787031
S8673,125.43983580738016,0.5,0.0,168.43096144587201
S8673,167.62608636873256,0.5,0.0,236.85473722879038
S8673,223.99985339939863,0.5,0.0,261.5991349570664
S8673,299.33249299025266,0.5,0.0,316.189452871436
S8673,400.0,0.5,0.0,360.8428323695659
S26947,0.05,0.5,0.4666666666666667,11.934774474707924
S26947,0.06681533234232374,0.5,0.4666666666666667,11.80747244303772
S26947,0.08928577272030351,0.5,0.4,11.523388277094035
S26947,0.11931317155496526,0.5,0.4,11.730294057363285
S26947,0.1594389842052339,0.5,0.4,11.285663349346914
S26947,0.21305937435990424,0.5,0.4,10.85075294901237
S26947,0.2847126581300915,0.5,0.4666666666666667,10.2583916389298
S26947,0.38046341750056945,0.5,0.5333333333333333,9.728849724837254
S26947,0.5084157936879365,0.5,0.5333333333333333,8.764398355217642
S26947,0.6793994044669157,0.5,0.6,8.186898047314891
S26947,0.9078859400526766,0.5,0.8666666666666667,7.036930594396413
S26947,1.213214016270852,0.5,0.9333333333333333,6.201316764884148
S26947,1.621225953990047,0.5,0.9333333333333333,5.036441166886274
S26947,2.1664550183569187,0.5,0.9333333333333333,4.51262611255062
S26947,2.895048241124252,0.5,0.9333333333333333,3.9198924592756064
S26947,3.868672207555537,0.5,1.0,3.3311316714616535
S26947,5.1697323854266894,0.5,1.0,3.030802455559417
S26947,6.908347749063168,0.5,0.9333333333333333,2.5825370061483732
S26947,9.231671015799996,0.5,0.9333333333333333,2.663339930922834
S26947,12.336343339913496,0.5,1.0,2.6771337845988135
S26947,16.485137602906647,0.5,1.0,2.4367494767583384
S26947,22.02919895294292,0.5,0.9333333333333333,2.4783233860507603
S26947,29.43776498552103,0.5,0.9333333333333333,2.746189655613896
S26947,39.33788101845618,0.5,0.9333333333333333,4.1956011838158185
S26947,52.567471877818775,0.5,0.26666666666666666,7.486938261839494
S26947,70.24626207824446,0.5,0.13333333333333333,18.64623897118274
S26947,93.87054693127754,0.5,0.0,47.55922507738214
S26947,125.43983580738016,0.5,0.0,113.26934729066657
S26947,167.62608636873256,0.5,0.0,251.33778201631338
S26947,223.99985339939863,0.5,0.0,329.09528029303306
S26947,299.33249299025266,0.5,0.0,403.84310415327764
S26947,400.0,0.5,0.0,495.2999948166092
S7679,0.05,0.5,0.26666666666666666,25.34525798034056
S7679,0.06681533234232374,0.5,0.26666666666666666,24.7309513274616
S7679,0.08928577272030351,0.5,0.3333333333333333,24.582322859396136
S7679,0.11931317155496526,0.5,0.4,23.700535164520776
S7679,0.1594389842052339,0.5,0.4,23.574229304590755
S7679,0.21305937435990424,0.5,0.3333333333333333,22.444298453120272
S7679,0.2847126581300915,0.5,0.3333333333333333,21.56881972201181
S7679,0.38046341750056945,0.5,0.3333333333333333,20.728451051173508
S7679,0.5084157936879365,0.5,0.3333333333333333,19.296877594393813
S7679,0.6793994044669157,0.5,0.3333333333333333,17.560771673994473
S7679,0.9078859400526766,0.5,0.3333333333333333,16.04657994341295
S7679,1.213214016270852,0.5,0.3333333333333333,14.041865069534145
S7679,1.621225953990047,0.5,0.4,12.371857890024483
S7679,2.1664550183569187,0.5,0.5333333333333333,11.000847131622761
S7679,2.895048241124252,0.5,0.6,9.640517526939698
S7679,3.868672207555537,0.5,0.8,8.240264936498642
S7679,5.1697323854266894,0.5,0.9333333333333333,6.827742005056816
S7679,6.908347749063168,0.5,0.9333333333333333,5.602850250981523
S7679,9.231671015799996,0.5,1.0,4.681227254233391
S7679,12.336343339913496,0.5,1.0,4.162141459973721
S7679,16.485137602906647,0.5,1.0,3.804251632640614
S7679,22.02919895294292,0.5,0.9333333333333333,3.3473601781915545
S7679,29.43776498552103,0.5,0.9333333333333333,3.3199345900718966
S7679,39.33788101845618,0.5,0.9333333333333333,3.5122812984932366
S7679,52.567471877818775,0.5,1.0,3.564694661905798
S7679,70.24626207824446,0.5,0.6,5.542070799405709
S7679,93.87054693127754,0.5,0.2,11.648327706999142
S7679,125.43983580738016,0.5,0.0,40.843022683666824
S7679,167.62608636873256,0.5,0.0,114.76659738472546
S7679,223.99985339939863,0.5,0.0,185.73266450353597
S7679,299.33249299025266,0.5,0.0,238.6196261489455
S7679,400.0,0.5,0.0,282.9938857688026
S15908,0.05,0.5,0.4,14.166124237257781
S15908,0.06681533234232374,0.5,0.4,13.891380589680908
S15908,0.08928577272030351,0.5,0.4666666666666667,14.182108506098553
S15908,0.11931317155496526,0.5,0.4,12.975203546848787
S15908,0.1594389842052339,0.5,0.4,13.27085002949093
S15908,0.21305937435990424,0.5,0.4,12.497476440499012
S15908,0.2847126581300915,0.5,0.5333333333333333,11.84451707407071
S15908,0.38046341750056945,0.5,0.4666666666666667,10.908266161725855
S15908,0.5084157936879365,0.5,0.5333333333333333,10.28837047379179
S15908,0.6793994044669157,0.5,0.6,8.825486528557889
S15908,0.9078859400526766,0.5,0.6,7.856178793411959
S15908,1.213214016270852,0.5,0.8666666666666667,6.733581417468967
S15908,1.621225953990047,0.5,0.9333333333333333,5.731692677448573
S15908,2.1664550183569187,0.5,0.9333333333333333,5.091071105156152
S15908,2.895048241124252,0.5,0.9333333333333333,4.55374577500162
S15908,3.868672207555537,0.5,1.0,4.217066412033991
S15908,5.1697323854266894,0.5,0.9333333333333333,4.118168557137325
S15908,6.908347749063168,0.5,0.8666666666666667,3.8473505368528986
S15908,9.231671015799996,0.5,0.9333333333333333,3.580149452596006
S15908,12.336343339913496,0.5,0.9333333333333333,3.5252160120784746
S15908,16.485137602906647,0.5,1.0,3.06326156005477
S15908,22.02919895294292,0.5,1.0,2.5640603147145797
S15908,29.43776498552103,0.5,0.8666666666666667,2.8569549361161597
S15908,39.33788101845618,0.5,0.8666666666666667,3.366957576123624
S15908,52.567471877818775,0.5,0.6666666666666666,4.830484229672641
S15908,70.24626207824446,0.5,0.2,10.187289267345166
S15908,93.87054693127754,0.5,0.06666666666666667,23.660036995842173
S15908,125.43983580738016,0.5,0.0,82.86245852130797
S15908,167.62608636873256,0.5,0.0,186.84281347537333
S15908,223.99985339939863,0.5,0.0,263.0800220166027
S15908,299.33249299025266,0.5,0.0,321.20753769867434
S15908,400.0,0.5,0.0,401.57699397217436
S15590,0.05,0.5,0.26666666666666666,17.84532184832957
S15590,0.06681533234232374,0.5,0.3333333333333333,18.2981900981736
S15590,0.08928577272030351,0.5,0.26666666666666666,17.415995445672483
S15590,0.11931317155496526,0.5,0.3333333333333333,17.027689264887368
S15590,0.1594389842052339,0.5,0.3333333333333333,16.398419293269644
S15590,0.21305937435990424,0.5,0.3333333333333333,15.720360670889137
S15590,0.2847126581300915,0.5,0.4666666666666667,14.77650848628446
S15590,0.38046341750056945,0.5,0.4,14.22440397959478
S15590,0.5084157936879365,0.5,0.4666666666666667,12.747327362064441
S15590,0.6793994044669157,0.5,0.6,11.955688920985644
S15590,0.9078859400526766,0.5,0.8,10.266308709752966
S15590,1.213214016270852,0.5,0.7333333333333333,9.027981986563441
S15590,1.621225953990047,0.5,0.8,7.881270417971505
S15590,2.1664550183569187,0.5,0.8666666666666667,7.048843588110805
S15590,2.895048241124252,0.5,1.0,6.492887071563486
S15590,3.868672207555537,0.5,1.0,5.519231249098593
S15590,5.1697323854266894,0.5,0.8666666666666667,5.2746888953724245
S15590,6.908347749063168,0.5,1.0,4.901388609658521
S15590,9.231671015799996,0.5,0.8666666666666667,4.564782122317552
S15590,12.336343339913496,0.5,0.9333333333333333,4.812814118619815
S15590,16.485137602906647,0.5,1.0,4.527528373091964
S15590,22.02919895294292,0.5,0.8666666666666667,4.676827483609356
S15590,29.43776498552103,0.5,0.8666666666666667,5.588976910743365
S15590,39.33788101845618,0.5,0.8,7.035187548808307
S15590,52.567471877818775,0.5,0.3333333333333333,9.554590206500263
S15590,70.24626207824446,0.5,0.06666666666666667,20.810802641782026
S15590,93.87054693127754,0.5,0.0,45.49515820299355
S15590,125.43983580738016,0.5,0.0,126.2135758789421
S15590,167.62608636873256,0.5,0.0,201.11139087283934
S15590,223.99985339939863,0.5,0.0,238.71422907367844
S15590,299.33249299025266,0.5,0.0,325.6633074154793
S15590,400.0,0.5,0.0,384.51561716418905
S1130,0.05,0.5,0.13333333333333333,27.386113817232676
S1130,0.06681533234232374,0.5,0.13333333333333333,26.769052964195673
S1130,0.08928577272030351,0.5,0.0,26.731562052798093
S1130,0.11931317155496526,0.5,0.0,25.783058650071883
S1130,0.1594389842052339,0.5,0.0,25.243637913892723
S1130,0.21305937435990424,0.5,0.0,24.041830656840077
S1130,0.2847126581300915,0.5,0.0,23.5911484979222
S1130,0.38046341750056945,0.5,0.13333333333333333,22.110223438317558
S1130,0.5084157936879365,0.5,0.2,20.199429363101782
S1130,0.6793994044669157,0.5,0.26666666666666666,18.211562573637305
S1130,0.9078859400526766,0.5,0.4,15.826831770819775
S1130,1.213214016270852,0.5,0.4666666666666667,13.805134579991426
S1130,1.621225953990047,0.5,0.4666666666666667,11.920925287909258
S1130,2.1664550183569187,0.5,0.4666666666666667,10.238698422913206
S1130,2.895048241124252,0.5,0.6,8.862376854071364
S1130,3.868672207555537,0.5,0.8,7.434099739611788
S1130,5.1697323854266894,0.5,0.9333333333333333,6.001194269720515
S1130,6.908347749063168,0.5,0.8666666666666667,5.102687475954428
S1130,9.231671015799996,0.5,0.9333333333333333,4.70731530674478
S1130,12.336343339913496,0.5,1.0,4.487879716936359
S1130,16.485137602906647,0.5,0.8666666666666667,4.366850697389636
S1130,22.02919895294292,0.5,0.9333333333333333,4.145838840092375
S1130,29.43776498552103,0.5,1.0,3.3684133161939753
S1130,39.33788101845618,0.5,1.0,3.493644910198454
S1130,52.567471877818775,0.5,0.8666666666666667,4.943426350348385
S1130,70.24626207824446,0.5,0.4,7.20691154179155
S1130,93.87054693127754,0.5,0.06666666666666667,16.127142421368056
S1130,125.43983580738016,0.5,0.06666666666666667,45.48122689496081
S1130,167.62608636873256,0.5,0.0,140.24421674810154
S1130,223.99985339939863,0.5,0.0,240.23579772849246
S1130,299.33249299025266,0.5,0.0,309.2168327016562
S1130,400.0,0.5,0.0,355.4296037958832
S6019,0.05,0.5,0.26666666666666666,16.315133147545517
S6019,0.06681533234232374,0.5,0.26666666666666666,16.265748298657346
S6019,0.08928577272030351,0.5,0.26666666666666666,15.874690774699154
S6019,0.11931317155496526,0.5,0.26666666666666666,15.416667159236194
S6019,0.1594389842052339,0.5,0.3333333333333333,14.900759736391823
S6019,0.21305937435990424,0.5,0.3333333333333333,14.578927033990906
S6019,0.2847126581300915,0.5,0.4,14.160734741414716
S6019,0.38046341750056945,0.5,0.4,13.41429973156039
S6019,0.5084157936879365,0.5,0.4666666666666667,12.701637619583092
S6019,0.6793994044669157,0.5,0.6,11.435569791766024
S6019,0.9078859400526766,0.5,0.7333333333333333,10.224343728566884
S6019,1.213214016270852,0.5,0.6666666666666666,9.179076460784803
S6019,1.621225953990047,0.5,0.7333333333333333,8.158539757162831
S6019,2.1664550183569187,0.5,0.6,7.042596810862153
S6019,2.895048241124252,0.5,0.6666666666666666,6.270193608059708
S6019,3.868672207555537,0.5,0.7333333333333333,5.938007080230836
S6019,5.1697323854266894,0.5,1.0,5.198695244763716
S6019,6.908347749063168,0.5,1.0,4.315464764769947
S6019,9.231671015799996,0.5,1.0,3.623214636845583
S6019,12.336343339913496,0.5,1.0,2.9990400610367827
S6019,16.485137602906647,0.5,1.0,2.4384304151610374
S6019,22.02919895294292,0.5,1.0,2.2817941766514367
S6019,29.43776498552103,0.5,1.0,1.8808069482471734
S6019,39.33788101845618,0.5,1.0,1.7815657966010179
S6019,52.567471877818775,0.5,1.0,2.1847924956513283
S6019,70.24626207824446,0.5,0.8,3.494160683634471
S6019,93.87054693127754,0.5,0.13333333333333333,7.312721997974805
S6019,125.43983580738016,0.5,0.06666666666666667,24.49735423040466
S6019,167.62608636873256,0.5,0.0,82.40234723408061
S6019,223.99985339939863,0.5,0.0,167.2678686466537
S6019,299.33249299025266,0.5,0.0,216.76732311285696
S6019,400.0,0.5,0.0,279.16338395360276
S25592,0.05,0.5,0.6,8.908606717721645
S25592,0.06681533234232374,0.5,0.6,8.891113280202996
S25592,0.08928577272030351,0.5,0.6666666666666666,8.551590643493315
S25592,0.11931317155496526,0.5,0.6666666666666666,8.580391026512974
S25592,0.1594389842052339,0.5,0.6666666666666666,8.063957978879328
S25592,0.21305937435990424,0.5,0.6666666666666666,8.329899674266809
S25592,0.2847126581300915,0.5,0.6666666666666666,7.770622522573224
S25592,0.38046341750056945,0.5,0.7333333333333333,7.573804335223063
S25592,0.5084157936879365,0.5,0.7333333333333333,7.279489195720897
S25592,0.6793994044669157,0.5,0.8,6.701555711987909
S25592,0.9078859400526766,0.5,0.8666666666666667,6.775079250642727
S25592,1.213214016270852,0.5,1.0,5.858307462698078
S25592,1.621225953990047,0.5,1.0,5.550352384652792
S25592,2.1664550183569187,0.5,0.8666666666666667,5.344577888256969
S25592,2.895048241124252,0.5,0.8666666666666667,5.123500035851631
S25592,3.868672207555537,0.5,0.8666666666666667,4.858976959665901
S25592,5.1697323854266894,0.5,1.0,4.79149633980722
S25592,6.908347749063168,0.5,1.0,4.333217261245179
S25592,9.231671015799996,0.5,1.0,3.981193878404431
S25592,12.336343339913496,0.5,1.0,3.5893700539687865
S25592,16.485137602906647,0.5,1.0,3.069076803249648
S25592,22.02919895294292,0.5,0.9333333333333333,3.431155235944566
S25592,29.43776498552103,0.5,0.8666666666666667,3.642191585739386
S25592,39.33788101845618,0.5,0.5333333333333333,5.3408360127503745
S25592,52.567471877818775,0.5,0.5333333333333333,7.9321201723874815
S25592,70.24626207824446,0.5,0.2,15.727105860371553
S25592,93.87054693127754,0.5,0.0,57.06711874323676
S25592,125.43983580738016,0.5,0.0,130.7149736194687
S25592,167.62608636873256,0.5,0.0,279.6530287898542
S25592,223.99985339939863,0.5,0.0,391.91616666383936
S25592,299.33249299025266,0.5,0.0,445.1747930569274
S25592,400.0,0.5,0.0,498.55774910879734
S20797,0.05,0.5,0.13333333333333333,19.287313980688413
S20797,0.06681533234232374,0.5,0.13333333333333333,20.18132529816875
S20797,0.08928577272030351,0.5,0.13333333333333333,19.265866771154904
S20797,0.11931317155496526,0.5,0.2,18.5292481698401
S20797,0.1594389842052339,0.5,0.13333333333333333,18.422051196061147
S20797,0.21305937435990424,0.5,0.13333333333333333,17.18323643088565
S20797,0.2847126581300915,0.5,0.2,16.33025998086502
S20797,0.38046341750056945,0.5,0.26666666666666666,15.559519078518267
S20797,0.5084157936879365,0.5,0.4,13.786953519992645
S20797,0.6793994044669157,0.5,0.4666666666666667,11.571387079730956
S20797,0.9078859400526766,0.5,0.5333333333333333,9.921525490064942
S20797,1.213214016270852,0.5,0.4666666666666667,8.624782088572472
S20797,1.621225953990047,0.5,0.5333333333333333,7.359704250813667
S20797,2.1664550183569187,0.5,0.6666666666666666,6.705515018491416
S20797,2.895048241124252,0.5,0.7333333333333333,6.050705703449362
S20797,3.868672207555537,0.5,0.8666666666666667,5.431487306705411
S20797,5.1697323854266894,0.5,0.9333333333333333,5.010354206783214
S20797,6.908347749063168,0.5,1.0,4.2612107136420985
S20797,9.231671015799996,0.5,0.9333333333333333,3.860615717940578
S20797,12.336343339913496,0.5,0.8,4.003381242347043
S20797,16.485137602906647,0.5,1.0,3.9624456712370035
S20797,22.02919895294292,0.5,0.8666666666666667,4.172092368447143
S20797,29.43776498552103,0.5,0.7333333333333333,5.454080255500762
S20797,39.33788101845618,0.5,0.3333333333333333,7.7134120491975535
S20797,52.567471877818775,0.5,0.13333333333333333,15.600612322210257
S20797,70.24626207824446,0.5,0.0,28.620519899262124
S20797,93.87054693127754,0.5,0.0,82.81176613972909
S20797,125.43983580738016,0.5,0.0,207.579016601114
S20797,167.62608636873256,0.5,0.0,309.63756579946204
S20797,223.99985339939863,0.5,0.0,367.6222015122456
S20797,299.33249299025266,0.5,0.0,399.7333874918766
S20797,400.0,0.5,0.0,480.255025623562
S15708,0.05,0.5,0.2,17.05852167936729
S15708,0.06681533234232374,0.5,0.2,16.634465972924193
S15708,0.08928577272030351,0.5,0.13333333333333333,16.439395345937644
S15708,0.11931317155496526,0.5,0.26666666666666666,15.243144649246679
S15708,0.1594389842052339,0.5,0.2,15.198994744341395
S15708,0.21305937435990424,0.5,0.26666666666666666,13.949397502941107
S15708,0.2847126581300915,0.5,0.3333333333333333,13.076697276985865
S15708,0.38046341750056945,0.5,0.4,12.051534525799516
S15708,0.5084157936879365,0.5,0.4666666666666667,11.105555446420698
S15708,0.6793994044669157,0.5,0.6,9.704320142006464
S15708,0.9078859400526766,0.5,0.9333333333333333,7.878291734426268
S15708,1.213214016270852,0.5,1.0,6.21215101856553
S15708,1.621225953990047,0.5,0.8666666666666667,5.642143832815037
S15708,2.1664550183569187,0.5,0.8,5.1218925245517415
S15708,2.895048241124252,0.5,0.9333333333333333,4.865569976942975
S15708,3.868672207555537,0.5,1.0,4.2701628597836825
S15708,5.1697323854266894,0.5,0.9333333333333333,3.8836902427191666
S15708,6.908347749063168,0.5,0.9333333333333333,3.610721371110798
S15708,9.231671015799996,0.5,1.0,3.4341569843331765
S15708,12.336343339913496,0.5,1.0,3.0546744740391647
S15708,16.485137602906647,0.5,0.9333333333333333,3.154430899954869
S15708,22.02919895294292,0.5,1.0,3.7182538855534033
S15708,29.43776498552103,0.5,0.8666666666666667,4.395170266984594
S15708,39.33788101845618,0.5,0.5333333333333333,5.847494255318718
S15708,52.567471877818775,0.5,0.5333333333333333,8.698890295709734
S15708,70.24626207824446,0.5,0.0,19.84660253130711
S15708,93.87054693127754,0.5,0.0,71.15483593293125
S15708,125.43983580738016,0.5,0.0,173.72265274767062
S15708,167.62608636873256,0.5,0.0,268.9669622285821
S15708,223.99985339939863,0.5,0.0,361.4714804750234
S15708,299.33249299025266,0.5,0.0,420.2899441611352
S15708,400.0,0.5,0.0,475.05578219846456
S9297,0.05,1.0,0.13333333333333333,24.1924398323949
S9297,0.06681533234232374,1.0,0.26666666666666666,23.0363968130053
S9297,0.08928577272030351,1.0,0.26666666666666666,20.933011765001726
S9297,0.11931317155496526,1.0,0.26666666666666666,21.796166706126954
S9297,0.1594389842052339,1.0,0.2,23.018442333686476
S9297,0.21305937435990424,1.0,0.3333333333333333,19.591625905151794
S9297,0.2847126581300915,1.0,0.4,20.371395490116974
S9297,0.38046341750056945,1.0,0.4666666666666667,19.62337623666115
S9297,0.5084157936879365,1.0,0.4,19.886471223434334
S9297,0.6793994044669157,1.0,0.4,17.53306819929098
S9297,0.9078859400526766,1.0,0.4,15.409212149004619
S9297,1.213214016270852,1.0,0.4,14.349263407538933
S9297,1.621225953990047,1.0,0.4666666666666667,12.493880824276234
S9297,2.1664550183569187,1.0,0.8,10.104892235043707
S9297,2.895048241124252,1.0,0.7333333333333333,9.168024540944167
S9297,3.868672207555537,1.0,0.8,8.048236418041315
S9297,5.1697323854266894,1.0,0.7333333333333333,7.698980119443741
S9297,6.908347749063168,1.0,0.8666666666666667,6.702108175971273
S9297,9.231671015799996,1.0,0.7333333333333333,5.724405644324878
S9297,12.336343339913496,1.0,0.8666666666666667,5.310169182705585
S9297,16.485137602906647,1.0,0.9333333333333333,4.40366582237782
S9297,22.02919895294292,1.0,1.0,3.8519068380418875
S9297,29.43776498552103,1.0,0.8666666666666667,4.372720142337406
S9297,39.33788101845618,1.0,0.8666666666666667,5.457048605449622
S9297,52.567471877818775,1.0,0.5333333333333333,7.836747605965216
S9297,70.24626207824446,1.0,0.3333333333333333,10.32104666464755
S9297,93.87054693127754,1.0,0.3333333333333333,17.49676000792522
S9297,125.43983580738016,1.0,0.0,45.134921940360975
S9297,167.62608636873256,1.0,0.06666666666666667,187.0829001182753
S9297,223.99985339939863,1.0,0.0,288.9251452542664
S9297,299.33249299025266,1.0,0.0,419.45127083345113
S9297,400.0,1.0,0.0,504.8122515197463
S9339,0.05,0.5,0.26666666666666666,16.012814525258978
S9339,0.06681533234232374,0.5,0.3333333333333333,15.900660490015696
S9339,0.08928577272030351,0.5,0.26666666666666666,16.312333643642493
S9339,0.11931317155496526,0.5,0.26666666666666666,15.735930251997996
S9339,0.1594389842052339,0.5,0.26666666666666666,15.118768267944189
S9339,0.21305937435990424,0.5,0.26666666666666666,15.046859933883686
S9339,0.2847126581300915,0.5,0.3333333333333333,14.671257459318833
S9339,0.38046341750056945,0.5,0.3333333333333333,13.49278983245303
S9339,0.5084157936879365,0.5,0.3333333333333333,12.609375980980268
S9339,0.6793994044669157,0.5,0.3333333333333333,11.473435962985244
S9339,0.9078859400526766,0.5,0.26666666666666666,10.695715970950967
S9339,1.213214016270852,0.5,0.4,9.206367982874148
S9339,1.621225953990047,0.5,0.5333333333333333,8.384482956518992
S9339,2.1664550183569187,0.5,0.6,7.648935746189884
S9339,2.895048241124252,0.5,0.7333333333333333,6.677819743159089
S9339,3.868672207555537,0.5,0.8666666666666667,5.870608476899556
S9339,5.1697323854266894,0.5,0.8666666666666667,5.469033172192632
S9339,6.908347749063168,0.5,0.8666666666666667,5.444454918928447
S9339,9.231671015799996,0.5,0.9333333333333333,4.623899688119587
S9339,12.336343339913496,0.5,0.8666666666666667,4.031731769782848
S9339,16.485137602906647,0.5,1.0,3.4045055462636373
S9339,22.02919895294292,0.5,0.9333333333333333,3.7004936107580657
S9339,29.43776498552103,0.5,0.8666666666666667,4.438227596521916
S9339,39.33788101845618,0.5,0.6666666666666666,5.615111823901158
S9339,52.567471877818775,0.5,0.4666666666666667,7.068221993231424
S9339,70.24626207824446,0.5,0.26666666666666666,13.340580575648284
S9339,93.87054693127754,0.5,0.0,49.09986273569679
S9339,125.43983580738016,0.5,0.0,133.16036780971092
S9339,167.62608636873256,0.5,0.0,263.85467278373324
S9339,223.99985339939863,0.5,0.0,365.9887226146872
S9339,299.33249299025266,0.5,0.0,415.98744230910813
S9339,400.0,0.5,0.0,477.3506347384588
S20164,0.05,0.5,0.8,8.60455799732186
S20164,0.06681533234232374,0.5,0.8666666666666667,8.603737844166716
S20164,0.08928577272030351,0.5,0.8,8.454279910493414
S20164,0.11931317155496526,0.5,0.8666666666666667,7.818926668870514
S20164,0.1594389842052339,0.5,0.8666666666666667,8.036611372200209
S20164,0.21305937435990424,0.5,0.7333333333333333,7.835715400244068
S20164,0.2847126581300915,0.5,0.8,7.411584752664826
S20164,0.38046341750056945,0.5,0.8666666666666667,7.083760033787047
S20164,0.5084157936879365,0.5,0.9333333333333333,6.594182155230653
S20164,0.6793994044669157,0.5,0.8666666666666667,6.3968727604390105
S20164,0.9078859400526766,0.5,0.8666666666666667,5.99243801826327
S20164,1.213214016270852,0.5,0.8,6.004157244613148
S20164,1.621225953990047,0.5,0.7333333333333333,5.9131017152097165
S20164,2.1664550183569187,0.5,0.8,5.683549089370359
S20164,2.895048241124252,0.5,0.9333333333333333,5.428597788289673
S20164,3.868672207555537,0.5,0.9333333333333333,4.81840637061086
S20164,5.1697323854266894,0.5,0.9333333333333333,4.497072254493117
S20164,6.908347749063168,0.5,1.0,4.165576246946673
S20164,9.231671015799996,0.5,0.8666666666666667,3.997956849351705
S20164,12.336343339913496,0.5,0.8666666666666667,4.150575035584751
S20164,16.485137602906647,0.5,0.7333333333333333,4.71546167015896
S20164,22.02919895294292,0.5,0.7333333333333333,5.699734726571735
S20164,29.43776498552103,0.5,0.6,7.151744834449519
S20164,39.33788101845618,0.5,0.06666666666666667,13.951784499557695
S20164,52.567471877818775,0.5,0.06666666666666667,36.86119221160599
S20164,70.24626207824446,0.5,0.0,111.51047192703733
S20164,93.87054693127754,0.5,0.0,269.5988597812799
S20164,125.43983580738016,0.5,0.0,376.4547305993528
S20164,167.62608636873256,0.5,0.0,478.60616000564175
S20164,223.99985339939863,0.5,0.0,531.7508634614112
S20164,299.33249299025266,0.5,0.0,674.369820879364
S20164,400.0,0.5,0.0,714.0607942750779
S8783,0.05,0.5,0.4,11.973750432451423
S8783,0.06681533234232374,0.5,0.4,11.688066278978843
S8783,0.08928577272030351,0.5,0.4,11.306533433428386
S8783,0.11931317155496526,0.5,0.26666666666666666,11.234698009237528
S8783,0.1594389842052339,0.5,0.3333333333333333,10.79668652232487
S8783,0.21305937435990424,0.5,0.4666666666666667,9.713539552511119
S8783,0.2847126581300915,0.5,0.6,9.717869732357514
S8783,0.38046341750056945,0.5,0.6666666666666666,9.200427820198941
S8783,0.5084157936879365,0.5,0.8,8.27061148924574
S8783,0.6793994044669157,0.5,0.8666666666666667,8.00897192940163
S8783,0.9078859400526766,0.5,0.9333333333333333,6.552039322013863
S8783,1.213214016270852,0.5,1.0,5.63576901312326
S8783,1.621225953990047,0.5,1.0,4.8320514798772365
S8783,2.1664550183569187,0.5,1.0,4.251819149974802
S8783,2.895048241124252,0.5,1.0,3.3034280410187504
S8783,3.868672207555537,0.5,1.0,3.2897005169052105
S8783,5.1697323854266894,0.5,1.0,2.9863107710725414
S8783,6.908347749063168,0.5,1.0,3.10405172927426
S8783,9.231671015799996,0.5,0.9333333333333333,3.6487600026784857
S8783,12.336343339913496,0.5,0.9333333333333333,3.723272332375152
S8783,16.485137602906647,0.5,0.8666666666666667,3.98505697692317
S8783,22.02919895294292,0.5,0.7333333333333333,4.663279366181585
S8783,29.43776498552103,0.5,0.5333333333333333,6.358479405303799
S8783,39.33788101845618,0.5,0.2,8.30186619899689
S8783,52.567471877818775,0.5,0.06666666666666667,15.736624924206335
S8783,70.24626207824446,0.5,0.0,67.25862715201337
S8783,93.87054693127754,0.5,0.0,207.8177326029881
S8783,125.43983580738016,0.5,0.0,313.9313203165902
S8783,167.62608636873256,0.5,0.0,516.6638361406843
S8783,223.99985339939863,0.5,0.0,576.8651340534942
S8783,299.33249299025266,0.5,0.0,738.029807832748
S8783,400.0,0.5,0.0,782.6337693471047
S19173,0.05,0.5,0.06666666666666667,17.157619653209434
S19173,0.06681533234232374,0.5,0.2,16.109914830433066
S19173,0.08928577272030351,0.5,0.13333333333333333,15.890867943069868
S19173,0.11931317155496526,0.5,0.2,15.139477494428938
S19173,0.1594389842052339,0.5,0.2,15.690779361616908
S19173,0.21305937435990424,0.5,0.2,14.618101295825937
S19173,0.2847126581300915,0.5,0.2,14.384467320095348
S19173,0.38046341750056945,0.5,0.26666666666666666,13.356542190815636
S19173,0.5084157936879365,0.5,0.26666666666666666,12.128925498019012
S19173,0.6793994044669157,0.5,0.4,11.589678010275447
S19173,0.9078859400526766,0.5,0.6,9.680574200837002
S19173,1.213214016270852,0.5,0.4,8.990971228604197
S19173,1.621225953990047,0.5,0.5333333333333333,8.155734125863365
S19173,2.1664550183569187,0.5,0.7333333333333333,7.250104500541128
S19173,2.895048241124252,0.5,1.0,6.101838728436481
S19173,3.868672207555537,0.5,0.8,5.669697312589036
S19173,5.1697323854266894,0.5,0.8,5.681163092003135
S19173,6.908347749063168,0.5,0.9333333333333333,5.226519580902345
S19173,9.231671015799996,0.5,0.8666666666666667,4.817362937012579
S19173,12.336343339913496,0.5,0.7333333333333333,5.461023358011237
S19173,16.485137602906647,0.5,0.6666666666666666,6.263736974430551
S19173,22.02919895294292,0.5,0.4666666666666667,8.123472616885895
S19173,29.43776498552103,0.5,0.3333333333333333,11.767035441924326
S19173,39.33788101845618,0.5,0.0,18.435517640977604
S19173,52.567471877818775,0.5,0.0,34.469267331482605
S19173,70.24626207824446,0.5,0.0,101.10199440392051
S19173,93.87054693127754,0.5,0.0,235.83060374264085
S19173,125.43983580738016,0.5,0.0,294.8952255918635
S19173,167.62608636873256,0.5,0.0,421.7666961040698
S19173,223.99985339939863,0.5,0.0,444.5792426265494
S19173,299.33249299025266,0.5,0.0,512.3779380363561
S19173,400.0,0.5,0.0,562.0050542591276
S6462,0.05,0.5,0.06666666666666667,20.996553808685707
S6462,0.06681533234232374,0.5,0.06666666666666667,20.79048125929791
S6462,0.08928577272030351,0.5,0.2,20.484140246825014
S6462,0.11931317155496526,0.5,0.2,20.241298987108074
S6462,0.1594389842052339,0.5,0.06666666666666667,19.40606147020487
S6462,0.21305937435990424,0.5,0.2,18.457916923002706
S6462,0.2847126581300915,0.5,0.13333333333333333,17.75980900825357
S6462,0.38046341750056945,0.5,0.2,16.32154871059097
S6462,0.5084157936879365,0.5,0.26666666666666666,14.973817635903613
S6462,0.6793994044669157,0.5,0.26666666666666666,13.354442947191083
S6462,0.9078859400526766,0.5,0.5333333333333333,11.589325458030599
S6462,1.213214016270852,0.5,0.4666666666666667,9.96897201549565
S6462,1.621225953990047,0.5,0.6,8.788767990445224
S6462,2.1664550183569187,0.5,0.6,8.231926146479692
S6462,2.895048241124252,0.5,0.4666666666666667,8.56502915060808
S6462,3.868672207555537,0.5,0.6666666666666666,7.97463078499364
S6462,5.1697323854266894,0.5,0.6666666666666666,6.783633476746948
S6462,6.908347749063168,0.5,0.7333333333333333,6.0371510087631775
S6462,9.231671015799996,0.5,0.8666666666666667,5.519134252621015
S6462,12.336343339913496,0.5,0.8,4.7826845939146665
S6462,16.485137602906647,0.5,0.9333333333333333,5.3404959464723225
S6462,22.02919895294292,0.5,0.3333333333333333,6.078340086320282
S6462,29.43776498552103,0.5,0.6666666666666666,7.368946432153992
S6462,39.33788101845618,0.5,0.4,11.750405514774242
S6462,52.567471877818775,0.5,0.13333333333333333,22.324273274572832
S6462,70.24626207824446,0.5,0.0,49.27918816481179
S6462,93.87054693127754,0.5,0.0,109.66245664656768
S6462,125.43983580738016,0.5,0.0,242.36363577730677
S6462,167.62608636873256,0.5,0.0,274.9576546199764
S6462,223.99985339939863,0.5,0.0,364.3986057153317
S6462,299.33249299025266,0.5,0.0,411.08830268252206
S6462,400.0,0.5,0.0,460.3435045513316
S19957,0.05,0.5,0.4666666666666667,17.664657598496408
S19957,0.06681533234232374,0.5,0.3333333333333333,18.037909652318724
S19957,0.08928577272030351,0.5,0.4,18.012028453565723
S19957,0.11931317155496526,0.5,0.4666666666666667,17.49667293724803
S19957,0.1594389842052339,0.5,0.4666666666666667,16.766142614526597
S19957,0.21305937435990424,0.5,0.4666666666666667,15.996217504000386
S19957,0.2847126581300915,0.5,0.4,14.916502941284696
S19957,0.38046341750056945,0.5,0.4666666666666667,14.476107698450045
S19957,0.5084157936879365,0.5,0.4666666666666667,13.630675466430011
S19957,0.6793994044669157,0.5,0.5333333333333333,11.538629151494364
S19957,0.9078859400526766,0.5,0.5333333333333333,9.532734883093884
S19957,1.213214016270852,0.5,0.5333333333333333,8.55138258221725
S19957,1.621225953990047,0.5,0.8,7.233518989712926
S19957,2.1664550183569187,0.5,0.6,6.926019947844035
S19957,2.895048241124252,0.5,0.6,6.707108646359578
S19957,3.868672207555537,0.5,0.6,6.614376188488202
S19957,5.1697323854266894,0.5,0.8,6.103549964018527
S19957,6.908347749063168,0.5,0.8666666666666667,5.569948665971498
S19957,9.231671015799996,0.5,0.8,4.966018233440162
S19957,12.336343339913496,0.5,0.6666666666666666,5.007462714431946
S19957,16.485137602906647,0.5,0.8,4.846970028973363
S19957,22.02919895294292,0.5,0.7333333333333333,5.340001091862619
S19957,29.43776498552103,0.5,0.4666666666666667,8.656708837496353
S19957,39.33788101845618,0.5,0.13333333333333333,15.96209151513722
S19957,52.567471877818775,0.5,0.0,34.69487380469006
S19957,70.24626207824446,0.5,0.0,100.41263626013256
S19957,93.87054693127754,0.5,0.0,286.3079150104379
S19957,125.43983580738016,0.5,0.0,381.23646929996426
S19957,167.62608636873256,0.5,0.0,492.3596870905042
S19957,223.99985339939863,0.5,0.0,522.2938760136315
S19957,299.33249299025266,0.5,0.0,699.3682122005911
S19957,400.0,0.5,0.0,727.306959665478
S11345,0.05,0.5,0.06666666666666667,50.84052106230931
S11345,0.06681533234232374,0.5,0.06666666666666667,50.532268924656364
S11345,0.08928577272030351,0.5,0.06666666666666667,49.983614874169994
S11345,0.11931317155496526,0.5,0.06666666666666667,48.419223356832696
S11345,0.1594389842052339,0.5,0.0,47.56169303632742
S11345,0.21305937435990424,0.5,0.0,45.93462524446599
S11345,0.2847126581300915,0.5,0.0,43.21823986229205
S11345,0.38046341750056945,0.5,0.0,40.04180073280142
S11345,0.5084157936879365,0.5,0.0,37.131803542865015
S11345,0.6793994044669157,0.5,0.0,34.065071716416575
S11345,0.9078859400526766,0.5,0.0,30.2396121626473
S11345,1.213214016270852,0.5,0.0,25.73981356594371
S11345,1.621225953990047,0.5,0.0,22.41609440142974
S11345,2.1664550183569187,0.5,0.13333333333333333,20.536905846556575
S11345,2.895048241124252,0.5,0.06666666666666667,19.44495348130272
S11345,3.868672207555537,0.5,0.26666666666666666,17.05159297506706
S11345,5.1697323854266894,0.5,0.5333333333333333,12.928334248750078
S11345,6.908347749063168,0.5,0.26666666666666666,11.792087613926617
S11345,9.231671015799996,0.5,0.3333333333333333,11.872131789766978
S11345,12.336343339913496,0.5,0.13333333333333333,13.510410059311093
S11345,16.485137602906647,0.5,0.2,14.938173701902475
S11345,22.02919895294292,0.5,0.0,20.266267293840848
S11345,29.43776498552103,0.5,0.06666666666666667,27.16568422633875
S11345,39.33788101845618,0.5,0.0,58.50052407460552
S11345,52.567471877818775,0.5,0.0,122.39665531381348
S11345,70.24626207824446,0.5,0.0,260.38200906367337
S11345,93.87054693127754,0.5,0.0,476.2606750198698
S11345,125.43983580738016,0.5,0.0,512.5411392478613
S11345,167.62608636873256,0.5,0.0,608.5582945322633
S11345,223.99985339939863,0.5,0.0,671.9648186189735
S11345,299.33249299025266,0.5,0.0,763.6188364353617
S11345,400.0,0.5,0.0,781.2864823488123
S13953,0.05,0.5,0.2,41.71191278358568
S13953,0.06681533234232374,0.5,0.2,41.348402192058046
S13953,0.08928577272030351,0.5,0.2,39.78561957656978
S13953,0.11931317155496526,0.5,0.2,38.10574424010319
S13953,0.1594389842052339,0.5,0.2,38.28487471465328
S13953,0.21305937435990424,0.5,0.13333333333333333,35.54121666278895
S13953,0.2847126581300915,0.5,0.2,33.468410064474774
S13953,0.38046341750056945,0.5,0.13333333333333333,29.520840192903613
S13953,0.5084157936879365,0.5,0.2,26.517110088259333
S13953,0.6793994044669157,0.5,0.13333333333333333,23.177976145976757
S13953,0.9078859400526766,0.5,0.2,19.503899762021366
S13953,1.213214016270852,0.5,0.4,16.54417019147631
S13953,1.621225953990047,0.5,0.6,14.811129496971402
S13953,2.1664550183569187,0.5,0.6666666666666666,13.14428722186115
S13953,2.895048241124252,0.5,0.8,11.856714181134725
S13953,3.868672207555537,0.5,0.6,10.557322129161838
S13953,5.1697323854266894,0.5,0.6,10.045183718977366
S13953,6.908347749063168,0.5,0.5333333333333333,10.061833009086067
S13953,9.231671015799996,0.5,0.7333333333333333,9.16009806106423
S13953,12.336343339913496,0.5,0.4666666666666667,10.060021266642073
S13953,16.485137602906647,0.5,0.5333333333333333,11.085835094054485
S13953,22.02919895294292,0.5,0.26666666666666666,14.27559321692946
S13953,29.43776498552103,0.5,0.2,21.798016514990607
S13953,39.33788101845618,0.5,0.0,45.76710288274673
S13953,52.567471877818775,0.5,0.0,131.79699137744723
S13953,70.24626207824446,0.5,0.0,284.256684580343
S13953,93.87054693127754,0.5,0.0,402.6839617883353
S13953,125.43983580738016,0.5,0.0,516.3671326130496
S13953,167.62608636873256,0.5,0.0,635.8880976552225
S13953,223.99985339939863,0.5,0.0,686.9283868972547
S13953,299.33249299025266,0.5,0.0,711.5614872400362
S13953,400.0,0.5,0.0,774.2097537934683
S27296,0.05,0.5,0.06666666666666667,25.69806196566339
S27296,0.06681533234232374,0.5,0.06666666666666667,25.011582106915366
S27296,0.08928577272030351,0.5,0.06666666666666667,24.915128365898326
S27296,0.11931317155496526,0.5,0.06666666666666667,24.5396823642354
S27296,0.1594389842052339,0.5,0.06666666666666667,23.526791431799328
S27296,0.21305937435990424,0.5,0.06666666666666667,22.712003787949232
S27296,0.2847126581300915,0.5,0.13333333333333333,20.997389776428825
S27296,0.38046341750056945,0.5,0.06666666666666667,19.983398445523342
S27296,0.5084157936879365,0.5,0.26666666666666666,18.093909518532744
S27296,0.6793994044669157,0.5,0.26666666666666666,16.06062408308555
S27296,0.9078859400526766,0.5,0.3333333333333333,13.761031278218267
S27296,1.213214016270852,0.5,0.4666666666666667,11.825497245171341
S27296,1.621225953990047,0.5,0.6666666666666666,10.220710898288456
S27296,2.1664550183569187,0.5,0.6666666666666666,9.010501104310572
S27296,2.895048241124252,0.5,0.7333333333333333,7.95194767641496
S27296,3.868672207555537,0.5,0.8,7.203618098251291
S27296,5.1697323854266894,0.5,0.8,6.830188973754079
S27296,6.908347749063168,0.5,0.6,7.143207758209001
S27296,9.231671015799996,0.5,0.6,7.039379704257245
S27296,12.336343339913496,0.5,0.5333333333333333,7.400160202679813
S27296,16.485137602906647,0.5,0.4,8.250788042982826
S27296,22.02919895294292,0.5,0.5333333333333333,11.138960809004063
S27296,29.43776498552103,0.5,0.13333333333333333,18.701162239430307
S27296,39.33788101845618,0.5,0.0,33.22320058599435
S27296,52.567471877818775,0.5,0.0,95.55023926672453
S27296,70.24626207824446,0.5,0.0,251.68901703190429
S27296,93.87054693127754,0.5,0.0,372.40719316786874
S27296,125.43983580738016,0.5,0.0,435.1142458083746
S27296,167.62608636873256,0.5,0.0,554.9147522056661
S27296,223.99985339939863,0.5,0.0,639.4070600425653
S27296,299.33249299025266,0.5,0.0,783.5090411021075
S27296,400.0,0.5,0.0,760.6724951203473
S14430,0.05,0.5,0.2,21.70997448157671
S14430,0.06681533234232374,0.5,0.2,20.551689092306212
S14430,0.08928577272030351,0.5,0.2,19.943469236407783
S14430,0.11931317155496526,0.5,0.13333333333333333,19.935810746513496
S14430,0.1594389842052339,0.5,0.26666666666666666,19.406367026634552
S14430,0.21305937435990424,0.5,0.26666666666666666,18.375511796783947
S14430,0.2847126581300915,0.5,0.3333333333333333,16.602716780277955
S14430,0.38046341750056945,0.5,0.26666666666666666,15.75284364214769
S14430,0.5084157936879365,0.5,0.4,14.023257400749525
S14430,0.6793994044669157,0.5,0.4,12.756062435022104
S14430,0.9078859400526766,0.5,0.4666666666666667,11.84469090613723
S14430,1.213214016270852,0.5,0.4666666666666667,11.185604907944166
S14430,1.621225953990047,0.5,0.4666666666666667,9.882423957637561
S14430,2.1664550183569187,0.5,0.6666666666666666,8.712212027128226
S14430,2.895048241124252,0.5,0.8,7.8035979932174815
S14430,3.868672207555537,0.5,0.8666666666666667,6.99063170215032
S14430,5.1697323854266894,0.5,0.6666666666666666,6.8265645893904106
S14430,6.908347749063168,0.5,0.8666666666666667,7.019885072590602
S14430,9.231671015799996,0.5,0.7333333333333333,6.844970201368935
S14430,12.336343339913496,0.5,0.6,7.793053451742699
S14430,16.485137602906647,0.5,0.3333333333333333,8.938209944692835
S14430,22.02919895294292,0.5,0.3333333333333333,12.799223102532515
S14430,29.43776498552103,0.5,0.13333333333333333,21.405607497997057
S14430,39.33788101845618,0.5,0.0,47.43946647246166
S14430,52.567471877818775,0.5,0.0,133.6362268350023
S14430,70.24626207824446,0.5,0.0,363.1860689774381
S14430,93.87054693127754,0.5,0.0,624.4100048705117
S14430,125.43983580738016,0.5,0.0,700.6736597997939
S14430,167.62608636873256,0.5,0.0,856.1366335581857
S14430,223.99985339939863,0.5,0.0,981.2192421934698
S14430,299.33249299025266,0.5,0.0,1009.0878556939713
S14430,400.0,0.5,0.0,1122.6145672754985
S9561,0.05,0.5,0.06666666666666667,17.39736997171126
S9561,0.06681533234232374,0.5,0.13333333333333333,17.71249889595566
S9561,0.08928577272030351,0.5,0.06666666666666667,18.071730117572844
S9561,0.11931317155496526,0.5,0.13333333333333333,17.18251255620984
S9561,0.1594389842052339,0.5,0.13333333333333333,16.280036419008688
S9561,0.21305937435990424,0.5,0.13333333333333333,14.925796068889731
S9561,0.2847126581300915,0.5,0.2,14.377530562807522
S9561,0.38046341750056945,0.5,0.26666666666666666,13.497465729391534
S9561,0.5084157936879365,0.5,0.4,11.798397834012462
S9561,0.6793994044669157,0.5,0.6,10.763061938020533
S9561,0.9078859400526766,0.5,0.6666666666666666,9.789490418099756
S9561,1.213214016270852,0.5,0.7333333333333333,8.535025978217375
S9561,1.621225953990047,0.5,0.6666666666666666,7.705775117000125
S9561,2.1664550183569187,0.5,0.6,7.534237892691573
S9561,2.895048241124252,0.5,0.7333333333333333,6.668207854857089
S9561,3.868672207555537,0.5,0.7333333333333333,6.304259053847499
S9561,5.1697323854266894,0.5,0.4666666666666667,6.311836616453324
S9561,6.908347749063168,0.5,0.7333333333333333,6.020947598694236
S9561,9.231671015799996,0.5,0.8,5.515849433829674
S9561,12.336343339913496,0.5,0.5333333333333333,6.079821405280163
S9561,16.485137602906647,0.5,0.6666666666666666,6.763395541875725
S9561,22.02919895294292,0.5,0.5333333333333333,9.148769757642754
S9561,29.43776498552103,0.5,0.06666666666666667,12.144954887424925
S9561,39.33788101845618,0.5,0.13333333333333333,26.095876337581036
S9561,52.567471877818775,0.5,0.06666666666666667,72.96201846510158
S9561,70.24626207824446,0.5,0.0,221.79389168976624
S9561,93.87054693127754,0.5,0.0,387.3896789353348
S9561,125.43983580738016,0.5,0.0,532.9096600355803
S9561,167.62608636873256,0.5,0.0,582.471405190245
S9561,223.99985339939863,0.5,0.0,697.3915762275607
S9561,299.33249299025266,0.5,0.0,773.477657274111
S9561,400.0,0.5,0.0,851.1148431609213
S11572,0.05,0.5,0.0,30.821296146202997
S11572,0.06681533234232374,0.5,0.13333333333333333,29.389357625612934
S11572,0.08928577272030351,0.5,0.0,28.768376361700103
S11572,0.11931317155496526,0.5,0.0,28.969658563398276
S11572,0.1594389842052339,0.5,0.06666666666666667,26.66741581315885
S11572,0.21305937435990424,0.5,0.2,25.548016271285853
S11572,0.2847126581300915,0.5,0.06666666666666667,25.253504781141977
S11572,0.38046341750056945,0.5,0.13333333333333333,22.182204667387172
S11572,0.5084157936879365,0.5,0.2,21.650542326381476
S11572,0.6793994044669157,0.5,0.2,19.993208962835734
S11572,0.9078859400526766,0.5,0.13333333333333333,17.709183126711636
S11572,1.213214016270852,0.5,0.26666666666666666,14.775279798853502
S11572,1.621225953990047,0.5,0.26666666666666666,13.089258900186149
S11572,2.1664550183569187,0.5,0.3333333333333333,11.673083577020304
S11572,2.895048241124252,0.5,0.5333333333333333,10.698692568219975
S11572,3.868672207555537,0.5,0.5333333333333333,9.683479929796658
S11572,5.1697323854266894,0.5,0.4666666666666667,8.620770861214348
S11572,6.908347749063168,0.5,0.6666666666666666,7.5157490167924985
S11572,9.231671015799996,0.5,0.6,6.746997432865189
S11572,12.336343339913496,0.5,0.8666666666666667,5.790393015607045
S11572,16.485137602906647,0.5,0.6666666666666666,5.905614600435054
S11572,22.02919895294292,0.5,0.6,6.435347647602013
S11572,29.43776498552103,0.5,0.4666666666666667,7.332712368764578
S11572,39.33788101845618,0.5,0.3333333333333333,10.270260958645485
S11572,52.567471877818775,0.5,0.0,14.453277407886185
S11572,70.24626207824446,0.5,0.0,32.671340386304486
S11572,93.87054693127754,0.5,0.0,172.6973216969019
S11572,125.43983580738016,0.5,0.0,381.40870000158577
S11572,167.62608636873256,0.5,0.0,680.0082524152929
S11572,223.99985339939863,0.5,0.0,849.7429283112863
S11572,299.33249299025266,0.5,0.0,858.3145082282821
S11572,400.0,0.5,0.0,1084.4333057906197
S17343,0.05,0.5,0.2,24.84072197180574
S17343,0.06681533234232374,0.5,0.13333333333333333,25.085915928552016
S17343,0.08928577272030351,0.5,0.26666666666666666,22.46039425363138
S17343,0.11931317155496526,0.5,0.2,24.206559351313363
S17343,0.1594389842052339,0.5,0.13333333333333333,22.38673463854999
S17343,0.21305937435990424,0.5,0.2,21.972648068557113
S17343,0.2847126581300915,0.5,0.26666666666666666,20.853684084049384
S17343,0.38046341750056945,0.5,0.26666666666666666,19.685918321708883
S17343,0.5084157936879365,0.5,0.2,17.221493266171755
S17343,0.6793994044669157,0.5,0.06666666666666667,15.626125505291554
S17343,0.9078859400526766,0.5,0.26666666666666666,14.839732112040755
S17343,1.213214016270852,0.5,0.3333333333333333,13.234485010553339
S17343,1.621225953990047,0.5,0.4666666666666667,12.447110657855085
S17343,2.1664550183569187,0.5,0.4666666666666667,12.154066726873612
S17343,2.895048241124252,0.5,0.6,10.987049002546595
S17343,3.868672207555537,0.5,0.5333333333333333,9.750492471133377
S17343,5.1697323854266894,0.5,0.4666666666666667,9.379143223828784
S17343,6.908347749063168,0.5,0.6666666666666666,8.087369953644894
S17343,9.231671015799996,0.5,0.9333333333333333,6.453563431417469
S17343,12.336343339913496,0.5,0.8,6.351878281203392
S17343,16.485137602906647,0.5,0.6,7.91425390310317
S17343,22.02919895294292,0.5,0.3333333333333333,10.068001898758991
S17343,29.43776498552103,0.5,0.4666666666666667,11.543296630148115
S17343,39.33788101845618,0.5,0.26666666666666666,14.511528268258695
S17343,52.567471877818775,0.5,0.0,22.830913259318155
S17343,70.24626207824446,0.5,0.0,64.42553100250225
S17343,93.87054693127754,0.5,0.0,176.53734940221892
S17343,125.43983580738016,0.5,0.0,451.8859840258434
S17343,167.62608636873256,0.5,0.0,612.9107969805843
S17343,223.99985339939863,0.5,0.0,727.5101926279191
S17343,299.33249299025266,0.5,0.0,927.8840356595188
S17343,400.0,0.5,0.0,1085.7197377583877
S21586,0.05,0.5,0.13333333333333333,20.750389479925854
S21586,0.06681533234232374,0.5,0.26666666666666666,19.991407037668008
S21586,0.08928577272030351,0.5,0.2,20.290483449194593
S21586,0.11931317155496526,0.5,0.3333333333333333,18.623531508214814
S21586,0.1594389842052339,0.5,0.3333333333333333,18.159695857391252
S21586,0.21305937435990424,0.5,0.4666666666666667,16.29385807253029
S21586,0.2847126581300915,0.5,0.4,16.137550886278746
S21586,0.38046341750056945,0.5,0.3333333333333333,15.85792193415987
S21586,0.5084157936879365,0.5,0.4666666666666667,14.547363976779478
S21586,0.6793994044669157,0.5,0.6666666666666666,12.248331707857322
S21586,0.9078859400526766,0.5,0.5333333333333333,11.808378790268266
S21586,1.213214016270852,0.5,0.6666666666666666,10.335619815537202
S21586,1.621225953990047,0.5,0.6666666666666666,9.05341302069955
S21586,2.1664550183569187,0.5,0.8,7.813731280186791
S21586,2.895048241124252,0.5,0.9333333333333333,7.146509385840773
S21586,3.868672207555537,0.5,0.9333333333333333,5.821046053071867
S21586,5.1697323854266894,0.5,0.9333333333333333,5.568344911096509
S21586,6.908347749063168,0.5,1.0,4.512972778954008
S21586,9.231671015799996,0.5,0.9333333333333333,4.045766167397941
S21586,12.336343339913496,0.5,1.0,4.007052381008888
S21586,16.485137602906647,0.5,0.8666666666666667,3.914942540440336
S21586,22.02919895294292,0.5,0.7333333333333333,5.118366318121875
S21586,29.43776498552103,0.5,0.8666666666666667,5.441903359335424
S21586,39.33788101845618,0.5,0.4666666666666667,7.5434651153257715
S21586,52.567471877818775,0.5,0.13333333333333333,11.900006029596964
S21586,70.24626207824446,0.5,0.0,39.69168311298435
S21586,93.87054693127754,0.5,0.0,143.8176400672468
S21586,125.43983580738016,0.5,0.0,305.36824504695693
S21586,167.62608636873256,0.5,0.0,558.9505114748788
S21586,223.99985339939863,0.5,0.0,640.8758762792553
S21586,299.33249299025266,0.5,0.0,782.2039241227084
S21586,400.0,0.5,0.0,805.783321356609
S8637,0.05,0.5,0.4666666666666667,12.96858765805825
S8637,0.06681533234232374,0.5,0.4,12.946085998877548
S8637,0.08928577272030351,0.5,0.4666666666666667,12.54562015557772
S8637,0.11931317155496526,0.5,0.4666666666666667,12.745517155619087
S8637,0.1594389842052339,0.5,0.5333333333333333,12.279148664210272
S8637,0.21305937435990424,0.5,0.5333333333333333,11.759028055566006
S8637,0.2847126581300915,0.5,0.6,11.240722400264042
S8637,0.38046341750056945,0.5,0.6,10.5771670241851
S8637,0.5084157936879365,0.5,0.8,9.70396682886934
S8637,0.6793994044669157,0.5,0.8,8.650428456904576
S8637,0.9078859400526766,0.5,0.8,7.947217964084668
S8637,1.213214016270852,0.5,0.8666666666666667,6.933563177942527
S8637,1.621225953990047,0.5,1.0,6.148996880551436
S8637,2.1664550183569187,0.5,0.9333333333333333,5.365186460864083
S8637,2.895048241124252,0.5,0.9333333333333333,4.7178180985001035
S8637,3.868672207555537,0.5,0.9333333333333333,4.415864710901671
S8637,5.1697323854266894,0.5,0.9333333333333333,4.191554885429604
S8637,6.908347749063168,0.5,1.0,3.941142661817432
S8637,9.231671015799996,0.5,0.8666666666666667,4.005751194331658
S8637,12.336343339913496,0.5,1.0,4.064423670786607
S8637,16.485137602906647,0.5,0.9333333333333333,3.615106713441774
S8637,22.02919895294292,0.5,0.9333333333333333,3.763620777736003
S8637,29.43776498552103,0.5,0.7333333333333333,4.756530839383351
S8637,39.33788101845618,0.5,0.7333333333333333,6.006386013164218
S8637,52.567471877818775,0.5,0.26666666666666666,9.170991611714125
S8637,70.24626207824446,0.5,0.06666666666666667,21.904163241680536
S8637,93.87054693127754,0.5,0.0,87.81540347854995
S8637,125.43983580738016,0.5,0.0,223.6691536498608
S8637,167.62608636873256,0.5,0.0,437.57961098433447
S8637,223.99985339939863,0.5,0.0,586.6849559555237
S8637,299.33249299025266,0.5,0.0,669.6561528094838
S8637,400.0,0.5,0.0,778.790953042659
S4023,0.05,0.5,0.4,20.448707744911204
S4023,0.06681533234232374,0.5,0.3333333333333333,20.188162104371504
S4023,0.08928577272030351,0.5,0.5333333333333333,19.155184308890362
S4023,0.11931317155496526,0.5,0.5333333333333333,18.34304041892638
S4023,0.1594389842052339,0.5,0.5333333333333333,17.8305721435578
S4023,0.21305937435990424,0.5,0.5333333333333333,16.644918499798912
S4023,0.2847126581300915,0.5,0.5333333333333333,15.783598291755395
S4023,0.38046341750056945,0.5,0.5333333333333333,14.98553417102206
S4023,0.5084157936879365,0.5,0.5333333333333333,13.882098549663532
S4023,0.6793994044669157,0.5,0.5333333333333333,12.501675418512212
S4023,0.9078859400526766,0.5,0.4666666666666667,11.357392067203012
S4023,1.213214016270852,0.5,0.5333333333333333,10.317975622445093
S4023,1.621225953990047,0.5,0.6666666666666666,9.026050820033275
S4023,2.1664550183569187,0.5,0.6666666666666666,8.637190866204428
S4023,2.895048241124252,0.5,0.7333333333333333,7.542389117397916
S4023,3.868672207555537,0.5,0.8,7.029068597763677
S4023,5.1697323854266894,0.5,0.8,6.61283024225876
S4023,6.908347749063168,0.5,0.9333333333333333,5.683658772936052
S4023,9.231671015799996,0.5,0.8666666666666667,5.199072837816723
S4023,12.336343339913496,0.5,0.8666666666666667,4.897857851409603
S4023,16.485137602906647,0.5,0.7333333333333333,5.289218012184958
S4023,22.02919895294292,0.5,0.7333333333333333,5.602952242284956
S4023,29.43776498552103,0.5,0.7333333333333333,6.392702255936672
S4023,39.33788101845618,0.5,0.4666666666666667,7.498243978667479
S4023,52.567471877818775,0.5,0.13333333333333333,15.15869643630348
S4023,70.24626207824446,0.5,0.0,35.7554457336446
S4023,93.87054693127754,0.5,0.0,97.8249577205922
S4023,125.43983580738016,0.5,0.0,268.44046824446366
S4023,167.62608636873256,0.5,0.0,458.96520426309456
S4023,223.99985339939863,0.5,0.0,579.5531022929256
S4023,299.33249299025266,0.5,0.0,731.3032325648879
S4023,400.0,0.5,0.0,815.9852714557077
S11651,0.05,0.5,0.3333333333333333,15.432296405784598
S11651,0.06681533234232374,0.5,0.26666666666666666,15.324367282022083
S11651,0.08928577272030351,0.5,0.13333333333333333,15.229882808887648
S11651,0.11931317155496526,0.5,0.4,14.460426574906993
S11651,0.1594389842052339,0.5,0.3333333333333333,13.809998421173551
S11651,0.21305937435990424,0.5,0.3333333333333333,13.788924765367183
S11651,0.2847126581300915,0.5,0.3333333333333333,13.198317736986148
S11651,0.38046341750056945,0.5,0.3333333333333333,12.088663287358083
S11651,0.5084157936879365,0.5,0.4666666666666667,11.489181869877156
S11651,0.6793994044669157,0.5,0.6,9.674008998934992
S11651,0.9078859400526766,0.5,0.6,9.167021109111902
S11651,1.213214016270852,0.5,0.5333333333333333,8.177961002269898
S11651,1.621225953990047,0.5,0.7333333333333333,7.918100297270276
S11651,2.1664550183569187,0.5,0.6666666666666666,7.4831604728949435
S11651,2.895048241124252,0.5,0.6666666666666666,6.979157271126579
S11651,3.868672207555537,0.5,0.7333333333333333,6.665303347818762
S11651,5.1697323854266894,0.5,0.8,5.782959085269573
S11651,6.908347749063168,0.5,0.9333333333333333,5.256650112142419
S11651,9.231671015799996,0.5,0.8666666666666667,4.880655957403695
S11651,12.336343339913496,0.5,0.9333333333333333,4.698777849801347
S11651,16.485137602906647,0.5,0.6666666666666666,4.976393483055574
S11651,22.02919895294292,0.5,0.9333333333333333,4.777437102670873
S11651,29.43776498552103,0.5,0.9333333333333333,4.428623421257216
S11651,39.33788101845618,0.5,0.6666666666666666,7.130762475884052
S11651,52.567471877818775,0.5,0.26666666666666666,14.436765337956693
S11651,70.24626207824446,0.5,0.0,39.047416615456754
S11651,93.87054693127754,0.5,0.0,173.18375983852755
S11651,125.43983580738016,0.5,0.0,349.9920463170471
S11651,167.62608636873256,0.5,0.0,499.0507857350979
S11651,223.99985339939863,0.5,0.0,624.9136907704784
S11651,299.33249299025266,0.5,0.0,741.3706145320381
S11651,400.0,0.5,0.0,885.8352857587665
S11256,0.05,0.5,0.2,30.528264813486608
S11256,0.06681533234232374,0.5,0.2,30.361946945390173
S11256,0.08928577272030351,0.5,0.2,29.3954433916658
S11256,0.11931317155496526,0.5,0.2,28.647226138192526
S11256,0.1594389842052339,0.5,0.26666666666666666,27.737876515930807
S11256,0.21305937435990424,0.5,0.2,26.971804201224717
S11256,0.2847126581300915,0.5,0.26666666666666666,24.96577861877379
S11256,0.38046341750056945,0.5,0.3333333333333333,23.504101968495572
S11256,0.5084157936879365,0.5,0.3333333333333333,21.13858367849643
S11256,0.6793994044669157,0.5,0.26666666666666666,19.267151065139853
S11256,0.9078859400526766,0.5,0.26666666666666666,16.490057337775806
S11256,1.213214016270852,0.5,0.3333333333333333,13.915964680428157
S11256,1.621225953990047,0.5,0.4666666666666667,12.109048361944067
S11256,2.1664550183569187,0.5,0.4666666666666667,10.889318945338367
S11256,2.895048241124252,0.5,0.8666666666666667,9.08213347404715
S11256,3.868672207555537,0.5,0.8,7.361875157329211
S11256,5.1697323854266894,0.5,0.8,6.251806353542007
S11256,6.908347749063168,0.5,0.9333333333333333,5.599625194183857
S11256,9.231671015799996,0.5,0.8666666666666667,5.371205943463597
S11256,12.336343339913496,0.5,0.9333333333333333,5.715755421856915
S11256,16.485137602906647,0.5,0.6,6.335836590393819
S11256,22.02919895294292,0.5,0.6666666666666666,6.450671927216851
S11256,29.43776498552103,0.5,0.8666666666666667,7.764368788767105
S11256,39.33788101845618,0.5,0.4666666666666667,12.420074502396007
S11256,52.567471877818775,0.5,0.0,23.5054856181911
S11256,70.24626207824446,0.5,0.0,64.84615465617736
S11256,93.87054693127754,0.5,0.0,204.9263556696013
S11256,125.43983580738016,0.5,0.0,379.5134405612159
S11256,167.62608636873256,0.5,0.0,546.4688741424642
S11256,223.99985339939863,0.5,0.0,633.3892444176347
S11256,299.33249299025266,0.5,0.0,685.6411784020977
S11256,400.0,0.5,0.0,801.3873400685857
S24662,0.05,0.5,0.4,21.61408929697529
S24662,0.06681533234232374,0.5,0.3333333333333333,21.8295422163669
S24662,0.08928577272030351,0.5,0.4,20.818894839194545
S24662,0.11931317155496526,0.5,0.4,20.632431602010833
S24662,0.1594389842052339,0.5,0.4,19.99427338413026
S24662,0.21305937435990424,0.5,0.3333333333333333,18.840925682493022
S24662,0.2847126581300915,0.5,0.3333333333333333,17.471533933050964
S24662,0.38046341750056945,0.5,0.4,16.610343294403272
S24662,0.5084157936879365,0.5,0.4,15.009567258798539
S24662,0.6793994044669157,0.5,0.5333333333333333,13.368153645953425
S24662,0.9078859400526766,0.5,0.6,11.40151479278068
S24662,1.213214016270852,0.5,0.6,10.094368340837633
S24662,1.621225953990047,0.5,0.5333333333333333,8.87710156510241
S24662,2.1664550183569187,0.5,0.6666666666666666,7.9345384992768535
S24662,2.895048241124252,0.5,0.6666666666666666,7.109798421778982
S24662,3.868672207555537,0.5,0.7333333333333333,6.178138010494256
S24662,5.1697323854266894,0.5,0.9333333333333333,5.339945918202423
S24662,6.908347749063168,0.5,1.0,4.6495303064173665
S24662,9.231671015799996,0.5,0.9333333333333333,4.251245413928117
S24662,12.336343339913496,0.5,1.0,4.395952876671012
S24662,16.485137602906647,0.5,1.0,3.8848070092113436
S24662,22.02919895294292,0.5,0.8666666666666667,4.337111714593955
S24662,29.43776498552103,0.5,0.6,6.851099706365357
S24662,39.33788101845618,0.5,0.2,9.552576863900578
S24662,52.567471877818775,0.5,0.06666666666666667,16.663716267264483
S24662,70.24626207824446,0.5,0.0,35.5022417265595
S24662,93.87054693127754,0.5,0.0,125.70523932179316
S24662,125.43983580738016,0.5,0.0,285.9622278054958
S24662,167.62608636873256,0.5,0.0,448.39557126147605
S24662,223.99985339939863,0.5,0.0,568.2347502771257
S24662,299.33249299025266,0.5,0.0,602.2369660982552
S24662,400.0,0.5,0.0,701.9694397990003
S9808,0.05,0.5,0.4666666666666667,17.120956182975608
S9808,0.06681533234232374,0.5,0.3333333333333333,17.54419662917078
S9808,0.08928577272030351,0.5,0.4666666666666667,16.77042152001412
S9808,0.11931317155496526,0.5,0.4,16.423151134591823
S9808,0.1594389842052339,0.5,0.4,15.604417804693302
S9808,0.21305937435990424,0.5,0.5333333333333333,14.585413517145822
S9808,0.2847126581300915,0.5,0.4666666666666667,13.52607610782929
S9808,0.38046341750056945,0.5,0.5333333333333333,12.521359950066374
S9808,0.5084157936879365,0.5,0.5333333333333333,12.050891112868015
S9808,0.6793994044669157,0.5,0.6666666666666666,9.960224424631802
S9808,0.9078859400526766,0.5,0.8,8.902838968323804
S9808,1.213214016270852,0.5,0.8,7.630287761265765
S9808,1.621225953990047,0.5,0.9333333333333333,6.319120113919122
S9808,2.1664550183569187,0.5,0.9333333333333333,5.733437581150631
S9808,2.895048241124252,0.5,1.0,5.340464520008865
S9808,3.868672207555537,0.5,0.8666666666666667,4.461381777344103
S9808,5.1697323854266894,0.5,0.8666666666666667,4.726789157740024
S9808,6.908347749063168,0.5,1.0,3.9281392260121164
S9808,9.231671015799996,0.5,0.9333333333333333,3.6037101895634227
S9808,12.336343339913496,0.5,0.9333333333333333,3.4984429888093262
S9808,16.485137602906647,0.5,0.9333333333333333,3.652465899277888
S9808,22.02919895294292,0.5,0.8666666666666667,4.559187819850545
S9808,29.43776498552103,0.5,0.7333333333333333,5.174600096992097
S9808,39.33788101845618,0.5,0.5333333333333333,7.0198142111421555
S9808,52.567471877818775,0.5,0.3333333333333333,13.371461195505912
S9808,70.24626207824446,0.5,0.06666666666666667,56.30583097045122
S9808,93.87054693127754,0.5,0.0,271.49435575250124
S9808,125.43983580738016,0.5,0.0,457.7424299153086
S9808,167.62608636873256,0.5,0.0,668.6009984487516
S9808,223.99985339939863,0.5,0.0,941.4639603680645
S9808,299.33249299025266,0.5,0.0,1022.8167393996372
S9808,400.0,0.5,0.0,1201.7022937189174
S4462,0.05,0.5,0.2,33.547119658061725
S4462,0.06681533234232374,0.5,0.2,33.331923661406705
S4462,0.08928577272030351,0.5,0.3333333333333333,30.552224272791822
S4462,0.11931317155496526,0.5,0.3333333333333333,29.863281320041136
S4462,0.1594389842052339,0.5,0.13333333333333333,30.970767887097015
S4462,0.21305937435990424,0.5,0.2,28.127635094271618
S4462,0.2847126581300915,0.5,0.2,27.23800444477534
S4462,0.38046341750056945,0.5,0.3333333333333333,23.928830245888545
S4462,0.5084157936879365,0.5,0.26666666666666666,22.85337243264355
S4462,0.6793994044669157,0.5,0.2,19.189330231492722
S4462,0.9078859400526766,0.5,0.3333333333333333,18.046581844424566
S4462,1.213214016270852,0.5,0.26666666666666666,15.063127810193373
S4462,1.621225953990047,0.5,0.5333333333333333,12.379542793291652
S4462,2.1664550183569187,0.5,0.4666666666666667,10.420989594127636
S4462,2.895048241124252,0.5,0.5333333333333333,9.285462929332478
S4462,3.868672207555537,0.5,0.6666666666666666,7.934364313688144
S4462,5.1697323854266894,0.5,0.6666666666666666,7.517556703628402
S4462,6.908347749063168,0.5,0.7333333333333333,7.229447608356281
S4462,9.231671015799996,0.5,0.8,6.2954685529220304
S4462,12.336343339913496,0.5,0.6666666666666666,5.661861807893572
S4462,16.485137602906647,0.5,0.7333333333333333,5.695919956462037
S4462,22.02919895294292,0.5,0.6666666666666666,6.224267539849785
S4462,29.43776498552103,0.5,0.6,7.349261510127123
S4462,39.33788101845618,0.5,0.26666666666666666,11.164518668369745
S4462,52.567471877818775,0.5,0.2,18.138134480479632
S4462,70.24626207824446,0.5,0.0,90.45694852013236
S4462,93.87054693127754,0.5,0.0,253.28791176255532
S4462,125.43983580738016,0.5,0.0,481.05381273825867
S4462,167.62608636873256,0.5,0.0,645.4656169182667
S4462,223.99985339939863,0.5,0.0,778.6262558622705
S4462,299.33249299025266,0.5,0.0,872.2753877888549
S4462,400.0,0.5,0.0,1015.7884555129732
S27199,0.05,0.5,0.4,18.9030081084227
S27199,0.06681533234232374,0.5,0.3333333333333333,18.410868613622586
S27199,0.08928577272030351,0.5,0.4,17.35344304213498
S27199,0.11931317155496526,0.5,0.4666666666666667,17.070895536884237
S27199,0.1594389842052339,0.5,0.4666666666666667,16.2525239367465
S27199,0.21305937435990424,0.5,0.4666666666666667,16.241286139062364
S27199,0.2847126581300915,0.5,0.6,14.492540544603434
S27199,0.38046341750056945,0.5,0.4666666666666667,14.252532066530891
S27199,0.5084157936879365,0.5,0.6,12.62033481772255
S27199,0.6793994044669157,0.5,0.6,12.243038910421689
S27199,0.9078859400526766,0.5,0.6666666666666666,10.403632446926887
S27199,1.213214016270852,0.5,0.7333333333333333,8.714514209550364
S27199,1.621225953990047,0.5,0.9333333333333333,7.883838652491692
S27199,2.1664550183569187,0.5,0.9333333333333333,6.9021026283440445
S27199,2.895048241124252,0.5,0.9333333333333333,6.389539152982041
S27199,3.868672207555537,0.5,0.9333333333333333,5.73131969756984
S27199,5.1697323854266894,0.5,1.0,5.273083424537293
S27199,6.908347749063168,0.5,1.0,5.081965799299653
S27199,9.231671015799996,0.5,0.9333333333333333,4.795926022832774
S27199,12.336343339913496,0.5,0.9333333333333333,4.901533776498372
S27199,16.485137602906647,0.5,0.7333333333333333,5.416037138504134
S27199,22.02919895294292,0.5,0.6,6.100236677793908
S27199,29.43776498552103,0.5,0.4666666666666667,9.65760357107758
S27199,39.33788101845618,0.5,0.13333333333333333,21.466019548976387
S27199,52.567471877818775,0.5,0.06666666666666667,57.22138423676069
S27199,70.24626207824446,0.5,0.0,206.90452607253596
S27199,93.87054693127754,0.5,0.0,541.3614637572801
S27199,125.43983580738016,0.5,0.0,668.9788334351465
S27199,167.62608636873256,0.5,0.0,854.9368212550219
S27199,223.99985339939863,0.5,0.0,1154.3291706215462
S27199,299.33249299025266,0.5,0.0,1177.2668085639489
S27199,400.0,0.5,0.0,1218.6532195814837
S12042,0.05,0.5,0.06666666666666667,35.03319459446278
S12042,0.06681533234232374,0.5,0.06666666666666667,34.861011822293264
S12042,0.08928577272030351,0.5,0.06666666666666667,34.13770110101461
S12042,0.11931317155496526,0.5,0.13333333333333333,32.90844113562953
S12042,0.1594389842052339,0.5,0.13333333333333333,32.01842933355639
S12042,0.21305937435990424,0.5,0.2,29.845121339901727
S12042,0.2847126581300915,0.5,0.13333333333333333,28.621846459476192
S12042,0.38046341750056945,0.5,0.2,25.593064406432212
S12042,0.5084157936879365,0.5,0.3333333333333333,22.18526178183864
S12042,0.6793994044669157,0.5,0.4,18.883328223080486
S12042,0.9078859400526766,0.5,0.26666666666666666,16.450936376853306
S12042,1.213214016270852,0.5,0.06666666666666667,13.98283968759081
S12042,1.621225953990047,0.5,0.2,13.002999727260203
S12042,2.1664550183569187,0.5,0.4666666666666667,12.455550369588147
S12042,2.895048241124252,0.5,0.6666666666666666,11.666564629937023
S12042,3.868672207555537,0.5,0.4666666666666667,10.824049861157373
S12042,5.1697323854266894,0.5,0.4666666666666667,10.95479332073081
S12042,6.908347749063168,0.5,0.5333333333333333,10.267075981598309
S12042,9.231671015799996,0.5,0.3333333333333333,9.960984312074846
S12042,12.336343339913496,0.5,0.8,9.27808410006208
S12042,16.485137602906647,0.5,0.26666666666666666,9.608193573244403
S12042,22.02919895294292,0.5,0.2,10.79609944450478
S12042,29.43776498552103,0.5,0.13333333333333333,18.83634163768212
S12042,39.33788101845618,0.5,0.0,37.34064203906656
S12042,52.567471877818775,0.5,0.0,123.11539644912838
S12042,70.24626207824446,0.5,0.0,250.8978412368612
S12042,93.87054693127754,0.5,0.0,514.554200957704
S12042,125.43983580738016,0.5,0.0,603.7643814576842
S12042,167.62608636873256,0.5,0.0,869.7757636496631
S12042,223.99985339939863,0.5,0.0,1113.2935308850253
S12042,299.33249299025266,0.5,0.0,1039.1733205798914
S12042,400.0,0.5,0.0,1191.6440186045245
S26099,0.05,0.5,0.06666666666666667,30.96866027738709
S26099,0.06681533234232374,0.5,0.06666666666666667,29.725199572197095
S26099,0.08928577272030351,0.5,0.06666666666666667,30.360447067128643
S26099,0.11931317155496526,0.5,0.13333333333333333,28.342829689941635
S26099,0.1594389842052339,0.5,0.13333333333333333,28.159001330296643
S26099,0.21305937435990424,0.5,0.13333333333333333,26.851587330602687
S26099,0.2847126581300915,0.5,0.13333333333333333,25.23322073401401
S26099,0.38046341750056945,0.5,0.13333333333333333,24.058964943330864
S26099,0.5084157936879365,0.5,0.2,21.587146076854943
S26099,0.6793994044669157,0.5,0.2,19.29960565945897
S26099,0.9078859400526766,0.5,0.13333333333333333,16.663818251401448
S26099,1.213214016270852,0.5,0.26666666666666666,14.60740532776219
S26099,1.621225953990047,0.5,0.4,13.296487366893398
S26099,2.1664550183569187,0.5,0.26666666666666666,11.426526431036908
S26099,2.895048241124252,0.5,0.4666666666666667,9.628389549694191
S26099,3.868672207555537,0.5,0.6666666666666666,8.3014495329269
S26099,5.1697323854266894,0.5,0.7333333333333333,7.16801630477175
S26099,6.908347749063168,0.5,0.8,6.396733744911503
S26099,9.231671015799996,0.5,0.6666666666666666,5.915704903028932
S26099,12.336343339913496,0.5,0.6,6.327529743012776
S26099,16.485137602906647,0.5,0.6,6.371200424682197
S26099,22.02919895294292,0.5,0.4666666666666667,8.521454809306645
S26099,29.43776498552103,0.5,0.4,11.851222877418415
S26099,39.33788101845618,0.5,0.06666666666666667,26.287908736132348
S26099,52.567471877818775,0.5,0.0,96.98461765325598
S26099,70.24626207824446,0.5,0.0,297.52617078099433
S26099,93.87054693127754,0.5,0.0,621.6710956605385
S26099,125.43983580738016,0.5,0.0,824.0187759768362
S26099,167.62608636873256,0.5,0.0,1011.7909725584018
S26099,223.99985339939863,0.5,0.0,1229.0933573610516
S26099,299.33249299025266,0.5,0.0,1442.255833091687
S26099,400.0,0.5,0.0,1380.0424103469866
S29993,0.05,0.5,0.6,17.052063942724963
S29993,0.06681533234232374,0.5,0.6,16.31167091243348
S29993,0.08928577272030351,0.5,0.6666666666666666,15.373846924732499
S29993,0.11931317155496526,0.5,0.6,17.149170265580608
S29993,0.1594389842052339,0.5,0.6666666666666666,17.889123559937705
S29993,0.21305937435990424,0.5,0.7333333333333333,14.479127496033195
S29993,0.2847126581300915,0.5,0.7333333333333333,13.70017375527872
S29993,0.38046341750056945,0.5,0.8,12.330426506281277
S29993,0.5084157936879365,0.5,0.8,12.099115562213422
S29993,0.6793994044669157,0.5,0.8,10.797190550331113
S29993,0.9078859400526766,0.5,0.8666666666666667,9.662422240631091
S29993,1.213214016270852,0.5,0.9333333333333333,8.314630375920427
S29993,1.621225953990047,0.5,0.9333333333333333,7.868545170176999
S29993,2.1664550183569187,0.5,1.0,7.350743789234146
S29993,2.895048241124252,0.5,0.9333333333333333,6.5022040140531505
S29993,3.868672207555537,0.5,0.8666666666666667,6.142533048421702
S29993,5.1697323854266894,0.5,0.9333333333333333,6.184217068797364
S29993,6.908347749063168,0.5,1.0,5.861121062587035
S29993,9.231671015799996,0.5,1.0,5.507822492804947
S29993,12.336343339913496,0.5,0.8666666666666667,5.49390734719804
S29993,16.485137602906647,0.5,0.9333333333333333,5.366623385958025
S29993,22.02919895294292,0.5,0.8,5.309886792183083
S29993,29.43776498552103,0.5,0.2,10.262361474612423
S29993,39.33788101845618,0.5,0.0,23.670105799867663
S29993,52.567471877818775,0.5,0.06666666666666667,91.51889062706154
S29993,70.24626207824446,0.5,0.0,338.27964746853246
S29993,93.87054693127754,0.5,0.0,585.6138122111581
S29993,125.43983580738016,0.5,0.0,832.2762289687887
S29993,167.62608636873256,0.5,0.0,927.1641039505798
S29993,223.99985339939863,0.5,0.0,1289.873834303521
S29993,299.33249299025266,0.5,0.0,1272.539395696514
S29993,400.0,0.5,0.0,1374.1529713383402
S15205,0.05,1.0,0.06666666666666667,56.19806691214507
S15205,0.06681533234232374,1.0,0.0,57.817538445359375
S15205,0.08928577272030351,1.0,0.06666666666666667,53.90530661805288
S15205,0.11931317155496526,1.0,0.0,51.976014439543135
S15205,0.1594389842052339,1.0,0.13333333333333333,48.421346964305975
S15205,0.21305937435990424,1.0,0.13333333333333333,54.89233075084918
S15205,0.2847126581300915,1.0,0.0,53.47828458591724
S15205,0.38046341750056945,1.0,0.13333333333333333,47.95530369502172
S15205,0.5084157936879365,1.0,0.06666666666666667,49.64850014718645
S15205,0.6793994044669157,1.0,0.13333333333333333,38.88830702832013
S15205,0.9078859400526766,1.0,0.06666666666666667,39.85459436622384
S15205,1.213214016270852,1.0,0.0,36.5983722090712
S15205,1.621225953990047,1.0,0.0,28.66906931190127
S15205,2.1664550183569187,1.0,0.06666666666666667,25.77492658719363
S15205,2.895048241124252,1.0,0.2,20.972806726136387
S15205,3.868672207555537,1.0,0.13333333333333333,21.432294506278666
S15205,5.1697323854266894,1.0,0.2,19.851504459845533
S15205,6.908347749063168,1.0,0.26666666666666666,18.337398992658926
S15205,9.231671015799996,1.0,0.13333333333333333,19.056136292896728
S15205,12.336343339913496,1.0,0.2,18.254177024659594
S15205,16.485137602906647,1.0,0.26666666666666666,16.23960243667976
S15205,22.02919895294292,1.0,0.3333333333333333,17.97531431992562
S15205,29.43776498552103,1.0,0.26666666666666666,14.243884413568825
S15205,39.33788101845618,1.0,0.2,18.405572612968253
S15205,52.567471877818775,1.0,0.06666666666666667,23.960309986908843
S15205,70.24626207824446,1.0,0.06666666666666667,38.06167577080025
S15205,93.87054693127754,1.0,0.0,79.28963560725175
S15205,125.43983580738016,1.0,0.0,167.68257307893967
S15205,167.62608636873256,1.0,0.0,361.25177198327026
S15205,223.99985339939863,1.0,0.0,514.1405398746772
S15205,299.33249299025266,1.0,0.0,634.3377783409712
S15205,400.0,1.0,0.0,712.335564684563
S13674,0.05,0.5,0.13333333333333333,44.151427260151536
S13674,0.06681533234232374,0.5,0.06666666666666667,43.901996851179746
S13674,0.08928577272030351,0.5,0.06666666666666667,43.02150673561976
S13674,0.11931317155496526,0.5,0.06666666666666667,41.525306216615974
S13674,0.1594389842052339,0.5,0.06666666666666667,40.62734969159588
S13674,0.21305937435990424,0.5,0.06666666666666667,38.99497556630021
S13674,0.2847126581300915,0.5,0.13333333333333333,37.16977956686586
S13674,0.38046341750056945,0.5,0.13333333333333333,34.8272105044715
S13674,0.5084157936879365,0.5,0.2,31.97615098629442
S13674,0.6793994044669157,0.5,0.26666666666666666,28.93340633156833
S13674,0.9078859400526766,0.5,0.2,26.166201317345724
S13674,1.213214016270852,0.5,0.2,23.146011682288574
S13674,1.621225953990047,0.5,0.2,20.9714888231569
S13674,2.1664550183569187,0.5,0.26666666666666666,19.394413791994044
S13674,2.895048241124252,0.5,0.3333333333333333,17.783972724567818
S13674,3.868672207555537,0.5,0.4666666666666667,15.695243580622556
S13674,5.1697323854266894,0.5,0.5333333333333333,13.527774856291115
S13674,6.908347749063168,0.5,0.5333333333333333,12.490988795556692
S13674,9.231671015799996,0.5,0.5333333333333333,11.432505701952689
S13674,12.336343339913496,0.5,0.6,10.70340552432596
S13674,16.485137602906647,0.5,0.4666666666666667,11.34068896840935
S13674,22.02919895294292,0.5,0.26666666666666666,13.20426193238916
S13674,29.43776498552103,0.5,0.13333333333333333,17.71709248509992
S13674,39.33788101845618,0.5,0.0,35.06350892521092
S13674,52.567471877818775,0.5,0.0,84.2474235619974
S13674,70.24626207824446,0.5,0.0,181.4216186354327
S13674,93.87054693127754,0.5,0.0,438.09816056112766
S13674,125.43983580738016,0.5,0.0,513.9273953564664
S13674,167.62608636873256,0.5,0.0,610.655254027968
S13674,223.99985339939863,0.5,0.0,662.6581140315994
S13674,299.33249299025266,0.5,0.0,772.2520091880771
S13674,400.0,0.5,0.0,791.4017956239276
S19187,0.05,0.5,0.2,23.503308145203953
S19187,0.06681533234232374,0.5,0.13333333333333333,23.64764601932694
S19187,0.08928577272030351,0.5,0.2,23.118130038683308
S19187,0.11931317155496526,0.5,0.13333333333333333,22.23386963848152
S19187,0.1594389842052339,0.5,0.13333333333333333,21.512883284627033
S19187,0.21305937435990424,0.5,0.2,20.17684856993391
S19187,0.2847126581300915,0.5,0.26666666666666666,19.757643909437466
S19187,0.38046341750056945,0.5,0.26666666666666666,18.327349469294777
S19187,0.5084157936879365,0.5,0.26666666666666666,15.65789751440957
S19187,0.6793994044669157,0.5,0.4,13.8218272594284
S19187,0.9078859400526766,0.5,0.4666666666666667,13.369291476743932
S19187,1.213214016270852,0.5,0.4666666666666667,12.022482551916243
S19187,1.621225953990047,0.5,0.4666666666666667,11.024965666098167
S19187,2.1664550183569187,0.5,0.6666666666666666,9.947823481128585
S19187,2.895048241124252,0.5,0.8,9.563199526644363
S19187,3.868672207555537,0.5,0.8666666666666667,7.712602948931454
S19187,5.1697323854266894,0.5,0.8666666666666667,6.659907031681844
S19187,6.908347749063168,0.5,1.0,5.869702047574268
S19187,9.231671015799996,0.5,0.9333333333333333,5.962434337115149
S19187,12.336343339913496,0.5,0.8666666666666667,6.988170419889509
S19187,16.485137602906647,0.5,0.4,9.355641022802294
S19187,22.02919895294292,0.5,0.5333333333333333,10.28214015943959
S19187,29.43776498552103,0.5,0.26666666666666666,21.00611287146664
S19187,39.33788101845618,0.5,0.06666666666666667,58.86631226813729
S19187,52.567471877818775,0.5,0.0,185.74556263848677
S19187,70.24626207824446,0.5,0.0,500.93089778327095
S19187,93.87054693127754,0.5,0.0,737.6772687449525
S19187,125.43983580738016,0.5,0.0,842.7032612424975
S19187,167.62608636873256,0.5,0.0,1098.0658633993598
S19187,223.99985339939863,0.5,0.0,1248.1354762590504
S19187,299.33249299025266,0.5,0.0,1276.5733316848043
S19187,400.0,0.5,0.0,1300.2522233540444
S29144,0.05,0.5,0.06666666666666667,49.636220404727396
S29144,0.06681533234232374,0.5,0.06666666666666667,48.16593218762094
S29144,0.08928577272030351,0.5,0.06666666666666667,46.79750157661412
S29144,0.11931317155496526,0.5,0.06666666666666667,44.843543424463256
S29144,0.1594389842052339,0.5,0.06666666666666667,43.1079241739658
S29144,0.21305937435990424,0.5,0.06666666666666667,41.116925163792374
S29144,0.2847126581300915,0.5,0.06666666666666667,37.459418902194706
S29144,0.38046341750056945,0.5,0.13333333333333333,34.689430952757235
S29144,0.5084157936879365,0.5,0.2,30.702651460758407
S29144,0.6793994044669157,0.5,0.26666666666666666,27.00191357646351
S29144,0.9078859400526766,0.5,0.2,23.37225304412234
S29144,1.213214016270852,0.5,0.2,20.14557917628085
S29144,1.621225953990047,0.5,0.06666666666666667,19.179902628528772
S29144,2.1664550183569187,0.5,0.26666666666666666,17.998719506755307
S29144,2.895048241124252,0.5,0.4,16.504256792645908
S29144,3.868672207555537,0.5,0.26666666666666666,14.979908255267778
S29144,5.1697323854266894,0.5,0.26666666666666666,14.85043226909994
S29144,6.908347749063168,0.5,0.26666666666666666,15.163645517313347
S29144,9.231671015799996,0.5,0.13333333333333333,13.889274670421942
S29144,12.336343339913496,0.5,0.13333333333333333,17.34990793319395
S29144,16.485137602906647,0.5,0.13333333333333333,17.83509769470529
S29144,22.02919895294292,0.5,0.0,27.741086305749512
S29144,29.43776498552103,0.5,0.0,40.7637030942994
S29144,39.33788101845618,0.5,0.0,77.28038624705707
S29144,52.567471877818775,0.5,0.0,180.4942293573578
S29144,70.24626207824446,0.5,0.0,442.37567345305104
S29144,93.87054693127754,0.5,0.0,570.03801309562
S29144,125.43983580738016,0.5,0.0,681.4708894196217
S29144,167.62608636873256,0.5,0.0,818.7827949259461
S29144,223.99985339939863,0.5,0.0,939.1445143716331
S29144,299.33249299025266,0.5,0.0,1037.8144216734477
S29144,400.0,0.5,0.0,1018.0965778891822
S23189,0.05,0.5,0.06666666666666667,21.427789993439685
S23189,0.06681533234232374,0.5,0.13333333333333333,20.232909683868765
S23189,0.08928577272030351,0.5,0.06666666666666667,20.870775546200083
S23189,0.11931317155496526,0.5,0.2,19.199845618935946
S23189,0.1594389842052339,0.5,0.13333333333333333,19.869543319286826
S23189,0.21305937435990424,0.5,0.2,19.11474572003379
S23189,0.2847126581300915,0.5,0.2,16.304495676351696
S23189,0.38046341750056945,0.5,0.2,15.801274358170271
S23189,0.5084157936879365,0.5,0.13333333333333333,14.842377335574875
S23189,0.6793994044669157,0.5,0.4,13.121855782939713
S23189,0.9078859400526766,0.5,0.5333333333333333,11.751493554912342
S23189,1.213214016270852,0.5,0.5333333333333333,10.895386867909725
S23189,1.621225953990047,0.5,0.4666666666666667,10.616877862160495
S23189,2.1664550183569187,0.5,0.5333333333333333,10.28051576334031
S23189,2.895048241124252,0.5,0.4666666666666667,9.809491502749815
S23189,3.868672207555537,0.5,0.6,9.176023092493763
S23189,5.1697323854266894,0.5,0.6,8.366515171331741
S23189,6.908347749063168,0.5,0.6666666666666666,8.561288623319438
S23189,9.231671015799996,0.5,0.5333333333333333,7.659425872948645
S23189,12.336343339913496,0.5,0.8,7.4179042118286596
S23189,16.485137602906647,0.5,0.3333333333333333,8.46587064019006
S23189,22.02919895294292,0.5,0.13333333333333333,13.14427360078211
S23189,29.43776498552103,0.5,0.13333333333333333,26.34146892208432
S23189,39.33788101845618,0.5,0.0,86.19897393197576
S23189,52.567471877818775,0.5,0.0,325.08928461884574
S23189,70.24626207824446,0.5,0.0,735.884622198474
S23189,93.87054693127754,0.5,0.0,1162.0618860936172
S23189,125.43983580738016,0.5,0.0,1320.2401675296167
S23189,167.62608636873256,0.5,0.0,1642.8446915998682
S23189,223.99985339939863,0.5,0.0,1712.252778317291
S23189,299.33249299025266,0.5,0.0,1850.0901118439592
S23189,400.0,0.5,0.0,1709.1059378575126
S0338,0.05,0.5,0.0,76.14038527507091
S0338,0.06681533234232374,0.5,0.0,75.77210898370657
S0338,0.08928577272030351,0.5,0.0,74.50643999513457
S0338,0.11931317155496526,0.5,0.0,73.40844749805224
S0338,0.1594389842052339,0.5,0.0,71.34231966307956
S0338,0.21305937435990424,0.5,0.0,69.24075538359872
S0338,0.2847126581300915,0.5,0.0,66.67924548352772
S0338,0.38046341750056945,0.5,0.0,62.91026163888351
S0338,0.5084157936879365,0.5,0.0,57.381806271563576
S0338,0.6793994044669157,0.5,0.0,53.11178687938522
S0338,0.9078859400526766,0.5,0.0,47.70197913973102
S0338,1.213214016270852,0.5,0.0,40.98971259231792
S0338,1.621225953990047,0.5,0.0,34.29440231037121
S0338,2.1664550183569187,0.5,0.06666666666666667,29.686814736743713
S0338,2.895048241124252,0.5,0.0,26.012019135541724
S0338,3.868672207555537,0.5,0.0,23.051758462334355
S0338,5.1697323854266894,0.5,0.13333333333333333,18.719934442688732
S0338,6.908347749063168,0.5,0.06666666666666667,14.237411713965951
S0338,9.231671015799996,0.5,0.13333333333333333,14.013676026025712
S0338,12.336343339913496,0.5,0.2,12.439462216794377
S0338,16.485137602906647,0.5,0.0,17.648344519161444
S0338,22.02919895294292,0.5,0.06666666666666667,20.872748435497193
S0338,29.43776498552103,0.5,0.0,27.98624335268444
S0338,39.33788101845618,0.5,0.0,52.66440972849942
S0338,52.567471877818775,0.5,0.0,109.17435881421619
S0338,70.24626207824446,0.5,0.0,229.6192450561813
S0338,93.87054693127754,0.5,0.0,485.6904012707338
S0338,125.43983580738016,0.5,0.0,506.23856975047164
S0338,167.62608636873256,0.5,0.0,603.8410945954116
S0338,223.99985339939863,0.5,0.0,723.5704663783495
S0338,299.33249299025266,0.5,0.0,819.4008950718493
S0338,400.0,0.5,0.0,831.257455325875
