rocket_id,keff,lat,Pi,Kp,Kd,Kd_Kp_ratio,sr
R8967,3.9999323219478344,1,3.9999323219478344,0.05,0.01,0.19999999999999998,0.2
R8967,3.9999323219478344,1,3.9999323219478344,0.05,0.016,0.32,0.26666666666666666
R8967,3.9999323219478344,1,3.9999323219478344,0.05,0.05,1.0,0.2
R8967,3.9999323219478344,1,3.9999323219478344,0.05,0.15800000000000003,3.1600000000000006,0.3333333333333333
R8967,3.9999323219478344,1,3.9999323219478344,0.05,0.57,11.399999999999999,0.5333333333333333
R8967,3.9999323219478344,1,3.9999323219478344,0.07032636210526184,0.01,0.14219418864624872,0.2
R8967,3.9999323219478344,1,3.9999323219478344,0.07032636210526184,0.02250443587368379,0.32,0.2
R8967,3.9999323219478344,1,3.9999323219478344,0.07032636210526184,0.07032636210526184,1.0,0.26666666666666666
R8967,3.9999323219478344,1,3.9999323219478344,0.07032636210526184,0.22223130425262744,3.16,0.4666666666666667
R8967,3.9999323219478344,1,3.9999323219478344,0.07032636210526184,0.57,8.105068752836177,0.5333333333333333
R8967,3.9999323219478344,1,3.9999323219478344,0.0989159441392082,0.01,0.10109593642382482,0.2
R8967,3.9999323219478344,1,3.9999323219478344,0.0989159441392082,0.031653102124546625,0.32,0.3333333333333333
R8967,3.9999323219478344,1,3.9999323219478344,0.0989159441392082,0.0989159441392082,1.0,0.3333333333333333
R8967,3.9999323219478344,1,3.9999323219478344,0.0989159441392082,0.31257438347989797,3.16,0.6
R8967,3.9999323219478344,1,3.9999323219478344,0.0989159441392082,0.57,5.762468376158014,0.5333333333333333
R8967,3.9999323219478344,1,3.9999323219478344,0.1391279701103562,0.013912797011035621,0.1,0.26666666666666666
R8967,3.9999323219478344,1,3.9999323219478344,0.1391279701103562,0.04452095043531399,0.32,0.3333333333333333
R8967,3.9999323219478344,1,3.9999323219478344,0.1391279701103562,0.1391279701103562,1.0,0.4666666666666667
R8967,3.9999323219478344,1,3.9999323219478344,0.1391279701103562,0.43964438554872565,3.16,0.4666666666666667
R8967,3.9999323219478344,1,3.9999323219478344,0.1391279701103562,0.57,4.096947576737275,0.5333333333333333
R8967,3.9999323219478344,1,3.9999323219478344,0.19568728009901917,0.01956872800990192,0.10000000000000002,0.4
R8967,3.9999323219478344,1,3.9999323219478344,0.19568728009901917,0.06261992963168614,0.32,0.4666666666666667
R8967,3.9999323219478344,1,3.9999323219478344,0.19568728009901917,0.19568728009901917,1.0,0.4666666666666667
R8967,3.9999323219478344,1,3.9999323219478344,0.19568728009901917,0.57,2.912810683001858,0.6
R8967,3.9999323219478344,1,3.9999323219478344,0.19568728009901917,0.6183718051129006,3.16,0.6
R8967,3.9999323219478344,1,3.9999323219478344,0.2752394903927485,0.02752394903927485,0.1,0.4
R8967,3.9999323219478344,1,3.9999323219478344,0.2752394903927485,0.08807663692567952,0.32,0.4666666666666667
R8967,3.9999323219478344,1,3.9999323219478344,0.2752394903927485,0.2752394903927485,1.0,0.5333333333333333
R8967,3.9999323219478344,1,3.9999323219478344,0.2752394903927485,0.57,2.070923758747874,0.6
R8967,3.9999323219478344,1,3.9999323219478344,0.2752394903927485,0.8697567896410853,3.16,0.7333333333333333
R8967,3.9999323219478344,1,3.9999323219478344,0.38713184134056344,0.03871318413405635,0.1,0.4
R8967,3.9999323219478344,1,3.9999323219478344,0.38713184134056344,0.12388218922898031,0.32,0.4666666666666667
R8967,3.9999323219478344,1,3.9999323219478344,0.38713184134056344,0.38713184134056344,1.0,0.7333333333333333
R8967,3.9999323219478344,1,3.9999323219478344,0.38713184134056344,0.57,1.472366618116968,0.7333333333333333
R8967,3.9999323219478344,1,3.9999323219478344,0.38713184134056344,1.2233366186361805,3.16,0.7333333333333333
R8967,3.9999323219478344,1,3.9999323219478344,0.5445114811318649,0.05445114811318649,0.1,0.4
R8967,3.9999323219478344,1,3.9999323219478344,0.5445114811318649,0.17424367396219675,0.32,0.6666666666666666
R8967,3.9999323219478344,1,3.9999323219478344,0.5445114811318649,0.5445114811318649,1.0,0.8
R8967,3.9999323219478344,1,3.9999323219478344,0.5445114811318649,0.57,1.0468098832648167,0.7333333333333333
R8967,3.9999323219478344,1,3.9999323219478344,0.5445114811318649,1.7206562803766932,3.16,0.7333333333333333
R8967,3.9999323219478344,1,3.9999323219478344,0.7658702318510398,0.07658702318510398,0.1,0.5333333333333333
R8967,3.9999323219478344,1,3.9999323219478344,0.7658702318510398,0.24507847419233272,0.32,0.8
R8967,3.9999323219478344,1,3.9999323219478344,0.7658702318510398,0.57,0.7442514100885746,0.9333333333333333
R8967,3.9999323219478344,1,3.9999323219478344,0.7658702318510398,0.7658702318510398,1.0,0.8
R8967,3.9999323219478344,1,3.9999323219478344,0.7658702318510398,2.4201499326492857,3.16,0.4666666666666667
R8967,3.9999323219478344,1,3.9999323219478344,1.0772173450159415,0.10772173450159415,0.1,0.7333333333333333
R8967,3.9999323219478344,1,3.9999323219478344,1.0772173450159415,0.34470955040510126,0.32,0.9333333333333333
R8967,3.9999323219478344,1,3.9999323219478344,1.0772173450159415,0.57,0.5291411270318569,0.9333333333333333
R8967,3.9999323219478344,1,3.9999323219478344,1.0772173450159415,1.0772173450159415,1.0,0.7333333333333333
R8967,3.9999323219478344,1,3.9999323219478344,1.0772173450159415,3.404006810250375,3.16,0.3333333333333333
R8967,3.9999323219478344,1,3.9999323219478344,1.515135541433198,0.1515135541433198,0.1,0.9333333333333333
R8967,3.9999323219478344,1,3.9999323219478344,1.515135541433198,0.48484337325862337,0.32,1.0
R8967,3.9999323219478344,1,3.9999323219478344,1.515135541433198,0.57,0.37620396618828256,0.9333333333333333
R8967,3.9999323219478344,1,3.9999323219478344,1.515135541433198,1.515135541433198,1.0,0.8
R8967,3.9999323219478344,1,3.9999323219478344,1.515135541433198,4.787828310928906,3.16,0.26666666666666666
R8967,3.9999323219478344,1,3.9999323219478344,2.1310794145076613,0.21310794145076614,0.1,0.9333333333333333
R8967,3.9999323219478344,1,3.9999323219478344,2.1310794145076613,0.57,0.26747008868821803,1.0
R8967,3.9999323219478344,1,3.9999323219478344,2.1310794145076613,0.6819454126424516,0.32,1.0
R8967,3.9999323219478344,1,3.9999323219478344,2.1310794145076613,2.1310794145076613,1.0,0.6666666666666666
R8967,3.9999323219478344,1,3.9999323219478344,2.1310794145076613,6.7342109498442095,3.16,0.26666666666666666
R8967,3.9999323219478344,1,3.9999323219478344,2.997421251594704,0.2997421251594704,0.1,1.0
R8967,3.9999323219478344,1,3.9999323219478344,2.997421251594704,0.57,0.19016346124080677,1.0
R8967,3.9999323219478344,1,3.9999323219478344,2.997421251594704,0.9591748005103052,0.32,0.9333333333333333
R8967,3.9999323219478344,1,3.9999323219478344,2.997421251594704,2.997421251594704,1.0,0.5333333333333333
R8967,3.9999323219478344,1,3.9999323219478344,2.997421251594704,9.471851155039264,3.16,0.4
R8967,3.9999323219478344,1,3.9999323219478344,4.2159546464331275,0.42159546464331277,0.1,1.0
R8967,3.9999323219478344,1,3.9999323219478344,4.2159546464331275,0.57,0.13520069540649438,1.0
R8967,3.9999323219478344,1,3.9999323219478344,4.2159546464331275,1.3491054868586008,0.32,0.9333333333333333
R8967,3.9999323219478344,1,3.9999323219478344,4.2159546464331275,4.2159546464331275,1.0,0.4
R8967,3.9999323219478344,1,3.9999323219478344,4.2159546464331275,13.322416682728683,3.16,0.3333333333333333
R8967,3.9999323219478344,1,3.9999323219478344,5.929855061688346,0.57,0.09612376593867537,1.0
R8967,3.9999323219478344,1,3.9999323219478344,5.929855061688346,0.5929855061688346,0.1,1.0
R8967,3.9999323219478344,1,3.9999323219478344,5.929855061688346,1.8975536197402707,0.32,0.8666666666666667
R8967,3.9999323219478344,1,3.9999323219478344,5.929855061688346,5.929855061688346,1.0,0.4
R8967,3.9999323219478344,1,3.9999323219478344,5.929855061688346,18.738341994935173,3.16,0.2
R8967,3.9999323219478344,1,3.9999323219478344,8.340502686000294,0.57,0.06834120453635927,1.0
R8967,3.9999323219478344,1,3.9999323219478344,8.340502686000294,0.8340502686000294,0.1,1.0
R8967,3.9999323219478344,1,3.9999323219478344,8.340502686000294,2.668960859520094,0.32,0.8
R8967,3.9999323219478344,1,3.9999323219478344,8.340502686000294,8.340502686000294,1.0,0.4
R8967,3.9999323219478344,1,3.9999323219478344,8.340502686000294,26.35598848776093,3.16,0.4
R8967,3.9999323219478344,1,3.9999323219478344,11.731144240711311,0.57,0.04858861065077471,1.0
R8967,3.9999323219478344,1,3.9999323219478344,11.731144240711311,1.173114424071131,0.1,1.0
R8967,3.9999323219478344,1,3.9999323219478344,11.731144240711311,3.7539661570276195,0.32,0.8
R8967,3.9999323219478344,1,3.9999323219478344,11.731144240711311,11.731144240711311,1.0,0.3333333333333333
R8967,3.9999323219478344,1,3.9999323219478344,11.731144240711311,32.0,2.7277816505698085,0.26666666666666666
R8967,3.9999323219478344,1,3.9999323219478344,16.50017395562641,0.57,0.034545090344676954,1.0
R8967,3.9999323219478344,1,3.9999323219478344,16.50017395562641,1.650017395562641,0.1,1.0
R8967,3.9999323219478344,1,3.9999323219478344,16.50017395562641,5.280055665800451,0.32,0.8
R8967,3.9999323219478344,1,3.9999323219478344,16.50017395562641,16.50017395562641,1.0,0.3333333333333333
R8967,3.9999323219478344,1,3.9999323219478344,16.50017395562641,32.0,1.9393734930344957,0.4
R8967,3.9999323219478344,1,3.9999323219478344,23.207944168063882,0.57,0.024560555466363484,1.0
R8967,3.9999323219478344,1,3.9999323219478344,23.207944168063882,2.3207944168063883,0.1,1.0
R8967,3.9999323219478344,1,3.9999323219478344,23.207944168063882,7.426542133780442,0.32,0.8
R8967,3.9999323219478344,1,3.9999323219478344,23.207944168063882,23.207944168063882,1.0,0.4666666666666667
R8967,3.9999323219478344,1,3.9999323219478344,23.207944168063882,32.0,1.3788382016204064,0.4666666666666667
R8967,3.9999323219478344,1,3.9999323219478344,32.642605705639234,0.57,0.01746184128620371,1.0
R8967,3.9999323219478344,1,3.9999323219478344,32.642605705639234,3.2642605705639234,0.1,1.0
R8967,3.9999323219478344,1,3.9999323219478344,32.642605705639234,10.445633825804554,0.32,0.8
R8967,3.9999323219478344,1,3.9999323219478344,32.642605705639234,32.0,0.9803138967693311,0.5333333333333333
R8967,3.9999323219478344,1,3.9999323219478344,45.912714178281405,0.57,0.012414861769806529,1.0
R8967,3.9999323219478344,1,3.9999323219478344,45.912714178281405,4.591271417828141,0.1,1.0
R8967,3.9999323219478344,1,3.9999323219478344,45.912714178281405,14.69206853705005,0.32,0.8666666666666667
R8967,3.9999323219478344,1,3.9999323219478344,45.912714178281405,32.0,0.6969746958487876,0.5333333333333333
R8967,3.9999323219478344,1,3.9999323219478344,64.57748325074412,0.57,0.008826605982564857,1.0
R8967,3.9999323219478344,1,3.9999323219478344,64.57748325074412,6.457748325074412,0.1,1.0
R8967,3.9999323219478344,1,3.9999323219478344,64.57748325074412,20.66479464023812,0.32,0.7333333333333333
R8967,3.9999323219478344,1,3.9999323219478344,64.57748325074412,32.0,0.49552875691592185,0.8
R8967,3.9999323219478344,1,3.9999323219478344,90.82998941876633,0.57,0.00627546038095467,1.0
R8967,3.9999323219478344,1,3.9999323219478344,90.82998941876633,9.082998941876633,0.1,1.0
R8967,3.9999323219478344,1,3.9999323219478344,90.82998941876633,29.065596614005226,0.32,0.8
R8967,3.9999323219478344,1,3.9999323219478344,90.82998941876633,32.0,0.3523065477027183,0.8
R8967,3.9999323219478344,1,3.9999323219478344,127.75485451762533,0.57,0.004461669986257638,1.0
R8967,3.9999323219478344,1,3.9999323219478344,127.75485451762533,12.775485451762535,0.1,1.0
R8967,3.9999323219478344,1,3.9999323219478344,127.75485451762533,32.0,0.2504797185267446,0.8666666666666667
R8967,3.9999323219478344,1,3.9999323219478344,179.69068319023125,0.57,0.0031721177185161237,1.0
R8967,3.9999323219478344,1,3.9999323219478344,179.69068319023125,17.969068319023126,0.1,1.0
R8967,3.9999323219478344,1,3.9999323219478344,179.69068319023125,32.0,0.17808380174125607,0.9333333333333333
R8967,3.9999323219478344,1,3.9999323219478344,252.73984105956174,0.57,0.0022552835263739495,0.4666666666666667
R8967,3.9999323219478344,1,3.9999323219478344,252.73984105956174,25.273984105956174,0.1,1.0
R8967,3.9999323219478344,1,3.9999323219478344,252.73984105956174,32.0,0.12661240849818667,1.0
R8967,3.9999323219478344,1,3.9999323219478344,355.4854716156215,0.57,0.001603441055999971,0.3333333333333333
R8967,3.9999323219478344,1,3.9999323219478344,355.4854716156215,32.0,0.09001774349473524,1.0
R8967,3.9999323219478344,1,3.9999323219478344,500.0,0.57,0.00114,0.2
R8967,3.9999323219478344,1,3.9999323219478344,500.0,32.0,0.064,1.0
R4487,4.001272727285028,2,16.00509090914011,0.05,0.01,0.19999999999999998,0.6666666666666666
R4487,4.001272727285028,2,16.00509090914011,0.05,0.016,0.32,0.6666666666666666
R4487,4.001272727285028,2,16.00509090914011,0.05,0.05,1.0,0.6666666666666666
R4487,4.001272727285028,2,16.00509090914011,0.05,0.15800000000000003,3.1600000000000006,0.7333333333333333
R4487,4.001272727285028,2,16.00509090914011,0.05,0.57,11.399999999999999,0.9333333333333333
R4487,4.001272727285028,2,16.00509090914011,0.07032636210526184,0.01,0.14219418864624872,0.6666666666666666
R4487,4.001272727285028,2,16.00509090914011,0.07032636210526184,0.02250443587368379,0.32,0.6666666666666666
R4487,4.001272727285028,2,16.00509090914011,0.07032636210526184,0.07032636210526184,1.0,0.6666666666666666
R4487,4.001272727285028,2,16.00509090914011,0.07032636210526184,0.22223130425262744,3.16,0.8666666666666667
R4487,4.001272727285028,2,16.00509090914011,0.07032636210526184,0.57,8.105068752836177,0.9333333333333333
R4487,4.001272727285028,2,16.00509090914011,0.0989159441392082,0.01,0.10109593642382482,0.6666666666666666
R4487,4.001272727285028,2,16.00509090914011,0.0989159441392082,0.031653102124546625,0.32,0.6666666666666666
R4487,4.001272727285028,2,16.00509090914011,0.0989159441392082,0.0989159441392082,1.0,0.7333333333333333
R4487,4.001272727285028,2,16.00509090914011,0.0989159441392082,0.31257438347989797,3.16,0.9333333333333333
R4487,4.001272727285028,2,16.00509090914011,0.0989159441392082,0.57,5.762468376158014,0.9333333333333333
R4487,4.001272727285028,2,16.00509090914011,0.1391279701103562,0.013912797011035621,0.1,0.6666666666666666
R4487,4.001272727285028,2,16.00509090914011,0.1391279701103562,0.04452095043531399,0.32,0.6666666666666666
R4487,4.001272727285028,2,16.00509090914011,0.1391279701103562,0.1391279701103562,1.0,0.7333333333333333
R4487,4.001272727285028,2,16.00509090914011,0.1391279701103562,0.43964438554872565,3.16,0.9333333333333333
R4487,4.001272727285028,2,16.00509090914011,0.1391279701103562,0.57,4.096947576737275,0.9333333333333333
R4487,4.001272727285028,2,16.00509090914011,0.19568728009901917,0.01956872800990192,0.10000000000000002,0.6666666666666666
R4487,4.001272727285028,2,16.00509090914011,0.19568728009901917,0.06261992963168614,0.32,0.6666666666666666
R4487,4.001272727285028,2,16.00509090914011,0.19568728009901917,0.19568728009901917,1.0,0.8666666666666667
R4487,4.001272727285028,2,16.00509090914011,0.19568728009901917,0.57,2.912810683001858,0.9333333333333333
R4487,4.001272727285028,2,16.00509090914011,0.19568728009901917,0.6183718051129006,3.16,0.9333333333333333
R4487,4.001272727285028,2,16.00509090914011,0.2752394903927485,0.02752394903927485,0.1,0.6666666666666666
R4487,4.001272727285028,2,16.00509090914011,0.2752394903927485,0.08807663692567952,0.32,0.8666666666666667
R4487,4.001272727285028,2,16.00509090914011,0.2752394903927485,0.2752394903927485,1.0,0.9333333333333333
R4487,4.001272727285028,2,16.00509090914011,0.2752394903927485,0.57,2.070923758747874,0.9333333333333333
R4487,4.001272727285028,2,16.00509090914011,0.2752394903927485,0.8697567896410853,3.16,0.9333333333333333
R4487,4.001272727285028,2,16.00509090914011,0.38713184134056344,0.03871318413405635,0.1,0.7333333333333333
R4487,4.001272727285028,2,16.00509090914011,0.38713184134056344,0.12388218922898031,0.32,0.9333333333333333
R4487,4.001272727285028,2,16.00509090914011,0.38713184134056344,0.38713184134056344,1.0,0.9333333333333333
R4487,4.001272727285028,2,16.00509090914011,0.38713184134056344,0.57,1.472366618116968,0.9333333333333333
R4487,4.001272727285028,2,16.00509090914011,0.38713184134056344,1.2233366186361805,3.16,0.6666666666666666
R4487,4.001272727285028,2,16.00509090914011,0.5445114811318649,0.05445114811318649,0.1,0.8666666666666667
R4487,4.001272727285028,2,16.00509090914011,0.5445114811318649,0.17424367396219675,0.32,1.0
R4487,4.001272727285028,2,16.00509090914011,0.5445114811318649,0.5445114811318649,1.0,1.0
R4487,4.001272727285028,2,16.00509090914011,0.5445114811318649,0.57,1.0468098832648167,1.0
R4487,4.001272727285028,2,16.00509090914011,0.5445114811318649,1.7206562803766932,3.16,0.6666666666666666
R4487,4.001272727285028,2,16.00509090914011,0.7658702318510398,0.07658702318510398,0.1,1.0
R4487,4.001272727285028,2,16.00509090914011,0.7658702318510398,0.24507847419233272,0.32,1.0
R4487,4.001272727285028,2,16.00509090914011,0.7658702318510398,0.57,0.7442514100885746,1.0
R4487,4.001272727285028,2,16.00509090914011,0.7658702318510398,0.7658702318510398,1.0,1.0
R4487,4.001272727285028,2,16.00509090914011,0.7658702318510398,2.4201499326492857,3.16,0.6
R4487,4.001272727285028,2,16.00509090914011,1.0772173450159415,0.10772173450159415,0.1,1.0
R4487,4.001272727285028,2,16.00509090914011,1.0772173450159415,0.34470955040510126,0.32,1.0
R4487,4.001272727285028,2,16.00509090914011,1.0772173450159415,0.57,0.5291411270318569,1.0
R4487,4.001272727285028,2,16.00509090914011,1.0772173450159415,1.0772173450159415,1.0,1.0
R4487,4.001272727285028,2,16.00509090914011,1.0772173450159415,3.404006810250375,3.16,0.5333333333333333
R4487,4.001272727285028,2,16.00509090914011,1.515135541433198,0.1515135541433198,0.1,1.0
R4487,4.001272727285028,2,16.00509090914011,1.515135541433198,0.48484337325862337,0.32,1.0
R4487,4.001272727285028,2,16.00509090914011,1.515135541433198,0.57,0.37620396618828256,1.0
R4487,4.001272727285028,2,16.00509090914011,1.515135541433198,1.515135541433198,1.0,0.8666666666666667
R4487,4.001272727285028,2,16.00509090914011,1.515135541433198,4.787828310928906,3.16,0.4666666666666667
R4487,4.001272727285028,2,16.00509090914011,2.1310794145076613,0.21310794145076614,0.1,1.0
R4487,4.001272727285028,2,16.00509090914011,2.1310794145076613,0.57,0.26747008868821803,1.0
R4487,4.001272727285028,2,16.00509090914011,2.1310794145076613,0.6819454126424516,0.32,1.0
R4487,4.001272727285028,2,16.00509090914011,2.1310794145076613,2.1310794145076613,1.0,0.8
R4487,4.001272727285028,2,16.00509090914011,2.1310794145076613,6.7342109498442095,3.16,0.4
R4487,4.001272727285028,2,16.00509090914011,2.997421251594704,0.2997421251594704,0.1,1.0
R4487,4.001272727285028,2,16.00509090914011,2.997421251594704,0.57,0.19016346124080677,1.0
R4487,4.001272727285028,2,16.00509090914011,2.997421251594704,0.9591748005103052,0.32,1.0
R4487,4.001272727285028,2,16.00509090914011,2.997421251594704,2.997421251594704,1.0,0.8
R4487,4.001272727285028,2,16.00509090914011,2.997421251594704,9.471851155039264,3.16,0.4666666666666667
R4487,4.001272727285028,2,16.00509090914011,4.2159546464331275,0.42159546464331277,0.1,1.0
R4487,4.001272727285028,2,16.00509090914011,4.2159546464331275,0.57,0.13520069540649438,1.0
R4487,4.001272727285028,2,16.00509090914011,4.2159546464331275,1.3491054868586008,0.32,1.0
R4487,4.001272727285028,2,16.00509090914011,4.2159546464331275,4.2159546464331275,1.0,0.6666666666666666
R4487,4.001272727285028,2,16.00509090914011,4.2159546464331275,13.322416682728683,3.16,0.26666666666666666
R4487,4.001272727285028,2,16.00509090914011,5.929855061688346,0.57,0.09612376593867537,1.0
R4487,4.001272727285028,2,16.00509090914011,5.929855061688346,0.5929855061688346,0.1,1.0
R4487,4.001272727285028,2,16.00509090914011,5.929855061688346,1.8975536197402707,0.32,0.9333333333333333
R4487,4.001272727285028,2,16.00509090914011,5.929855061688346,5.929855061688346,1.0,0.6
R4487,4.001272727285028,2,16.00509090914011,5.929855061688346,18.738341994935173,3.16,0.4
R4487,4.001272727285028,2,16.00509090914011,8.340502686000294,0.57,0.06834120453635927,1.0
R4487,4.001272727285028,2,16.00509090914011,8.340502686000294,0.8340502686000294,0.1,1.0
R4487,4.001272727285028,2,16.00509090914011,8.340502686000294,2.668960859520094,0.32,0.8666666666666667
R4487,4.001272727285028,2,16.00509090914011,8.340502686000294,8.340502686000294,1.0,0.5333333333333333
R4487,4.001272727285028,2,16.00509090914011,8.340502686000294,26.35598848776093,3.16,0.2
R4487,4.001272727285028,2,16.00509090914011,11.731144240711311,0.57,0.04858861065077471,1.0
R4487,4.001272727285028,2,16.00509090914011,11.731144240711311,1.173114424071131,0.1,1.0
R4487,4.001272727285028,2,16.00509090914011,11.731144240711311,3.7539661570276195,0.32,0.8666666666666667
R4487,4.001272727285028,2,16.00509090914011,11.731144240711311,11.731144240711311,1.0,0.6
R4487,4.001272727285028,2,16.00509090914011,11.731144240711311,32.0,2.7277816505698085,0.26666666666666666
R4487,4.001272727285028,2,16.00509090914011,16.50017395562641,0.57,0.034545090344676954,1.0
R4487,4.001272727285028,2,16.00509090914011,16.50017395562641,1.650017395562641,0.1,1.0
R4487,4.001272727285028,2,16.00509090914011,16.50017395562641,5.280055665800451,0.32,0.9333333333333333
R4487,4.001272727285028,2,16.00509090914011,16.50017395562641,16.50017395562641,1.0,0.8
R4487,4.001272727285028,2,16.00509090914011,16.50017395562641,32.0,1.9393734930344957,0.4
R4487,4.001272727285028,2,16.00509090914011,23.207944168063882,0.57,0.024560555466363484,1.0
R4487,4.001272727285028,2,16.00509090914011,23.207944168063882,2.3207944168063883,0.1,1.0
R4487,4.001272727285028,2,16.00509090914011,23.207944168063882,7.426542133780442,0.32,0.8666666666666667
R4487,4.001272727285028,2,16.00509090914011,23.207944168063882,23.207944168063882,1.0,0.5333333333333333
R4487,4.001272727285028,2,16.00509090914011,23.207944168063882,32.0,1.3788382016204064,0.3333333333333333
R4487,4.001272727285028,2,16.00509090914011,32.642605705639234,0.57,0.01746184128620371,1.0
R4487,4.001272727285028,2,16.00509090914011,32.642605705639234,3.2642605705639234,0.1,1.0
R4487,4.001272727285028,2,16.00509090914011,32.642605705639234,10.445633825804554,0.32,0.8
R4487,4.001272727285028,2,16.00509090914011,32.642605705639234,32.0,0.9803138967693311,0.6
R4487,4.001272727285028,2,16.00509090914011,45.912714178281405,0.57,0.012414861769806529,1.0
R4487,4.001272727285028,2,16.00509090914011,45.912714178281405,4.591271417828141,0.1,1.0
R4487,4.001272727285028,2,16.00509090914011,45.912714178281405,14.69206853705005,0.32,0.8666666666666667
R4487,4.001272727285028,2,16.00509090914011,45.912714178281405,32.0,0.6969746958487876,0.6
R4487,4.001272727285028,2,16.00509090914011,64.57748325074412,0.57,0.008826605982564857,1.0
R4487,4.001272727285028,2,16.00509090914011,64.57748325074412,6.457748325074412,0.1,1.0
R4487,4.001272727285028,2,16.00509090914011,64.57748325074412,20.66479464023812,0.32,0.8666666666666667
R4487,4.001272727285028,2,16.00509090914011,64.57748325074412,32.0,0.49552875691592185,0.6
R4487,4.001272727285028,2,16.00509090914011,90.82998941876633,0.57,0.00627546038095467,1.0
R4487,4.001272727285028,2,16.00509090914011,90.82998941876633,9.082998941876633,0.1,1.0
R4487,4.001272727285028,2,16.00509090914011,90.82998941876633,29.065596614005226,0.32,0.8666666666666667
R4487,4.001272727285028,2,16.00509090914011,90.82998941876633,32.0,0.3523065477027183,0.8
R4487,4.001272727285028,2,16.00509090914011,127.75485451762533,0.57,0.004461669986257638,1.0
R4487,4.001272727285028,2,16.00509090914011,127.75485451762533,12.775485451762535,0.1,1.0
R4487,4.001272727285028,2,16.00509090914011,127.75485451762533,32.0,0.2504797185267446,0.8666666666666667
R4487,4.001272727285028,2,16.00509090914011,179.69068319023125,0.57,0.0031721177185161237,1.0
R4487,4.001272727285028,2,16.00509090914011,179.69068319023125,17.969068319023126,0.1,1.0
R4487,4.001272727285028,2,16.00509090914011,179.69068319023125,32.0,0.17808380174125607,0.9333333333333333
R4487,4.001272727285028,2,16.00509090914011,252.73984105956174,0.57,0.0022552835263739495,0.4
R4487,4.001272727285028,2,16.00509090914011,252.73984105956174,25.273984105956174,0.1,0.9333333333333333
R4487,4.001272727285028,2,16.00509090914011,252.73984105956174,32.0,0.12661240849818667,1.0
R4487,4.001272727285028,2,16.00509090914011,355.4854716156215,0.57,0.001603441055999971,0.0
R4487,4.001272727285028,2,16.00509090914011,355.4854716156215,32.0,0.09001774349473524,1.0
R4487,4.001272727285028,2,16.00509090914011,500.0,0.57,0.00114,0.0
R4487,4.001272727285028,2,16.00509090914011,500.0,32.0,0.064,1.0
R0822,3.9965298380481538,3,35.96876854243338,0.05,0.01,0.19999999999999998,0.7333333333333333
R0822,3.9965298380481538,3,35.96876854243338,0.05,0.016,0.32,0.7333333333333333
R0822,3.9965298380481538,3,35.96876854243338,0.05,0.05,1.0,0.7333333333333333
R0822,3.9965298380481538,3,35.96876854243338,0.05,0.15800000000000003,3.1600000000000006,0.9333333333333333
R0822,3.9965298380481538,3,35.96876854243338,0.05,0.57,11.399999999999999,1.0
R0822,3.9965298380481538,3,35.96876854243338,0.07032636210526184,0.01,0.14219418864624872,0.7333333333333333
R0822,3.9965298380481538,3,35.96876854243338,0.07032636210526184,0.02250443587368379,0.32,0.7333333333333333
R0822,3.9965298380481538,3,35.96876854243338,0.07032636210526184,0.07032636210526184,1.0,0.7333333333333333
R0822,3.9965298380481538,3,35.96876854243338,0.07032636210526184,0.22223130425262744,3.16,0.9333333333333333
R0822,3.9965298380481538,3,35.96876854243338,0.07032636210526184,0.57,8.105068752836177,1.0
R0822,3.9965298380481538,3,35.96876854243338,0.0989159441392082,0.01,0.10109593642382482,0.7333333333333333
R0822,3.9965298380481538,3,35.96876854243338,0.0989159441392082,0.031653102124546625,0.32,0.7333333333333333
R0822,3.9965298380481538,3,35.96876854243338,0.0989159441392082,0.0989159441392082,1.0,0.8666666666666667
R0822,3.9965298380481538,3,35.96876854243338,0.0989159441392082,0.31257438347989797,3.16,0.9333333333333333
R0822,3.9965298380481538,3,35.96876854243338,0.0989159441392082,0.57,5.762468376158014,1.0
R0822,3.9965298380481538,3,35.96876854243338,0.1391279701103562,0.013912797011035621,0.1,0.7333333333333333
R0822,3.9965298380481538,3,35.96876854243338,0.1391279701103562,0.04452095043531399,0.32,0.7333333333333333
R0822,3.9965298380481538,3,35.96876854243338,0.1391279701103562,0.1391279701103562,1.0,0.9333333333333333
R0822,3.9965298380481538,3,35.96876854243338,0.1391279701103562,0.43964438554872565,3.16,1.0
R0822,3.9965298380481538,3,35.96876854243338,0.1391279701103562,0.57,4.096947576737275,1.0
R0822,3.9965298380481538,3,35.96876854243338,0.19568728009901917,0.01956872800990192,0.10000000000000002,0.7333333333333333
R0822,3.9965298380481538,3,35.96876854243338,0.19568728009901917,0.06261992963168614,0.32,0.8
R0822,3.9965298380481538,3,35.96876854243338,0.19568728009901917,0.19568728009901917,1.0,0.9333333333333333
R0822,3.9965298380481538,3,35.96876854243338,0.19568728009901917,0.57,2.912810683001858,1.0
R0822,3.9965298380481538,3,35.96876854243338,0.19568728009901917,0.6183718051129006,3.16,1.0
R0822,3.9965298380481538,3,35.96876854243338,0.2752394903927485,0.02752394903927485,0.1,0.7333333333333333
R0822,3.9965298380481538,3,35.96876854243338,0.2752394903927485,0.08807663692567952,0.32,0.9333333333333333
R0822,3.9965298380481538,3,35.96876854243338,0.2752394903927485,0.2752394903927485,1.0,1.0
R0822,3.9965298380481538,3,35.96876854243338,0.2752394903927485,0.57,2.070923758747874,1.0
R0822,3.9965298380481538,3,35.96876854243338,0.2752394903927485,0.8697567896410853,3.16,0.8666666666666667
R0822,3.9965298380481538,3,35.96876854243338,0.38713184134056344,0.03871318413405635,0.1,0.8
R0822,3.9965298380481538,3,35.96876854243338,0.38713184134056344,0.12388218922898031,0.32,1.0
R0822,3.9965298380481538,3,35.96876854243338,0.38713184134056344,0.38713184134056344,1.0,1.0
R0822,3.9965298380481538,3,35.96876854243338,0.38713184134056344,0.57,1.472366618116968,1.0
R0822,3.9965298380481538,3,35.96876854243338,0.38713184134056344,1.2233366186361805,3.16,0.6
R0822,3.9965298380481538,3,35.96876854243338,0.5445114811318649,0.05445114811318649,0.1,0.9333333333333333
R0822,3.9965298380481538,3,35.96876854243338,0.5445114811318649,0.17424367396219675,0.32,1.0
R0822,3.9965298380481538,3,35.96876854243338,0.5445114811318649,0.5445114811318649,1.0,1.0
R0822,3.9965298380481538,3,35.96876854243338,0.5445114811318649,0.57,1.0468098832648167,1.0
R0822,3.9965298380481538,3,35.96876854243338,0.5445114811318649,1.7206562803766932,3.16,0.5333333333333333
R0822,3.9965298380481538,3,35.96876854243338,0.7658702318510398,0.07658702318510398,0.1,1.0
R0822,3.9965298380481538,3,35.96876854243338,0.7658702318510398,0.24507847419233272,0.32,1.0
R0822,3.9965298380481538,3,35.96876854243338,0.7658702318510398,0.57,0.7442514100885746,1.0
R0822,3.9965298380481538,3,35.96876854243338,0.7658702318510398,0.7658702318510398,1.0,1.0
R0822,3.9965298380481538,3,35.96876854243338,0.7658702318510398,2.4201499326492857,3.16,0.4666666666666667
R0822,3.9965298380481538,3,35.96876854243338,1.0772173450159415,0.10772173450159415,0.1,1.0
R0822,3.9965298380481538,3,35.96876854243338,1.0772173450159415,0.34470955040510126,0.32,1.0
R0822,3.9965298380481538,3,35.96876854243338,1.0772173450159415,0.57,0.5291411270318569,1.0
R0822,3.9965298380481538,3,35.96876854243338,1.0772173450159415,1.0772173450159415,1.0,0.8666666666666667
R0822,3.9965298380481538,3,35.96876854243338,1.0772173450159415,3.404006810250375,3.16,0.4
R0822,3.9965298380481538,3,35.96876854243338,1.515135541433198,0.1515135541433198,0.1,1.0
R0822,3.9965298380481538,3,35.96876854243338,1.515135541433198,0.48484337325862337,0.32,1.0
R0822,3.9965298380481538,3,35.96876854243338,1.515135541433198,0.57,0.37620396618828256,1.0
R0822,3.9965298380481538,3,35.96876854243338,1.515135541433198,1.515135541433198,1.0,0.8666666666666667
R0822,3.9965298380481538,3,35.96876854243338,1.515135541433198,4.787828310928906,3.16,0.13333333333333333
R0822,3.9965298380481538,3,35.96876854243338,2.1310794145076613,0.21310794145076614,0.1,1.0
R0822,3.9965298380481538,3,35.96876854243338,2.1310794145076613,0.57,0.26747008868821803,1.0
R0822,3.9965298380481538,3,35.96876854243338,2.1310794145076613,0.6819454126424516,0.32,1.0
R0822,3.9965298380481538,3,35.96876854243338,2.1310794145076613,2.1310794145076613,1.0,0.7333333333333333
R0822,3.9965298380481538,3,35.96876854243338,2.1310794145076613,6.7342109498442095,3.16,0.26666666666666666
R0822,3.9965298380481538,3,35.96876854243338,2.997421251594704,0.2997421251594704,0.1,1.0
R0822,3.9965298380481538,3,35.96876854243338,2.997421251594704,0.57,0.19016346124080677,1.0
R0822,3.9965298380481538,3,35.96876854243338,2.997421251594704,0.9591748005103052,0.32,1.0
R0822,3.9965298380481538,3,35.96876854243338,2.997421251594704,2.997421251594704,1.0,0.6
R0822,3.9965298380481538,3,35.96876854243338,2.997421251594704,9.471851155039264,3.16,0.2
R0822,3.9965298380481538,3,35.96876854243338,4.2159546464331275,0.42159546464331277,0.1,1.0
R0822,3.9965298380481538,3,35.96876854243338,4.2159546464331275,0.57,0.13520069540649438,1.0
R0822,3.9965298380481538,3,35.96876854243338,4.2159546464331275,1.3491054868586008,0.32,1.0
R0822,3.9965298380481538,3,35.96876854243338,4.2159546464331275,4.2159546464331275,1.0,0.5333333333333333
R0822,3.9965298380481538,3,35.96876854243338,4.2159546464331275,13.322416682728683,3.16,0.4
R0822,3.9965298380481538,3,35.96876854243338,5.929855061688346,0.57,0.09612376593867537,1.0
R0822,3.9965298380481538,3,35.96876854243338,5.929855061688346,0.5929855061688346,0.1,1.0
R0822,3.9965298380481538,3,35.96876854243338,5.929855061688346,1.8975536197402707,0.32,1.0
R0822,3.9965298380481538,3,35.96876854243338,5.929855061688346,5.929855061688346,1.0,0.7333333333333333
R0822,3.9965298380481538,3,35.96876854243338,5.929855061688346,18.738341994935173,3.16,0.4
R0822,3.9965298380481538,3,35.96876854243338,8.340502686000294,0.57,0.06834120453635927,1.0
R0822,3.9965298380481538,3,35.96876854243338,8.340502686000294,0.8340502686000294,0.1,1.0
R0822,3.9965298380481538,3,35.96876854243338,8.340502686000294,2.668960859520094,0.32,0.8666666666666667
R0822,3.9965298380481538,3,35.96876854243338,8.340502686000294,8.340502686000294,1.0,0.4
R0822,3.9965298380481538,3,35.96876854243338,8.340502686000294,26.35598848776093,3.16,0.2
R0822,3.9965298380481538,3,35.96876854243338,11.731144240711311,0.57,0.04858861065077471,1.0
R0822,3.9965298380481538,3,35.96876854243338,11.731144240711311,1.173114424071131,0.1,1.0
R0822,3.9965298380481538,3,35.96876854243338,11.731144240711311,3.7539661570276195,0.32,0.8666666666666667
R0822,3.9965298380481538,3,35.96876854243338,11.731144240711311,11.731144240711311,1.0,0.4
R0822,3.9965298380481538,3,35.96876854243338,11.731144240711311,32.0,2.7277816505698085,0.3333333333333333
R0822,3.9965298380481538,3,35.96876854243338,16.50017395562641,0.57,0.034545090344676954,1.0
R0822,3.9965298380481538,3,35.96876854243338,16.50017395562641,1.650017395562641,0.1,1.0
R0822,3.9965298380481538,3,35.96876854243338,16.50017395562641,5.280055665800451,0.32,0.9333333333333333
R0822,3.9965298380481538,3,35.96876854243338,16.50017395562641,16.50017395562641,1.0,0.4666666666666667
R0822,3.9965298380481538,3,35.96876854243338,16.50017395562641,32.0,1.9393734930344957,0.4
R0822,3.9965298380481538,3,35.96876854243338,23.207944168063882,0.57,0.024560555466363484,1.0
R0822,3.9965298380481538,3,35.96876854243338,23.207944168063882,2.3207944168063883,0.1,1.0
R0822,3.9965298380481538,3,35.96876854243338,23.207944168063882,7.426542133780442,0.32,0.9333333333333333
R0822,3.9965298380481538,3,35.96876854243338,23.207944168063882,23.207944168063882,1.0,0.5333333333333333
R0822,3.9965298380481538,3,35.96876854243338,23.207944168063882,32.0,1.3788382016204064,0.3333333333333333
R0822,3.9965298380481538,3,35.96876854243338,32.642605705639234,0.57,0.01746184128620371,1.0
R0822,3.9965298380481538,3,35.96876854243338,32.642605705639234,3.2642605705639234,0.1,1.0
R0822,3.9965298380481538,3,35.96876854243338,32.642605705639234,10.445633825804554,0.32,0.8
R0822,3.9965298380481538,3,35.96876854243338,32.642605705639234,32.0,0.9803138967693311,0.6666666666666666
R0822,3.9965298380481538,3,35.96876854243338,45.912714178281405,0.57,0.012414861769806529,1.0
R0822,3.9965298380481538,3,35.96876854243338,45.912714178281405,4.591271417828141,0.1,1.0
R0822,3.9965298380481538,3,35.96876854243338,45.912714178281405,14.69206853705005,0.32,0.8
R0822,3.9965298380481538,3,35.96876854243338,45.912714178281405,32.0,0.6969746958487876,0.4666666666666667
R0822,3.9965298380481538,3,35.96876854243338,64.57748325074412,0.57,0.008826605982564857,1.0
R0822,3.9965298380481538,3,35.96876854243338,64.57748325074412,6.457748325074412,0.1,1.0
R0822,3.9965298380481538,3,35.96876854243338,64.57748325074412,20.66479464023812,0.32,0.8666666666666667
R0822,3.9965298380481538,3,35.96876854243338,64.57748325074412,32.0,0.49552875691592185,0.5333333333333333
R0822,3.9965298380481538,3,35.96876854243338,90.82998941876633,0.57,0.00627546038095467,1.0
R0822,3.9965298380481538,3,35.96876854243338,90.82998941876633,9.082998941876633,0.1,1.0
R0822,3.9965298380481538,3,35.96876854243338,90.82998941876633,29.065596614005226,0.32,0.7333333333333333
R0822,3.9965298380481538,3,35.96876854243338,90.82998941876633,32.0,0.3523065477027183,0.8666666666666667
R0822,3.9965298380481538,3,35.96876854243338,127.75485451762533,0.57,0.004461669986257638,0.9333333333333333
R0822,3.9965298380481538,3,35.96876854243338,127.75485451762533,12.775485451762535,0.1,1.0
R0822,3.9965298380481538,3,35.96876854243338,127.75485451762533,32.0,0.2504797185267446,0.8666666666666667
R0822,3.9965298380481538,3,35.96876854243338,179.69068319023125,0.57,0.0031721177185161237,0.5333333333333333
R0822,3.9965298380481538,3,35.96876854243338,179.69068319023125,17.969068319023126,0.1,1.0
R0822,3.9965298380481538,3,35.96876854243338,179.69068319023125,32.0,0.17808380174125607,0.9333333333333333
R0822,3.9965298380481538,3,35.96876854243338,252.73984105956174,0.57,0.0022552835263739495,0.06666666666666667
R0822,3.9965298380481538,3,35.96876854243338,252.73984105956174,25.273984105956174,0.1,1.0
R0822,3.9965298380481538,3,35.96876854243338,252.73984105956174,32.0,0.12661240849818667,1.0
R0822,3.9965298380481538,3,35.96876854243338,355.4854716156215,0.57,0.001603441055999971,0.0
R0822,3.9965298380481538,3,35.96876854243338,355.4854716156215,32.0,0.09001774349473524,1.0
R0822,3.9965298380481538,3,35.96876854243338,500.0,0.57,0.00114,0.0
R0822,3.9965298380481538,3,35.96876854243338,500.0,32.0,0.064,1.0
R9188,4.004611424403108,4,64.07378279044973,0.05,0.01,0.19999999999999998,0.6666666666666666
R9188,4.004611424403108,4,64.07378279044973,0.05,0.016,0.32,0.6666666666666666
R9188,4.004611424403108,4,64.07378279044973,0.05,0.05,1.0,0.7333333333333333
R9188,4.004611424403108,4,64.07378279044973,0.05,0.15800000000000003,3.1600000000000006,0.8666666666666667
R9188,4.004611424403108,4,64.07378279044973,0.05,0.57,11.399999999999999,0.8666666666666667
R9188,4.004611424403108,4,64.07378279044973,0.07032636210526184,0.01,0.14219418864624872,0.6666666666666666
R9188,4.004611424403108,4,64.07378279044973,0.07032636210526184,0.02250443587368379,0.32,0.6666666666666666
R9188,4.004611424403108,4,64.07378279044973,0.07032636210526184,0.07032636210526184,1.0,0.8
R9188,4.004611424403108,4,64.07378279044973,0.07032636210526184,0.22223130425262744,3.16,0.8666666666666667
R9188,4.004611424403108,4,64.07378279044973,0.07032636210526184,0.57,8.105068752836177,0.8666666666666667
R9188,4.004611424403108,4,64.07378279044973,0.0989159441392082,0.01,0.10109593642382482,0.6666666666666666
R9188,4.004611424403108,4,64.07378279044973,0.0989159441392082,0.031653102124546625,0.32,0.7333333333333333
R9188,4.004611424403108,4,64.07378279044973,0.0989159441392082,0.0989159441392082,1.0,0.8666666666666667
R9188,4.004611424403108,4,64.07378279044973,0.0989159441392082,0.31257438347989797,3.16,0.9333333333333333
R9188,4.004611424403108,4,64.07378279044973,0.0989159441392082,0.57,5.762468376158014,0.8666666666666667
R9188,4.004611424403108,4,64.07378279044973,0.1391279701103562,0.013912797011035621,0.1,0.7333333333333333
R9188,4.004611424403108,4,64.07378279044973,0.1391279701103562,0.04452095043531399,0.32,0.8666666666666667
R9188,4.004611424403108,4,64.07378279044973,0.1391279701103562,0.1391279701103562,1.0,0.8666666666666667
R9188,4.004611424403108,4,64.07378279044973,0.1391279701103562,0.43964438554872565,3.16,0.9333333333333333
R9188,4.004611424403108,4,64.07378279044973,0.1391279701103562,0.57,4.096947576737275,0.9333333333333333
R9188,4.004611424403108,4,64.07378279044973,0.19568728009901917,0.01956872800990192,0.10000000000000002,0.7333333333333333
R9188,4.004611424403108,4,64.07378279044973,0.19568728009901917,0.06261992963168614,0.32,0.8666666666666667
R9188,4.004611424403108,4,64.07378279044973,0.19568728009901917,0.19568728009901917,1.0,0.9333333333333333
R9188,4.004611424403108,4,64.07378279044973,0.19568728009901917,0.57,2.912810683001858,0.9333333333333333
R9188,4.004611424403108,4,64.07378279044973,0.19568728009901917,0.6183718051129006,3.16,0.8666666666666667
R9188,4.004611424403108,4,64.07378279044973,0.2752394903927485,0.02752394903927485,0.1,0.8666666666666667
R9188,4.004611424403108,4,64.07378279044973,0.2752394903927485,0.08807663692567952,0.32,0.9333333333333333
R9188,4.004611424403108,4,64.07378279044973,0.2752394903927485,0.2752394903927485,1.0,0.9333333333333333
R9188,4.004611424403108,4,64.07378279044973,0.2752394903927485,0.57,2.070923758747874,0.9333333333333333
R9188,4.004611424403108,4,64.07378279044973,0.2752394903927485,0.8697567896410853,3.16,0.9333333333333333
R9188,4.004611424403108,4,64.07378279044973,0.38713184134056344,0.03871318413405635,0.1,0.9333333333333333
R9188,4.004611424403108,4,64.07378279044973,0.38713184134056344,0.12388218922898031,0.32,0.9333333333333333
R9188,4.004611424403108,4,64.07378279044973,0.38713184134056344,0.38713184134056344,1.0,0.9333333333333333
R9188,4.004611424403108,4,64.07378279044973,0.38713184134056344,0.57,1.472366618116968,1.0
R9188,4.004611424403108,4,64.07378279044973,0.38713184134056344,1.2233366186361805,3.16,0.8666666666666667
R9188,4.004611424403108,4,64.07378279044973,0.5445114811318649,0.05445114811318649,0.1,1.0
R9188,4.004611424403108,4,64.07378279044973,0.5445114811318649,0.17424367396219675,0.32,1.0
R9188,4.004611424403108,4,64.07378279044973,0.5445114811318649,0.5445114811318649,1.0,1.0
R9188,4.004611424403108,4,64.07378279044973,0.5445114811318649,0.57,1.0468098832648167,1.0
R9188,4.004611424403108,4,64.07378279044973,0.5445114811318649,1.7206562803766932,3.16,0.6
R9188,4.004611424403108,4,64.07378279044973,0.7658702318510398,0.07658702318510398,0.1,1.0
R9188,4.004611424403108,4,64.07378279044973,0.7658702318510398,0.24507847419233272,0.32,1.0
R9188,4.004611424403108,4,64.07378279044973,0.7658702318510398,0.57,0.7442514100885746,1.0
R9188,4.004611424403108,4,64.07378279044973,0.7658702318510398,0.7658702318510398,1.0,1.0
R9188,4.004611424403108,4,64.07378279044973,0.7658702318510398,2.4201499326492857,3.16,0.4666666666666667
R9188,4.004611424403108,4,64.07378279044973,1.0772173450159415,0.10772173450159415,0.1,1.0
R9188,4.004611424403108,4,64.07378279044973,1.0772173450159415,0.34470955040510126,0.32,1.0
R9188,4.004611424403108,4,64.07378279044973,1.0772173450159415,0.57,0.5291411270318569,1.0
R9188,4.004611424403108,4,64.07378279044973,1.0772173450159415,1.0772173450159415,1.0,1.0
R9188,4.004611424403108,4,64.07378279044973,1.0772173450159415,3.404006810250375,3.16,0.26666666666666666
R9188,4.004611424403108,4,64.07378279044973,1.515135541433198,0.1515135541433198,0.1,1.0
R9188,4.004611424403108,4,64.07378279044973,1.515135541433198,0.48484337325862337,0.32,1.0
R9188,4.004611424403108,4,64.07378279044973,1.515135541433198,0.57,0.37620396618828256,1.0
R9188,4.004611424403108,4,64.07378279044973,1.515135541433198,1.515135541433198,1.0,0.9333333333333333
R9188,4.004611424403108,4,64.07378279044973,1.515135541433198,4.787828310928906,3.16,0.26666666666666666
R9188,4.004611424403108,4,64.07378279044973,2.1310794145076613,0.21310794145076614,0.1,1.0
R9188,4.004611424403108,4,64.07378279044973,2.1310794145076613,0.57,0.26747008868821803,1.0
R9188,4.004611424403108,4,64.07378279044973,2.1310794145076613,0.6819454126424516,0.32,1.0
R9188,4.004611424403108,4,64.07378279044973,2.1310794145076613,2.1310794145076613,1.0,0.8666666666666667
R9188,4.004611424403108,4,64.07378279044973,2.1310794145076613,6.7342109498442095,3.16,0.26666666666666666
R9188,4.004611424403108,4,64.07378279044973,2.997421251594704,0.2997421251594704,0.1,1.0
R9188,4.004611424403108,4,64.07378279044973,2.997421251594704,0.57,0.19016346124080677,1.0
R9188,4.004611424403108,4,64.07378279044973,2.997421251594704,0.9591748005103052,0.32,1.0
R9188,4.004611424403108,4,64.07378279044973,2.997421251594704,2.997421251594704,1.0,0.6666666666666666
R9188,4.004611424403108,4,64.07378279044973,2.997421251594704,9.471851155039264,3.16,0.2
R9188,4.004611424403108,4,64.07378279044973,4.2159546464331275,0.42159546464331277,0.1,1.0
R9188,4.004611424403108,4,64.07378279044973,4.2159546464331275,0.57,0.13520069540649438,1.0
R9188,4.004611424403108,4,64.07378279044973,4.2159546464331275,1.3491054868586008,0.32,1.0
R9188,4.004611424403108,4,64.07378279044973,4.2159546464331275,4.2159546464331275,1.0,0.7333333333333333
R9188,4.004611424403108,4,64.07378279044973,4.2159546464331275,13.322416682728683,3.16,0.26666666666666666
R9188,4.004611424403108,4,64.07378279044973,5.929855061688346,0.57,0.09612376593867537,1.0
R9188,4.004611424403108,4,64.07378279044973,5.929855061688346,0.5929855061688346,0.1,1.0
R9188,4.004611424403108,4,64.07378279044973,5.929855061688346,1.8975536197402707,0.32,1.0
R9188,4.004611424403108,4,64.07378279044973,5.929855061688346,5.929855061688346,1.0,0.6666666666666666
R9188,4.004611424403108,4,64.07378279044973,5.929855061688346,18.738341994935173,3.16,0.4
R9188,4.004611424403108,4,64.07378279044973,8.340502686000294,0.57,0.06834120453635927,1.0
R9188,4.004611424403108,4,64.07378279044973,8.340502686000294,0.8340502686000294,0.1,1.0
R9188,4.004611424403108,4,64.07378279044973,8.340502686000294,2.668960859520094,0.32,0.9333333333333333
R9188,4.004611424403108,4,64.07378279044973,8.340502686000294,8.340502686000294,1.0,0.4666666666666667
R9188,4.004611424403108,4,64.07378279044973,8.340502686000294,26.35598848776093,3.16,0.6
R9188,4.004611424403108,4,64.07378279044973,11.731144240711311,0.57,0.04858861065077471,1.0
R9188,4.004611424403108,4,64.07378279044973,11.731144240711311,1.173114424071131,0.1,1.0
R9188,4.004611424403108,4,64.07378279044973,11.731144240711311,3.7539661570276195,0.32,0.9333333333333333
R9188,4.004611424403108,4,64.07378279044973,11.731144240711311,11.731144240711311,1.0,0.7333333333333333
R9188,4.004611424403108,4,64.07378279044973,11.731144240711311,32.0,2.7277816505698085,0.6
R9188,4.004611424403108,4,64.07378279044973,16.50017395562641,0.57,0.034545090344676954,1.0
R9188,4.004611424403108,4,64.07378279044973,16.50017395562641,1.650017395562641,0.1,1.0
R9188,4.004611424403108,4,64.07378279044973,16.50017395562641,5.280055665800451,0.32,0.8
R9188,4.004611424403108,4,64.07378279044973,16.50017395562641,16.50017395562641,1.0,0.4
R9188,4.004611424403108,4,64.07378279044973,16.50017395562641,32.0,1.9393734930344957,0.5333333333333333
R9188,4.004611424403108,4,64.07378279044973,23.207944168063882,0.57,0.024560555466363484,1.0
R9188,4.004611424403108,4,64.07378279044973,23.207944168063882,2.3207944168063883,0.1,1.0
R9188,4.004611424403108,4,64.07378279044973,23.207944168063882,7.426542133780442,0.32,1.0
R9188,4.004611424403108,4,64.07378279044973,23.207944168063882,23.207944168063882,1.0,0.5333333333333333
R9188,4.004611424403108,4,64.07378279044973,23.207944168063882,32.0,1.3788382016204064,0.4666666666666667
R9188,4.004611424403108,4,64.07378279044973,32.642605705639234,0.57,0.01746184128620371,1.0
R9188,4.004611424403108,4,64.07378279044973,32.642605705639234,3.2642605705639234,0.1,1.0
R9188,4.004611424403108,4,64.07378279044973,32.642605705639234,10.445633825804554,0.32,1.0
R9188,4.004611424403108,4,64.07378279044973,32.642605705639234,32.0,0.9803138967693311,0.5333333333333333
R9188,4.004611424403108,4,64.07378279044973,45.912714178281405,0.57,0.012414861769806529,1.0
R9188,4.004611424403108,4,64.07378279044973,45.912714178281405,4.591271417828141,0.1,1.0
R9188,4.004611424403108,4,64.07378279044973,45.912714178281405,14.69206853705005,0.32,0.8666666666666667
R9188,4.004611424403108,4,64.07378279044973,45.912714178281405,32.0,0.6969746958487876,0.8
R9188,4.004611424403108,4,64.07378279044973,64.57748325074412,0.57,0.008826605982564857,1.0
R9188,4.004611424403108,4,64.07378279044973,64.57748325074412,6.457748325074412,0.1,1.0
R9188,4.004611424403108,4,64.07378279044973,64.57748325074412,20.66479464023812,0.32,0.9333333333333333
R9188,4.004611424403108,4,64.07378279044973,64.57748325074412,32.0,0.49552875691592185,0.6
R9188,4.004611424403108,4,64.07378279044973,90.82998941876633,0.57,0.00627546038095467,1.0
R9188,4.004611424403108,4,64.07378279044973,90.82998941876633,9.082998941876633,0.1,1.0
R9188,4.004611424403108,4,64.07378279044973,90.82998941876633,29.065596614005226,0.32,0.8666666666666667
R9188,4.004611424403108,4,64.07378279044973,90.82998941876633,32.0,0.3523065477027183,0.8666666666666667
R9188,4.004611424403108,4,64.07378279044973,127.75485451762533,0.57,0.004461669986257638,0.6666666666666666
R9188,4.004611424403108,4,64.07378279044973,127.75485451762533,12.775485451762535,0.1,1.0
R9188,4.004611424403108,4,64.07378279044973,127.75485451762533,32.0,0.2504797185267446,0.9333333333333333
R9188,4.004611424403108,4,64.07378279044973,179.69068319023125,0.57,0.0031721177185161237,0.26666666666666666
R9188,4.004611424403108,4,64.07378279044973,179.69068319023125,17.969068319023126,0.1,1.0
R9188,4.004611424403108,4,64.07378279044973,179.69068319023125,32.0,0.17808380174125607,0.9333333333333333
R9188,4.004611424403108,4,64.07378279044973,252.73984105956174,0.57,0.0022552835263739495,0.0
R9188,4.004611424403108,4,64.07378279044973,252.73984105956174,25.273984105956174,0.1,1.0
R9188,4.004611424403108,4,64.07378279044973,252.73984105956174,32.0,0.12661240849818667,1.0
R9188,4.004611424403108,4,64.07378279044973,355.4854716156215,0.57,0.001603441055999971,0.0
R9188,4.004611424403108,4,64.07378279044973,355.4854716156215,32.0,0.09001774349473524,1.0
R9188,4.004611424403108,4,64.07378279044973,500.0,0.57,0.00114,0.0
R9188,4.004611424403108,4,64.07378279044973,500.0,32.0,0.064,0.9333333333333333
R1074,3.998661203472126,6,143.95180332499655,0.05,0.01,0.19999999999999998,0.8666666666666667
R1074,3.998661203472126,6,143.95180332499655,0.05,0.016,0.32,0.8666666666666667
R1074,3.998661203472126,6,143.95180332499655,0.05,0.05,1.0,0.8666666666666667
R1074,3.998661203472126,6,143.95180332499655,0.05,0.15800000000000003,3.1600000000000006,0.9333333333333333
R1074,3.998661203472126,6,143.95180332499655,0.05,0.57,11.399999999999999,0.9333333333333333
R1074,3.998661203472126,6,143.95180332499655,0.07032636210526184,0.01,0.14219418864624872,0.8666666666666667
R1074,3.998661203472126,6,143.95180332499655,0.07032636210526184,0.02250443587368379,0.32,0.8666666666666667
R1074,3.998661203472126,6,143.95180332499655,0.07032636210526184,0.07032636210526184,1.0,0.8666666666666667
R1074,3.998661203472126,6,143.95180332499655,0.07032636210526184,0.22223130425262744,3.16,0.9333333333333333
R1074,3.998661203472126,6,143.95180332499655,0.07032636210526184,0.57,8.105068752836177,0.9333333333333333
R1074,3.998661203472126,6,143.95180332499655,0.0989159441392082,0.01,0.10109593642382482,0.8666666666666667
R1074,3.998661203472126,6,143.95180332499655,0.0989159441392082,0.031653102124546625,0.32,0.8666666666666667
R1074,3.998661203472126,6,143.95180332499655,0.0989159441392082,0.0989159441392082,1.0,0.9333333333333333
R1074,3.998661203472126,6,143.95180332499655,0.0989159441392082,0.31257438347989797,3.16,0.9333333333333333
R1074,3.998661203472126,6,143.95180332499655,0.0989159441392082,0.57,5.762468376158014,0.9333333333333333
R1074,3.998661203472126,6,143.95180332499655,0.1391279701103562,0.013912797011035621,0.1,0.8666666666666667
R1074,3.998661203472126,6,143.95180332499655,0.1391279701103562,0.04452095043531399,0.32,0.8666666666666667
R1074,3.998661203472126,6,143.95180332499655,0.1391279701103562,0.1391279701103562,1.0,0.9333333333333333
R1074,3.998661203472126,6,143.95180332499655,0.1391279701103562,0.43964438554872565,3.16,0.9333333333333333
R1074,3.998661203472126,6,143.95180332499655,0.1391279701103562,0.57,4.096947576737275,0.9333333333333333
R1074,3.998661203472126,6,143.95180332499655,0.19568728009901917,0.01956872800990192,0.10000000000000002,0.8666666666666667
R1074,3.998661203472126,6,143.95180332499655,0.19568728009901917,0.06261992963168614,0.32,0.8666666666666667
R1074,3.998661203472126,6,143.95180332499655,0.19568728009901917,0.19568728009901917,1.0,0.9333333333333333
R1074,3.998661203472126,6,143.95180332499655,0.19568728009901917,0.57,2.912810683001858,0.9333333333333333
R1074,3.998661203472126,6,143.95180332499655,0.19568728009901917,0.6183718051129006,3.16,1.0
R1074,3.998661203472126,6,143.95180332499655,0.2752394903927485,0.02752394903927485,0.1,0.8666666666666667
R1074,3.998661203472126,6,143.95180332499655,0.2752394903927485,0.08807663692567952,0.32,0.9333333333333333
R1074,3.998661203472126,6,143.95180332499655,0.2752394903927485,0.2752394903927485,1.0,1.0
R1074,3.998661203472126,6,143.95180332499655,0.2752394903927485,0.57,2.070923758747874,1.0
R1074,3.998661203472126,6,143.95180332499655,0.2752394903927485,0.8697567896410853,3.16,0.8666666666666667
R1074,3.998661203472126,6,143.95180332499655,0.38713184134056344,0.03871318413405635,0.1,0.9333333333333333
R1074,3.998661203472126,6,143.95180332499655,0.38713184134056344,0.12388218922898031,0.32,1.0
R1074,3.998661203472126,6,143.95180332499655,0.38713184134056344,0.38713184134056344,1.0,1.0
R1074,3.998661203472126,6,143.95180332499655,0.38713184134056344,0.57,1.472366618116968,1.0
R1074,3.998661203472126,6,143.95180332499655,0.38713184134056344,1.2233366186361805,3.16,0.6
R1074,3.998661203472126,6,143.95180332499655,0.5445114811318649,0.05445114811318649,0.1,1.0
R1074,3.998661203472126,6,143.95180332499655,0.5445114811318649,0.17424367396219675,0.32,1.0
R1074,3.998661203472126,6,143.95180332499655,0.5445114811318649,0.5445114811318649,1.0,1.0
R1074,3.998661203472126,6,143.95180332499655,0.5445114811318649,0.57,1.0468098832648167,1.0
R1074,3.998661203472126,6,143.95180332499655,0.5445114811318649,1.7206562803766932,3.16,0.6
R1074,3.998661203472126,6,143.95180332499655,0.7658702318510398,0.07658702318510398,0.1,1.0
R1074,3.998661203472126,6,143.95180332499655,0.7658702318510398,0.24507847419233272,0.32,1.0
R1074,3.998661203472126,6,143.95180332499655,0.7658702318510398,0.57,0.7442514100885746,1.0
R1074,3.998661203472126,6,143.95180332499655,0.7658702318510398,0.7658702318510398,1.0,1.0
R1074,3.998661203472126,6,143.95180332499655,0.7658702318510398,2.4201499326492857,3.16,0.6666666666666666
R1074,3.998661203472126,6,143.95180332499655,1.0772173450159415,0.10772173450159415,0.1,1.0
R1074,3.998661203472126,6,143.95180332499655,1.0772173450159415,0.34470955040510126,0.32,1.0
R1074,3.998661203472126,6,143.95180332499655,1.0772173450159415,0.57,0.5291411270318569,1.0
R1074,3.998661203472126,6,143.95180332499655,1.0772173450159415,1.0772173450159415,1.0,0.9333333333333333
R1074,3.998661203472126,6,143.95180332499655,1.0772173450159415,3.404006810250375,3.16,0.6666666666666666
R1074,3.998661203472126,6,143.95180332499655,1.515135541433198,0.1515135541433198,0.1,1.0
R1074,3.998661203472126,6,143.95180332499655,1.515135541433198,0.48484337325862337,0.32,1.0
R1074,3.998661203472126,6,143.95180332499655,1.515135541433198,0.57,0.37620396618828256,1.0
R1074,3.998661203472126,6,143.95180332499655,1.515135541433198,1.515135541433198,1.0,0.8
R1074,3.998661203472126,6,143.95180332499655,1.515135541433198,4.787828310928906,3.16,0.6
R1074,3.998661203472126,6,143.95180332499655,2.1310794145076613,0.21310794145076614,0.1,1.0
R1074,3.998661203472126,6,143.95180332499655,2.1310794145076613,0.57,0.26747008868821803,1.0
R1074,3.998661203472126,6,143.95180332499655,2.1310794145076613,0.6819454126424516,0.32,1.0
R1074,3.998661203472126,6,143.95180332499655,2.1310794145076613,2.1310794145076613,1.0,0.8
R1074,3.998661203472126,6,143.95180332499655,2.1310794145076613,6.7342109498442095,3.16,0.4
R1074,3.998661203472126,6,143.95180332499655,2.997421251594704,0.2997421251594704,0.1,1.0
R1074,3.998661203472126,6,143.95180332499655,2.997421251594704,0.57,0.19016346124080677,1.0
R1074,3.998661203472126,6,143.95180332499655,2.997421251594704,0.9591748005103052,0.32,1.0
R1074,3.998661203472126,6,143.95180332499655,2.997421251594704,2.997421251594704,1.0,0.8666666666666667
R1074,3.998661203472126,6,143.95180332499655,2.997421251594704,9.471851155039264,3.16,0.6666666666666666
R1074,3.998661203472126,6,143.95180332499655,4.2159546464331275,0.42159546464331277,0.1,1.0
R1074,3.998661203472126,6,143.95180332499655,4.2159546464331275,0.57,0.13520069540649438,1.0
R1074,3.998661203472126,6,143.95180332499655,4.2159546464331275,1.3491054868586008,0.32,1.0
R1074,3.998661203472126,6,143.95180332499655,4.2159546464331275,4.2159546464331275,1.0,0.7333333333333333
R1074,3.998661203472126,6,143.95180332499655,4.2159546464331275,13.322416682728683,3.16,0.5333333333333333
R1074,3.998661203472126,6,143.95180332499655,5.929855061688346,0.57,0.09612376593867537,1.0
R1074,3.998661203472126,6,143.95180332499655,5.929855061688346,0.5929855061688346,0.1,1.0
R1074,3.998661203472126,6,143.95180332499655,5.929855061688346,1.8975536197402707,0.32,1.0
R1074,3.998661203472126,6,143.95180332499655,5.929855061688346,5.929855061688346,1.0,0.8
R1074,3.998661203472126,6,143.95180332499655,5.929855061688346,18.738341994935173,3.16,0.7333333333333333
R1074,3.998661203472126,6,143.95180332499655,8.340502686000294,0.57,0.06834120453635927,1.0
R1074,3.998661203472126,6,143.95180332499655,8.340502686000294,0.8340502686000294,0.1,1.0
R1074,3.998661203472126,6,143.95180332499655,8.340502686000294,2.668960859520094,0.32,0.9333333333333333
R1074,3.998661203472126,6,143.95180332499655,8.340502686000294,8.340502686000294,1.0,0.5333333333333333
R1074,3.998661203472126,6,143.95180332499655,8.340502686000294,26.35598848776093,3.16,0.8
R1074,3.998661203472126,6,143.95180332499655,11.731144240711311,0.57,0.04858861065077471,1.0
R1074,3.998661203472126,6,143.95180332499655,11.731144240711311,1.173114424071131,0.1,1.0
R1074,3.998661203472126,6,143.95180332499655,11.731144240711311,3.7539661570276195,0.32,0.9333333333333333
R1074,3.998661203472126,6,143.95180332499655,11.731144240711311,11.731144240711311,1.0,0.6
R1074,3.998661203472126,6,143.95180332499655,11.731144240711311,32.0,2.7277816505698085,0.6666666666666666
R1074,3.998661203472126,6,143.95180332499655,16.50017395562641,0.57,0.034545090344676954,1.0
R1074,3.998661203472126,6,143.95180332499655,16.50017395562641,1.650017395562641,0.1,1.0
R1074,3.998661203472126,6,143.95180332499655,16.50017395562641,5.280055665800451,0.32,0.9333333333333333
R1074,3.998661203472126,6,143.95180332499655,16.50017395562641,16.50017395562641,1.0,0.7333333333333333
R1074,3.998661203472126,6,143.95180332499655,16.50017395562641,32.0,1.9393734930344957,0.5333333333333333
R1074,3.998661203472126,6,143.95180332499655,23.207944168063882,0.57,0.024560555466363484,1.0
R1074,3.998661203472126,6,143.95180332499655,23.207944168063882,2.3207944168063883,0.1,1.0
R1074,3.998661203472126,6,143.95180332499655,23.207944168063882,7.426542133780442,0.32,0.9333333333333333
R1074,3.998661203472126,6,143.95180332499655,23.207944168063882,23.207944168063882,1.0,0.7333333333333333
R1074,3.998661203472126,6,143.95180332499655,23.207944168063882,32.0,1.3788382016204064,0.6
R1074,3.998661203472126,6,143.95180332499655,32.642605705639234,0.57,0.01746184128620371,1.0
R1074,3.998661203472126,6,143.95180332499655,32.642605705639234,3.2642605705639234,0.1,1.0
R1074,3.998661203472126,6,143.95180332499655,32.642605705639234,10.445633825804554,0.32,0.9333333333333333
R1074,3.998661203472126,6,143.95180332499655,32.642605705639234,32.0,0.9803138967693311,0.6
R1074,3.998661203472126,6,143.95180332499655,45.912714178281405,0.57,0.012414861769806529,1.0
R1074,3.998661203472126,6,143.95180332499655,45.912714178281405,4.591271417828141,0.1,1.0
R1074,3.998661203472126,6,143.95180332499655,45.912714178281405,14.69206853705005,0.32,1.0
R1074,3.998661203472126,6,143.95180332499655,45.912714178281405,32.0,0.6969746958487876,0.6666666666666666
R1074,3.998661203472126,6,143.95180332499655,64.57748325074412,0.57,0.008826605982564857,1.0
R1074,3.998661203472126,6,143.95180332499655,64.57748325074412,6.457748325074412,0.1,1.0
R1074,3.998661203472126,6,143.95180332499655,64.57748325074412,20.66479464023812,0.32,0.9333333333333333
R1074,3.998661203472126,6,143.95180332499655,64.57748325074412,32.0,0.49552875691592185,0.8666666666666667
R1074,3.998661203472126,6,143.95180332499655,90.82998941876633,0.57,0.00627546038095467,0.9333333333333333
R1074,3.998661203472126,6,143.95180332499655,90.82998941876633,9.082998941876633,0.1,1.0
R1074,3.998661203472126,6,143.95180332499655,90.82998941876633,29.065596614005226,0.32,0.8666666666666667
R1074,3.998661203472126,6,143.95180332499655,90.82998941876633,32.0,0.3523065477027183,0.9333333333333333
R1074,3.998661203472126,6,143.95180332499655,127.75485451762533,0.57,0.004461669986257638,0.6
R1074,3.998661203472126,6,143.95180332499655,127.75485451762533,12.775485451762535,0.1,0.9333333333333333
R1074,3.998661203472126,6,143.95180332499655,127.75485451762533,32.0,0.2504797185267446,0.9333333333333333
R1074,3.998661203472126,6,143.95180332499655,179.69068319023125,0.57,0.0031721177185161237,0.4666666666666667
R1074,3.998661203472126,6,143.95180332499655,179.69068319023125,17.969068319023126,0.1,1.0
R1074,3.998661203472126,6,143.95180332499655,179.69068319023125,32.0,0.17808380174125607,1.0
R1074,3.998661203472126,6,143.95180332499655,252.73984105956174,0.57,0.0022552835263739495,0.06666666666666667
R1074,3.998661203472126,6,143.95180332499655,252.73984105956174,25.273984105956174,0.1,1.0
R1074,3.998661203472126,6,143.95180332499655,252.73984105956174,32.0,0.12661240849818667,1.0
R1074,3.998661203472126,6,143.95180332499655,355.4854716156215,0.57,0.001603441055999971,0.0
R1074,3.998661203472126,6,143.95180332499655,355.4854716156215,32.0,0.09001774349473524,1.0
R1074,3.998661203472126,6,143.95180332499655,500.0,0.57,0.00114,0.0
R1074,3.998661203472126,6,143.95180332499655,500.0,32.0,0.064,1.0
R9975,8.044429597868524,1,8.044429597868524,0.05,0.01,0.19999999999999998,0.0
R9975,8.044429597868524,1,8.044429597868524,0.05,0.016,0.32,0.0
R9975,8.044429597868524,1,8.044429597868524,0.05,0.05,1.0,0.13333333333333333
R9975,8.044429597868524,1,8.044429597868524,0.05,0.15800000000000003,3.1600000000000006,0.2
R9975,8.044429597868524,1,8.044429597868524,0.05,0.57,11.399999999999999,0.5333333333333333
R9975,8.044429597868524,1,8.044429597868524,0.07032636210526184,0.01,0.14219418864624872,0.0
R9975,8.044429597868524,1,8.044429597868524,0.07032636210526184,0.02250443587368379,0.32,0.0
R9975,8.044429597868524,1,8.044429597868524,0.07032636210526184,0.07032636210526184,1.0,0.2
R9975,8.044429597868524,1,8.044429597868524,0.07032636210526184,0.22223130425262744,3.16,0.2
R9975,8.044429597868524,1,8.044429597868524,0.07032636210526184,0.57,8.105068752836177,0.5333333333333333
R9975,8.044429597868524,1,8.044429597868524,0.0989159441392082,0.01,0.10109593642382482,0.0
R9975,8.044429597868524,1,8.044429597868524,0.0989159441392082,0.031653102124546625,0.32,0.0
R9975,8.044429597868524,1,8.044429597868524,0.0989159441392082,0.0989159441392082,1.0,0.2
R9975,8.044429597868524,1,8.044429597868524,0.0989159441392082,0.31257438347989797,3.16,0.3333333333333333
R9975,8.044429597868524,1,8.044429597868524,0.0989159441392082,0.57,5.762468376158014,0.5333333333333333
R9975,8.044429597868524,1,8.044429597868524,0.1391279701103562,0.013912797011035621,0.1,0.0
R9975,8.044429597868524,1,8.044429597868524,0.1391279701103562,0.04452095043531399,0.32,0.2
R9975,8.044429597868524,1,8.044429597868524,0.1391279701103562,0.1391279701103562,1.0,0.2
R9975,8.044429597868524,1,8.044429597868524,0.1391279701103562,0.43964438554872565,3.16,0.4666666666666667
R9975,8.044429597868524,1,8.044429597868524,0.1391279701103562,0.57,4.096947576737275,0.5333333333333333
R9975,8.044429597868524,1,8.044429597868524,0.19568728009901917,0.01956872800990192,0.10000000000000002,0.06666666666666667
R9975,8.044429597868524,1,8.044429597868524,0.19568728009901917,0.06261992963168614,0.32,0.13333333333333333
R9975,8.044429597868524,1,8.044429597868524,0.19568728009901917,0.19568728009901917,1.0,0.4666666666666667
R9975,8.044429597868524,1,8.044429597868524,0.19568728009901917,0.57,2.912810683001858,0.5333333333333333
R9975,8.044429597868524,1,8.044429597868524,0.19568728009901917,0.6183718051129006,3.16,0.6
R9975,8.044429597868524,1,8.044429597868524,0.2752394903927485,0.02752394903927485,0.1,0.06666666666666667
R9975,8.044429597868524,1,8.044429597868524,0.2752394903927485,0.08807663692567952,0.32,0.26666666666666666
R9975,8.044429597868524,1,8.044429597868524,0.2752394903927485,0.2752394903927485,1.0,0.4666666666666667
R9975,8.044429597868524,1,8.044429597868524,0.2752394903927485,0.57,2.070923758747874,0.5333333333333333
R9975,8.044429597868524,1,8.044429597868524,0.2752394903927485,0.8697567896410853,3.16,0.6666666666666666
R9975,8.044429597868524,1,8.044429597868524,0.38713184134056344,0.03871318413405635,0.1,0.13333333333333333
R9975,8.044429597868524,1,8.044429597868524,0.38713184134056344,0.12388218922898031,0.32,0.26666666666666666
R9975,8.044429597868524,1,8.044429597868524,0.38713184134056344,0.38713184134056344,1.0,0.6666666666666666
R9975,8.044429597868524,1,8.044429597868524,0.38713184134056344,0.57,1.472366618116968,0.6
R9975,8.044429597868524,1,8.044429597868524,0.38713184134056344,1.2233366186361805,3.16,0.5333333333333333
R9975,8.044429597868524,1,8.044429597868524,0.5445114811318649,0.05445114811318649,0.1,0.2
R9975,8.044429597868524,1,8.044429597868524,0.5445114811318649,0.17424367396219675,0.32,0.4
R9975,8.044429597868524,1,8.044429597868524,0.5445114811318649,0.5445114811318649,1.0,0.8
R9975,8.044429597868524,1,8.044429597868524,0.5445114811318649,0.57,1.0468098832648167,0.8
R9975,8.044429597868524,1,8.044429597868524,0.5445114811318649,1.7206562803766932,3.16,0.4
R9975,8.044429597868524,1,8.044429597868524,0.7658702318510398,0.07658702318510398,0.1,0.4
R9975,8.044429597868524,1,8.044429597868524,0.7658702318510398,0.24507847419233272,0.32,0.6
R9975,8.044429597868524,1,8.044429597868524,0.7658702318510398,0.57,0.7442514100885746,0.9333333333333333
R9975,8.044429597868524,1,8.044429597868524,0.7658702318510398,0.7658702318510398,1.0,0.8666666666666667
R9975,8.044429597868524,1,8.044429597868524,0.7658702318510398,2.4201499326492857,3.16,0.4666666666666667
R9975,8.044429597868524,1,8.044429597868524,1.0772173450159415,0.10772173450159415,0.1,0.7333333333333333
R9975,8.044429597868524,1,8.044429597868524,1.0772173450159415,0.34470955040510126,0.32,0.8
R9975,8.044429597868524,1,8.044429597868524,1.0772173450159415,0.57,0.5291411270318569,0.9333333333333333
R9975,8.044429597868524,1,8.044429597868524,1.0772173450159415,1.0772173450159415,1.0,0.6666666666666666
R9975,8.044429597868524,1,8.044429597868524,1.0772173450159415,3.404006810250375,3.16,0.3333333333333333
R9975,8.044429597868524,1,8.044429597868524,1.515135541433198,0.1515135541433198,0.1,0.8
R9975,8.044429597868524,1,8.044429597868524,1.515135541433198,0.48484337325862337,0.32,1.0
R9975,8.044429597868524,1,8.044429597868524,1.515135541433198,0.57,0.37620396618828256,1.0
R9975,8.044429597868524,1,8.044429597868524,1.515135541433198,1.515135541433198,1.0,0.6666666666666666
R9975,8.044429597868524,1,8.044429597868524,1.515135541433198,4.787828310928906,3.16,0.2
R9975,8.044429597868524,1,8.044429597868524,2.1310794145076613,0.21310794145076614,0.1,0.9333333333333333
R9975,8.044429597868524,1,8.044429597868524,2.1310794145076613,0.57,0.26747008868821803,1.0
R9975,8.044429597868524,1,8.044429597868524,2.1310794145076613,0.6819454126424516,0.32,1.0
R9975,8.044429597868524,1,8.044429597868524,2.1310794145076613,2.1310794145076613,1.0,0.6
R9975,8.044429597868524,1,8.044429597868524,2.1310794145076613,6.7342109498442095,3.16,0.3333333333333333
R9975,8.044429597868524,1,8.044429597868524,2.997421251594704,0.2997421251594704,0.1,0.9333333333333333
R9975,8.044429597868524,1,8.044429597868524,2.997421251594704,0.57,0.19016346124080677,1.0
R9975,8.044429597868524,1,8.044429597868524,2.997421251594704,0.9591748005103052,0.32,0.9333333333333333
R9975,8.044429597868524,1,8.044429597868524,2.997421251594704,2.997421251594704,1.0,0.4666666666666667
R9975,8.044429597868524,1,8.044429597868524,2.997421251594704,9.471851155039264,3.16,0.0
R9975,8.044429597868524,1,8.044429597868524,4.2159546464331275,0.42159546464331277,0.1,1.0
R9975,8.044429597868524,1,8.044429597868524,4.2159546464331275,0.57,0.13520069540649438,1.0
R9975,8.044429597868524,1,8.044429597868524,4.2159546464331275,1.3491054868586008,0.32,0.9333333333333333
R9975,8.044429597868524,1,8.044429597868524,4.2159546464331275,4.2159546464331275,1.0,0.4666666666666667
R9975,8.044429597868524,1,8.044429597868524,4.2159546464331275,13.322416682728683,3.16,0.4
R9975,8.044429597868524,1,8.044429597868524,5.929855061688346,0.57,0.09612376593867537,1.0
R9975,8.044429597868524,1,8.044429597868524,5.929855061688346,0.5929855061688346,0.1,1.0
R9975,8.044429597868524,1,8.044429597868524,5.929855061688346,1.8975536197402707,0.32,0.8666666666666667
R9975,8.044429597868524,1,8.044429597868524,5.929855061688346,5.929855061688346,1.0,0.6
R9975,8.044429597868524,1,8.044429597868524,5.929855061688346,18.738341994935173,3.16,0.13333333333333333
R9975,8.044429597868524,1,8.044429597868524,8.340502686000294,0.57,0.06834120453635927,1.0
R9975,8.044429597868524,1,8.044429597868524,8.340502686000294,0.8340502686000294,0.1,1.0
R9975,8.044429597868524,1,8.044429597868524,8.340502686000294,2.668960859520094,0.32,0.8
R9975,8.044429597868524,1,8.044429597868524,8.340502686000294,8.340502686000294,1.0,0.4
R9975,8.044429597868524,1,8.044429597868524,8.340502686000294,26.35598848776093,3.16,0.26666666666666666
R9975,8.044429597868524,1,8.044429597868524,11.731144240711311,0.57,0.04858861065077471,1.0
R9975,8.044429597868524,1,8.044429597868524,11.731144240711311,1.173114424071131,0.1,1.0
R9975,8.044429597868524,1,8.044429597868524,11.731144240711311,3.7539661570276195,0.32,0.8
R9975,8.044429597868524,1,8.044429597868524,11.731144240711311,11.731144240711311,1.0,0.5333333333333333
R9975,8.044429597868524,1,8.044429597868524,11.731144240711311,32.0,2.7277816505698085,0.2
R9975,8.044429597868524,1,8.044429597868524,16.50017395562641,0.57,0.034545090344676954,1.0
R9975,8.044429597868524,1,8.044429597868524,16.50017395562641,1.650017395562641,0.1,1.0
R9975,8.044429597868524,1,8.044429597868524,16.50017395562641,5.280055665800451,0.32,0.9333333333333333
R9975,8.044429597868524,1,8.044429597868524,16.50017395562641,16.50017395562641,1.0,0.6666666666666666
R9975,8.044429597868524,1,8.044429597868524,16.50017395562641,32.0,1.9393734930344957,0.4
R9975,8.044429597868524,1,8.044429597868524,23.207944168063882,0.57,0.024560555466363484,1.0
R9975,8.044429597868524,1,8.044429597868524,23.207944168063882,2.3207944168063883,0.1,1.0
R9975,8.044429597868524,1,8.044429597868524,23.207944168063882,7.426542133780442,0.32,0.8666666666666667
R9975,8.044429597868524,1,8.044429597868524,23.207944168063882,23.207944168063882,1.0,0.3333333333333333
R9975,8.044429597868524,1,8.044429597868524,23.207944168063882,32.0,1.3788382016204064,0.4666666666666667
R9975,8.044429597868524,1,8.044429597868524,32.642605705639234,0.57,0.01746184128620371,1.0
R9975,8.044429597868524,1,8.044429597868524,32.642605705639234,3.2642605705639234,0.1,1.0
R9975,8.044429597868524,1,8.044429597868524,32.642605705639234,10.445633825804554,0.32,0.7333333333333333
R9975,8.044429597868524,1,8.044429597868524,32.642605705639234,32.0,0.9803138967693311,0.6
R9975,8.044429597868524,1,8.044429597868524,45.912714178281405,0.57,0.012414861769806529,1.0
R9975,8.044429597868524,1,8.044429597868524,45.912714178281405,4.591271417828141,0.1,1.0
R9975,8.044429597868524,1,8.044429597868524,45.912714178281405,14.69206853705005,0.32,0.6
R9975,8.044429597868524,1,8.044429597868524,45.912714178281405,32.0,0.6969746958487876,0.6
R9975,8.044429597868524,1,8.044429597868524,64.57748325074412,0.57,0.008826605982564857,1.0
R9975,8.044429597868524,1,8.044429597868524,64.57748325074412,6.457748325074412,0.1,1.0
R9975,8.044429597868524,1,8.044429597868524,64.57748325074412,20.66479464023812,0.32,0.7333333333333333
R9975,8.044429597868524,1,8.044429597868524,64.57748325074412,32.0,0.49552875691592185,0.6
R9975,8.044429597868524,1,8.044429597868524,90.82998941876633,0.57,0.00627546038095467,1.0
R9975,8.044429597868524,1,8.044429597868524,90.82998941876633,9.082998941876633,0.1,0.9333333333333333
R9975,8.044429597868524,1,8.044429597868524,90.82998941876633,29.065596614005226,0.32,0.7333333333333333
R9975,8.044429597868524,1,8.044429597868524,90.82998941876633,32.0,0.3523065477027183,0.8666666666666667
R9975,8.044429597868524,1,8.044429597868524,127.75485451762533,0.57,0.004461669986257638,1.0
R9975,8.044429597868524,1,8.044429597868524,127.75485451762533,12.775485451762535,0.1,0.8666666666666667
R9975,8.044429597868524,1,8.044429597868524,127.75485451762533,32.0,0.2504797185267446,0.7333333333333333
R9975,8.044429597868524,1,8.044429597868524,179.69068319023125,0.57,0.0031721177185161237,1.0
R9975,8.044429597868524,1,8.044429597868524,179.69068319023125,17.969068319023126,0.1,0.8666666666666667
R9975,8.044429597868524,1,8.044429597868524,179.69068319023125,32.0,0.17808380174125607,1.0
R9975,8.044429597868524,1,8.044429597868524,252.73984105956174,0.57,0.0022552835263739495,0.6666666666666666
R9975,8.044429597868524,1,8.044429597868524,252.73984105956174,25.273984105956174,0.1,0.9333333333333333
R9975,8.044429597868524,1,8.044429597868524,252.73984105956174,32.0,0.12661240849818667,0.8
R9975,8.044429597868524,1,8.044429597868524,355.4854716156215,0.57,0.001603441055999971,0.2
R9975,8.044429597868524,1,8.044429597868524,355.4854716156215,32.0,0.09001774349473524,0.9333333333333333
R9975,8.044429597868524,1,8.044429597868524,500.0,0.57,0.00114,0.06666666666666667
R9975,8.044429597868524,1,8.044429597868524,500.0,32.0,0.064,1.0
R7140,8.01150387487206,2,32.04601549948824,0.05,0.01,0.19999999999999998,0.06666666666666667
R7140,8.01150387487206,2,32.04601549948824,0.05,0.016,0.32,0.06666666666666667
R7140,8.01150387487206,2,32.04601549948824,0.05,0.05,1.0,0.06666666666666667
R7140,8.01150387487206,2,32.04601549948824,0.05,0.15800000000000003,3.1600000000000006,0.5333333333333333
R7140,8.01150387487206,2,32.04601549948824,0.05,0.57,11.399999999999999,0.3333333333333333
R7140,8.01150387487206,2,32.04601549948824,0.07032636210526184,0.01,0.14219418864624872,0.06666666666666667
R7140,8.01150387487206,2,32.04601549948824,0.07032636210526184,0.02250443587368379,0.32,0.06666666666666667
R7140,8.01150387487206,2,32.04601549948824,0.07032636210526184,0.07032636210526184,1.0,0.06666666666666667
R7140,8.01150387487206,2,32.04601549948824,0.07032636210526184,0.22223130425262744,3.16,0.5333333333333333
R7140,8.01150387487206,2,32.04601549948824,0.07032636210526184,0.57,8.105068752836177,0.4666666666666667
R7140,8.01150387487206,2,32.04601549948824,0.0989159441392082,0.01,0.10109593642382482,0.06666666666666667
R7140,8.01150387487206,2,32.04601549948824,0.0989159441392082,0.031653102124546625,0.32,0.06666666666666667
R7140,8.01150387487206,2,32.04601549948824,0.0989159441392082,0.0989159441392082,1.0,0.13333333333333333
R7140,8.01150387487206,2,32.04601549948824,0.0989159441392082,0.31257438347989797,3.16,0.8666666666666667
R7140,8.01150387487206,2,32.04601549948824,0.0989159441392082,0.57,5.762468376158014,0.5333333333333333
R7140,8.01150387487206,2,32.04601549948824,0.1391279701103562,0.013912797011035621,0.1,0.06666666666666667
R7140,8.01150387487206,2,32.04601549948824,0.1391279701103562,0.04452095043531399,0.32,0.06666666666666667
R7140,8.01150387487206,2,32.04601549948824,0.1391279701103562,0.1391279701103562,1.0,0.5333333333333333
R7140,8.01150387487206,2,32.04601549948824,0.1391279701103562,0.43964438554872565,3.16,0.8
R7140,8.01150387487206,2,32.04601549948824,0.1391279701103562,0.57,4.096947576737275,0.6666666666666666
R7140,8.01150387487206,2,32.04601549948824,0.19568728009901917,0.01956872800990192,0.10000000000000002,0.06666666666666667
R7140,8.01150387487206,2,32.04601549948824,0.19568728009901917,0.06261992963168614,0.32,0.06666666666666667
R7140,8.01150387487206,2,32.04601549948824,0.19568728009901917,0.19568728009901917,1.0,0.6
R7140,8.01150387487206,2,32.04601549948824,0.19568728009901917,0.57,2.912810683001858,0.8
R7140,8.01150387487206,2,32.04601549948824,0.19568728009901917,0.6183718051129006,3.16,0.5333333333333333
R7140,8.01150387487206,2,32.04601549948824,0.2752394903927485,0.02752394903927485,0.1,0.06666666666666667
R7140,8.01150387487206,2,32.04601549948824,0.2752394903927485,0.08807663692567952,0.32,0.13333333333333333
R7140,8.01150387487206,2,32.04601549948824,0.2752394903927485,0.2752394903927485,1.0,0.9333333333333333
R7140,8.01150387487206,2,32.04601549948824,0.2752394903927485,0.57,2.070923758747874,0.8666666666666667
R7140,8.01150387487206,2,32.04601549948824,0.2752394903927485,0.8697567896410853,3.16,0.6666666666666666
R7140,8.01150387487206,2,32.04601549948824,0.38713184134056344,0.03871318413405635,0.1,0.06666666666666667
R7140,8.01150387487206,2,32.04601549948824,0.38713184134056344,0.12388218922898031,0.32,0.6
R7140,8.01150387487206,2,32.04601549948824,0.38713184134056344,0.38713184134056344,1.0,0.9333333333333333
R7140,8.01150387487206,2,32.04601549948824,0.38713184134056344,0.57,1.472366618116968,1.0
R7140,8.01150387487206,2,32.04601549948824,0.38713184134056344,1.2233366186361805,3.16,0.4666666666666667
R7140,8.01150387487206,2,32.04601549948824,0.5445114811318649,0.05445114811318649,0.1,0.13333333333333333
R7140,8.01150387487206,2,32.04601549948824,0.5445114811318649,0.17424367396219675,0.32,1.0
R7140,8.01150387487206,2,32.04601549948824,0.5445114811318649,0.5445114811318649,1.0,1.0
R7140,8.01150387487206,2,32.04601549948824,0.5445114811318649,0.57,1.0468098832648167,1.0
R7140,8.01150387487206,2,32.04601549948824,0.5445114811318649,1.7206562803766932,3.16,0.26666666666666666
R7140,8.01150387487206,2,32.04601549948824,0.7658702318510398,0.07658702318510398,0.1,0.6
R7140,8.01150387487206,2,32.04601549948824,0.7658702318510398,0.24507847419233272,0.32,1.0
R7140,8.01150387487206,2,32.04601549948824,0.7658702318510398,0.57,0.7442514100885746,1.0
R7140,8.01150387487206,2,32.04601549948824,0.7658702318510398,0.7658702318510398,1.0,0.8666666666666667
R7140,8.01150387487206,2,32.04601549948824,0.7658702318510398,2.4201499326492857,3.16,0.4
R7140,8.01150387487206,2,32.04601549948824,1.0772173450159415,0.10772173450159415,0.1,0.7333333333333333
R7140,8.01150387487206,2,32.04601549948824,1.0772173450159415,0.34470955040510126,0.32,1.0
R7140,8.01150387487206,2,32.04601549948824,1.0772173450159415,0.57,0.5291411270318569,1.0
R7140,8.01150387487206,2,32.04601549948824,1.0772173450159415,1.0772173450159415,1.0,0.7333333333333333
R7140,8.01150387487206,2,32.04601549948824,1.0772173450159415,3.404006810250375,3.16,0.4666666666666667
R7140,8.01150387487206,2,32.04601549948824,1.515135541433198,0.1515135541433198,0.1,1.0
R7140,8.01150387487206,2,32.04601549948824,1.515135541433198,0.48484337325862337,0.32,1.0
R7140,8.01150387487206,2,32.04601549948824,1.515135541433198,0.57,0.37620396618828256,1.0
R7140,8.01150387487206,2,32.04601549948824,1.515135541433198,1.515135541433198,1.0,0.7333333333333333
R7140,8.01150387487206,2,32.04601549948824,1.515135541433198,4.787828310928906,3.16,0.2
R7140,8.01150387487206,2,32.04601549948824,2.1310794145076613,0.21310794145076614,0.1,1.0
R7140,8.01150387487206,2,32.04601549948824,2.1310794145076613,0.57,0.26747008868821803,1.0
R7140,8.01150387487206,2,32.04601549948824,2.1310794145076613,0.6819454126424516,0.32,1.0
R7140,8.01150387487206,2,32.04601549948824,2.1310794145076613,2.1310794145076613,1.0,0.7333333333333333
R7140,8.01150387487206,2,32.04601549948824,2.1310794145076613,6.7342109498442095,3.16,0.3333333333333333
R7140,8.01150387487206,2,32.04601549948824,2.997421251594704,0.2997421251594704,0.1,1.0
R7140,8.01150387487206,2,32.04601549948824,2.997421251594704,0.57,0.19016346124080677,1.0
R7140,8.01150387487206,2,32.04601549948824,2.997421251594704,0.9591748005103052,0.32,1.0
R7140,8.01150387487206,2,32.04601549948824,2.997421251594704,2.997421251594704,1.0,0.6666666666666666
R7140,8.01150387487206,2,32.04601549948824,2.997421251594704,9.471851155039264,3.16,0.2
R7140,8.01150387487206,2,32.04601549948824,4.2159546464331275,0.42159546464331277,0.1,1.0
R7140,8.01150387487206,2,32.04601549948824,4.2159546464331275,0.57,0.13520069540649438,1.0
R7140,8.01150387487206,2,32.04601549948824,4.2159546464331275,1.3491054868586008,0.32,0.9333333333333333
R7140,8.01150387487206,2,32.04601549948824,4.2159546464331275,4.2159546464331275,1.0,0.4666666666666667
R7140,8.01150387487206,2,32.04601549948824,4.2159546464331275,13.322416682728683,3.16,0.26666666666666666
R7140,8.01150387487206,2,32.04601549948824,5.929855061688346,0.57,0.09612376593867537,1.0
R7140,8.01150387487206,2,32.04601549948824,5.929855061688346,0.5929855061688346,0.1,1.0
R7140,8.01150387487206,2,32.04601549948824,5.929855061688346,1.8975536197402707,0.32,0.8
R7140,8.01150387487206,2,32.04601549948824,5.929855061688346,5.929855061688346,1.0,0.4
R7140,8.01150387487206,2,32.04601549948824,5.929855061688346,18.738341994935173,3.16,0.4666666666666667
R7140,8.01150387487206,2,32.04601549948824,8.340502686000294,0.57,0.06834120453635927,1.0
R7140,8.01150387487206,2,32.04601549948824,8.340502686000294,0.8340502686000294,0.1,1.0
R7140,8.01150387487206,2,32.04601549948824,8.340502686000294,2.668960859520094,0.32,0.9333333333333333
R7140,8.01150387487206,2,32.04601549948824,8.340502686000294,8.340502686000294,1.0,0.4666666666666667
R7140,8.01150387487206,2,32.04601549948824,8.340502686000294,26.35598848776093,3.16,0.26666666666666666
R7140,8.01150387487206,2,32.04601549948824,11.731144240711311,0.57,0.04858861065077471,1.0
R7140,8.01150387487206,2,32.04601549948824,11.731144240711311,1.173114424071131,0.1,1.0
R7140,8.01150387487206,2,32.04601549948824,11.731144240711311,3.7539661570276195,0.32,0.8
R7140,8.01150387487206,2,32.04601549948824,11.731144240711311,11.731144240711311,1.0,0.5333333333333333
R7140,8.01150387487206,2,32.04601549948824,11.731144240711311,32.0,2.7277816505698085,0.4666666666666667
R7140,8.01150387487206,2,32.04601549948824,16.50017395562641,0.57,0.034545090344676954,1.0
R7140,8.01150387487206,2,32.04601549948824,16.50017395562641,1.650017395562641,0.1,1.0
R7140,8.01150387487206,2,32.04601549948824,16.50017395562641,5.280055665800451,0.32,0.9333333333333333
R7140,8.01150387487206,2,32.04601549948824,16.50017395562641,16.50017395562641,1.0,0.4
R7140,8.01150387487206,2,32.04601549948824,16.50017395562641,32.0,1.9393734930344957,0.4
R7140,8.01150387487206,2,32.04601549948824,23.207944168063882,0.57,0.024560555466363484,1.0
R7140,8.01150387487206,2,32.04601549948824,23.207944168063882,2.3207944168063883,0.1,1.0
R7140,8.01150387487206,2,32.04601549948824,23.207944168063882,7.426542133780442,0.32,0.8
R7140,8.01150387487206,2,32.04601549948824,23.207944168063882,23.207944168063882,1.0,0.6
R7140,8.01150387487206,2,32.04601549948824,23.207944168063882,32.0,1.3788382016204064,0.4
R7140,8.01150387487206,2,32.04601549948824,32.642605705639234,0.57,0.01746184128620371,1.0
R7140,8.01150387487206,2,32.04601549948824,32.642605705639234,3.2642605705639234,0.1,0.9333333333333333
R7140,8.01150387487206,2,32.04601549948824,32.642605705639234,10.445633825804554,0.32,0.9333333333333333
R7140,8.01150387487206,2,32.04601549948824,32.642605705639234,32.0,0.9803138967693311,0.4
R7140,8.01150387487206,2,32.04601549948824,45.912714178281405,0.57,0.012414861769806529,1.0
R7140,8.01150387487206,2,32.04601549948824,45.912714178281405,4.591271417828141,0.1,1.0
R7140,8.01150387487206,2,32.04601549948824,45.912714178281405,14.69206853705005,0.32,0.9333333333333333
R7140,8.01150387487206,2,32.04601549948824,45.912714178281405,32.0,0.6969746958487876,0.5333333333333333
R7140,8.01150387487206,2,32.04601549948824,64.57748325074412,0.57,0.008826605982564857,1.0
R7140,8.01150387487206,2,32.04601549948824,64.57748325074412,6.457748325074412,0.1,1.0
R7140,8.01150387487206,2,32.04601549948824,64.57748325074412,20.66479464023812,0.32,0.8
R7140,8.01150387487206,2,32.04601549948824,64.57748325074412,32.0,0.49552875691592185,0.7333333333333333
R7140,8.01150387487206,2,32.04601549948824,90.82998941876633,0.57,0.00627546038095467,1.0
R7140,8.01150387487206,2,32.04601549948824,90.82998941876633,9.082998941876633,0.1,1.0
R7140,8.01150387487206,2,32.04601549948824,90.82998941876633,29.065596614005226,0.32,0.8
R7140,8.01150387487206,2,32.04601549948824,90.82998941876633,32.0,0.3523065477027183,0.8
R7140,8.01150387487206,2,32.04601549948824,127.75485451762533,0.57,0.004461669986257638,0.8666666666666667
R7140,8.01150387487206,2,32.04601549948824,127.75485451762533,12.775485451762535,0.1,1.0
R7140,8.01150387487206,2,32.04601549948824,127.75485451762533,32.0,0.2504797185267446,0.8
R7140,8.01150387487206,2,32.04601549948824,179.69068319023125,0.57,0.0031721177185161237,0.4
R7140,8.01150387487206,2,32.04601549948824,179.69068319023125,17.969068319023126,0.1,1.0
R7140,8.01150387487206,2,32.04601549948824,179.69068319023125,32.0,0.17808380174125607,0.9333333333333333
R7140,8.01150387487206,2,32.04601549948824,252.73984105956174,0.57,0.0022552835263739495,0.06666666666666667
R7140,8.01150387487206,2,32.04601549948824,252.73984105956174,25.273984105956174,0.1,1.0
R7140,8.01150387487206,2,32.04601549948824,252.73984105956174,32.0,0.12661240849818667,0.9333333333333333
R7140,8.01150387487206,2,32.04601549948824,355.4854716156215,0.57,0.001603441055999971,0.0
R7140,8.01150387487206,2,32.04601549948824,355.4854716156215,32.0,0.09001774349473524,1.0
R7140,8.01150387487206,2,32.04601549948824,500.0,0.57,0.00114,0.0
R7140,8.01150387487206,2,32.04601549948824,500.0,32.0,0.064,1.0
R6937,7.954757748494814,3,71.59281973645334,0.05,0.01,0.19999999999999998,0.06666666666666667
R6937,7.954757748494814,3,71.59281973645334,0.05,0.016,0.32,0.13333333333333333
R6937,7.954757748494814,3,71.59281973645334,0.05,0.05,1.0,0.13333333333333333
R6937,7.954757748494814,3,71.59281973645334,0.05,0.15800000000000003,3.1600000000000006,0.26666666666666666
R6937,7.954757748494814,3,71.59281973645334,0.05,0.57,11.399999999999999,0.6666666666666666
R6937,7.954757748494814,3,71.59281973645334,0.07032636210526184,0.01,0.14219418864624872,0.13333333333333333
R6937,7.954757748494814,3,71.59281973645334,0.07032636210526184,0.02250443587368379,0.32,0.2
R6937,7.954757748494814,3,71.59281973645334,0.07032636210526184,0.07032636210526184,1.0,0.26666666666666666
R6937,7.954757748494814,3,71.59281973645334,0.07032636210526184,0.22223130425262744,3.16,0.4666666666666667
R6937,7.954757748494814,3,71.59281973645334,0.07032636210526184,0.57,8.105068752836177,0.6666666666666666
R6937,7.954757748494814,3,71.59281973645334,0.0989159441392082,0.01,0.10109593642382482,0.06666666666666667
R6937,7.954757748494814,3,71.59281973645334,0.0989159441392082,0.031653102124546625,0.32,0.2
R6937,7.954757748494814,3,71.59281973645334,0.0989159441392082,0.0989159441392082,1.0,0.3333333333333333
R6937,7.954757748494814,3,71.59281973645334,0.0989159441392082,0.31257438347989797,3.16,0.4666666666666667
R6937,7.954757748494814,3,71.59281973645334,0.0989159441392082,0.57,5.762468376158014,0.6666666666666666
R6937,7.954757748494814,3,71.59281973645334,0.1391279701103562,0.013912797011035621,0.1,0.06666666666666667
R6937,7.954757748494814,3,71.59281973645334,0.1391279701103562,0.04452095043531399,0.32,0.13333333333333333
R6937,7.954757748494814,3,71.59281973645334,0.1391279701103562,0.1391279701103562,1.0,0.4666666666666667
R6937,7.954757748494814,3,71.59281973645334,0.1391279701103562,0.43964438554872565,3.16,0.6666666666666666
R6937,7.954757748494814,3,71.59281973645334,0.1391279701103562,0.57,4.096947576737275,0.6666666666666666
R6937,7.954757748494814,3,71.59281973645334,0.19568728009901917,0.01956872800990192,0.10000000000000002,0.13333333333333333
R6937,7.954757748494814,3,71.59281973645334,0.19568728009901917,0.06261992963168614,0.32,0.26666666666666666
R6937,7.954757748494814,3,71.59281973645334,0.19568728009901917,0.19568728009901917,1.0,0.4666666666666667
R6937,7.954757748494814,3,71.59281973645334,0.19568728009901917,0.57,2.912810683001858,0.7333333333333333
R6937,7.954757748494814,3,71.59281973645334,0.19568728009901917,0.6183718051129006,3.16,0.7333333333333333
R6937,7.954757748494814,3,71.59281973645334,0.2752394903927485,0.02752394903927485,0.1,0.13333333333333333
R6937,7.954757748494814,3,71.59281973645334,0.2752394903927485,0.08807663692567952,0.32,0.26666666666666666
R6937,7.954757748494814,3,71.59281973645334,0.2752394903927485,0.2752394903927485,1.0,0.5333333333333333
R6937,7.954757748494814,3,71.59281973645334,0.2752394903927485,0.57,2.070923758747874,0.8
R6937,7.954757748494814,3,71.59281973645334,0.2752394903927485,0.8697567896410853,3.16,0.8666666666666667
R6937,7.954757748494814,3,71.59281973645334,0.38713184134056344,0.03871318413405635,0.1,0.2
R6937,7.954757748494814,3,71.59281973645334,0.38713184134056344,0.12388218922898031,0.32,0.4666666666666667
R6937,7.954757748494814,3,71.59281973645334,0.38713184134056344,0.38713184134056344,1.0,0.8
R6937,7.954757748494814,3,71.59281973645334,0.38713184134056344,0.57,1.472366618116968,0.8666666666666667
R6937,7.954757748494814,3,71.59281973645334,0.38713184134056344,1.2233366186361805,3.16,0.6
R6937,7.954757748494814,3,71.59281973645334,0.5445114811318649,0.05445114811318649,0.1,0.3333333333333333
R6937,7.954757748494814,3,71.59281973645334,0.5445114811318649,0.17424367396219675,0.32,0.5333333333333333
R6937,7.954757748494814,3,71.59281973645334,0.5445114811318649,0.5445114811318649,1.0,0.8666666666666667
R6937,7.954757748494814,3,71.59281973645334,0.5445114811318649,0.57,1.0468098832648167,0.8666666666666667
R6937,7.954757748494814,3,71.59281973645334,0.5445114811318649,1.7206562803766932,3.16,0.6
R6937,7.954757748494814,3,71.59281973645334,0.7658702318510398,0.07658702318510398,0.1,0.6666666666666666
R6937,7.954757748494814,3,71.59281973645334,0.7658702318510398,0.24507847419233272,0.32,0.7333333333333333
R6937,7.954757748494814,3,71.59281973645334,0.7658702318510398,0.57,0.7442514100885746,0.9333333333333333
R6937,7.954757748494814,3,71.59281973645334,0.7658702318510398,0.7658702318510398,1.0,0.9333333333333333
R6937,7.954757748494814,3,71.59281973645334,0.7658702318510398,2.4201499326492857,3.16,0.13333333333333333
R6937,7.954757748494814,3,71.59281973645334,1.0772173450159415,0.10772173450159415,0.1,0.8
R6937,7.954757748494814,3,71.59281973645334,1.0772173450159415,0.34470955040510126,0.32,0.8666666666666667
R6937,7.954757748494814,3,71.59281973645334,1.0772173450159415,0.57,0.5291411270318569,0.9333333333333333
R6937,7.954757748494814,3,71.59281973645334,1.0772173450159415,1.0772173450159415,1.0,0.9333333333333333
R6937,7.954757748494814,3,71.59281973645334,1.0772173450159415,3.404006810250375,3.16,0.4
R6937,7.954757748494814,3,71.59281973645334,1.515135541433198,0.1515135541433198,0.1,0.8
R6937,7.954757748494814,3,71.59281973645334,1.515135541433198,0.48484337325862337,0.32,1.0
R6937,7.954757748494814,3,71.59281973645334,1.515135541433198,0.57,0.37620396618828256,1.0
R6937,7.954757748494814,3,71.59281973645334,1.515135541433198,1.515135541433198,1.0,0.8
R6937,7.954757748494814,3,71.59281973645334,1.515135541433198,4.787828310928906,3.16,0.4666666666666667
R6937,7.954757748494814,3,71.59281973645334,2.1310794145076613,0.21310794145076614,0.1,0.9333333333333333
R6937,7.954757748494814,3,71.59281973645334,2.1310794145076613,0.57,0.26747008868821803,1.0
R6937,7.954757748494814,3,71.59281973645334,2.1310794145076613,0.6819454126424516,0.32,1.0
R6937,7.954757748494814,3,71.59281973645334,2.1310794145076613,2.1310794145076613,1.0,0.8
R6937,7.954757748494814,3,71.59281973645334,2.1310794145076613,6.7342109498442095,3.16,0.26666666666666666
R6937,7.954757748494814,3,71.59281973645334,2.997421251594704,0.2997421251594704,0.1,0.9333333333333333
R6937,7.954757748494814,3,71.59281973645334,2.997421251594704,0.57,0.19016346124080677,1.0
R6937,7.954757748494814,3,71.59281973645334,2.997421251594704,0.9591748005103052,0.32,1.0
R6937,7.954757748494814,3,71.59281973645334,2.997421251594704,2.997421251594704,1.0,0.7333333333333333
R6937,7.954757748494814,3,71.59281973645334,2.997421251594704,9.471851155039264,3.16,0.2
R6937,7.954757748494814,3,71.59281973645334,4.2159546464331275,0.42159546464331277,0.1,1.0
R6937,7.954757748494814,3,71.59281973645334,4.2159546464331275,0.57,0.13520069540649438,1.0
R6937,7.954757748494814,3,71.59281973645334,4.2159546464331275,1.3491054868586008,0.32,0.9333333333333333
R6937,7.954757748494814,3,71.59281973645334,4.2159546464331275,4.2159546464331275,1.0,0.7333333333333333
R6937,7.954757748494814,3,71.59281973645334,4.2159546464331275,13.322416682728683,3.16,0.2
R6937,7.954757748494814,3,71.59281973645334,5.929855061688346,0.57,0.09612376593867537,1.0
R6937,7.954757748494814,3,71.59281973645334,5.929855061688346,0.5929855061688346,0.1,1.0
R6937,7.954757748494814,3,71.59281973645334,5.929855061688346,1.8975536197402707,0.32,1.0
R6937,7.954757748494814,3,71.59281973645334,5.929855061688346,5.929855061688346,1.0,0.5333333333333333
R6937,7.954757748494814,3,71.59281973645334,5.929855061688346,18.738341994935173,3.16,0.4666666666666667
R6937,7.954757748494814,3,71.59281973645334,8.340502686000294,0.57,0.06834120453635927,1.0
R6937,7.954757748494814,3,71.59281973645334,8.340502686000294,0.8340502686000294,0.1,1.0
R6937,7.954757748494814,3,71.59281973645334,8.340502686000294,2.668960859520094,0.32,0.9333333333333333
R6937,7.954757748494814,3,71.59281973645334,8.340502686000294,8.340502686000294,1.0,0.3333333333333333
R6937,7.954757748494814,3,71.59281973645334,8.340502686000294,26.35598848776093,3.16,0.6
R6937,7.954757748494814,3,71.59281973645334,11.731144240711311,0.57,0.04858861065077471,1.0
R6937,7.954757748494814,3,71.59281973645334,11.731144240711311,1.173114424071131,0.1,1.0
R6937,7.954757748494814,3,71.59281973645334,11.731144240711311,3.7539661570276195,0.32,0.8666666666666667
R6937,7.954757748494814,3,71.59281973645334,11.731144240711311,11.731144240711311,1.0,0.4
R6937,7.954757748494814,3,71.59281973645334,11.731144240711311,32.0,2.7277816505698085,0.2
R6937,7.954757748494814,3,71.59281973645334,16.50017395562641,0.57,0.034545090344676954,1.0
R6937,7.954757748494814,3,71.59281973645334,16.50017395562641,1.650017395562641,0.1,1.0
R6937,7.954757748494814,3,71.59281973645334,16.50017395562641,5.280055665800451,0.32,0.8666666666666667
R6937,7.954757748494814,3,71.59281973645334,16.50017395562641,16.50017395562641,1.0,0.3333333333333333
R6937,7.954757748494814,3,71.59281973645334,16.50017395562641,32.0,1.9393734930344957,0.4
R6937,7.954757748494814,3,71.59281973645334,23.207944168063882,0.57,0.024560555466363484,1.0
R6937,7.954757748494814,3,71.59281973645334,23.207944168063882,2.3207944168063883,0.1,1.0
R6937,7.954757748494814,3,71.59281973645334,23.207944168063882,7.426542133780442,0.32,0.8666666666666667
R6937,7.954757748494814,3,71.59281973645334,23.207944168063882,23.207944168063882,1.0,0.4666666666666667
R6937,7.954757748494814,3,71.59281973645334,23.207944168063882,32.0,1.3788382016204064,0.4666666666666667
R6937,7.954757748494814,3,71.59281973645334,32.642605705639234,0.57,0.01746184128620371,1.0
R6937,7.954757748494814,3,71.59281973645334,32.642605705639234,3.2642605705639234,0.1,1.0
R6937,7.954757748494814,3,71.59281973645334,32.642605705639234,10.445633825804554,0.32,0.7333333333333333
R6937,7.954757748494814,3,71.59281973645334,32.642605705639234,32.0,0.9803138967693311,0.6666666666666666
R6937,7.954757748494814,3,71.59281973645334,45.912714178281405,0.57,0.012414861769806529,1.0
R6937,7.954757748494814,3,71.59281973645334,45.912714178281405,4.591271417828141,0.1,1.0
R6937,7.954757748494814,3,71.59281973645334,45.912714178281405,14.69206853705005,0.32,0.8
R6937,7.954757748494814,3,71.59281973645334,45.912714178281405,32.0,0.6969746958487876,0.5333333333333333
R6937,7.954757748494814,3,71.59281973645334,64.57748325074412,0.57,0.008826605982564857,1.0
R6937,7.954757748494814,3,71.59281973645334,64.57748325074412,6.457748325074412,0.1,1.0
R6937,7.954757748494814,3,71.59281973645334,64.57748325074412,20.66479464023812,0.32,0.8666666666666667
R6937,7.954757748494814,3,71.59281973645334,64.57748325074412,32.0,0.49552875691592185,0.7333333333333333
R6937,7.954757748494814,3,71.59281973645334,90.82998941876633,0.57,0.00627546038095467,1.0
R6937,7.954757748494814,3,71.59281973645334,90.82998941876633,9.082998941876633,0.1,1.0
R6937,7.954757748494814,3,71.59281973645334,90.82998941876633,29.065596614005226,0.32,0.6666666666666666
R6937,7.954757748494814,3,71.59281973645334,90.82998941876633,32.0,0.3523065477027183,0.7333333333333333
R6937,7.954757748494814,3,71.59281973645334,127.75485451762533,0.57,0.004461669986257638,1.0
R6937,7.954757748494814,3,71.59281973645334,127.75485451762533,12.775485451762535,0.1,1.0
R6937,7.954757748494814,3,71.59281973645334,127.75485451762533,32.0,0.2504797185267446,0.6666666666666666
R6937,7.954757748494814,3,71.59281973645334,179.69068319023125,0.57,0.0031721177185161237,1.0
R6937,7.954757748494814,3,71.59281973645334,179.69068319023125,17.969068319023126,0.1,1.0
R6937,7.954757748494814,3,71.59281973645334,179.69068319023125,32.0,0.17808380174125607,0.8666666666666667
R6937,7.954757748494814,3,71.59281973645334,252.73984105956174,0.57,0.0022552835263739495,0.4666666666666667
R6937,7.954757748494814,3,71.59281973645334,252.73984105956174,25.273984105956174,0.1,1.0
R6937,7.954757748494814,3,71.59281973645334,252.73984105956174,32.0,0.12661240849818667,0.9333333333333333
R6937,7.954757748494814,3,71.59281973645334,355.4854716156215,0.57,0.001603441055999971,0.13333333333333333
R6937,7.954757748494814,3,71.59281973645334,355.4854716156215,32.0,0.09001774349473524,1.0
R6937,7.954757748494814,3,71.59281973645334,500.0,0.57,0.00114,0.0
R6937,7.954757748494814,3,71.59281973645334,500.0,32.0,0.064,1.0
R5359,7.972240501628969,4,127.5558480260635,0.05,0.01,0.19999999999999998,0.2
R5359,7.972240501628969,4,127.5558480260635,0.05,0.016,0.32,0.2
R5359,7.972240501628969,4,127.5558480260635,0.05,0.05,1.0,0.2
R5359,7.972240501628969,4,127.5558480260635,0.05,0.15800000000000003,3.1600000000000006,0.6
R5359,7.972240501628969,4,127.5558480260635,0.05,0.57,11.399999999999999,0.8666666666666667
R5359,7.972240501628969,4,127.5558480260635,0.07032636210526184,0.01,0.14219418864624872,0.2
R5359,7.972240501628969,4,127.5558480260635,0.07032636210526184,0.02250443587368379,0.32,0.2
R5359,7.972240501628969,4,127.5558480260635,0.07032636210526184,0.07032636210526184,1.0,0.4
R5359,7.972240501628969,4,127.5558480260635,0.07032636210526184,0.22223130425262744,3.16,0.6666666666666666
R5359,7.972240501628969,4,127.5558480260635,0.07032636210526184,0.57,8.105068752836177,0.8666666666666667
R5359,7.972240501628969,4,127.5558480260635,0.0989159441392082,0.01,0.10109593642382482,0.2
R5359,7.972240501628969,4,127.5558480260635,0.0989159441392082,0.031653102124546625,0.32,0.2
R5359,7.972240501628969,4,127.5558480260635,0.0989159441392082,0.0989159441392082,1.0,0.4
R5359,7.972240501628969,4,127.5558480260635,0.0989159441392082,0.31257438347989797,3.16,0.6666666666666666
R5359,7.972240501628969,4,127.5558480260635,0.0989159441392082,0.57,5.762468376158014,0.8666666666666667
R5359,7.972240501628969,4,127.5558480260635,0.1391279701103562,0.013912797011035621,0.1,0.2
R5359,7.972240501628969,4,127.5558480260635,0.1391279701103562,0.04452095043531399,0.32,0.2
R5359,7.972240501628969,4,127.5558480260635,0.1391279701103562,0.1391279701103562,1.0,0.6666666666666666
R5359,7.972240501628969,4,127.5558480260635,0.1391279701103562,0.43964438554872565,3.16,0.9333333333333333
R5359,7.972240501628969,4,127.5558480260635,0.1391279701103562,0.57,4.096947576737275,0.8666666666666667
R5359,7.972240501628969,4,127.5558480260635,0.19568728009901917,0.01956872800990192,0.10000000000000002,0.2
R5359,7.972240501628969,4,127.5558480260635,0.19568728009901917,0.06261992963168614,0.32,0.4
R5359,7.972240501628969,4,127.5558480260635,0.19568728009901917,0.19568728009901917,1.0,0.7333333333333333
R5359,7.972240501628969,4,127.5558480260635,0.19568728009901917,0.57,2.912810683001858,0.8666666666666667
R5359,7.972240501628969,4,127.5558480260635,0.19568728009901917,0.6183718051129006,3.16,0.8666666666666667
R5359,7.972240501628969,4,127.5558480260635,0.2752394903927485,0.02752394903927485,0.1,0.4
R5359,7.972240501628969,4,127.5558480260635,0.2752394903927485,0.08807663692567952,0.32,0.6666666666666666
R5359,7.972240501628969,4,127.5558480260635,0.2752394903927485,0.2752394903927485,1.0,0.8666666666666667
R5359,7.972240501628969,4,127.5558480260635,0.2752394903927485,0.57,2.070923758747874,0.8666666666666667
R5359,7.972240501628969,4,127.5558480260635,0.2752394903927485,0.8697567896410853,3.16,0.8666666666666667
R5359,7.972240501628969,4,127.5558480260635,0.38713184134056344,0.03871318413405635,0.1,0.3333333333333333
R5359,7.972240501628969,4,127.5558480260635,0.38713184134056344,0.12388218922898031,0.32,0.8666666666666667
R5359,7.972240501628969,4,127.5558480260635,0.38713184134056344,0.38713184134056344,1.0,0.9333333333333333
R5359,7.972240501628969,4,127.5558480260635,0.38713184134056344,0.57,1.472366618116968,0.8666666666666667
R5359,7.972240501628969,4,127.5558480260635,0.38713184134056344,1.2233366186361805,3.16,0.4666666666666667
R5359,7.972240501628969,4,127.5558480260635,0.5445114811318649,0.05445114811318649,0.1,0.4
R5359,7.972240501628969,4,127.5558480260635,0.5445114811318649,0.17424367396219675,0.32,0.9333333333333333
R5359,7.972240501628969,4,127.5558480260635,0.5445114811318649,0.5445114811318649,1.0,1.0
R5359,7.972240501628969,4,127.5558480260635,0.5445114811318649,0.57,1.0468098832648167,1.0
R5359,7.972240501628969,4,127.5558480260635,0.5445114811318649,1.7206562803766932,3.16,0.4
R5359,7.972240501628969,4,127.5558480260635,0.7658702318510398,0.07658702318510398,0.1,0.7333333333333333
R5359,7.972240501628969,4,127.5558480260635,0.7658702318510398,0.24507847419233272,0.32,1.0
R5359,7.972240501628969,4,127.5558480260635,0.7658702318510398,0.57,0.7442514100885746,1.0
R5359,7.972240501628969,4,127.5558480260635,0.7658702318510398,0.7658702318510398,1.0,0.9333333333333333
R5359,7.972240501628969,4,127.5558480260635,0.7658702318510398,2.4201499326492857,3.16,0.6
R5359,7.972240501628969,4,127.5558480260635,1.0772173450159415,0.10772173450159415,0.1,0.8666666666666667
R5359,7.972240501628969,4,127.5558480260635,1.0772173450159415,0.34470955040510126,0.32,1.0
R5359,7.972240501628969,4,127.5558480260635,1.0772173450159415,0.57,0.5291411270318569,1.0
R5359,7.972240501628969,4,127.5558480260635,1.0772173450159415,1.0772173450159415,1.0,0.7333333333333333
R5359,7.972240501628969,4,127.5558480260635,1.0772173450159415,3.404006810250375,3.16,0.4666666666666667
R5359,7.972240501628969,4,127.5558480260635,1.515135541433198,0.1515135541433198,0.1,1.0
R5359,7.972240501628969,4,127.5558480260635,1.515135541433198,0.48484337325862337,0.32,1.0
R5359,7.972240501628969,4,127.5558480260635,1.515135541433198,0.57,0.37620396618828256,1.0
R5359,7.972240501628969,4,127.5558480260635,1.515135541433198,1.515135541433198,1.0,0.7333333333333333
R5359,7.972240501628969,4,127.5558480260635,1.515135541433198,4.787828310928906,3.16,0.2
R5359,7.972240501628969,4,127.5558480260635,2.1310794145076613,0.21310794145076614,0.1,1.0
R5359,7.972240501628969,4,127.5558480260635,2.1310794145076613,0.57,0.26747008868821803,1.0
R5359,7.972240501628969,4,127.5558480260635,2.1310794145076613,0.6819454126424516,0.32,1.0
R5359,7.972240501628969,4,127.5558480260635,2.1310794145076613,2.1310794145076613,1.0,0.6
R5359,7.972240501628969,4,127.5558480260635,2.1310794145076613,6.7342109498442095,3.16,0.2
R5359,7.972240501628969,4,127.5558480260635,2.997421251594704,0.2997421251594704,0.1,1.0
R5359,7.972240501628969,4,127.5558480260635,2.997421251594704,0.57,0.19016346124080677,1.0
R5359,7.972240501628969,4,127.5558480260635,2.997421251594704,0.9591748005103052,0.32,1.0
R5359,7.972240501628969,4,127.5558480260635,2.997421251594704,2.997421251594704,1.0,0.5333333333333333
R5359,7.972240501628969,4,127.5558480260635,2.997421251594704,9.471851155039264,3.16,0.2
R5359,7.972240501628969,4,127.5558480260635,4.2159546464331275,0.42159546464331277,0.1,1.0
R5359,7.972240501628969,4,127.5558480260635,4.2159546464331275,0.57,0.13520069540649438,1.0
R5359,7.972240501628969,4,127.5558480260635,4.2159546464331275,1.3491054868586008,0.32,0.8666666666666667
R5359,7.972240501628969,4,127.5558480260635,4.2159546464331275,4.2159546464331275,1.0,0.3333333333333333
R5359,7.972240501628969,4,127.5558480260635,4.2159546464331275,13.322416682728683,3.16,0.2
R5359,7.972240501628969,4,127.5558480260635,5.929855061688346,0.57,0.09612376593867537,1.0
R5359,7.972240501628969,4,127.5558480260635,5.929855061688346,0.5929855061688346,0.1,1.0
R5359,7.972240501628969,4,127.5558480260635,5.929855061688346,1.8975536197402707,0.32,0.8666666666666667
R5359,7.972240501628969,4,127.5558480260635,5.929855061688346,5.929855061688346,1.0,0.26666666666666666
R5359,7.972240501628969,4,127.5558480260635,5.929855061688346,18.738341994935173,3.16,0.4
R5359,7.972240501628969,4,127.5558480260635,8.340502686000294,0.57,0.06834120453635927,1.0
R5359,7.972240501628969,4,127.5558480260635,8.340502686000294,0.8340502686000294,0.1,1.0
R5359,7.972240501628969,4,127.5558480260635,8.340502686000294,2.668960859520094,0.32,0.8
R5359,7.972240501628969,4,127.5558480260635,8.340502686000294,8.340502686000294,1.0,0.26666666666666666
R5359,7.972240501628969,4,127.5558480260635,8.340502686000294,26.35598848776093,3.16,0.26666666666666666
R5359,7.972240501628969,4,127.5558480260635,11.731144240711311,0.57,0.04858861065077471,1.0
R5359,7.972240501628969,4,127.5558480260635,11.731144240711311,1.173114424071131,0.1,1.0
R5359,7.972240501628969,4,127.5558480260635,11.731144240711311,3.7539661570276195,0.32,0.8
R5359,7.972240501628969,4,127.5558480260635,11.731144240711311,11.731144240711311,1.0,0.4666666666666667
R5359,7.972240501628969,4,127.5558480260635,11.731144240711311,32.0,2.7277816505698085,0.26666666666666666
R5359,7.972240501628969,4,127.5558480260635,16.50017395562641,0.57,0.034545090344676954,1.0
R5359,7.972240501628969,4,127.5558480260635,16.50017395562641,1.650017395562641,0.1,1.0
R5359,7.972240501628969,4,127.5558480260635,16.50017395562641,5.280055665800451,0.32,0.5333333333333333
R5359,7.972240501628969,4,127.5558480260635,16.50017395562641,16.50017395562641,1.0,0.4
R5359,7.972240501628969,4,127.5558480260635,16.50017395562641,32.0,1.9393734930344957,0.26666666666666666
R5359,7.972240501628969,4,127.5558480260635,23.207944168063882,0.57,0.024560555466363484,1.0
R5359,7.972240501628969,4,127.5558480260635,23.207944168063882,2.3207944168063883,0.1,1.0
R5359,7.972240501628969,4,127.5558480260635,23.207944168063882,7.426542133780442,0.32,0.5333333333333333
R5359,7.972240501628969,4,127.5558480260635,23.207944168063882,23.207944168063882,1.0,0.26666666666666666
R5359,7.972240501628969,4,127.5558480260635,23.207944168063882,32.0,1.3788382016204064,0.13333333333333333
R5359,7.972240501628969,4,127.5558480260635,32.642605705639234,0.57,0.01746184128620371,1.0
R5359,7.972240501628969,4,127.5558480260635,32.642605705639234,3.2642605705639234,0.1,0.9333333333333333
R5359,7.972240501628969,4,127.5558480260635,32.642605705639234,10.445633825804554,0.32,0.3333333333333333
R5359,7.972240501628969,4,127.5558480260635,32.642605705639234,32.0,0.9803138967693311,0.5333333333333333
R5359,7.972240501628969,4,127.5558480260635,45.912714178281405,0.57,0.012414861769806529,1.0
R5359,7.972240501628969,4,127.5558480260635,45.912714178281405,4.591271417828141,0.1,1.0
R5359,7.972240501628969,4,127.5558480260635,45.912714178281405,14.69206853705005,0.32,0.4
R5359,7.972240501628969,4,127.5558480260635,45.912714178281405,32.0,0.6969746958487876,0.4
R5359,7.972240501628969,4,127.5558480260635,64.57748325074412,0.57,0.008826605982564857,1.0
R5359,7.972240501628969,4,127.5558480260635,64.57748325074412,6.457748325074412,0.1,1.0
R5359,7.972240501628969,4,127.5558480260635,64.57748325074412,20.66479464023812,0.32,0.6666666666666666
R5359,7.972240501628969,4,127.5558480260635,64.57748325074412,32.0,0.49552875691592185,0.2
R5359,7.972240501628969,4,127.5558480260635,90.82998941876633,0.57,0.00627546038095467,1.0
R5359,7.972240501628969,4,127.5558480260635,90.82998941876633,9.082998941876633,0.1,0.9333333333333333
R5359,7.972240501628969,4,127.5558480260635,90.82998941876633,29.065596614005226,0.32,0.6666666666666666
R5359,7.972240501628969,4,127.5558480260635,90.82998941876633,32.0,0.3523065477027183,0.6666666666666666
R5359,7.972240501628969,4,127.5558480260635,127.75485451762533,0.57,0.004461669986257638,1.0
R5359,7.972240501628969,4,127.5558480260635,127.75485451762533,12.775485451762535,0.1,1.0
R5359,7.972240501628969,4,127.5558480260635,127.75485451762533,32.0,0.2504797185267446,0.8
R5359,7.972240501628969,4,127.5558480260635,179.69068319023125,0.57,0.0031721177185161237,0.8
R5359,7.972240501628969,4,127.5558480260635,179.69068319023125,17.969068319023126,0.1,0.7333333333333333
R5359,7.972240501628969,4,127.5558480260635,179.69068319023125,32.0,0.17808380174125607,0.9333333333333333
R5359,7.972240501628969,4,127.5558480260635,252.73984105956174,0.57,0.0022552835263739495,0.0
R5359,7.972240501628969,4,127.5558480260635,252.73984105956174,25.273984105956174,0.1,1.0
R5359,7.972240501628969,4,127.5558480260635,252.73984105956174,32.0,0.12661240849818667,0.9333333333333333
R5359,7.972240501628969,4,127.5558480260635,355.4854716156215,0.57,0.001603441055999971,0.0
R5359,7.972240501628969,4,127.5558480260635,355.4854716156215,32.0,0.09001774349473524,1.0
R5359,7.972240501628969,4,127.5558480260635,500.0,0.57,0.00114,0.0
R5359,7.972240501628969,4,127.5558480260635,500.0,32.0,0.064,1.0
R3813,7.967842407116117,5,199.19606017790292,0.05,0.01,0.19999999999999998,0.06666666666666667
R3813,7.967842407116117,5,199.19606017790292,0.05,0.016,0.32,0.06666666666666667
R3813,7.967842407116117,5,199.19606017790292,0.05,0.05,1.0,0.13333333333333333
R3813,7.967842407116117,5,199.19606017790292,0.05,0.15800000000000003,3.1600000000000006,0.6
R3813,7.967842407116117,5,199.19606017790292,0.05,0.57,11.399999999999999,0.7333333333333333
R3813,7.967842407116117,5,199.19606017790292,0.07032636210526184,0.01,0.14219418864624872,0.06666666666666667
R3813,7.967842407116117,5,199.19606017790292,0.07032636210526184,0.02250443587368379,0.32,0.06666666666666667
R3813,7.967842407116117,5,199.19606017790292,0.07032636210526184,0.07032636210526184,1.0,0.26666666666666666
R3813,7.967842407116117,5,199.19606017790292,0.07032636210526184,0.22223130425262744,3.16,0.6
R3813,7.967842407116117,5,199.19606017790292,0.07032636210526184,0.57,8.105068752836177,0.7333333333333333
R3813,7.967842407116117,5,199.19606017790292,0.0989159441392082,0.01,0.10109593642382482,0.06666666666666667
R3813,7.967842407116117,5,199.19606017790292,0.0989159441392082,0.031653102124546625,0.32,0.06666666666666667
R3813,7.967842407116117,5,199.19606017790292,0.0989159441392082,0.0989159441392082,1.0,0.3333333333333333
R3813,7.967842407116117,5,199.19606017790292,0.0989159441392082,0.31257438347989797,3.16,0.6666666666666666
R3813,7.967842407116117,5,199.19606017790292,0.0989159441392082,0.57,5.762468376158014,0.7333333333333333
R3813,7.967842407116117,5,199.19606017790292,0.1391279701103562,0.013912797011035621,0.1,0.06666666666666667
R3813,7.967842407116117,5,199.19606017790292,0.1391279701103562,0.04452095043531399,0.32,0.13333333333333333
R3813,7.967842407116117,5,199.19606017790292,0.1391279701103562,0.1391279701103562,1.0,0.6666666666666666
R3813,7.967842407116117,5,199.19606017790292,0.1391279701103562,0.43964438554872565,3.16,0.8
R3813,7.967842407116117,5,199.19606017790292,0.1391279701103562,0.57,4.096947576737275,0.7333333333333333
R3813,7.967842407116117,5,199.19606017790292,0.19568728009901917,0.01956872800990192,0.10000000000000002,0.13333333333333333
R3813,7.967842407116117,5,199.19606017790292,0.19568728009901917,0.06261992963168614,0.32,0.4666666666666667
R3813,7.967842407116117,5,199.19606017790292,0.19568728009901917,0.19568728009901917,1.0,0.6666666666666666
R3813,7.967842407116117,5,199.19606017790292,0.19568728009901917,0.57,2.912810683001858,0.7333333333333333
R3813,7.967842407116117,5,199.19606017790292,0.19568728009901917,0.6183718051129006,3.16,0.8
R3813,7.967842407116117,5,199.19606017790292,0.2752394903927485,0.02752394903927485,0.1,0.26666666666666666
R3813,7.967842407116117,5,199.19606017790292,0.2752394903927485,0.08807663692567952,0.32,0.6666666666666666
R3813,7.967842407116117,5,199.19606017790292,0.2752394903927485,0.2752394903927485,1.0,0.8
R3813,7.967842407116117,5,199.19606017790292,0.2752394903927485,0.57,2.070923758747874,0.8
R3813,7.967842407116117,5,199.19606017790292,0.2752394903927485,0.8697567896410853,3.16,0.4
R3813,7.967842407116117,5,199.19606017790292,0.38713184134056344,0.03871318413405635,0.1,0.3333333333333333
R3813,7.967842407116117,5,199.19606017790292,0.38713184134056344,0.12388218922898031,0.32,0.8
R3813,7.967842407116117,5,199.19606017790292,0.38713184134056344,0.38713184134056344,1.0,0.9333333333333333
R3813,7.967842407116117,5,199.19606017790292,0.38713184134056344,0.57,1.472366618116968,0.8666666666666667
R3813,7.967842407116117,5,199.19606017790292,0.38713184134056344,1.2233366186361805,3.16,0.6
R3813,7.967842407116117,5,199.19606017790292,0.5445114811318649,0.05445114811318649,0.1,0.3333333333333333
R3813,7.967842407116117,5,199.19606017790292,0.5445114811318649,0.17424367396219675,0.32,0.8666666666666667
R3813,7.967842407116117,5,199.19606017790292,0.5445114811318649,0.5445114811318649,1.0,0.9333333333333333
R3813,7.967842407116117,5,199.19606017790292,0.5445114811318649,0.57,1.0468098832648167,0.9333333333333333
R3813,7.967842407116117,5,199.19606017790292,0.5445114811318649,1.7206562803766932,3.16,0.2
R3813,7.967842407116117,5,199.19606017790292,0.7658702318510398,0.07658702318510398,0.1,0.7333333333333333
R3813,7.967842407116117,5,199.19606017790292,0.7658702318510398,0.24507847419233272,0.32,1.0
R3813,7.967842407116117,5,199.19606017790292,0.7658702318510398,0.57,0.7442514100885746,0.9333333333333333
R3813,7.967842407116117,5,199.19606017790292,0.7658702318510398,0.7658702318510398,1.0,0.8
R3813,7.967842407116117,5,199.19606017790292,0.7658702318510398,2.4201499326492857,3.16,0.3333333333333333
R3813,7.967842407116117,5,199.19606017790292,1.0772173450159415,0.10772173450159415,0.1,0.8666666666666667
R3813,7.967842407116117,5,199.19606017790292,1.0772173450159415,0.34470955040510126,0.32,1.0
R3813,7.967842407116117,5,199.19606017790292,1.0772173450159415,0.57,0.5291411270318569,1.0
R3813,7.967842407116117,5,199.19606017790292,1.0772173450159415,1.0772173450159415,1.0,0.7333333333333333
R3813,7.967842407116117,5,199.19606017790292,1.0772173450159415,3.404006810250375,3.16,0.3333333333333333
R3813,7.967842407116117,5,199.19606017790292,1.515135541433198,0.1515135541433198,0.1,1.0
R3813,7.967842407116117,5,199.19606017790292,1.515135541433198,0.48484337325862337,0.32,1.0
R3813,7.967842407116117,5,199.19606017790292,1.515135541433198,0.57,0.37620396618828256,1.0
R3813,7.967842407116117,5,199.19606017790292,1.515135541433198,1.515135541433198,1.0,0.6
R3813,7.967842407116117,5,199.19606017790292,1.515135541433198,4.787828310928906,3.16,0.2
R3813,7.967842407116117,5,199.19606017790292,2.1310794145076613,0.21310794145076614,0.1,1.0
R3813,7.967842407116117,5,199.19606017790292,2.1310794145076613,0.57,0.26747008868821803,1.0
R3813,7.967842407116117,5,199.19606017790292,2.1310794145076613,0.6819454126424516,0.32,1.0
R3813,7.967842407116117,5,199.19606017790292,2.1310794145076613,2.1310794145076613,1.0,0.6666666666666666
R3813,7.967842407116117,5,199.19606017790292,2.1310794145076613,6.7342109498442095,3.16,0.2
R3813,7.967842407116117,5,199.19606017790292,2.997421251594704,0.2997421251594704,0.1,1.0
R3813,7.967842407116117,5,199.19606017790292,2.997421251594704,0.57,0.19016346124080677,1.0
R3813,7.967842407116117,5,199.19606017790292,2.997421251594704,0.9591748005103052,0.32,0.9333333333333333
R3813,7.967842407116117,5,199.19606017790292,2.997421251594704,2.997421251594704,1.0,0.4666666666666667
R3813,7.967842407116117,5,199.19606017790292,2.997421251594704,9.471851155039264,3.16,0.2
R3813,7.967842407116117,5,199.19606017790292,4.2159546464331275,0.42159546464331277,0.1,1.0
R3813,7.967842407116117,5,199.19606017790292,4.2159546464331275,0.57,0.13520069540649438,1.0
R3813,7.967842407116117,5,199.19606017790292,4.2159546464331275,1.3491054868586008,0.32,0.8666666666666667
R3813,7.967842407116117,5,199.19606017790292,4.2159546464331275,4.2159546464331275,1.0,0.4666666666666667
R3813,7.967842407116117,5,199.19606017790292,4.2159546464331275,13.322416682728683,3.16,0.06666666666666667
R3813,7.967842407116117,5,199.19606017790292,5.929855061688346,0.57,0.09612376593867537,1.0
R3813,7.967842407116117,5,199.19606017790292,5.929855061688346,0.5929855061688346,0.1,1.0
R3813,7.967842407116117,5,199.19606017790292,5.929855061688346,1.8975536197402707,0.32,0.8
R3813,7.967842407116117,5,199.19606017790292,5.929855061688346,5.929855061688346,1.0,0.4666666666666667
R3813,7.967842407116117,5,199.19606017790292,5.929855061688346,18.738341994935173,3.16,0.26666666666666666
R3813,7.967842407116117,5,199.19606017790292,8.340502686000294,0.57,0.06834120453635927,1.0
R3813,7.967842407116117,5,199.19606017790292,8.340502686000294,0.8340502686000294,0.1,1.0
R3813,7.967842407116117,5,199.19606017790292,8.340502686000294,2.668960859520094,0.32,0.8
R3813,7.967842407116117,5,199.19606017790292,8.340502686000294,8.340502686000294,1.0,0.26666666666666666
R3813,7.967842407116117,5,199.19606017790292,8.340502686000294,26.35598848776093,3.16,0.06666666666666667
R3813,7.967842407116117,5,199.19606017790292,11.731144240711311,0.57,0.04858861065077471,1.0
R3813,7.967842407116117,5,199.19606017790292,11.731144240711311,1.173114424071131,0.1,1.0
R3813,7.967842407116117,5,199.19606017790292,11.731144240711311,3.7539661570276195,0.32,0.6666666666666666
R3813,7.967842407116117,5,199.19606017790292,11.731144240711311,11.731144240711311,1.0,0.6
R3813,7.967842407116117,5,199.19606017790292,11.731144240711311,32.0,2.7277816505698085,0.3333333333333333
R3813,7.967842407116117,5,199.19606017790292,16.50017395562641,0.57,0.034545090344676954,1.0
R3813,7.967842407116117,5,199.19606017790292,16.50017395562641,1.650017395562641,0.1,0.8666666666666667
R3813,7.967842407116117,5,199.19606017790292,16.50017395562641,5.280055665800451,0.32,0.5333333333333333
R3813,7.967842407116117,5,199.19606017790292,16.50017395562641,16.50017395562641,1.0,0.26666666666666666
R3813,7.967842407116117,5,199.19606017790292,16.50017395562641,32.0,1.9393734930344957,0.26666666666666666
R3813,7.967842407116117,5,199.19606017790292,23.207944168063882,0.57,0.024560555466363484,1.0
R3813,7.967842407116117,5,199.19606017790292,23.207944168063882,2.3207944168063883,0.1,1.0
R3813,7.967842407116117,5,199.19606017790292,23.207944168063882,7.426542133780442,0.32,0.8
R3813,7.967842407116117,5,199.19606017790292,23.207944168063882,23.207944168063882,1.0,0.3333333333333333
R3813,7.967842407116117,5,199.19606017790292,23.207944168063882,32.0,1.3788382016204064,0.3333333333333333
R3813,7.967842407116117,5,199.19606017790292,32.642605705639234,0.57,0.01746184128620371,1.0
R3813,7.967842407116117,5,199.19606017790292,32.642605705639234,3.2642605705639234,0.1,0.9333333333333333
R3813,7.967842407116117,5,199.19606017790292,32.642605705639234,10.445633825804554,0.32,0.9333333333333333
R3813,7.967842407116117,5,199.19606017790292,32.642605705639234,32.0,0.9803138967693311,0.4666666666666667
R3813,7.967842407116117,5,199.19606017790292,45.912714178281405,0.57,0.012414861769806529,1.0
R3813,7.967842407116117,5,199.19606017790292,45.912714178281405,4.591271417828141,0.1,0.8666666666666667
R3813,7.967842407116117,5,199.19606017790292,45.912714178281405,14.69206853705005,0.32,0.8
R3813,7.967842407116117,5,199.19606017790292,45.912714178281405,32.0,0.6969746958487876,0.7333333333333333
R3813,7.967842407116117,5,199.19606017790292,64.57748325074412,0.57,0.008826605982564857,1.0
R3813,7.967842407116117,5,199.19606017790292,64.57748325074412,6.457748325074412,0.1,1.0
R3813,7.967842407116117,5,199.19606017790292,64.57748325074412,20.66479464023812,0.32,0.5333333333333333
R3813,7.967842407116117,5,199.19606017790292,64.57748325074412,32.0,0.49552875691592185,0.4
R3813,7.967842407116117,5,199.19606017790292,90.82998941876633,0.57,0.00627546038095467,1.0
R3813,7.967842407116117,5,199.19606017790292,90.82998941876633,9.082998941876633,0.1,0.8666666666666667
R3813,7.967842407116117,5,199.19606017790292,90.82998941876633,29.065596614005226,0.32,0.3333333333333333
R3813,7.967842407116117,5,199.19606017790292,90.82998941876633,32.0,0.3523065477027183,0.4666666666666667
R3813,7.967842407116117,5,199.19606017790292,127.75485451762533,0.57,0.004461669986257638,0.8666666666666667
R3813,7.967842407116117,5,199.19606017790292,127.75485451762533,12.775485451762535,0.1,0.9333333333333333
R3813,7.967842407116117,5,199.19606017790292,127.75485451762533,32.0,0.2504797185267446,0.7333333333333333
R3813,7.967842407116117,5,199.19606017790292,179.69068319023125,0.57,0.0031721177185161237,0.06666666666666667
R3813,7.967842407116117,5,199.19606017790292,179.69068319023125,17.969068319023126,0.1,1.0
R3813,7.967842407116117,5,199.19606017790292,179.69068319023125,32.0,0.17808380174125607,0.8
R3813,7.967842407116117,5,199.19606017790292,252.73984105956174,0.57,0.0022552835263739495,0.0
R3813,7.967842407116117,5,199.19606017790292,252.73984105956174,25.273984105956174,0.1,0.9333333333333333
R3813,7.967842407116117,5,199.19606017790292,252.73984105956174,32.0,0.12661240849818667,1.0
R3813,7.967842407116117,5,199.19606017790292,355.4854716156215,0.57,0.001603441055999971,0.0
R3813,7.967842407116117,5,199.19606017790292,355.4854716156215,32.0,0.09001774349473524,1.0
R3813,7.967842407116117,5,199.19606017790292,500.0,0.57,0.00114,0.0
R3813,7.967842407116117,5,199.19606017790292,500.0,32.0,0.064,0.8666666666666667
R0259,12.98487367899014,1,12.98487367899014,0.05,0.01,0.19999999999999998,0.6
R0259,12.98487367899014,1,12.98487367899014,0.05,0.016,0.32,0.6
R0259,12.98487367899014,1,12.98487367899014,0.05,0.05,1.0,0.8
R0259,12.98487367899014,1,12.98487367899014,0.05,0.15800000000000003,3.1600000000000006,0.9333333333333333
R0259,12.98487367899014,1,12.98487367899014,0.05,0.57,11.399999999999999,0.9333333333333333
R0259,12.98487367899014,1,12.98487367899014,0.07032636210526184,0.01,0.14219418864624872,0.6
R0259,12.98487367899014,1,12.98487367899014,0.07032636210526184,0.02250443587368379,0.32,0.6
R0259,12.98487367899014,1,12.98487367899014,0.07032636210526184,0.07032636210526184,1.0,0.8666666666666667
R0259,12.98487367899014,1,12.98487367899014,0.07032636210526184,0.22223130425262744,3.16,0.9333333333333333
R0259,12.98487367899014,1,12.98487367899014,0.07032636210526184,0.57,8.105068752836177,1.0
R0259,12.98487367899014,1,12.98487367899014,0.0989159441392082,0.01,0.10109593642382482,0.6
R0259,12.98487367899014,1,12.98487367899014,0.0989159441392082,0.031653102124546625,0.32,0.6
R0259,12.98487367899014,1,12.98487367899014,0.0989159441392082,0.0989159441392082,1.0,0.8666666666666667
R0259,12.98487367899014,1,12.98487367899014,0.0989159441392082,0.31257438347989797,3.16,0.9333333333333333
R0259,12.98487367899014,1,12.98487367899014,0.0989159441392082,0.57,5.762468376158014,1.0
R0259,12.98487367899014,1,12.98487367899014,0.1391279701103562,0.013912797011035621,0.1,0.6
R0259,12.98487367899014,1,12.98487367899014,0.1391279701103562,0.04452095043531399,0.32,0.8
R0259,12.98487367899014,1,12.98487367899014,0.1391279701103562,0.1391279701103562,1.0,0.9333333333333333
R0259,12.98487367899014,1,12.98487367899014,0.1391279701103562,0.43964438554872565,3.16,1.0
R0259,12.98487367899014,1,12.98487367899014,0.1391279701103562,0.57,4.096947576737275,1.0
R0259,12.98487367899014,1,12.98487367899014,0.19568728009901917,0.01956872800990192,0.10000000000000002,0.6
R0259,12.98487367899014,1,12.98487367899014,0.19568728009901917,0.06261992963168614,0.32,0.9333333333333333
R0259,12.98487367899014,1,12.98487367899014,0.19568728009901917,0.19568728009901917,1.0,0.9333333333333333
R0259,12.98487367899014,1,12.98487367899014,0.19568728009901917,0.57,2.912810683001858,1.0
R0259,12.98487367899014,1,12.98487367899014,0.19568728009901917,0.6183718051129006,3.16,1.0
R0259,12.98487367899014,1,12.98487367899014,0.2752394903927485,0.02752394903927485,0.1,0.7333333333333333
R0259,12.98487367899014,1,12.98487367899014,0.2752394903927485,0.08807663692567952,0.32,1.0
R0259,12.98487367899014,1,12.98487367899014,0.2752394903927485,0.2752394903927485,1.0,1.0
R0259,12.98487367899014,1,12.98487367899014,0.2752394903927485,0.57,2.070923758747874,1.0
R0259,12.98487367899014,1,12.98487367899014,0.2752394903927485,0.8697567896410853,3.16,0.8666666666666667
R0259,12.98487367899014,1,12.98487367899014,0.38713184134056344,0.03871318413405635,0.1,0.7333333333333333
R0259,12.98487367899014,1,12.98487367899014,0.38713184134056344,0.12388218922898031,0.32,1.0
R0259,12.98487367899014,1,12.98487367899014,0.38713184134056344,0.38713184134056344,1.0,1.0
R0259,12.98487367899014,1,12.98487367899014,0.38713184134056344,0.57,1.472366618116968,1.0
R0259,12.98487367899014,1,12.98487367899014,0.38713184134056344,1.2233366186361805,3.16,0.4666666666666667
R0259,12.98487367899014,1,12.98487367899014,0.5445114811318649,0.05445114811318649,0.1,0.8666666666666667
R0259,12.98487367899014,1,12.98487367899014,0.5445114811318649,0.17424367396219675,0.32,1.0
R0259,12.98487367899014,1,12.98487367899014,0.5445114811318649,0.5445114811318649,1.0,1.0
R0259,12.98487367899014,1,12.98487367899014,0.5445114811318649,0.57,1.0468098832648167,1.0
R0259,12.98487367899014,1,12.98487367899014,0.5445114811318649,1.7206562803766932,3.16,0.4666666666666667
R0259,12.98487367899014,1,12.98487367899014,0.7658702318510398,0.07658702318510398,0.1,1.0
R0259,12.98487367899014,1,12.98487367899014,0.7658702318510398,0.24507847419233272,0.32,1.0
R0259,12.98487367899014,1,12.98487367899014,0.7658702318510398,0.57,0.7442514100885746,1.0
R0259,12.98487367899014,1,12.98487367899014,0.7658702318510398,0.7658702318510398,1.0,1.0
R0259,12.98487367899014,1,12.98487367899014,0.7658702318510398,2.4201499326492857,3.16,0.4
R0259,12.98487367899014,1,12.98487367899014,1.0772173450159415,0.10772173450159415,0.1,1.0
R0259,12.98487367899014,1,12.98487367899014,1.0772173450159415,0.34470955040510126,0.32,1.0
R0259,12.98487367899014,1,12.98487367899014,1.0772173450159415,0.57,0.5291411270318569,1.0
R0259,12.98487367899014,1,12.98487367899014,1.0772173450159415,1.0772173450159415,1.0,0.9333333333333333
R0259,12.98487367899014,1,12.98487367899014,1.0772173450159415,3.404006810250375,3.16,0.4
R0259,12.98487367899014,1,12.98487367899014,1.515135541433198,0.1515135541433198,0.1,1.0
R0259,12.98487367899014,1,12.98487367899014,1.515135541433198,0.48484337325862337,0.32,1.0
R0259,12.98487367899014,1,12.98487367899014,1.515135541433198,0.57,0.37620396618828256,1.0
R0259,12.98487367899014,1,12.98487367899014,1.515135541433198,1.515135541433198,1.0,0.6
R0259,12.98487367899014,1,12.98487367899014,1.515135541433198,4.787828310928906,3.16,0.3333333333333333
R0259,12.98487367899014,1,12.98487367899014,2.1310794145076613,0.21310794145076614,0.1,1.0
R0259,12.98487367899014,1,12.98487367899014,2.1310794145076613,0.57,0.26747008868821803,1.0
R0259,12.98487367899014,1,12.98487367899014,2.1310794145076613,0.6819454126424516,0.32,1.0
R0259,12.98487367899014,1,12.98487367899014,2.1310794145076613,2.1310794145076613,1.0,0.6
R0259,12.98487367899014,1,12.98487367899014,2.1310794145076613,6.7342109498442095,3.16,0.26666666666666666
R0259,12.98487367899014,1,12.98487367899014,2.997421251594704,0.2997421251594704,0.1,1.0
R0259,12.98487367899014,1,12.98487367899014,2.997421251594704,0.57,0.19016346124080677,1.0
R0259,12.98487367899014,1,12.98487367899014,2.997421251594704,0.9591748005103052,0.32,1.0
R0259,12.98487367899014,1,12.98487367899014,2.997421251594704,2.997421251594704,1.0,0.4666666666666667
R0259,12.98487367899014,1,12.98487367899014,2.997421251594704,9.471851155039264,3.16,0.2
R0259,12.98487367899014,1,12.98487367899014,4.2159546464331275,0.42159546464331277,0.1,1.0
R0259,12.98487367899014,1,12.98487367899014,4.2159546464331275,0.57,0.13520069540649438,1.0
R0259,12.98487367899014,1,12.98487367899014,4.2159546464331275,1.3491054868586008,0.32,1.0
R0259,12.98487367899014,1,12.98487367899014,4.2159546464331275,4.2159546464331275,1.0,0.26666666666666666
R0259,12.98487367899014,1,12.98487367899014,4.2159546464331275,13.322416682728683,3.16,0.06666666666666667
R0259,12.98487367899014,1,12.98487367899014,5.929855061688346,0.57,0.09612376593867537,1.0
R0259,12.98487367899014,1,12.98487367899014,5.929855061688346,0.5929855061688346,0.1,1.0
R0259,12.98487367899014,1,12.98487367899014,5.929855061688346,1.8975536197402707,0.32,0.8666666666666667
R0259,12.98487367899014,1,12.98487367899014,5.929855061688346,5.929855061688346,1.0,0.0
R0259,12.98487367899014,1,12.98487367899014,5.929855061688346,18.738341994935173,3.16,0.3333333333333333
R0259,12.98487367899014,1,12.98487367899014,8.340502686000294,0.57,0.06834120453635927,1.0
R0259,12.98487367899014,1,12.98487367899014,8.340502686000294,0.8340502686000294,0.1,1.0
R0259,12.98487367899014,1,12.98487367899014,8.340502686000294,2.668960859520094,0.32,0.7333333333333333
R0259,12.98487367899014,1,12.98487367899014,8.340502686000294,8.340502686000294,1.0,0.2
R0259,12.98487367899014,1,12.98487367899014,8.340502686000294,26.35598848776093,3.16,0.26666666666666666
R0259,12.98487367899014,1,12.98487367899014,11.731144240711311,0.57,0.04858861065077471,1.0
R0259,12.98487367899014,1,12.98487367899014,11.731144240711311,1.173114424071131,0.1,1.0
R0259,12.98487367899014,1,12.98487367899014,11.731144240711311,3.7539661570276195,0.32,0.6666666666666666
R0259,12.98487367899014,1,12.98487367899014,11.731144240711311,11.731144240711311,1.0,0.2
R0259,12.98487367899014,1,12.98487367899014,11.731144240711311,32.0,2.7277816505698085,0.13333333333333333
R0259,12.98487367899014,1,12.98487367899014,16.50017395562641,0.57,0.034545090344676954,1.0
R0259,12.98487367899014,1,12.98487367899014,16.50017395562641,1.650017395562641,0.1,1.0
R0259,12.98487367899014,1,12.98487367899014,16.50017395562641,5.280055665800451,0.32,0.26666666666666666
R0259,12.98487367899014,1,12.98487367899014,16.50017395562641,16.50017395562641,1.0,0.4
R0259,12.98487367899014,1,12.98487367899014,16.50017395562641,32.0,1.9393734930344957,0.06666666666666667
R0259,12.98487367899014,1,12.98487367899014,23.207944168063882,0.57,0.024560555466363484,1.0
R0259,12.98487367899014,1,12.98487367899014,23.207944168063882,2.3207944168063883,0.1,1.0
R0259,12.98487367899014,1,12.98487367899014,23.207944168063882,7.426542133780442,0.32,0.4
R0259,12.98487367899014,1,12.98487367899014,23.207944168063882,23.207944168063882,1.0,0.13333333333333333
R0259,12.98487367899014,1,12.98487367899014,23.207944168063882,32.0,1.3788382016204064,0.2
R0259,12.98487367899014,1,12.98487367899014,32.642605705639234,0.57,0.01746184128620371,1.0
R0259,12.98487367899014,1,12.98487367899014,32.642605705639234,3.2642605705639234,0.1,1.0
R0259,12.98487367899014,1,12.98487367899014,32.642605705639234,10.445633825804554,0.32,0.7333333333333333
R0259,12.98487367899014,1,12.98487367899014,32.642605705639234,32.0,0.9803138967693311,0.2
R0259,12.98487367899014,1,12.98487367899014,45.912714178281405,0.57,0.012414861769806529,1.0
R0259,12.98487367899014,1,12.98487367899014,45.912714178281405,4.591271417828141,0.1,0.8666666666666667
R0259,12.98487367899014,1,12.98487367899014,45.912714178281405,14.69206853705005,0.32,0.7333333333333333
R0259,12.98487367899014,1,12.98487367899014,45.912714178281405,32.0,0.6969746958487876,0.3333333333333333
R0259,12.98487367899014,1,12.98487367899014,64.57748325074412,0.57,0.008826605982564857,1.0
R0259,12.98487367899014,1,12.98487367899014,64.57748325074412,6.457748325074412,0.1,0.8
R0259,12.98487367899014,1,12.98487367899014,64.57748325074412,20.66479464023812,0.32,0.4666666666666667
R0259,12.98487367899014,1,12.98487367899014,64.57748325074412,32.0,0.49552875691592185,0.4
R0259,12.98487367899014,1,12.98487367899014,90.82998941876633,0.57,0.00627546038095467,1.0
R0259,12.98487367899014,1,12.98487367899014,90.82998941876633,9.082998941876633,0.1,0.8
R0259,12.98487367899014,1,12.98487367899014,90.82998941876633,29.065596614005226,0.32,0.7333333333333333
R0259,12.98487367899014,1,12.98487367899014,90.82998941876633,32.0,0.3523065477027183,0.7333333333333333
R0259,12.98487367899014,1,12.98487367899014,127.75485451762533,0.57,0.004461669986257638,1.0
R0259,12.98487367899014,1,12.98487367899014,127.75485451762533,12.775485451762535,0.1,0.9333333333333333
R0259,12.98487367899014,1,12.98487367899014,127.75485451762533,32.0,0.2504797185267446,0.6666666666666666
R0259,12.98487367899014,1,12.98487367899014,179.69068319023125,0.57,0.0031721177185161237,1.0
R0259,12.98487367899014,1,12.98487367899014,179.69068319023125,17.969068319023126,0.1,1.0
R0259,12.98487367899014,1,12.98487367899014,179.69068319023125,32.0,0.17808380174125607,0.8666666666666667
R0259,12.98487367899014,1,12.98487367899014,252.73984105956174,0.57,0.0022552835263739495,1.0
R0259,12.98487367899014,1,12.98487367899014,252.73984105956174,25.273984105956174,0.1,0.9333333333333333
R0259,12.98487367899014,1,12.98487367899014,252.73984105956174,32.0,0.12661240849818667,0.9333333333333333
R0259,12.98487367899014,1,12.98487367899014,355.4854716156215,0.57,0.001603441055999971,1.0
R0259,12.98487367899014,1,12.98487367899014,355.4854716156215,32.0,0.09001774349473524,0.8666666666666667
R0259,12.98487367899014,1,12.98487367899014,500.0,0.57,0.00114,1.0
R0259,12.98487367899014,1,12.98487367899014,500.0,32.0,0.064,0.8
R7210,13.065397468737562,2,52.261589874950246,0.05,0.01,0.19999999999999998,0.0
R7210,13.065397468737562,2,52.261589874950246,0.05,0.016,0.32,0.0
R7210,13.065397468737562,2,52.261589874950246,0.05,0.05,1.0,0.0
R7210,13.065397468737562,2,52.261589874950246,0.05,0.15800000000000003,3.1600000000000006,0.26666666666666666
R7210,13.065397468737562,2,52.261589874950246,0.05,0.57,11.399999999999999,0.9333333333333333
R7210,13.065397468737562,2,52.261589874950246,0.07032636210526184,0.01,0.14219418864624872,0.0
R7210,13.065397468737562,2,52.261589874950246,0.07032636210526184,0.02250443587368379,0.32,0.0
R7210,13.065397468737562,2,52.261589874950246,0.07032636210526184,0.07032636210526184,1.0,0.0
R7210,13.065397468737562,2,52.261589874950246,0.07032636210526184,0.22223130425262744,3.16,0.4666666666666667
R7210,13.065397468737562,2,52.261589874950246,0.07032636210526184,0.57,8.105068752836177,0.9333333333333333
R7210,13.065397468737562,2,52.261589874950246,0.0989159441392082,0.01,0.10109593642382482,0.0
R7210,13.065397468737562,2,52.261589874950246,0.0989159441392082,0.031653102124546625,0.32,0.0
R7210,13.065397468737562,2,52.261589874950246,0.0989159441392082,0.0989159441392082,1.0,0.0
R7210,13.065397468737562,2,52.261589874950246,0.0989159441392082,0.31257438347989797,3.16,0.6666666666666666
R7210,13.065397468737562,2,52.261589874950246,0.0989159441392082,0.57,5.762468376158014,0.9333333333333333
R7210,13.065397468737562,2,52.261589874950246,0.1391279701103562,0.013912797011035621,0.1,0.0
R7210,13.065397468737562,2,52.261589874950246,0.1391279701103562,0.04452095043531399,0.32,0.0
R7210,13.065397468737562,2,52.261589874950246,0.1391279701103562,0.1391279701103562,1.0,0.26666666666666666
R7210,13.065397468737562,2,52.261589874950246,0.1391279701103562,0.43964438554872565,3.16,0.8666666666666667
R7210,13.065397468737562,2,52.261589874950246,0.1391279701103562,0.57,4.096947576737275,0.9333333333333333
R7210,13.065397468737562,2,52.261589874950246,0.19568728009901917,0.01956872800990192,0.10000000000000002,0.0
R7210,13.065397468737562,2,52.261589874950246,0.19568728009901917,0.06261992963168614,0.32,0.0
R7210,13.065397468737562,2,52.261589874950246,0.19568728009901917,0.19568728009901917,1.0,0.4
R7210,13.065397468737562,2,52.261589874950246,0.19568728009901917,0.57,2.912810683001858,0.9333333333333333
R7210,13.065397468737562,2,52.261589874950246,0.19568728009901917,0.6183718051129006,3.16,0.9333333333333333
R7210,13.065397468737562,2,52.261589874950246,0.2752394903927485,0.02752394903927485,0.1,0.0
R7210,13.065397468737562,2,52.261589874950246,0.2752394903927485,0.08807663692567952,0.32,0.0
R7210,13.065397468737562,2,52.261589874950246,0.2752394903927485,0.2752394903927485,1.0,0.7333333333333333
R7210,13.065397468737562,2,52.261589874950246,0.2752394903927485,0.57,2.070923758747874,0.9333333333333333
R7210,13.065397468737562,2,52.261589874950246,0.2752394903927485,0.8697567896410853,3.16,0.6666666666666666
R7210,13.065397468737562,2,52.261589874950246,0.38713184134056344,0.03871318413405635,0.1,0.0
R7210,13.065397468737562,2,52.261589874950246,0.38713184134056344,0.12388218922898031,0.32,0.2
R7210,13.065397468737562,2,52.261589874950246,0.38713184134056344,0.38713184134056344,1.0,0.9333333333333333
R7210,13.065397468737562,2,52.261589874950246,0.38713184134056344,0.57,1.472366618116968,0.9333333333333333
R7210,13.065397468737562,2,52.261589874950246,0.38713184134056344,1.2233366186361805,3.16,0.5333333333333333
R7210,13.065397468737562,2,52.261589874950246,0.5445114811318649,0.05445114811318649,0.1,0.0
R7210,13.065397468737562,2,52.261589874950246,0.5445114811318649,0.17424367396219675,0.32,0.8666666666666667
R7210,13.065397468737562,2,52.261589874950246,0.5445114811318649,0.5445114811318649,1.0,0.9333333333333333
R7210,13.065397468737562,2,52.261589874950246,0.5445114811318649,0.57,1.0468098832648167,0.9333333333333333
R7210,13.065397468737562,2,52.261589874950246,0.5445114811318649,1.7206562803766932,3.16,0.4
R7210,13.065397468737562,2,52.261589874950246,0.7658702318510398,0.07658702318510398,0.1,0.2
R7210,13.065397468737562,2,52.261589874950246,0.7658702318510398,0.24507847419233272,0.32,1.0
R7210,13.065397468737562,2,52.261589874950246,0.7658702318510398,0.57,0.7442514100885746,1.0
R7210,13.065397468737562,2,52.261589874950246,0.7658702318510398,0.7658702318510398,1.0,1.0
R7210,13.065397468737562,2,52.261589874950246,0.7658702318510398,2.4201499326492857,3.16,0.2
R7210,13.065397468737562,2,52.261589874950246,1.0772173450159415,0.10772173450159415,0.1,0.26666666666666666
R7210,13.065397468737562,2,52.261589874950246,1.0772173450159415,0.34470955040510126,0.32,1.0
R7210,13.065397468737562,2,52.261589874950246,1.0772173450159415,0.57,0.5291411270318569,1.0
R7210,13.065397468737562,2,52.261589874950246,1.0772173450159415,1.0772173450159415,1.0,0.8
R7210,13.065397468737562,2,52.261589874950246,1.0772173450159415,3.404006810250375,3.16,0.2
R7210,13.065397468737562,2,52.261589874950246,1.515135541433198,0.1515135541433198,0.1,1.0
R7210,13.065397468737562,2,52.261589874950246,1.515135541433198,0.48484337325862337,0.32,1.0
R7210,13.065397468737562,2,52.261589874950246,1.515135541433198,0.57,0.37620396618828256,1.0
R7210,13.065397468737562,2,52.261589874950246,1.515135541433198,1.515135541433198,1.0,0.3333333333333333
R7210,13.065397468737562,2,52.261589874950246,1.515135541433198,4.787828310928906,3.16,0.26666666666666666
R7210,13.065397468737562,2,52.261589874950246,2.1310794145076613,0.21310794145076614,0.1,1.0
R7210,13.065397468737562,2,52.261589874950246,2.1310794145076613,0.57,0.26747008868821803,1.0
R7210,13.065397468737562,2,52.261589874950246,2.1310794145076613,0.6819454126424516,0.32,1.0
R7210,13.065397468737562,2,52.261589874950246,2.1310794145076613,2.1310794145076613,1.0,0.26666666666666666
R7210,13.065397468737562,2,52.261589874950246,2.1310794145076613,6.7342109498442095,3.16,0.2
R7210,13.065397468737562,2,52.261589874950246,2.997421251594704,0.2997421251594704,0.1,1.0
R7210,13.065397468737562,2,52.261589874950246,2.997421251594704,0.57,0.19016346124080677,1.0
R7210,13.065397468737562,2,52.261589874950246,2.997421251594704,0.9591748005103052,0.32,1.0
R7210,13.065397468737562,2,52.261589874950246,2.997421251594704,2.997421251594704,1.0,0.3333333333333333
R7210,13.065397468737562,2,52.261589874950246,2.997421251594704,9.471851155039264,3.16,0.0
R7210,13.065397468737562,2,52.261589874950246,4.2159546464331275,0.42159546464331277,0.1,1.0
R7210,13.065397468737562,2,52.261589874950246,4.2159546464331275,0.57,0.13520069540649438,1.0
R7210,13.065397468737562,2,52.261589874950246,4.2159546464331275,1.3491054868586008,0.32,0.8666666666666667
R7210,13.065397468737562,2,52.261589874950246,4.2159546464331275,4.2159546464331275,1.0,0.4
R7210,13.065397468737562,2,52.261589874950246,4.2159546464331275,13.322416682728683,3.16,0.26666666666666666
R7210,13.065397468737562,2,52.261589874950246,5.929855061688346,0.57,0.09612376593867537,1.0
R7210,13.065397468737562,2,52.261589874950246,5.929855061688346,0.5929855061688346,0.1,1.0
R7210,13.065397468737562,2,52.261589874950246,5.929855061688346,1.8975536197402707,0.32,0.7333333333333333
R7210,13.065397468737562,2,52.261589874950246,5.929855061688346,5.929855061688346,1.0,0.3333333333333333
R7210,13.065397468737562,2,52.261589874950246,5.929855061688346,18.738341994935173,3.16,0.26666666666666666
R7210,13.065397468737562,2,52.261589874950246,8.340502686000294,0.57,0.06834120453635927,1.0
R7210,13.065397468737562,2,52.261589874950246,8.340502686000294,0.8340502686000294,0.1,1.0
R7210,13.065397468737562,2,52.261589874950246,8.340502686000294,2.668960859520094,0.32,0.7333333333333333
R7210,13.065397468737562,2,52.261589874950246,8.340502686000294,8.340502686000294,1.0,0.06666666666666667
R7210,13.065397468737562,2,52.261589874950246,8.340502686000294,26.35598848776093,3.16,0.2
R7210,13.065397468737562,2,52.261589874950246,11.731144240711311,0.57,0.04858861065077471,1.0
R7210,13.065397468737562,2,52.261589874950246,11.731144240711311,1.173114424071131,0.1,1.0
R7210,13.065397468737562,2,52.261589874950246,11.731144240711311,3.7539661570276195,0.32,0.7333333333333333
R7210,13.065397468737562,2,52.261589874950246,11.731144240711311,11.731144240711311,1.0,0.2
R7210,13.065397468737562,2,52.261589874950246,11.731144240711311,32.0,2.7277816505698085,0.0
R7210,13.065397468737562,2,52.261589874950246,16.50017395562641,0.57,0.034545090344676954,1.0
R7210,13.065397468737562,2,52.261589874950246,16.50017395562641,1.650017395562641,0.1,1.0
R7210,13.065397468737562,2,52.261589874950246,16.50017395562641,5.280055665800451,0.32,0.4666666666666667
R7210,13.065397468737562,2,52.261589874950246,16.50017395562641,16.50017395562641,1.0,0.13333333333333333
R7210,13.065397468737562,2,52.261589874950246,16.50017395562641,32.0,1.9393734930344957,0.2
R7210,13.065397468737562,2,52.261589874950246,23.207944168063882,0.57,0.024560555466363484,1.0
R7210,13.065397468737562,2,52.261589874950246,23.207944168063882,2.3207944168063883,0.1,0.8666666666666667
R7210,13.065397468737562,2,52.261589874950246,23.207944168063882,7.426542133780442,0.32,0.3333333333333333
R7210,13.065397468737562,2,52.261589874950246,23.207944168063882,23.207944168063882,1.0,0.26666666666666666
R7210,13.065397468737562,2,52.261589874950246,23.207944168063882,32.0,1.3788382016204064,0.13333333333333333
R7210,13.065397468737562,2,52.261589874950246,32.642605705639234,0.57,0.01746184128620371,1.0
R7210,13.065397468737562,2,52.261589874950246,32.642605705639234,3.2642605705639234,0.1,1.0
R7210,13.065397468737562,2,52.261589874950246,32.642605705639234,10.445633825804554,0.32,0.4
R7210,13.065397468737562,2,52.261589874950246,32.642605705639234,32.0,0.9803138967693311,0.13333333333333333
R7210,13.065397468737562,2,52.261589874950246,45.912714178281405,0.57,0.012414861769806529,1.0
R7210,13.065397468737562,2,52.261589874950246,45.912714178281405,4.591271417828141,0.1,0.8
R7210,13.065397468737562,2,52.261589874950246,45.912714178281405,14.69206853705005,0.32,0.4
R7210,13.065397468737562,2,52.261589874950246,45.912714178281405,32.0,0.6969746958487876,0.2
R7210,13.065397468737562,2,52.261589874950246,64.57748325074412,0.57,0.008826605982564857,1.0
R7210,13.065397468737562,2,52.261589874950246,64.57748325074412,6.457748325074412,0.1,0.8
R7210,13.065397468737562,2,52.261589874950246,64.57748325074412,20.66479464023812,0.32,0.6
R7210,13.065397468737562,2,52.261589874950246,64.57748325074412,32.0,0.49552875691592185,0.3333333333333333
R7210,13.065397468737562,2,52.261589874950246,90.82998941876633,0.57,0.00627546038095467,1.0
R7210,13.065397468737562,2,52.261589874950246,90.82998941876633,9.082998941876633,0.1,0.9333333333333333
R7210,13.065397468737562,2,52.261589874950246,90.82998941876633,29.065596614005226,0.32,0.4
R7210,13.065397468737562,2,52.261589874950246,90.82998941876633,32.0,0.3523065477027183,0.4666666666666667
R7210,13.065397468737562,2,52.261589874950246,127.75485451762533,0.57,0.004461669986257638,1.0
R7210,13.065397468737562,2,52.261589874950246,127.75485451762533,12.775485451762535,0.1,0.8
R7210,13.065397468737562,2,52.261589874950246,127.75485451762533,32.0,0.2504797185267446,0.4
R7210,13.065397468737562,2,52.261589874950246,179.69068319023125,0.57,0.0031721177185161237,1.0
R7210,13.065397468737562,2,52.261589874950246,179.69068319023125,17.969068319023126,0.1,0.8666666666666667
R7210,13.065397468737562,2,52.261589874950246,179.69068319023125,32.0,0.17808380174125607,0.7333333333333333
R7210,13.065397468737562,2,52.261589874950246,252.73984105956174,0.57,0.0022552835263739495,1.0
R7210,13.065397468737562,2,52.261589874950246,252.73984105956174,25.273984105956174,0.1,0.8
R7210,13.065397468737562,2,52.261589874950246,252.73984105956174,32.0,0.12661240849818667,0.6
R7210,13.065397468737562,2,52.261589874950246,355.4854716156215,0.57,0.001603441055999971,1.0
R7210,13.065397468737562,2,52.261589874950246,355.4854716156215,32.0,0.09001774349473524,0.9333333333333333
R7210,13.065397468737562,2,52.261589874950246,500.0,0.57,0.00114,1.0
R7210,13.065397468737562,2,52.261589874950246,500.0,32.0,0.064,1.0
R3383,13.016445158612784,3,117.14800642751506,0.05,0.01,0.19999999999999998,0.5333333333333333
R3383,13.016445158612784,3,117.14800642751506,0.05,0.016,0.32,0.5333333333333333
R3383,13.016445158612784,3,117.14800642751506,0.05,0.05,1.0,0.6666666666666666
R3383,13.016445158612784,3,117.14800642751506,0.05,0.15800000000000003,3.1600000000000006,0.8666666666666667
R3383,13.016445158612784,3,117.14800642751506,0.05,0.57,11.399999999999999,0.8666666666666667
R3383,13.016445158612784,3,117.14800642751506,0.07032636210526184,0.01,0.14219418864624872,0.5333333333333333
R3383,13.016445158612784,3,117.14800642751506,0.07032636210526184,0.02250443587368379,0.32,0.5333333333333333
R3383,13.016445158612784,3,117.14800642751506,0.07032636210526184,0.07032636210526184,1.0,0.8
R3383,13.016445158612784,3,117.14800642751506,0.07032636210526184,0.22223130425262744,3.16,0.9333333333333333
R3383,13.016445158612784,3,117.14800642751506,0.07032636210526184,0.57,8.105068752836177,0.8666666666666667
R3383,13.016445158612784,3,117.14800642751506,0.0989159441392082,0.01,0.10109593642382482,0.5333333333333333
R3383,13.016445158612784,3,117.14800642751506,0.0989159441392082,0.031653102124546625,0.32,0.5333333333333333
R3383,13.016445158612784,3,117.14800642751506,0.0989159441392082,0.0989159441392082,1.0,0.8666666666666667
R3383,13.016445158612784,3,117.14800642751506,0.0989159441392082,0.31257438347989797,3.16,0.9333333333333333
R3383,13.016445158612784,3,117.14800642751506,0.0989159441392082,0.57,5.762468376158014,0.8666666666666667
R3383,13.016445158612784,3,117.14800642751506,0.1391279701103562,0.013912797011035621,0.1,0.5333333333333333
R3383,13.016445158612784,3,117.14800642751506,0.1391279701103562,0.04452095043531399,0.32,0.7333333333333333
R3383,13.016445158612784,3,117.14800642751506,0.1391279701103562,0.1391279701103562,1.0,0.9333333333333333
R3383,13.016445158612784,3,117.14800642751506,0.1391279701103562,0.43964438554872565,3.16,0.9333333333333333
R3383,13.016445158612784,3,117.14800642751506,0.1391279701103562,0.57,4.096947576737275,0.8666666666666667
R3383,13.016445158612784,3,117.14800642751506,0.19568728009901917,0.01956872800990192,0.10000000000000002,0.5333333333333333
R3383,13.016445158612784,3,117.14800642751506,0.19568728009901917,0.06261992963168614,0.32,0.8666666666666667
R3383,13.016445158612784,3,117.14800642751506,0.19568728009901917,0.19568728009901917,1.0,0.9333333333333333
R3383,13.016445158612784,3,117.14800642751506,0.19568728009901917,0.57,2.912810683001858,0.9333333333333333
R3383,13.016445158612784,3,117.14800642751506,0.19568728009901917,0.6183718051129006,3.16,0.8666666666666667
R3383,13.016445158612784,3,117.14800642751506,0.2752394903927485,0.02752394903927485,0.1,0.4666666666666667
R3383,13.016445158612784,3,117.14800642751506,0.2752394903927485,0.08807663692567952,0.32,0.9333333333333333
R3383,13.016445158612784,3,117.14800642751506,0.2752394903927485,0.2752394903927485,1.0,1.0
R3383,13.016445158612784,3,117.14800642751506,0.2752394903927485,0.57,2.070923758747874,0.9333333333333333
R3383,13.016445158612784,3,117.14800642751506,0.2752394903927485,0.8697567896410853,3.16,0.8
R3383,13.016445158612784,3,117.14800642751506,0.38713184134056344,0.03871318413405635,0.1,0.4666666666666667
R3383,13.016445158612784,3,117.14800642751506,0.38713184134056344,0.12388218922898031,0.32,1.0
R3383,13.016445158612784,3,117.14800642751506,0.38713184134056344,0.38713184134056344,1.0,1.0
R3383,13.016445158612784,3,117.14800642751506,0.38713184134056344,0.57,1.472366618116968,1.0
R3383,13.016445158612784,3,117.14800642751506,0.38713184134056344,1.2233366186361805,3.16,0.6
R3383,13.016445158612784,3,117.14800642751506,0.5445114811318649,0.05445114811318649,0.1,0.7333333333333333
R3383,13.016445158612784,3,117.14800642751506,0.5445114811318649,0.17424367396219675,0.32,1.0
R3383,13.016445158612784,3,117.14800642751506,0.5445114811318649,0.5445114811318649,1.0,1.0
R3383,13.016445158612784,3,117.14800642751506,0.5445114811318649,0.57,1.0468098832648167,1.0
R3383,13.016445158612784,3,117.14800642751506,0.5445114811318649,1.7206562803766932,3.16,0.5333333333333333
R3383,13.016445158612784,3,117.14800642751506,0.7658702318510398,0.07658702318510398,0.1,0.8666666666666667
R3383,13.016445158612784,3,117.14800642751506,0.7658702318510398,0.24507847419233272,0.32,1.0
R3383,13.016445158612784,3,117.14800642751506,0.7658702318510398,0.57,0.7442514100885746,1.0
R3383,13.016445158612784,3,117.14800642751506,0.7658702318510398,0.7658702318510398,1.0,0.9333333333333333
R3383,13.016445158612784,3,117.14800642751506,0.7658702318510398,2.4201499326492857,3.16,0.6666666666666666
R3383,13.016445158612784,3,117.14800642751506,1.0772173450159415,0.10772173450159415,0.1,1.0
R3383,13.016445158612784,3,117.14800642751506,1.0772173450159415,0.34470955040510126,0.32,1.0
R3383,13.016445158612784,3,117.14800642751506,1.0772173450159415,0.57,0.5291411270318569,1.0
R3383,13.016445158612784,3,117.14800642751506,1.0772173450159415,1.0772173450159415,1.0,0.9333333333333333
R3383,13.016445158612784,3,117.14800642751506,1.0772173450159415,3.404006810250375,3.16,0.5333333333333333
R3383,13.016445158612784,3,117.14800642751506,1.515135541433198,0.1515135541433198,0.1,1.0
R3383,13.016445158612784,3,117.14800642751506,1.515135541433198,0.48484337325862337,0.32,1.0
R3383,13.016445158612784,3,117.14800642751506,1.515135541433198,0.57,0.37620396618828256,1.0
R3383,13.016445158612784,3,117.14800642751506,1.515135541433198,1.515135541433198,1.0,0.8666666666666667
R3383,13.016445158612784,3,117.14800642751506,1.515135541433198,4.787828310928906,3.16,0.8666666666666667
R3383,13.016445158612784,3,117.14800642751506,2.1310794145076613,0.21310794145076614,0.1,1.0
R3383,13.016445158612784,3,117.14800642751506,2.1310794145076613,0.57,0.26747008868821803,1.0
R3383,13.016445158612784,3,117.14800642751506,2.1310794145076613,0.6819454126424516,0.32,1.0
R3383,13.016445158612784,3,117.14800642751506,2.1310794145076613,2.1310794145076613,1.0,0.8666666666666667
R3383,13.016445158612784,3,117.14800642751506,2.1310794145076613,6.7342109498442095,3.16,0.5333333333333333
R3383,13.016445158612784,3,117.14800642751506,2.997421251594704,0.2997421251594704,0.1,1.0
R3383,13.016445158612784,3,117.14800642751506,2.997421251594704,0.57,0.19016346124080677,1.0
R3383,13.016445158612784,3,117.14800642751506,2.997421251594704,0.9591748005103052,0.32,1.0
R3383,13.016445158612784,3,117.14800642751506,2.997421251594704,2.997421251594704,1.0,0.8
R3383,13.016445158612784,3,117.14800642751506,2.997421251594704,9.471851155039264,3.16,0.4666666666666667
R3383,13.016445158612784,3,117.14800642751506,4.2159546464331275,0.42159546464331277,0.1,1.0
R3383,13.016445158612784,3,117.14800642751506,4.2159546464331275,0.57,0.13520069540649438,1.0
R3383,13.016445158612784,3,117.14800642751506,4.2159546464331275,1.3491054868586008,0.32,1.0
R3383,13.016445158612784,3,117.14800642751506,4.2159546464331275,4.2159546464331275,1.0,0.8666666666666667
R3383,13.016445158612784,3,117.14800642751506,4.2159546464331275,13.322416682728683,3.16,0.6666666666666666
R3383,13.016445158612784,3,117.14800642751506,5.929855061688346,0.57,0.09612376593867537,1.0
R3383,13.016445158612784,3,117.14800642751506,5.929855061688346,0.5929855061688346,0.1,1.0
R3383,13.016445158612784,3,117.14800642751506,5.929855061688346,1.8975536197402707,0.32,0.8666666666666667
R3383,13.016445158612784,3,117.14800642751506,5.929855061688346,5.929855061688346,1.0,0.7333333333333333
R3383,13.016445158612784,3,117.14800642751506,5.929855061688346,18.738341994935173,3.16,0.6
R3383,13.016445158612784,3,117.14800642751506,8.340502686000294,0.57,0.06834120453635927,1.0
R3383,13.016445158612784,3,117.14800642751506,8.340502686000294,0.8340502686000294,0.1,1.0
R3383,13.016445158612784,3,117.14800642751506,8.340502686000294,2.668960859520094,0.32,1.0
R3383,13.016445158612784,3,117.14800642751506,8.340502686000294,8.340502686000294,1.0,0.5333333333333333
R3383,13.016445158612784,3,117.14800642751506,8.340502686000294,26.35598848776093,3.16,0.6
R3383,13.016445158612784,3,117.14800642751506,11.731144240711311,0.57,0.04858861065077471,1.0
R3383,13.016445158612784,3,117.14800642751506,11.731144240711311,1.173114424071131,0.1,1.0
R3383,13.016445158612784,3,117.14800642751506,11.731144240711311,3.7539661570276195,0.32,1.0
R3383,13.016445158612784,3,117.14800642751506,11.731144240711311,11.731144240711311,1.0,0.8666666666666667
R3383,13.016445158612784,3,117.14800642751506,11.731144240711311,32.0,2.7277816505698085,0.8
R3383,13.016445158612784,3,117.14800642751506,16.50017395562641,0.57,0.034545090344676954,1.0
R3383,13.016445158612784,3,117.14800642751506,16.50017395562641,1.650017395562641,0.1,1.0
R3383,13.016445158612784,3,117.14800642751506,16.50017395562641,5.280055665800451,0.32,1.0
R3383,13.016445158612784,3,117.14800642751506,16.50017395562641,16.50017395562641,1.0,0.7333333333333333
R3383,13.016445158612784,3,117.14800642751506,16.50017395562641,32.0,1.9393734930344957,0.7333333333333333
R3383,13.016445158612784,3,117.14800642751506,23.207944168063882,0.57,0.024560555466363484,1.0
R3383,13.016445158612784,3,117.14800642751506,23.207944168063882,2.3207944168063883,0.1,1.0
R3383,13.016445158612784,3,117.14800642751506,23.207944168063882,7.426542133780442,0.32,1.0
R3383,13.016445158612784,3,117.14800642751506,23.207944168063882,23.207944168063882,1.0,0.8666666666666667
R3383,13.016445158612784,3,117.14800642751506,23.207944168063882,32.0,1.3788382016204064,0.8
R3383,13.016445158612784,3,117.14800642751506,32.642605705639234,0.57,0.01746184128620371,1.0
R3383,13.016445158612784,3,117.14800642751506,32.642605705639234,3.2642605705639234,0.1,1.0
R3383,13.016445158612784,3,117.14800642751506,32.642605705639234,10.445633825804554,0.32,1.0
R3383,13.016445158612784,3,117.14800642751506,32.642605705639234,32.0,0.9803138967693311,0.9333333333333333
R3383,13.016445158612784,3,117.14800642751506,45.912714178281405,0.57,0.012414861769806529,1.0
R3383,13.016445158612784,3,117.14800642751506,45.912714178281405,4.591271417828141,0.1,1.0
R3383,13.016445158612784,3,117.14800642751506,45.912714178281405,14.69206853705005,0.32,1.0
R3383,13.016445158612784,3,117.14800642751506,45.912714178281405,32.0,0.6969746958487876,0.8
R3383,13.016445158612784,3,117.14800642751506,64.57748325074412,0.57,0.008826605982564857,1.0
R3383,13.016445158612784,3,117.14800642751506,64.57748325074412,6.457748325074412,0.1,1.0
R3383,13.016445158612784,3,117.14800642751506,64.57748325074412,20.66479464023812,0.32,0.9333333333333333
R3383,13.016445158612784,3,117.14800642751506,64.57748325074412,32.0,0.49552875691592185,0.9333333333333333
R3383,13.016445158612784,3,117.14800642751506,90.82998941876633,0.57,0.00627546038095467,1.0
R3383,13.016445158612784,3,117.14800642751506,90.82998941876633,9.082998941876633,0.1,1.0
R3383,13.016445158612784,3,117.14800642751506,90.82998941876633,29.065596614005226,0.32,1.0
R3383,13.016445158612784,3,117.14800642751506,90.82998941876633,32.0,0.3523065477027183,0.9333333333333333
R3383,13.016445158612784,3,117.14800642751506,127.75485451762533,0.57,0.004461669986257638,0.8666666666666667
R3383,13.016445158612784,3,117.14800642751506,127.75485451762533,12.775485451762535,0.1,1.0
R3383,13.016445158612784,3,117.14800642751506,127.75485451762533,32.0,0.2504797185267446,0.9333333333333333
R3383,13.016445158612784,3,117.14800642751506,179.69068319023125,0.57,0.0031721177185161237,0.6666666666666666
R3383,13.016445158612784,3,117.14800642751506,179.69068319023125,17.969068319023126,0.1,1.0
R3383,13.016445158612784,3,117.14800642751506,179.69068319023125,32.0,0.17808380174125607,0.9333333333333333
R3383,13.016445158612784,3,117.14800642751506,252.73984105956174,0.57,0.0022552835263739495,0.2
R3383,13.016445158612784,3,117.14800642751506,252.73984105956174,25.273984105956174,0.1,1.0
R3383,13.016445158612784,3,117.14800642751506,252.73984105956174,32.0,0.12661240849818667,1.0
R3383,13.016445158612784,3,117.14800642751506,355.4854716156215,0.57,0.001603441055999971,0.06666666666666667
R3383,13.016445158612784,3,117.14800642751506,355.4854716156215,32.0,0.09001774349473524,1.0
R3383,13.016445158612784,3,117.14800642751506,500.0,0.57,0.00114,0.0
R3383,13.016445158612784,3,117.14800642751506,500.0,32.0,0.064,1.0
R0648,12.987418186959415,4,207.79869099135064,0.05,0.01,0.19999999999999998,0.0
R0648,12.987418186959415,4,207.79869099135064,0.05,0.016,0.32,0.0
R0648,12.987418186959415,4,207.79869099135064,0.05,0.05,1.0,0.0
R0648,12.987418186959415,4,207.79869099135064,0.05,0.15800000000000003,3.1600000000000006,0.2
R0648,12.987418186959415,4,207.79869099135064,0.05,0.57,11.399999999999999,0.4
R0648,12.987418186959415,4,207.79869099135064,0.07032636210526184,0.01,0.14219418864624872,0.0
R0648,12.987418186959415,4,207.79869099135064,0.07032636210526184,0.02250443587368379,0.32,0.0
R0648,12.987418186959415,4,207.79869099135064,0.07032636210526184,0.07032636210526184,1.0,0.0
R0648,12.987418186959415,4,207.79869099135064,0.07032636210526184,0.22223130425262744,3.16,0.2
R0648,12.987418186959415,4,207.79869099135064,0.07032636210526184,0.57,8.105068752836177,0.3333333333333333
R0648,12.987418186959415,4,207.79869099135064,0.0989159441392082,0.01,0.10109593642382482,0.0
R0648,12.987418186959415,4,207.79869099135064,0.0989159441392082,0.031653102124546625,0.32,0.0
R0648,12.987418186959415,4,207.79869099135064,0.0989159441392082,0.0989159441392082,1.0,0.2
R0648,12.987418186959415,4,207.79869099135064,0.0989159441392082,0.31257438347989797,3.16,0.4
R0648,12.987418186959415,4,207.79869099135064,0.0989159441392082,0.57,5.762468376158014,0.4666666666666667
R0648,12.987418186959415,4,207.79869099135064,0.1391279701103562,0.013912797011035621,0.1,0.0
R0648,12.987418186959415,4,207.79869099135064,0.1391279701103562,0.04452095043531399,0.32,0.0
R0648,12.987418186959415,4,207.79869099135064,0.1391279701103562,0.1391279701103562,1.0,0.26666666666666666
R0648,12.987418186959415,4,207.79869099135064,0.1391279701103562,0.43964438554872565,3.16,0.5333333333333333
R0648,12.987418186959415,4,207.79869099135064,0.1391279701103562,0.57,4.096947576737275,0.4666666666666667
R0648,12.987418186959415,4,207.79869099135064,0.19568728009901917,0.01956872800990192,0.10000000000000002,0.0
R0648,12.987418186959415,4,207.79869099135064,0.19568728009901917,0.06261992963168614,0.32,0.06666666666666667
R0648,12.987418186959415,4,207.79869099135064,0.19568728009901917,0.19568728009901917,1.0,0.4666666666666667
R0648,12.987418186959415,4,207.79869099135064,0.19568728009901917,0.57,2.912810683001858,0.5333333333333333
R0648,12.987418186959415,4,207.79869099135064,0.19568728009901917,0.6183718051129006,3.16,0.4
R0648,12.987418186959415,4,207.79869099135064,0.2752394903927485,0.02752394903927485,0.1,0.0
R0648,12.987418186959415,4,207.79869099135064,0.2752394903927485,0.08807663692567952,0.32,0.06666666666666667
R0648,12.987418186959415,4,207.79869099135064,0.2752394903927485,0.2752394903927485,1.0,0.4666666666666667
R0648,12.987418186959415,4,207.79869099135064,0.2752394903927485,0.57,2.070923758747874,0.4666666666666667
R0648,12.987418186959415,4,207.79869099135064,0.2752394903927485,0.8697567896410853,3.16,0.3333333333333333
R0648,12.987418186959415,4,207.79869099135064,0.38713184134056344,0.03871318413405635,0.1,0.06666666666666667
R0648,12.987418186959415,4,207.79869099135064,0.38713184134056344,0.12388218922898031,0.32,0.13333333333333333
R0648,12.987418186959415,4,207.79869099135064,0.38713184134056344,0.38713184134056344,1.0,0.6666666666666666
R0648,12.987418186959415,4,207.79869099135064,0.38713184134056344,0.57,1.472366618116968,0.6
R0648,12.987418186959415,4,207.79869099135064,0.38713184134056344,1.2233366186361805,3.16,0.5333333333333333
R0648,12.987418186959415,4,207.79869099135064,0.5445114811318649,0.05445114811318649,0.1,0.06666666666666667
R0648,12.987418186959415,4,207.79869099135064,0.5445114811318649,0.17424367396219675,0.32,0.5333333333333333
R0648,12.987418186959415,4,207.79869099135064,0.5445114811318649,0.5445114811318649,1.0,0.7333333333333333
R0648,12.987418186959415,4,207.79869099135064,0.5445114811318649,0.57,1.0468098832648167,0.6666666666666666
R0648,12.987418186959415,4,207.79869099135064,0.5445114811318649,1.7206562803766932,3.16,0.26666666666666666
R0648,12.987418186959415,4,207.79869099135064,0.7658702318510398,0.07658702318510398,0.1,0.2
R0648,12.987418186959415,4,207.79869099135064,0.7658702318510398,0.24507847419233272,0.32,0.6666666666666666
R0648,12.987418186959415,4,207.79869099135064,0.7658702318510398,0.57,0.7442514100885746,0.7333333333333333
R0648,12.987418186959415,4,207.79869099135064,0.7658702318510398,0.7658702318510398,1.0,0.4666666666666667
R0648,12.987418186959415,4,207.79869099135064,0.7658702318510398,2.4201499326492857,3.16,0.2
R0648,12.987418186959415,4,207.79869099135064,1.0772173450159415,0.10772173450159415,0.1,0.4666666666666667
R0648,12.987418186959415,4,207.79869099135064,1.0772173450159415,0.34470955040510126,0.32,0.8666666666666667
R0648,12.987418186959415,4,207.79869099135064,1.0772173450159415,0.57,0.5291411270318569,0.8
R0648,12.987418186959415,4,207.79869099135064,1.0772173450159415,1.0772173450159415,1.0,0.4666666666666667
R0648,12.987418186959415,4,207.79869099135064,1.0772173450159415,3.404006810250375,3.16,0.13333333333333333
R0648,12.987418186959415,4,207.79869099135064,1.515135541433198,0.1515135541433198,0.1,0.7333333333333333
R0648,12.987418186959415,4,207.79869099135064,1.515135541433198,0.48484337325862337,0.32,1.0
R0648,12.987418186959415,4,207.79869099135064,1.515135541433198,0.57,0.37620396618828256,0.9333333333333333
R0648,12.987418186959415,4,207.79869099135064,1.515135541433198,1.515135541433198,1.0,0.2
R0648,12.987418186959415,4,207.79869099135064,1.515135541433198,4.787828310928906,3.16,0.2
R0648,12.987418186959415,4,207.79869099135064,2.1310794145076613,0.21310794145076614,0.1,0.8666666666666667
R0648,12.987418186959415,4,207.79869099135064,2.1310794145076613,0.57,0.26747008868821803,0.9333333333333333
R0648,12.987418186959415,4,207.79869099135064,2.1310794145076613,0.6819454126424516,0.32,0.9333333333333333
R0648,12.987418186959415,4,207.79869099135064,2.1310794145076613,2.1310794145076613,1.0,0.13333333333333333
R0648,12.987418186959415,4,207.79869099135064,2.1310794145076613,6.7342109498442095,3.16,0.13333333333333333
R0648,12.987418186959415,4,207.79869099135064,2.997421251594704,0.2997421251594704,0.1,0.8666666666666667
R0648,12.987418186959415,4,207.79869099135064,2.997421251594704,0.57,0.19016346124080677,1.0
R0648,12.987418186959415,4,207.79869099135064,2.997421251594704,0.9591748005103052,0.32,0.8
R0648,12.987418186959415,4,207.79869099135064,2.997421251594704,2.997421251594704,1.0,0.26666666666666666
R0648,12.987418186959415,4,207.79869099135064,2.997421251594704,9.471851155039264,3.16,0.06666666666666667
R0648,12.987418186959415,4,207.79869099135064,4.2159546464331275,0.42159546464331277,0.1,0.9333333333333333
R0648,12.987418186959415,4,207.79869099135064,4.2159546464331275,0.57,0.13520069540649438,1.0
R0648,12.987418186959415,4,207.79869099135064,4.2159546464331275,1.3491054868586008,0.32,0.6
R0648,12.987418186959415,4,207.79869099135064,4.2159546464331275,4.2159546464331275,1.0,0.06666666666666667
R0648,12.987418186959415,4,207.79869099135064,4.2159546464331275,13.322416682728683,3.16,0.06666666666666667
R0648,12.987418186959415,4,207.79869099135064,5.929855061688346,0.57,0.09612376593867537,1.0
R0648,12.987418186959415,4,207.79869099135064,5.929855061688346,0.5929855061688346,0.1,1.0
R0648,12.987418186959415,4,207.79869099135064,5.929855061688346,1.8975536197402707,0.32,0.4
R0648,12.987418186959415,4,207.79869099135064,5.929855061688346,5.929855061688346,1.0,0.2
R0648,12.987418186959415,4,207.79869099135064,5.929855061688346,18.738341994935173,3.16,0.2
R0648,12.987418186959415,4,207.79869099135064,8.340502686000294,0.57,0.06834120453635927,1.0
R0648,12.987418186959415,4,207.79869099135064,8.340502686000294,0.8340502686000294,0.1,0.9333333333333333
R0648,12.987418186959415,4,207.79869099135064,8.340502686000294,2.668960859520094,0.32,0.4
R0648,12.987418186959415,4,207.79869099135064,8.340502686000294,8.340502686000294,1.0,0.2
R0648,12.987418186959415,4,207.79869099135064,8.340502686000294,26.35598848776093,3.16,0.06666666666666667
R0648,12.987418186959415,4,207.79869099135064,11.731144240711311,0.57,0.04858861065077471,1.0
R0648,12.987418186959415,4,207.79869099135064,11.731144240711311,1.173114424071131,0.1,0.8666666666666667
R0648,12.987418186959415,4,207.79869099135064,11.731144240711311,3.7539661570276195,0.32,0.6666666666666666
R0648,12.987418186959415,4,207.79869099135064,11.731144240711311,11.731144240711311,1.0,0.13333333333333333
R0648,12.987418186959415,4,207.79869099135064,11.731144240711311,32.0,2.7277816505698085,0.26666666666666666
R0648,12.987418186959415,4,207.79869099135064,16.50017395562641,0.57,0.034545090344676954,1.0
R0648,12.987418186959415,4,207.79869099135064,16.50017395562641,1.650017395562641,0.1,0.6666666666666666
R0648,12.987418186959415,4,207.79869099135064,16.50017395562641,5.280055665800451,0.32,0.4
R0648,12.987418186959415,4,207.79869099135064,16.50017395562641,16.50017395562641,1.0,0.2
R0648,12.987418186959415,4,207.79869099135064,16.50017395562641,32.0,1.9393734930344957,0.06666666666666667
R0648,12.987418186959415,4,207.79869099135064,23.207944168063882,0.57,0.024560555466363484,1.0
R0648,12.987418186959415,4,207.79869099135064,23.207944168063882,2.3207944168063883,0.1,0.6666666666666666
R0648,12.987418186959415,4,207.79869099135064,23.207944168063882,7.426542133780442,0.32,0.2
R0648,12.987418186959415,4,207.79869099135064,23.207944168063882,23.207944168063882,1.0,0.2
R0648,12.987418186959415,4,207.79869099135064,23.207944168063882,32.0,1.3788382016204064,0.13333333333333333
R0648,12.987418186959415,4,207.79869099135064,32.642605705639234,0.57,0.01746184128620371,1.0
R0648,12.987418186959415,4,207.79869099135064,32.642605705639234,3.2642605705639234,0.1,0.7333333333333333
R0648,12.987418186959415,4,207.79869099135064,32.642605705639234,10.445633825804554,0.32,0.2
R0648,12.987418186959415,4,207.79869099135064,32.642605705639234,32.0,0.9803138967693311,0.13333333333333333
R0648,12.987418186959415,4,207.79869099135064,45.912714178281405,0.57,0.012414861769806529,1.0
R0648,12.987418186959415,4,207.79869099135064,45.912714178281405,4.591271417828141,0.1,0.8
R0648,12.987418186959415,4,207.79869099135064,45.912714178281405,14.69206853705005,0.32,0.6666666666666666
R0648,12.987418186959415,4,207.79869099135064,45.912714178281405,32.0,0.6969746958487876,0.13333333333333333
R0648,12.987418186959415,4,207.79869099135064,64.57748325074412,0.57,0.008826605982564857,1.0
R0648,12.987418186959415,4,207.79869099135064,64.57748325074412,6.457748325074412,0.1,0.6
R0648,12.987418186959415,4,207.79869099135064,64.57748325074412,20.66479464023812,0.32,0.26666666666666666
R0648,12.987418186959415,4,207.79869099135064,64.57748325074412,32.0,0.49552875691592185,0.4
R0648,12.987418186959415,4,207.79869099135064,90.82998941876633,0.57,0.00627546038095467,1.0
R0648,12.987418186959415,4,207.79869099135064,90.82998941876633,9.082998941876633,0.1,0.5333333333333333
R0648,12.987418186959415,4,207.79869099135064,90.82998941876633,29.065596614005226,0.32,0.4
R0648,12.987418186959415,4,207.79869099135064,90.82998941876633,32.0,0.3523065477027183,0.3333333333333333
R0648,12.987418186959415,4,207.79869099135064,127.75485451762533,0.57,0.004461669986257638,1.0
R0648,12.987418186959415,4,207.79869099135064,127.75485451762533,12.775485451762535,0.1,0.6
R0648,12.987418186959415,4,207.79869099135064,127.75485451762533,32.0,0.2504797185267446,0.3333333333333333
R0648,12.987418186959415,4,207.79869099135064,179.69068319023125,0.57,0.0031721177185161237,0.9333333333333333
R0648,12.987418186959415,4,207.79869099135064,179.69068319023125,17.969068319023126,0.1,0.6
R0648,12.987418186959415,4,207.79869099135064,179.69068319023125,32.0,0.17808380174125607,0.6666666666666666
R0648,12.987418186959415,4,207.79869099135064,252.73984105956174,0.57,0.0022552835263739495,0.06666666666666667
R0648,12.987418186959415,4,207.79869099135064,252.73984105956174,25.273984105956174,0.1,0.7333333333333333
R0648,12.987418186959415,4,207.79869099135064,252.73984105956174,32.0,0.12661240849818667,0.6666666666666666
R0648,12.987418186959415,4,207.79869099135064,355.4854716156215,0.57,0.001603441055999971,0.06666666666666667
R0648,12.987418186959415,4,207.79869099135064,355.4854716156215,32.0,0.09001774349473524,0.6
R0648,12.987418186959415,4,207.79869099135064,500.0,0.57,0.00114,0.0
R0648,12.987418186959415,4,207.79869099135064,500.0,32.0,0.064,0.8
R2771,13.03669298593427,5,325.9173246483567,0.05,0.01,0.19999999999999998,0.13333333333333333
R2771,13.03669298593427,5,325.9173246483567,0.05,0.016,0.32,0.13333333333333333
R2771,13.03669298593427,5,325.9173246483567,0.05,0.05,1.0,0.4666666666666667
R2771,13.03669298593427,5,325.9173246483567,0.05,0.15800000000000003,3.1600000000000006,0.6666666666666666
R2771,13.03669298593427,5,325.9173246483567,0.05,0.57,11.399999999999999,0.5333333333333333
R2771,13.03669298593427,5,325.9173246483567,0.07032636210526184,0.01,0.14219418864624872,0.13333333333333333
R2771,13.03669298593427,5,325.9173246483567,0.07032636210526184,0.02250443587368379,0.32,0.2
R2771,13.03669298593427,5,325.9173246483567,0.07032636210526184,0.07032636210526184,1.0,0.6
R2771,13.03669298593427,5,325.9173246483567,0.07032636210526184,0.22223130425262744,3.16,0.6666666666666666
R2771,13.03669298593427,5,325.9173246483567,0.07032636210526184,0.57,8.105068752836177,0.4666666666666667
R2771,13.03669298593427,5,325.9173246483567,0.0989159441392082,0.01,0.10109593642382482,0.13333333333333333
R2771,13.03669298593427,5,325.9173246483567,0.0989159441392082,0.031653102124546625,0.32,0.26666666666666666
R2771,13.03669298593427,5,325.9173246483567,0.0989159441392082,0.0989159441392082,1.0,0.6666666666666666
R2771,13.03669298593427,5,325.9173246483567,0.0989159441392082,0.31257438347989797,3.16,0.8666666666666667
R2771,13.03669298593427,5,325.9173246483567,0.0989159441392082,0.57,5.762468376158014,0.4
R2771,13.03669298593427,5,325.9173246483567,0.1391279701103562,0.013912797011035621,0.1,0.13333333333333333
R2771,13.03669298593427,5,325.9173246483567,0.1391279701103562,0.04452095043531399,0.32,0.5333333333333333
R2771,13.03669298593427,5,325.9173246483567,0.1391279701103562,0.1391279701103562,1.0,0.7333333333333333
R2771,13.03669298593427,5,325.9173246483567,0.1391279701103562,0.43964438554872565,3.16,0.4666666666666667
R2771,13.03669298593427,5,325.9173246483567,0.1391279701103562,0.57,4.096947576737275,0.3333333333333333
R2771,13.03669298593427,5,325.9173246483567,0.19568728009901917,0.01956872800990192,0.10000000000000002,0.26666666666666666
R2771,13.03669298593427,5,325.9173246483567,0.19568728009901917,0.06261992963168614,0.32,0.7333333333333333
R2771,13.03669298593427,5,325.9173246483567,0.19568728009901917,0.19568728009901917,1.0,0.8666666666666667
R2771,13.03669298593427,5,325.9173246483567,0.19568728009901917,0.57,2.912810683001858,0.4
R2771,13.03669298593427,5,325.9173246483567,0.19568728009901917,0.6183718051129006,3.16,0.4666666666666667
R2771,13.03669298593427,5,325.9173246483567,0.2752394903927485,0.02752394903927485,0.1,0.4666666666666667
R2771,13.03669298593427,5,325.9173246483567,0.2752394903927485,0.08807663692567952,0.32,0.8666666666666667
R2771,13.03669298593427,5,325.9173246483567,0.2752394903927485,0.2752394903927485,1.0,0.9333333333333333
R2771,13.03669298593427,5,325.9173246483567,0.2752394903927485,0.57,2.070923758747874,0.4
R2771,13.03669298593427,5,325.9173246483567,0.2752394903927485,0.8697567896410853,3.16,0.26666666666666666
R2771,13.03669298593427,5,325.9173246483567,0.38713184134056344,0.03871318413405635,0.1,0.4666666666666667
R2771,13.03669298593427,5,325.9173246483567,0.38713184134056344,0.12388218922898031,0.32,1.0
R2771,13.03669298593427,5,325.9173246483567,0.38713184134056344,0.38713184134056344,1.0,0.9333333333333333
R2771,13.03669298593427,5,325.9173246483567,0.38713184134056344,0.57,1.472366618116968,0.5333333333333333
R2771,13.03669298593427,5,325.9173246483567,0.38713184134056344,1.2233366186361805,3.16,0.2
R2771,13.03669298593427,5,325.9173246483567,0.5445114811318649,0.05445114811318649,0.1,0.9333333333333333
R2771,13.03669298593427,5,325.9173246483567,0.5445114811318649,0.17424367396219675,0.32,1.0
R2771,13.03669298593427,5,325.9173246483567,0.5445114811318649,0.5445114811318649,1.0,0.6666666666666666
R2771,13.03669298593427,5,325.9173246483567,0.5445114811318649,0.57,1.0468098832648167,0.6
R2771,13.03669298593427,5,325.9173246483567,0.5445114811318649,1.7206562803766932,3.16,0.0
R2771,13.03669298593427,5,325.9173246483567,0.7658702318510398,0.07658702318510398,0.1,0.9333333333333333
R2771,13.03669298593427,5,325.9173246483567,0.7658702318510398,0.24507847419233272,0.32,1.0
R2771,13.03669298593427,5,325.9173246483567,0.7658702318510398,0.57,0.7442514100885746,0.8
R2771,13.03669298593427,5,325.9173246483567,0.7658702318510398,0.7658702318510398,1.0,0.3333333333333333
R2771,13.03669298593427,5,325.9173246483567,0.7658702318510398,2.4201499326492857,3.16,0.06666666666666667
R2771,13.03669298593427,5,325.9173246483567,1.0772173450159415,0.10772173450159415,0.1,1.0
R2771,13.03669298593427,5,325.9173246483567,1.0772173450159415,0.34470955040510126,0.32,1.0
R2771,13.03669298593427,5,325.9173246483567,1.0772173450159415,0.57,0.5291411270318569,0.8
R2771,13.03669298593427,5,325.9173246483567,1.0772173450159415,1.0772173450159415,1.0,0.3333333333333333
R2771,13.03669298593427,5,325.9173246483567,1.0772173450159415,3.404006810250375,3.16,0.06666666666666667
R2771,13.03669298593427,5,325.9173246483567,1.515135541433198,0.1515135541433198,0.1,1.0
R2771,13.03669298593427,5,325.9173246483567,1.515135541433198,0.48484337325862337,0.32,1.0
R2771,13.03669298593427,5,325.9173246483567,1.515135541433198,0.57,0.37620396618828256,0.8666666666666667
R2771,13.03669298593427,5,325.9173246483567,1.515135541433198,1.515135541433198,1.0,0.4
R2771,13.03669298593427,5,325.9173246483567,1.515135541433198,4.787828310928906,3.16,0.13333333333333333
R2771,13.03669298593427,5,325.9173246483567,2.1310794145076613,0.21310794145076614,0.1,1.0
R2771,13.03669298593427,5,325.9173246483567,2.1310794145076613,0.57,0.26747008868821803,0.9333333333333333
R2771,13.03669298593427,5,325.9173246483567,2.1310794145076613,0.6819454126424516,0.32,0.9333333333333333
R2771,13.03669298593427,5,325.9173246483567,2.1310794145076613,2.1310794145076613,1.0,0.3333333333333333
R2771,13.03669298593427,5,325.9173246483567,2.1310794145076613,6.7342109498442095,3.16,0.0
R2771,13.03669298593427,5,325.9173246483567,2.997421251594704,0.2997421251594704,0.1,1.0
R2771,13.03669298593427,5,325.9173246483567,2.997421251594704,0.57,0.19016346124080677,0.9333333333333333
R2771,13.03669298593427,5,325.9173246483567,2.997421251594704,0.9591748005103052,0.32,0.6
R2771,13.03669298593427,5,325.9173246483567,2.997421251594704,2.997421251594704,1.0,0.13333333333333333
R2771,13.03669298593427,5,325.9173246483567,2.997421251594704,9.471851155039264,3.16,0.0
R2771,13.03669298593427,5,325.9173246483567,4.2159546464331275,0.42159546464331277,0.1,1.0
R2771,13.03669298593427,5,325.9173246483567,4.2159546464331275,0.57,0.13520069540649438,1.0
R2771,13.03669298593427,5,325.9173246483567,4.2159546464331275,1.3491054868586008,0.32,0.4
R2771,13.03669298593427,5,325.9173246483567,4.2159546464331275,4.2159546464331275,1.0,0.2
R2771,13.03669298593427,5,325.9173246483567,4.2159546464331275,13.322416682728683,3.16,0.0
R2771,13.03669298593427,5,325.9173246483567,5.929855061688346,0.57,0.09612376593867537,1.0
R2771,13.03669298593427,5,325.9173246483567,5.929855061688346,0.5929855061688346,0.1,1.0
R2771,13.03669298593427,5,325.9173246483567,5.929855061688346,1.8975536197402707,0.32,0.4666666666666667
R2771,13.03669298593427,5,325.9173246483567,5.929855061688346,5.929855061688346,1.0,0.06666666666666667
R2771,13.03669298593427,5,325.9173246483567,5.929855061688346,18.738341994935173,3.16,0.13333333333333333
R2771,13.03669298593427,5,325.9173246483567,8.340502686000294,0.57,0.06834120453635927,1.0
R2771,13.03669298593427,5,325.9173246483567,8.340502686000294,0.8340502686000294,0.1,0.9333333333333333
R2771,13.03669298593427,5,325.9173246483567,8.340502686000294,2.668960859520094,0.32,0.13333333333333333
R2771,13.03669298593427,5,325.9173246483567,8.340502686000294,8.340502686000294,1.0,0.0
R2771,13.03669298593427,5,325.9173246483567,8.340502686000294,26.35598848776093,3.16,0.2
R2771,13.03669298593427,5,325.9173246483567,11.731144240711311,0.57,0.04858861065077471,1.0
R2771,13.03669298593427,5,325.9173246483567,11.731144240711311,1.173114424071131,0.1,0.9333333333333333
R2771,13.03669298593427,5,325.9173246483567,11.731144240711311,3.7539661570276195,0.32,0.4
R2771,13.03669298593427,5,325.9173246483567,11.731144240711311,11.731144240711311,1.0,0.0
R2771,13.03669298593427,5,325.9173246483567,11.731144240711311,32.0,2.7277816505698085,0.13333333333333333
R2771,13.03669298593427,5,325.9173246483567,16.50017395562641,0.57,0.034545090344676954,1.0
R2771,13.03669298593427,5,325.9173246483567,16.50017395562641,1.650017395562641,0.1,0.7333333333333333
R2771,13.03669298593427,5,325.9173246483567,16.50017395562641,5.280055665800451,0.32,0.4
R2771,13.03669298593427,5,325.9173246483567,16.50017395562641,16.50017395562641,1.0,0.2
R2771,13.03669298593427,5,325.9173246483567,16.50017395562641,32.0,1.9393734930344957,0.0
R2771,13.03669298593427,5,325.9173246483567,23.207944168063882,0.57,0.024560555466363484,1.0
R2771,13.03669298593427,5,325.9173246483567,23.207944168063882,2.3207944168063883,0.1,0.7333333333333333
R2771,13.03669298593427,5,325.9173246483567,23.207944168063882,7.426542133780442,0.32,0.06666666666666667
R2771,13.03669298593427,5,325.9173246483567,23.207944168063882,23.207944168063882,1.0,0.13333333333333333
R2771,13.03669298593427,5,325.9173246483567,23.207944168063882,32.0,1.3788382016204064,0.13333333333333333
R2771,13.03669298593427,5,325.9173246483567,32.642605705639234,0.57,0.01746184128620371,1.0
R2771,13.03669298593427,5,325.9173246483567,32.642605705639234,3.2642605705639234,0.1,0.6
R2771,13.03669298593427,5,325.9173246483567,32.642605705639234,10.445633825804554,0.32,0.2
R2771,13.03669298593427,5,325.9173246483567,32.642605705639234,32.0,0.9803138967693311,0.13333333333333333
R2771,13.03669298593427,5,325.9173246483567,45.912714178281405,0.57,0.012414861769806529,1.0
R2771,13.03669298593427,5,325.9173246483567,45.912714178281405,4.591271417828141,0.1,0.4666666666666667
R2771,13.03669298593427,5,325.9173246483567,45.912714178281405,14.69206853705005,0.32,0.26666666666666666
R2771,13.03669298593427,5,325.9173246483567,45.912714178281405,32.0,0.6969746958487876,0.13333333333333333
R2771,13.03669298593427,5,325.9173246483567,64.57748325074412,0.57,0.008826605982564857,0.9333333333333333
R2771,13.03669298593427,5,325.9173246483567,64.57748325074412,6.457748325074412,0.1,0.6666666666666666
R2771,13.03669298593427,5,325.9173246483567,64.57748325074412,20.66479464023812,0.32,0.13333333333333333
R2771,13.03669298593427,5,325.9173246483567,64.57748325074412,32.0,0.49552875691592185,0.13333333333333333
R2771,13.03669298593427,5,325.9173246483567,90.82998941876633,0.57,0.00627546038095467,0.9333333333333333
R2771,13.03669298593427,5,325.9173246483567,90.82998941876633,9.082998941876633,0.1,0.3333333333333333
R2771,13.03669298593427,5,325.9173246483567,90.82998941876633,29.065596614005226,0.32,0.26666666666666666
R2771,13.03669298593427,5,325.9173246483567,90.82998941876633,32.0,0.3523065477027183,0.26666666666666666
R2771,13.03669298593427,5,325.9173246483567,127.75485451762533,0.57,0.004461669986257638,0.3333333333333333
R2771,13.03669298593427,5,325.9173246483567,127.75485451762533,12.775485451762535,0.1,0.6666666666666666
R2771,13.03669298593427,5,325.9173246483567,127.75485451762533,32.0,0.2504797185267446,0.4666666666666667
R2771,13.03669298593427,5,325.9173246483567,179.69068319023125,0.57,0.0031721177185161237,0.06666666666666667
R2771,13.03669298593427,5,325.9173246483567,179.69068319023125,17.969068319023126,0.1,0.5333333333333333
R2771,13.03669298593427,5,325.9173246483567,179.69068319023125,32.0,0.17808380174125607,0.3333333333333333
R2771,13.03669298593427,5,325.9173246483567,252.73984105956174,0.57,0.0022552835263739495,0.0
R2771,13.03669298593427,5,325.9173246483567,252.73984105956174,25.273984105956174,0.1,0.6
R2771,13.03669298593427,5,325.9173246483567,252.73984105956174,32.0,0.12661240849818667,0.6666666666666666
R2771,13.03669298593427,5,325.9173246483567,355.4854716156215,0.57,0.001603441055999971,0.0
R2771,13.03669298593427,5,325.9173246483567,355.4854716156215,32.0,0.09001774349473524,0.3333333333333333
R2771,13.03669298593427,5,325.9173246483567,500.0,0.57,0.00114,0.0
R2771,13.03669298593427,5,325.9173246483567,500.0,32.0,0.064,0.7333333333333333
R7031,19.866965666470445,1,19.866965666470445,0.05,0.01,0.19999999999999998,0.4
R7031,19.866965666470445,1,19.866965666470445,0.05,0.016,0.32,0.4
R7031,19.866965666470445,1,19.866965666470445,0.05,0.05,1.0,0.4
R7031,19.866965666470445,1,19.866965666470445,0.05,0.15800000000000003,3.1600000000000006,0.8666666666666667
R7031,19.866965666470445,1,19.866965666470445,0.05,0.57,11.399999999999999,0.8666666666666667
R7031,19.866965666470445,1,19.866965666470445,0.07032636210526184,0.01,0.14219418864624872,0.4
R7031,19.866965666470445,1,19.866965666470445,0.07032636210526184,0.02250443587368379,0.32,0.4
R7031,19.866965666470445,1,19.866965666470445,0.07032636210526184,0.07032636210526184,1.0,0.8
R7031,19.866965666470445,1,19.866965666470445,0.07032636210526184,0.22223130425262744,3.16,0.9333333333333333
R7031,19.866965666470445,1,19.866965666470445,0.07032636210526184,0.57,8.105068752836177,0.8666666666666667
R7031,19.866965666470445,1,19.866965666470445,0.0989159441392082,0.01,0.10109593642382482,0.4
R7031,19.866965666470445,1,19.866965666470445,0.0989159441392082,0.031653102124546625,0.32,0.4
R7031,19.866965666470445,1,19.866965666470445,0.0989159441392082,0.0989159441392082,1.0,0.8666666666666667
R7031,19.866965666470445,1,19.866965666470445,0.0989159441392082,0.31257438347989797,3.16,0.9333333333333333
R7031,19.866965666470445,1,19.866965666470445,0.0989159441392082,0.57,5.762468376158014,0.8666666666666667
R7031,19.866965666470445,1,19.866965666470445,0.1391279701103562,0.013912797011035621,0.1,0.4
R7031,19.866965666470445,1,19.866965666470445,0.1391279701103562,0.04452095043531399,0.32,0.4
R7031,19.866965666470445,1,19.866965666470445,0.1391279701103562,0.1391279701103562,1.0,0.9333333333333333
R7031,19.866965666470445,1,19.866965666470445,0.1391279701103562,0.43964438554872565,3.16,0.9333333333333333
R7031,19.866965666470445,1,19.866965666470445,0.1391279701103562,0.57,4.096947576737275,0.9333333333333333
R7031,19.866965666470445,1,19.866965666470445,0.19568728009901917,0.01956872800990192,0.10000000000000002,0.4
R7031,19.866965666470445,1,19.866965666470445,0.19568728009901917,0.06261992963168614,0.32,0.6666666666666666
R7031,19.866965666470445,1,19.866965666470445,0.19568728009901917,0.19568728009901917,1.0,0.9333333333333333
R7031,19.866965666470445,1,19.866965666470445,0.19568728009901917,0.57,2.912810683001858,0.9333333333333333
R7031,19.866965666470445,1,19.866965666470445,0.19568728009901917,0.6183718051129006,3.16,0.9333333333333333
R7031,19.866965666470445,1,19.866965666470445,0.2752394903927485,0.02752394903927485,0.1,0.4
R7031,19.866965666470445,1,19.866965666470445,0.2752394903927485,0.08807663692567952,0.32,0.8666666666666667
R7031,19.866965666470445,1,19.866965666470445,0.2752394903927485,0.2752394903927485,1.0,0.9333333333333333
R7031,19.866965666470445,1,19.866965666470445,0.2752394903927485,0.57,2.070923758747874,0.9333333333333333
R7031,19.866965666470445,1,19.866965666470445,0.2752394903927485,0.8697567896410853,3.16,0.7333333333333333
R7031,19.866965666470445,1,19.866965666470445,0.38713184134056344,0.03871318413405635,0.1,0.3333333333333333
R7031,19.866965666470445,1,19.866965666470445,0.38713184134056344,0.12388218922898031,0.32,0.9333333333333333
R7031,19.866965666470445,1,19.866965666470445,0.38713184134056344,0.38713184134056344,1.0,0.9333333333333333
R7031,19.866965666470445,1,19.866965666470445,0.38713184134056344,0.57,1.472366618116968,0.9333333333333333
R7031,19.866965666470445,1,19.866965666470445,0.38713184134056344,1.2233366186361805,3.16,0.6
R7031,19.866965666470445,1,19.866965666470445,0.5445114811318649,0.05445114811318649,0.1,0.5333333333333333
R7031,19.866965666470445,1,19.866965666470445,0.5445114811318649,0.17424367396219675,0.32,1.0
R7031,19.866965666470445,1,19.866965666470445,0.5445114811318649,0.5445114811318649,1.0,0.9333333333333333
R7031,19.866965666470445,1,19.866965666470445,0.5445114811318649,0.57,1.0468098832648167,0.9333333333333333
R7031,19.866965666470445,1,19.866965666470445,0.5445114811318649,1.7206562803766932,3.16,0.3333333333333333
R7031,19.866965666470445,1,19.866965666470445,0.7658702318510398,0.07658702318510398,0.1,0.5333333333333333
R7031,19.866965666470445,1,19.866965666470445,0.7658702318510398,0.24507847419233272,0.32,1.0
R7031,19.866965666470445,1,19.866965666470445,0.7658702318510398,0.57,0.7442514100885746,1.0
R7031,19.866965666470445,1,19.866965666470445,0.7658702318510398,0.7658702318510398,1.0,1.0
R7031,19.866965666470445,1,19.866965666470445,0.7658702318510398,2.4201499326492857,3.16,0.4
R7031,19.866965666470445,1,19.866965666470445,1.0772173450159415,0.10772173450159415,0.1,0.8666666666666667
R7031,19.866965666470445,1,19.866965666470445,1.0772173450159415,0.34470955040510126,0.32,1.0
R7031,19.866965666470445,1,19.866965666470445,1.0772173450159415,0.57,0.5291411270318569,1.0
R7031,19.866965666470445,1,19.866965666470445,1.0772173450159415,1.0772173450159415,1.0,0.8666666666666667
R7031,19.866965666470445,1,19.866965666470445,1.0772173450159415,3.404006810250375,3.16,0.26666666666666666
R7031,19.866965666470445,1,19.866965666470445,1.515135541433198,0.1515135541433198,0.1,1.0
R7031,19.866965666470445,1,19.866965666470445,1.515135541433198,0.48484337325862337,0.32,1.0
R7031,19.866965666470445,1,19.866965666470445,1.515135541433198,0.57,0.37620396618828256,1.0
R7031,19.866965666470445,1,19.866965666470445,1.515135541433198,1.515135541433198,1.0,0.8666666666666667
R7031,19.866965666470445,1,19.866965666470445,1.515135541433198,4.787828310928906,3.16,0.4
R7031,19.866965666470445,1,19.866965666470445,2.1310794145076613,0.21310794145076614,0.1,1.0
R7031,19.866965666470445,1,19.866965666470445,2.1310794145076613,0.57,0.26747008868821803,1.0
R7031,19.866965666470445,1,19.866965666470445,2.1310794145076613,0.6819454126424516,0.32,1.0
R7031,19.866965666470445,1,19.866965666470445,2.1310794145076613,2.1310794145076613,1.0,0.6
R7031,19.866965666470445,1,19.866965666470445,2.1310794145076613,6.7342109498442095,3.16,0.26666666666666666
R7031,19.866965666470445,1,19.866965666470445,2.997421251594704,0.2997421251594704,0.1,1.0
R7031,19.866965666470445,1,19.866965666470445,2.997421251594704,0.57,0.19016346124080677,1.0
R7031,19.866965666470445,1,19.866965666470445,2.997421251594704,0.9591748005103052,0.32,1.0
R7031,19.866965666470445,1,19.866965666470445,2.997421251594704,2.997421251594704,1.0,0.6666666666666666
R7031,19.866965666470445,1,19.866965666470445,2.997421251594704,9.471851155039264,3.16,0.2
R7031,19.866965666470445,1,19.866965666470445,4.2159546464331275,0.42159546464331277,0.1,1.0
R7031,19.866965666470445,1,19.866965666470445,4.2159546464331275,0.57,0.13520069540649438,1.0
R7031,19.866965666470445,1,19.866965666470445,4.2159546464331275,1.3491054868586008,0.32,0.8666666666666667
R7031,19.866965666470445,1,19.866965666470445,4.2159546464331275,4.2159546464331275,1.0,0.4666666666666667
R7031,19.866965666470445,1,19.866965666470445,4.2159546464331275,13.322416682728683,3.16,0.26666666666666666
R7031,19.866965666470445,1,19.866965666470445,5.929855061688346,0.57,0.09612376593867537,1.0
R7031,19.866965666470445,1,19.866965666470445,5.929855061688346,0.5929855061688346,0.1,1.0
R7031,19.866965666470445,1,19.866965666470445,5.929855061688346,1.8975536197402707,0.32,1.0
R7031,19.866965666470445,1,19.866965666470445,5.929855061688346,5.929855061688346,1.0,0.6666666666666666
R7031,19.866965666470445,1,19.866965666470445,5.929855061688346,18.738341994935173,3.16,0.5333333333333333
R7031,19.866965666470445,1,19.866965666470445,8.340502686000294,0.57,0.06834120453635927,1.0
R7031,19.866965666470445,1,19.866965666470445,8.340502686000294,0.8340502686000294,0.1,1.0
R7031,19.866965666470445,1,19.866965666470445,8.340502686000294,2.668960859520094,0.32,0.8666666666666667
R7031,19.866965666470445,1,19.866965666470445,8.340502686000294,8.340502686000294,1.0,0.6
R7031,19.866965666470445,1,19.866965666470445,8.340502686000294,26.35598848776093,3.16,0.06666666666666667
R7031,19.866965666470445,1,19.866965666470445,11.731144240711311,0.57,0.04858861065077471,1.0
R7031,19.866965666470445,1,19.866965666470445,11.731144240711311,1.173114424071131,0.1,1.0
R7031,19.866965666470445,1,19.866965666470445,11.731144240711311,3.7539661570276195,0.32,0.8666666666666667
R7031,19.866965666470445,1,19.866965666470445,11.731144240711311,11.731144240711311,1.0,0.5333333333333333
R7031,19.866965666470445,1,19.866965666470445,11.731144240711311,32.0,2.7277816505698085,0.4
R7031,19.866965666470445,1,19.866965666470445,16.50017395562641,0.57,0.034545090344676954,1.0
R7031,19.866965666470445,1,19.866965666470445,16.50017395562641,1.650017395562641,0.1,1.0
R7031,19.866965666470445,1,19.866965666470445,16.50017395562641,5.280055665800451,0.32,0.9333333333333333
R7031,19.866965666470445,1,19.866965666470445,16.50017395562641,16.50017395562641,1.0,0.6666666666666666
R7031,19.866965666470445,1,19.866965666470445,16.50017395562641,32.0,1.9393734930344957,0.4
R7031,19.866965666470445,1,19.866965666470445,23.207944168063882,0.57,0.024560555466363484,1.0
R7031,19.866965666470445,1,19.866965666470445,23.207944168063882,2.3207944168063883,0.1,1.0
R7031,19.866965666470445,1,19.866965666470445,23.207944168063882,7.426542133780442,0.32,0.8666666666666667
R7031,19.866965666470445,1,19.866965666470445,23.207944168063882,23.207944168063882,1.0,0.6
R7031,19.866965666470445,1,19.866965666470445,23.207944168063882,32.0,1.3788382016204064,0.3333333333333333
R7031,19.866965666470445,1,19.866965666470445,32.642605705639234,0.57,0.01746184128620371,1.0
R7031,19.866965666470445,1,19.866965666470445,32.642605705639234,3.2642605705639234,0.1,1.0
R7031,19.866965666470445,1,19.866965666470445,32.642605705639234,10.445633825804554,0.32,0.9333333333333333
R7031,19.866965666470445,1,19.866965666470445,32.642605705639234,32.0,0.9803138967693311,0.6
R7031,19.866965666470445,1,19.866965666470445,45.912714178281405,0.57,0.012414861769806529,1.0
R7031,19.866965666470445,1,19.866965666470445,45.912714178281405,4.591271417828141,0.1,1.0
R7031,19.866965666470445,1,19.866965666470445,45.912714178281405,14.69206853705005,0.32,0.7333333333333333
R7031,19.866965666470445,1,19.866965666470445,45.912714178281405,32.0,0.6969746958487876,0.7333333333333333
R7031,19.866965666470445,1,19.866965666470445,64.57748325074412,0.57,0.008826605982564857,1.0
R7031,19.866965666470445,1,19.866965666470445,64.57748325074412,6.457748325074412,0.1,1.0
R7031,19.866965666470445,1,19.866965666470445,64.57748325074412,20.66479464023812,0.32,0.7333333333333333
R7031,19.866965666470445,1,19.866965666470445,64.57748325074412,32.0,0.49552875691592185,0.8
R7031,19.866965666470445,1,19.866965666470445,90.82998941876633,0.57,0.00627546038095467,1.0
R7031,19.866965666470445,1,19.866965666470445,90.82998941876633,9.082998941876633,0.1,1.0
R7031,19.866965666470445,1,19.866965666470445,90.82998941876633,29.065596614005226,0.32,0.7333333333333333
R7031,19.866965666470445,1,19.866965666470445,90.82998941876633,32.0,0.3523065477027183,0.8
R7031,19.866965666470445,1,19.866965666470445,127.75485451762533,0.57,0.004461669986257638,1.0
R7031,19.866965666470445,1,19.866965666470445,127.75485451762533,12.775485451762535,0.1,1.0
R7031,19.866965666470445,1,19.866965666470445,127.75485451762533,32.0,0.2504797185267446,0.7333333333333333
R7031,19.866965666470445,1,19.866965666470445,179.69068319023125,0.57,0.0031721177185161237,1.0
R7031,19.866965666470445,1,19.866965666470445,179.69068319023125,17.969068319023126,0.1,1.0
R7031,19.866965666470445,1,19.866965666470445,179.69068319023125,32.0,0.17808380174125607,1.0
R7031,19.866965666470445,1,19.866965666470445,252.73984105956174,0.57,0.0022552835263739495,1.0
R7031,19.866965666470445,1,19.866965666470445,252.73984105956174,25.273984105956174,0.1,1.0
R7031,19.866965666470445,1,19.866965666470445,252.73984105956174,32.0,0.12661240849818667,1.0
R7031,19.866965666470445,1,19.866965666470445,355.4854716156215,0.57,0.001603441055999971,1.0
R7031,19.866965666470445,1,19.866965666470445,355.4854716156215,32.0,0.09001774349473524,1.0
R7031,19.866965666470445,1,19.866965666470445,500.0,0.57,0.00114,0.6
R7031,19.866965666470445,1,19.866965666470445,500.0,32.0,0.064,1.0
R1551,20.54628840058805,2,82.1851536023522,0.05,0.01,0.19999999999999998,1.0
R1551,20.54628840058805,2,82.1851536023522,0.05,0.016,0.32,1.0
R1551,20.54628840058805,2,82.1851536023522,0.05,0.05,1.0,1.0
R1551,20.54628840058805,2,82.1851536023522,0.05,0.15800000000000003,3.1600000000000006,1.0
R1551,20.54628840058805,2,82.1851536023522,0.05,0.57,11.399999999999999,1.0
R1551,20.54628840058805,2,82.1851536023522,0.07032636210526184,0.01,0.14219418864624872,1.0
R1551,20.54628840058805,2,82.1851536023522,0.07032636210526184,0.02250443587368379,0.32,1.0
R1551,20.54628840058805,2,82.1851536023522,0.07032636210526184,0.07032636210526184,1.0,1.0
R1551,20.54628840058805,2,82.1851536023522,0.07032636210526184,0.22223130425262744,3.16,1.0
R1551,20.54628840058805,2,82.1851536023522,0.07032636210526184,0.57,8.105068752836177,1.0
R1551,20.54628840058805,2,82.1851536023522,0.0989159441392082,0.01,0.10109593642382482,1.0
R1551,20.54628840058805,2,82.1851536023522,0.0989159441392082,0.031653102124546625,0.32,1.0
R1551,20.54628840058805,2,82.1851536023522,0.0989159441392082,0.0989159441392082,1.0,1.0
R1551,20.54628840058805,2,82.1851536023522,0.0989159441392082,0.31257438347989797,3.16,1.0
R1551,20.54628840058805,2,82.1851536023522,0.0989159441392082,0.57,5.762468376158014,1.0
R1551,20.54628840058805,2,82.1851536023522,0.1391279701103562,0.013912797011035621,0.1,1.0
R1551,20.54628840058805,2,82.1851536023522,0.1391279701103562,0.04452095043531399,0.32,1.0
R1551,20.54628840058805,2,82.1851536023522,0.1391279701103562,0.1391279701103562,1.0,1.0
R1551,20.54628840058805,2,82.1851536023522,0.1391279701103562,0.43964438554872565,3.16,1.0
R1551,20.54628840058805,2,82.1851536023522,0.1391279701103562,0.57,4.096947576737275,1.0
R1551,20.54628840058805,2,82.1851536023522,0.19568728009901917,0.01956872800990192,0.10000000000000002,1.0
R1551,20.54628840058805,2,82.1851536023522,0.19568728009901917,0.06261992963168614,0.32,1.0
R1551,20.54628840058805,2,82.1851536023522,0.19568728009901917,0.19568728009901917,1.0,1.0
R1551,20.54628840058805,2,82.1851536023522,0.19568728009901917,0.57,2.912810683001858,1.0
R1551,20.54628840058805,2,82.1851536023522,0.19568728009901917,0.6183718051129006,3.16,0.8666666666666667
R1551,20.54628840058805,2,82.1851536023522,0.2752394903927485,0.02752394903927485,0.1,1.0
R1551,20.54628840058805,2,82.1851536023522,0.2752394903927485,0.08807663692567952,0.32,1.0
R1551,20.54628840058805,2,82.1851536023522,0.2752394903927485,0.2752394903927485,1.0,1.0
R1551,20.54628840058805,2,82.1851536023522,0.2752394903927485,0.57,2.070923758747874,1.0
R1551,20.54628840058805,2,82.1851536023522,0.2752394903927485,0.8697567896410853,3.16,0.6666666666666666
R1551,20.54628840058805,2,82.1851536023522,0.38713184134056344,0.03871318413405635,0.1,0.9333333333333333
R1551,20.54628840058805,2,82.1851536023522,0.38713184134056344,0.12388218922898031,0.32,1.0
R1551,20.54628840058805,2,82.1851536023522,0.38713184134056344,0.38713184134056344,1.0,1.0
R1551,20.54628840058805,2,82.1851536023522,0.38713184134056344,0.57,1.472366618116968,1.0
R1551,20.54628840058805,2,82.1851536023522,0.38713184134056344,1.2233366186361805,3.16,0.6
R1551,20.54628840058805,2,82.1851536023522,0.5445114811318649,0.05445114811318649,0.1,0.9333333333333333
R1551,20.54628840058805,2,82.1851536023522,0.5445114811318649,0.17424367396219675,0.32,1.0
R1551,20.54628840058805,2,82.1851536023522,0.5445114811318649,0.5445114811318649,1.0,1.0
R1551,20.54628840058805,2,82.1851536023522,0.5445114811318649,0.57,1.0468098832648167,1.0
R1551,20.54628840058805,2,82.1851536023522,0.5445114811318649,1.7206562803766932,3.16,0.3333333333333333
R1551,20.54628840058805,2,82.1851536023522,0.7658702318510398,0.07658702318510398,0.1,1.0
R1551,20.54628840058805,2,82.1851536023522,0.7658702318510398,0.24507847419233272,0.32,1.0
R1551,20.54628840058805,2,82.1851536023522,0.7658702318510398,0.57,0.7442514100885746,1.0
R1551,20.54628840058805,2,82.1851536023522,0.7658702318510398,0.7658702318510398,1.0,1.0
R1551,20.54628840058805,2,82.1851536023522,0.7658702318510398,2.4201499326492857,3.16,0.4666666666666667
R1551,20.54628840058805,2,82.1851536023522,1.0772173450159415,0.10772173450159415,0.1,1.0
R1551,20.54628840058805,2,82.1851536023522,1.0772173450159415,0.34470955040510126,0.32,1.0
R1551,20.54628840058805,2,82.1851536023522,1.0772173450159415,0.57,0.5291411270318569,1.0
R1551,20.54628840058805,2,82.1851536023522,1.0772173450159415,1.0772173450159415,1.0,0.6666666666666666
R1551,20.54628840058805,2,82.1851536023522,1.0772173450159415,3.404006810250375,3.16,0.26666666666666666
R1551,20.54628840058805,2,82.1851536023522,1.515135541433198,0.1515135541433198,0.1,1.0
R1551,20.54628840058805,2,82.1851536023522,1.515135541433198,0.48484337325862337,0.32,1.0
R1551,20.54628840058805,2,82.1851536023522,1.515135541433198,0.57,0.37620396618828256,1.0
R1551,20.54628840058805,2,82.1851536023522,1.515135541433198,1.515135541433198,1.0,0.5333333333333333
R1551,20.54628840058805,2,82.1851536023522,1.515135541433198,4.787828310928906,3.16,0.13333333333333333
R1551,20.54628840058805,2,82.1851536023522,2.1310794145076613,0.21310794145076614,0.1,1.0
R1551,20.54628840058805,2,82.1851536023522,2.1310794145076613,0.57,0.26747008868821803,1.0
R1551,20.54628840058805,2,82.1851536023522,2.1310794145076613,0.6819454126424516,0.32,1.0
R1551,20.54628840058805,2,82.1851536023522,2.1310794145076613,2.1310794145076613,1.0,0.6
R1551,20.54628840058805,2,82.1851536023522,2.1310794145076613,6.7342109498442095,3.16,0.2
R1551,20.54628840058805,2,82.1851536023522,2.997421251594704,0.2997421251594704,0.1,1.0
R1551,20.54628840058805,2,82.1851536023522,2.997421251594704,0.57,0.19016346124080677,1.0
R1551,20.54628840058805,2,82.1851536023522,2.997421251594704,0.9591748005103052,0.32,0.9333333333333333
R1551,20.54628840058805,2,82.1851536023522,2.997421251594704,2.997421251594704,1.0,0.5333333333333333
R1551,20.54628840058805,2,82.1851536023522,2.997421251594704,9.471851155039264,3.16,0.3333333333333333
R1551,20.54628840058805,2,82.1851536023522,4.2159546464331275,0.42159546464331277,0.1,1.0
R1551,20.54628840058805,2,82.1851536023522,4.2159546464331275,0.57,0.13520069540649438,1.0
R1551,20.54628840058805,2,82.1851536023522,4.2159546464331275,1.3491054868586008,0.32,0.8666666666666667
R1551,20.54628840058805,2,82.1851536023522,4.2159546464331275,4.2159546464331275,1.0,0.3333333333333333
R1551,20.54628840058805,2,82.1851536023522,4.2159546464331275,13.322416682728683,3.16,0.13333333333333333
R1551,20.54628840058805,2,82.1851536023522,5.929855061688346,0.57,0.09612376593867537,1.0
R1551,20.54628840058805,2,82.1851536023522,5.929855061688346,0.5929855061688346,0.1,1.0
R1551,20.54628840058805,2,82.1851536023522,5.929855061688346,1.8975536197402707,0.32,0.8666666666666667
R1551,20.54628840058805,2,82.1851536023522,5.929855061688346,5.929855061688346,1.0,0.6
R1551,20.54628840058805,2,82.1851536023522,5.929855061688346,18.738341994935173,3.16,0.06666666666666667
R1551,20.54628840058805,2,82.1851536023522,8.340502686000294,0.57,0.06834120453635927,1.0
R1551,20.54628840058805,2,82.1851536023522,8.340502686000294,0.8340502686000294,0.1,1.0
R1551,20.54628840058805,2,82.1851536023522,8.340502686000294,2.668960859520094,0.32,0.8
R1551,20.54628840058805,2,82.1851536023522,8.340502686000294,8.340502686000294,1.0,0.7333333333333333
R1551,20.54628840058805,2,82.1851536023522,8.340502686000294,26.35598848776093,3.16,0.13333333333333333
R1551,20.54628840058805,2,82.1851536023522,11.731144240711311,0.57,0.04858861065077471,1.0
R1551,20.54628840058805,2,82.1851536023522,11.731144240711311,1.173114424071131,0.1,1.0
R1551,20.54628840058805,2,82.1851536023522,11.731144240711311,3.7539661570276195,0.32,0.8
R1551,20.54628840058805,2,82.1851536023522,11.731144240711311,11.731144240711311,1.0,0.6
R1551,20.54628840058805,2,82.1851536023522,11.731144240711311,32.0,2.7277816505698085,0.26666666666666666
R1551,20.54628840058805,2,82.1851536023522,16.50017395562641,0.57,0.034545090344676954,1.0
R1551,20.54628840058805,2,82.1851536023522,16.50017395562641,1.650017395562641,0.1,1.0
R1551,20.54628840058805,2,82.1851536023522,16.50017395562641,5.280055665800451,0.32,0.7333333333333333
R1551,20.54628840058805,2,82.1851536023522,16.50017395562641,16.50017395562641,1.0,0.5333333333333333
R1551,20.54628840058805,2,82.1851536023522,16.50017395562641,32.0,1.9393734930344957,0.3333333333333333
R1551,20.54628840058805,2,82.1851536023522,23.207944168063882,0.57,0.024560555466363484,1.0
R1551,20.54628840058805,2,82.1851536023522,23.207944168063882,2.3207944168063883,0.1,1.0
R1551,20.54628840058805,2,82.1851536023522,23.207944168063882,7.426542133780442,0.32,0.6
R1551,20.54628840058805,2,82.1851536023522,23.207944168063882,23.207944168063882,1.0,0.26666666666666666
R1551,20.54628840058805,2,82.1851536023522,23.207944168063882,32.0,1.3788382016204064,0.3333333333333333
R1551,20.54628840058805,2,82.1851536023522,32.642605705639234,0.57,0.01746184128620371,1.0
R1551,20.54628840058805,2,82.1851536023522,32.642605705639234,3.2642605705639234,0.1,1.0
R1551,20.54628840058805,2,82.1851536023522,32.642605705639234,10.445633825804554,0.32,0.8
R1551,20.54628840058805,2,82.1851536023522,32.642605705639234,32.0,0.9803138967693311,0.26666666666666666
R1551,20.54628840058805,2,82.1851536023522,45.912714178281405,0.57,0.012414861769806529,1.0
R1551,20.54628840058805,2,82.1851536023522,45.912714178281405,4.591271417828141,0.1,1.0
R1551,20.54628840058805,2,82.1851536023522,45.912714178281405,14.69206853705005,0.32,0.8666666666666667
R1551,20.54628840058805,2,82.1851536023522,45.912714178281405,32.0,0.6969746958487876,0.6
R1551,20.54628840058805,2,82.1851536023522,64.57748325074412,0.57,0.008826605982564857,1.0
R1551,20.54628840058805,2,82.1851536023522,64.57748325074412,6.457748325074412,0.1,0.9333333333333333
R1551,20.54628840058805,2,82.1851536023522,64.57748325074412,20.66479464023812,0.32,0.8
R1551,20.54628840058805,2,82.1851536023522,64.57748325074412,32.0,0.49552875691592185,0.6
R1551,20.54628840058805,2,82.1851536023522,90.82998941876633,0.57,0.00627546038095467,1.0
R1551,20.54628840058805,2,82.1851536023522,90.82998941876633,9.082998941876633,0.1,1.0
R1551,20.54628840058805,2,82.1851536023522,90.82998941876633,29.065596614005226,0.32,0.8
R1551,20.54628840058805,2,82.1851536023522,90.82998941876633,32.0,0.3523065477027183,0.7333333333333333
R1551,20.54628840058805,2,82.1851536023522,127.75485451762533,0.57,0.004461669986257638,1.0
R1551,20.54628840058805,2,82.1851536023522,127.75485451762533,12.775485451762535,0.1,0.9333333333333333
R1551,20.54628840058805,2,82.1851536023522,127.75485451762533,32.0,0.2504797185267446,0.7333333333333333
R1551,20.54628840058805,2,82.1851536023522,179.69068319023125,0.57,0.0031721177185161237,1.0
R1551,20.54628840058805,2,82.1851536023522,179.69068319023125,17.969068319023126,0.1,1.0
R1551,20.54628840058805,2,82.1851536023522,179.69068319023125,32.0,0.17808380174125607,0.8
R1551,20.54628840058805,2,82.1851536023522,252.73984105956174,0.57,0.0022552835263739495,1.0
R1551,20.54628840058805,2,82.1851536023522,252.73984105956174,25.273984105956174,0.1,0.9333333333333333
R1551,20.54628840058805,2,82.1851536023522,252.73984105956174,32.0,0.12661240849818667,0.8666666666666667
R1551,20.54628840058805,2,82.1851536023522,355.4854716156215,0.57,0.001603441055999971,1.0
R1551,20.54628840058805,2,82.1851536023522,355.4854716156215,32.0,0.09001774349473524,0.9333333333333333
R1551,20.54628840058805,2,82.1851536023522,500.0,0.57,0.00114,0.6
R1551,20.54628840058805,2,82.1851536023522,500.0,32.0,0.064,1.0
R5391,20.439996866202595,3,183.95997179582335,0.05,0.01,0.19999999999999998,0.3333333333333333
R5391,20.439996866202595,3,183.95997179582335,0.05,0.016,0.32,0.3333333333333333
R5391,20.439996866202595,3,183.95997179582335,0.05,0.05,1.0,0.3333333333333333
R5391,20.439996866202595,3,183.95997179582335,0.05,0.15800000000000003,3.1600000000000006,0.8666666666666667
R5391,20.439996866202595,3,183.95997179582335,0.05,0.57,11.399999999999999,0.4666666666666667
R5391,20.439996866202595,3,183.95997179582335,0.07032636210526184,0.01,0.14219418864624872,0.3333333333333333
R5391,20.439996866202595,3,183.95997179582335,0.07032636210526184,0.02250443587368379,0.32,0.3333333333333333
R5391,20.439996866202595,3,183.95997179582335,0.07032636210526184,0.07032636210526184,1.0,0.3333333333333333
R5391,20.439996866202595,3,183.95997179582335,0.07032636210526184,0.22223130425262744,3.16,0.8666666666666667
R5391,20.439996866202595,3,183.95997179582335,0.07032636210526184,0.57,8.105068752836177,0.4666666666666667
R5391,20.439996866202595,3,183.95997179582335,0.0989159441392082,0.01,0.10109593642382482,0.3333333333333333
R5391,20.439996866202595,3,183.95997179582335,0.0989159441392082,0.031653102124546625,0.32,0.3333333333333333
R5391,20.439996866202595,3,183.95997179582335,0.0989159441392082,0.0989159441392082,1.0,0.6
R5391,20.439996866202595,3,183.95997179582335,0.0989159441392082,0.31257438347989797,3.16,0.9333333333333333
R5391,20.439996866202595,3,183.95997179582335,0.0989159441392082,0.57,5.762468376158014,0.4666666666666667
R5391,20.439996866202595,3,183.95997179582335,0.1391279701103562,0.013912797011035621,0.1,0.3333333333333333
R5391,20.439996866202595,3,183.95997179582335,0.1391279701103562,0.04452095043531399,0.32,0.3333333333333333
R5391,20.439996866202595,3,183.95997179582335,0.1391279701103562,0.1391279701103562,1.0,0.9333333333333333
R5391,20.439996866202595,3,183.95997179582335,0.1391279701103562,0.43964438554872565,3.16,0.8666666666666667
R5391,20.439996866202595,3,183.95997179582335,0.1391279701103562,0.57,4.096947576737275,0.4666666666666667
R5391,20.439996866202595,3,183.95997179582335,0.19568728009901917,0.01956872800990192,0.10000000000000002,0.3333333333333333
R5391,20.439996866202595,3,183.95997179582335,0.19568728009901917,0.06261992963168614,0.32,0.3333333333333333
R5391,20.439996866202595,3,183.95997179582335,0.19568728009901917,0.19568728009901917,1.0,0.9333333333333333
R5391,20.439996866202595,3,183.95997179582335,0.19568728009901917,0.57,2.912810683001858,0.4666666666666667
R5391,20.439996866202595,3,183.95997179582335,0.19568728009901917,0.6183718051129006,3.16,0.4
R5391,20.439996866202595,3,183.95997179582335,0.2752394903927485,0.02752394903927485,0.1,0.3333333333333333
R5391,20.439996866202595,3,183.95997179582335,0.2752394903927485,0.08807663692567952,0.32,0.6666666666666666
R5391,20.439996866202595,3,183.95997179582335,0.2752394903927485,0.2752394903927485,1.0,1.0
R5391,20.439996866202595,3,183.95997179582335,0.2752394903927485,0.57,2.070923758747874,0.5333333333333333
R5391,20.439996866202595,3,183.95997179582335,0.2752394903927485,0.8697567896410853,3.16,0.3333333333333333
R5391,20.439996866202595,3,183.95997179582335,0.38713184134056344,0.03871318413405635,0.1,0.4666666666666667
R5391,20.439996866202595,3,183.95997179582335,0.38713184134056344,0.12388218922898031,0.32,1.0
R5391,20.439996866202595,3,183.95997179582335,0.38713184134056344,0.38713184134056344,1.0,1.0
R5391,20.439996866202595,3,183.95997179582335,0.38713184134056344,0.57,1.472366618116968,0.4
R5391,20.439996866202595,3,183.95997179582335,0.38713184134056344,1.2233366186361805,3.16,0.3333333333333333
R5391,20.439996866202595,3,183.95997179582335,0.5445114811318649,0.05445114811318649,0.1,0.6
R5391,20.439996866202595,3,183.95997179582335,0.5445114811318649,0.17424367396219675,0.32,1.0
R5391,20.439996866202595,3,183.95997179582335,0.5445114811318649,0.5445114811318649,1.0,0.6
R5391,20.439996866202595,3,183.95997179582335,0.5445114811318649,0.57,1.0468098832648167,0.5333333333333333
R5391,20.439996866202595,3,183.95997179582335,0.5445114811318649,1.7206562803766932,3.16,0.13333333333333333
R5391,20.439996866202595,3,183.95997179582335,0.7658702318510398,0.07658702318510398,0.1,0.4666666666666667
R5391,20.439996866202595,3,183.95997179582335,0.7658702318510398,0.24507847419233272,0.32,1.0
R5391,20.439996866202595,3,183.95997179582335,0.7658702318510398,0.57,0.7442514100885746,0.6
R5391,20.439996866202595,3,183.95997179582335,0.7658702318510398,0.7658702318510398,1.0,0.6
R5391,20.439996866202595,3,183.95997179582335,0.7658702318510398,2.4201499326492857,3.16,0.06666666666666667
R5391,20.439996866202595,3,183.95997179582335,1.0772173450159415,0.10772173450159415,0.1,1.0
R5391,20.439996866202595,3,183.95997179582335,1.0772173450159415,0.34470955040510126,0.32,1.0
R5391,20.439996866202595,3,183.95997179582335,1.0772173450159415,0.57,0.5291411270318569,0.7333333333333333
R5391,20.439996866202595,3,183.95997179582335,1.0772173450159415,1.0772173450159415,1.0,0.4666666666666667
R5391,20.439996866202595,3,183.95997179582335,1.0772173450159415,3.404006810250375,3.16,0.13333333333333333
R5391,20.439996866202595,3,183.95997179582335,1.515135541433198,0.1515135541433198,0.1,1.0
R5391,20.439996866202595,3,183.95997179582335,1.515135541433198,0.48484337325862337,0.32,1.0
R5391,20.439996866202595,3,183.95997179582335,1.515135541433198,0.57,0.37620396618828256,0.7333333333333333
R5391,20.439996866202595,3,183.95997179582335,1.515135541433198,1.515135541433198,1.0,0.2
R5391,20.439996866202595,3,183.95997179582335,1.515135541433198,4.787828310928906,3.16,0.13333333333333333
R5391,20.439996866202595,3,183.95997179582335,2.1310794145076613,0.21310794145076614,0.1,1.0
R5391,20.439996866202595,3,183.95997179582335,2.1310794145076613,0.57,0.26747008868821803,0.9333333333333333
R5391,20.439996866202595,3,183.95997179582335,2.1310794145076613,0.6819454126424516,0.32,0.8666666666666667
R5391,20.439996866202595,3,183.95997179582335,2.1310794145076613,2.1310794145076613,1.0,0.2
R5391,20.439996866202595,3,183.95997179582335,2.1310794145076613,6.7342109498442095,3.16,0.13333333333333333
R5391,20.439996866202595,3,183.95997179582335,2.997421251594704,0.2997421251594704,0.1,1.0
R5391,20.439996866202595,3,183.95997179582335,2.997421251594704,0.57,0.19016346124080677,1.0
R5391,20.439996866202595,3,183.95997179582335,2.997421251594704,0.9591748005103052,0.32,0.4
R5391,20.439996866202595,3,183.95997179582335,2.997421251594704,2.997421251594704,1.0,0.13333333333333333
R5391,20.439996866202595,3,183.95997179582335,2.997421251594704,9.471851155039264,3.16,0.13333333333333333
R5391,20.439996866202595,3,183.95997179582335,4.2159546464331275,0.42159546464331277,0.1,1.0
R5391,20.439996866202595,3,183.95997179582335,4.2159546464331275,0.57,0.13520069540649438,1.0
R5391,20.439996866202595,3,183.95997179582335,4.2159546464331275,1.3491054868586008,0.32,0.4666666666666667
R5391,20.439996866202595,3,183.95997179582335,4.2159546464331275,4.2159546464331275,1.0,0.2
R5391,20.439996866202595,3,183.95997179582335,4.2159546464331275,13.322416682728683,3.16,0.13333333333333333
R5391,20.439996866202595,3,183.95997179582335,5.929855061688346,0.57,0.09612376593867537,1.0
R5391,20.439996866202595,3,183.95997179582335,5.929855061688346,0.5929855061688346,0.1,1.0
R5391,20.439996866202595,3,183.95997179582335,5.929855061688346,1.8975536197402707,0.32,0.4666666666666667
R5391,20.439996866202595,3,183.95997179582335,5.929855061688346,5.929855061688346,1.0,0.13333333333333333
R5391,20.439996866202595,3,183.95997179582335,5.929855061688346,18.738341994935173,3.16,0.06666666666666667
R5391,20.439996866202595,3,183.95997179582335,8.340502686000294,0.57,0.06834120453635927,1.0
R5391,20.439996866202595,3,183.95997179582335,8.340502686000294,0.8340502686000294,0.1,0.9333333333333333
R5391,20.439996866202595,3,183.95997179582335,8.340502686000294,2.668960859520094,0.32,0.3333333333333333
R5391,20.439996866202595,3,183.95997179582335,8.340502686000294,8.340502686000294,1.0,0.13333333333333333
R5391,20.439996866202595,3,183.95997179582335,8.340502686000294,26.35598848776093,3.16,0.06666666666666667
R5391,20.439996866202595,3,183.95997179582335,11.731144240711311,0.57,0.04858861065077471,1.0
R5391,20.439996866202595,3,183.95997179582335,11.731144240711311,1.173114424071131,0.1,1.0
R5391,20.439996866202595,3,183.95997179582335,11.731144240711311,3.7539661570276195,0.32,0.6666666666666666
R5391,20.439996866202595,3,183.95997179582335,11.731144240711311,11.731144240711311,1.0,0.2
R5391,20.439996866202595,3,183.95997179582335,11.731144240711311,32.0,2.7277816505698085,0.06666666666666667
R5391,20.439996866202595,3,183.95997179582335,16.50017395562641,0.57,0.034545090344676954,1.0
R5391,20.439996866202595,3,183.95997179582335,16.50017395562641,1.650017395562641,0.1,0.9333333333333333
R5391,20.439996866202595,3,183.95997179582335,16.50017395562641,5.280055665800451,0.32,0.5333333333333333
R5391,20.439996866202595,3,183.95997179582335,16.50017395562641,16.50017395562641,1.0,0.06666666666666667
R5391,20.439996866202595,3,183.95997179582335,16.50017395562641,32.0,1.9393734930344957,0.06666666666666667
R5391,20.439996866202595,3,183.95997179582335,23.207944168063882,0.57,0.024560555466363484,1.0
R5391,20.439996866202595,3,183.95997179582335,23.207944168063882,2.3207944168063883,0.1,0.6666666666666666
R5391,20.439996866202595,3,183.95997179582335,23.207944168063882,7.426542133780442,0.32,0.3333333333333333
R5391,20.439996866202595,3,183.95997179582335,23.207944168063882,23.207944168063882,1.0,0.06666666666666667
R5391,20.439996866202595,3,183.95997179582335,23.207944168063882,32.0,1.3788382016204064,0.0
R5391,20.439996866202595,3,183.95997179582335,32.642605705639234,0.57,0.01746184128620371,1.0
R5391,20.439996866202595,3,183.95997179582335,32.642605705639234,3.2642605705639234,0.1,0.7333333333333333
R5391,20.439996866202595,3,183.95997179582335,32.642605705639234,10.445633825804554,0.32,0.2
R5391,20.439996866202595,3,183.95997179582335,32.642605705639234,32.0,0.9803138967693311,0.26666666666666666
R5391,20.439996866202595,3,183.95997179582335,45.912714178281405,0.57,0.012414861769806529,1.0
R5391,20.439996866202595,3,183.95997179582335,45.912714178281405,4.591271417828141,0.1,0.8
R5391,20.439996866202595,3,183.95997179582335,45.912714178281405,14.69206853705005,0.32,0.26666666666666666
R5391,20.439996866202595,3,183.95997179582335,45.912714178281405,32.0,0.6969746958487876,0.0
R5391,20.439996866202595,3,183.95997179582335,64.57748325074412,0.57,0.008826605982564857,1.0
R5391,20.439996866202595,3,183.95997179582335,64.57748325074412,6.457748325074412,0.1,0.5333333333333333
R5391,20.439996866202595,3,183.95997179582335,64.57748325074412,20.66479464023812,0.32,0.3333333333333333
R5391,20.439996866202595,3,183.95997179582335,64.57748325074412,32.0,0.49552875691592185,0.2
R5391,20.439996866202595,3,183.95997179582335,90.82998941876633,0.57,0.00627546038095467,1.0
R5391,20.439996866202595,3,183.95997179582335,90.82998941876633,9.082998941876633,0.1,0.6
R5391,20.439996866202595,3,183.95997179582335,90.82998941876633,29.065596614005226,0.32,0.3333333333333333
R5391,20.439996866202595,3,183.95997179582335,90.82998941876633,32.0,0.3523065477027183,0.2
R5391,20.439996866202595,3,183.95997179582335,127.75485451762533,0.57,0.004461669986257638,1.0
R5391,20.439996866202595,3,183.95997179582335,127.75485451762533,12.775485451762535,0.1,0.5333333333333333
R5391,20.439996866202595,3,183.95997179582335,127.75485451762533,32.0,0.2504797185267446,0.3333333333333333
R5391,20.439996866202595,3,183.95997179582335,179.69068319023125,0.57,0.0031721177185161237,1.0
R5391,20.439996866202595,3,183.95997179582335,179.69068319023125,17.969068319023126,0.1,0.8
R5391,20.439996866202595,3,183.95997179582335,179.69068319023125,32.0,0.17808380174125607,0.4
R5391,20.439996866202595,3,183.95997179582335,252.73984105956174,0.57,0.0022552835263739495,0.7333333333333333
R5391,20.439996866202595,3,183.95997179582335,252.73984105956174,25.273984105956174,0.1,0.6
R5391,20.439996866202595,3,183.95997179582335,252.73984105956174,32.0,0.12661240849818667,0.5333333333333333
R5391,20.439996866202595,3,183.95997179582335,355.4854716156215,0.57,0.001603441055999971,0.13333333333333333
R5391,20.439996866202595,3,183.95997179582335,355.4854716156215,32.0,0.09001774349473524,0.8666666666666667
R5391,20.439996866202595,3,183.95997179582335,500.0,0.57,0.00114,0.0
R5391,20.439996866202595,3,183.95997179582335,500.0,32.0,0.064,0.8
R3261,20.572803389140507,4,329.1648542262481,0.05,0.01,0.19999999999999998,0.8666666666666667
R3261,20.572803389140507,4,329.1648542262481,0.05,0.016,0.32,0.8666666666666667
R3261,20.572803389140507,4,329.1648542262481,0.05,0.05,1.0,0.8666666666666667
R3261,20.572803389140507,4,329.1648542262481,0.05,0.15800000000000003,3.1600000000000006,0.9333333333333333
R3261,20.572803389140507,4,329.1648542262481,0.05,0.57,11.399999999999999,0.5333333333333333
R3261,20.572803389140507,4,329.1648542262481,0.07032636210526184,0.01,0.14219418864624872,0.8666666666666667
R3261,20.572803389140507,4,329.1648542262481,0.07032636210526184,0.02250443587368379,0.32,0.8666666666666667
R3261,20.572803389140507,4,329.1648542262481,0.07032636210526184,0.07032636210526184,1.0,0.9333333333333333
R3261,20.572803389140507,4,329.1648542262481,0.07032636210526184,0.22223130425262744,3.16,1.0
R3261,20.572803389140507,4,329.1648542262481,0.07032636210526184,0.57,8.105068752836177,0.6
R3261,20.572803389140507,4,329.1648542262481,0.0989159441392082,0.01,0.10109593642382482,0.8666666666666667
R3261,20.572803389140507,4,329.1648542262481,0.0989159441392082,0.031653102124546625,0.32,0.8666666666666667
R3261,20.572803389140507,4,329.1648542262481,0.0989159441392082,0.0989159441392082,1.0,0.9333333333333333
R3261,20.572803389140507,4,329.1648542262481,0.0989159441392082,0.31257438347989797,3.16,0.9333333333333333
R3261,20.572803389140507,4,329.1648542262481,0.0989159441392082,0.57,5.762468376158014,0.4666666666666667
R3261,20.572803389140507,4,329.1648542262481,0.1391279701103562,0.013912797011035621,0.1,0.8666666666666667
R3261,20.572803389140507,4,329.1648542262481,0.1391279701103562,0.04452095043531399,0.32,0.8666666666666667
R3261,20.572803389140507,4,329.1648542262481,0.1391279701103562,0.1391279701103562,1.0,1.0
R3261,20.572803389140507,4,329.1648542262481,0.1391279701103562,0.43964438554872565,3.16,0.6666666666666666
R3261,20.572803389140507,4,329.1648542262481,0.1391279701103562,0.57,4.096947576737275,0.6
R3261,20.572803389140507,4,329.1648542262481,0.19568728009901917,0.01956872800990192,0.10000000000000002,0.8666666666666667
R3261,20.572803389140507,4,329.1648542262481,0.19568728009901917,0.06261992963168614,0.32,0.8666666666666667
R3261,20.572803389140507,4,329.1648542262481,0.19568728009901917,0.19568728009901917,1.0,1.0
R3261,20.572803389140507,4,329.1648542262481,0.19568728009901917,0.57,2.912810683001858,0.6
R3261,20.572803389140507,4,329.1648542262481,0.19568728009901917,0.6183718051129006,3.16,0.4
R3261,20.572803389140507,4,329.1648542262481,0.2752394903927485,0.02752394903927485,0.1,0.8666666666666667
R3261,20.572803389140507,4,329.1648542262481,0.2752394903927485,0.08807663692567952,0.32,1.0
R3261,20.572803389140507,4,329.1648542262481,0.2752394903927485,0.2752394903927485,1.0,1.0
R3261,20.572803389140507,4,329.1648542262481,0.2752394903927485,0.57,2.070923758747874,0.5333333333333333
R3261,20.572803389140507,4,329.1648542262481,0.2752394903927485,0.8697567896410853,3.16,0.26666666666666666
R3261,20.572803389140507,4,329.1648542262481,0.38713184134056344,0.03871318413405635,0.1,0.7333333333333333
R3261,20.572803389140507,4,329.1648542262481,0.38713184134056344,0.12388218922898031,0.32,1.0
R3261,20.572803389140507,4,329.1648542262481,0.38713184134056344,0.38713184134056344,1.0,0.7333333333333333
R3261,20.572803389140507,4,329.1648542262481,0.38713184134056344,0.57,1.472366618116968,0.4666666666666667
R3261,20.572803389140507,4,329.1648542262481,0.38713184134056344,1.2233366186361805,3.16,0.26666666666666666
R3261,20.572803389140507,4,329.1648542262481,0.5445114811318649,0.05445114811318649,0.1,0.8666666666666667
R3261,20.572803389140507,4,329.1648542262481,0.5445114811318649,0.17424367396219675,0.32,1.0
R3261,20.572803389140507,4,329.1648542262481,0.5445114811318649,0.5445114811318649,1.0,0.8666666666666667
R3261,20.572803389140507,4,329.1648542262481,0.5445114811318649,0.57,1.0468098832648167,0.5333333333333333
R3261,20.572803389140507,4,329.1648542262481,0.5445114811318649,1.7206562803766932,3.16,0.0
R3261,20.572803389140507,4,329.1648542262481,0.7658702318510398,0.07658702318510398,0.1,1.0
R3261,20.572803389140507,4,329.1648542262481,0.7658702318510398,0.24507847419233272,0.32,1.0
R3261,20.572803389140507,4,329.1648542262481,0.7658702318510398,0.57,0.7442514100885746,0.6666666666666666
R3261,20.572803389140507,4,329.1648542262481,0.7658702318510398,0.7658702318510398,1.0,0.4
R3261,20.572803389140507,4,329.1648542262481,0.7658702318510398,2.4201499326492857,3.16,0.2
R3261,20.572803389140507,4,329.1648542262481,1.0772173450159415,0.10772173450159415,0.1,1.0
R3261,20.572803389140507,4,329.1648542262481,1.0772173450159415,0.34470955040510126,0.32,1.0
R3261,20.572803389140507,4,329.1648542262481,1.0772173450159415,0.57,0.5291411270318569,0.7333333333333333
R3261,20.572803389140507,4,329.1648542262481,1.0772173450159415,1.0772173450159415,1.0,0.3333333333333333
R3261,20.572803389140507,4,329.1648542262481,1.0772173450159415,3.404006810250375,3.16,0.26666666666666666
R3261,20.572803389140507,4,329.1648542262481,1.515135541433198,0.1515135541433198,0.1,1.0
R3261,20.572803389140507,4,329.1648542262481,1.515135541433198,0.48484337325862337,0.32,0.9333333333333333
R3261,20.572803389140507,4,329.1648542262481,1.515135541433198,0.57,0.37620396618828256,0.8666666666666667
R3261,20.572803389140507,4,329.1648542262481,1.515135541433198,1.515135541433198,1.0,0.3333333333333333
R3261,20.572803389140507,4,329.1648542262481,1.515135541433198,4.787828310928906,3.16,0.06666666666666667
R3261,20.572803389140507,4,329.1648542262481,2.1310794145076613,0.21310794145076614,0.1,1.0
R3261,20.572803389140507,4,329.1648542262481,2.1310794145076613,0.57,0.26747008868821803,0.8
R3261,20.572803389140507,4,329.1648542262481,2.1310794145076613,0.6819454126424516,0.32,0.8
R3261,20.572803389140507,4,329.1648542262481,2.1310794145076613,2.1310794145076613,1.0,0.13333333333333333
R3261,20.572803389140507,4,329.1648542262481,2.1310794145076613,6.7342109498442095,3.16,0.06666666666666667
R3261,20.572803389140507,4,329.1648542262481,2.997421251594704,0.2997421251594704,0.1,1.0
R3261,20.572803389140507,4,329.1648542262481,2.997421251594704,0.57,0.19016346124080677,0.8666666666666667
R3261,20.572803389140507,4,329.1648542262481,2.997421251594704,0.9591748005103052,0.32,0.3333333333333333
R3261,20.572803389140507,4,329.1648542262481,2.997421251594704,2.997421251594704,1.0,0.2
R3261,20.572803389140507,4,329.1648542262481,2.997421251594704,9.471851155039264,3.16,0.06666666666666667
R3261,20.572803389140507,4,329.1648542262481,4.2159546464331275,0.42159546464331277,0.1,1.0
R3261,20.572803389140507,4,329.1648542262481,4.2159546464331275,0.57,0.13520069540649438,0.9333333333333333
R3261,20.572803389140507,4,329.1648542262481,4.2159546464331275,1.3491054868586008,0.32,0.4666666666666667
R3261,20.572803389140507,4,329.1648542262481,4.2159546464331275,4.2159546464331275,1.0,0.2
R3261,20.572803389140507,4,329.1648542262481,4.2159546464331275,13.322416682728683,3.16,0.06666666666666667
R3261,20.572803389140507,4,329.1648542262481,5.929855061688346,0.57,0.09612376593867537,1.0
R3261,20.572803389140507,4,329.1648542262481,5.929855061688346,0.5929855061688346,0.1,1.0
R3261,20.572803389140507,4,329.1648542262481,5.929855061688346,1.8975536197402707,0.32,0.6
R3261,20.572803389140507,4,329.1648542262481,5.929855061688346,5.929855061688346,1.0,0.26666666666666666
R3261,20.572803389140507,4,329.1648542262481,5.929855061688346,18.738341994935173,3.16,0.0
R3261,20.572803389140507,4,329.1648542262481,8.340502686000294,0.57,0.06834120453635927,1.0
R3261,20.572803389140507,4,329.1648542262481,8.340502686000294,0.8340502686000294,0.1,0.7333333333333333
R3261,20.572803389140507,4,329.1648542262481,8.340502686000294,2.668960859520094,0.32,0.2
R3261,20.572803389140507,4,329.1648542262481,8.340502686000294,8.340502686000294,1.0,0.13333333333333333
R3261,20.572803389140507,4,329.1648542262481,8.340502686000294,26.35598848776093,3.16,0.0
R3261,20.572803389140507,4,329.1648542262481,11.731144240711311,0.57,0.04858861065077471,1.0
R3261,20.572803389140507,4,329.1648542262481,11.731144240711311,1.173114424071131,0.1,0.7333333333333333
R3261,20.572803389140507,4,329.1648542262481,11.731144240711311,3.7539661570276195,0.32,0.26666666666666666
R3261,20.572803389140507,4,329.1648542262481,11.731144240711311,11.731144240711311,1.0,0.13333333333333333
R3261,20.572803389140507,4,329.1648542262481,11.731144240711311,32.0,2.7277816505698085,0.06666666666666667
R3261,20.572803389140507,4,329.1648542262481,16.50017395562641,0.57,0.034545090344676954,1.0
R3261,20.572803389140507,4,329.1648542262481,16.50017395562641,1.650017395562641,0.1,0.7333333333333333
R3261,20.572803389140507,4,329.1648542262481,16.50017395562641,5.280055665800451,0.32,0.3333333333333333
R3261,20.572803389140507,4,329.1648542262481,16.50017395562641,16.50017395562641,1.0,0.06666666666666667
R3261,20.572803389140507,4,329.1648542262481,16.50017395562641,32.0,1.9393734930344957,0.13333333333333333
R3261,20.572803389140507,4,329.1648542262481,23.207944168063882,0.57,0.024560555466363484,1.0
R3261,20.572803389140507,4,329.1648542262481,23.207944168063882,2.3207944168063883,0.1,0.6666666666666666
R3261,20.572803389140507,4,329.1648542262481,23.207944168063882,7.426542133780442,0.32,0.26666666666666666
R3261,20.572803389140507,4,329.1648542262481,23.207944168063882,23.207944168063882,1.0,0.26666666666666666
R3261,20.572803389140507,4,329.1648542262481,23.207944168063882,32.0,1.3788382016204064,0.26666666666666666
R3261,20.572803389140507,4,329.1648542262481,32.642605705639234,0.57,0.01746184128620371,1.0
R3261,20.572803389140507,4,329.1648542262481,32.642605705639234,3.2642605705639234,0.1,0.5333333333333333
R3261,20.572803389140507,4,329.1648542262481,32.642605705639234,10.445633825804554,0.32,0.2
R3261,20.572803389140507,4,329.1648542262481,32.642605705639234,32.0,0.9803138967693311,0.06666666666666667
R3261,20.572803389140507,4,329.1648542262481,45.912714178281405,0.57,0.012414861769806529,1.0
R3261,20.572803389140507,4,329.1648542262481,45.912714178281405,4.591271417828141,0.1,0.6666666666666666
R3261,20.572803389140507,4,329.1648542262481,45.912714178281405,14.69206853705005,0.32,0.26666666666666666
R3261,20.572803389140507,4,329.1648542262481,45.912714178281405,32.0,0.6969746958487876,0.06666666666666667
R3261,20.572803389140507,4,329.1648542262481,64.57748325074412,0.57,0.008826605982564857,1.0
R3261,20.572803389140507,4,329.1648542262481,64.57748325074412,6.457748325074412,0.1,0.7333333333333333
R3261,20.572803389140507,4,329.1648542262481,64.57748325074412,20.66479464023812,0.32,0.06666666666666667
R3261,20.572803389140507,4,329.1648542262481,64.57748325074412,32.0,0.49552875691592185,0.2
R3261,20.572803389140507,4,329.1648542262481,90.82998941876633,0.57,0.00627546038095467,0.8666666666666667
R3261,20.572803389140507,4,329.1648542262481,90.82998941876633,9.082998941876633,0.1,0.8666666666666667
R3261,20.572803389140507,4,329.1648542262481,90.82998941876633,29.065596614005226,0.32,0.26666666666666666
R3261,20.572803389140507,4,329.1648542262481,90.82998941876633,32.0,0.3523065477027183,0.06666666666666667
R3261,20.572803389140507,4,329.1648542262481,127.75485451762533,0.57,0.004461669986257638,0.8
R3261,20.572803389140507,4,329.1648542262481,127.75485451762533,12.775485451762535,0.1,0.6
R3261,20.572803389140507,4,329.1648542262481,127.75485451762533,32.0,0.2504797185267446,0.06666666666666667
R3261,20.572803389140507,4,329.1648542262481,179.69068319023125,0.57,0.0031721177185161237,0.4
R3261,20.572803389140507,4,329.1648542262481,179.69068319023125,17.969068319023126,0.1,0.4666666666666667
R3261,20.572803389140507,4,329.1648542262481,179.69068319023125,32.0,0.17808380174125607,0.4666666666666667
R3261,20.572803389140507,4,329.1648542262481,252.73984105956174,0.57,0.0022552835263739495,0.0
R3261,20.572803389140507,4,329.1648542262481,252.73984105956174,25.273984105956174,0.1,0.6666666666666666
R3261,20.572803389140507,4,329.1648542262481,252.73984105956174,32.0,0.12661240849818667,0.5333333333333333
R3261,20.572803389140507,4,329.1648542262481,355.4854716156215,0.57,0.001603441055999971,0.0
R3261,20.572803389140507,4,329.1648542262481,355.4854716156215,32.0,0.09001774349473524,0.5333333333333333
R3261,20.572803389140507,4,329.1648542262481,500.0,0.57,0.00114,0.0
R3261,20.572803389140507,4,329.1648542262481,500.0,32.0,0.064,0.8
R5654,20.49535595136254,5,512.3838987840635,0.05,0.01,0.19999999999999998,0.0
R5654,20.49535595136254,5,512.3838987840635,0.05,0.016,0.32,0.0
R5654,20.49535595136254,5,512.3838987840635,0.05,0.05,1.0,0.0
R5654,20.49535595136254,5,512.3838987840635,0.05,0.15800000000000003,3.1600000000000006,0.4666666666666667
R5654,20.49535595136254,5,512.3838987840635,0.05,0.57,11.399999999999999,0.13333333333333333
R5654,20.49535595136254,5,512.3838987840635,0.07032636210526184,0.01,0.14219418864624872,0.0
R5654,20.49535595136254,5,512.3838987840635,0.07032636210526184,0.02250443587368379,0.32,0.0
R5654,20.49535595136254,5,512.3838987840635,0.07032636210526184,0.07032636210526184,1.0,0.06666666666666667
R5654,20.49535595136254,5,512.3838987840635,0.07032636210526184,0.22223130425262744,3.16,0.5333333333333333
R5654,20.49535595136254,5,512.3838987840635,0.07032636210526184,0.57,8.105068752836177,0.13333333333333333
R5654,20.49535595136254,5,512.3838987840635,0.0989159441392082,0.01,0.10109593642382482,0.0
R5654,20.49535595136254,5,512.3838987840635,0.0989159441392082,0.031653102124546625,0.32,0.0
R5654,20.49535595136254,5,512.3838987840635,0.0989159441392082,0.0989159441392082,1.0,0.4
R5654,20.49535595136254,5,512.3838987840635,0.0989159441392082,0.31257438347989797,3.16,0.4
R5654,20.49535595136254,5,512.3838987840635,0.0989159441392082,0.57,5.762468376158014,0.2
R5654,20.49535595136254,5,512.3838987840635,0.1391279701103562,0.013912797011035621,0.1,0.0
R5654,20.49535595136254,5,512.3838987840635,0.1391279701103562,0.04452095043531399,0.32,0.0
R5654,20.49535595136254,5,512.3838987840635,0.1391279701103562,0.1391279701103562,1.0,0.4666666666666667
R5654,20.49535595136254,5,512.3838987840635,0.1391279701103562,0.43964438554872565,3.16,0.5333333333333333
R5654,20.49535595136254,5,512.3838987840635,0.1391279701103562,0.57,4.096947576737275,0.2
R5654,20.49535595136254,5,512.3838987840635,0.19568728009901917,0.01956872800990192,0.10000000000000002,0.0
R5654,20.49535595136254,5,512.3838987840635,0.19568728009901917,0.06261992963168614,0.32,0.0
R5654,20.49535595136254,5,512.3838987840635,0.19568728009901917,0.19568728009901917,1.0,0.5333333333333333
R5654,20.49535595136254,5,512.3838987840635,0.19568728009901917,0.57,2.912810683001858,0.2
R5654,20.49535595136254,5,512.3838987840635,0.19568728009901917,0.6183718051129006,3.16,0.4
R5654,20.49535595136254,5,512.3838987840635,0.2752394903927485,0.02752394903927485,0.1,0.0
R5654,20.49535595136254,5,512.3838987840635,0.2752394903927485,0.08807663692567952,0.32,0.13333333333333333
R5654,20.49535595136254,5,512.3838987840635,0.2752394903927485,0.2752394903927485,1.0,0.8
R5654,20.49535595136254,5,512.3838987840635,0.2752394903927485,0.57,2.070923758747874,0.2
R5654,20.49535595136254,5,512.3838987840635,0.2752394903927485,0.8697567896410853,3.16,0.2
R5654,20.49535595136254,5,512.3838987840635,0.38713184134056344,0.03871318413405635,0.1,0.0
R5654,20.49535595136254,5,512.3838987840635,0.38713184134056344,0.12388218922898031,0.32,0.4666666666666667
R5654,20.49535595136254,5,512.3838987840635,0.38713184134056344,0.38713184134056344,1.0,0.3333333333333333
R5654,20.49535595136254,5,512.3838987840635,0.38713184134056344,0.57,1.472366618116968,0.26666666666666666
R5654,20.49535595136254,5,512.3838987840635,0.38713184134056344,1.2233366186361805,3.16,0.06666666666666667
R5654,20.49535595136254,5,512.3838987840635,0.5445114811318649,0.05445114811318649,0.1,0.06666666666666667
R5654,20.49535595136254,5,512.3838987840635,0.5445114811318649,0.17424367396219675,0.32,0.8
R5654,20.49535595136254,5,512.3838987840635,0.5445114811318649,0.5445114811318649,1.0,0.4
R5654,20.49535595136254,5,512.3838987840635,0.5445114811318649,0.57,1.0468098832648167,0.26666666666666666
R5654,20.49535595136254,5,512.3838987840635,0.5445114811318649,1.7206562803766932,3.16,0.0
R5654,20.49535595136254,5,512.3838987840635,0.7658702318510398,0.07658702318510398,0.1,0.4
R5654,20.49535595136254,5,512.3838987840635,0.7658702318510398,0.24507847419233272,0.32,1.0
R5654,20.49535595136254,5,512.3838987840635,0.7658702318510398,0.57,0.7442514100885746,0.5333333333333333
R5654,20.49535595136254,5,512.3838987840635,0.7658702318510398,0.7658702318510398,1.0,0.4
R5654,20.49535595136254,5,512.3838987840635,0.7658702318510398,2.4201499326492857,3.16,0.2
R5654,20.49535595136254,5,512.3838987840635,1.0772173450159415,0.10772173450159415,0.1,0.6
R5654,20.49535595136254,5,512.3838987840635,1.0772173450159415,0.34470955040510126,0.32,0.7333333333333333
R5654,20.49535595136254,5,512.3838987840635,1.0772173450159415,0.57,0.5291411270318569,0.26666666666666666
R5654,20.49535595136254,5,512.3838987840635,1.0772173450159415,1.0772173450159415,1.0,0.2
R5654,20.49535595136254,5,512.3838987840635,1.0772173450159415,3.404006810250375,3.16,0.0
R5654,20.49535595136254,5,512.3838987840635,1.515135541433198,0.1515135541433198,0.1,0.8666666666666667
R5654,20.49535595136254,5,512.3838987840635,1.515135541433198,0.48484337325862337,0.32,0.8666666666666667
R5654,20.49535595136254,5,512.3838987840635,1.515135541433198,0.57,0.37620396618828256,0.4666666666666667
R5654,20.49535595136254,5,512.3838987840635,1.515135541433198,1.515135541433198,1.0,0.06666666666666667
R5654,20.49535595136254,5,512.3838987840635,1.515135541433198,4.787828310928906,3.16,0.06666666666666667
R5654,20.49535595136254,5,512.3838987840635,2.1310794145076613,0.21310794145076614,0.1,1.0
R5654,20.49535595136254,5,512.3838987840635,2.1310794145076613,0.57,0.26747008868821803,0.6
R5654,20.49535595136254,5,512.3838987840635,2.1310794145076613,0.6819454126424516,0.32,0.6
R5654,20.49535595136254,5,512.3838987840635,2.1310794145076613,2.1310794145076613,1.0,0.13333333333333333
R5654,20.49535595136254,5,512.3838987840635,2.1310794145076613,6.7342109498442095,3.16,0.0
R5654,20.49535595136254,5,512.3838987840635,2.997421251594704,0.2997421251594704,0.1,1.0
R5654,20.49535595136254,5,512.3838987840635,2.997421251594704,0.57,0.19016346124080677,0.8666666666666667
R5654,20.49535595136254,5,512.3838987840635,2.997421251594704,0.9591748005103052,0.32,0.4666666666666667
R5654,20.49535595136254,5,512.3838987840635,2.997421251594704,2.997421251594704,1.0,0.2
R5654,20.49535595136254,5,512.3838987840635,2.997421251594704,9.471851155039264,3.16,0.0
R5654,20.49535595136254,5,512.3838987840635,4.2159546464331275,0.42159546464331277,0.1,0.9333333333333333
R5654,20.49535595136254,5,512.3838987840635,4.2159546464331275,0.57,0.13520069540649438,0.9333333333333333
R5654,20.49535595136254,5,512.3838987840635,4.2159546464331275,1.3491054868586008,0.32,0.2
R5654,20.49535595136254,5,512.3838987840635,4.2159546464331275,4.2159546464331275,1.0,0.2
R5654,20.49535595136254,5,512.3838987840635,4.2159546464331275,13.322416682728683,3.16,0.0
R5654,20.49535595136254,5,512.3838987840635,5.929855061688346,0.57,0.09612376593867537,0.7333333333333333
R5654,20.49535595136254,5,512.3838987840635,5.929855061688346,0.5929855061688346,0.1,0.8
R5654,20.49535595136254,5,512.3838987840635,5.929855061688346,1.8975536197402707,0.32,0.26666666666666666
R5654,20.49535595136254,5,512.3838987840635,5.929855061688346,5.929855061688346,1.0,0.0
R5654,20.49535595136254,5,512.3838987840635,5.929855061688346,18.738341994935173,3.16,0.06666666666666667
R5654,20.49535595136254,5,512.3838987840635,8.340502686000294,0.57,0.06834120453635927,1.0
R5654,20.49535595136254,5,512.3838987840635,8.340502686000294,0.8340502686000294,0.1,0.8
R5654,20.49535595136254,5,512.3838987840635,8.340502686000294,2.668960859520094,0.32,0.13333333333333333
R5654,20.49535595136254,5,512.3838987840635,8.340502686000294,8.340502686000294,1.0,0.0
R5654,20.49535595136254,5,512.3838987840635,8.340502686000294,26.35598848776093,3.16,0.0
R5654,20.49535595136254,5,512.3838987840635,11.731144240711311,0.57,0.04858861065077471,1.0
R5654,20.49535595136254,5,512.3838987840635,11.731144240711311,1.173114424071131,0.1,0.4666666666666667
R5654,20.49535595136254,5,512.3838987840635,11.731144240711311,3.7539661570276195,0.32,0.26666666666666666
R5654,20.49535595136254,5,512.3838987840635,11.731144240711311,11.731144240711311,1.0,0.0
R5654,20.49535595136254,5,512.3838987840635,11.731144240711311,32.0,2.7277816505698085,0.0
R5654,20.49535595136254,5,512.3838987840635,16.50017395562641,0.57,0.034545090344676954,1.0
R5654,20.49535595136254,5,512.3838987840635,16.50017395562641,1.650017395562641,0.1,0.7333333333333333
R5654,20.49535595136254,5,512.3838987840635,16.50017395562641,5.280055665800451,0.32,0.2
R5654,20.49535595136254,5,512.3838987840635,16.50017395562641,16.50017395562641,1.0,0.0
R5654,20.49535595136254,5,512.3838987840635,16.50017395562641,32.0,1.9393734930344957,0.0
R5654,20.49535595136254,5,512.3838987840635,23.207944168063882,0.57,0.024560555466363484,1.0
R5654,20.49535595136254,5,512.3838987840635,23.207944168063882,2.3207944168063883,0.1,0.5333333333333333
R5654,20.49535595136254,5,512.3838987840635,23.207944168063882,7.426542133780442,0.32,0.3333333333333333
R5654,20.49535595136254,5,512.3838987840635,23.207944168063882,23.207944168063882,1.0,0.13333333333333333
R5654,20.49535595136254,5,512.3838987840635,23.207944168063882,32.0,1.3788382016204064,0.06666666666666667
R5654,20.49535595136254,5,512.3838987840635,32.642605705639234,0.57,0.01746184128620371,1.0
R5654,20.49535595136254,5,512.3838987840635,32.642605705639234,3.2642605705639234,0.1,0.3333333333333333
R5654,20.49535595136254,5,512.3838987840635,32.642605705639234,10.445633825804554,0.32,0.3333333333333333
R5654,20.49535595136254,5,512.3838987840635,32.642605705639234,32.0,0.9803138967693311,0.0
R5654,20.49535595136254,5,512.3838987840635,45.912714178281405,0.57,0.012414861769806529,0.9333333333333333
R5654,20.49535595136254,5,512.3838987840635,45.912714178281405,4.591271417828141,0.1,0.4666666666666667
R5654,20.49535595136254,5,512.3838987840635,45.912714178281405,14.69206853705005,0.32,0.2
R5654,20.49535595136254,5,512.3838987840635,45.912714178281405,32.0,0.6969746958487876,0.06666666666666667
R5654,20.49535595136254,5,512.3838987840635,64.57748325074412,0.57,0.008826605982564857,0.8
R5654,20.49535595136254,5,512.3838987840635,64.57748325074412,6.457748325074412,0.1,0.26666666666666666
R5654,20.49535595136254,5,512.3838987840635,64.57748325074412,20.66479464023812,0.32,0.2
R5654,20.49535595136254,5,512.3838987840635,64.57748325074412,32.0,0.49552875691592185,0.13333333333333333
R5654,20.49535595136254,5,512.3838987840635,90.82998941876633,0.57,0.00627546038095467,0.5333333333333333
R5654,20.49535595136254,5,512.3838987840635,90.82998941876633,9.082998941876633,0.1,0.5333333333333333
R5654,20.49535595136254,5,512.3838987840635,90.82998941876633,29.065596614005226,0.32,0.2
R5654,20.49535595136254,5,512.3838987840635,90.82998941876633,32.0,0.3523065477027183,0.26666666666666666
R5654,20.49535595136254,5,512.3838987840635,127.75485451762533,0.57,0.004461669986257638,0.2
R5654,20.49535595136254,5,512.3838987840635,127.75485451762533,12.775485451762535,0.1,0.4
R5654,20.49535595136254,5,512.3838987840635,127.75485451762533,32.0,0.2504797185267446,0.06666666666666667
R5654,20.49535595136254,5,512.3838987840635,179.69068319023125,0.57,0.0031721177185161237,0.0
R5654,20.49535595136254,5,512.3838987840635,179.69068319023125,17.969068319023126,0.1,0.3333333333333333
R5654,20.49535595136254,5,512.3838987840635,179.69068319023125,32.0,0.17808380174125607,0.4666666666666667
R5654,20.49535595136254,5,512.3838987840635,252.73984105956174,0.57,0.0022552835263739495,0.0
R5654,20.49535595136254,5,512.3838987840635,252.73984105956174,25.273984105956174,0.1,0.5333333333333333
R5654,20.49535595136254,5,512.3838987840635,252.73984105956174,32.0,0.12661240849818667,0.5333333333333333
R5654,20.49535595136254,5,512.3838987840635,355.4854716156215,0.57,0.001603441055999971,0.0
R5654,20.49535595136254,5,512.3838987840635,355.4854716156215,32.0,0.09001774349473524,0.6
R5654,20.49535595136254,5,512.3838987840635,500.0,0.57,0.00114,0.0
R5654,20.49535595136254,5,512.3838987840635,500.0,32.0,0.064,0.6
R7855,35.065222439887194,1,35.065222439887194,0.05,0.01,0.19999999999999998,0.06666666666666667
R7855,35.065222439887194,1,35.065222439887194,0.05,0.016,0.32,0.06666666666666667
R7855,35.065222439887194,1,35.065222439887194,0.05,0.05,1.0,0.13333333333333333
R7855,35.065222439887194,1,35.065222439887194,0.05,0.15800000000000003,3.1600000000000006,0.6
R7855,35.065222439887194,1,35.065222439887194,0.05,0.57,11.399999999999999,0.8
R7855,35.065222439887194,1,35.065222439887194,0.07032636210526184,0.01,0.14219418864624872,0.06666666666666667
R7855,35.065222439887194,1,35.065222439887194,0.07032636210526184,0.02250443587368379,0.32,0.06666666666666667
R7855,35.065222439887194,1,35.065222439887194,0.07032636210526184,0.07032636210526184,1.0,0.26666666666666666
R7855,35.065222439887194,1,35.065222439887194,0.07032636210526184,0.22223130425262744,3.16,0.6666666666666666
R7855,35.065222439887194,1,35.065222439887194,0.07032636210526184,0.57,8.105068752836177,0.8
R7855,35.065222439887194,1,35.065222439887194,0.0989159441392082,0.01,0.10109593642382482,0.06666666666666667
R7855,35.065222439887194,1,35.065222439887194,0.0989159441392082,0.031653102124546625,0.32,0.06666666666666667
R7855,35.065222439887194,1,35.065222439887194,0.0989159441392082,0.0989159441392082,1.0,0.4666666666666667
R7855,35.065222439887194,1,35.065222439887194,0.0989159441392082,0.31257438347989797,3.16,0.6666666666666666
R7855,35.065222439887194,1,35.065222439887194,0.0989159441392082,0.57,5.762468376158014,0.8
R7855,35.065222439887194,1,35.065222439887194,0.1391279701103562,0.013912797011035621,0.1,0.06666666666666667
R7855,35.065222439887194,1,35.065222439887194,0.1391279701103562,0.04452095043531399,0.32,0.06666666666666667
R7855,35.065222439887194,1,35.065222439887194,0.1391279701103562,0.1391279701103562,1.0,0.6
R7855,35.065222439887194,1,35.065222439887194,0.1391279701103562,0.43964438554872565,3.16,0.8
R7855,35.065222439887194,1,35.065222439887194,0.1391279701103562,0.57,4.096947576737275,0.8666666666666667
R7855,35.065222439887194,1,35.065222439887194,0.19568728009901917,0.01956872800990192,0.10000000000000002,0.06666666666666667
R7855,35.065222439887194,1,35.065222439887194,0.19568728009901917,0.06261992963168614,0.32,0.2
R7855,35.065222439887194,1,35.065222439887194,0.19568728009901917,0.19568728009901917,1.0,0.7333333333333333
R7855,35.065222439887194,1,35.065222439887194,0.19568728009901917,0.57,2.912810683001858,0.8666666666666667
R7855,35.065222439887194,1,35.065222439887194,0.19568728009901917,0.6183718051129006,3.16,0.8
R7855,35.065222439887194,1,35.065222439887194,0.2752394903927485,0.02752394903927485,0.1,0.06666666666666667
R7855,35.065222439887194,1,35.065222439887194,0.2752394903927485,0.08807663692567952,0.32,0.4666666666666667
R7855,35.065222439887194,1,35.065222439887194,0.2752394903927485,0.2752394903927485,1.0,0.8666666666666667
R7855,35.065222439887194,1,35.065222439887194,0.2752394903927485,0.57,2.070923758747874,0.8666666666666667
R7855,35.065222439887194,1,35.065222439887194,0.2752394903927485,0.8697567896410853,3.16,0.5333333333333333
R7855,35.065222439887194,1,35.065222439887194,0.38713184134056344,0.03871318413405635,0.1,0.06666666666666667
R7855,35.065222439887194,1,35.065222439887194,0.38713184134056344,0.12388218922898031,0.32,0.8
R7855,35.065222439887194,1,35.065222439887194,0.38713184134056344,0.38713184134056344,1.0,0.9333333333333333
R7855,35.065222439887194,1,35.065222439887194,0.38713184134056344,0.57,1.472366618116968,0.8666666666666667
R7855,35.065222439887194,1,35.065222439887194,0.38713184134056344,1.2233366186361805,3.16,0.3333333333333333
R7855,35.065222439887194,1,35.065222439887194,0.5445114811318649,0.05445114811318649,0.1,0.06666666666666667
R7855,35.065222439887194,1,35.065222439887194,0.5445114811318649,0.17424367396219675,0.32,0.8666666666666667
R7855,35.065222439887194,1,35.065222439887194,0.5445114811318649,0.5445114811318649,1.0,0.9333333333333333
R7855,35.065222439887194,1,35.065222439887194,0.5445114811318649,0.57,1.0468098832648167,0.9333333333333333
R7855,35.065222439887194,1,35.065222439887194,0.5445114811318649,1.7206562803766932,3.16,0.13333333333333333
R7855,35.065222439887194,1,35.065222439887194,0.7658702318510398,0.07658702318510398,0.1,0.4
R7855,35.065222439887194,1,35.065222439887194,0.7658702318510398,0.24507847419233272,0.32,0.9333333333333333
R7855,35.065222439887194,1,35.065222439887194,0.7658702318510398,0.57,0.7442514100885746,1.0
R7855,35.065222439887194,1,35.065222439887194,0.7658702318510398,0.7658702318510398,1.0,0.8
R7855,35.065222439887194,1,35.065222439887194,0.7658702318510398,2.4201499326492857,3.16,0.3333333333333333
R7855,35.065222439887194,1,35.065222439887194,1.0772173450159415,0.10772173450159415,0.1,0.7333333333333333
R7855,35.065222439887194,1,35.065222439887194,1.0772173450159415,0.34470955040510126,0.32,1.0
R7855,35.065222439887194,1,35.065222439887194,1.0772173450159415,0.57,0.5291411270318569,1.0
R7855,35.065222439887194,1,35.065222439887194,1.0772173450159415,1.0772173450159415,1.0,0.5333333333333333
R7855,35.065222439887194,1,35.065222439887194,1.0772173450159415,3.404006810250375,3.16,0.4
R7855,35.065222439887194,1,35.065222439887194,1.515135541433198,0.1515135541433198,0.1,0.8666666666666667
R7855,35.065222439887194,1,35.065222439887194,1.515135541433198,0.48484337325862337,0.32,1.0
R7855,35.065222439887194,1,35.065222439887194,1.515135541433198,0.57,0.37620396618828256,1.0
R7855,35.065222439887194,1,35.065222439887194,1.515135541433198,1.515135541433198,1.0,0.5333333333333333
R7855,35.065222439887194,1,35.065222439887194,1.515135541433198,4.787828310928906,3.16,0.06666666666666667
R7855,35.065222439887194,1,35.065222439887194,2.1310794145076613,0.21310794145076614,0.1,0.9333333333333333
R7855,35.065222439887194,1,35.065222439887194,2.1310794145076613,0.57,0.26747008868821803,1.0
R7855,35.065222439887194,1,35.065222439887194,2.1310794145076613,0.6819454126424516,0.32,1.0
R7855,35.065222439887194,1,35.065222439887194,2.1310794145076613,2.1310794145076613,1.0,0.26666666666666666
R7855,35.065222439887194,1,35.065222439887194,2.1310794145076613,6.7342109498442095,3.16,0.13333333333333333
R7855,35.065222439887194,1,35.065222439887194,2.997421251594704,0.2997421251594704,0.1,1.0
R7855,35.065222439887194,1,35.065222439887194,2.997421251594704,0.57,0.19016346124080677,1.0
R7855,35.065222439887194,1,35.065222439887194,2.997421251594704,0.9591748005103052,0.32,0.8
R7855,35.065222439887194,1,35.065222439887194,2.997421251594704,2.997421251594704,1.0,0.4666666666666667
R7855,35.065222439887194,1,35.065222439887194,2.997421251594704,9.471851155039264,3.16,0.2
R7855,35.065222439887194,1,35.065222439887194,4.2159546464331275,0.42159546464331277,0.1,1.0
R7855,35.065222439887194,1,35.065222439887194,4.2159546464331275,0.57,0.13520069540649438,1.0
R7855,35.065222439887194,1,35.065222439887194,4.2159546464331275,1.3491054868586008,0.32,0.7333333333333333
R7855,35.065222439887194,1,35.065222439887194,4.2159546464331275,4.2159546464331275,1.0,0.3333333333333333
R7855,35.065222439887194,1,35.065222439887194,4.2159546464331275,13.322416682728683,3.16,0.2
R7855,35.065222439887194,1,35.065222439887194,5.929855061688346,0.57,0.09612376593867537,1.0
R7855,35.065222439887194,1,35.065222439887194,5.929855061688346,0.5929855061688346,0.1,1.0
R7855,35.065222439887194,1,35.065222439887194,5.929855061688346,1.8975536197402707,0.32,0.7333333333333333
R7855,35.065222439887194,1,35.065222439887194,5.929855061688346,5.929855061688346,1.0,0.26666666666666666
R7855,35.065222439887194,1,35.065222439887194,5.929855061688346,18.738341994935173,3.16,0.13333333333333333
R7855,35.065222439887194,1,35.065222439887194,8.340502686000294,0.57,0.06834120453635927,1.0
R7855,35.065222439887194,1,35.065222439887194,8.340502686000294,0.8340502686000294,0.1,1.0
R7855,35.065222439887194,1,35.065222439887194,8.340502686000294,2.668960859520094,0.32,0.6
R7855,35.065222439887194,1,35.065222439887194,8.340502686000294,8.340502686000294,1.0,0.26666666666666666
R7855,35.065222439887194,1,35.065222439887194,8.340502686000294,26.35598848776093,3.16,0.3333333333333333
R7855,35.065222439887194,1,35.065222439887194,11.731144240711311,0.57,0.04858861065077471,1.0
R7855,35.065222439887194,1,35.065222439887194,11.731144240711311,1.173114424071131,0.1,1.0
R7855,35.065222439887194,1,35.065222439887194,11.731144240711311,3.7539661570276195,0.32,0.6
R7855,35.065222439887194,1,35.065222439887194,11.731144240711311,11.731144240711311,1.0,0.2
R7855,35.065222439887194,1,35.065222439887194,11.731144240711311,32.0,2.7277816505698085,0.2
R7855,35.065222439887194,1,35.065222439887194,16.50017395562641,0.57,0.034545090344676954,1.0
R7855,35.065222439887194,1,35.065222439887194,16.50017395562641,1.650017395562641,0.1,1.0
R7855,35.065222439887194,1,35.065222439887194,16.50017395562641,5.280055665800451,0.32,0.5333333333333333
R7855,35.065222439887194,1,35.065222439887194,16.50017395562641,16.50017395562641,1.0,0.3333333333333333
R7855,35.065222439887194,1,35.065222439887194,16.50017395562641,32.0,1.9393734930344957,0.0
R7855,35.065222439887194,1,35.065222439887194,23.207944168063882,0.57,0.024560555466363484,1.0
R7855,35.065222439887194,1,35.065222439887194,23.207944168063882,2.3207944168063883,0.1,1.0
R7855,35.065222439887194,1,35.065222439887194,23.207944168063882,7.426542133780442,0.32,0.6
R7855,35.065222439887194,1,35.065222439887194,23.207944168063882,23.207944168063882,1.0,0.4
R7855,35.065222439887194,1,35.065222439887194,23.207944168063882,32.0,1.3788382016204064,0.4
R7855,35.065222439887194,1,35.065222439887194,32.642605705639234,0.57,0.01746184128620371,1.0
R7855,35.065222439887194,1,35.065222439887194,32.642605705639234,3.2642605705639234,0.1,0.9333333333333333
R7855,35.065222439887194,1,35.065222439887194,32.642605705639234,10.445633825804554,0.32,0.5333333333333333
R7855,35.065222439887194,1,35.065222439887194,32.642605705639234,32.0,0.9803138967693311,0.26666666666666666
R7855,35.065222439887194,1,35.065222439887194,45.912714178281405,0.57,0.012414861769806529,1.0
R7855,35.065222439887194,1,35.065222439887194,45.912714178281405,4.591271417828141,0.1,0.9333333333333333
R7855,35.065222439887194,1,35.065222439887194,45.912714178281405,14.69206853705005,0.32,0.5333333333333333
R7855,35.065222439887194,1,35.065222439887194,45.912714178281405,32.0,0.6969746958487876,0.3333333333333333
R7855,35.065222439887194,1,35.065222439887194,64.57748325074412,0.57,0.008826605982564857,1.0
R7855,35.065222439887194,1,35.065222439887194,64.57748325074412,6.457748325074412,0.1,0.8
R7855,35.065222439887194,1,35.065222439887194,64.57748325074412,20.66479464023812,0.32,0.3333333333333333
R7855,35.065222439887194,1,35.065222439887194,64.57748325074412,32.0,0.49552875691592185,0.2
R7855,35.065222439887194,1,35.065222439887194,90.82998941876633,0.57,0.00627546038095467,1.0
R7855,35.065222439887194,1,35.065222439887194,90.82998941876633,9.082998941876633,0.1,0.9333333333333333
R7855,35.065222439887194,1,35.065222439887194,90.82998941876633,29.065596614005226,0.32,0.4
R7855,35.065222439887194,1,35.065222439887194,90.82998941876633,32.0,0.3523065477027183,0.6
R7855,35.065222439887194,1,35.065222439887194,127.75485451762533,0.57,0.004461669986257638,1.0
R7855,35.065222439887194,1,35.065222439887194,127.75485451762533,12.775485451762535,0.1,0.9333333333333333
R7855,35.065222439887194,1,35.065222439887194,127.75485451762533,32.0,0.2504797185267446,0.6
R7855,35.065222439887194,1,35.065222439887194,179.69068319023125,0.57,0.0031721177185161237,1.0
R7855,35.065222439887194,1,35.065222439887194,179.69068319023125,17.969068319023126,0.1,1.0
R7855,35.065222439887194,1,35.065222439887194,179.69068319023125,32.0,0.17808380174125607,0.6
R7855,35.065222439887194,1,35.065222439887194,252.73984105956174,0.57,0.0022552835263739495,1.0
R7855,35.065222439887194,1,35.065222439887194,252.73984105956174,25.273984105956174,0.1,0.8
R7855,35.065222439887194,1,35.065222439887194,252.73984105956174,32.0,0.12661240849818667,0.8
R7855,35.065222439887194,1,35.065222439887194,355.4854716156215,0.57,0.001603441055999971,1.0
R7855,35.065222439887194,1,35.065222439887194,355.4854716156215,32.0,0.09001774349473524,1.0
R7855,35.065222439887194,1,35.065222439887194,500.0,0.57,0.00114,1.0
R7855,35.065222439887194,1,35.065222439887194,500.0,32.0,0.064,0.9333333333333333
R3089,35.29859794557465,2,141.1943917822986,0.05,0.01,0.19999999999999998,0.0
R3089,35.29859794557465,2,141.1943917822986,0.05,0.016,0.32,0.0
R3089,35.29859794557465,2,141.1943917822986,0.05,0.05,1.0,0.2
R3089,35.29859794557465,2,141.1943917822986,0.05,0.15800000000000003,3.1600000000000006,0.3333333333333333
R3089,35.29859794557465,2,141.1943917822986,0.05,0.57,11.399999999999999,0.4666666666666667
R3089,35.29859794557465,2,141.1943917822986,0.07032636210526184,0.01,0.14219418864624872,0.0
R3089,35.29859794557465,2,141.1943917822986,0.07032636210526184,0.02250443587368379,0.32,0.0
R3089,35.29859794557465,2,141.1943917822986,0.07032636210526184,0.07032636210526184,1.0,0.2
R3089,35.29859794557465,2,141.1943917822986,0.07032636210526184,0.22223130425262744,3.16,0.4
R3089,35.29859794557465,2,141.1943917822986,0.07032636210526184,0.57,8.105068752836177,0.4666666666666667
R3089,35.29859794557465,2,141.1943917822986,0.0989159441392082,0.01,0.10109593642382482,0.0
R3089,35.29859794557465,2,141.1943917822986,0.0989159441392082,0.031653102124546625,0.32,0.0
R3089,35.29859794557465,2,141.1943917822986,0.0989159441392082,0.0989159441392082,1.0,0.26666666666666666
R3089,35.29859794557465,2,141.1943917822986,0.0989159441392082,0.31257438347989797,3.16,0.6666666666666666
R3089,35.29859794557465,2,141.1943917822986,0.0989159441392082,0.57,5.762468376158014,0.5333333333333333
R3089,35.29859794557465,2,141.1943917822986,0.1391279701103562,0.013912797011035621,0.1,0.0
R3089,35.29859794557465,2,141.1943917822986,0.1391279701103562,0.04452095043531399,0.32,0.13333333333333333
R3089,35.29859794557465,2,141.1943917822986,0.1391279701103562,0.1391279701103562,1.0,0.4666666666666667
R3089,35.29859794557465,2,141.1943917822986,0.1391279701103562,0.43964438554872565,3.16,0.7333333333333333
R3089,35.29859794557465,2,141.1943917822986,0.1391279701103562,0.57,4.096947576737275,0.4666666666666667
R3089,35.29859794557465,2,141.1943917822986,0.19568728009901917,0.01956872800990192,0.10000000000000002,0.0
R3089,35.29859794557465,2,141.1943917822986,0.19568728009901917,0.06261992963168614,0.32,0.2
R3089,35.29859794557465,2,141.1943917822986,0.19568728009901917,0.19568728009901917,1.0,0.5333333333333333
R3089,35.29859794557465,2,141.1943917822986,0.19568728009901917,0.57,2.912810683001858,0.6
R3089,35.29859794557465,2,141.1943917822986,0.19568728009901917,0.6183718051129006,3.16,0.4666666666666667
R3089,35.29859794557465,2,141.1943917822986,0.2752394903927485,0.02752394903927485,0.1,0.06666666666666667
R3089,35.29859794557465,2,141.1943917822986,0.2752394903927485,0.08807663692567952,0.32,0.4666666666666667
R3089,35.29859794557465,2,141.1943917822986,0.2752394903927485,0.2752394903927485,1.0,0.8
R3089,35.29859794557465,2,141.1943917822986,0.2752394903927485,0.57,2.070923758747874,0.6666666666666666
R3089,35.29859794557465,2,141.1943917822986,0.2752394903927485,0.8697567896410853,3.16,0.26666666666666666
R3089,35.29859794557465,2,141.1943917822986,0.38713184134056344,0.03871318413405635,0.1,0.3333333333333333
R3089,35.29859794557465,2,141.1943917822986,0.38713184134056344,0.12388218922898031,0.32,0.7333333333333333
R3089,35.29859794557465,2,141.1943917822986,0.38713184134056344,0.38713184134056344,1.0,0.9333333333333333
R3089,35.29859794557465,2,141.1943917822986,0.38713184134056344,0.57,1.472366618116968,0.6
R3089,35.29859794557465,2,141.1943917822986,0.38713184134056344,1.2233366186361805,3.16,0.26666666666666666
R3089,35.29859794557465,2,141.1943917822986,0.5445114811318649,0.05445114811318649,0.1,0.6
R3089,35.29859794557465,2,141.1943917822986,0.5445114811318649,0.17424367396219675,0.32,0.8666666666666667
R3089,35.29859794557465,2,141.1943917822986,0.5445114811318649,0.5445114811318649,1.0,0.8
R3089,35.29859794557465,2,141.1943917822986,0.5445114811318649,0.57,1.0468098832648167,0.8
R3089,35.29859794557465,2,141.1943917822986,0.5445114811318649,1.7206562803766932,3.16,0.26666666666666666
R3089,35.29859794557465,2,141.1943917822986,0.7658702318510398,0.07658702318510398,0.1,0.7333333333333333
R3089,35.29859794557465,2,141.1943917822986,0.7658702318510398,0.24507847419233272,0.32,1.0
R3089,35.29859794557465,2,141.1943917822986,0.7658702318510398,0.57,0.7442514100885746,0.8
R3089,35.29859794557465,2,141.1943917822986,0.7658702318510398,0.7658702318510398,1.0,0.5333333333333333
R3089,35.29859794557465,2,141.1943917822986,0.7658702318510398,2.4201499326492857,3.16,0.26666666666666666
R3089,35.29859794557465,2,141.1943917822986,1.0772173450159415,0.10772173450159415,0.1,0.8666666666666667
R3089,35.29859794557465,2,141.1943917822986,1.0772173450159415,0.34470955040510126,0.32,1.0
R3089,35.29859794557465,2,141.1943917822986,1.0772173450159415,0.57,0.5291411270318569,0.8666666666666667
R3089,35.29859794557465,2,141.1943917822986,1.0772173450159415,1.0772173450159415,1.0,0.26666666666666666
R3089,35.29859794557465,2,141.1943917822986,1.0772173450159415,3.404006810250375,3.16,0.13333333333333333
R3089,35.29859794557465,2,141.1943917822986,1.515135541433198,0.1515135541433198,0.1,0.9333333333333333
R3089,35.29859794557465,2,141.1943917822986,1.515135541433198,0.48484337325862337,0.32,1.0
R3089,35.29859794557465,2,141.1943917822986,1.515135541433198,0.57,0.37620396618828256,0.9333333333333333
R3089,35.29859794557465,2,141.1943917822986,1.515135541433198,1.515135541433198,1.0,0.2
R3089,35.29859794557465,2,141.1943917822986,1.515135541433198,4.787828310928906,3.16,0.26666666666666666
R3089,35.29859794557465,2,141.1943917822986,2.1310794145076613,0.21310794145076614,0.1,1.0
R3089,35.29859794557465,2,141.1943917822986,2.1310794145076613,0.57,0.26747008868821803,1.0
R3089,35.29859794557465,2,141.1943917822986,2.1310794145076613,0.6819454126424516,0.32,0.8666666666666667
R3089,35.29859794557465,2,141.1943917822986,2.1310794145076613,2.1310794145076613,1.0,0.3333333333333333
R3089,35.29859794557465,2,141.1943917822986,2.1310794145076613,6.7342109498442095,3.16,0.13333333333333333
R3089,35.29859794557465,2,141.1943917822986,2.997421251594704,0.2997421251594704,0.1,1.0
R3089,35.29859794557465,2,141.1943917822986,2.997421251594704,0.57,0.19016346124080677,1.0
R3089,35.29859794557465,2,141.1943917822986,2.997421251594704,0.9591748005103052,0.32,0.9333333333333333
R3089,35.29859794557465,2,141.1943917822986,2.997421251594704,2.997421251594704,1.0,0.3333333333333333
R3089,35.29859794557465,2,141.1943917822986,2.997421251594704,9.471851155039264,3.16,0.06666666666666667
R3089,35.29859794557465,2,141.1943917822986,4.2159546464331275,0.42159546464331277,0.1,1.0
R3089,35.29859794557465,2,141.1943917822986,4.2159546464331275,0.57,0.13520069540649438,1.0
R3089,35.29859794557465,2,141.1943917822986,4.2159546464331275,1.3491054868586008,0.32,0.6
R3089,35.29859794557465,2,141.1943917822986,4.2159546464331275,4.2159546464331275,1.0,0.13333333333333333
R3089,35.29859794557465,2,141.1943917822986,4.2159546464331275,13.322416682728683,3.16,0.2
R3089,35.29859794557465,2,141.1943917822986,5.929855061688346,0.57,0.09612376593867537,1.0
R3089,35.29859794557465,2,141.1943917822986,5.929855061688346,0.5929855061688346,0.1,1.0
R3089,35.29859794557465,2,141.1943917822986,5.929855061688346,1.8975536197402707,0.32,0.6666666666666666
R3089,35.29859794557465,2,141.1943917822986,5.929855061688346,5.929855061688346,1.0,0.3333333333333333
R3089,35.29859794557465,2,141.1943917822986,5.929855061688346,18.738341994935173,3.16,0.4
R3089,35.29859794557465,2,141.1943917822986,8.340502686000294,0.57,0.06834120453635927,1.0
R3089,35.29859794557465,2,141.1943917822986,8.340502686000294,0.8340502686000294,0.1,0.9333333333333333
R3089,35.29859794557465,2,141.1943917822986,8.340502686000294,2.668960859520094,0.32,0.5333333333333333
R3089,35.29859794557465,2,141.1943917822986,8.340502686000294,8.340502686000294,1.0,0.13333333333333333
R3089,35.29859794557465,2,141.1943917822986,8.340502686000294,26.35598848776093,3.16,0.2
R3089,35.29859794557465,2,141.1943917822986,11.731144240711311,0.57,0.04858861065077471,1.0
R3089,35.29859794557465,2,141.1943917822986,11.731144240711311,1.173114424071131,0.1,1.0
R3089,35.29859794557465,2,141.1943917822986,11.731144240711311,3.7539661570276195,0.32,0.5333333333333333
R3089,35.29859794557465,2,141.1943917822986,11.731144240711311,11.731144240711311,1.0,0.06666666666666667
R3089,35.29859794557465,2,141.1943917822986,11.731144240711311,32.0,2.7277816505698085,0.2
R3089,35.29859794557465,2,141.1943917822986,16.50017395562641,0.57,0.034545090344676954,1.0
R3089,35.29859794557465,2,141.1943917822986,16.50017395562641,1.650017395562641,0.1,0.9333333333333333
R3089,35.29859794557465,2,141.1943917822986,16.50017395562641,5.280055665800451,0.32,0.26666666666666666
R3089,35.29859794557465,2,141.1943917822986,16.50017395562641,16.50017395562641,1.0,0.13333333333333333
R3089,35.29859794557465,2,141.1943917822986,16.50017395562641,32.0,1.9393734930344957,0.13333333333333333
R3089,35.29859794557465,2,141.1943917822986,23.207944168063882,0.57,0.024560555466363484,1.0
R3089,35.29859794557465,2,141.1943917822986,23.207944168063882,2.3207944168063883,0.1,0.8666666666666667
R3089,35.29859794557465,2,141.1943917822986,23.207944168063882,7.426542133780442,0.32,0.2
R3089,35.29859794557465,2,141.1943917822986,23.207944168063882,23.207944168063882,1.0,0.13333333333333333
R3089,35.29859794557465,2,141.1943917822986,23.207944168063882,32.0,1.3788382016204064,0.26666666666666666
R3089,35.29859794557465,2,141.1943917822986,32.642605705639234,0.57,0.01746184128620371,1.0
R3089,35.29859794557465,2,141.1943917822986,32.642605705639234,3.2642605705639234,0.1,0.8666666666666667
R3089,35.29859794557465,2,141.1943917822986,32.642605705639234,10.445633825804554,0.32,0.6
R3089,35.29859794557465,2,141.1943917822986,32.642605705639234,32.0,0.9803138967693311,0.13333333333333333
R3089,35.29859794557465,2,141.1943917822986,45.912714178281405,0.57,0.012414861769806529,1.0
R3089,35.29859794557465,2,141.1943917822986,45.912714178281405,4.591271417828141,0.1,0.7333333333333333
R3089,35.29859794557465,2,141.1943917822986,45.912714178281405,14.69206853705005,0.32,0.7333333333333333
R3089,35.29859794557465,2,141.1943917822986,45.912714178281405,32.0,0.6969746958487876,0.26666666666666666
R3089,35.29859794557465,2,141.1943917822986,64.57748325074412,0.57,0.008826605982564857,1.0
R3089,35.29859794557465,2,141.1943917822986,64.57748325074412,6.457748325074412,0.1,0.8
R3089,35.29859794557465,2,141.1943917822986,64.57748325074412,20.66479464023812,0.32,0.6
R3089,35.29859794557465,2,141.1943917822986,64.57748325074412,32.0,0.49552875691592185,0.6
R3089,35.29859794557465,2,141.1943917822986,90.82998941876633,0.57,0.00627546038095467,1.0
R3089,35.29859794557465,2,141.1943917822986,90.82998941876633,9.082998941876633,0.1,0.8666666666666667
R3089,35.29859794557465,2,141.1943917822986,90.82998941876633,29.065596614005226,0.32,0.4666666666666667
R3089,35.29859794557465,2,141.1943917822986,90.82998941876633,32.0,0.3523065477027183,0.26666666666666666
R3089,35.29859794557465,2,141.1943917822986,127.75485451762533,0.57,0.004461669986257638,1.0
R3089,35.29859794557465,2,141.1943917822986,127.75485451762533,12.775485451762535,0.1,0.6666666666666666
R3089,35.29859794557465,2,141.1943917822986,127.75485451762533,32.0,0.2504797185267446,0.4666666666666667
R3089,35.29859794557465,2,141.1943917822986,179.69068319023125,0.57,0.0031721177185161237,1.0
R3089,35.29859794557465,2,141.1943917822986,179.69068319023125,17.969068319023126,0.1,0.8
R3089,35.29859794557465,2,141.1943917822986,179.69068319023125,32.0,0.17808380174125607,0.8
R3089,35.29859794557465,2,141.1943917822986,252.73984105956174,0.57,0.0022552835263739495,1.0
R3089,35.29859794557465,2,141.1943917822986,252.73984105956174,25.273984105956174,0.1,0.7333333333333333
R3089,35.29859794557465,2,141.1943917822986,252.73984105956174,32.0,0.12661240849818667,0.9333333333333333
R3089,35.29859794557465,2,141.1943917822986,355.4854716156215,0.57,0.001603441055999971,1.0
R3089,35.29859794557465,2,141.1943917822986,355.4854716156215,32.0,0.09001774349473524,0.7333333333333333
R3089,35.29859794557465,2,141.1943917822986,500.0,0.57,0.00114,0.9333333333333333
R3089,35.29859794557465,2,141.1943917822986,500.0,32.0,0.064,1.0
R4870,34.57092982347235,3,311.1383684112511,0.05,0.01,0.19999999999999998,0.26666666666666666
R4870,34.57092982347235,3,311.1383684112511,0.05,0.016,0.32,0.26666666666666666
R4870,34.57092982347235,3,311.1383684112511,0.05,0.05,1.0,0.26666666666666666
R4870,34.57092982347235,3,311.1383684112511,0.05,0.15800000000000003,3.1600000000000006,0.8
R4870,34.57092982347235,3,311.1383684112511,0.05,0.57,11.399999999999999,0.26666666666666666
R4870,34.57092982347235,3,311.1383684112511,0.07032636210526184,0.01,0.14219418864624872,0.26666666666666666
R4870,34.57092982347235,3,311.1383684112511,0.07032636210526184,0.02250443587368379,0.32,0.26666666666666666
R4870,34.57092982347235,3,311.1383684112511,0.07032636210526184,0.07032636210526184,1.0,0.5333333333333333
R4870,34.57092982347235,3,311.1383684112511,0.07032636210526184,0.22223130425262744,3.16,0.8666666666666667
R4870,34.57092982347235,3,311.1383684112511,0.07032636210526184,0.57,8.105068752836177,0.3333333333333333
R4870,34.57092982347235,3,311.1383684112511,0.0989159441392082,0.01,0.10109593642382482,0.26666666666666666
R4870,34.57092982347235,3,311.1383684112511,0.0989159441392082,0.031653102124546625,0.32,0.26666666666666666
R4870,34.57092982347235,3,311.1383684112511,0.0989159441392082,0.0989159441392082,1.0,0.9333333333333333
R4870,34.57092982347235,3,311.1383684112511,0.0989159441392082,0.31257438347989797,3.16,0.8
R4870,34.57092982347235,3,311.1383684112511,0.0989159441392082,0.57,5.762468376158014,0.3333333333333333
R4870,34.57092982347235,3,311.1383684112511,0.1391279701103562,0.013912797011035621,0.1,0.26666666666666666
R4870,34.57092982347235,3,311.1383684112511,0.1391279701103562,0.04452095043531399,0.32,0.26666666666666666
R4870,34.57092982347235,3,311.1383684112511,0.1391279701103562,0.1391279701103562,1.0,0.8666666666666667
R4870,34.57092982347235,3,311.1383684112511,0.1391279701103562,0.43964438554872565,3.16,0.4666666666666667
R4870,34.57092982347235,3,311.1383684112511,0.1391279701103562,0.57,4.096947576737275,0.2
R4870,34.57092982347235,3,311.1383684112511,0.19568728009901917,0.01956872800990192,0.10000000000000002,0.26666666666666666
R4870,34.57092982347235,3,311.1383684112511,0.19568728009901917,0.06261992963168614,0.32,0.4
R4870,34.57092982347235,3,311.1383684112511,0.19568728009901917,0.19568728009901917,1.0,0.9333333333333333
R4870,34.57092982347235,3,311.1383684112511,0.19568728009901917,0.57,2.912810683001858,0.4
R4870,34.57092982347235,3,311.1383684112511,0.19568728009901917,0.6183718051129006,3.16,0.5333333333333333
R4870,34.57092982347235,3,311.1383684112511,0.2752394903927485,0.02752394903927485,0.1,0.26666666666666666
R4870,34.57092982347235,3,311.1383684112511,0.2752394903927485,0.08807663692567952,0.32,0.8666666666666667
R4870,34.57092982347235,3,311.1383684112511,0.2752394903927485,0.2752394903927485,1.0,0.9333333333333333
R4870,34.57092982347235,3,311.1383684112511,0.2752394903927485,0.57,2.070923758747874,0.4
R4870,34.57092982347235,3,311.1383684112511,0.2752394903927485,0.8697567896410853,3.16,0.4666666666666667
R4870,34.57092982347235,3,311.1383684112511,0.38713184134056344,0.03871318413405635,0.1,0.2
R4870,34.57092982347235,3,311.1383684112511,0.38713184134056344,0.12388218922898031,0.32,1.0
R4870,34.57092982347235,3,311.1383684112511,0.38713184134056344,0.38713184134056344,1.0,0.7333333333333333
R4870,34.57092982347235,3,311.1383684112511,0.38713184134056344,0.57,1.472366618116968,0.3333333333333333
R4870,34.57092982347235,3,311.1383684112511,0.38713184134056344,1.2233366186361805,3.16,0.06666666666666667
R4870,34.57092982347235,3,311.1383684112511,0.5445114811318649,0.05445114811318649,0.1,0.4
R4870,34.57092982347235,3,311.1383684112511,0.5445114811318649,0.17424367396219675,0.32,1.0
R4870,34.57092982347235,3,311.1383684112511,0.5445114811318649,0.5445114811318649,1.0,0.4
R4870,34.57092982347235,3,311.1383684112511,0.5445114811318649,0.57,1.0468098832648167,0.3333333333333333
R4870,34.57092982347235,3,311.1383684112511,0.5445114811318649,1.7206562803766932,3.16,0.13333333333333333
R4870,34.57092982347235,3,311.1383684112511,0.7658702318510398,0.07658702318510398,0.1,0.6666666666666666
R4870,34.57092982347235,3,311.1383684112511,0.7658702318510398,0.24507847419233272,0.32,1.0
R4870,34.57092982347235,3,311.1383684112511,0.7658702318510398,0.57,0.7442514100885746,0.4666666666666667
R4870,34.57092982347235,3,311.1383684112511,0.7658702318510398,0.7658702318510398,1.0,0.3333333333333333
R4870,34.57092982347235,3,311.1383684112511,0.7658702318510398,2.4201499326492857,3.16,0.2
R4870,34.57092982347235,3,311.1383684112511,1.0772173450159415,0.10772173450159415,0.1,0.9333333333333333
R4870,34.57092982347235,3,311.1383684112511,1.0772173450159415,0.34470955040510126,0.32,0.9333333333333333
R4870,34.57092982347235,3,311.1383684112511,1.0772173450159415,0.57,0.5291411270318569,0.6
R4870,34.57092982347235,3,311.1383684112511,1.0772173450159415,1.0772173450159415,1.0,0.4
R4870,34.57092982347235,3,311.1383684112511,1.0772173450159415,3.404006810250375,3.16,0.13333333333333333
R4870,34.57092982347235,3,311.1383684112511,1.515135541433198,0.1515135541433198,0.1,1.0
R4870,34.57092982347235,3,311.1383684112511,1.515135541433198,0.48484337325862337,0.32,0.8666666666666667
R4870,34.57092982347235,3,311.1383684112511,1.515135541433198,0.57,0.37620396618828256,0.7333333333333333
R4870,34.57092982347235,3,311.1383684112511,1.515135541433198,1.515135541433198,1.0,0.4
R4870,34.57092982347235,3,311.1383684112511,1.515135541433198,4.787828310928906,3.16,0.0
R4870,34.57092982347235,3,311.1383684112511,2.1310794145076613,0.21310794145076614,0.1,1.0
R4870,34.57092982347235,3,311.1383684112511,2.1310794145076613,0.57,0.26747008868821803,0.8
R4870,34.57092982347235,3,311.1383684112511,2.1310794145076613,0.6819454126424516,0.32,0.7333333333333333
R4870,34.57092982347235,3,311.1383684112511,2.1310794145076613,2.1310794145076613,1.0,0.3333333333333333
R4870,34.57092982347235,3,311.1383684112511,2.1310794145076613,6.7342109498442095,3.16,0.13333333333333333
R4870,34.57092982347235,3,311.1383684112511,2.997421251594704,0.2997421251594704,0.1,1.0
R4870,34.57092982347235,3,311.1383684112511,2.997421251594704,0.57,0.19016346124080677,0.8
R4870,34.57092982347235,3,311.1383684112511,2.997421251594704,0.9591748005103052,0.32,0.7333333333333333
R4870,34.57092982347235,3,311.1383684112511,2.997421251594704,2.997421251594704,1.0,0.13333333333333333
R4870,34.57092982347235,3,311.1383684112511,2.997421251594704,9.471851155039264,3.16,0.06666666666666667
R4870,34.57092982347235,3,311.1383684112511,4.2159546464331275,0.42159546464331277,0.1,1.0
R4870,34.57092982347235,3,311.1383684112511,4.2159546464331275,0.57,0.13520069540649438,0.7333333333333333
R4870,34.57092982347235,3,311.1383684112511,4.2159546464331275,1.3491054868586008,0.32,0.4
R4870,34.57092982347235,3,311.1383684112511,4.2159546464331275,4.2159546464331275,1.0,0.13333333333333333
R4870,34.57092982347235,3,311.1383684112511,4.2159546464331275,13.322416682728683,3.16,0.26666666666666666
R4870,34.57092982347235,3,311.1383684112511,5.929855061688346,0.57,0.09612376593867537,0.8666666666666667
R4870,34.57092982347235,3,311.1383684112511,5.929855061688346,0.5929855061688346,0.1,0.9333333333333333
R4870,34.57092982347235,3,311.1383684112511,5.929855061688346,1.8975536197402707,0.32,0.26666666666666666
R4870,34.57092982347235,3,311.1383684112511,5.929855061688346,5.929855061688346,1.0,0.13333333333333333
R4870,34.57092982347235,3,311.1383684112511,5.929855061688346,18.738341994935173,3.16,0.0
R4870,34.57092982347235,3,311.1383684112511,8.340502686000294,0.57,0.06834120453635927,0.9333333333333333
R4870,34.57092982347235,3,311.1383684112511,8.340502686000294,0.8340502686000294,0.1,0.8
R4870,34.57092982347235,3,311.1383684112511,8.340502686000294,2.668960859520094,0.32,0.26666666666666666
R4870,34.57092982347235,3,311.1383684112511,8.340502686000294,8.340502686000294,1.0,0.4
R4870,34.57092982347235,3,311.1383684112511,8.340502686000294,26.35598848776093,3.16,0.0
R4870,34.57092982347235,3,311.1383684112511,11.731144240711311,0.57,0.04858861065077471,1.0
R4870,34.57092982347235,3,311.1383684112511,11.731144240711311,1.173114424071131,0.1,0.8666666666666667
R4870,34.57092982347235,3,311.1383684112511,11.731144240711311,3.7539661570276195,0.32,0.2
R4870,34.57092982347235,3,311.1383684112511,11.731144240711311,11.731144240711311,1.0,0.13333333333333333
R4870,34.57092982347235,3,311.1383684112511,11.731144240711311,32.0,2.7277816505698085,0.0
R4870,34.57092982347235,3,311.1383684112511,16.50017395562641,0.57,0.034545090344676954,1.0
R4870,34.57092982347235,3,311.1383684112511,16.50017395562641,1.650017395562641,0.1,0.7333333333333333
R4870,34.57092982347235,3,311.1383684112511,16.50017395562641,5.280055665800451,0.32,0.2
R4870,34.57092982347235,3,311.1383684112511,16.50017395562641,16.50017395562641,1.0,0.0
R4870,34.57092982347235,3,311.1383684112511,16.50017395562641,32.0,1.9393734930344957,0.06666666666666667
R4870,34.57092982347235,3,311.1383684112511,23.207944168063882,0.57,0.024560555466363484,1.0
R4870,34.57092982347235,3,311.1383684112511,23.207944168063882,2.3207944168063883,0.1,0.8
R4870,34.57092982347235,3,311.1383684112511,23.207944168063882,7.426542133780442,0.32,0.2
R4870,34.57092982347235,3,311.1383684112511,23.207944168063882,23.207944168063882,1.0,0.06666666666666667
R4870,34.57092982347235,3,311.1383684112511,23.207944168063882,32.0,1.3788382016204064,0.13333333333333333
R4870,34.57092982347235,3,311.1383684112511,32.642605705639234,0.57,0.01746184128620371,1.0
R4870,34.57092982347235,3,311.1383684112511,32.642605705639234,3.2642605705639234,0.1,0.8666666666666667
R4870,34.57092982347235,3,311.1383684112511,32.642605705639234,10.445633825804554,0.32,0.3333333333333333
R4870,34.57092982347235,3,311.1383684112511,32.642605705639234,32.0,0.9803138967693311,0.13333333333333333
R4870,34.57092982347235,3,311.1383684112511,45.912714178281405,0.57,0.012414861769806529,1.0
R4870,34.57092982347235,3,311.1383684112511,45.912714178281405,4.591271417828141,0.1,0.4666666666666667
R4870,34.57092982347235,3,311.1383684112511,45.912714178281405,14.69206853705005,0.32,0.4
R4870,34.57092982347235,3,311.1383684112511,45.912714178281405,32.0,0.6969746958487876,0.2
R4870,34.57092982347235,3,311.1383684112511,64.57748325074412,0.57,0.008826605982564857,0.9333333333333333
R4870,34.57092982347235,3,311.1383684112511,64.57748325074412,6.457748325074412,0.1,0.4
R4870,34.57092982347235,3,311.1383684112511,64.57748325074412,20.66479464023812,0.32,0.13333333333333333
R4870,34.57092982347235,3,311.1383684112511,64.57748325074412,32.0,0.49552875691592185,0.13333333333333333
R4870,34.57092982347235,3,311.1383684112511,90.82998941876633,0.57,0.00627546038095467,1.0
R4870,34.57092982347235,3,311.1383684112511,90.82998941876633,9.082998941876633,0.1,0.5333333333333333
R4870,34.57092982347235,3,311.1383684112511,90.82998941876633,29.065596614005226,0.32,0.4
R4870,34.57092982347235,3,311.1383684112511,90.82998941876633,32.0,0.3523065477027183,0.13333333333333333
R4870,34.57092982347235,3,311.1383684112511,127.75485451762533,0.57,0.004461669986257638,1.0
R4870,34.57092982347235,3,311.1383684112511,127.75485451762533,12.775485451762535,0.1,0.5333333333333333
R4870,34.57092982347235,3,311.1383684112511,127.75485451762533,32.0,0.2504797185267446,0.13333333333333333
R4870,34.57092982347235,3,311.1383684112511,179.69068319023125,0.57,0.0031721177185161237,0.8
R4870,34.57092982347235,3,311.1383684112511,179.69068319023125,17.969068319023126,0.1,0.6666666666666666
R4870,34.57092982347235,3,311.1383684112511,179.69068319023125,32.0,0.17808380174125607,0.26666666666666666
R4870,34.57092982347235,3,311.1383684112511,252.73984105956174,0.57,0.0022552835263739495,0.13333333333333333
R4870,34.57092982347235,3,311.1383684112511,252.73984105956174,25.273984105956174,0.1,0.5333333333333333
R4870,34.57092982347235,3,311.1383684112511,252.73984105956174,32.0,0.12661240849818667,0.4
R4870,34.57092982347235,3,311.1383684112511,355.4854716156215,0.57,0.001603441055999971,0.0
R4870,34.57092982347235,3,311.1383684112511,355.4854716156215,32.0,0.09001774349473524,0.8
R4870,34.57092982347235,3,311.1383684112511,500.0,0.57,0.00114,0.0
R4870,34.57092982347235,3,311.1383684112511,500.0,32.0,0.064,0.5333333333333333
R3898,34.675735267602015,4,554.8117642816322,0.05,0.01,0.19999999999999998,0.0
R3898,34.675735267602015,4,554.8117642816322,0.05,0.016,0.32,0.0
R3898,34.675735267602015,4,554.8117642816322,0.05,0.05,1.0,0.0
R3898,34.675735267602015,4,554.8117642816322,0.05,0.15800000000000003,3.1600000000000006,0.5333333333333333
R3898,34.675735267602015,4,554.8117642816322,0.05,0.57,11.399999999999999,0.06666666666666667
R3898,34.675735267602015,4,554.8117642816322,0.07032636210526184,0.01,0.14219418864624872,0.0
R3898,34.675735267602015,4,554.8117642816322,0.07032636210526184,0.02250443587368379,0.32,0.0
R3898,34.675735267602015,4,554.8117642816322,0.07032636210526184,0.07032636210526184,1.0,0.0
R3898,34.675735267602015,4,554.8117642816322,0.07032636210526184,0.22223130425262744,3.16,0.8
R3898,34.675735267602015,4,554.8117642816322,0.07032636210526184,0.57,8.105068752836177,0.06666666666666667
R3898,34.675735267602015,4,554.8117642816322,0.0989159441392082,0.01,0.10109593642382482,0.0
R3898,34.675735267602015,4,554.8117642816322,0.0989159441392082,0.031653102124546625,0.32,0.0
R3898,34.675735267602015,4,554.8117642816322,0.0989159441392082,0.0989159441392082,1.0,0.4
R3898,34.675735267602015,4,554.8117642816322,0.0989159441392082,0.31257438347989797,3.16,0.4
R3898,34.675735267602015,4,554.8117642816322,0.0989159441392082,0.57,5.762468376158014,0.06666666666666667
R3898,34.675735267602015,4,554.8117642816322,0.1391279701103562,0.013912797011035621,0.1,0.0
R3898,34.675735267602015,4,554.8117642816322,0.1391279701103562,0.04452095043531399,0.32,0.0
R3898,34.675735267602015,4,554.8117642816322,0.1391279701103562,0.1391279701103562,1.0,0.6666666666666666
R3898,34.675735267602015,4,554.8117642816322,0.1391279701103562,0.43964438554872565,3.16,0.26666666666666666
R3898,34.675735267602015,4,554.8117642816322,0.1391279701103562,0.57,4.096947576737275,0.13333333333333333
R3898,34.675735267602015,4,554.8117642816322,0.19568728009901917,0.01956872800990192,0.10000000000000002,0.0
R3898,34.675735267602015,4,554.8117642816322,0.19568728009901917,0.06261992963168614,0.32,0.06666666666666667
R3898,34.675735267602015,4,554.8117642816322,0.19568728009901917,0.19568728009901917,1.0,0.9333333333333333
R3898,34.675735267602015,4,554.8117642816322,0.19568728009901917,0.57,2.912810683001858,0.13333333333333333
R3898,34.675735267602015,4,554.8117642816322,0.19568728009901917,0.6183718051129006,3.16,0.06666666666666667
R3898,34.675735267602015,4,554.8117642816322,0.2752394903927485,0.02752394903927485,0.1,0.0
R3898,34.675735267602015,4,554.8117642816322,0.2752394903927485,0.08807663692567952,0.32,0.4666666666666667
R3898,34.675735267602015,4,554.8117642816322,0.2752394903927485,0.2752394903927485,1.0,0.6
R3898,34.675735267602015,4,554.8117642816322,0.2752394903927485,0.57,2.070923758747874,0.13333333333333333
R3898,34.675735267602015,4,554.8117642816322,0.2752394903927485,0.8697567896410853,3.16,0.13333333333333333
R3898,34.675735267602015,4,554.8117642816322,0.38713184134056344,0.03871318413405635,0.1,0.26666666666666666
R3898,34.675735267602015,4,554.8117642816322,0.38713184134056344,0.12388218922898031,0.32,1.0
R3898,34.675735267602015,4,554.8117642816322,0.38713184134056344,0.38713184134056344,1.0,0.4666666666666667
R3898,34.675735267602015,4,554.8117642816322,0.38713184134056344,0.57,1.472366618116968,0.13333333333333333
R3898,34.675735267602015,4,554.8117642816322,0.38713184134056344,1.2233366186361805,3.16,0.0
R3898,34.675735267602015,4,554.8117642816322,0.5445114811318649,0.05445114811318649,0.1,0.13333333333333333
R3898,34.675735267602015,4,554.8117642816322,0.5445114811318649,0.17424367396219675,0.32,1.0
R3898,34.675735267602015,4,554.8117642816322,0.5445114811318649,0.5445114811318649,1.0,0.26666666666666666
R3898,34.675735267602015,4,554.8117642816322,0.5445114811318649,0.57,1.0468098832648167,0.26666666666666666
R3898,34.675735267602015,4,554.8117642816322,0.5445114811318649,1.7206562803766932,3.16,0.06666666666666667
R3898,34.675735267602015,4,554.8117642816322,0.7658702318510398,0.07658702318510398,0.1,0.4
R3898,34.675735267602015,4,554.8117642816322,0.7658702318510398,0.24507847419233272,0.32,0.9333333333333333
R3898,34.675735267602015,4,554.8117642816322,0.7658702318510398,0.57,0.7442514100885746,0.26666666666666666
R3898,34.675735267602015,4,554.8117642816322,0.7658702318510398,0.7658702318510398,1.0,0.2
R3898,34.675735267602015,4,554.8117642816322,0.7658702318510398,2.4201499326492857,3.16,0.06666666666666667
R3898,34.675735267602015,4,554.8117642816322,1.0772173450159415,0.10772173450159415,0.1,0.8666666666666667
R3898,34.675735267602015,4,554.8117642816322,1.0772173450159415,0.34470955040510126,0.32,0.9333333333333333
R3898,34.675735267602015,4,554.8117642816322,1.0772173450159415,0.57,0.5291411270318569,0.4666666666666667
R3898,34.675735267602015,4,554.8117642816322,1.0772173450159415,1.0772173450159415,1.0,0.06666666666666667
R3898,34.675735267602015,4,554.8117642816322,1.0772173450159415,3.404006810250375,3.16,0.06666666666666667
R3898,34.675735267602015,4,554.8117642816322,1.515135541433198,0.1515135541433198,0.1,1.0
R3898,34.675735267602015,4,554.8117642816322,1.515135541433198,0.48484337325862337,0.32,0.4666666666666667
R3898,34.675735267602015,4,554.8117642816322,1.515135541433198,0.57,0.37620396618828256,0.3333333333333333
R3898,34.675735267602015,4,554.8117642816322,1.515135541433198,1.515135541433198,1.0,0.0
R3898,34.675735267602015,4,554.8117642816322,1.515135541433198,4.787828310928906,3.16,0.0
R3898,34.675735267602015,4,554.8117642816322,2.1310794145076613,0.21310794145076614,0.1,1.0
R3898,34.675735267602015,4,554.8117642816322,2.1310794145076613,0.57,0.26747008868821803,0.26666666666666666
R3898,34.675735267602015,4,554.8117642816322,2.1310794145076613,0.6819454126424516,0.32,0.26666666666666666
R3898,34.675735267602015,4,554.8117642816322,2.1310794145076613,2.1310794145076613,1.0,0.13333333333333333
R3898,34.675735267602015,4,554.8117642816322,2.1310794145076613,6.7342109498442095,3.16,0.06666666666666667
R3898,34.675735267602015,4,554.8117642816322,2.997421251594704,0.2997421251594704,0.1,1.0
R3898,34.675735267602015,4,554.8117642816322,2.997421251594704,0.57,0.19016346124080677,0.5333333333333333
R3898,34.675735267602015,4,554.8117642816322,2.997421251594704,0.9591748005103052,0.32,0.26666666666666666
R3898,34.675735267602015,4,554.8117642816322,2.997421251594704,2.997421251594704,1.0,0.06666666666666667
R3898,34.675735267602015,4,554.8117642816322,2.997421251594704,9.471851155039264,3.16,0.13333333333333333
R3898,34.675735267602015,4,554.8117642816322,4.2159546464331275,0.42159546464331277,0.1,1.0
R3898,34.675735267602015,4,554.8117642816322,4.2159546464331275,0.57,0.13520069540649438,0.6
R3898,34.675735267602015,4,554.8117642816322,4.2159546464331275,1.3491054868586008,0.32,0.13333333333333333
R3898,34.675735267602015,4,554.8117642816322,4.2159546464331275,4.2159546464331275,1.0,0.06666666666666667
R3898,34.675735267602015,4,554.8117642816322,4.2159546464331275,13.322416682728683,3.16,0.13333333333333333
R3898,34.675735267602015,4,554.8117642816322,5.929855061688346,0.57,0.09612376593867537,0.8
R3898,34.675735267602015,4,554.8117642816322,5.929855061688346,0.5929855061688346,0.1,0.6
R3898,34.675735267602015,4,554.8117642816322,5.929855061688346,1.8975536197402707,0.32,0.06666666666666667
R3898,34.675735267602015,4,554.8117642816322,5.929855061688346,5.929855061688346,1.0,0.0
R3898,34.675735267602015,4,554.8117642816322,5.929855061688346,18.738341994935173,3.16,0.0
R3898,34.675735267602015,4,554.8117642816322,8.340502686000294,0.57,0.06834120453635927,0.9333333333333333
R3898,34.675735267602015,4,554.8117642816322,8.340502686000294,0.8340502686000294,0.1,0.8
R3898,34.675735267602015,4,554.8117642816322,8.340502686000294,2.668960859520094,0.32,0.2
R3898,34.675735267602015,4,554.8117642816322,8.340502686000294,8.340502686000294,1.0,0.13333333333333333
R3898,34.675735267602015,4,554.8117642816322,8.340502686000294,26.35598848776093,3.16,0.06666666666666667
R3898,34.675735267602015,4,554.8117642816322,11.731144240711311,0.57,0.04858861065077471,1.0
R3898,34.675735267602015,4,554.8117642816322,11.731144240711311,1.173114424071131,0.1,0.6666666666666666
R3898,34.675735267602015,4,554.8117642816322,11.731144240711311,3.7539661570276195,0.32,0.06666666666666667
R3898,34.675735267602015,4,554.8117642816322,11.731144240711311,11.731144240711311,1.0,0.06666666666666667
R3898,34.675735267602015,4,554.8117642816322,11.731144240711311,32.0,2.7277816505698085,0.0
R3898,34.675735267602015,4,554.8117642816322,16.50017395562641,0.57,0.034545090344676954,0.9333333333333333
R3898,34.675735267602015,4,554.8117642816322,16.50017395562641,1.650017395562641,0.1,0.4666666666666667
R3898,34.675735267602015,4,554.8117642816322,16.50017395562641,5.280055665800451,0.32,0.26666666666666666
R3898,34.675735267602015,4,554.8117642816322,16.50017395562641,16.50017395562641,1.0,0.13333333333333333
R3898,34.675735267602015,4,554.8117642816322,16.50017395562641,32.0,1.9393734930344957,0.0
R3898,34.675735267602015,4,554.8117642816322,23.207944168063882,0.57,0.024560555466363484,0.8666666666666667
R3898,34.675735267602015,4,554.8117642816322,23.207944168063882,2.3207944168063883,0.1,0.5333333333333333
R3898,34.675735267602015,4,554.8117642816322,23.207944168063882,7.426542133780442,0.32,0.26666666666666666
R3898,34.675735267602015,4,554.8117642816322,23.207944168063882,23.207944168063882,1.0,0.06666666666666667
R3898,34.675735267602015,4,554.8117642816322,23.207944168063882,32.0,1.3788382016204064,0.06666666666666667
R3898,34.675735267602015,4,554.8117642816322,32.642605705639234,0.57,0.01746184128620371,1.0
R3898,34.675735267602015,4,554.8117642816322,32.642605705639234,3.2642605705639234,0.1,0.4666666666666667
R3898,34.675735267602015,4,554.8117642816322,32.642605705639234,10.445633825804554,0.32,0.06666666666666667
R3898,34.675735267602015,4,554.8117642816322,32.642605705639234,32.0,0.9803138967693311,0.06666666666666667
R3898,34.675735267602015,4,554.8117642816322,45.912714178281405,0.57,0.012414861769806529,1.0
R3898,34.675735267602015,4,554.8117642816322,45.912714178281405,4.591271417828141,0.1,0.5333333333333333
R3898,34.675735267602015,4,554.8117642816322,45.912714178281405,14.69206853705005,0.32,0.06666666666666667
R3898,34.675735267602015,4,554.8117642816322,45.912714178281405,32.0,0.6969746958487876,0.13333333333333333
R3898,34.675735267602015,4,554.8117642816322,64.57748325074412,0.57,0.008826605982564857,0.8666666666666667
R3898,34.675735267602015,4,554.8117642816322,64.57748325074412,6.457748325074412,0.1,0.5333333333333333
R3898,34.675735267602015,4,554.8117642816322,64.57748325074412,20.66479464023812,0.32,0.13333333333333333
R3898,34.675735267602015,4,554.8117642816322,64.57748325074412,32.0,0.49552875691592185,0.06666666666666667
R3898,34.675735267602015,4,554.8117642816322,90.82998941876633,0.57,0.00627546038095467,0.6666666666666666
R3898,34.675735267602015,4,554.8117642816322,90.82998941876633,9.082998941876633,0.1,0.6
R3898,34.675735267602015,4,554.8117642816322,90.82998941876633,29.065596614005226,0.32,0.06666666666666667
R3898,34.675735267602015,4,554.8117642816322,90.82998941876633,32.0,0.3523065477027183,0.13333333333333333
R3898,34.675735267602015,4,554.8117642816322,127.75485451762533,0.57,0.004461669986257638,0.3333333333333333
R3898,34.675735267602015,4,554.8117642816322,127.75485451762533,12.775485451762535,0.1,0.13333333333333333
R3898,34.675735267602015,4,554.8117642816322,127.75485451762533,32.0,0.2504797185267446,0.13333333333333333
R3898,34.675735267602015,4,554.8117642816322,179.69068319023125,0.57,0.0031721177185161237,0.0
R3898,34.675735267602015,4,554.8117642816322,179.69068319023125,17.969068319023126,0.1,0.13333333333333333
R3898,34.675735267602015,4,554.8117642816322,179.69068319023125,32.0,0.17808380174125607,0.2
R3898,34.675735267602015,4,554.8117642816322,252.73984105956174,0.57,0.0022552835263739495,0.0
R3898,34.675735267602015,4,554.8117642816322,252.73984105956174,25.273984105956174,0.1,0.3333333333333333
R3898,34.675735267602015,4,554.8117642816322,252.73984105956174,32.0,0.12661240849818667,0.3333333333333333
R3898,34.675735267602015,4,554.8117642816322,355.4854716156215,0.57,0.001603441055999971,0.0
R3898,34.675735267602015,4,554.8117642816322,355.4854716156215,32.0,0.09001774349473524,0.3333333333333333
R3898,34.675735267602015,4,554.8117642816322,500.0,0.57,0.00114,0.0
R3898,34.675735267602015,4,554.8117642816322,500.0,32.0,0.064,0.6666666666666666
R2920,34.97965659822752,6,1259.2676375361907,0.05,0.01,0.19999999999999998,0.8
R2920,34.97965659822752,6,1259.2676375361907,0.05,0.016,0.32,0.8
R2920,34.97965659822752,6,1259.2676375361907,0.05,0.05,1.0,0.8
R2920,34.97965659822752,6,1259.2676375361907,0.05,0.15800000000000003,3.1600000000000006,0.9333333333333333
R2920,34.97965659822752,6,1259.2676375361907,0.05,0.57,11.399999999999999,0.3333333333333333
R2920,34.97965659822752,6,1259.2676375361907,0.07032636210526184,0.01,0.14219418864624872,0.8
R2920,34.97965659822752,6,1259.2676375361907,0.07032636210526184,0.02250443587368379,0.32,0.8
R2920,34.97965659822752,6,1259.2676375361907,0.07032636210526184,0.07032636210526184,1.0,0.8666666666666667
R2920,34.97965659822752,6,1259.2676375361907,0.07032636210526184,0.22223130425262744,3.16,0.9333333333333333
R2920,34.97965659822752,6,1259.2676375361907,0.07032636210526184,0.57,8.105068752836177,0.26666666666666666
R2920,34.97965659822752,6,1259.2676375361907,0.0989159441392082,0.01,0.10109593642382482,0.8
R2920,34.97965659822752,6,1259.2676375361907,0.0989159441392082,0.031653102124546625,0.32,0.8
R2920,34.97965659822752,6,1259.2676375361907,0.0989159441392082,0.0989159441392082,1.0,0.9333333333333333
R2920,34.97965659822752,6,1259.2676375361907,0.0989159441392082,0.31257438347989797,3.16,0.5333333333333333
R2920,34.97965659822752,6,1259.2676375361907,0.0989159441392082,0.57,5.762468376158014,0.2
R2920,34.97965659822752,6,1259.2676375361907,0.1391279701103562,0.013912797011035621,0.1,0.8
R2920,34.97965659822752,6,1259.2676375361907,0.1391279701103562,0.04452095043531399,0.32,0.8
R2920,34.97965659822752,6,1259.2676375361907,0.1391279701103562,0.1391279701103562,1.0,1.0
R2920,34.97965659822752,6,1259.2676375361907,0.1391279701103562,0.43964438554872565,3.16,0.4
R2920,34.97965659822752,6,1259.2676375361907,0.1391279701103562,0.57,4.096947576737275,0.26666666666666666
R2920,34.97965659822752,6,1259.2676375361907,0.19568728009901917,0.01956872800990192,0.10000000000000002,0.8
R2920,34.97965659822752,6,1259.2676375361907,0.19568728009901917,0.06261992963168614,0.32,0.8666666666666667
R2920,34.97965659822752,6,1259.2676375361907,0.19568728009901917,0.19568728009901917,1.0,1.0
R2920,34.97965659822752,6,1259.2676375361907,0.19568728009901917,0.57,2.912810683001858,0.3333333333333333
R2920,34.97965659822752,6,1259.2676375361907,0.19568728009901917,0.6183718051129006,3.16,0.26666666666666666
R2920,34.97965659822752,6,1259.2676375361907,0.2752394903927485,0.02752394903927485,0.1,0.8
R2920,34.97965659822752,6,1259.2676375361907,0.2752394903927485,0.08807663692567952,0.32,0.8666666666666667
R2920,34.97965659822752,6,1259.2676375361907,0.2752394903927485,0.2752394903927485,1.0,1.0
R2920,34.97965659822752,6,1259.2676375361907,0.2752394903927485,0.57,2.070923758747874,0.4
R2920,34.97965659822752,6,1259.2676375361907,0.2752394903927485,0.8697567896410853,3.16,0.0
R2920,34.97965659822752,6,1259.2676375361907,0.38713184134056344,0.03871318413405635,0.1,0.7333333333333333
R2920,34.97965659822752,6,1259.2676375361907,0.38713184134056344,0.12388218922898031,0.32,1.0
R2920,34.97965659822752,6,1259.2676375361907,0.38713184134056344,0.38713184134056344,1.0,0.7333333333333333
R2920,34.97965659822752,6,1259.2676375361907,0.38713184134056344,0.57,1.472366618116968,0.26666666666666666
R2920,34.97965659822752,6,1259.2676375361907,0.38713184134056344,1.2233366186361805,3.16,0.13333333333333333
R2920,34.97965659822752,6,1259.2676375361907,0.5445114811318649,0.05445114811318649,0.1,0.7333333333333333
R2920,34.97965659822752,6,1259.2676375361907,0.5445114811318649,0.17424367396219675,0.32,1.0
R2920,34.97965659822752,6,1259.2676375361907,0.5445114811318649,0.5445114811318649,1.0,0.4
R2920,34.97965659822752,6,1259.2676375361907,0.5445114811318649,0.57,1.0468098832648167,0.4
R2920,34.97965659822752,6,1259.2676375361907,0.5445114811318649,1.7206562803766932,3.16,0.26666666666666666
R2920,34.97965659822752,6,1259.2676375361907,0.7658702318510398,0.07658702318510398,0.1,0.8666666666666667
R2920,34.97965659822752,6,1259.2676375361907,0.7658702318510398,0.24507847419233272,0.32,0.9333333333333333
R2920,34.97965659822752,6,1259.2676375361907,0.7658702318510398,0.57,0.7442514100885746,0.5333333333333333
R2920,34.97965659822752,6,1259.2676375361907,0.7658702318510398,0.7658702318510398,1.0,0.4
R2920,34.97965659822752,6,1259.2676375361907,0.7658702318510398,2.4201499326492857,3.16,0.13333333333333333
R2920,34.97965659822752,6,1259.2676375361907,1.0772173450159415,0.10772173450159415,0.1,1.0
R2920,34.97965659822752,6,1259.2676375361907,1.0772173450159415,0.34470955040510126,0.32,0.8
R2920,34.97965659822752,6,1259.2676375361907,1.0772173450159415,0.57,0.5291411270318569,0.5333333333333333
R2920,34.97965659822752,6,1259.2676375361907,1.0772173450159415,1.0772173450159415,1.0,0.4
R2920,34.97965659822752,6,1259.2676375361907,1.0772173450159415,3.404006810250375,3.16,0.06666666666666667
R2920,34.97965659822752,6,1259.2676375361907,1.515135541433198,0.1515135541433198,0.1,1.0
R2920,34.97965659822752,6,1259.2676375361907,1.515135541433198,0.48484337325862337,0.32,0.8
R2920,34.97965659822752,6,1259.2676375361907,1.515135541433198,0.57,0.37620396618828256,0.5333333333333333
R2920,34.97965659822752,6,1259.2676375361907,1.515135541433198,1.515135541433198,1.0,0.2
R2920,34.97965659822752,6,1259.2676375361907,1.515135541433198,4.787828310928906,3.16,0.13333333333333333
R2920,34.97965659822752,6,1259.2676375361907,2.1310794145076613,0.21310794145076614,0.1,1.0
R2920,34.97965659822752,6,1259.2676375361907,2.1310794145076613,0.57,0.26747008868821803,0.8
R2920,34.97965659822752,6,1259.2676375361907,2.1310794145076613,0.6819454126424516,0.32,0.6
R2920,34.97965659822752,6,1259.2676375361907,2.1310794145076613,2.1310794145076613,1.0,0.2
R2920,34.97965659822752,6,1259.2676375361907,2.1310794145076613,6.7342109498442095,3.16,0.2
R2920,34.97965659822752,6,1259.2676375361907,2.997421251594704,0.2997421251594704,0.1,1.0
R2920,34.97965659822752,6,1259.2676375361907,2.997421251594704,0.57,0.19016346124080677,0.8
R2920,34.97965659822752,6,1259.2676375361907,2.997421251594704,0.9591748005103052,0.32,0.3333333333333333
R2920,34.97965659822752,6,1259.2676375361907,2.997421251594704,2.997421251594704,1.0,0.13333333333333333
R2920,34.97965659822752,6,1259.2676375361907,2.997421251594704,9.471851155039264,3.16,0.13333333333333333
R2920,34.97965659822752,6,1259.2676375361907,4.2159546464331275,0.42159546464331277,0.1,0.8666666666666667
R2920,34.97965659822752,6,1259.2676375361907,4.2159546464331275,0.57,0.13520069540649438,0.8
R2920,34.97965659822752,6,1259.2676375361907,4.2159546464331275,1.3491054868586008,0.32,0.6
R2920,34.97965659822752,6,1259.2676375361907,4.2159546464331275,4.2159546464331275,1.0,0.06666666666666667
R2920,34.97965659822752,6,1259.2676375361907,4.2159546464331275,13.322416682728683,3.16,0.0
R2920,34.97965659822752,6,1259.2676375361907,5.929855061688346,0.57,0.09612376593867537,0.9333333333333333
R2920,34.97965659822752,6,1259.2676375361907,5.929855061688346,0.5929855061688346,0.1,1.0
R2920,34.97965659822752,6,1259.2676375361907,5.929855061688346,1.8975536197402707,0.32,0.5333333333333333
R2920,34.97965659822752,6,1259.2676375361907,5.929855061688346,5.929855061688346,1.0,0.13333333333333333
R2920,34.97965659822752,6,1259.2676375361907,5.929855061688346,18.738341994935173,3.16,0.13333333333333333
R2920,34.97965659822752,6,1259.2676375361907,8.340502686000294,0.57,0.06834120453635927,1.0
R2920,34.97965659822752,6,1259.2676375361907,8.340502686000294,0.8340502686000294,0.1,0.9333333333333333
R2920,34.97965659822752,6,1259.2676375361907,8.340502686000294,2.668960859520094,0.32,0.4
R2920,34.97965659822752,6,1259.2676375361907,8.340502686000294,8.340502686000294,1.0,0.13333333333333333
R2920,34.97965659822752,6,1259.2676375361907,8.340502686000294,26.35598848776093,3.16,0.06666666666666667
R2920,34.97965659822752,6,1259.2676375361907,11.731144240711311,0.57,0.04858861065077471,1.0
R2920,34.97965659822752,6,1259.2676375361907,11.731144240711311,1.173114424071131,0.1,0.6
R2920,34.97965659822752,6,1259.2676375361907,11.731144240711311,3.7539661570276195,0.32,0.26666666666666666
R2920,34.97965659822752,6,1259.2676375361907,11.731144240711311,11.731144240711311,1.0,0.2
R2920,34.97965659822752,6,1259.2676375361907,11.731144240711311,32.0,2.7277816505698085,0.13333333333333333
R2920,34.97965659822752,6,1259.2676375361907,16.50017395562641,0.57,0.034545090344676954,1.0
R2920,34.97965659822752,6,1259.2676375361907,16.50017395562641,1.650017395562641,0.1,0.5333333333333333
R2920,34.97965659822752,6,1259.2676375361907,16.50017395562641,5.280055665800451,0.32,0.4666666666666667
R2920,34.97965659822752,6,1259.2676375361907,16.50017395562641,16.50017395562641,1.0,0.0
R2920,34.97965659822752,6,1259.2676375361907,16.50017395562641,32.0,1.9393734930344957,0.06666666666666667
R2920,34.97965659822752,6,1259.2676375361907,23.207944168063882,0.57,0.024560555466363484,1.0
R2920,34.97965659822752,6,1259.2676375361907,23.207944168063882,2.3207944168063883,0.1,0.6
R2920,34.97965659822752,6,1259.2676375361907,23.207944168063882,7.426542133780442,0.32,0.26666666666666666
R2920,34.97965659822752,6,1259.2676375361907,23.207944168063882,23.207944168063882,1.0,0.06666666666666667
R2920,34.97965659822752,6,1259.2676375361907,23.207944168063882,32.0,1.3788382016204064,0.06666666666666667
R2920,34.97965659822752,6,1259.2676375361907,32.642605705639234,0.57,0.01746184128620371,0.9333333333333333
R2920,34.97965659822752,6,1259.2676375361907,32.642605705639234,3.2642605705639234,0.1,0.6666666666666666
R2920,34.97965659822752,6,1259.2676375361907,32.642605705639234,10.445633825804554,0.32,0.2
R2920,34.97965659822752,6,1259.2676375361907,32.642605705639234,32.0,0.9803138967693311,0.13333333333333333
R2920,34.97965659822752,6,1259.2676375361907,45.912714178281405,0.57,0.012414861769806529,0.4666666666666667
R2920,34.97965659822752,6,1259.2676375361907,45.912714178281405,4.591271417828141,0.1,0.4
R2920,34.97965659822752,6,1259.2676375361907,45.912714178281405,14.69206853705005,0.32,0.06666666666666667
R2920,34.97965659822752,6,1259.2676375361907,45.912714178281405,32.0,0.6969746958487876,0.2
R2920,34.97965659822752,6,1259.2676375361907,64.57748325074412,0.57,0.008826605982564857,0.3333333333333333
R2920,34.97965659822752,6,1259.2676375361907,64.57748325074412,6.457748325074412,0.1,0.4666666666666667
R2920,34.97965659822752,6,1259.2676375361907,64.57748325074412,20.66479464023812,0.32,0.0
R2920,34.97965659822752,6,1259.2676375361907,64.57748325074412,32.0,0.49552875691592185,0.13333333333333333
R2920,34.97965659822752,6,1259.2676375361907,90.82998941876633,0.57,0.00627546038095467,0.0
R2920,34.97965659822752,6,1259.2676375361907,90.82998941876633,9.082998941876633,0.1,0.3333333333333333
R2920,34.97965659822752,6,1259.2676375361907,90.82998941876633,29.065596614005226,0.32,0.26666666666666666
R2920,34.97965659822752,6,1259.2676375361907,90.82998941876633,32.0,0.3523065477027183,0.2
R2920,34.97965659822752,6,1259.2676375361907,127.75485451762533,0.57,0.004461669986257638,0.0
R2920,34.97965659822752,6,1259.2676375361907,127.75485451762533,12.775485451762535,0.1,0.5333333333333333
R2920,34.97965659822752,6,1259.2676375361907,127.75485451762533,32.0,0.2504797185267446,0.4
R2920,34.97965659822752,6,1259.2676375361907,179.69068319023125,0.57,0.0031721177185161237,0.0
R2920,34.97965659822752,6,1259.2676375361907,179.69068319023125,17.969068319023126,0.1,0.5333333333333333
R2920,34.97965659822752,6,1259.2676375361907,179.69068319023125,32.0,0.17808380174125607,0.4
R2920,34.97965659822752,6,1259.2676375361907,252.73984105956174,0.57,0.0022552835263739495,0.0
R2920,34.97965659822752,6,1259.2676375361907,252.73984105956174,25.273984105956174,0.1,0.4
R2920,34.97965659822752,6,1259.2676375361907,252.73984105956174,32.0,0.12661240849818667,0.4666666666666667
R2920,34.97965659822752,6,1259.2676375361907,355.4854716156215,0.57,0.001603441055999971,0.0
R2920,34.97965659822752,6,1259.2676375361907,355.4854716156215,32.0,0.09001774349473524,0.6
R2920,34.97965659822752,6,1259.2676375361907,500.0,0.57,0.00114,0.0
R2920,34.97965659822752,6,1259.2676375361907,500.0,32.0,0.064,0.3333333333333333
