rocket_id,Kp,opt_Kd,max_sr,best_kd_at_Kp,frozen_sr
R0049,0.1,0.10171350971479927,0.9166666666666666,0.38,0.3333333333333333
R0049,0.1565606557943096,0.10171350971479927,0.9166666666666666,0.38,0.5833333333333334
R0049,0.245112389427443,0.10171350971479927,1.0,0.38,0.5833333333333334
R0049,0.38374956432070695,0.10171350971479927,1.0,0.38,0.75
R0049,0.6008008345083048,0.10171350971479927,1.0,0.38,0.9166666666666666
R0049,0.9406177265238869,0.10171350971479927,1.0,0.38,0.9166666666666666
R0049,1.472637281163324,0.10171350971479927,1.0,0.38,0.8333333333333334
R0049,2.3055705848607913,0.10171350971479927,1.0,0.38,0.9166666666666666
R0049,3.6096164274587546,0.10171350971479927,1.0,0.1,0.9166666666666666
R0049,5.651239150488556,0.10171350971479927,1.0,0.38,0.9166666666666666
R0049,8.847617074509655,0.10171350971479927,1.0,0.38,0.9166666666666666
R0049,13.85188731402163,0.10171350971479927,1.0,0.38,0.6666666666666666
R0049,21.686605618721064,0.10171350971479927,1.0,0.38,0.08333333333333333
R0049,33.9526919761953,0.10171350971479927,1.0,0.38,0.0
R0049,53.1565572177533,0.10171350971479927,1.0,0.38,0.0
R0049,83.222254577792,0.10171350971479927,1.0,0.38,0.0
R0049,130.293307533801,0.10171350971479927,1.0,1.46,0.0
R0049,203.9880567310155,0.10171350971479927,1.0,1.46,0.0
R0049,319.36503936014617,0.10171350971479927,1.0,1.46,0.0
R0049,500.0,0.10171350971479927,1.0,21.5,0.0
R0093,0.1,0.06517462781510076,1.0,0.38,0.16666666666666666
R0093,0.1565606557943096,0.06517462781510076,1.0,0.38,0.16666666666666666
R0093,0.245112389427443,0.06517462781510076,1.0,0.38,0.25
R0093,0.38374956432070695,0.06517462781510076,1.0,0.1,0.6666666666666666
R0093,0.6008008345083048,0.06517462781510076,1.0,0.1,0.5833333333333334
R0093,0.9406177265238869,0.06517462781510076,1.0,0.1,0.6666666666666666
R0093,1.472637281163324,0.06517462781510076,1.0,0.1,0.9166666666666666
R0093,2.3055705848607913,0.06517462781510076,1.0,0.1,0.6666666666666666
R0093,3.6096164274587546,0.06517462781510076,1.0,0.1,0.5833333333333334
R0093,5.651239150488556,0.06517462781510076,1.0,0.1,0.5833333333333334
R0093,8.847617074509655,0.06517462781510076,1.0,0.1,0.5
R0093,13.85188731402163,0.06517462781510076,1.0,0.1,0.25
R0093,21.686605618721064,0.06517462781510076,1.0,0.38,0.08333333333333333
R0093,33.9526919761953,0.06517462781510076,1.0,0.38,0.0
R0093,53.1565572177533,0.06517462781510076,1.0,0.38,0.0
R0093,83.222254577792,0.06517462781510076,1.0,0.38,0.0
R0093,130.293307533801,0.06517462781510076,1.0,0.38,0.0
R0093,203.9880567310155,0.06517462781510076,1.0,0.38,0.0
R0093,319.36503936014617,0.06517462781510076,1.0,0.38,0.0
R0093,500.0,0.06517462781510076,1.0,0.38,0.0
R0213,0.1,0.13391975929963193,0.5,0.38,0.3333333333333333
R0213,0.1565606557943096,0.13391975929963193,0.5,0.38,0.3333333333333333
R0213,0.245112389427443,0.13391975929963193,0.6666666666666666,0.1,0.6666666666666666
R0213,0.38374956432070695,0.13391975929963193,0.75,0.1,0.6666666666666666
R0213,0.6008008345083048,0.13391975929963193,0.9166666666666666,0.13391975929963193,0.9166666666666666
R0213,0.9406177265238869,0.13391975929963193,0.8333333333333334,0.13391975929963193,0.8333333333333334
R0213,1.472637281163324,0.13391975929963193,0.8333333333333334,0.13391975929963193,0.8333333333333334
R0213,2.3055705848607913,0.13391975929963193,0.9166666666666666,0.13391975929963193,0.9166666666666666
R0213,3.6096164274587546,0.13391975929963193,1.0,0.1,1.0
R0213,5.651239150488556,0.13391975929963193,1.0,0.1,1.0
R0213,8.847617074509655,0.13391975929963193,1.0,0.13391975929963193,1.0
R0213,13.85188731402163,0.13391975929963193,1.0,0.13391975929963193,1.0
R0213,21.686605618721064,0.13391975929963193,1.0,0.38,0.8333333333333334
R0213,33.9526919761953,0.13391975929963193,1.0,0.38,0.3333333333333333
R0213,53.1565572177533,0.13391975929963193,0.8333333333333334,0.38,0.0
R0213,83.222254577792,0.13391975929963193,0.6666666666666666,5.62,0.0
R0213,130.293307533801,0.13391975929963193,0.6666666666666666,5.62,0.0
R0213,203.9880567310155,0.13391975929963193,0.5,5.62,0.0
R0213,319.36503936014617,0.13391975929963193,0.5833333333333334,5.62,0.0
R0213,500.0,0.13391975929963193,0.5,5.62,0.0
R0234,0.1,0.05217092291062181,1.0,0.05217092291062181,1.0
R0234,0.1565606557943096,0.05217092291062181,1.0,0.05217092291062181,1.0
R0234,0.245112389427443,0.05217092291062181,1.0,0.05217092291062181,1.0
R0234,0.38374956432070695,0.05217092291062181,1.0,0.05217092291062181,1.0
R0234,0.6008008345083048,0.05217092291062181,1.0,0.05217092291062181,1.0
R0234,0.9406177265238869,0.05217092291062181,1.0,0.05217092291062181,1.0
R0234,1.472637281163324,0.05217092291062181,1.0,0.05217092291062181,1.0
R0234,2.3055705848607913,0.05217092291062181,1.0,0.05217092291062181,1.0
R0234,3.6096164274587546,0.05217092291062181,1.0,0.05217092291062181,1.0
R0234,5.651239150488556,0.05217092291062181,1.0,0.05217092291062181,1.0
R0234,8.847617074509655,0.05217092291062181,1.0,0.05217092291062181,1.0
R0234,13.85188731402163,0.05217092291062181,1.0,0.05217092291062181,1.0
R0234,21.686605618721064,0.05217092291062181,1.0,0.05217092291062181,1.0
R0234,33.9526919761953,0.05217092291062181,1.0,0.1,0.4166666666666667
R0234,53.1565572177533,0.05217092291062181,1.0,0.38,0.0
R0234,83.222254577792,0.05217092291062181,1.0,0.38,0.0
R0234,130.293307533801,0.05217092291062181,1.0,0.38,0.0
R0234,203.9880567310155,0.05217092291062181,1.0,1.46,0.0
R0234,319.36503936014617,0.05217092291062181,1.0,5.62,0.0
R0234,500.0,0.05217092291062181,1.0,5.62,0.0
R0259,0.1,0.05217092291062181,1.0,0.1,0.8333333333333334
R0259,0.1565606557943096,0.05217092291062181,1.0,0.1,0.9166666666666666
R0259,0.245112389427443,0.05217092291062181,1.0,0.05217092291062181,1.0
R0259,0.38374956432070695,0.05217092291062181,1.0,0.05217092291062181,1.0
R0259,0.6008008345083048,0.05217092291062181,1.0,0.1,0.9166666666666666
R0259,0.9406177265238869,0.05217092291062181,1.0,0.1,0.9166666666666666
R0259,1.472637281163324,0.05217092291062181,1.0,0.05217092291062181,1.0
R0259,2.3055705848607913,0.05217092291062181,1.0,0.05217092291062181,1.0
R0259,3.6096164274587546,0.05217092291062181,1.0,0.05217092291062181,1.0
R0259,5.651239150488556,0.05217092291062181,1.0,0.1,0.9166666666666666
R0259,8.847617074509655,0.05217092291062181,1.0,0.1,0.8333333333333334
R0259,13.85188731402163,0.05217092291062181,1.0,0.1,0.25
R0259,21.686605618721064,0.05217092291062181,1.0,0.38,0.25
R0259,33.9526919761953,0.05217092291062181,1.0,0.38,0.0
R0259,53.1565572177533,0.05217092291062181,1.0,0.38,0.0
R0259,83.222254577792,0.05217092291062181,1.0,0.38,0.0
R0259,130.293307533801,0.05217092291062181,1.0,0.38,0.0
R0259,203.9880567310155,0.05217092291062181,1.0,0.38,0.0
R0259,319.36503936014617,0.05217092291062181,1.0,0.38,0.0
R0259,500.0,0.05217092291062181,1.0,1.46,0.0
R0266,0.1,0.182142683484797,0.25,0.38,0.16666666666666666
R0266,0.1565606557943096,0.182142683484797,0.4166666666666667,1.46,0.25
R0266,0.245112389427443,0.182142683484797,0.4166666666666667,0.38,0.25
R0266,0.38374956432070695,0.182142683484797,0.5833333333333334,0.38,0.3333333333333333
R0266,0.6008008345083048,0.182142683484797,0.6666666666666666,0.38,0.4166666666666667
R0266,0.9406177265238869,0.182142683484797,0.9166666666666666,0.38,0.75
R0266,1.472637281163324,0.182142683484797,0.9166666666666666,0.38,0.6666666666666666
R0266,2.3055705848607913,0.182142683484797,0.9166666666666666,0.38,0.6666666666666666
R0266,3.6096164274587546,0.182142683484797,0.9166666666666666,0.182142683484797,0.9166666666666666
R0266,5.651239150488556,0.182142683484797,1.0,0.38,0.75
R0266,8.847617074509655,0.182142683484797,1.0,0.38,0.9166666666666666
R0266,13.85188731402163,0.182142683484797,1.0,0.38,0.8333333333333334
R0266,21.686605618721064,0.182142683484797,1.0,0.38,0.6666666666666666
R0266,33.9526919761953,0.182142683484797,1.0,0.38,0.25
R0266,53.1565572177533,0.182142683484797,1.0,0.38,0.0
R0266,83.222254577792,0.182142683484797,1.0,0.38,0.0
R0266,130.293307533801,0.182142683484797,0.9166666666666666,5.62,0.0
R0266,203.9880567310155,0.182142683484797,0.6666666666666666,5.62,0.0
R0266,319.36503936014617,0.182142683484797,0.9166666666666666,5.62,0.0
R0266,500.0,0.182142683484797,0.8333333333333334,21.5,0.0
R0384,0.1,0.14580139875562764,0.3333333333333333,0.38,0.16666666666666666
R0384,0.1565606557943096,0.14580139875562764,0.3333333333333333,0.38,0.16666666666666666
R0384,0.245112389427443,0.14580139875562764,0.4166666666666667,0.38,0.16666666666666666
R0384,0.38374956432070695,0.14580139875562764,0.6666666666666666,0.38,0.16666666666666666
R0384,0.6008008345083048,0.14580139875562764,0.8333333333333334,0.38,0.5
R0384,0.9406177265238869,0.14580139875562764,1.0,0.38,0.8333333333333334
R0384,1.472637281163324,0.14580139875562764,1.0,0.38,0.75
R0384,2.3055705848607913,0.14580139875562764,1.0,0.38,0.8333333333333334
R0384,3.6096164274587546,0.14580139875562764,1.0,0.1,0.9166666666666666
R0384,5.651239150488556,0.14580139875562764,1.0,0.1,1.0
R0384,8.847617074509655,0.14580139875562764,1.0,0.1,1.0
R0384,13.85188731402163,0.14580139875562764,1.0,0.1,1.0
R0384,21.686605618721064,0.14580139875562764,1.0,0.1,1.0
R0384,33.9526919761953,0.14580139875562764,1.0,0.14580139875562764,1.0
R0384,53.1565572177533,0.14580139875562764,1.0,0.14580139875562764,1.0
R0384,83.222254577792,0.14580139875562764,1.0,0.38,0.3333333333333333
R0384,130.293307533801,0.14580139875562764,1.0,0.38,0.0
R0384,203.9880567310155,0.14580139875562764,1.0,0.38,0.0
R0384,319.36503936014617,0.14580139875562764,1.0,0.38,0.0
R0384,500.0,0.14580139875562764,1.0,0.38,0.0
R0477,0.1,0.05217092291062181,1.0,0.38,0.9166666666666666
R0477,0.1565606557943096,0.05217092291062181,1.0,0.38,0.9166666666666666
R0477,0.245112389427443,0.05217092291062181,1.0,0.1,0.9166666666666666
R0477,0.38374956432070695,0.05217092291062181,1.0,0.05217092291062181,1.0
R0477,0.6008008345083048,0.05217092291062181,1.0,0.05217092291062181,1.0
R0477,0.9406177265238869,0.05217092291062181,1.0,0.05217092291062181,1.0
R0477,1.472637281163324,0.05217092291062181,1.0,0.05217092291062181,1.0
R0477,2.3055705848607913,0.05217092291062181,1.0,0.05217092291062181,1.0
R0477,3.6096164274587546,0.05217092291062181,1.0,0.05217092291062181,1.0
R0477,5.651239150488556,0.05217092291062181,1.0,0.05217092291062181,1.0
R0477,8.847617074509655,0.05217092291062181,1.0,0.1,0.9166666666666666
R0477,13.85188731402163,0.05217092291062181,1.0,0.1,0.75
R0477,21.686605618721064,0.05217092291062181,1.0,0.38,0.4166666666666667
R0477,33.9526919761953,0.05217092291062181,1.0,0.38,0.0
R0477,53.1565572177533,0.05217092291062181,1.0,0.38,0.0
R0477,83.222254577792,0.05217092291062181,1.0,1.46,0.0
R0477,130.293307533801,0.05217092291062181,1.0,1.46,0.0
R0477,203.9880567310155,0.05217092291062181,0.9166666666666666,1.46,0.0
R0477,319.36503936014617,0.05217092291062181,1.0,21.5,0.0
R0477,500.0,0.05217092291062181,0.8333333333333334,21.5,0.0
R0606,0.1,0.08141953168269683,0.8333333333333334,0.08141953168269683,0.8333333333333334
R0606,0.1565606557943096,0.08141953168269683,0.8333333333333334,0.08141953168269683,0.8333333333333334
R0606,0.245112389427443,0.08141953168269683,0.8333333333333334,0.08141953168269683,0.8333333333333334
R0606,0.38374956432070695,0.08141953168269683,0.9166666666666666,0.1,0.75
R0606,0.6008008345083048,0.08141953168269683,0.8333333333333334,0.08141953168269683,0.8333333333333334
R0606,0.9406177265238869,0.08141953168269683,0.9166666666666666,0.08141953168269683,0.9166666666666666
R0606,1.472637281163324,0.08141953168269683,1.0,0.08141953168269683,1.0
R0606,2.3055705848607913,0.08141953168269683,1.0,0.08141953168269683,1.0
R0606,3.6096164274587546,0.08141953168269683,1.0,0.1,0.9166666666666666
R0606,5.651239150488556,0.08141953168269683,1.0,0.08141953168269683,1.0
R0606,8.847617074509655,0.08141953168269683,1.0,0.1,0.9166666666666666
R0606,13.85188731402163,0.08141953168269683,1.0,0.38,0.5
R0606,21.686605618721064,0.08141953168269683,1.0,0.38,0.16666666666666666
R0606,33.9526919761953,0.08141953168269683,1.0,0.38,0.0
R0606,53.1565572177533,0.08141953168269683,0.8333333333333334,0.38,0.0
R0606,83.222254577792,0.08141953168269683,0.8333333333333334,1.46,0.0
R0606,130.293307533801,0.08141953168269683,0.6666666666666666,1.46,0.0
R0606,203.9880567310155,0.08141953168269683,0.8333333333333334,5.62,0.0
R0606,319.36503936014617,0.08141953168269683,0.5,5.62,0.0
R0606,500.0,0.08141953168269683,0.75,21.5,0.0
R0624,0.1,0.0858113194000959,0.9166666666666666,0.0858113194000959,0.9166666666666666
R0624,0.1565606557943096,0.0858113194000959,0.9166666666666666,0.1,0.8333333333333334
R0624,0.245112389427443,0.0858113194000959,0.9166666666666666,0.38,0.75
R0624,0.38374956432070695,0.0858113194000959,1.0,0.38,0.75
R0624,0.6008008345083048,0.0858113194000959,1.0,0.38,0.8333333333333334
R0624,0.9406177265238869,0.0858113194000959,1.0,0.38,0.8333333333333334
R0624,1.472637281163324,0.0858113194000959,1.0,0.1,0.9166666666666666
R0624,2.3055705848607913,0.0858113194000959,1.0,0.38,0.5833333333333334
R0624,3.6096164274587546,0.0858113194000959,1.0,0.38,0.6666666666666666
R0624,5.651239150488556,0.0858113194000959,1.0,0.38,0.6666666666666666
R0624,8.847617074509655,0.0858113194000959,1.0,0.38,0.75
R0624,13.85188731402163,0.0858113194000959,1.0,0.38,0.4166666666666667
R0624,21.686605618721064,0.0858113194000959,1.0,0.38,0.16666666666666666
R0624,33.9526919761953,0.0858113194000959,1.0,0.38,0.0
R0624,53.1565572177533,0.0858113194000959,1.0,0.38,0.0
R0624,83.222254577792,0.0858113194000959,1.0,0.38,0.0
R0624,130.293307533801,0.0858113194000959,1.0,0.38,0.0
R0624,203.9880567310155,0.0858113194000959,1.0,0.38,0.0
R0624,319.36503936014617,0.0858113194000959,1.0,0.38,0.0
R0624,500.0,0.0858113194000959,1.0,1.46,0.0
R0787,0.1,0.0858113194000959,1.0,0.38,0.25
R0787,0.1565606557943096,0.0858113194000959,1.0,0.38,0.25
R0787,0.245112389427443,0.0858113194000959,1.0,0.38,0.3333333333333333
R0787,0.38374956432070695,0.0858113194000959,1.0,0.38,0.4166666666666667
R0787,0.6008008345083048,0.0858113194000959,1.0,0.0858113194000959,1.0
R0787,0.9406177265238869,0.0858113194000959,1.0,0.38,0.9166666666666666
R0787,1.472637281163324,0.0858113194000959,1.0,0.0858113194000959,1.0
R0787,2.3055705848607913,0.0858113194000959,1.0,0.0858113194000959,1.0
R0787,3.6096164274587546,0.0858113194000959,1.0,0.38,0.8333333333333334
R0787,5.651239150488556,0.0858113194000959,1.0,0.1,0.75
R0787,8.847617074509655,0.0858113194000959,1.0,0.38,0.5833333333333334
R0787,13.85188731402163,0.0858113194000959,1.0,0.38,0.6666666666666666
R0787,21.686605618721064,0.0858113194000959,1.0,0.38,0.3333333333333333
R0787,33.9526919761953,0.0858113194000959,1.0,0.38,0.08333333333333333
R0787,53.1565572177533,0.0858113194000959,1.0,0.38,0.0
R0787,83.222254577792,0.0858113194000959,1.0,0.38,0.0
R0787,130.293307533801,0.0858113194000959,1.0,0.38,0.0
R0787,203.9880567310155,0.0858113194000959,1.0,0.38,0.0
R0787,319.36503936014617,0.0858113194000959,1.0,1.46,0.0
R0787,500.0,0.0858113194000959,1.0,1.46,0.0
R0890,0.1,0.17632369565418615,0.9166666666666666,0.38,0.8333333333333334
R0890,0.1565606557943096,0.17632369565418615,0.9166666666666666,0.1,0.9166666666666666
R0890,0.245112389427443,0.17632369565418615,0.9166666666666666,0.17632369565418615,0.9166666666666666
R0890,0.38374956432070695,0.17632369565418615,1.0,0.17632369565418615,1.0
R0890,0.6008008345083048,0.17632369565418615,1.0,0.17632369565418615,1.0
R0890,0.9406177265238869,0.17632369565418615,1.0,0.17632369565418615,1.0
R0890,1.472637281163324,0.17632369565418615,1.0,0.17632369565418615,1.0
R0890,2.3055705848607913,0.17632369565418615,1.0,0.1,1.0
R0890,3.6096164274587546,0.17632369565418615,1.0,0.1,1.0
R0890,5.651239150488556,0.17632369565418615,1.0,0.1,1.0
R0890,8.847617074509655,0.17632369565418615,1.0,0.1,1.0
R0890,13.85188731402163,0.17632369565418615,1.0,0.17632369565418615,1.0
R0890,21.686605618721064,0.17632369565418615,1.0,0.17632369565418615,1.0
R0890,33.9526919761953,0.17632369565418615,1.0,0.17632369565418615,1.0
R0890,53.1565572177533,0.17632369565418615,1.0,0.38,0.3333333333333333
R0890,83.222254577792,0.17632369565418615,1.0,0.38,0.0
R0890,130.293307533801,0.17632369565418615,1.0,0.38,0.0
R0890,203.9880567310155,0.17632369565418615,0.8333333333333334,5.62,0.0
R0890,319.36503936014617,0.17632369565418615,0.8333333333333334,5.62,0.0
R0890,500.0,0.17632369565418615,0.9166666666666666,21.5,0.0
R1143,0.1,0.06309246695711429,0.9166666666666666,0.1,0.75
R1143,0.1565606557943096,0.06309246695711429,1.0,0.38,0.75
R1143,0.245112389427443,0.06309246695711429,1.0,0.1,0.8333333333333334
R1143,0.38374956432070695,0.06309246695711429,1.0,0.1,0.75
R1143,0.6008008345083048,0.06309246695711429,1.0,0.38,0.8333333333333334
R1143,0.9406177265238869,0.06309246695711429,1.0,0.38,0.6666666666666666
R1143,1.472637281163324,0.06309246695711429,1.0,0.1,0.75
R1143,2.3055705848607913,0.06309246695711429,1.0,0.1,0.8333333333333334
R1143,3.6096164274587546,0.06309246695711429,1.0,0.38,0.5
R1143,5.651239150488556,0.06309246695711429,1.0,0.38,0.5833333333333334
R1143,8.847617074509655,0.06309246695711429,1.0,0.38,0.5
R1143,13.85188731402163,0.06309246695711429,1.0,0.38,0.16666666666666666
R1143,21.686605618721064,0.06309246695711429,1.0,0.38,0.0
R1143,33.9526919761953,0.06309246695711429,1.0,0.38,0.0
R1143,53.1565572177533,0.06309246695711429,1.0,0.38,0.0
R1143,83.222254577792,0.06309246695711429,1.0,0.38,0.0
R1143,130.293307533801,0.06309246695711429,0.9166666666666666,1.46,0.0
R1143,203.9880567310155,0.06309246695711429,1.0,5.62,0.0
R1143,319.36503936014617,0.06309246695711429,1.0,5.62,0.0
R1143,500.0,0.06309246695711429,0.9166666666666666,21.5,0.0
R1330,0.1,0.05217092291062181,0.9166666666666666,0.38,0.8333333333333334
R1330,0.1565606557943096,0.05217092291062181,0.9166666666666666,0.1,0.8333333333333334
R1330,0.245112389427443,0.05217092291062181,1.0,0.1,0.8333333333333334
R1330,0.38374956432070695,0.05217092291062181,1.0,0.38,0.75
R1330,0.6008008345083048,0.05217092291062181,1.0,0.1,0.75
R1330,0.9406177265238869,0.05217092291062181,1.0,0.1,0.8333333333333334
R1330,1.472637281163324,0.05217092291062181,1.0,0.1,0.75
R1330,2.3055705848607913,0.05217092291062181,1.0,0.05217092291062181,1.0
R1330,3.6096164274587546,0.05217092291062181,1.0,0.1,0.8333333333333334
R1330,5.651239150488556,0.05217092291062181,1.0,0.1,0.9166666666666666
R1330,8.847617074509655,0.05217092291062181,1.0,0.1,0.6666666666666666
R1330,13.85188731402163,0.05217092291062181,1.0,0.1,0.16666666666666666
R1330,21.686605618721064,0.05217092291062181,1.0,0.1,0.08333333333333333
R1330,33.9526919761953,0.05217092291062181,1.0,0.38,0.0
R1330,53.1565572177533,0.05217092291062181,1.0,0.38,0.0
R1330,83.222254577792,0.05217092291062181,1.0,0.38,0.0
R1330,130.293307533801,0.05217092291062181,1.0,0.38,0.0
R1330,203.9880567310155,0.05217092291062181,1.0,0.38,0.0
R1330,319.36503936014617,0.05217092291062181,1.0,0.38,0.0
R1330,500.0,0.05217092291062181,1.0,1.46,0.0
R1345,0.1,0.09342467805372084,0.75,0.38,0.25
R1345,0.1565606557943096,0.09342467805372084,0.75,0.38,0.4166666666666667
R1345,0.245112389427443,0.09342467805372084,0.8333333333333334,0.38,0.5833333333333334
R1345,0.38374956432070695,0.09342467805372084,0.8333333333333334,0.38,0.75
R1345,0.6008008345083048,0.09342467805372084,1.0,0.38,0.6666666666666666
R1345,0.9406177265238869,0.09342467805372084,1.0,0.38,0.5833333333333334
R1345,1.472637281163324,0.09342467805372084,1.0,0.38,0.8333333333333334
R1345,2.3055705848607913,0.09342467805372084,1.0,0.38,0.5833333333333334
R1345,3.6096164274587546,0.09342467805372084,1.0,0.38,0.8333333333333334
R1345,5.651239150488556,0.09342467805372084,1.0,0.38,0.4166666666666667
R1345,8.847617074509655,0.09342467805372084,1.0,0.38,0.5
R1345,13.85188731402163,0.09342467805372084,1.0,0.38,0.3333333333333333
R1345,21.686605618721064,0.09342467805372084,1.0,0.38,0.16666666666666666
R1345,33.9526919761953,0.09342467805372084,1.0,0.38,0.0
R1345,53.1565572177533,0.09342467805372084,1.0,0.38,0.0
R1345,83.222254577792,0.09342467805372084,1.0,0.38,0.0
R1345,130.293307533801,0.09342467805372084,1.0,0.38,0.0
R1345,203.9880567310155,0.09342467805372084,1.0,0.38,0.0
R1345,319.36503936014617,0.09342467805372084,1.0,1.46,0.0
R1345,500.0,0.09342467805372084,1.0,5.62,0.0
R1489,0.1,0.07478449574760791,1.0,0.38,0.25
R1489,0.1565606557943096,0.07478449574760791,1.0,0.38,0.25
R1489,0.245112389427443,0.07478449574760791,1.0,0.38,0.3333333333333333
R1489,0.38374956432070695,0.07478449574760791,1.0,0.1,0.5
R1489,0.6008008345083048,0.07478449574760791,1.0,0.1,0.8333333333333334
R1489,0.9406177265238869,0.07478449574760791,1.0,0.1,0.6666666666666666
R1489,1.472637281163324,0.07478449574760791,1.0,0.1,0.75
R1489,2.3055705848607913,0.07478449574760791,1.0,0.1,0.9166666666666666
R1489,3.6096164274587546,0.07478449574760791,1.0,0.1,0.8333333333333334
R1489,5.651239150488556,0.07478449574760791,1.0,0.1,0.9166666666666666
R1489,8.847617074509655,0.07478449574760791,1.0,0.1,0.75
R1489,13.85188731402163,0.07478449574760791,1.0,0.38,0.5
R1489,21.686605618721064,0.07478449574760791,1.0,0.38,0.08333333333333333
R1489,33.9526919761953,0.07478449574760791,1.0,0.38,0.0
R1489,53.1565572177533,0.07478449574760791,1.0,0.38,0.0
R1489,83.222254577792,0.07478449574760791,1.0,0.38,0.0
R1489,130.293307533801,0.07478449574760791,1.0,0.38,0.0
R1489,203.9880567310155,0.07478449574760791,1.0,0.38,0.0
R1489,319.36503936014617,0.07478449574760791,1.0,0.38,0.0
R1489,500.0,0.07478449574760791,1.0,1.46,0.0
R1569,0.1,0.1071999591382603,0.9166666666666666,0.1,0.9166666666666666
R1569,0.1565606557943096,0.1071999591382603,0.9166666666666666,0.1,0.9166666666666666
R1569,0.245112389427443,0.1071999591382603,1.0,0.1,1.0
R1569,0.38374956432070695,0.1071999591382603,1.0,0.1,1.0
R1569,0.6008008345083048,0.1071999591382603,1.0,0.1,1.0
R1569,0.9406177265238869,0.1071999591382603,1.0,0.1,1.0
R1569,1.472637281163324,0.1071999591382603,1.0,0.1,1.0
R1569,2.3055705848607913,0.1071999591382603,1.0,0.1071999591382603,1.0
R1569,3.6096164274587546,0.1071999591382603,1.0,0.1,1.0
R1569,5.651239150488556,0.1071999591382603,1.0,0.1,1.0
R1569,8.847617074509655,0.1071999591382603,1.0,0.38,0.9166666666666666
R1569,13.85188731402163,0.1071999591382603,1.0,0.38,0.5833333333333334
R1569,21.686605618721064,0.1071999591382603,1.0,0.38,0.0
R1569,33.9526919761953,0.1071999591382603,1.0,0.38,0.0
R1569,53.1565572177533,0.1071999591382603,1.0,0.38,0.0
R1569,83.222254577792,0.1071999591382603,1.0,0.38,0.0
R1569,130.293307533801,0.1071999591382603,1.0,5.62,0.0
R1569,203.9880567310155,0.1071999591382603,1.0,1.46,0.0
R1569,319.36503936014617,0.1071999591382603,0.9166666666666666,5.62,0.0
R1569,500.0,0.1071999591382603,1.0,5.62,0.0
R1641,0.1,0.05217092291062181,1.0,0.05217092291062181,1.0
R1641,0.1565606557943096,0.05217092291062181,1.0,0.05217092291062181,1.0
R1641,0.245112389427443,0.05217092291062181,1.0,0.05217092291062181,1.0
R1641,0.38374956432070695,0.05217092291062181,1.0,0.05217092291062181,1.0
R1641,0.6008008345083048,0.05217092291062181,1.0,0.05217092291062181,1.0
R1641,0.9406177265238869,0.05217092291062181,1.0,0.05217092291062181,1.0
R1641,1.472637281163324,0.05217092291062181,1.0,0.05217092291062181,1.0
R1641,2.3055705848607913,0.05217092291062181,1.0,0.05217092291062181,1.0
R1641,3.6096164274587546,0.05217092291062181,1.0,0.05217092291062181,1.0
R1641,5.651239150488556,0.05217092291062181,1.0,0.05217092291062181,1.0
R1641,8.847617074509655,0.05217092291062181,1.0,0.05217092291062181,1.0
R1641,13.85188731402163,0.05217092291062181,1.0,0.05217092291062181,1.0
R1641,21.686605618721064,0.05217092291062181,1.0,0.05217092291062181,1.0
R1641,33.9526919761953,0.05217092291062181,1.0,0.05217092291062181,1.0
R1641,53.1565572177533,0.05217092291062181,1.0,0.1,0.9166666666666666
R1641,83.222254577792,0.05217092291062181,1.0,0.38,0.3333333333333333
R1641,130.293307533801,0.05217092291062181,1.0,0.38,0.16666666666666666
R1641,203.9880567310155,0.05217092291062181,1.0,1.46,0.08333333333333333
R1641,319.36503936014617,0.05217092291062181,1.0,1.46,0.0
R1641,500.0,0.05217092291062181,1.0,5.62,0.0
R1687,0.1,0.05217092291062181,0.4166666666666667,0.38,0.16666666666666666
R1687,0.1565606557943096,0.05217092291062181,0.5833333333333334,0.1,0.25
R1687,0.245112389427443,0.05217092291062181,0.75,0.1,0.5
R1687,0.38374956432070695,0.05217092291062181,0.8333333333333334,0.1,0.75
R1687,0.6008008345083048,0.05217092291062181,0.9166666666666666,0.1,0.6666666666666666
R1687,0.9406177265238869,0.05217092291062181,0.8333333333333334,0.38,0.75
R1687,1.472637281163324,0.05217092291062181,0.9166666666666666,0.1,0.75
R1687,2.3055705848607913,0.05217092291062181,1.0,0.05217092291062181,1.0
R1687,3.6096164274587546,0.05217092291062181,1.0,0.1,0.9166666666666666
R1687,5.651239150488556,0.05217092291062181,1.0,0.1,0.8333333333333334
R1687,8.847617074509655,0.05217092291062181,1.0,0.1,0.4166666666666667
R1687,13.85188731402163,0.05217092291062181,1.0,0.1,0.08333333333333333
R1687,21.686605618721064,0.05217092291062181,1.0,0.1,0.08333333333333333
R1687,33.9526919761953,0.05217092291062181,1.0,0.38,0.0
R1687,53.1565572177533,0.05217092291062181,1.0,0.38,0.0
R1687,83.222254577792,0.05217092291062181,1.0,0.38,0.0
R1687,130.293307533801,0.05217092291062181,1.0,0.38,0.0
R1687,203.9880567310155,0.05217092291062181,1.0,1.46,0.0
R1687,319.36503936014617,0.05217092291062181,1.0,5.62,0.0
R1687,500.0,0.05217092291062181,0.9166666666666666,5.62,0.0
R1809,0.1,0.13391975929963193,0.8333333333333334,0.38,0.08333333333333333
R1809,0.1565606557943096,0.13391975929963193,0.8333333333333334,0.38,0.16666666666666666
R1809,0.245112389427443,0.13391975929963193,0.8333333333333334,0.38,0.25
R1809,0.38374956432070695,0.13391975929963193,0.8333333333333334,0.38,0.6666666666666666
R1809,0.6008008345083048,0.13391975929963193,1.0,0.13391975929963193,1.0
R1809,0.9406177265238869,0.13391975929963193,1.0,0.38,0.9166666666666666
R1809,1.472637281163324,0.13391975929963193,1.0,0.38,0.9166666666666666
R1809,2.3055705848607913,0.13391975929963193,1.0,0.13391975929963193,1.0
R1809,3.6096164274587546,0.13391975929963193,1.0,0.38,0.8333333333333334
R1809,5.651239150488556,0.13391975929963193,1.0,0.13391975929963193,1.0
R1809,8.847617074509655,0.13391975929963193,1.0,0.13391975929963193,1.0
R1809,13.85188731402163,0.13391975929963193,1.0,0.38,0.8333333333333334
R1809,21.686605618721064,0.13391975929963193,1.0,0.38,0.4166666666666667
R1809,33.9526919761953,0.13391975929963193,1.0,0.38,0.0
R1809,53.1565572177533,0.13391975929963193,1.0,0.38,0.0
R1809,83.222254577792,0.13391975929963193,1.0,0.38,0.0
R1809,130.293307533801,0.13391975929963193,1.0,0.38,0.0
R1809,203.9880567310155,0.13391975929963193,0.9166666666666666,5.62,0.0
R1809,319.36503936014617,0.13391975929963193,0.8333333333333334,5.62,0.0
R1809,500.0,0.13391975929963193,0.6666666666666666,21.5,0.0
R1990,0.1,0.06869016179090283,0.25,0.38,0.0
R1990,0.1565606557943096,0.06869016179090283,0.25,0.38,0.0
R1990,0.245112389427443,0.06869016179090283,0.4166666666666667,0.38,0.0
R1990,0.38374956432070695,0.06869016179090283,0.5,0.38,0.08333333333333333
R1990,0.6008008345083048,0.06869016179090283,0.75,0.38,0.16666666666666666
R1990,0.9406177265238869,0.06869016179090283,1.0,0.38,0.5
R1990,1.472637281163324,0.06869016179090283,1.0,0.38,0.5
R1990,2.3055705848607913,0.06869016179090283,1.0,0.38,0.75
R1990,3.6096164274587546,0.06869016179090283,1.0,0.06869016179090283,1.0
R1990,5.651239150488556,0.06869016179090283,1.0,0.06869016179090283,1.0
R1990,8.847617074509655,0.06869016179090283,1.0,0.1,0.9166666666666666
R1990,13.85188731402163,0.06869016179090283,1.0,0.1,0.75
R1990,21.686605618721064,0.06869016179090283,1.0,0.38,0.4166666666666667
R1990,33.9526919761953,0.06869016179090283,1.0,0.38,0.0
R1990,53.1565572177533,0.06869016179090283,1.0,0.38,0.0
R1990,83.222254577792,0.06869016179090283,1.0,0.38,0.0
R1990,130.293307533801,0.06869016179090283,1.0,0.38,0.0
R1990,203.9880567310155,0.06869016179090283,1.0,0.38,0.0
R1990,319.36503936014617,0.06869016179090283,1.0,0.38,0.0
R1990,500.0,0.06869016179090283,1.0,1.46,0.0
R2068,0.1,0.1071999591382603,0.9166666666666666,0.38,0.6666666666666666
R2068,0.1565606557943096,0.1071999591382603,0.9166666666666666,0.38,0.75
R2068,0.245112389427443,0.1071999591382603,0.9166666666666666,0.38,0.8333333333333334
R2068,0.38374956432070695,0.1071999591382603,1.0,0.38,0.9166666666666666
R2068,0.6008008345083048,0.1071999591382603,1.0,0.1,1.0
R2068,0.9406177265238869,0.1071999591382603,1.0,0.1,1.0
R2068,1.472637281163324,0.1071999591382603,1.0,0.1,1.0
R2068,2.3055705848607913,0.1071999591382603,1.0,0.1,1.0
R2068,3.6096164274587546,0.1071999591382603,1.0,0.1,1.0
R2068,5.651239150488556,0.1071999591382603,1.0,0.1,1.0
R2068,8.847617074509655,0.1071999591382603,1.0,0.38,0.9166666666666666
R2068,13.85188731402163,0.1071999591382603,1.0,0.38,0.6666666666666666
R2068,21.686605618721064,0.1071999591382603,1.0,0.38,0.25
R2068,33.9526919761953,0.1071999591382603,1.0,0.38,0.0
R2068,53.1565572177533,0.1071999591382603,1.0,0.38,0.0
R2068,83.222254577792,0.1071999591382603,1.0,0.38,0.0
R2068,130.293307533801,0.1071999591382603,0.8333333333333334,1.46,0.0
R2068,203.9880567310155,0.1071999591382603,0.75,5.62,0.0
R2068,319.36503936014617,0.1071999591382603,0.9166666666666666,21.5,0.0
R2068,500.0,0.1071999591382603,0.8333333333333334,21.5,0.0
R2070,0.1,0.05217092291062181,1.0,0.05217092291062181,1.0
R2070,0.1565606557943096,0.05217092291062181,1.0,0.05217092291062181,1.0
R2070,0.245112389427443,0.05217092291062181,1.0,0.05217092291062181,1.0
R2070,0.38374956432070695,0.05217092291062181,1.0,0.05217092291062181,1.0
R2070,0.6008008345083048,0.05217092291062181,1.0,0.05217092291062181,1.0
R2070,0.9406177265238869,0.05217092291062181,1.0,0.05217092291062181,1.0
R2070,1.472637281163324,0.05217092291062181,1.0,0.05217092291062181,1.0
R2070,2.3055705848607913,0.05217092291062181,1.0,0.05217092291062181,1.0
R2070,3.6096164274587546,0.05217092291062181,1.0,0.05217092291062181,1.0
R2070,5.651239150488556,0.05217092291062181,1.0,0.05217092291062181,1.0
R2070,8.847617074509655,0.05217092291062181,1.0,0.1,0.75
R2070,13.85188731402163,0.05217092291062181,1.0,0.1,0.4166666666666667
R2070,21.686605618721064,0.05217092291062181,1.0,0.1,0.0
R2070,33.9526919761953,0.05217092291062181,1.0,0.38,0.0
R2070,53.1565572177533,0.05217092291062181,1.0,0.38,0.0
R2070,83.222254577792,0.05217092291062181,1.0,0.38,0.0
R2070,130.293307533801,0.05217092291062181,0.75,1.46,0.0
R2070,203.9880567310155,0.05217092291062181,0.75,5.62,0.0
R2070,319.36503936014617,0.05217092291062181,0.75,5.62,0.0
R2070,500.0,0.05217092291062181,0.6666666666666666,5.62,0.0
R2200,0.1,0.05217092291062181,0.9166666666666666,0.1,0.75
R2200,0.1565606557943096,0.05217092291062181,0.9166666666666666,0.1,0.75
R2200,0.245112389427443,0.05217092291062181,1.0,0.38,0.8333333333333334
R2200,0.38374956432070695,0.05217092291062181,1.0,0.38,0.9166666666666666
R2200,0.6008008345083048,0.05217092291062181,1.0,0.1,0.9166666666666666
R2200,0.9406177265238869,0.05217092291062181,1.0,0.05217092291062181,1.0
R2200,1.472637281163324,0.05217092291062181,1.0,0.05217092291062181,1.0
R2200,2.3055705848607913,0.05217092291062181,1.0,0.05217092291062181,1.0
R2200,3.6096164274587546,0.05217092291062181,1.0,0.05217092291062181,1.0
R2200,5.651239150488556,0.05217092291062181,1.0,0.05217092291062181,1.0
R2200,8.847617074509655,0.05217092291062181,1.0,0.05217092291062181,1.0
R2200,13.85188731402163,0.05217092291062181,1.0,0.05217092291062181,1.0
R2200,21.686605618721064,0.05217092291062181,1.0,0.05217092291062181,1.0
R2200,33.9526919761953,0.05217092291062181,1.0,0.1,0.8333333333333334
R2200,53.1565572177533,0.05217092291062181,1.0,0.38,0.16666666666666666
R2200,83.222254577792,0.05217092291062181,1.0,0.38,0.08333333333333333
R2200,130.293307533801,0.05217092291062181,1.0,0.38,0.0
R2200,203.9880567310155,0.05217092291062181,1.0,1.46,0.0
R2200,319.36503936014617,0.05217092291062181,1.0,1.46,0.0
R2200,500.0,0.05217092291062181,1.0,5.62,0.0
R2208,0.1,0.16729952208041873,0.75,0.16729952208041873,0.75
R2208,0.1565606557943096,0.16729952208041873,0.8333333333333334,0.16729952208041873,0.8333333333333334
R2208,0.245112389427443,0.16729952208041873,0.8333333333333334,0.1,0.8333333333333334
R2208,0.38374956432070695,0.16729952208041873,1.0,0.16729952208041873,1.0
R2208,0.6008008345083048,0.16729952208041873,1.0,0.16729952208041873,1.0
R2208,0.9406177265238869,0.16729952208041873,1.0,0.16729952208041873,1.0
R2208,1.472637281163324,0.16729952208041873,1.0,0.16729952208041873,1.0
R2208,2.3055705848607913,0.16729952208041873,1.0,0.1,1.0
R2208,3.6096164274587546,0.16729952208041873,1.0,0.1,1.0
R2208,5.651239150488556,0.16729952208041873,1.0,0.1,1.0
R2208,8.847617074509655,0.16729952208041873,1.0,0.1,1.0
R2208,13.85188731402163,0.16729952208041873,1.0,0.1,1.0
R2208,21.686605618721064,0.16729952208041873,1.0,0.16729952208041873,1.0
R2208,33.9526919761953,0.16729952208041873,1.0,0.16729952208041873,1.0
R2208,53.1565572177533,0.16729952208041873,1.0,0.38,0.4166666666666667
R2208,83.222254577792,0.16729952208041873,1.0,0.38,0.0
R2208,130.293307533801,0.16729952208041873,1.0,0.38,0.0
R2208,203.9880567310155,0.16729952208041873,0.75,5.62,0.0
R2208,319.36503936014617,0.16729952208041873,0.6666666666666666,5.62,0.0
R2208,500.0,0.16729952208041873,0.6666666666666666,21.5,0.0
R2226,0.1,0.182142683484797,0.6666666666666666,0.38,0.4166666666666667
R2226,0.1565606557943096,0.182142683484797,0.8333333333333334,0.38,0.4166666666666667
R2226,0.245112389427443,0.182142683484797,0.8333333333333334,0.38,0.6666666666666666
R2226,0.38374956432070695,0.182142683484797,0.9166666666666666,0.38,0.75
R2226,0.6008008345083048,0.182142683484797,1.0,0.38,0.9166666666666666
R2226,0.9406177265238869,0.182142683484797,1.0,0.38,0.9166666666666666
R2226,1.472637281163324,0.182142683484797,1.0,0.38,0.9166666666666666
R2226,2.3055705848607913,0.182142683484797,1.0,0.182142683484797,1.0
R2226,3.6096164274587546,0.182142683484797,1.0,0.182142683484797,1.0
R2226,5.651239150488556,0.182142683484797,1.0,0.1,1.0
R2226,8.847617074509655,0.182142683484797,1.0,0.1,1.0
R2226,13.85188731402163,0.182142683484797,1.0,0.182142683484797,1.0
R2226,21.686605618721064,0.182142683484797,1.0,0.182142683484797,1.0
R2226,33.9526919761953,0.182142683484797,1.0,0.182142683484797,1.0
R2226,53.1565572177533,0.182142683484797,1.0,0.182142683484797,1.0
R2226,83.222254577792,0.182142683484797,1.0,0.38,0.25
R2226,130.293307533801,0.182142683484797,1.0,0.38,0.0
R2226,203.9880567310155,0.182142683484797,1.0,0.38,0.0
R2226,319.36503936014617,0.182142683484797,1.0,1.46,0.0
R2226,500.0,0.182142683484797,1.0,1.46,0.0
R2338,0.1,0.05217092291062181,1.0,0.38,0.9166666666666666
R2338,0.1565606557943096,0.05217092291062181,1.0,0.38,0.9166666666666666
R2338,0.245112389427443,0.05217092291062181,1.0,0.38,0.9166666666666666
R2338,0.38374956432070695,0.05217092291062181,1.0,0.38,0.9166666666666666
R2338,0.6008008345083048,0.05217092291062181,1.0,0.1,0.9166666666666666
R2338,0.9406177265238869,0.05217092291062181,1.0,0.05217092291062181,1.0
R2338,1.472637281163324,0.05217092291062181,1.0,0.05217092291062181,1.0
R2338,2.3055705848607913,0.05217092291062181,1.0,0.05217092291062181,1.0
R2338,3.6096164274587546,0.05217092291062181,1.0,0.05217092291062181,1.0
R2338,5.651239150488556,0.05217092291062181,1.0,0.05217092291062181,1.0
R2338,8.847617074509655,0.05217092291062181,1.0,0.05217092291062181,1.0
R2338,13.85188731402163,0.05217092291062181,1.0,0.05217092291062181,1.0
R2338,21.686605618721064,0.05217092291062181,1.0,0.05217092291062181,1.0
R2338,33.9526919761953,0.05217092291062181,1.0,0.05217092291062181,1.0
R2338,53.1565572177533,0.05217092291062181,1.0,0.1,0.6666666666666666
R2338,83.222254577792,0.05217092291062181,1.0,0.38,0.3333333333333333
R2338,130.293307533801,0.05217092291062181,1.0,1.46,0.0
R2338,203.9880567310155,0.05217092291062181,1.0,21.5,0.0
R2338,319.36503936014617,0.05217092291062181,1.0,21.5,0.0
R2338,500.0,0.05217092291062181,0.9166666666666666,21.5,0.0
R2340,0.1,0.05217092291062181,1.0,0.05217092291062181,1.0
R2340,0.1565606557943096,0.05217092291062181,1.0,0.05217092291062181,1.0
R2340,0.245112389427443,0.05217092291062181,1.0,0.05217092291062181,1.0
R2340,0.38374956432070695,0.05217092291062181,1.0,0.05217092291062181,1.0
R2340,0.6008008345083048,0.05217092291062181,1.0,0.05217092291062181,1.0
R2340,0.9406177265238869,0.05217092291062181,1.0,0.05217092291062181,1.0
R2340,1.472637281163324,0.05217092291062181,1.0,0.05217092291062181,1.0
R2340,2.3055705848607913,0.05217092291062181,1.0,0.05217092291062181,1.0
R2340,3.6096164274587546,0.05217092291062181,1.0,0.05217092291062181,1.0
R2340,5.651239150488556,0.05217092291062181,1.0,0.05217092291062181,1.0
R2340,8.847617074509655,0.05217092291062181,1.0,0.05217092291062181,1.0
R2340,13.85188731402163,0.05217092291062181,1.0,0.1,0.9166666666666666
R2340,21.686605618721064,0.05217092291062181,1.0,0.1,0.4166666666666667
R2340,33.9526919761953,0.05217092291062181,1.0,0.38,0.0
R2340,53.1565572177533,0.05217092291062181,1.0,0.38,0.0
R2340,83.222254577792,0.05217092291062181,1.0,0.38,0.0
R2340,130.293307533801,0.05217092291062181,1.0,0.38,0.0
R2340,203.9880567310155,0.05217092291062181,1.0,0.38,0.0
R2340,319.36503936014617,0.05217092291062181,1.0,0.38,0.0
R2340,500.0,0.05217092291062181,1.0,1.46,0.0
R2362,0.1,0.05217092291062181,0.9166666666666666,0.38,0.6666666666666666
R2362,0.1565606557943096,0.05217092291062181,0.9166666666666666,0.38,0.6666666666666666
R2362,0.245112389427443,0.05217092291062181,0.9166666666666666,0.38,0.8333333333333334
R2362,0.38374956432070695,0.05217092291062181,0.9166666666666666,0.05217092291062181,0.9166666666666666
R2362,0.6008008345083048,0.05217092291062181,1.0,0.05217092291062181,1.0
R2362,0.9406177265238869,0.05217092291062181,1.0,0.05217092291062181,1.0
R2362,1.472637281163324,0.05217092291062181,1.0,0.05217092291062181,1.0
R2362,2.3055705848607913,0.05217092291062181,1.0,0.05217092291062181,1.0
R2362,3.6096164274587546,0.05217092291062181,1.0,0.05217092291062181,1.0
R2362,5.651239150488556,0.05217092291062181,1.0,0.05217092291062181,1.0
R2362,8.847617074509655,0.05217092291062181,1.0,0.05217092291062181,1.0
R2362,13.85188731402163,0.05217092291062181,1.0,0.05217092291062181,1.0
R2362,21.686605618721064,0.05217092291062181,1.0,0.1,0.9166666666666666
R2362,33.9526919761953,0.05217092291062181,1.0,0.1,0.5
R2362,53.1565572177533,0.05217092291062181,1.0,0.38,0.16666666666666666
R2362,83.222254577792,0.05217092291062181,1.0,0.38,0.0
R2362,130.293307533801,0.05217092291062181,1.0,0.38,0.0
R2362,203.9880567310155,0.05217092291062181,1.0,1.46,0.0
R2362,319.36503936014617,0.05217092291062181,1.0,1.46,0.0
R2362,500.0,0.05217092291062181,1.0,5.62,0.0
R2377,0.1,0.08141953168269683,0.9166666666666666,0.38,0.3333333333333333
R2377,0.1565606557943096,0.08141953168269683,1.0,0.38,0.3333333333333333
R2377,0.245112389427443,0.08141953168269683,1.0,0.38,0.5
R2377,0.38374956432070695,0.08141953168269683,1.0,0.1,0.5
R2377,0.6008008345083048,0.08141953168269683,1.0,0.38,0.8333333333333334
R2377,0.9406177265238869,0.08141953168269683,1.0,0.38,0.6666666666666666
R2377,1.472637281163324,0.08141953168269683,1.0,0.1,0.75
R2377,2.3055705848607913,0.08141953168269683,1.0,0.1,0.9166666666666666
R2377,3.6096164274587546,0.08141953168269683,1.0,0.38,0.75
R2377,5.651239150488556,0.08141953168269683,1.0,0.1,0.75
R2377,8.847617074509655,0.08141953168269683,1.0,0.1,0.8333333333333334
R2377,13.85188731402163,0.08141953168269683,1.0,0.38,0.08333333333333333
R2377,21.686605618721064,0.08141953168269683,1.0,0.38,0.08333333333333333
R2377,33.9526919761953,0.08141953168269683,1.0,0.38,0.0
R2377,53.1565572177533,0.08141953168269683,1.0,0.38,0.0
R2377,83.222254577792,0.08141953168269683,1.0,0.38,0.0
R2377,130.293307533801,0.08141953168269683,1.0,0.38,0.0
R2377,203.9880567310155,0.08141953168269683,1.0,0.38,0.0
R2377,319.36503936014617,0.08141953168269683,1.0,1.46,0.0
R2377,500.0,0.08141953168269683,1.0,1.46,0.0
R2449,0.1,0.07478449574760791,0.9166666666666666,0.38,0.5
R2449,0.1565606557943096,0.07478449574760791,0.9166666666666666,0.38,0.5833333333333334
R2449,0.245112389427443,0.07478449574760791,0.9166666666666666,0.38,0.8333333333333334
R2449,0.38374956432070695,0.07478449574760791,1.0,0.07478449574760791,1.0
R2449,0.6008008345083048,0.07478449574760791,1.0,0.1,0.9166666666666666
R2449,0.9406177265238869,0.07478449574760791,1.0,0.1,0.8333333333333334
R2449,1.472637281163324,0.07478449574760791,1.0,0.1,0.8333333333333334
R2449,2.3055705848607913,0.07478449574760791,1.0,0.1,0.9166666666666666
R2449,3.6096164274587546,0.07478449574760791,1.0,0.1,0.75
R2449,5.651239150488556,0.07478449574760791,1.0,0.1,0.75
R2449,8.847617074509655,0.07478449574760791,1.0,0.1,0.5833333333333334
R2449,13.85188731402163,0.07478449574760791,1.0,0.38,0.3333333333333333
R2449,21.686605618721064,0.07478449574760791,1.0,0.38,0.16666666666666666
R2449,33.9526919761953,0.07478449574760791,1.0,0.38,0.0
R2449,53.1565572177533,0.07478449574760791,1.0,0.38,0.0
R2449,83.222254577792,0.07478449574760791,1.0,0.38,0.0
R2449,130.293307533801,0.07478449574760791,1.0,0.38,0.0
R2449,203.9880567310155,0.07478449574760791,0.8333333333333334,5.62,0.0
R2449,319.36503936014617,0.07478449574760791,1.0,5.62,0.0
R2449,500.0,0.07478449574760791,0.9166666666666666,21.5,0.0
R2557,0.1,0.06517462781510076,1.0,0.38,0.9166666666666666
R2557,0.1565606557943096,0.06517462781510076,1.0,0.1,0.9166666666666666
R2557,0.245112389427443,0.06517462781510076,1.0,0.1,0.9166666666666666
R2557,0.38374956432070695,0.06517462781510076,1.0,0.06517462781510076,1.0
R2557,0.6008008345083048,0.06517462781510076,1.0,0.06517462781510076,1.0
R2557,0.9406177265238869,0.06517462781510076,1.0,0.06517462781510076,1.0
R2557,1.472637281163324,0.06517462781510076,1.0,0.06517462781510076,1.0
R2557,2.3055705848607913,0.06517462781510076,1.0,0.06517462781510076,1.0
R2557,3.6096164274587546,0.06517462781510076,1.0,0.06517462781510076,1.0
R2557,5.651239150488556,0.06517462781510076,1.0,0.06517462781510076,1.0
R2557,8.847617074509655,0.06517462781510076,1.0,0.1,0.9166666666666666
R2557,13.85188731402163,0.06517462781510076,1.0,0.38,0.6666666666666666
R2557,21.686605618721064,0.06517462781510076,1.0,0.38,0.16666666666666666
R2557,33.9526919761953,0.06517462781510076,1.0,0.38,0.0
R2557,53.1565572177533,0.06517462781510076,1.0,0.38,0.0
R2557,83.222254577792,0.06517462781510076,1.0,0.38,0.0
R2557,130.293307533801,0.06517462781510076,1.0,0.38,0.0
R2557,203.9880567310155,0.06517462781510076,0.9166666666666666,1.46,0.0
R2557,319.36503936014617,0.06517462781510076,0.9166666666666666,5.62,0.0
R2557,500.0,0.06517462781510076,1.0,21.5,0.0
R2611,0.1,0.05217092291062181,0.9166666666666666,0.38,0.75
R2611,0.1565606557943096,0.05217092291062181,0.9166666666666666,0.1,0.8333333333333334
R2611,0.245112389427443,0.05217092291062181,1.0,0.38,0.9166666666666666
R2611,0.38374956432070695,0.05217092291062181,1.0,0.05217092291062181,1.0
R2611,0.6008008345083048,0.05217092291062181,1.0,0.05217092291062181,1.0
R2611,0.9406177265238869,0.05217092291062181,1.0,0.05217092291062181,1.0
R2611,1.472637281163324,0.05217092291062181,1.0,0.05217092291062181,1.0
R2611,2.3055705848607913,0.05217092291062181,1.0,0.05217092291062181,1.0
R2611,3.6096164274587546,0.05217092291062181,1.0,0.05217092291062181,1.0
R2611,5.651239150488556,0.05217092291062181,1.0,0.05217092291062181,1.0
R2611,8.847617074509655,0.05217092291062181,1.0,0.05217092291062181,1.0
R2611,13.85188731402163,0.05217092291062181,1.0,0.1,0.9166666666666666
R2611,21.686605618721064,0.05217092291062181,1.0,0.1,0.5833333333333334
R2611,33.9526919761953,0.05217092291062181,1.0,0.38,0.0
R2611,53.1565572177533,0.05217092291062181,1.0,0.38,0.0
R2611,83.222254577792,0.05217092291062181,1.0,0.38,0.0
R2611,130.293307533801,0.05217092291062181,1.0,0.38,0.0
R2611,203.9880567310155,0.05217092291062181,1.0,1.46,0.0
R2611,319.36503936014617,0.05217092291062181,1.0,1.46,0.0
R2611,500.0,0.05217092291062181,1.0,1.46,0.0
R2792,0.1,0.06869016179090283,0.5833333333333334,0.38,0.16666666666666666
R2792,0.1565606557943096,0.06869016179090283,0.5833333333333334,0.38,0.16666666666666666
R2792,0.245112389427443,0.06869016179090283,0.8333333333333334,0.38,0.25
R2792,0.38374956432070695,0.06869016179090283,0.8333333333333334,0.38,0.3333333333333333
R2792,0.6008008345083048,0.06869016179090283,0.9166666666666666,0.38,0.8333333333333334
R2792,0.9406177265238869,0.06869016179090283,1.0,0.38,0.5833333333333334
R2792,1.472637281163324,0.06869016179090283,1.0,0.38,0.5833333333333334
R2792,2.3055705848607913,0.06869016179090283,1.0,0.38,0.8333333333333334
R2792,3.6096164274587546,0.06869016179090283,1.0,0.38,0.5
R2792,5.651239150488556,0.06869016179090283,1.0,0.1,0.8333333333333334
R2792,8.847617074509655,0.06869016179090283,1.0,0.1,0.75
R2792,13.85188731402163,0.06869016179090283,1.0,0.38,0.4166666666666667
R2792,21.686605618721064,0.06869016179090283,1.0,0.38,0.0
R2792,33.9526919761953,0.06869016179090283,1.0,0.38,0.0
R2792,53.1565572177533,0.06869016179090283,1.0,0.38,0.0
R2792,83.222254577792,0.06869016179090283,1.0,0.38,0.0
R2792,130.293307533801,0.06869016179090283,1.0,0.38,0.0
R2792,203.9880567310155,0.06869016179090283,1.0,0.38,0.0
R2792,319.36503936014617,0.06869016179090283,1.0,1.46,0.0
R2792,500.0,0.06869016179090283,1.0,1.46,0.0
R2836,0.1,0.05217092291062181,0.8333333333333334,0.38,0.5833333333333334
R2836,0.1565606557943096,0.05217092291062181,0.8333333333333334,0.38,0.5833333333333334
R2836,0.245112389427443,0.05217092291062181,0.9166666666666666,0.38,0.5833333333333334
R2836,0.38374956432070695,0.05217092291062181,0.9166666666666666,0.38,0.5833333333333334
R2836,0.6008008345083048,0.05217092291062181,0.9166666666666666,0.38,0.75
R2836,0.9406177265238869,0.05217092291062181,0.9166666666666666,0.1,0.75
R2836,1.472637281163324,0.05217092291062181,0.9166666666666666,0.1,0.8333333333333334
R2836,2.3055705848607913,0.05217092291062181,1.0,0.05217092291062181,1.0
R2836,3.6096164274587546,0.05217092291062181,1.0,0.05217092291062181,1.0
R2836,5.651239150488556,0.05217092291062181,1.0,0.05217092291062181,1.0
R2836,8.847617074509655,0.05217092291062181,1.0,0.05217092291062181,1.0
R2836,13.85188731402163,0.05217092291062181,1.0,0.05217092291062181,1.0
R2836,21.686605618721064,0.05217092291062181,1.0,0.05217092291062181,1.0
R2836,33.9526919761953,0.05217092291062181,1.0,0.05217092291062181,1.0
R2836,53.1565572177533,0.05217092291062181,1.0,0.38,0.75
R2836,83.222254577792,0.05217092291062181,1.0,0.38,0.5
R2836,130.293307533801,0.05217092291062181,1.0,1.46,0.3333333333333333
R2836,203.9880567310155,0.05217092291062181,1.0,5.62,0.25
R2836,319.36503936014617,0.05217092291062181,1.0,5.62,0.16666666666666666
R2836,500.0,0.05217092291062181,1.0,5.62,0.25
R2866,0.1,0.10171350971479927,0.6666666666666666,0.38,0.25
R2866,0.1565606557943096,0.10171350971479927,0.75,0.38,0.25
R2866,0.245112389427443,0.10171350971479927,0.8333333333333334,0.38,0.5833333333333334
R2866,0.38374956432070695,0.10171350971479927,0.8333333333333334,0.38,0.75
R2866,0.6008008345083048,0.10171350971479927,0.8333333333333334,0.1,0.75
R2866,0.9406177265238869,0.10171350971479927,1.0,0.38,0.4166666666666667
R2866,1.472637281163324,0.10171350971479927,1.0,0.38,0.6666666666666666
R2866,2.3055705848607913,0.10171350971479927,0.9166666666666666,0.38,0.4166666666666667
R2866,3.6096164274587546,0.10171350971479927,0.9166666666666666,0.38,0.75
R2866,5.651239150488556,0.10171350971479927,1.0,0.38,0.6666666666666666
R2866,8.847617074509655,0.10171350971479927,1.0,0.38,0.6666666666666666
R2866,13.85188731402163,0.10171350971479927,1.0,0.38,0.16666666666666666
R2866,21.686605618721064,0.10171350971479927,1.0,0.38,0.16666666666666666
R2866,33.9526919761953,0.10171350971479927,1.0,0.38,0.0
R2866,53.1565572177533,0.10171350971479927,1.0,0.38,0.0
R2866,83.222254577792,0.10171350971479927,1.0,0.38,0.0
R2866,130.293307533801,0.10171350971479927,1.0,0.38,0.0
R2866,203.9880567310155,0.10171350971479927,1.0,0.38,0.0
R2866,319.36503936014617,0.10171350971479927,0.9166666666666666,5.62,0.0
R2866,500.0,0.10171350971479927,0.8333333333333334,5.62,0.0
R2871,0.1,0.05217092291062181,1.0,0.05217092291062181,1.0
R2871,0.1565606557943096,0.05217092291062181,1.0,0.05217092291062181,1.0
R2871,0.245112389427443,0.05217092291062181,1.0,0.05217092291062181,1.0
R2871,0.38374956432070695,0.05217092291062181,1.0,0.05217092291062181,1.0
R2871,0.6008008345083048,0.05217092291062181,1.0,0.05217092291062181,1.0
R2871,0.9406177265238869,0.05217092291062181,1.0,0.05217092291062181,1.0
R2871,1.472637281163324,0.05217092291062181,1.0,0.05217092291062181,1.0
R2871,2.3055705848607913,0.05217092291062181,1.0,0.05217092291062181,1.0
R2871,3.6096164274587546,0.05217092291062181,1.0,0.05217092291062181,1.0
R2871,5.651239150488556,0.05217092291062181,1.0,0.05217092291062181,1.0
R2871,8.847617074509655,0.05217092291062181,1.0,0.1,0.6666666666666666
R2871,13.85188731402163,0.05217092291062181,1.0,0.1,0.3333333333333333
R2871,21.686605618721064,0.05217092291062181,1.0,0.1,0.0
R2871,33.9526919761953,0.05217092291062181,1.0,0.38,0.0
R2871,53.1565572177533,0.05217092291062181,1.0,0.38,0.0
R2871,83.222254577792,0.05217092291062181,1.0,0.38,0.0
R2871,130.293307533801,0.05217092291062181,1.0,0.38,0.0
R2871,203.9880567310155,0.05217092291062181,0.9166666666666666,5.62,0.0
R2871,319.36503936014617,0.05217092291062181,0.8333333333333334,5.62,0.0
R2871,500.0,0.05217092291062181,0.9166666666666666,5.62,0.0
R2939,0.1,0.05217092291062181,1.0,0.05217092291062181,1.0
R2939,0.1565606557943096,0.05217092291062181,1.0,0.05217092291062181,1.0
R2939,0.245112389427443,0.05217092291062181,1.0,0.05217092291062181,1.0
R2939,0.38374956432070695,0.05217092291062181,1.0,0.05217092291062181,1.0
R2939,0.6008008345083048,0.05217092291062181,1.0,0.05217092291062181,1.0
R2939,0.9406177265238869,0.05217092291062181,1.0,0.05217092291062181,1.0
R2939,1.472637281163324,0.05217092291062181,1.0,0.05217092291062181,1.0
R2939,2.3055705848607913,0.05217092291062181,1.0,0.05217092291062181,1.0
R2939,3.6096164274587546,0.05217092291062181,1.0,0.05217092291062181,1.0
R2939,5.651239150488556,0.05217092291062181,1.0,0.05217092291062181,1.0
R2939,8.847617074509655,0.05217092291062181,1.0,0.05217092291062181,1.0
R2939,13.85188731402163,0.05217092291062181,1.0,0.05217092291062181,1.0
R2939,21.686605618721064,0.05217092291062181,1.0,0.05217092291062181,1.0
R2939,33.9526919761953,0.05217092291062181,1.0,0.1,0.8333333333333334
R2939,53.1565572177533,0.05217092291062181,1.0,0.38,0.0
R2939,83.222254577792,0.05217092291062181,1.0,0.38,0.0
R2939,130.293307533801,0.05217092291062181,1.0,0.38,0.0
R2939,203.9880567310155,0.05217092291062181,1.0,1.46,0.0
R2939,319.36503936014617,0.05217092291062181,1.0,5.62,0.0
R2939,500.0,0.05217092291062181,1.0,5.62,0.0
R2965,0.1,0.08141953168269683,0.5,0.38,0.16666666666666666
R2965,0.1565606557943096,0.08141953168269683,0.5833333333333334,0.38,0.16666666666666666
R2965,0.245112389427443,0.08141953168269683,0.5833333333333334,0.38,0.25
R2965,0.38374956432070695,0.08141953168269683,0.6666666666666666,0.38,0.5
R2965,0.6008008345083048,0.08141953168269683,0.9166666666666666,0.38,0.6666666666666666
R2965,0.9406177265238869,0.08141953168269683,1.0,0.38,0.6666666666666666
R2965,1.472637281163324,0.08141953168269683,1.0,0.38,0.6666666666666666
R2965,2.3055705848607913,0.08141953168269683,1.0,0.38,0.6666666666666666
R2965,3.6096164274587546,0.08141953168269683,1.0,0.38,0.75
R2965,5.651239150488556,0.08141953168269683,1.0,0.38,0.6666666666666666
R2965,8.847617074509655,0.08141953168269683,1.0,0.38,0.5833333333333334
R2965,13.85188731402163,0.08141953168269683,1.0,0.38,0.16666666666666666
R2965,21.686605618721064,0.08141953168269683,1.0,0.38,0.0
R2965,33.9526919761953,0.08141953168269683,1.0,0.38,0.0
R2965,53.1565572177533,0.08141953168269683,1.0,0.38,0.0
R2965,83.222254577792,0.08141953168269683,1.0,0.38,0.0
R2965,130.293307533801,0.08141953168269683,1.0,0.38,0.0
R2965,203.9880567310155,0.08141953168269683,0.8333333333333334,5.62,0.0
R2965,319.36503936014617,0.08141953168269683,0.5833333333333334,21.5,0.0
R2965,500.0,0.08141953168269683,0.5,5.62,0.0
R3022,0.1,0.05217092291062181,0.9166666666666666,0.38,0.8333333333333334
R3022,0.1565606557943096,0.05217092291062181,0.9166666666666666,0.38,0.75
R3022,0.245112389427443,0.05217092291062181,0.9166666666666666,0.1,0.8333333333333334
R3022,0.38374956432070695,0.05217092291062181,0.9166666666666666,0.05217092291062181,0.9166666666666666
R3022,0.6008008345083048,0.05217092291062181,1.0,0.38,0.75
R3022,0.9406177265238869,0.05217092291062181,1.0,0.38,0.6666666666666666
R3022,1.472637281163324,0.05217092291062181,1.0,0.1,0.8333333333333334
R3022,2.3055705848607913,0.05217092291062181,1.0,0.1,0.5
R3022,3.6096164274587546,0.05217092291062181,1.0,0.1,0.75
R3022,5.651239150488556,0.05217092291062181,1.0,0.38,0.5
R3022,8.847617074509655,0.05217092291062181,1.0,0.38,0.16666666666666666
R3022,13.85188731402163,0.05217092291062181,1.0,0.38,0.0
R3022,21.686605618721064,0.05217092291062181,1.0,0.38,0.0
R3022,33.9526919761953,0.05217092291062181,1.0,0.38,0.0
R3022,53.1565572177533,0.05217092291062181,0.8333333333333334,0.38,0.0
R3022,83.222254577792,0.05217092291062181,0.9166666666666666,5.62,0.0
R3022,130.293307533801,0.05217092291062181,0.8333333333333334,5.62,0.0
R3022,203.9880567310155,0.05217092291062181,0.8333333333333334,5.62,0.0
R3022,319.36503936014617,0.05217092291062181,0.6666666666666666,21.5,0.0
R3022,500.0,0.05217092291062181,0.75,21.5,0.0
R3095,0.1,0.05217092291062181,1.0,0.38,0.9166666666666666
R3095,0.1565606557943096,0.05217092291062181,1.0,0.05217092291062181,1.0
R3095,0.245112389427443,0.05217092291062181,1.0,0.05217092291062181,1.0
R3095,0.38374956432070695,0.05217092291062181,1.0,0.1,0.9166666666666666
R3095,0.6008008345083048,0.05217092291062181,1.0,0.1,0.9166666666666666
R3095,0.9406177265238869,0.05217092291062181,1.0,0.1,0.9166666666666666
R3095,1.472637281163324,0.05217092291062181,1.0,0.1,0.9166666666666666
R3095,2.3055705848607913,0.05217092291062181,1.0,0.05217092291062181,1.0
R3095,3.6096164274587546,0.05217092291062181,1.0,0.1,0.9166666666666666
R3095,5.651239150488556,0.05217092291062181,1.0,0.1,0.8333333333333334
R3095,8.847617074509655,0.05217092291062181,1.0,0.1,0.5833333333333334
R3095,13.85188731402163,0.05217092291062181,1.0,0.1,0.25
R3095,21.686605618721064,0.05217092291062181,1.0,0.38,0.0
R3095,33.9526919761953,0.05217092291062181,1.0,0.38,0.0
R3095,53.1565572177533,0.05217092291062181,1.0,0.38,0.0
R3095,83.222254577792,0.05217092291062181,1.0,0.38,0.0
R3095,130.293307533801,0.05217092291062181,1.0,0.38,0.0
R3095,203.9880567310155,0.05217092291062181,0.75,1.46,0.0
R3095,319.36503936014617,0.05217092291062181,0.8333333333333334,21.5,0.0
R3095,500.0,0.05217092291062181,0.9166666666666666,21.5,0.0
R3278,0.1,0.07881838814527226,0.3333333333333333,1.46,0.16666666666666666
R3278,0.1565606557943096,0.07881838814527226,0.3333333333333333,0.1,0.25
R3278,0.245112389427443,0.07881838814527226,0.5833333333333334,0.1,0.4166666666666667
R3278,0.38374956432070695,0.07881838814527226,0.6666666666666666,0.1,0.25
R3278,0.6008008345083048,0.07881838814527226,0.8333333333333334,0.1,0.5
R3278,0.9406177265238869,0.07881838814527226,0.75,0.1,0.5
R3278,1.472637281163324,0.07881838814527226,0.75,0.38,0.4166666666666667
R3278,2.3055705848607913,0.07881838814527226,0.75,0.1,0.16666666666666666
R3278,3.6096164274587546,0.07881838814527226,0.9166666666666666,0.38,0.75
R3278,5.651239150488556,0.07881838814527226,1.0,0.38,0.4166666666666667
R3278,8.847617074509655,0.07881838814527226,1.0,0.38,0.4166666666666667
R3278,13.85188731402163,0.07881838814527226,1.0,0.38,0.0
R3278,21.686605618721064,0.07881838814527226,1.0,0.38,0.0
R3278,33.9526919761953,0.07881838814527226,1.0,0.38,0.0
R3278,53.1565572177533,0.07881838814527226,0.75,0.38,0.0
R3278,83.222254577792,0.07881838814527226,0.5833333333333334,5.62,0.0
R3278,130.293307533801,0.07881838814527226,0.5,5.62,0.0
R3278,203.9880567310155,0.07881838814527226,0.6666666666666666,5.62,0.0
R3278,319.36503936014617,0.07881838814527226,0.5,5.62,0.0
R3278,500.0,0.07881838814527226,0.25,5.62,0.0
R3316,0.1,0.05217092291062181,1.0,0.05217092291062181,1.0
R3316,0.1565606557943096,0.05217092291062181,1.0,0.05217092291062181,1.0
R3316,0.245112389427443,0.05217092291062181,1.0,0.05217092291062181,1.0
R3316,0.38374956432070695,0.05217092291062181,1.0,0.05217092291062181,1.0
R3316,0.6008008345083048,0.05217092291062181,1.0,0.05217092291062181,1.0
R3316,0.9406177265238869,0.05217092291062181,1.0,0.05217092291062181,1.0
R3316,1.472637281163324,0.05217092291062181,1.0,0.05217092291062181,1.0
R3316,2.3055705848607913,0.05217092291062181,1.0,0.05217092291062181,1.0
R3316,3.6096164274587546,0.05217092291062181,1.0,0.05217092291062181,1.0
R3316,5.651239150488556,0.05217092291062181,1.0,0.05217092291062181,1.0
R3316,8.847617074509655,0.05217092291062181,1.0,0.05217092291062181,1.0
R3316,13.85188731402163,0.05217092291062181,1.0,0.1,0.9166666666666666
R3316,21.686605618721064,0.05217092291062181,1.0,0.1,0.08333333333333333
R3316,33.9526919761953,0.05217092291062181,1.0,0.38,0.0
R3316,53.1565572177533,0.05217092291062181,1.0,0.38,0.0
R3316,83.222254577792,0.05217092291062181,1.0,0.38,0.0
R3316,130.293307533801,0.05217092291062181,1.0,0.38,0.0
R3316,203.9880567310155,0.05217092291062181,1.0,5.62,0.0
R3316,319.36503936014617,0.05217092291062181,1.0,21.5,0.0
R3316,500.0,0.05217092291062181,1.0,21.5,0.0
R3332,0.1,0.07478449574760791,0.4166666666666667,0.38,0.16666666666666666
R3332,0.1565606557943096,0.07478449574760791,0.3333333333333333,0.38,0.25
R3332,0.245112389427443,0.07478449574760791,0.5,0.1,0.4166666666666667
R3332,0.38374956432070695,0.07478449574760791,0.6666666666666666,0.07478449574760791,0.6666666666666666
R3332,0.6008008345083048,0.07478449574760791,0.9166666666666666,0.1,0.5
R3332,0.9406177265238869,0.07478449574760791,0.75,0.1,0.5
R3332,1.472637281163324,0.07478449574760791,0.75,0.07478449574760791,0.75
R3332,2.3055705848607913,0.07478449574760791,0.75,0.1,0.5
R3332,3.6096164274587546,0.07478449574760791,1.0,0.38,0.5833333333333334
R3332,5.651239150488556,0.07478449574760791,1.0,0.38,0.4166666666666667
R3332,8.847617074509655,0.07478449574760791,1.0,0.38,0.3333333333333333
R3332,13.85188731402163,0.07478449574760791,1.0,0.38,0.08333333333333333
R3332,21.686605618721064,0.07478449574760791,1.0,0.38,0.0
R3332,33.9526919761953,0.07478449574760791,1.0,0.38,0.0
R3332,53.1565572177533,0.07478449574760791,0.8333333333333334,0.38,0.0
R3332,83.222254577792,0.07478449574760791,0.9166666666666666,1.46,0.0
R3332,130.293307533801,0.07478449574760791,0.9166666666666666,5.62,0.0
R3332,203.9880567310155,0.07478449574760791,0.8333333333333334,5.62,0.0
R3332,319.36503936014617,0.07478449574760791,0.8333333333333334,5.62,0.0
R3332,500.0,0.07478449574760791,0.9166666666666666,5.62,0.0
R3429,0.1,0.05217092291062181,0.9166666666666666,0.1,0.8333333333333334
R3429,0.1565606557943096,0.05217092291062181,0.9166666666666666,0.1,0.8333333333333334
R3429,0.245112389427443,0.05217092291062181,0.9166666666666666,0.05217092291062181,0.9166666666666666
R3429,0.38374956432070695,0.05217092291062181,1.0,0.38,0.9166666666666666
R3429,0.6008008345083048,0.05217092291062181,1.0,0.1,0.9166666666666666
R3429,0.9406177265238869,0.05217092291062181,1.0,0.05217092291062181,1.0
R3429,1.472637281163324,0.05217092291062181,1.0,0.05217092291062181,1.0
R3429,2.3055705848607913,0.05217092291062181,1.0,0.05217092291062181,1.0
R3429,3.6096164274587546,0.05217092291062181,1.0,0.05217092291062181,1.0
R3429,5.651239150488556,0.05217092291062181,1.0,0.05217092291062181,1.0
R3429,8.847617074509655,0.05217092291062181,1.0,0.05217092291062181,1.0
R3429,13.85188731402163,0.05217092291062181,1.0,0.05217092291062181,1.0
R3429,21.686605618721064,0.05217092291062181,1.0,0.05217092291062181,1.0
R3429,33.9526919761953,0.05217092291062181,1.0,0.38,0.75
R3429,53.1565572177533,0.05217092291062181,1.0,0.38,0.16666666666666666
R3429,83.222254577792,0.05217092291062181,1.0,0.38,0.0
R3429,130.293307533801,0.05217092291062181,1.0,1.46,0.0
R3429,203.9880567310155,0.05217092291062181,1.0,1.46,0.0
R3429,319.36503936014617,0.05217092291062181,1.0,5.62,0.0
R3429,500.0,0.05217092291062181,1.0,21.5,0.0
R3515,0.1,0.1071999591382603,0.25,0.1,0.25
R3515,0.1565606557943096,0.1071999591382603,0.3333333333333333,0.1071999591382603,0.3333333333333333
R3515,0.245112389427443,0.1071999591382603,0.5,0.1,0.5
R3515,0.38374956432070695,0.1071999591382603,0.9166666666666666,0.1,0.9166666666666666
R3515,0.6008008345083048,0.1071999591382603,1.0,0.1071999591382603,1.0
R3515,0.9406177265238869,0.1071999591382603,1.0,0.1,1.0
R3515,1.472637281163324,0.1071999591382603,1.0,0.1,1.0
R3515,2.3055705848607913,0.1071999591382603,1.0,0.1,1.0
R3515,3.6096164274587546,0.1071999591382603,1.0,0.1,1.0
R3515,5.651239150488556,0.1071999591382603,1.0,0.1,1.0
R3515,8.847617074509655,0.1071999591382603,1.0,0.1,1.0
R3515,13.85188731402163,0.1071999591382603,1.0,0.1,1.0
R3515,21.686605618721064,0.1071999591382603,1.0,0.1071999591382603,1.0
R3515,33.9526919761953,0.1071999591382603,0.9166666666666666,0.38,0.75
R3515,53.1565572177533,0.1071999591382603,1.0,0.38,0.0
R3515,83.222254577792,0.1071999591382603,0.6666666666666666,0.38,0.0
R3515,130.293307533801,0.1071999591382603,0.4166666666666667,1.46,0.0
R3515,203.9880567310155,0.1071999591382603,0.3333333333333333,5.62,0.0
R3515,319.36503936014617,0.1071999591382603,0.25,21.5,0.0
R3515,500.0,0.1071999591382603,0.5,21.5,0.0
R3686,0.1,0.17632369565418615,0.75,0.38,0.4166666666666667
R3686,0.1565606557943096,0.17632369565418615,0.8333333333333334,0.38,0.4166666666666667
R3686,0.245112389427443,0.17632369565418615,0.8333333333333334,0.38,0.6666666666666666
R3686,0.38374956432070695,0.17632369565418615,0.9166666666666666,0.38,0.75
R3686,0.6008008345083048,0.17632369565418615,0.9166666666666666,0.17632369565418615,0.9166666666666666
R3686,0.9406177265238869,0.17632369565418615,1.0,0.17632369565418615,1.0
R3686,1.472637281163324,0.17632369565418615,1.0,0.38,0.9166666666666666
R3686,2.3055705848607913,0.17632369565418615,1.0,0.17632369565418615,1.0
R3686,3.6096164274587546,0.17632369565418615,1.0,0.1,1.0
R3686,5.651239150488556,0.17632369565418615,1.0,0.1,1.0
R3686,8.847617074509655,0.17632369565418615,1.0,0.17632369565418615,1.0
R3686,13.85188731402163,0.17632369565418615,1.0,0.17632369565418615,1.0
R3686,21.686605618721064,0.17632369565418615,1.0,0.17632369565418615,1.0
R3686,33.9526919761953,0.17632369565418615,1.0,0.38,0.9166666666666666
R3686,53.1565572177533,0.17632369565418615,1.0,0.38,0.25
R3686,83.222254577792,0.17632369565418615,1.0,0.38,0.0
R3686,130.293307533801,0.17632369565418615,1.0,1.46,0.0
R3686,203.9880567310155,0.17632369565418615,0.9166666666666666,5.62,0.0
R3686,319.36503936014617,0.17632369565418615,1.0,5.62,0.0
R3686,500.0,0.17632369565418615,0.75,21.5,0.0
R3724,0.1,0.17632369565418615,0.8333333333333334,0.38,0.4166666666666667
R3724,0.1565606557943096,0.17632369565418615,0.8333333333333334,0.38,0.4166666666666667
R3724,0.245112389427443,0.17632369565418615,0.8333333333333334,0.38,0.5
R3724,0.38374956432070695,0.17632369565418615,0.9166666666666666,0.38,0.6666666666666666
R3724,0.6008008345083048,0.17632369565418615,0.9166666666666666,0.17632369565418615,0.9166666666666666
R3724,0.9406177265238869,0.17632369565418615,1.0,0.17632369565418615,1.0
R3724,1.472637281163324,0.17632369565418615,1.0,0.38,0.9166666666666666
R3724,2.3055705848607913,0.17632369565418615,1.0,0.38,0.9166666666666666
R3724,3.6096164274587546,0.17632369565418615,1.0,0.17632369565418615,1.0
R3724,5.651239150488556,0.17632369565418615,1.0,0.17632369565418615,1.0
R3724,8.847617074509655,0.17632369565418615,1.0,0.17632369565418615,1.0
R3724,13.85188731402163,0.17632369565418615,1.0,0.17632369565418615,1.0
R3724,21.686605618721064,0.17632369565418615,1.0,0.17632369565418615,1.0
R3724,33.9526919761953,0.17632369565418615,1.0,0.38,0.8333333333333334
R3724,53.1565572177533,0.17632369565418615,1.0,0.38,0.16666666666666666
R3724,83.222254577792,0.17632369565418615,1.0,0.38,0.0
R3724,130.293307533801,0.17632369565418615,1.0,0.38,0.0
R3724,203.9880567310155,0.17632369565418615,1.0,1.46,0.0
R3724,319.36503936014617,0.17632369565418615,1.0,1.46,0.0
R3724,500.0,0.17632369565418615,1.0,5.62,0.0
R3761,0.1,0.2202727227757168,0.5,0.38,0.25
R3761,0.1565606557943096,0.2202727227757168,0.5833333333333334,0.38,0.3333333333333333
R3761,0.245112389427443,0.2202727227757168,0.8333333333333334,0.38,0.3333333333333333
R3761,0.38374956432070695,0.2202727227757168,0.8333333333333334,0.38,0.6666666666666666
R3761,0.6008008345083048,0.2202727227757168,0.9166666666666666,0.2202727227757168,0.9166666666666666
R3761,0.9406177265238869,0.2202727227757168,1.0,0.2202727227757168,1.0
R3761,1.472637281163324,0.2202727227757168,1.0,0.38,0.9166666666666666
R3761,2.3055705848607913,0.2202727227757168,1.0,0.1,1.0
R3761,3.6096164274587546,0.2202727227757168,1.0,0.1,1.0
R3761,5.651239150488556,0.2202727227757168,1.0,0.1,1.0
R3761,8.847617074509655,0.2202727227757168,1.0,0.1,1.0
R3761,13.85188731402163,0.2202727227757168,1.0,0.1,1.0
R3761,21.686605618721064,0.2202727227757168,1.0,0.2202727227757168,1.0
R3761,33.9526919761953,0.2202727227757168,1.0,0.2202727227757168,1.0
R3761,53.1565572177533,0.2202727227757168,1.0,0.2202727227757168,1.0
R3761,83.222254577792,0.2202727227757168,1.0,0.2202727227757168,1.0
R3761,130.293307533801,0.2202727227757168,1.0,0.38,0.4166666666666667
R3761,203.9880567310155,0.2202727227757168,1.0,0.38,0.0
R3761,319.36503936014617,0.2202727227757168,1.0,0.38,0.0
R3761,500.0,0.2202727227757168,1.0,1.46,0.0
R3870,0.1,0.059863420680005684,0.9166666666666666,0.059863420680005684,0.9166666666666666
R3870,0.1565606557943096,0.059863420680005684,0.9166666666666666,0.059863420680005684,0.9166666666666666
R3870,0.245112389427443,0.059863420680005684,0.9166666666666666,0.059863420680005684,0.9166666666666666
R3870,0.38374956432070695,0.059863420680005684,0.9166666666666666,0.059863420680005684,0.9166666666666666
R3870,0.6008008345083048,0.059863420680005684,1.0,0.38,0.9166666666666666
R3870,0.9406177265238869,0.059863420680005684,1.0,0.1,0.9166666666666666
R3870,1.472637281163324,0.059863420680005684,1.0,0.059863420680005684,1.0
R3870,2.3055705848607913,0.059863420680005684,1.0,0.059863420680005684,1.0
R3870,3.6096164274587546,0.059863420680005684,1.0,0.059863420680005684,1.0
R3870,5.651239150488556,0.059863420680005684,1.0,0.059863420680005684,1.0
R3870,8.847617074509655,0.059863420680005684,1.0,0.059863420680005684,1.0
R3870,13.85188731402163,0.059863420680005684,1.0,0.059863420680005684,1.0
R3870,21.686605618721064,0.059863420680005684,1.0,0.059863420680005684,1.0
R3870,33.9526919761953,0.059863420680005684,1.0,0.059863420680005684,1.0
R3870,53.1565572177533,0.059863420680005684,1.0,0.059863420680005684,1.0
R3870,83.222254577792,0.059863420680005684,1.0,0.059863420680005684,1.0
R3870,130.293307533801,0.059863420680005684,1.0,0.38,0.5
R3870,203.9880567310155,0.059863420680005684,0.9166666666666666,5.62,0.25
R3870,319.36503936014617,0.059863420680005684,1.0,21.5,0.0
R3870,500.0,0.059863420680005684,0.75,21.5,0.0
R3898,0.1,0.08141953168269683,0.4166666666666667,0.1,0.3333333333333333
R3898,0.1565606557943096,0.08141953168269683,0.5,0.1,0.4166666666666667
R3898,0.245112389427443,0.08141953168269683,0.75,0.1,0.5
R3898,0.38374956432070695,0.08141953168269683,0.9166666666666666,0.1,0.5
R3898,0.6008008345083048,0.08141953168269683,0.6666666666666666,0.1,0.5833333333333334
R3898,0.9406177265238869,0.08141953168269683,0.75,0.1,0.6666666666666666
R3898,1.472637281163324,0.08141953168269683,0.9166666666666666,0.38,0.5
R3898,2.3055705848607913,0.08141953168269683,0.8333333333333334,0.38,0.6666666666666666
R3898,3.6096164274587546,0.08141953168269683,1.0,0.1,0.9166666666666666
R3898,5.651239150488556,0.08141953168269683,1.0,0.38,0.5833333333333334
R3898,8.847617074509655,0.08141953168269683,0.9166666666666666,0.38,0.3333333333333333
R3898,13.85188731402163,0.08141953168269683,1.0,0.38,0.16666666666666666
R3898,21.686605618721064,0.08141953168269683,1.0,0.38,0.0
R3898,33.9526919761953,0.08141953168269683,1.0,0.38,0.0
R3898,53.1565572177533,0.08141953168269683,1.0,0.38,0.0
R3898,83.222254577792,0.08141953168269683,0.8333333333333334,1.46,0.0
R3898,130.293307533801,0.08141953168269683,0.5,1.46,0.0
R3898,203.9880567310155,0.08141953168269683,0.5833333333333334,5.62,0.0
R3898,319.36503936014617,0.08141953168269683,0.5,5.62,0.0
R3898,500.0,0.08141953168269683,0.5833333333333334,5.62,0.0
R4018,0.1,0.1071999591382603,0.5,0.38,0.0
R4018,0.1565606557943096,0.1071999591382603,0.5,0.38,0.08333333333333333
R4018,0.245112389427443,0.1071999591382603,0.5,0.38,0.3333333333333333
R4018,0.38374956432070695,0.1071999591382603,0.5833333333333334,0.1,0.5833333333333334
R4018,0.6008008345083048,0.1071999591382603,0.8333333333333334,0.1,0.8333333333333334
R4018,0.9406177265238869,0.1071999591382603,0.75,0.38,0.6666666666666666
R4018,1.472637281163324,0.1071999591382603,0.8333333333333334,0.1071999591382603,0.8333333333333334
R4018,2.3055705848607913,0.1071999591382603,1.0,0.38,0.9166666666666666
R4018,3.6096164274587546,0.1071999591382603,1.0,0.38,0.9166666666666666
R4018,5.651239150488556,0.1071999591382603,1.0,0.38,0.8333333333333334
R4018,8.847617074509655,0.1071999591382603,1.0,0.38,0.5833333333333334
R4018,13.85188731402163,0.1071999591382603,1.0,0.38,0.08333333333333333
R4018,21.686605618721064,0.1071999591382603,1.0,0.38,0.25
R4018,33.9526919761953,0.1071999591382603,1.0,0.38,0.0
R4018,53.1565572177533,0.1071999591382603,1.0,0.38,0.0
R4018,83.222254577792,0.1071999591382603,0.75,1.46,0.0
R4018,130.293307533801,0.1071999591382603,0.6666666666666666,1.46,0.0
R4018,203.9880567310155,0.1071999591382603,0.5833333333333334,5.62,0.0
R4018,319.36503936014617,0.1071999591382603,0.6666666666666666,5.62,0.0
R4018,500.0,0.1071999591382603,0.6666666666666666,21.5,0.0
R4075,0.1,0.05217092291062181,0.75,0.38,0.16666666666666666
R4075,0.1565606557943096,0.05217092291062181,0.75,0.38,0.25
R4075,0.245112389427443,0.05217092291062181,0.75,0.38,0.5
R4075,0.38374956432070695,0.05217092291062181,0.9166666666666666,0.1,0.5833333333333334
R4075,0.6008008345083048,0.05217092291062181,0.9166666666666666,0.1,0.6666666666666666
R4075,0.9406177265238869,0.05217092291062181,1.0,0.38,0.5
R4075,1.472637281163324,0.05217092291062181,1.0,0.38,0.75
R4075,2.3055705848607913,0.05217092291062181,1.0,0.1,0.5
R4075,3.6096164274587546,0.05217092291062181,1.0,0.1,0.6666666666666666
R4075,5.651239150488556,0.05217092291062181,1.0,0.1,0.3333333333333333
R4075,8.847617074509655,0.05217092291062181,1.0,0.1,0.25
R4075,13.85188731402163,0.05217092291062181,1.0,0.38,0.08333333333333333
R4075,21.686605618721064,0.05217092291062181,1.0,0.38,0.0
R4075,33.9526919761953,0.05217092291062181,1.0,0.38,0.0
R4075,53.1565572177533,0.05217092291062181,1.0,0.38,0.0
R4075,83.222254577792,0.05217092291062181,1.0,1.46,0.0
R4075,130.293307533801,0.05217092291062181,0.75,1.46,0.0
R4075,203.9880567310155,0.05217092291062181,0.5833333333333334,5.62,0.0
R4075,319.36503936014617,0.05217092291062181,0.8333333333333334,21.5,0.0
R4075,500.0,0.05217092291062181,0.5833333333333334,21.5,0.0
R4215,0.1,0.05217092291062181,1.0,0.05217092291062181,1.0
R4215,0.1565606557943096,0.05217092291062181,1.0,0.05217092291062181,1.0
R4215,0.245112389427443,0.05217092291062181,1.0,0.05217092291062181,1.0
R4215,0.38374956432070695,0.05217092291062181,1.0,0.05217092291062181,1.0
R4215,0.6008008345083048,0.05217092291062181,1.0,0.05217092291062181,1.0
R4215,0.9406177265238869,0.05217092291062181,1.0,0.05217092291062181,1.0
R4215,1.472637281163324,0.05217092291062181,1.0,0.05217092291062181,1.0
R4215,2.3055705848607913,0.05217092291062181,1.0,0.05217092291062181,1.0
R4215,3.6096164274587546,0.05217092291062181,1.0,0.05217092291062181,1.0
R4215,5.651239150488556,0.05217092291062181,1.0,0.05217092291062181,1.0
R4215,8.847617074509655,0.05217092291062181,1.0,0.05217092291062181,1.0
R4215,13.85188731402163,0.05217092291062181,1.0,0.05217092291062181,1.0
R4215,21.686605618721064,0.05217092291062181,1.0,0.1,0.75
R4215,33.9526919761953,0.05217092291062181,1.0,0.38,0.3333333333333333
R4215,53.1565572177533,0.05217092291062181,1.0,0.38,0.0
R4215,83.222254577792,0.05217092291062181,1.0,0.38,0.0
R4215,130.293307533801,0.05217092291062181,1.0,1.46,0.0
R4215,203.9880567310155,0.05217092291062181,0.9166666666666666,1.46,0.0
R4215,319.36503936014617,0.05217092291062181,1.0,5.62,0.0
R4215,500.0,0.05217092291062181,0.9166666666666666,21.5,0.0
R4332,0.1,0.1,0.4166666666666667,0.1,0.4166666666666667
R4332,0.1565606557943096,0.1,0.6666666666666666,0.1,0.6666666666666666
R4332,0.245112389427443,0.1,0.8333333333333334,0.1,0.8333333333333334
R4332,0.38374956432070695,0.1,0.6666666666666666,0.1,0.6666666666666666
R4332,0.6008008345083048,0.1,0.75,0.38,0.6666666666666666
R4332,0.9406177265238869,0.1,0.8333333333333334,0.38,0.75
R4332,1.472637281163324,0.1,0.9166666666666666,0.38,0.8333333333333334
R4332,2.3055705848607913,0.1,0.9166666666666666,0.38,0.6666666666666666
R4332,3.6096164274587546,0.1,0.8333333333333334,0.1,0.8333333333333334
R4332,5.651239150488556,0.1,1.0,0.38,0.5
R4332,8.847617074509655,0.1,1.0,0.38,0.3333333333333333
R4332,13.85188731402163,0.1,0.9166666666666666,0.38,0.16666666666666666
R4332,21.686605618721064,0.1,1.0,0.38,0.0
R4332,33.9526919761953,0.1,0.9166666666666666,0.38,0.0
R4332,53.1565572177533,0.1,0.6666666666666666,0.38,0.0
R4332,83.222254577792,0.1,0.6666666666666666,1.46,0.0
R4332,130.293307533801,0.1,0.5833333333333334,5.62,0.0
R4332,203.9880567310155,0.1,0.5,5.62,0.0
R4332,319.36503936014617,0.1,0.4166666666666667,5.62,0.0
R4332,500.0,0.1,0.5833333333333334,21.5,0.0
R4401,0.1,0.05217092291062181,1.0,0.05217092291062181,1.0
R4401,0.1565606557943096,0.05217092291062181,1.0,0.05217092291062181,1.0
R4401,0.245112389427443,0.05217092291062181,1.0,0.05217092291062181,1.0
R4401,0.38374956432070695,0.05217092291062181,1.0,0.05217092291062181,1.0
R4401,0.6008008345083048,0.05217092291062181,1.0,0.05217092291062181,1.0
R4401,0.9406177265238869,0.05217092291062181,1.0,0.05217092291062181,1.0
R4401,1.472637281163324,0.05217092291062181,1.0,0.05217092291062181,1.0
R4401,2.3055705848607913,0.05217092291062181,1.0,0.05217092291062181,1.0
R4401,3.6096164274587546,0.05217092291062181,1.0,0.05217092291062181,1.0
R4401,5.651239150488556,0.05217092291062181,1.0,0.05217092291062181,1.0
R4401,8.847617074509655,0.05217092291062181,1.0,0.05217092291062181,1.0
R4401,13.85188731402163,0.05217092291062181,1.0,0.05217092291062181,1.0
R4401,21.686605618721064,0.05217092291062181,1.0,0.1,0.8333333333333334
R4401,33.9526919761953,0.05217092291062181,1.0,0.38,0.16666666666666666
R4401,53.1565572177533,0.05217092291062181,1.0,0.38,0.0
R4401,83.222254577792,0.05217092291062181,1.0,0.38,0.0
R4401,130.293307533801,0.05217092291062181,1.0,1.46,0.0
R4401,203.9880567310155,0.05217092291062181,1.0,1.46,0.0
R4401,319.36503936014617,0.05217092291062181,1.0,5.62,0.0
R4401,500.0,0.05217092291062181,1.0,5.62,0.0
R4493,0.1,0.05217092291062181,1.0,0.05217092291062181,1.0
R4493,0.1565606557943096,0.05217092291062181,1.0,0.05217092291062181,1.0
R4493,0.245112389427443,0.05217092291062181,1.0,0.05217092291062181,1.0
R4493,0.38374956432070695,0.05217092291062181,1.0,0.05217092291062181,1.0
R4493,0.6008008345083048,0.05217092291062181,1.0,0.05217092291062181,1.0
R4493,0.9406177265238869,0.05217092291062181,1.0,0.05217092291062181,1.0
R4493,1.472637281163324,0.05217092291062181,1.0,0.05217092291062181,1.0
R4493,2.3055705848607913,0.05217092291062181,1.0,0.05217092291062181,1.0
R4493,3.6096164274587546,0.05217092291062181,1.0,0.05217092291062181,1.0
R4493,5.651239150488556,0.05217092291062181,1.0,0.05217092291062181,1.0
R4493,8.847617074509655,0.05217092291062181,1.0,0.05217092291062181,1.0
R4493,13.85188731402163,0.05217092291062181,1.0,0.38,0.75
R4493,21.686605618721064,0.05217092291062181,1.0,0.38,0.5833333333333334
R4493,33.9526919761953,0.05217092291062181,1.0,0.38,0.08333333333333333
R4493,53.1565572177533,0.05217092291062181,1.0,0.38,0.0
R4493,83.222254577792,0.05217092291062181,1.0,0.38,0.0
R4493,130.293307533801,0.05217092291062181,1.0,1.46,0.0
R4493,203.9880567310155,0.05217092291062181,1.0,1.46,0.0
R4493,319.36503936014617,0.05217092291062181,1.0,21.5,0.0
R4493,500.0,0.05217092291062181,1.0,5.62,0.0
R4538,0.1,0.05217092291062181,1.0,0.38,0.75
R4538,0.1565606557943096,0.05217092291062181,1.0,0.38,0.8333333333333334
R4538,0.245112389427443,0.05217092291062181,1.0,0.05217092291062181,1.0
R4538,0.38374956432070695,0.05217092291062181,1.0,0.05217092291062181,1.0
R4538,0.6008008345083048,0.05217092291062181,1.0,0.1,0.9166666666666666
R4538,0.9406177265238869,0.05217092291062181,1.0,0.1,0.9166666666666666
R4538,1.472637281163324,0.05217092291062181,1.0,0.05217092291062181,1.0
R4538,2.3055705848607913,0.05217092291062181,1.0,0.05217092291062181,1.0
R4538,3.6096164274587546,0.05217092291062181,1.0,0.05217092291062181,1.0
R4538,5.651239150488556,0.05217092291062181,1.0,0.1,0.9166666666666666
R4538,8.847617074509655,0.05217092291062181,1.0,0.1,0.75
R4538,13.85188731402163,0.05217092291062181,1.0,0.1,0.75
R4538,21.686605618721064,0.05217092291062181,1.0,0.1,0.08333333333333333
R4538,33.9526919761953,0.05217092291062181,1.0,0.38,0.0
R4538,53.1565572177533,0.05217092291062181,1.0,0.38,0.0
R4538,83.222254577792,0.05217092291062181,1.0,0.38,0.0
R4538,130.293307533801,0.05217092291062181,1.0,0.38,0.0
R4538,203.9880567310155,0.05217092291062181,1.0,0.38,0.0
R4538,319.36503936014617,0.05217092291062181,1.0,1.46,0.0
R4538,500.0,0.05217092291062181,1.0,1.46,0.0
R4693,0.1,0.05217092291062181,1.0,0.05217092291062181,1.0
R4693,0.1565606557943096,0.05217092291062181,1.0,0.05217092291062181,1.0
R4693,0.245112389427443,0.05217092291062181,1.0,0.05217092291062181,1.0
R4693,0.38374956432070695,0.05217092291062181,1.0,0.05217092291062181,1.0
R4693,0.6008008345083048,0.05217092291062181,1.0,0.05217092291062181,1.0
R4693,0.9406177265238869,0.05217092291062181,1.0,0.05217092291062181,1.0
R4693,1.472637281163324,0.05217092291062181,1.0,0.05217092291062181,1.0
R4693,2.3055705848607913,0.05217092291062181,1.0,0.05217092291062181,1.0
R4693,3.6096164274587546,0.05217092291062181,1.0,0.1,0.8333333333333334
R4693,5.651239150488556,0.05217092291062181,1.0,0.1,0.5833333333333334
R4693,8.847617074509655,0.05217092291062181,1.0,0.1,0.6666666666666666
R4693,13.85188731402163,0.05217092291062181,1.0,0.1,0.25
R4693,21.686605618721064,0.05217092291062181,1.0,0.1,0.16666666666666666
R4693,33.9526919761953,0.05217092291062181,1.0,0.38,0.0
R4693,53.1565572177533,0.05217092291062181,1.0,0.38,0.0
R4693,83.222254577792,0.05217092291062181,1.0,0.38,0.0
R4693,130.293307533801,0.05217092291062181,1.0,0.38,0.0
R4693,203.9880567310155,0.05217092291062181,1.0,0.38,0.0
R4693,319.36503936014617,0.05217092291062181,1.0,0.38,0.0
R4693,500.0,0.05217092291062181,1.0,0.38,0.0
R4780,0.1,0.1071999591382603,0.3333333333333333,1.46,0.16666666666666666
R4780,0.1565606557943096,0.1071999591382603,0.4166666666666667,1.46,0.16666666666666666
R4780,0.245112389427443,0.1071999591382603,0.3333333333333333,0.38,0.16666666666666666
R4780,0.38374956432070695,0.1071999591382603,0.5833333333333334,0.38,0.16666666666666666
R4780,0.6008008345083048,0.1071999591382603,0.6666666666666666,0.1,0.6666666666666666
R4780,0.9406177265238869,0.1071999591382603,0.8333333333333334,0.38,0.5833333333333334
R4780,1.472637281163324,0.1071999591382603,0.8333333333333334,0.38,0.6666666666666666
R4780,2.3055705848607913,0.1071999591382603,0.9166666666666666,0.38,0.75
R4780,3.6096164274587546,0.1071999591382603,0.8333333333333334,0.38,0.6666666666666666
R4780,5.651239150488556,0.1071999591382603,1.0,0.38,0.9166666666666666
R4780,8.847617074509655,0.1071999591382603,1.0,0.38,0.8333333333333334
R4780,13.85188731402163,0.1071999591382603,1.0,0.38,0.5833333333333334
R4780,21.686605618721064,0.1071999591382603,1.0,0.38,0.08333333333333333
R4780,33.9526919761953,0.1071999591382603,1.0,0.38,0.08333333333333333
R4780,53.1565572177533,0.1071999591382603,1.0,0.38,0.0
R4780,83.222254577792,0.1071999591382603,1.0,0.38,0.0
R4780,130.293307533801,0.1071999591382603,1.0,5.62,0.0
R4780,203.9880567310155,0.1071999591382603,1.0,5.62,0.0
R4780,319.36503936014617,0.1071999591382603,1.0,5.62,0.0
R4780,500.0,0.1071999591382603,1.0,5.62,0.0
R4812,0.1,0.05217092291062181,1.0,0.05217092291062181,1.0
R4812,0.1565606557943096,0.05217092291062181,1.0,0.05217092291062181,1.0
R4812,0.245112389427443,0.05217092291062181,1.0,0.05217092291062181,1.0
R4812,0.38374956432070695,0.05217092291062181,1.0,0.05217092291062181,1.0
R4812,0.6008008345083048,0.05217092291062181,1.0,0.05217092291062181,1.0
R4812,0.9406177265238869,0.05217092291062181,1.0,0.05217092291062181,1.0
R4812,1.472637281163324,0.05217092291062181,1.0,0.05217092291062181,1.0
R4812,2.3055705848607913,0.05217092291062181,1.0,0.05217092291062181,1.0
R4812,3.6096164274587546,0.05217092291062181,1.0,0.05217092291062181,1.0
R4812,5.651239150488556,0.05217092291062181,1.0,0.05217092291062181,1.0
R4812,8.847617074509655,0.05217092291062181,1.0,0.05217092291062181,1.0
R4812,13.85188731402163,0.05217092291062181,1.0,0.05217092291062181,1.0
R4812,21.686605618721064,0.05217092291062181,1.0,0.05217092291062181,1.0
R4812,33.9526919761953,0.05217092291062181,1.0,0.05217092291062181,1.0
R4812,53.1565572177533,0.05217092291062181,1.0,0.38,0.6666666666666666
R4812,83.222254577792,0.05217092291062181,1.0,5.62,0.16666666666666666
R4812,130.293307533801,0.05217092291062181,0.75,21.5,0.08333333333333333
R4812,203.9880567310155,0.05217092291062181,0.9166666666666666,21.5,0.0
R4812,319.36503936014617,0.05217092291062181,0.9166666666666666,21.5,0.0
R4812,500.0,0.05217092291062181,0.6666666666666666,21.5,0.0
R4853,0.1,0.05217092291062181,1.0,0.38,0.9166666666666666
R4853,0.1565606557943096,0.05217092291062181,1.0,0.38,0.9166666666666666
R4853,0.245112389427443,0.05217092291062181,1.0,0.38,0.9166666666666666
R4853,0.38374956432070695,0.05217092291062181,1.0,0.38,0.9166666666666666
R4853,0.6008008345083048,0.05217092291062181,1.0,0.38,0.9166666666666666
R4853,0.9406177265238869,0.05217092291062181,1.0,0.38,0.9166666666666666
R4853,1.472637281163324,0.05217092291062181,1.0,0.05217092291062181,1.0
R4853,2.3055705848607913,0.05217092291062181,1.0,0.05217092291062181,1.0
R4853,3.6096164274587546,0.05217092291062181,1.0,0.05217092291062181,1.0
R4853,5.651239150488556,0.05217092291062181,1.0,0.05217092291062181,1.0
R4853,8.847617074509655,0.05217092291062181,1.0,0.05217092291062181,1.0
R4853,13.85188731402163,0.05217092291062181,1.0,0.05217092291062181,1.0
R4853,21.686605618721064,0.05217092291062181,1.0,0.05217092291062181,1.0
R4853,33.9526919761953,0.05217092291062181,1.0,0.38,0.6666666666666666
R4853,53.1565572177533,0.05217092291062181,1.0,0.38,0.16666666666666666
R4853,83.222254577792,0.05217092291062181,1.0,0.38,0.08333333333333333
R4853,130.293307533801,0.05217092291062181,1.0,1.46,0.0
R4853,203.9880567310155,0.05217092291062181,1.0,5.62,0.0
R4853,319.36503936014617,0.05217092291062181,1.0,5.62,0.0
R4853,500.0,0.05217092291062181,1.0,21.5,0.0
R4935,0.1,0.11671096237512012,0.8333333333333334,0.38,0.3333333333333333
R4935,0.1565606557943096,0.11671096237512012,0.9166666666666666,0.38,0.4166666666666667
R4935,0.245112389427443,0.11671096237512012,0.9166666666666666,0.38,0.6666666666666666
R4935,0.38374956432070695,0.11671096237512012,0.9166666666666666,0.38,0.8333333333333334
R4935,0.6008008345083048,0.11671096237512012,1.0,0.1,1.0
R4935,0.9406177265238869,0.11671096237512012,1.0,0.38,0.9166666666666666
R4935,1.472637281163324,0.11671096237512012,1.0,0.11671096237512012,1.0
R4935,2.3055705848607913,0.11671096237512012,1.0,0.1,1.0
R4935,3.6096164274587546,0.11671096237512012,1.0,0.1,1.0
R4935,5.651239150488556,0.11671096237512012,1.0,0.1,1.0
R4935,8.847617074509655,0.11671096237512012,1.0,0.1,1.0
R4935,13.85188731402163,0.11671096237512012,1.0,0.11671096237512012,1.0
R4935,21.686605618721064,0.11671096237512012,1.0,0.38,0.6666666666666666
R4935,33.9526919761953,0.11671096237512012,1.0,0.38,0.3333333333333333
R4935,53.1565572177533,0.11671096237512012,1.0,0.38,0.0
R4935,83.222254577792,0.11671096237512012,1.0,0.38,0.0
R4935,130.293307533801,0.11671096237512012,1.0,1.46,0.0
R4935,203.9880567310155,0.11671096237512012,1.0,5.62,0.0
R4935,319.36503936014617,0.11671096237512012,1.0,5.62,0.0
R4935,500.0,0.11671096237512012,1.0,5.62,0.0
R4968,0.1,0.05217092291062181,1.0,0.1,0.9166666666666666
R4968,0.1565606557943096,0.05217092291062181,1.0,0.1,0.9166666666666666
R4968,0.245112389427443,0.05217092291062181,1.0,0.05217092291062181,1.0
R4968,0.38374956432070695,0.05217092291062181,1.0,0.05217092291062181,1.0
R4968,0.6008008345083048,0.05217092291062181,1.0,0.05217092291062181,1.0
R4968,0.9406177265238869,0.05217092291062181,1.0,0.05217092291062181,1.0
R4968,1.472637281163324,0.05217092291062181,1.0,0.05217092291062181,1.0
R4968,2.3055705848607913,0.05217092291062181,1.0,0.05217092291062181,1.0
R4968,3.6096164274587546,0.05217092291062181,1.0,0.05217092291062181,1.0
R4968,5.651239150488556,0.05217092291062181,1.0,0.05217092291062181,1.0
R4968,8.847617074509655,0.05217092291062181,1.0,0.1,0.9166666666666666
R4968,13.85188731402163,0.05217092291062181,1.0,0.1,0.5
R4968,21.686605618721064,0.05217092291062181,1.0,0.1,0.16666666666666666
R4968,33.9526919761953,0.05217092291062181,1.0,0.38,0.08333333333333333
R4968,53.1565572177533,0.05217092291062181,1.0,0.38,0.0
R4968,83.222254577792,0.05217092291062181,1.0,0.38,0.0
R4968,130.293307533801,0.05217092291062181,1.0,0.38,0.0
R4968,203.9880567310155,0.05217092291062181,1.0,0.38,0.0
R4968,319.36503936014617,0.05217092291062181,1.0,1.46,0.0
R4968,500.0,0.05217092291062181,1.0,1.46,0.0
R4987,0.1,0.11671096237512012,0.9166666666666666,0.38,0.6666666666666666
R4987,0.1565606557943096,0.11671096237512012,0.9166666666666666,0.38,0.75
R4987,0.245112389427443,0.11671096237512012,0.9166666666666666,0.38,0.75
R4987,0.38374956432070695,0.11671096237512012,1.0,0.38,0.8333333333333334
R4987,0.6008008345083048,0.11671096237512012,1.0,0.38,0.9166666666666666
R4987,0.9406177265238869,0.11671096237512012,1.0,0.1,1.0
R4987,1.472637281163324,0.11671096237512012,1.0,0.38,0.9166666666666666
R4987,2.3055705848607913,0.11671096237512012,1.0,0.11671096237512012,1.0
R4987,3.6096164274587546,0.11671096237512012,1.0,0.1,1.0
R4987,5.651239150488556,0.11671096237512012,1.0,0.1,1.0
R4987,8.847617074509655,0.11671096237512012,1.0,0.11671096237512012,1.0
R4987,13.85188731402163,0.11671096237512012,1.0,0.11671096237512012,1.0
R4987,21.686605618721064,0.11671096237512012,1.0,0.38,0.6666666666666666
R4987,33.9526919761953,0.11671096237512012,1.0,0.38,0.08333333333333333
R4987,53.1565572177533,0.11671096237512012,1.0,0.38,0.0
R4987,83.222254577792,0.11671096237512012,1.0,0.38,0.0
R4987,130.293307533801,0.11671096237512012,1.0,1.46,0.0
R4987,203.9880567310155,0.11671096237512012,1.0,1.46,0.0
R4987,319.36503936014617,0.11671096237512012,1.0,1.46,0.0
R4987,500.0,0.11671096237512012,1.0,5.62,0.0
R5026,0.1,0.05217092291062181,1.0,0.38,0.5833333333333334
R5026,0.1565606557943096,0.05217092291062181,1.0,0.38,0.5833333333333334
R5026,0.245112389427443,0.05217092291062181,1.0,0.38,0.5833333333333334
R5026,0.38374956432070695,0.05217092291062181,1.0,0.38,0.5833333333333334
R5026,0.6008008345083048,0.05217092291062181,1.0,0.1,0.9166666666666666
R5026,0.9406177265238869,0.05217092291062181,1.0,0.05217092291062181,1.0
R5026,1.472637281163324,0.05217092291062181,1.0,0.1,0.9166666666666666
R5026,2.3055705848607913,0.05217092291062181,1.0,0.05217092291062181,1.0
R5026,3.6096164274587546,0.05217092291062181,1.0,0.05217092291062181,1.0
R5026,5.651239150488556,0.05217092291062181,1.0,0.1,0.8333333333333334
R5026,8.847617074509655,0.05217092291062181,1.0,0.38,0.8333333333333334
R5026,13.85188731402163,0.05217092291062181,1.0,0.1,0.4166666666666667
R5026,21.686605618721064,0.05217092291062181,1.0,0.38,0.16666666666666666
R5026,33.9526919761953,0.05217092291062181,1.0,0.38,0.0
R5026,53.1565572177533,0.05217092291062181,1.0,0.38,0.0
R5026,83.222254577792,0.05217092291062181,1.0,0.38,0.0
R5026,130.293307533801,0.05217092291062181,1.0,0.38,0.0
R5026,203.9880567310155,0.05217092291062181,1.0,1.46,0.0
R5026,319.36503936014617,0.05217092291062181,1.0,1.46,0.0
R5026,500.0,0.05217092291062181,1.0,1.46,0.0
R5063,0.1,0.059863420680005684,1.0,0.38,0.5
R5063,0.1565606557943096,0.059863420680005684,1.0,0.38,0.5
R5063,0.245112389427443,0.059863420680005684,1.0,0.1,0.5
R5063,0.38374956432070695,0.059863420680005684,1.0,0.1,0.6666666666666666
R5063,0.6008008345083048,0.059863420680005684,1.0,0.1,0.5833333333333334
R5063,0.9406177265238869,0.059863420680005684,1.0,0.1,0.5833333333333334
R5063,1.472637281163324,0.059863420680005684,1.0,0.1,0.8333333333333334
R5063,2.3055705848607913,0.059863420680005684,1.0,0.1,0.5
R5063,3.6096164274587546,0.059863420680005684,1.0,0.1,0.5
R5063,5.651239150488556,0.059863420680005684,1.0,0.1,0.4166666666666667
R5063,8.847617074509655,0.059863420680005684,1.0,0.1,0.5
R5063,13.85188731402163,0.059863420680005684,1.0,0.1,0.08333333333333333
R5063,21.686605618721064,0.059863420680005684,1.0,0.38,0.08333333333333333
R5063,33.9526919761953,0.059863420680005684,1.0,0.38,0.0
R5063,53.1565572177533,0.059863420680005684,1.0,0.38,0.0
R5063,83.222254577792,0.059863420680005684,1.0,0.38,0.0
R5063,130.293307533801,0.059863420680005684,1.0,0.38,0.0
R5063,203.9880567310155,0.059863420680005684,1.0,0.38,0.0
R5063,319.36503936014617,0.059863420680005684,1.0,0.38,0.0
R5063,500.0,0.059863420680005684,1.0,0.38,0.0
R5227,0.1,0.056799635651388014,0.25,1.46,0.0
R5227,0.1565606557943096,0.056799635651388014,0.3333333333333333,0.1,0.0
R5227,0.245112389427443,0.056799635651388014,0.5,0.1,0.4166666666666667
R5227,0.38374956432070695,0.056799635651388014,0.9166666666666666,0.1,0.3333333333333333
R5227,0.6008008345083048,0.056799635651388014,0.9166666666666666,0.1,0.3333333333333333
R5227,0.9406177265238869,0.056799635651388014,0.9166666666666666,0.1,0.5
R5227,1.472637281163324,0.056799635651388014,1.0,0.1,0.4166666666666667
R5227,2.3055705848607913,0.056799635651388014,1.0,0.1,0.4166666666666667
R5227,3.6096164274587546,0.056799635651388014,1.0,0.1,0.4166666666666667
R5227,5.651239150488556,0.056799635651388014,1.0,0.1,0.16666666666666666
R5227,8.847617074509655,0.056799635651388014,1.0,0.38,0.0
R5227,13.85188731402163,0.056799635651388014,1.0,0.38,0.0
R5227,21.686605618721064,0.056799635651388014,1.0,0.38,0.0
R5227,33.9526919761953,0.056799635651388014,1.0,0.38,0.0
R5227,53.1565572177533,0.056799635651388014,1.0,1.46,0.0
R5227,83.222254577792,0.056799635651388014,1.0,1.46,0.0
R5227,130.293307533801,0.056799635651388014,1.0,1.46,0.0
R5227,203.9880567310155,0.056799635651388014,1.0,5.62,0.0
R5227,319.36503936014617,0.056799635651388014,1.0,5.62,0.0
R5227,500.0,0.056799635651388014,0.9166666666666666,5.62,0.0
R5525,0.1,0.05217092291062181,1.0,0.38,0.9166666666666666
R5525,0.1565606557943096,0.05217092291062181,1.0,0.38,0.9166666666666666
R5525,0.245112389427443,0.05217092291062181,1.0,0.38,0.9166666666666666
R5525,0.38374956432070695,0.05217092291062181,1.0,0.05217092291062181,1.0
R5525,0.6008008345083048,0.05217092291062181,1.0,0.05217092291062181,1.0
R5525,0.9406177265238869,0.05217092291062181,1.0,0.05217092291062181,1.0
R5525,1.472637281163324,0.05217092291062181,1.0,0.05217092291062181,1.0
R5525,2.3055705848607913,0.05217092291062181,1.0,0.05217092291062181,1.0
R5525,3.6096164274587546,0.05217092291062181,1.0,0.05217092291062181,1.0
R5525,5.651239150488556,0.05217092291062181,1.0,0.05217092291062181,1.0
R5525,8.847617074509655,0.05217092291062181,1.0,0.05217092291062181,1.0
R5525,13.85188731402163,0.05217092291062181,1.0,0.05217092291062181,1.0
R5525,21.686605618721064,0.05217092291062181,1.0,0.05217092291062181,1.0
R5525,33.9526919761953,0.05217092291062181,1.0,0.05217092291062181,1.0
R5525,53.1565572177533,0.05217092291062181,1.0,0.05217092291062181,1.0
R5525,83.222254577792,0.05217092291062181,1.0,0.38,0.6666666666666666
R5525,130.293307533801,0.05217092291062181,1.0,0.38,0.16666666666666666
R5525,203.9880567310155,0.05217092291062181,1.0,0.38,0.08333333333333333
R5525,319.36503936014617,0.05217092291062181,1.0,5.62,0.0
R5525,500.0,0.05217092291062181,1.0,21.5,0.0
R5585,0.1,0.11671096237512012,0.08333333333333333,0.38,0.0
R5585,0.1565606557943096,0.11671096237512012,0.08333333333333333,1.46,0.0
R5585,0.245112389427443,0.11671096237512012,0.08333333333333333,0.38,0.0
R5585,0.38374956432070695,0.11671096237512012,0.16666666666666666,1.46,0.08333333333333333
R5585,0.6008008345083048,0.11671096237512012,0.25,0.1,0.16666666666666666
R5585,0.9406177265238869,0.11671096237512012,0.4166666666666667,0.1,0.3333333333333333
R5585,1.472637281163324,0.11671096237512012,0.5833333333333334,0.38,0.3333333333333333
R5585,2.3055705848607913,0.11671096237512012,0.75,0.11671096237512012,0.75
R5585,3.6096164274587546,0.11671096237512012,0.6666666666666666,0.38,0.5
R5585,5.651239150488556,0.11671096237512012,0.8333333333333334,0.11671096237512012,0.8333333333333334
R5585,8.847617074509655,0.11671096237512012,1.0,0.38,0.75
R5585,13.85188731402163,0.11671096237512012,0.9166666666666666,0.38,0.5833333333333334
R5585,21.686605618721064,0.11671096237512012,0.9166666666666666,0.38,0.25
R5585,33.9526919761953,0.11671096237512012,0.9166666666666666,0.38,0.0
R5585,53.1565572177533,0.11671096237512012,0.9166666666666666,1.46,0.0
R5585,83.222254577792,0.11671096237512012,0.75,1.46,0.0
R5585,130.293307533801,0.11671096237512012,0.5,5.62,0.0
R5585,203.9880567310155,0.11671096237512012,0.6666666666666666,5.62,0.0
R5585,319.36503936014617,0.11671096237512012,0.5833333333333334,5.62,0.0
R5585,500.0,0.11671096237512012,0.75,21.5,0.0
R5654,0.1,0.09342467805372084,0.3333333333333333,0.38,0.0
R5654,0.1565606557943096,0.09342467805372084,0.3333333333333333,0.38,0.25
R5654,0.245112389427443,0.09342467805372084,0.6666666666666666,0.09342467805372084,0.6666666666666666
R5654,0.38374956432070695,0.09342467805372084,0.6666666666666666,0.09342467805372084,0.6666666666666666
R5654,0.6008008345083048,0.09342467805372084,0.8333333333333334,0.09342467805372084,0.8333333333333334
R5654,0.9406177265238869,0.09342467805372084,0.8333333333333334,0.38,0.6666666666666666
R5654,1.472637281163324,0.09342467805372084,0.8333333333333334,0.38,0.5
R5654,2.3055705848607913,0.09342467805372084,0.9166666666666666,0.38,0.3333333333333333
R5654,3.6096164274587546,0.09342467805372084,1.0,0.38,0.5
R5654,5.651239150488556,0.09342467805372084,1.0,0.38,0.5
R5654,8.847617074509655,0.09342467805372084,1.0,0.38,0.5
R5654,13.85188731402163,0.09342467805372084,1.0,0.38,0.25
R5654,21.686605618721064,0.09342467805372084,1.0,0.38,0.0
R5654,33.9526919761953,0.09342467805372084,1.0,0.38,0.0
R5654,53.1565572177533,0.09342467805372084,1.0,0.38,0.0
R5654,83.222254577792,0.09342467805372084,0.8333333333333334,1.46,0.0
R5654,130.293307533801,0.09342467805372084,0.6666666666666666,5.62,0.0
R5654,203.9880567310155,0.09342467805372084,0.6666666666666666,5.62,0.0
R5654,319.36503936014617,0.09342467805372084,0.6666666666666666,5.62,0.0
R5654,500.0,0.09342467805372084,0.8333333333333334,21.5,0.0
R5805,0.1,0.05498503414055574,0.9166666666666666,0.38,0.16666666666666666
R5805,0.1565606557943096,0.05498503414055574,1.0,0.38,0.16666666666666666
R5805,0.245112389427443,0.05498503414055574,1.0,0.38,0.16666666666666666
R5805,0.38374956432070695,0.05498503414055574,1.0,0.38,0.3333333333333333
R5805,0.6008008345083048,0.05498503414055574,1.0,0.1,0.5
R5805,0.9406177265238869,0.05498503414055574,1.0,0.1,0.5
R5805,1.472637281163324,0.05498503414055574,1.0,0.1,0.4166666666666667
R5805,2.3055705848607913,0.05498503414055574,1.0,0.1,0.6666666666666666
R5805,3.6096164274587546,0.05498503414055574,1.0,0.1,0.9166666666666666
R5805,5.651239150488556,0.05498503414055574,1.0,0.1,0.8333333333333334
R5805,8.847617074509655,0.05498503414055574,1.0,0.1,0.3333333333333333
R5805,13.85188731402163,0.05498503414055574,1.0,0.1,0.08333333333333333
R5805,21.686605618721064,0.05498503414055574,1.0,0.38,0.0
R5805,33.9526919761953,0.05498503414055574,1.0,0.38,0.0
R5805,53.1565572177533,0.05498503414055574,1.0,0.38,0.0
R5805,83.222254577792,0.05498503414055574,1.0,0.38,0.0
R5805,130.293307533801,0.05498503414055574,1.0,0.38,0.0
R5805,203.9880567310155,0.05498503414055574,1.0,0.38,0.0
R5805,319.36503936014617,0.05498503414055574,1.0,0.38,0.0
R5805,500.0,0.05498503414055574,1.0,1.46,0.0
R5852,0.1,0.059863420680005684,1.0,0.38,0.9166666666666666
R5852,0.1565606557943096,0.059863420680005684,1.0,0.38,0.9166666666666666
R5852,0.245112389427443,0.059863420680005684,1.0,0.1,0.9166666666666666
R5852,0.38374956432070695,0.059863420680005684,1.0,0.059863420680005684,1.0
R5852,0.6008008345083048,0.059863420680005684,1.0,0.059863420680005684,1.0
R5852,0.9406177265238869,0.059863420680005684,1.0,0.059863420680005684,1.0
R5852,1.472637281163324,0.059863420680005684,1.0,0.059863420680005684,1.0
R5852,2.3055705848607913,0.059863420680005684,1.0,0.059863420680005684,1.0
R5852,3.6096164274587546,0.059863420680005684,1.0,0.1,0.75
R5852,5.651239150488556,0.059863420680005684,1.0,0.1,0.8333333333333334
R5852,8.847617074509655,0.059863420680005684,1.0,0.38,0.5833333333333334
R5852,13.85188731402163,0.059863420680005684,1.0,0.38,0.3333333333333333
R5852,21.686605618721064,0.059863420680005684,1.0,0.38,0.08333333333333333
R5852,33.9526919761953,0.059863420680005684,1.0,0.38,0.0
R5852,53.1565572177533,0.059863420680005684,1.0,0.38,0.0
R5852,83.222254577792,0.059863420680005684,1.0,0.38,0.0
R5852,130.293307533801,0.059863420680005684,0.9166666666666666,0.38,0.0
R5852,203.9880567310155,0.059863420680005684,0.75,5.62,0.0
R5852,319.36503936014617,0.059863420680005684,0.75,5.62,0.0
R5852,500.0,0.059863420680005684,0.8333333333333334,21.5,0.0
R5897,0.1,0.06517462781510076,0.5,0.38,0.0
R5897,0.1565606557943096,0.06517462781510076,0.4166666666666667,0.38,0.08333333333333333
R5897,0.245112389427443,0.06517462781510076,0.6666666666666666,0.1,0.4166666666666667
R5897,0.38374956432070695,0.06517462781510076,1.0,0.1,0.5833333333333334
R5897,0.6008008345083048,0.06517462781510076,1.0,0.1,0.8333333333333334
R5897,0.9406177265238869,0.06517462781510076,1.0,0.1,0.5833333333333334
R5897,1.472637281163324,0.06517462781510076,1.0,0.1,0.9166666666666666
R5897,2.3055705848607913,0.06517462781510076,1.0,0.1,0.6666666666666666
R5897,3.6096164274587546,0.06517462781510076,1.0,0.1,0.6666666666666666
R5897,5.651239150488556,0.06517462781510076,1.0,0.1,0.5833333333333334
R5897,8.847617074509655,0.06517462781510076,1.0,0.1,0.4166666666666667
R5897,13.85188731402163,0.06517462781510076,1.0,0.1,0.08333333333333333
R5897,21.686605618721064,0.06517462781510076,1.0,0.38,0.0
R5897,33.9526919761953,0.06517462781510076,1.0,0.38,0.0
R5897,53.1565572177533,0.06517462781510076,1.0,0.38,0.0
R5897,83.222254577792,0.06517462781510076,1.0,0.38,0.0
R5897,130.293307533801,0.06517462781510076,0.9166666666666666,1.46,0.0
R5897,203.9880567310155,0.06517462781510076,0.8333333333333334,21.5,0.0
R5897,319.36503936014617,0.06517462781510076,0.9166666666666666,5.62,0.0
R5897,500.0,0.06517462781510076,0.8333333333333334,5.62,0.0
R6078,0.1,0.05217092291062181,0.6666666666666666,0.05217092291062181,0.6666666666666666
R6078,0.1565606557943096,0.05217092291062181,0.8333333333333334,0.1,0.6666666666666666
R6078,0.245112389427443,0.05217092291062181,0.8333333333333334,0.1,0.75
R6078,0.38374956432070695,0.05217092291062181,1.0,0.38,0.8333333333333334
R6078,0.6008008345083048,0.05217092291062181,1.0,0.38,0.75
R6078,0.9406177265238869,0.05217092291062181,1.0,0.38,0.75
R6078,1.472637281163324,0.05217092291062181,1.0,0.1,0.8333333333333334
R6078,2.3055705848607913,0.05217092291062181,1.0,0.05217092291062181,1.0
R6078,3.6096164274587546,0.05217092291062181,1.0,0.1,0.9166666666666666
R6078,5.651239150488556,0.05217092291062181,1.0,0.05217092291062181,1.0
R6078,8.847617074509655,0.05217092291062181,1.0,0.1,0.8333333333333334
R6078,13.85188731402163,0.05217092291062181,1.0,0.1,0.5
R6078,21.686605618721064,0.05217092291062181,1.0,0.1,0.08333333333333333
R6078,33.9526919761953,0.05217092291062181,1.0,0.38,0.0
R6078,53.1565572177533,0.05217092291062181,1.0,0.38,0.0
R6078,83.222254577792,0.05217092291062181,1.0,0.38,0.0
R6078,130.293307533801,0.05217092291062181,1.0,0.38,0.0
R6078,203.9880567310155,0.05217092291062181,1.0,0.38,0.0
R6078,319.36503936014617,0.05217092291062181,1.0,1.46,0.0
R6078,500.0,0.05217092291062181,1.0,1.46,0.0
R6080,0.1,0.08141953168269683,0.3333333333333333,0.38,0.16666666666666666
R6080,0.1565606557943096,0.08141953168269683,0.4166666666666667,0.1,0.16666666666666666
R6080,0.245112389427443,0.08141953168269683,0.5833333333333334,0.1,0.16666666666666666
R6080,0.38374956432070695,0.08141953168269683,0.6666666666666666,0.1,0.5833333333333334
R6080,0.6008008345083048,0.08141953168269683,0.6666666666666666,0.1,0.3333333333333333
R6080,0.9406177265238869,0.08141953168269683,0.75,0.08141953168269683,0.75
R6080,1.472637281163324,0.08141953168269683,0.6666666666666666,0.38,0.4166666666666667
R6080,2.3055705848607913,0.08141953168269683,0.75,0.38,0.5
R6080,3.6096164274587546,0.08141953168269683,1.0,0.1,0.6666666666666666
R6080,5.651239150488556,0.08141953168269683,1.0,0.38,0.5
R6080,8.847617074509655,0.08141953168269683,1.0,0.38,0.3333333333333333
R6080,13.85188731402163,0.08141953168269683,0.9166666666666666,0.38,0.16666666666666666
R6080,21.686605618721064,0.08141953168269683,1.0,0.38,0.0
R6080,33.9526919761953,0.08141953168269683,1.0,0.38,0.0
R6080,53.1565572177533,0.08141953168269683,0.5,1.46,0.0
R6080,83.222254577792,0.08141953168269683,0.6666666666666666,1.46,0.0
R6080,130.293307533801,0.08141953168269683,0.6666666666666666,5.62,0.0
R6080,203.9880567310155,0.08141953168269683,0.3333333333333333,5.62,0.0
R6080,319.36503936014617,0.08141953168269683,0.4166666666666667,21.5,0.0
R6080,500.0,0.08141953168269683,0.4166666666666667,21.5,0.0
R6086,0.1,0.05217092291062181,1.0,0.38,0.9166666666666666
R6086,0.1565606557943096,0.05217092291062181,1.0,0.38,0.9166666666666666
R6086,0.245112389427443,0.05217092291062181,1.0,0.38,0.9166666666666666
R6086,0.38374956432070695,0.05217092291062181,1.0,0.38,0.9166666666666666
R6086,0.6008008345083048,0.05217092291062181,1.0,0.1,0.9166666666666666
R6086,0.9406177265238869,0.05217092291062181,1.0,0.05217092291062181,1.0
R6086,1.472637281163324,0.05217092291062181,1.0,0.05217092291062181,1.0
R6086,2.3055705848607913,0.05217092291062181,1.0,0.05217092291062181,1.0
R6086,3.6096164274587546,0.05217092291062181,1.0,0.05217092291062181,1.0
R6086,5.651239150488556,0.05217092291062181,1.0,0.05217092291062181,1.0
R6086,8.847617074509655,0.05217092291062181,1.0,0.05217092291062181,1.0
R6086,13.85188731402163,0.05217092291062181,1.0,0.05217092291062181,1.0
R6086,21.686605618721064,0.05217092291062181,1.0,0.05217092291062181,1.0
R6086,33.9526919761953,0.05217092291062181,1.0,0.38,0.4166666666666667
R6086,53.1565572177533,0.05217092291062181,1.0,0.38,0.16666666666666666
R6086,83.222254577792,0.05217092291062181,1.0,1.46,0.0
R6086,130.293307533801,0.05217092291062181,1.0,5.62,0.0
R6086,203.9880567310155,0.05217092291062181,0.9166666666666666,21.5,0.0
R6086,319.36503936014617,0.05217092291062181,1.0,21.5,0.0
R6086,500.0,0.05217092291062181,1.0,21.5,0.0
R6119,0.1,0.05217092291062181,1.0,0.05217092291062181,1.0
R6119,0.1565606557943096,0.05217092291062181,1.0,0.05217092291062181,1.0
R6119,0.245112389427443,0.05217092291062181,1.0,0.05217092291062181,1.0
R6119,0.38374956432070695,0.05217092291062181,1.0,0.05217092291062181,1.0
R6119,0.6008008345083048,0.05217092291062181,1.0,0.05217092291062181,1.0
R6119,0.9406177265238869,0.05217092291062181,1.0,0.05217092291062181,1.0
R6119,1.472637281163324,0.05217092291062181,1.0,0.05217092291062181,1.0
R6119,2.3055705848607913,0.05217092291062181,1.0,0.05217092291062181,1.0
R6119,3.6096164274587546,0.05217092291062181,1.0,0.05217092291062181,1.0
R6119,5.651239150488556,0.05217092291062181,1.0,0.05217092291062181,1.0
R6119,8.847617074509655,0.05217092291062181,1.0,0.05217092291062181,1.0
R6119,13.85188731402163,0.05217092291062181,1.0,0.1,0.5
R6119,21.686605618721064,0.05217092291062181,1.0,0.1,0.0
R6119,33.9526919761953,0.05217092291062181,1.0,0.38,0.0
R6119,53.1565572177533,0.05217092291062181,0.9166666666666666,1.46,0.0
R6119,83.222254577792,0.05217092291062181,0.6666666666666666,1.46,0.0
R6119,130.293307533801,0.05217092291062181,0.5,5.62,0.0
R6119,203.9880567310155,0.05217092291062181,0.5,5.62,0.0
R6119,319.36503936014617,0.05217092291062181,0.6666666666666666,5.62,0.0
R6119,500.0,0.05217092291062181,0.4166666666666667,21.5,0.0
R6149,0.1,0.05217092291062181,1.0,0.05217092291062181,1.0
R6149,0.1565606557943096,0.05217092291062181,1.0,0.05217092291062181,1.0
R6149,0.245112389427443,0.05217092291062181,1.0,0.05217092291062181,1.0
R6149,0.38374956432070695,0.05217092291062181,1.0,0.05217092291062181,1.0
R6149,0.6008008345083048,0.05217092291062181,1.0,0.05217092291062181,1.0
R6149,0.9406177265238869,0.05217092291062181,1.0,0.05217092291062181,1.0
R6149,1.472637281163324,0.05217092291062181,1.0,0.05217092291062181,1.0
R6149,2.3055705848607913,0.05217092291062181,1.0,0.05217092291062181,1.0
R6149,3.6096164274587546,0.05217092291062181,1.0,0.05217092291062181,1.0
R6149,5.651239150488556,0.05217092291062181,1.0,0.1,0.9166666666666666
R6149,8.847617074509655,0.05217092291062181,1.0,0.1,0.75
R6149,13.85188731402163,0.05217092291062181,1.0,0.1,0.4166666666666667
R6149,21.686605618721064,0.05217092291062181,1.0,0.1,0.0
R6149,33.9526919761953,0.05217092291062181,1.0,0.38,0.0
R6149,53.1565572177533,0.05217092291062181,1.0,0.38,0.0
R6149,83.222254577792,0.05217092291062181,1.0,0.38,0.0
R6149,130.293307533801,0.05217092291062181,1.0,0.38,0.0
R6149,203.9880567310155,0.05217092291062181,1.0,0.38,0.0
R6149,319.36503936014617,0.05217092291062181,1.0,0.38,0.0
R6149,500.0,0.05217092291062181,1.0,0.38,0.0
R6154,0.1,0.16729952208041873,0.9166666666666666,0.16729952208041873,0.9166666666666666
R6154,0.1565606557943096,0.16729952208041873,0.9166666666666666,0.1,0.9166666666666666
R6154,0.245112389427443,0.16729952208041873,0.9166666666666666,0.1,0.9166666666666666
R6154,0.38374956432070695,0.16729952208041873,1.0,0.16729952208041873,1.0
R6154,0.6008008345083048,0.16729952208041873,1.0,0.16729952208041873,1.0
R6154,0.9406177265238869,0.16729952208041873,1.0,0.16729952208041873,1.0
R6154,1.472637281163324,0.16729952208041873,1.0,0.16729952208041873,1.0
R6154,2.3055705848607913,0.16729952208041873,1.0,0.1,1.0
R6154,3.6096164274587546,0.16729952208041873,1.0,0.1,1.0
R6154,5.651239150488556,0.16729952208041873,1.0,0.1,1.0
R6154,8.847617074509655,0.16729952208041873,1.0,0.16729952208041873,1.0
R6154,13.85188731402163,0.16729952208041873,1.0,0.16729952208041873,1.0
R6154,21.686605618721064,0.16729952208041873,1.0,0.16729952208041873,1.0
R6154,33.9526919761953,0.16729952208041873,1.0,0.38,0.5833333333333334
R6154,53.1565572177533,0.16729952208041873,1.0,0.38,0.08333333333333333
R6154,83.222254577792,0.16729952208041873,1.0,0.38,0.0
R6154,130.293307533801,0.16729952208041873,0.8333333333333334,1.46,0.0
R6154,203.9880567310155,0.16729952208041873,0.8333333333333334,5.62,0.0
R6154,319.36503936014617,0.16729952208041873,0.6666666666666666,21.5,0.0
R6154,500.0,0.16729952208041873,0.9166666666666666,21.5,0.0
R6169,0.1,0.05217092291062181,1.0,0.38,0.9166666666666666
R6169,0.1565606557943096,0.05217092291062181,1.0,0.05217092291062181,1.0
R6169,0.245112389427443,0.05217092291062181,1.0,0.05217092291062181,1.0
R6169,0.38374956432070695,0.05217092291062181,1.0,0.05217092291062181,1.0
R6169,0.6008008345083048,0.05217092291062181,1.0,0.05217092291062181,1.0
R6169,0.9406177265238869,0.05217092291062181,1.0,0.05217092291062181,1.0
R6169,1.472637281163324,0.05217092291062181,1.0,0.05217092291062181,1.0
R6169,2.3055705848607913,0.05217092291062181,1.0,0.05217092291062181,1.0
R6169,3.6096164274587546,0.05217092291062181,1.0,0.05217092291062181,1.0
R6169,5.651239150488556,0.05217092291062181,1.0,0.05217092291062181,1.0
R6169,8.847617074509655,0.05217092291062181,1.0,0.05217092291062181,1.0
R6169,13.85188731402163,0.05217092291062181,1.0,0.1,0.75
R6169,21.686605618721064,0.05217092291062181,1.0,0.1,0.08333333333333333
R6169,33.9526919761953,0.05217092291062181,1.0,0.1,0.0
R6169,53.1565572177533,0.05217092291062181,1.0,0.38,0.0
R6169,83.222254577792,0.05217092291062181,1.0,0.38,0.0
R6169,130.293307533801,0.05217092291062181,1.0,0.38,0.0
R6169,203.9880567310155,0.05217092291062181,1.0,0.38,0.0
R6169,319.36503936014617,0.05217092291062181,1.0,0.38,0.0
R6169,500.0,0.05217092291062181,1.0,0.38,0.0
R6425,0.1,0.059863420680005684,0.9166666666666666,0.059863420680005684,0.9166666666666666
R6425,0.1565606557943096,0.059863420680005684,1.0,0.1,0.9166666666666666
R6425,0.245112389427443,0.059863420680005684,1.0,0.1,0.9166666666666666
R6425,0.38374956432070695,0.059863420680005684,1.0,0.1,0.9166666666666666
R6425,0.6008008345083048,0.059863420680005684,1.0,0.1,0.9166666666666666
R6425,0.9406177265238869,0.059863420680005684,1.0,0.1,0.9166666666666666
R6425,1.472637281163324,0.059863420680005684,1.0,0.1,0.9166666666666666
R6425,2.3055705848607913,0.059863420680005684,1.0,0.059863420680005684,1.0
R6425,3.6096164274587546,0.059863420680005684,1.0,0.1,0.75
R6425,5.651239150488556,0.059863420680005684,1.0,0.1,0.6666666666666666
R6425,8.847617074509655,0.059863420680005684,1.0,0.1,0.4166666666666667
R6425,13.85188731402163,0.059863420680005684,1.0,0.1,0.08333333333333333
R6425,21.686605618721064,0.059863420680005684,1.0,0.38,0.0
R6425,33.9526919761953,0.059863420680005684,1.0,0.38,0.0
R6425,53.1565572177533,0.059863420680005684,1.0,0.38,0.0
R6425,83.222254577792,0.059863420680005684,0.9166666666666666,1.46,0.0
R6425,130.293307533801,0.059863420680005684,0.75,5.62,0.0
R6425,203.9880567310155,0.059863420680005684,0.8333333333333334,5.62,0.0
R6425,319.36503936014617,0.059863420680005684,0.75,5.62,0.0
R6425,500.0,0.059863420680005684,0.75,21.5,0.0
R6456,0.1,0.06517462781510076,0.4166666666666667,0.1,0.16666666666666666
R6456,0.1565606557943096,0.06517462781510076,0.5833333333333334,0.1,0.3333333333333333
R6456,0.245112389427443,0.06517462781510076,0.75,0.1,0.4166666666666667
R6456,0.38374956432070695,0.06517462781510076,1.0,0.1,0.3333333333333333
R6456,0.6008008345083048,0.06517462781510076,0.9166666666666666,0.1,0.75
R6456,0.9406177265238869,0.06517462781510076,1.0,0.1,0.5833333333333334
R6456,1.472637281163324,0.06517462781510076,1.0,0.1,0.75
R6456,2.3055705848607913,0.06517462781510076,1.0,0.1,0.5833333333333334
R6456,3.6096164274587546,0.06517462781510076,1.0,0.1,0.5
R6456,5.651239150488556,0.06517462781510076,1.0,0.1,0.25
R6456,8.847617074509655,0.06517462781510076,1.0,0.38,0.3333333333333333
R6456,13.85188731402163,0.06517462781510076,1.0,0.38,0.0
R6456,21.686605618721064,0.06517462781510076,1.0,0.38,0.0
R6456,33.9526919761953,0.06517462781510076,1.0,0.38,0.0
R6456,53.1565572177533,0.06517462781510076,1.0,0.38,0.0
R6456,83.222254577792,0.06517462781510076,1.0,1.46,0.0
R6456,130.293307533801,0.06517462781510076,0.8333333333333334,1.46,0.0
R6456,203.9880567310155,0.06517462781510076,0.9166666666666666,5.62,0.0
R6456,319.36503936014617,0.06517462781510076,0.75,21.5,0.0
R6456,500.0,0.06517462781510076,0.9166666666666666,21.5,0.0
R6700,0.1,0.05217092291062181,0.5833333333333334,0.38,0.25
R6700,0.1565606557943096,0.05217092291062181,0.6666666666666666,0.38,0.25
R6700,0.245112389427443,0.05217092291062181,0.9166666666666666,0.38,0.25
R6700,0.38374956432070695,0.05217092291062181,0.9166666666666666,0.38,0.25
R6700,0.6008008345083048,0.05217092291062181,0.9166666666666666,0.38,0.25
R6700,0.9406177265238869,0.05217092291062181,1.0,0.38,0.5833333333333334
R6700,1.472637281163324,0.05217092291062181,1.0,0.05217092291062181,1.0
R6700,2.3055705848607913,0.05217092291062181,1.0,0.38,0.9166666666666666
R6700,3.6096164274587546,0.05217092291062181,1.0,0.38,0.6666666666666666
R6700,5.651239150488556,0.05217092291062181,1.0,0.38,0.9166666666666666
R6700,8.847617074509655,0.05217092291062181,1.0,0.38,0.75
R6700,13.85188731402163,0.05217092291062181,1.0,0.38,0.5
R6700,21.686605618721064,0.05217092291062181,1.0,0.38,0.0
R6700,33.9526919761953,0.05217092291062181,1.0,0.38,0.0
R6700,53.1565572177533,0.05217092291062181,1.0,0.38,0.08333333333333333
R6700,83.222254577792,0.05217092291062181,1.0,1.46,0.0
R6700,130.293307533801,0.05217092291062181,1.0,1.46,0.0
R6700,203.9880567310155,0.05217092291062181,1.0,5.62,0.0
R6700,319.36503936014617,0.05217092291062181,1.0,5.62,0.0
R6700,500.0,0.05217092291062181,1.0,5.62,0.0
R6715,0.1,0.05217092291062181,1.0,0.38,0.5833333333333334
R6715,0.1565606557943096,0.05217092291062181,1.0,0.38,0.5833333333333334
R6715,0.245112389427443,0.05217092291062181,1.0,0.38,0.5833333333333334
R6715,0.38374956432070695,0.05217092291062181,1.0,0.38,0.75
R6715,0.6008008345083048,0.05217092291062181,1.0,0.1,0.9166666666666666
R6715,0.9406177265238869,0.05217092291062181,1.0,0.05217092291062181,1.0
R6715,1.472637281163324,0.05217092291062181,1.0,0.05217092291062181,1.0
R6715,2.3055705848607913,0.05217092291062181,1.0,0.05217092291062181,1.0
R6715,3.6096164274587546,0.05217092291062181,1.0,0.1,0.9166666666666666
R6715,5.651239150488556,0.05217092291062181,1.0,0.1,0.6666666666666666
R6715,8.847617074509655,0.05217092291062181,1.0,0.1,0.5833333333333334
R6715,13.85188731402163,0.05217092291062181,1.0,0.38,0.4166666666666667
R6715,21.686605618721064,0.05217092291062181,1.0,0.38,0.4166666666666667
R6715,33.9526919761953,0.05217092291062181,1.0,0.38,0.0
R6715,53.1565572177533,0.05217092291062181,1.0,0.38,0.0
R6715,83.222254577792,0.05217092291062181,1.0,0.38,0.0
R6715,130.293307533801,0.05217092291062181,1.0,1.46,0.0
R6715,203.9880567310155,0.05217092291062181,1.0,1.46,0.0
R6715,319.36503936014617,0.05217092291062181,1.0,21.5,0.0
R6715,500.0,0.05217092291062181,1.0,5.62,0.0
R6739,0.1,0.05217092291062181,1.0,0.38,0.9166666666666666
R6739,0.1565606557943096,0.05217092291062181,1.0,0.38,0.9166666666666666
R6739,0.245112389427443,0.05217092291062181,1.0,0.38,0.9166666666666666
R6739,0.38374956432070695,0.05217092291062181,1.0,0.38,0.9166666666666666
R6739,0.6008008345083048,0.05217092291062181,1.0,0.05217092291062181,1.0
R6739,0.9406177265238869,0.05217092291062181,1.0,0.05217092291062181,1.0
R6739,1.472637281163324,0.05217092291062181,1.0,0.05217092291062181,1.0
R6739,2.3055705848607913,0.05217092291062181,1.0,0.05217092291062181,1.0
R6739,3.6096164274587546,0.05217092291062181,1.0,0.05217092291062181,1.0
R6739,5.651239150488556,0.05217092291062181,1.0,0.05217092291062181,1.0
R6739,8.847617074509655,0.05217092291062181,1.0,0.38,0.6666666666666666
R6739,13.85188731402163,0.05217092291062181,1.0,0.38,0.5833333333333334
R6739,21.686605618721064,0.05217092291062181,1.0,0.38,0.16666666666666666
R6739,33.9526919761953,0.05217092291062181,1.0,0.38,0.0
R6739,53.1565572177533,0.05217092291062181,1.0,0.38,0.0
R6739,83.222254577792,0.05217092291062181,1.0,1.46,0.0
R6739,130.293307533801,0.05217092291062181,1.0,1.46,0.0
R6739,203.9880567310155,0.05217092291062181,1.0,5.62,0.0
R6739,319.36503936014617,0.05217092291062181,1.0,5.62,0.0
R6739,500.0,0.05217092291062181,1.0,21.5,0.0
R6774,0.1,0.05217092291062181,0.9166666666666666,0.05217092291062181,0.9166666666666666
R6774,0.1565606557943096,0.05217092291062181,0.9166666666666666,0.05217092291062181,0.9166666666666666
R6774,0.245112389427443,0.05217092291062181,0.9166666666666666,0.05217092291062181,0.9166666666666666
R6774,0.38374956432070695,0.05217092291062181,0.9166666666666666,0.05217092291062181,0.9166666666666666
R6774,0.6008008345083048,0.05217092291062181,0.9166666666666666,0.05217092291062181,0.9166666666666666
R6774,0.9406177265238869,0.05217092291062181,1.0,0.38,0.9166666666666666
R6774,1.472637281163324,0.05217092291062181,1.0,0.05217092291062181,1.0
R6774,2.3055705848607913,0.05217092291062181,1.0,0.05217092291062181,1.0
R6774,3.6096164274587546,0.05217092291062181,1.0,0.05217092291062181,1.0
R6774,5.651239150488556,0.05217092291062181,1.0,0.05217092291062181,1.0
R6774,8.847617074509655,0.05217092291062181,1.0,0.05217092291062181,1.0
R6774,13.85188731402163,0.05217092291062181,1.0,0.05217092291062181,1.0
R6774,21.686605618721064,0.05217092291062181,1.0,0.05217092291062181,1.0
R6774,33.9526919761953,0.05217092291062181,1.0,0.1,0.9166666666666666
R6774,53.1565572177533,0.05217092291062181,1.0,0.38,0.8333333333333334
R6774,83.222254577792,0.05217092291062181,1.0,0.38,0.6666666666666666
R6774,130.293307533801,0.05217092291062181,1.0,0.38,0.4166666666666667
R6774,203.9880567310155,0.05217092291062181,1.0,1.46,0.5833333333333334
R6774,319.36503936014617,0.05217092291062181,1.0,1.46,0.5
R6774,500.0,0.05217092291062181,1.0,5.62,0.5833333333333334
R6883,0.1,0.05217092291062181,1.0,0.38,0.5
R6883,0.1565606557943096,0.05217092291062181,1.0,0.38,0.5
R6883,0.245112389427443,0.05217092291062181,1.0,0.1,0.75
R6883,0.38374956432070695,0.05217092291062181,1.0,0.1,0.9166666666666666
R6883,0.6008008345083048,0.05217092291062181,1.0,0.05217092291062181,1.0
R6883,0.9406177265238869,0.05217092291062181,1.0,0.05217092291062181,1.0
R6883,1.472637281163324,0.05217092291062181,1.0,0.05217092291062181,1.0
R6883,2.3055705848607913,0.05217092291062181,1.0,0.05217092291062181,1.0
R6883,3.6096164274587546,0.05217092291062181,1.0,0.05217092291062181,1.0
R6883,5.651239150488556,0.05217092291062181,1.0,0.05217092291062181,1.0
R6883,8.847617074509655,0.05217092291062181,1.0,0.05217092291062181,1.0
R6883,13.85188731402163,0.05217092291062181,1.0,0.05217092291062181,1.0
R6883,21.686605618721064,0.05217092291062181,1.0,0.1,0.4166666666666667
R6883,33.9526919761953,0.05217092291062181,1.0,0.38,0.08333333333333333
R6883,53.1565572177533,0.05217092291062181,1.0,0.38,0.0
R6883,83.222254577792,0.05217092291062181,1.0,0.38,0.0
R6883,130.293307533801,0.05217092291062181,1.0,0.38,0.0
R6883,203.9880567310155,0.05217092291062181,1.0,1.46,0.0
R6883,319.36503936014617,0.05217092291062181,1.0,5.62,0.0
R6883,500.0,0.05217092291062181,1.0,5.62,0.0
R7019,0.1,0.09846402604674659,0.5,0.38,0.16666666666666666
R7019,0.1565606557943096,0.09846402604674659,0.5833333333333334,0.38,0.16666666666666666
R7019,0.245112389427443,0.09846402604674659,0.5833333333333334,0.38,0.25
R7019,0.38374956432070695,0.09846402604674659,0.75,0.38,0.4166666666666667
R7019,0.6008008345083048,0.09846402604674659,0.8333333333333334,0.38,0.75
R7019,0.9406177265238869,0.09846402604674659,1.0,0.38,0.6666666666666666
R7019,1.472637281163324,0.09846402604674659,1.0,0.38,0.75
R7019,2.3055705848607913,0.09846402604674659,0.9166666666666666,0.38,0.75
R7019,3.6096164274587546,0.09846402604674659,1.0,0.38,0.75
R7019,5.651239150488556,0.09846402604674659,1.0,0.38,0.9166666666666666
R7019,8.847617074509655,0.09846402604674659,1.0,0.38,0.8333333333333334
R7019,13.85188731402163,0.09846402604674659,1.0,0.38,0.8333333333333334
R7019,21.686605618721064,0.09846402604674659,1.0,0.38,0.3333333333333333
R7019,33.9526919761953,0.09846402604674659,1.0,0.38,0.16666666666666666
R7019,53.1565572177533,0.09846402604674659,1.0,0.38,0.0
R7019,83.222254577792,0.09846402604674659,1.0,0.38,0.0
R7019,130.293307533801,0.09846402604674659,1.0,0.38,0.0
R7019,203.9880567310155,0.09846402604674659,1.0,1.46,0.0
R7019,319.36503936014617,0.09846402604674659,1.0,1.46,0.0
R7019,500.0,0.09846402604674659,1.0,1.46,0.0
R7034,0.1,0.05217092291062181,0.9166666666666666,0.38,0.16666666666666666
R7034,0.1565606557943096,0.05217092291062181,0.9166666666666666,0.38,0.16666666666666666
R7034,0.245112389427443,0.05217092291062181,0.9166666666666666,0.38,0.4166666666666667
R7034,0.38374956432070695,0.05217092291062181,0.9166666666666666,0.1,0.3333333333333333
R7034,0.6008008345083048,0.05217092291062181,1.0,0.38,0.6666666666666666
R7034,0.9406177265238869,0.05217092291062181,1.0,0.38,0.5833333333333334
R7034,1.472637281163324,0.05217092291062181,1.0,0.38,0.5833333333333334
R7034,2.3055705848607913,0.05217092291062181,1.0,0.1,0.5
R7034,3.6096164274587546,0.05217092291062181,1.0,0.1,0.8333333333333334
R7034,5.651239150488556,0.05217092291062181,1.0,0.1,0.8333333333333334
R7034,8.847617074509655,0.05217092291062181,1.0,0.1,0.5
R7034,13.85188731402163,0.05217092291062181,1.0,0.1,0.08333333333333333
R7034,21.686605618721064,0.05217092291062181,1.0,0.38,0.0
R7034,33.9526919761953,0.05217092291062181,1.0,0.38,0.0
R7034,53.1565572177533,0.05217092291062181,1.0,0.38,0.0
R7034,83.222254577792,0.05217092291062181,1.0,0.38,0.0
R7034,130.293307533801,0.05217092291062181,1.0,0.38,0.0
R7034,203.9880567310155,0.05217092291062181,1.0,0.38,0.0
R7034,319.36503936014617,0.05217092291062181,1.0,1.46,0.0
R7034,500.0,0.05217092291062181,1.0,1.46,0.0
R7102,0.1,0.06309246695711429,0.5,0.38,0.16666666666666666
R7102,0.1565606557943096,0.06309246695711429,0.5833333333333334,0.38,0.25
R7102,0.245112389427443,0.06309246695711429,0.6666666666666666,0.1,0.4166666666666667
R7102,0.38374956432070695,0.06309246695711429,1.0,0.06309246695711429,1.0
R7102,0.6008008345083048,0.06309246695711429,1.0,0.06309246695711429,1.0
R7102,0.9406177265238869,0.06309246695711429,1.0,0.06309246695711429,1.0
R7102,1.472637281163324,0.06309246695711429,1.0,0.06309246695711429,1.0
R7102,2.3055705848607913,0.06309246695711429,1.0,0.06309246695711429,1.0
R7102,3.6096164274587546,0.06309246695711429,1.0,0.06309246695711429,1.0
R7102,5.651239150488556,0.06309246695711429,1.0,0.06309246695711429,1.0
R7102,8.847617074509655,0.06309246695711429,1.0,0.06309246695711429,1.0
R7102,13.85188731402163,0.06309246695711429,1.0,0.1,0.5
R7102,21.686605618721064,0.06309246695711429,1.0,0.1,0.08333333333333333
R7102,33.9526919761953,0.06309246695711429,1.0,0.1,0.0
R7102,53.1565572177533,0.06309246695711429,1.0,0.38,0.0
R7102,83.222254577792,0.06309246695711429,1.0,0.38,0.0
R7102,130.293307533801,0.06309246695711429,1.0,0.38,0.0
R7102,203.9880567310155,0.06309246695711429,1.0,0.38,0.0
R7102,319.36503936014617,0.06309246695711429,1.0,0.38,0.0
R7102,500.0,0.06309246695711429,1.0,0.38,0.0
R7135,0.1,0.07478449574760791,0.9166666666666666,0.1,0.8333333333333334
R7135,0.1565606557943096,0.07478449574760791,0.9166666666666666,0.1,0.8333333333333334
R7135,0.245112389427443,0.07478449574760791,0.9166666666666666,0.1,0.8333333333333334
R7135,0.38374956432070695,0.07478449574760791,0.9166666666666666,0.1,0.8333333333333334
R7135,0.6008008345083048,0.07478449574760791,1.0,0.38,0.6666666666666666
R7135,0.9406177265238869,0.07478449574760791,1.0,0.38,0.5833333333333334
R7135,1.472637281163324,0.07478449574760791,0.9166666666666666,0.1,0.75
R7135,2.3055705848607913,0.07478449574760791,1.0,0.38,0.4166666666666667
R7135,3.6096164274587546,0.07478449574760791,1.0,0.38,0.8333333333333334
R7135,5.651239150488556,0.07478449574760791,1.0,0.38,0.5
R7135,8.847617074509655,0.07478449574760791,1.0,0.38,0.4166666666666667
R7135,13.85188731402163,0.07478449574760791,1.0,0.38,0.08333333333333333
R7135,21.686605618721064,0.07478449574760791,1.0,0.38,0.0
R7135,33.9526919761953,0.07478449574760791,1.0,0.38,0.0
R7135,53.1565572177533,0.07478449574760791,0.8333333333333334,1.46,0.0
R7135,83.222254577792,0.07478449574760791,0.6666666666666666,5.62,0.0
R7135,130.293307533801,0.07478449574760791,0.5,1.46,0.0
R7135,203.9880567310155,0.07478449574760791,0.6666666666666666,5.62,0.0
R7135,319.36503936014617,0.07478449574760791,0.5,21.5,0.0
R7135,500.0,0.07478449574760791,0.4166666666666667,5.62,0.0
R7136,0.1,0.14580139875562764,0.4166666666666667,0.38,0.25
R7136,0.1565606557943096,0.14580139875562764,0.4166666666666667,0.38,0.25
R7136,0.245112389427443,0.14580139875562764,0.5,0.38,0.3333333333333333
R7136,0.38374956432070695,0.14580139875562764,0.5833333333333334,0.1,0.5833333333333334
R7136,0.6008008345083048,0.14580139875562764,0.9166666666666666,0.1,0.9166666666666666
R7136,0.9406177265238869,0.14580139875562764,1.0,0.14580139875562764,1.0
R7136,1.472637281163324,0.14580139875562764,1.0,0.14580139875562764,1.0
R7136,2.3055705848607913,0.14580139875562764,1.0,0.1,1.0
R7136,3.6096164274587546,0.14580139875562764,1.0,0.1,1.0
R7136,5.651239150488556,0.14580139875562764,1.0,0.1,1.0
R7136,8.847617074509655,0.14580139875562764,1.0,0.1,1.0
R7136,13.85188731402163,0.14580139875562764,1.0,0.1,1.0
R7136,21.686605618721064,0.14580139875562764,1.0,0.14580139875562764,1.0
R7136,33.9526919761953,0.14580139875562764,1.0,0.14580139875562764,1.0
R7136,53.1565572177533,0.14580139875562764,1.0,0.38,0.4166666666666667
R7136,83.222254577792,0.14580139875562764,1.0,0.38,0.0
R7136,130.293307533801,0.14580139875562764,1.0,0.38,0.0
R7136,203.9880567310155,0.14580139875562764,1.0,1.46,0.0
R7136,319.36503936014617,0.14580139875562764,1.0,1.46,0.0
R7136,500.0,0.14580139875562764,1.0,5.62,0.0
R7309,0.1,0.10171350971479927,0.8333333333333334,0.38,0.4166666666666667
R7309,0.1565606557943096,0.10171350971479927,0.8333333333333334,0.38,0.5
R7309,0.245112389427443,0.10171350971479927,0.8333333333333334,0.38,0.75
R7309,0.38374956432070695,0.10171350971479927,0.9166666666666666,0.1,0.9166666666666666
R7309,0.6008008345083048,0.10171350971479927,1.0,0.38,0.75
R7309,0.9406177265238869,0.10171350971479927,1.0,0.38,0.8333333333333334
R7309,1.472637281163324,0.10171350971479927,1.0,0.38,0.9166666666666666
R7309,2.3055705848607913,0.10171350971479927,1.0,0.38,0.6666666666666666
R7309,3.6096164274587546,0.10171350971479927,1.0,0.1,1.0
R7309,5.651239150488556,0.10171350971479927,1.0,0.38,0.8333333333333334
R7309,8.847617074509655,0.10171350971479927,1.0,0.38,0.8333333333333334
R7309,13.85188731402163,0.10171350971479927,1.0,0.38,0.5833333333333334
R7309,21.686605618721064,0.10171350971479927,1.0,0.38,0.16666666666666666
R7309,33.9526919761953,0.10171350971479927,1.0,0.38,0.0
R7309,53.1565572177533,0.10171350971479927,1.0,0.38,0.0
R7309,83.222254577792,0.10171350971479927,1.0,0.38,0.0
R7309,130.293307533801,0.10171350971479927,1.0,0.38,0.0
R7309,203.9880567310155,0.10171350971479927,1.0,0.38,0.0
R7309,319.36503936014617,0.10171350971479927,1.0,0.38,0.0
R7309,500.0,0.10171350971479927,1.0,0.38,0.0
R7587,0.1,0.06517462781510076,0.9166666666666666,0.06517462781510076,0.9166666666666666
R7587,0.1565606557943096,0.06517462781510076,0.9166666666666666,0.06517462781510076,0.9166666666666666
R7587,0.245112389427443,0.06517462781510076,1.0,0.38,0.9166666666666666
R7587,0.38374956432070695,0.06517462781510076,1.0,0.38,0.9166666666666666
R7587,0.6008008345083048,0.06517462781510076,1.0,0.38,0.9166666666666666
R7587,0.9406177265238869,0.06517462781510076,1.0,0.38,0.9166666666666666
R7587,1.472637281163324,0.06517462781510076,1.0,0.06517462781510076,1.0
R7587,2.3055705848607913,0.06517462781510076,1.0,0.06517462781510076,1.0
R7587,3.6096164274587546,0.06517462781510076,1.0,0.06517462781510076,1.0
R7587,5.651239150488556,0.06517462781510076,1.0,0.06517462781510076,1.0
R7587,8.847617074509655,0.06517462781510076,1.0,0.06517462781510076,1.0
R7587,13.85188731402163,0.06517462781510076,1.0,0.06517462781510076,1.0
R7587,21.686605618721064,0.06517462781510076,1.0,0.06517462781510076,1.0
R7587,33.9526919761953,0.06517462781510076,1.0,0.06517462781510076,1.0
R7587,53.1565572177533,0.06517462781510076,1.0,0.06517462781510076,1.0
R7587,83.222254577792,0.06517462781510076,1.0,0.38,0.8333333333333334
R7587,130.293307533801,0.06517462781510076,1.0,0.38,0.4166666666666667
R7587,203.9880567310155,0.06517462781510076,1.0,1.46,0.25
R7587,319.36503936014617,0.06517462781510076,1.0,21.5,0.08333333333333333
R7587,500.0,0.06517462781510076,0.8333333333333334,21.5,0.0
R7647,0.1,0.07881838814527226,0.6666666666666666,0.38,0.25
R7647,0.1565606557943096,0.07881838814527226,0.9166666666666666,0.38,0.25
R7647,0.245112389427443,0.07881838814527226,0.9166666666666666,0.38,0.5833333333333334
R7647,0.38374956432070695,0.07881838814527226,0.9166666666666666,0.38,0.8333333333333334
R7647,0.6008008345083048,0.07881838814527226,1.0,0.38,0.8333333333333334
R7647,0.9406177265238869,0.07881838814527226,1.0,0.38,0.75
R7647,1.472637281163324,0.07881838814527226,1.0,0.38,0.9166666666666666
R7647,2.3055705848607913,0.07881838814527226,1.0,0.1,0.75
R7647,3.6096164274587546,0.07881838814527226,1.0,0.1,0.9166666666666666
R7647,5.651239150488556,0.07881838814527226,1.0,0.07881838814527226,1.0
R7647,8.847617074509655,0.07881838814527226,1.0,0.07881838814527226,1.0
R7647,13.85188731402163,0.07881838814527226,1.0,0.1,0.3333333333333333
R7647,21.686605618721064,0.07881838814527226,1.0,0.38,0.5
R7647,33.9526919761953,0.07881838814527226,1.0,0.38,0.0
R7647,53.1565572177533,0.07881838814527226,1.0,0.38,0.0
R7647,83.222254577792,0.07881838814527226,1.0,0.38,0.0
R7647,130.293307533801,0.07881838814527226,1.0,0.38,0.0
R7647,203.9880567310155,0.07881838814527226,1.0,0.38,0.0
R7647,319.36503936014617,0.07881838814527226,1.0,0.38,0.0
R7647,500.0,0.07881838814527226,1.0,0.38,0.0
R7688,0.1,0.08141953168269683,0.9166666666666666,0.1,0.8333333333333334
R7688,0.1565606557943096,0.08141953168269683,0.9166666666666666,0.08141953168269683,0.9166666666666666
R7688,0.245112389427443,0.08141953168269683,0.9166666666666666,0.1,0.8333333333333334
R7688,0.38374956432070695,0.08141953168269683,0.8333333333333334,0.1,0.6666666666666666
R7688,0.6008008345083048,0.08141953168269683,0.8333333333333334,0.1,0.75
R7688,0.9406177265238869,0.08141953168269683,0.8333333333333334,0.08141953168269683,0.8333333333333334
R7688,1.472637281163324,0.08141953168269683,0.9166666666666666,0.1,0.75
R7688,2.3055705848607913,0.08141953168269683,0.9166666666666666,0.1,0.5833333333333334
R7688,3.6096164274587546,0.08141953168269683,1.0,0.1,0.4166666666666667
R7688,5.651239150488556,0.08141953168269683,1.0,0.38,0.5
R7688,8.847617074509655,0.08141953168269683,0.9166666666666666,0.38,0.3333333333333333
R7688,13.85188731402163,0.08141953168269683,0.8333333333333334,0.38,0.0
R7688,21.686605618721064,0.08141953168269683,0.75,0.38,0.0
R7688,33.9526919761953,0.08141953168269683,0.6666666666666666,0.38,0.0
R7688,53.1565572177533,0.08141953168269683,0.5833333333333334,1.46,0.0
R7688,83.222254577792,0.08141953168269683,0.3333333333333333,1.46,0.0
R7688,130.293307533801,0.08141953168269683,0.4166666666666667,5.62,0.0
R7688,203.9880567310155,0.08141953168269683,0.4166666666666667,5.62,0.0
R7688,319.36503936014617,0.08141953168269683,0.5,5.62,0.0
R7688,500.0,0.08141953168269683,0.3333333333333333,21.5,0.0
R7720,0.1,0.09342467805372084,0.9166666666666666,0.38,0.4166666666666667
R7720,0.1565606557943096,0.09342467805372084,0.9166666666666666,0.38,0.5833333333333334
R7720,0.245112389427443,0.09342467805372084,0.9166666666666666,0.38,0.75
R7720,0.38374956432070695,0.09342467805372084,0.9166666666666666,0.1,0.8333333333333334
R7720,0.6008008345083048,0.09342467805372084,1.0,0.09342467805372084,1.0
R7720,0.9406177265238869,0.09342467805372084,1.0,0.09342467805372084,1.0
R7720,1.472637281163324,0.09342467805372084,1.0,0.1,0.9166666666666666
R7720,2.3055705848607913,0.09342467805372084,1.0,0.09342467805372084,1.0
R7720,3.6096164274587546,0.09342467805372084,1.0,0.09342467805372084,1.0
R7720,5.651239150488556,0.09342467805372084,1.0,0.09342467805372084,1.0
R7720,8.847617074509655,0.09342467805372084,1.0,0.38,0.9166666666666666
R7720,13.85188731402163,0.09342467805372084,1.0,0.38,0.6666666666666666
R7720,21.686605618721064,0.09342467805372084,1.0,0.38,0.4166666666666667
R7720,33.9526919761953,0.09342467805372084,1.0,0.38,0.0
R7720,53.1565572177533,0.09342467805372084,1.0,0.38,0.0
R7720,83.222254577792,0.09342467805372084,1.0,0.38,0.0
R7720,130.293307533801,0.09342467805372084,1.0,1.46,0.0
R7720,203.9880567310155,0.09342467805372084,1.0,5.62,0.0
R7720,319.36503936014617,0.09342467805372084,1.0,5.62,0.0
R7720,500.0,0.09342467805372084,1.0,21.5,0.0
R7735,0.1,0.05217092291062181,1.0,0.05217092291062181,1.0
R7735,0.1565606557943096,0.05217092291062181,1.0,0.05217092291062181,1.0
R7735,0.245112389427443,0.05217092291062181,1.0,0.05217092291062181,1.0
R7735,0.38374956432070695,0.05217092291062181,1.0,0.05217092291062181,1.0
R7735,0.6008008345083048,0.05217092291062181,1.0,0.05217092291062181,1.0
R7735,0.9406177265238869,0.05217092291062181,1.0,0.05217092291062181,1.0
R7735,1.472637281163324,0.05217092291062181,1.0,0.05217092291062181,1.0
R7735,2.3055705848607913,0.05217092291062181,1.0,0.05217092291062181,1.0
R7735,3.6096164274587546,0.05217092291062181,1.0,0.05217092291062181,1.0
R7735,5.651239150488556,0.05217092291062181,1.0,0.05217092291062181,1.0
R7735,8.847617074509655,0.05217092291062181,1.0,0.05217092291062181,1.0
R7735,13.85188731402163,0.05217092291062181,1.0,0.1,0.8333333333333334
R7735,21.686605618721064,0.05217092291062181,1.0,0.1,0.0
R7735,33.9526919761953,0.05217092291062181,1.0,0.38,0.0
R7735,53.1565572177533,0.05217092291062181,1.0,0.38,0.0
R7735,83.222254577792,0.05217092291062181,1.0,0.38,0.0
R7735,130.293307533801,0.05217092291062181,1.0,0.38,0.0
R7735,203.9880567310155,0.05217092291062181,1.0,1.46,0.0
R7735,319.36503936014617,0.05217092291062181,1.0,5.62,0.0
R7735,500.0,0.05217092291062181,1.0,5.62,0.0
R7792,0.1,0.46754979535749913,0.6666666666666666,0.38,0.6666666666666666
R7792,0.1565606557943096,0.46754979535749913,0.75,0.46754979535749913,0.75
R7792,0.245112389427443,0.46754979535749913,0.8333333333333334,0.46754979535749913,0.8333333333333334
R7792,0.38374956432070695,0.46754979535749913,0.8333333333333334,0.38,0.8333333333333334
R7792,0.6008008345083048,0.46754979535749913,0.9166666666666666,0.38,0.9166666666666666
R7792,0.9406177265238869,0.46754979535749913,1.0,0.38,1.0
R7792,1.472637281163324,0.46754979535749913,1.0,0.38,1.0
R7792,2.3055705848607913,0.46754979535749913,1.0,0.38,1.0
R7792,3.6096164274587546,0.46754979535749913,1.0,0.38,1.0
R7792,5.651239150488556,0.46754979535749913,1.0,0.38,1.0
R7792,8.847617074509655,0.46754979535749913,1.0,0.38,1.0
R7792,13.85188731402163,0.46754979535749913,1.0,0.38,1.0
R7792,21.686605618721064,0.46754979535749913,1.0,0.38,1.0
R7792,33.9526919761953,0.46754979535749913,1.0,0.38,1.0
R7792,53.1565572177533,0.46754979535749913,1.0,0.38,1.0
R7792,83.222254577792,0.46754979535749913,1.0,0.38,1.0
R7792,130.293307533801,0.46754979535749913,1.0,0.38,1.0
R7792,203.9880567310155,0.46754979535749913,1.0,0.46754979535749913,1.0
R7792,319.36503936014617,0.46754979535749913,1.0,5.62,0.5833333333333334
R7792,500.0,0.46754979535749913,0.9166666666666666,5.62,0.0
R7835,0.1,0.09846402604674659,0.6666666666666666,0.38,0.3333333333333333
R7835,0.1565606557943096,0.09846402604674659,0.75,0.1,0.5833333333333334
R7835,0.245112389427443,0.09846402604674659,0.8333333333333334,0.09846402604674659,0.8333333333333334
R7835,0.38374956432070695,0.09846402604674659,0.8333333333333334,0.09846402604674659,0.8333333333333334
R7835,0.6008008345083048,0.09846402604674659,0.6666666666666666,0.1,0.5833333333333334
R7835,0.9406177265238869,0.09846402604674659,0.9166666666666666,0.38,0.6666666666666666
R7835,1.472637281163324,0.09846402604674659,0.9166666666666666,0.1,0.8333333333333334
R7835,2.3055705848607913,0.09846402604674659,0.9166666666666666,0.38,0.6666666666666666
R7835,3.6096164274587546,0.09846402604674659,1.0,0.38,0.9166666666666666
R7835,5.651239150488556,0.09846402604674659,1.0,0.38,0.8333333333333334
R7835,8.847617074509655,0.09846402604674659,1.0,0.38,0.5833333333333334
R7835,13.85188731402163,0.09846402604674659,1.0,0.38,0.4166666666666667
R7835,21.686605618721064,0.09846402604674659,1.0,0.38,0.16666666666666666
R7835,33.9526919761953,0.09846402604674659,1.0,0.38,0.0
R7835,53.1565572177533,0.09846402604674659,1.0,0.38,0.0
R7835,83.222254577792,0.09846402604674659,0.75,0.38,0.0
R7835,130.293307533801,0.09846402604674659,0.9166666666666666,5.62,0.0
R7835,203.9880567310155,0.09846402604674659,0.5,5.62,0.0
R7835,319.36503936014617,0.09846402604674659,0.6666666666666666,21.5,0.0
R7835,500.0,0.09846402604674659,0.6666666666666666,21.5,0.0
R7855,0.1,0.1071999591382603,0.9166666666666666,0.38,0.8333333333333334
R7855,0.1565606557943096,0.1071999591382603,0.9166666666666666,0.38,0.8333333333333334
R7855,0.245112389427443,0.1071999591382603,0.9166666666666666,0.38,0.8333333333333334
R7855,0.38374956432070695,0.1071999591382603,1.0,0.38,0.9166666666666666
R7855,0.6008008345083048,0.1071999591382603,1.0,0.38,0.6666666666666666
R7855,0.9406177265238869,0.1071999591382603,1.0,0.38,0.8333333333333334
R7855,1.472637281163324,0.1071999591382603,1.0,0.38,0.9166666666666666
R7855,2.3055705848607913,0.1071999591382603,1.0,0.38,0.75
R7855,3.6096164274587546,0.1071999591382603,1.0,0.1071999591382603,1.0
R7855,5.651239150488556,0.1071999591382603,1.0,0.1071999591382603,1.0
R7855,8.847617074509655,0.1071999591382603,1.0,0.38,0.9166666666666666
R7855,13.85188731402163,0.1071999591382603,1.0,0.38,0.75
R7855,21.686605618721064,0.1071999591382603,1.0,0.38,0.5833333333333334
R7855,33.9526919761953,0.1071999591382603,1.0,0.38,0.08333333333333333
R7855,53.1565572177533,0.1071999591382603,1.0,0.38,0.0
R7855,83.222254577792,0.1071999591382603,1.0,0.38,0.0
R7855,130.293307533801,0.1071999591382603,1.0,0.38,0.0
R7855,203.9880567310155,0.1071999591382603,1.0,0.38,0.0
R7855,319.36503936014617,0.1071999591382603,1.0,0.38,0.0
R7855,500.0,0.1071999591382603,1.0,0.38,0.0
R7900,0.1,0.05217092291062181,1.0,0.05217092291062181,1.0
R7900,0.1565606557943096,0.05217092291062181,1.0,0.05217092291062181,1.0
R7900,0.245112389427443,0.05217092291062181,1.0,0.05217092291062181,1.0
R7900,0.38374956432070695,0.05217092291062181,1.0,0.05217092291062181,1.0
R7900,0.6008008345083048,0.05217092291062181,1.0,0.05217092291062181,1.0
R7900,0.9406177265238869,0.05217092291062181,1.0,0.05217092291062181,1.0
R7900,1.472637281163324,0.05217092291062181,1.0,0.05217092291062181,1.0
R7900,2.3055705848607913,0.05217092291062181,1.0,0.05217092291062181,1.0
R7900,3.6096164274587546,0.05217092291062181,1.0,0.05217092291062181,1.0
R7900,5.651239150488556,0.05217092291062181,1.0,0.05217092291062181,1.0
R7900,8.847617074509655,0.05217092291062181,1.0,0.05217092291062181,1.0
R7900,13.85188731402163,0.05217092291062181,1.0,0.05217092291062181,1.0
R7900,21.686605618721064,0.05217092291062181,1.0,0.1,0.5
R7900,33.9526919761953,0.05217092291062181,1.0,0.38,0.25
R7900,53.1565572177533,0.05217092291062181,1.0,0.38,0.08333333333333333
R7900,83.222254577792,0.05217092291062181,1.0,0.38,0.0
R7900,130.293307533801,0.05217092291062181,1.0,0.38,0.0
R7900,203.9880567310155,0.05217092291062181,1.0,1.46,0.0
R7900,319.36503936014617,0.05217092291062181,1.0,1.46,0.0
R7900,500.0,0.05217092291062181,1.0,5.62,0.0
R8015,0.1,0.05217092291062181,1.0,0.05217092291062181,1.0
R8015,0.1565606557943096,0.05217092291062181,1.0,0.05217092291062181,1.0
R8015,0.245112389427443,0.05217092291062181,1.0,0.05217092291062181,1.0
R8015,0.38374956432070695,0.05217092291062181,1.0,0.05217092291062181,1.0
R8015,0.6008008345083048,0.05217092291062181,1.0,0.05217092291062181,1.0
R8015,0.9406177265238869,0.05217092291062181,1.0,0.05217092291062181,1.0
R8015,1.472637281163324,0.05217092291062181,1.0,0.05217092291062181,1.0
R8015,2.3055705848607913,0.05217092291062181,1.0,0.05217092291062181,1.0
R8015,3.6096164274587546,0.05217092291062181,1.0,0.05217092291062181,1.0
R8015,5.651239150488556,0.05217092291062181,1.0,0.05217092291062181,1.0
R8015,8.847617074509655,0.05217092291062181,1.0,0.1,0.6666666666666666
R8015,13.85188731402163,0.05217092291062181,1.0,0.1,0.5
R8015,21.686605618721064,0.05217092291062181,1.0,0.38,0.08333333333333333
R8015,33.9526919761953,0.05217092291062181,1.0,0.38,0.0
R8015,53.1565572177533,0.05217092291062181,1.0,0.38,0.0
R8015,83.222254577792,0.05217092291062181,1.0,0.38,0.0
R8015,130.293307533801,0.05217092291062181,1.0,0.38,0.0
R8015,203.9880567310155,0.05217092291062181,0.8333333333333334,5.62,0.0
R8015,319.36503936014617,0.05217092291062181,0.6666666666666666,5.62,0.0
R8015,500.0,0.05217092291062181,0.4166666666666667,5.62,0.0
R8026,0.1,0.13391975929963193,0.9166666666666666,0.38,0.3333333333333333
R8026,0.1565606557943096,0.13391975929963193,0.9166666666666666,0.38,0.3333333333333333
R8026,0.245112389427443,0.13391975929963193,0.9166666666666666,0.38,0.5
R8026,0.38374956432070695,0.13391975929963193,0.9166666666666666,0.38,0.8333333333333334
R8026,0.6008008345083048,0.13391975929963193,1.0,0.13391975929963193,1.0
R8026,0.9406177265238869,0.13391975929963193,1.0,0.38,0.9166666666666666
R8026,1.472637281163324,0.13391975929963193,1.0,0.13391975929963193,1.0
R8026,2.3055705848607913,0.13391975929963193,1.0,0.38,0.9166666666666666
R8026,3.6096164274587546,0.13391975929963193,1.0,0.13391975929963193,1.0
R8026,5.651239150488556,0.13391975929963193,1.0,0.13391975929963193,1.0
R8026,8.847617074509655,0.13391975929963193,1.0,0.13391975929963193,1.0
R8026,13.85188731402163,0.13391975929963193,1.0,0.13391975929963193,1.0
R8026,21.686605618721064,0.13391975929963193,1.0,0.38,0.9166666666666666
R8026,33.9526919761953,0.13391975929963193,1.0,0.38,0.5
R8026,53.1565572177533,0.13391975929963193,1.0,0.38,0.08333333333333333
R8026,83.222254577792,0.13391975929963193,1.0,0.38,0.0
R8026,130.293307533801,0.13391975929963193,1.0,0.38,0.0
R8026,203.9880567310155,0.13391975929963193,1.0,0.38,0.0
R8026,319.36503936014617,0.13391975929963193,1.0,1.46,0.0
R8026,500.0,0.13391975929963193,1.0,1.46,0.0
R8162,0.1,0.1071999591382603,0.6666666666666666,0.38,0.5
R8162,0.1565606557943096,0.1071999591382603,0.6666666666666666,0.1071999591382603,0.6666666666666666
R8162,0.245112389427443,0.1071999591382603,0.6666666666666666,0.1,0.6666666666666666
R8162,0.38374956432070695,0.1071999591382603,0.75,0.1,0.75
R8162,0.6008008345083048,0.1071999591382603,0.8333333333333334,0.38,0.75
R8162,0.9406177265238869,0.1071999591382603,0.9166666666666666,0.38,0.75
R8162,1.472637281163324,0.1071999591382603,1.0,0.38,0.75
R8162,2.3055705848607913,0.1071999591382603,1.0,0.38,0.75
R8162,3.6096164274587546,0.1071999591382603,1.0,0.38,0.5833333333333334
R8162,5.651239150488556,0.1071999591382603,1.0,0.38,0.5
R8162,8.847617074509655,0.1071999591382603,1.0,0.38,0.4166666666666667
R8162,13.85188731402163,0.1071999591382603,1.0,0.38,0.08333333333333333
R8162,21.686605618721064,0.1071999591382603,1.0,0.38,0.08333333333333333
R8162,33.9526919761953,0.1071999591382603,1.0,0.38,0.0
R8162,53.1565572177533,0.1071999591382603,1.0,1.46,0.0
R8162,83.222254577792,0.1071999591382603,0.75,1.46,0.0
R8162,130.293307533801,0.1071999591382603,0.9166666666666666,5.62,0.0
R8162,203.9880567310155,0.1071999591382603,0.75,5.62,0.0
R8162,319.36503936014617,0.1071999591382603,0.6666666666666666,5.62,0.0
R8162,500.0,0.1071999591382603,0.9166666666666666,21.5,0.0
R8198,0.1,0.07478449574760791,1.0,0.38,0.9166666666666666
R8198,0.1565606557943096,0.07478449574760791,1.0,0.1,0.9166666666666666
R8198,0.245112389427443,0.07478449574760791,1.0,0.07478449574760791,1.0
R8198,0.38374956432070695,0.07478449574760791,1.0,0.1,0.9166666666666666
R8198,0.6008008345083048,0.07478449574760791,1.0,0.1,0.8333333333333334
R8198,0.9406177265238869,0.07478449574760791,1.0,0.07478449574760791,1.0
R8198,1.472637281163324,0.07478449574760791,1.0,0.1,0.9166666666666666
R8198,2.3055705848607913,0.07478449574760791,1.0,0.1,0.6666666666666666
R8198,3.6096164274587546,0.07478449574760791,1.0,0.1,0.8333333333333334
R8198,5.651239150488556,0.07478449574760791,1.0,0.1,0.6666666666666666
R8198,8.847617074509655,0.07478449574760791,1.0,0.1,0.5
R8198,13.85188731402163,0.07478449574760791,1.0,0.1,0.3333333333333333
R8198,21.686605618721064,0.07478449574760791,1.0,0.38,0.0
R8198,33.9526919761953,0.07478449574760791,1.0,0.38,0.08333333333333333
R8198,53.1565572177533,0.07478449574760791,1.0,0.38,0.0
R8198,83.222254577792,0.07478449574760791,1.0,0.38,0.0
R8198,130.293307533801,0.07478449574760791,1.0,0.38,0.0
R8198,203.9880567310155,0.07478449574760791,1.0,0.38,0.0
R8198,319.36503936014617,0.07478449574760791,1.0,0.38,0.0
R8198,500.0,0.07478449574760791,1.0,0.38,0.0
R8333,0.1,0.08141953168269683,0.75,0.38,0.25
R8333,0.1565606557943096,0.08141953168269683,0.8333333333333334,0.38,0.3333333333333333
R8333,0.245112389427443,0.08141953168269683,0.8333333333333334,0.38,0.5833333333333334
R8333,0.38374956432070695,0.08141953168269683,0.9166666666666666,0.38,0.75
R8333,0.6008008345083048,0.08141953168269683,1.0,0.38,0.5833333333333334
R8333,0.9406177265238869,0.08141953168269683,1.0,0.38,0.5833333333333334
R8333,1.472637281163324,0.08141953168269683,1.0,0.38,0.6666666666666666
R8333,2.3055705848607913,0.08141953168269683,1.0,0.38,0.5
R8333,3.6096164274587546,0.08141953168269683,1.0,0.38,0.6666666666666666
R8333,5.651239150488556,0.08141953168269683,1.0,0.38,0.6666666666666666
R8333,8.847617074509655,0.08141953168269683,1.0,0.38,0.5
R8333,13.85188731402163,0.08141953168269683,1.0,0.38,0.16666666666666666
R8333,21.686605618721064,0.08141953168269683,1.0,0.38,0.0
R8333,33.9526919761953,0.08141953168269683,1.0,0.38,0.0
R8333,53.1565572177533,0.08141953168269683,1.0,0.38,0.0
R8333,83.222254577792,0.08141953168269683,1.0,0.38,0.0
R8333,130.293307533801,0.08141953168269683,1.0,0.38,0.0
R8333,203.9880567310155,0.08141953168269683,1.0,0.38,0.0
R8333,319.36503936014617,0.08141953168269683,1.0,5.62,0.0
R8333,500.0,0.08141953168269683,1.0,5.62,0.0
R8400,0.1,0.1071999591382603,0.9166666666666666,0.38,0.5
R8400,0.1565606557943096,0.1071999591382603,0.9166666666666666,0.38,0.5833333333333334
R8400,0.245112389427443,0.1071999591382603,0.9166666666666666,0.38,0.75
R8400,0.38374956432070695,0.1071999591382603,0.9166666666666666,0.38,0.8333333333333334
R8400,0.6008008345083048,0.1071999591382603,0.9166666666666666,0.1,0.9166666666666666
R8400,0.9406177265238869,0.1071999591382603,1.0,0.1,1.0
R8400,1.472637281163324,0.1071999591382603,1.0,0.38,0.9166666666666666
R8400,2.3055705848607913,0.1071999591382603,1.0,0.1,1.0
R8400,3.6096164274587546,0.1071999591382603,1.0,0.1,1.0
R8400,5.651239150488556,0.1071999591382603,1.0,0.1,1.0
R8400,8.847617074509655,0.1071999591382603,1.0,0.38,0.9166666666666666
R8400,13.85188731402163,0.1071999591382603,1.0,0.38,0.8333333333333334
R8400,21.686605618721064,0.1071999591382603,1.0,0.38,0.5833333333333334
R8400,33.9526919761953,0.1071999591382603,1.0,0.38,0.08333333333333333
R8400,53.1565572177533,0.1071999591382603,1.0,0.38,0.0
R8400,83.222254577792,0.1071999591382603,1.0,1.46,0.0
R8400,130.293307533801,0.1071999591382603,1.0,1.46,0.0
R8400,203.9880567310155,0.1071999591382603,1.0,5.62,0.0
R8400,319.36503936014617,0.1071999591382603,1.0,21.5,0.0
R8400,500.0,0.1071999591382603,1.0,21.5,0.0
R8442,0.1,0.05217092291062181,1.0,0.05217092291062181,1.0
R8442,0.1565606557943096,0.05217092291062181,1.0,0.05217092291062181,1.0
R8442,0.245112389427443,0.05217092291062181,1.0,0.05217092291062181,1.0
R8442,0.38374956432070695,0.05217092291062181,1.0,0.05217092291062181,1.0
R8442,0.6008008345083048,0.05217092291062181,1.0,0.05217092291062181,1.0
R8442,0.9406177265238869,0.05217092291062181,1.0,0.05217092291062181,1.0
R8442,1.472637281163324,0.05217092291062181,1.0,0.05217092291062181,1.0
R8442,2.3055705848607913,0.05217092291062181,1.0,0.05217092291062181,1.0
R8442,3.6096164274587546,0.05217092291062181,1.0,0.05217092291062181,1.0
R8442,5.651239150488556,0.05217092291062181,1.0,0.05217092291062181,1.0
R8442,8.847617074509655,0.05217092291062181,1.0,0.05217092291062181,1.0
R8442,13.85188731402163,0.05217092291062181,1.0,0.05217092291062181,1.0
R8442,21.686605618721064,0.05217092291062181,1.0,0.05217092291062181,1.0
R8442,33.9526919761953,0.05217092291062181,1.0,0.1,0.8333333333333334
R8442,53.1565572177533,0.05217092291062181,1.0,0.38,0.3333333333333333
R8442,83.222254577792,0.05217092291062181,1.0,0.38,0.08333333333333333
R8442,130.293307533801,0.05217092291062181,1.0,1.46,0.0
R8442,203.9880567310155,0.05217092291062181,1.0,1.46,0.0
R8442,319.36503936014617,0.05217092291062181,1.0,5.62,0.0
R8442,500.0,0.05217092291062181,1.0,5.62,0.0
R8769,0.1,0.05217092291062181,0.9166666666666666,0.05217092291062181,0.9166666666666666
R8769,0.1565606557943096,0.05217092291062181,0.9166666666666666,0.05217092291062181,0.9166666666666666
R8769,0.245112389427443,0.05217092291062181,0.9166666666666666,0.05217092291062181,0.9166666666666666
R8769,0.38374956432070695,0.05217092291062181,0.9166666666666666,0.05217092291062181,0.9166666666666666
R8769,0.6008008345083048,0.05217092291062181,0.9166666666666666,0.05217092291062181,0.9166666666666666
R8769,0.9406177265238869,0.05217092291062181,1.0,0.1,0.9166666666666666
R8769,1.472637281163324,0.05217092291062181,1.0,0.05217092291062181,1.0
R8769,2.3055705848607913,0.05217092291062181,1.0,0.05217092291062181,1.0
R8769,3.6096164274587546,0.05217092291062181,1.0,0.05217092291062181,1.0
R8769,5.651239150488556,0.05217092291062181,1.0,0.05217092291062181,1.0
R8769,8.847617074509655,0.05217092291062181,1.0,0.05217092291062181,1.0
R8769,13.85188731402163,0.05217092291062181,1.0,0.05217092291062181,1.0
R8769,21.686605618721064,0.05217092291062181,1.0,0.05217092291062181,1.0
R8769,33.9526919761953,0.05217092291062181,1.0,0.1,0.9166666666666666
R8769,53.1565572177533,0.05217092291062181,1.0,0.38,0.8333333333333334
R8769,83.222254577792,0.05217092291062181,1.0,0.38,0.6666666666666666
R8769,130.293307533801,0.05217092291062181,1.0,1.46,0.3333333333333333
R8769,203.9880567310155,0.05217092291062181,1.0,1.46,0.4166666666666667
R8769,319.36503936014617,0.05217092291062181,1.0,1.46,0.3333333333333333
R8769,500.0,0.05217092291062181,1.0,5.62,0.4166666666666667
R8801,0.1,0.05217092291062181,1.0,0.1,0.9166666666666666
R8801,0.1565606557943096,0.05217092291062181,1.0,0.1,0.8333333333333334
R8801,0.245112389427443,0.05217092291062181,1.0,0.1,0.9166666666666666
R8801,0.38374956432070695,0.05217092291062181,1.0,0.1,0.9166666666666666
R8801,0.6008008345083048,0.05217092291062181,1.0,0.1,0.75
R8801,0.9406177265238869,0.05217092291062181,1.0,0.1,0.8333333333333334
R8801,1.472637281163324,0.05217092291062181,1.0,0.1,0.9166666666666666
R8801,2.3055705848607913,0.05217092291062181,1.0,0.1,0.5833333333333334
R8801,3.6096164274587546,0.05217092291062181,1.0,0.1,0.8333333333333334
R8801,5.651239150488556,0.05217092291062181,1.0,0.1,0.75
R8801,8.847617074509655,0.05217092291062181,1.0,0.1,0.16666666666666666
R8801,13.85188731402163,0.05217092291062181,1.0,0.38,0.0
R8801,21.686605618721064,0.05217092291062181,1.0,0.38,0.0
R8801,33.9526919761953,0.05217092291062181,1.0,0.38,0.0
R8801,53.1565572177533,0.05217092291062181,1.0,0.38,0.0
R8801,83.222254577792,0.05217092291062181,1.0,0.38,0.0
R8801,130.293307533801,0.05217092291062181,1.0,0.38,0.0
R8801,203.9880567310155,0.05217092291062181,1.0,0.38,0.0
R8801,319.36503936014617,0.05217092291062181,1.0,1.46,0.0
R8801,500.0,0.05217092291062181,1.0,21.5,0.0
R8892,0.1,0.05217092291062181,1.0,0.05217092291062181,1.0
R8892,0.1565606557943096,0.05217092291062181,1.0,0.05217092291062181,1.0
R8892,0.245112389427443,0.05217092291062181,1.0,0.05217092291062181,1.0
R8892,0.38374956432070695,0.05217092291062181,1.0,0.05217092291062181,1.0
R8892,0.6008008345083048,0.05217092291062181,1.0,0.05217092291062181,1.0
R8892,0.9406177265238869,0.05217092291062181,1.0,0.05217092291062181,1.0
R8892,1.472637281163324,0.05217092291062181,1.0,0.05217092291062181,1.0
R8892,2.3055705848607913,0.05217092291062181,1.0,0.05217092291062181,1.0
R8892,3.6096164274587546,0.05217092291062181,1.0,0.05217092291062181,1.0
R8892,5.651239150488556,0.05217092291062181,1.0,0.05217092291062181,1.0
R8892,8.847617074509655,0.05217092291062181,1.0,0.1,0.8333333333333334
R8892,13.85188731402163,0.05217092291062181,1.0,0.1,0.4166666666666667
R8892,21.686605618721064,0.05217092291062181,1.0,0.1,0.08333333333333333
R8892,33.9526919761953,0.05217092291062181,1.0,0.1,0.0
R8892,53.1565572177533,0.05217092291062181,1.0,0.38,0.0
R8892,83.222254577792,0.05217092291062181,1.0,0.38,0.0
R8892,130.293307533801,0.05217092291062181,1.0,0.38,0.0
R8892,203.9880567310155,0.05217092291062181,1.0,0.38,0.0
R8892,319.36503936014617,0.05217092291062181,1.0,0.38,0.0
R8892,500.0,0.05217092291062181,1.0,0.38,0.0
R8909,0.1,0.1071999591382603,0.9166666666666666,0.38,0.5
R8909,0.1565606557943096,0.1071999591382603,0.9166666666666666,0.38,0.5833333333333334
R8909,0.245112389427443,0.1071999591382603,0.9166666666666666,0.38,0.8333333333333334
R8909,0.38374956432070695,0.1071999591382603,0.9166666666666666,0.1,0.9166666666666666
R8909,0.6008008345083048,0.1071999591382603,1.0,0.1,1.0
R8909,0.9406177265238869,0.1071999591382603,1.0,0.1071999591382603,1.0
R8909,1.472637281163324,0.1071999591382603,1.0,0.1,1.0
R8909,2.3055705848607913,0.1071999591382603,1.0,0.1,1.0
R8909,3.6096164274587546,0.1071999591382603,1.0,0.1,1.0
R8909,5.651239150488556,0.1071999591382603,1.0,0.1,1.0
R8909,8.847617074509655,0.1071999591382603,1.0,0.1,1.0
R8909,13.85188731402163,0.1071999591382603,1.0,0.1071999591382603,1.0
R8909,21.686605618721064,0.1071999591382603,1.0,0.38,0.9166666666666666
R8909,33.9526919761953,0.1071999591382603,1.0,0.38,0.25
R8909,53.1565572177533,0.1071999591382603,1.0,0.38,0.0
R8909,83.222254577792,0.1071999591382603,1.0,0.38,0.0
R8909,130.293307533801,0.1071999591382603,1.0,0.38,0.0
R8909,203.9880567310155,0.1071999591382603,1.0,1.46,0.0
R8909,319.36503936014617,0.1071999591382603,1.0,1.46,0.0
R8909,500.0,0.1071999591382603,1.0,1.46,0.0
R8922,0.1,0.05217092291062181,1.0,0.1,0.9166666666666666
R8922,0.1565606557943096,0.05217092291062181,1.0,0.05217092291062181,1.0
R8922,0.245112389427443,0.05217092291062181,1.0,0.05217092291062181,1.0
R8922,0.38374956432070695,0.05217092291062181,1.0,0.05217092291062181,1.0
R8922,0.6008008345083048,0.05217092291062181,1.0,0.05217092291062181,1.0
R8922,0.9406177265238869,0.05217092291062181,1.0,0.05217092291062181,1.0
R8922,1.472637281163324,0.05217092291062181,1.0,0.05217092291062181,1.0
R8922,2.3055705848607913,0.05217092291062181,1.0,0.05217092291062181,1.0
R8922,3.6096164274587546,0.05217092291062181,1.0,0.05217092291062181,1.0
R8922,5.651239150488556,0.05217092291062181,1.0,0.05217092291062181,1.0
R8922,8.847617074509655,0.05217092291062181,1.0,0.05217092291062181,1.0
R8922,13.85188731402163,0.05217092291062181,1.0,0.05217092291062181,1.0
R8922,21.686605618721064,0.05217092291062181,1.0,0.1,0.5
R8922,33.9526919761953,0.05217092291062181,1.0,0.38,0.08333333333333333
R8922,53.1565572177533,0.05217092291062181,1.0,0.38,0.0
R8922,83.222254577792,0.05217092291062181,1.0,0.38,0.0
R8922,130.293307533801,0.05217092291062181,1.0,0.38,0.0
R8922,203.9880567310155,0.05217092291062181,1.0,5.62,0.0
R8922,319.36503936014617,0.05217092291062181,1.0,5.62,0.0
R8922,500.0,0.05217092291062181,0.9166666666666666,21.5,0.0
R8959,0.1,0.14580139875562764,0.3333333333333333,0.38,0.16666666666666666
R8959,0.1565606557943096,0.14580139875562764,0.4166666666666667,0.38,0.25
R8959,0.245112389427443,0.14580139875562764,0.5,0.38,0.3333333333333333
R8959,0.38374956432070695,0.14580139875562764,0.6666666666666666,0.38,0.5833333333333334
R8959,0.6008008345083048,0.14580139875562764,0.9166666666666666,0.14580139875562764,0.9166666666666666
R8959,0.9406177265238869,0.14580139875562764,1.0,0.38,0.9166666666666666
R8959,1.472637281163324,0.14580139875562764,1.0,0.38,0.9166666666666666
R8959,2.3055705848607913,0.14580139875562764,1.0,0.38,0.9166666666666666
R8959,3.6096164274587546,0.14580139875562764,1.0,0.14580139875562764,1.0
R8959,5.651239150488556,0.14580139875562764,1.0,0.14580139875562764,1.0
R8959,8.847617074509655,0.14580139875562764,1.0,0.14580139875562764,1.0
R8959,13.85188731402163,0.14580139875562764,1.0,0.38,0.8333333333333334
R8959,21.686605618721064,0.14580139875562764,1.0,0.38,0.5833333333333334
R8959,33.9526919761953,0.14580139875562764,1.0,0.38,0.25
R8959,53.1565572177533,0.14580139875562764,1.0,0.38,0.0
R8959,83.222254577792,0.14580139875562764,1.0,0.38,0.0
R8959,130.293307533801,0.14580139875562764,1.0,1.46,0.0
R8959,203.9880567310155,0.14580139875562764,1.0,21.5,0.0
R8959,319.36503936014617,0.14580139875562764,1.0,5.62,0.0
R8959,500.0,0.14580139875562764,1.0,21.5,0.0
R9127,0.1,0.05217092291062181,1.0,0.05217092291062181,1.0
R9127,0.1565606557943096,0.05217092291062181,1.0,0.05217092291062181,1.0
R9127,0.245112389427443,0.05217092291062181,1.0,0.05217092291062181,1.0
R9127,0.38374956432070695,0.05217092291062181,1.0,0.05217092291062181,1.0
R9127,0.6008008345083048,0.05217092291062181,1.0,0.05217092291062181,1.0
R9127,0.9406177265238869,0.05217092291062181,1.0,0.05217092291062181,1.0
R9127,1.472637281163324,0.05217092291062181,1.0,0.05217092291062181,1.0
R9127,2.3055705848607913,0.05217092291062181,1.0,0.05217092291062181,1.0
R9127,3.6096164274587546,0.05217092291062181,1.0,0.1,0.5833333333333334
R9127,5.651239150488556,0.05217092291062181,1.0,0.1,0.5
R9127,8.847617074509655,0.05217092291062181,1.0,0.38,0.4166666666666667
R9127,13.85188731402163,0.05217092291062181,1.0,0.38,0.25
R9127,21.686605618721064,0.05217092291062181,1.0,0.38,0.0
R9127,33.9526919761953,0.05217092291062181,1.0,0.38,0.0
R9127,53.1565572177533,0.05217092291062181,1.0,0.38,0.0
R9127,83.222254577792,0.05217092291062181,1.0,0.38,0.0
R9127,130.293307533801,0.05217092291062181,0.8333333333333334,5.62,0.0
R9127,203.9880567310155,0.05217092291062181,0.6666666666666666,5.62,0.0
R9127,319.36503936014617,0.05217092291062181,0.6666666666666666,5.62,0.0
R9127,500.0,0.05217092291062181,0.75,21.5,0.0
R9699,0.1,0.05498503414055574,1.0,0.38,0.8333333333333334
R9699,0.1565606557943096,0.05498503414055574,1.0,0.1,0.9166666666666666
R9699,0.245112389427443,0.05498503414055574,1.0,0.05498503414055574,1.0
R9699,0.38374956432070695,0.05498503414055574,1.0,0.05498503414055574,1.0
R9699,0.6008008345083048,0.05498503414055574,1.0,0.1,0.9166666666666666
R9699,0.9406177265238869,0.05498503414055574,1.0,0.1,0.9166666666666666
R9699,1.472637281163324,0.05498503414055574,1.0,0.1,0.9166666666666666
R9699,2.3055705848607913,0.05498503414055574,1.0,0.05498503414055574,1.0
R9699,3.6096164274587546,0.05498503414055574,1.0,0.1,0.8333333333333334
R9699,5.651239150488556,0.05498503414055574,1.0,0.05498503414055574,1.0
R9699,8.847617074509655,0.05498503414055574,1.0,0.1,0.6666666666666666
R9699,13.85188731402163,0.05498503414055574,1.0,0.1,0.4166666666666667
R9699,21.686605618721064,0.05498503414055574,1.0,0.38,0.08333333333333333
R9699,33.9526919761953,0.05498503414055574,1.0,0.38,0.0
R9699,53.1565572177533,0.05498503414055574,1.0,0.38,0.0
R9699,83.222254577792,0.05498503414055574,1.0,0.38,0.0
R9699,130.293307533801,0.05498503414055574,1.0,0.38,0.0
R9699,203.9880567310155,0.05498503414055574,1.0,1.46,0.0
R9699,319.36503936014617,0.05498503414055574,1.0,1.46,0.0
R9699,500.0,0.05498503414055574,1.0,5.62,0.0
R9809,0.1,0.27517613114341416,0.3333333333333333,0.38,0.25
R9809,0.1565606557943096,0.27517613114341416,0.4166666666666667,0.38,0.25
R9809,0.245112389427443,0.27517613114341416,0.5,1.46,0.3333333333333333
R9809,0.38374956432070695,0.27517613114341416,0.6666666666666666,0.38,0.5833333333333334
R9809,0.6008008345083048,0.27517613114341416,0.8333333333333334,0.38,0.6666666666666666
R9809,0.9406177265238869,0.27517613114341416,1.0,0.38,0.9166666666666666
R9809,1.472637281163324,0.27517613114341416,1.0,0.38,0.9166666666666666
R9809,2.3055705848607913,0.27517613114341416,1.0,0.38,0.9166666666666666
R9809,3.6096164274587546,0.27517613114341416,1.0,0.27517613114341416,1.0
R9809,5.651239150488556,0.27517613114341416,1.0,0.27517613114341416,1.0
R9809,8.847617074509655,0.27517613114341416,1.0,0.27517613114341416,1.0
R9809,13.85188731402163,0.27517613114341416,1.0,0.27517613114341416,1.0
R9809,21.686605618721064,0.27517613114341416,1.0,0.27517613114341416,1.0
R9809,33.9526919761953,0.27517613114341416,1.0,0.27517613114341416,1.0
R9809,53.1565572177533,0.27517613114341416,1.0,0.27517613114341416,1.0
R9809,83.222254577792,0.27517613114341416,1.0,0.27517613114341416,1.0
R9809,130.293307533801,0.27517613114341416,1.0,0.38,0.6666666666666666
R9809,203.9880567310155,0.27517613114341416,1.0,0.38,0.0
R9809,319.36503936014617,0.27517613114341416,1.0,1.46,0.0
R9809,500.0,0.27517613114341416,1.0,1.46,0.0
R9812,0.1,0.05217092291062181,0.9166666666666666,0.38,0.3333333333333333
R9812,0.1565606557943096,0.05217092291062181,0.9166666666666666,0.38,0.3333333333333333
R9812,0.245112389427443,0.05217092291062181,0.9166666666666666,0.38,0.3333333333333333
R9812,0.38374956432070695,0.05217092291062181,0.9166666666666666,0.38,0.3333333333333333
R9812,0.6008008345083048,0.05217092291062181,0.9166666666666666,0.38,0.4166666666666667
R9812,0.9406177265238869,0.05217092291062181,1.0,0.1,0.75
R9812,1.472637281163324,0.05217092291062181,1.0,0.05217092291062181,1.0
R9812,2.3055705848607913,0.05217092291062181,1.0,0.38,0.9166666666666666
R9812,3.6096164274587546,0.05217092291062181,1.0,0.1,0.9166666666666666
R9812,5.651239150488556,0.05217092291062181,1.0,0.05217092291062181,1.0
R9812,8.847617074509655,0.05217092291062181,1.0,0.1,0.9166666666666666
R9812,13.85188731402163,0.05217092291062181,1.0,0.1,0.9166666666666666
R9812,21.686605618721064,0.05217092291062181,1.0,0.38,0.5833333333333334
R9812,33.9526919761953,0.05217092291062181,1.0,0.38,0.25
R9812,53.1565572177533,0.05217092291062181,1.0,0.38,0.3333333333333333
R9812,83.222254577792,0.05217092291062181,1.0,0.38,0.0
R9812,130.293307533801,0.05217092291062181,1.0,1.46,0.0
R9812,203.9880567310155,0.05217092291062181,1.0,1.46,0.0
R9812,319.36503936014617,0.05217092291062181,1.0,5.62,0.0
R9812,500.0,0.05217092291062181,1.0,5.62,0.0
