rocket_id,regime_label,regime_code,boundary_distance,p_unstable,servo_slew_deg_s,max_gimbal_deg,best_u_max_frac,best_Kp,best_Kd,nominal_success_rate,under_success_rate,over_success_rate,robustness,mass,Iyy,static_margin,Cm_alpha,control_effectiveness,thrust,deadband,backlash,latency_steps,wind_strength,nominal_servo_slew_deg_s,nominal_max_gimbal_deg,design_id
R0001,FRAGILE,1,0,1.74875691392462,57.1678066615695,11.5328497082115,0.7688566472141,20,32,1,1,1,1,1.38934515681956,0.0292390402507645,0.153348068105677,-68.7468408380523,9.51149014008928,47.0397036805421,0.00580170540028696,0.0784798059380087,1,0.447522178291993,57.1678066615695,11.5328497082115,1
R0002,FRAGILE,1,0,0.495089696873019,118.574420400222,8.97247023471638,0.598164682314425,20,8,1,1,0,0.666666666666667,1.00961438484216,0.0200965688098545,0.0537680593573511,-52.7362451303642,5.07877774677627,42.4581153455162,0.0558071618146923,0.156871835027196,2,0.0970363747746888,118.574420400222,8.97247023471638,2
R0003,EASY,2,1.76605215170474,0.557219710423809,113.137095328771,12.6757245895913,0.845048305972753,20,32,1,1,1,1,1.38458287306853,0.0296485287745042,0.0496070714665166,-64.1291463070796,8.3214310423868,42.189707318173,0.116814569471195,0.0718253757854567,2,0.379941450926404,113.137095328771,12.6757245895913,3
R0004,EASY,2,2.50083864421981,1.1991109480319,94.8470270377612,9.42138332152181,0.628092221434787,20,16,1,1,1,1,0.908514405683169,0.0205104475277363,0.230091787109936,-31.0488489541566,7.15607353073461,45.9447470098464,0.0574564905199145,0.00690753721081272,3,0.188432797784783,94.8470270377612,9.42138332152181,4
R0005,INFEASIBLE,0,-2.3589010713868,1.33872944482295,63.1145118831468,12.8548745299019,0.856991635326796,20,32,0,0,0,0,1.11204587110136,0.0342269313231786,0.22017012989609,-32.4435393139245,13.4443721191988,36.8509743337282,0.0260373022405435,0.0784086440636101,4,0.427519207075335,63.1145118831468,12.8548745299019,5
R0006,INFEASIBLE,0,-2.95095954355116,0.973857613546594,49.3227866788338,12.6853343148702,0.845688954324679,20,32,0,0,0,0,1.08370293580171,0.032280244264444,0.154822743827532,-30.1805330877061,13.0529268692594,29.7984560349739,0.141953109428772,0.154000635596988,2,0.144626628576831,49.3227866788338,12.6853343148702,6
R0007,INFEASIBLE,0,-1.95741869453811,2.33097960823918,57.7253779874003,11.7957439254546,0.786382928363637,45,32,0,0,0,0,1.31023657993007,0.0253102963028736,0.234026994909445,-60.9750744322867,12.3471058571416,48.5088522158642,0.0636788599484207,0.0872078876325106,1,0.389903069680897,57.7253779874003,11.7957439254546,7
R0008,FRAGILE,1,0,0.405068101942924,20.2584759606533,8.84967345340841,0.589978230227228,20,32,1,1,1,1,0.912860544630812,0.0336552090748524,0.0595234750801887,-38.8198900589046,11.8498507249481,42.1202000853131,0.102109966124307,0.102564718350812,6,0.400162105757128,20.2584759606533,8.84967345340841,8
R0009,INFEASIBLE,0,-2.13234321234149,2.5601625306315,38.6886292528642,9.88415459703834,0.658943639802556,20,32,0,0,0,0,1.82624721920851,0.032622886135899,0.222563920556776,-62.3891727167245,7.99890970631136,38.0762581478645,0.0569286363844576,0.140468474242086,4,0.404678380476181,38.6886292528642,9.88415459703834,9
R0010,INFEASIBLE,0,-2.53576519201236,2.00597484825827,78.1700200695701,10.1520458192348,0.676803054615652,20,32,0,0,0,0,1.81903841871754,0.0119596748343554,0.198135697211566,-56.0253064357404,5.56253117319979,39.6373239895957,0.0287658759760454,0.20910771982336,2,0.137900229115937,78.1700200695701,10.1520458192348,10
R0011,INFEASIBLE,0,-2.3435897947541,0.92465577857345,80.6318553479649,14.8441568169112,0.98961045446075,20,32,0,0,0,0,1.56539638622887,0.0204974329923512,0.116498853075145,-41.5229486255645,6.97243314093461,35.4258967473773,0.0634113250368758,0.23314107850719,1,0.314759012627019,80.6318553479649,14.8441568169112,11
R0012,INFEASIBLE,0,-2.30581693854997,1.57029861023339,69.2560944014802,14.2537667787734,0.950251118584895,20,32,0,0,0,0,2.06056819004579,0.0344725094049497,0.172351217898163,-48.3047665922947,12.8996580290909,36.3835903823169,0.0113085035778108,0.110857446035002,1,0.417414986497154,69.2560944014802,14.2537667787734,12
R0013,EASY,2,1.76174068612502,1.74142194815598,50.5615050103481,14.9549116949987,0.996994112999911,20,32,1,1,1,1,1.26805310018503,0.0224498976836082,0.163878093089388,-53.5975032831659,5.2357138624816,32.9294329472051,0.0372628669366752,0.0430512472611017,5,0.0688247119277637,50.5615050103481,14.9549116949987,13
R0014,FRAGILE,1,0,1.01367181702094,35.1344842562956,13.717344349764,0.9144896233176,20,32,1,1,1,1,2.03501082401955,0.0313799865674705,0.174233523277967,-31.7224108673487,10.4015568971766,38.4824241697421,0.130641991047265,0.110683845640919,5,0.36821895287928,35.1344842562956,13.717344349764,14
R0015,INFEASIBLE,0,-2.39919603204468,1.42305047638897,108.425510845006,12.422546342601,0.828169756173402,20,32,0,0,0,0,1.53029394971029,0.0320947619744671,0.188717241981724,-46.2328150155821,11.5922944138261,48.6569165659124,0.00588944260965516,0.180254159296787,4,0.232109269692971,108.425510845006,12.422546342601,15
R0016,INFEASIBLE,0,-2.3088980882603,1.96440612338885,57.8691729130659,11.689520070209,0.779301338013933,20,32,0,0,0,0,1.92997297719573,0.014841617563597,0.162711577644674,-68.9183330183288,11.7908858344041,42.179870222254,0.0259088934926046,0.248237237161317,3,0.384240386706299,57.8691729130659,11.689520070209,16
R0017,INFEASIBLE,0,-2.85998283269653,2.82258971464149,87.0208318288587,14.6522140101224,0.976814267341493,80,32,0,0,0,0,1.88034100749404,0.0265650488355112,0.228459470317643,-66.0811519721913,5.63584588149205,37.0287788091306,0.00185439284801292,0.176840130358406,3,0.199357722613609,87.0208318288587,14.6522140101224,17
R0018,INFEASIBLE,0,-2.89707947195392,1.00512803670732,20.6100435408036,11.1763751715842,0.745091678105612,20,8,0,0,0,0,1.59475861137661,0.0375380614774468,0.0707466314272095,-68.912326450283,13.4677876908007,30.452569147555,0.0663496086418474,0.188698746182476,3,0.23807234374195,20.6100435408036,11.1763751715842,18
R0019,FRAGILE,1,0,1.49738163824029,107.551214475534,14.6252504513926,0.975016696759504,20,32,1,0,0,0.333333333333333,0.975355328074139,0.0250476907947975,0.152315526079534,-58.9247743174651,6.21896589011316,46.5029555544729,0.075299246837293,0.0967384996511965,4,0.335347998117501,107.551214475534,14.6252504513926,19
R0020,INFEASIBLE,0,-2.74642889198135,1.67009848782987,22.0116883998148,13.3050026565409,0.887000177102723,20,32,0,0,0,0,1.02772414922739,0.0163792906135246,0.213297628097119,-45.3213671335281,6.58550210280305,43.3665873603426,0.01881660434983,0.15001770578021,6,0.102301803606212,22.0116883998148,13.3050026565409,20
R0021,INFEASIBLE,0,-2.53625502082744,0.954742232675657,102.578319235537,11.8338117996285,0.7889207866419,20,32,0,0,0,0,0.966515409463962,0.0140296750758365,0.115126747576557,-49.7436395571465,13.2911885196597,46.5711193376889,0.0909987432020686,0.242625220581325,4,0.301786716438341,102.578319235537,11.8338117996285,21
R0022,INFEASIBLE,0,-2.3046466979241,0.828633901623117,65.8291600590685,10.9267094299469,0.728447295329791,20,32,0,0,0,0,1.8147440271182,0.0191872353593384,0.139590988736759,-36.206400251276,12.4000829972258,48.1527866426337,0.140778422650322,0.167585319196424,3,0.282805033676732,65.8291600590685,10.9267094299469,22
R0023,INFEASIBLE,0,-2.11716088088649,1.54901471799251,77.7850096909772,13.6169760328018,0.907798402186787,20,32,0,0,0,0,1.4438414098953,0.0243963317975322,0.209313543842327,-42.7347878357687,10.9687012680063,43.1626434138902,0.082177092672843,0.124533976013628,4,0.107026367360254,77.7850096909772,13.6169760328018,23
R0024,EASY,2,2.15624520153268,0.819320869568243,62.8436665932055,14.8884149151668,0.992560994344455,20,32,1,1,1,1,1.39483971268195,0.0231992181445174,0.103973363301568,-38.3534632880953,8.56788838844033,30.662437844588,0.13232105446698,0.018624611901716,1,0.449271584286597,62.8436665932055,14.8884149151668,24
R0025,INFEASIBLE,0,-1.72655925508293,0.508358006233757,56.7749960623854,13.345501434044,0.889700095602937,20,32,0,0,0,0,1.94947831513941,0.0391071838503785,0.0512502504763836,-48.5210546557803,8.80796976509452,30.9723722579894,0.148956776792656,0.194278685025921,5,0.0842222848613063,56.7749960623854,13.345501434044,25
R0026,FRAGILE,1,0,0.949309461813707,76.1577961348766,10.623258231627,0.708217215441799,20,32,1,1,1,1,0.964752475889994,0.0161317852289107,0.121360143857996,-41.8460479444292,5.2069045221882,37.0430552856156,0.0876947043280707,0.20775334462322,5,0.199024492284876,76.1577961348766,10.623258231627,26
R0027,EASY,2,2.35777572671948,0.634502351099088,75.6802046941443,12.2529730608371,0.816864870722474,20,8,1,1,1,1,2.05794574414859,0.0243940578932158,0.0724640399287104,-53.6929031978832,11.0500952217397,48.6713895285441,0.00468181358108504,0.000633871925203494,2,0.188101483792342,75.6802046941443,12.2529730608371,27
R0028,FRAGILE,1,0,0.264238221323428,115.718965883738,13.3941857219284,0.89294571479523,20,32,1,1,0,0.666666666666667,1.4655080865421,0.0291465744127955,0.0466458570924024,-34.0335276581105,9.08440900520384,46.7207893404463,0.113439952802461,0.0858510609542507,1,0.439826872745272,115.718965883738,13.3941857219284,28
R0029,INFEASIBLE,0,-2.33439962803699,1.37413375947269,105.386247151644,11.8919237492751,0.792794916618337,20,32,0,0,0,0,1.4951277308296,0.0367102973614622,0.125136456022972,-67.7766364233404,10.6157367143366,49.3095529263683,0.114169935869527,0.179919835812738,5,0.295394144868058,105.386247151644,11.8919237492751,29
R0030,INFEASIBLE,0,-2.43326676027905,0.924794759741571,88.874770390019,10.751108024977,0.716740534998466,20,32,0,0,0,0,2.0301271770979,0.0275227105091304,0.12379565870853,-36.4733656547524,12.1372796347156,30.8555397532115,0.0587569079484338,0.235116897429174,4,0.296185675569152,88.874770390019,10.751108024977,30
R0031,EASY,2,2.09076899605229,1.22391786414936,50.6251419996716,8.26296410821432,0.550864273880955,20,32,1,1,1,1,1.55053473785404,0.0387227732793668,0.0958971740183937,-63.3231420348963,5.93842765075774,31.8634898363824,0.128099132975184,0.0679223452672061,5,0.424142540886589,50.6251419996716,8.26296410821432,31
R0032,FRAGILE,1,0,0.560792774640099,92.6770684734691,8.05235054440014,0.536823369626676,45,32,1,0,1,0.666666666666667,1.18304119625619,0.014292632442026,0.0660108693554616,-49.4124676713263,5.4409309763934,43.788546473615,0.093001216438143,0.181732221316272,1,0.0914640464827623,92.6770684734691,8.05235054440014,32
R0033,INFEASIBLE,0,-2.55704934823606,0.483889439859823,61.1184810321347,12.8082936565368,0.853886243769117,20,32,0,0,0,0,2.05453484969819,0.0258604416661618,0.051684269798723,-57.0217312653067,12.8085953950291,48.0138615762172,0.145302675916939,0.212725365263102,4,0.210898708225142,61.1184810321347,12.8082936565368,33
R0034,INFEASIBLE,0,-1.76345962555919,1.71718061666451,108.023648848835,13.6206523537427,0.908043490249514,20,32,0,1,0,0.333333333333333,1.29465430434051,0.0119860131865267,0.203593043219034,-48.9932556777226,10.2678197262544,43.674492783486,0.106804751818445,0.0849509675343849,3,0.0886648156449824,108.023648848835,13.6206523537427,34
R0035,INFEASIBLE,0,-1.93127034964659,0.963625790797133,67.363632387313,10.7162830917325,0.714418872782165,20,32,0,0,0,0,1.09683826251258,0.0104564764461419,0.142687740449577,-32.0479542413665,6.09151519412168,29.1486517781145,0.0577618780313528,0.215099293223172,6,0.330666701101411,67.363632387313,10.7162830917325,35
R0036,EASY,2,2.30502628840316,1.09288174703309,32.3200063523552,13.3815321544746,0.89210214363164,20,32,1,1,1,1,1.15755704884745,0.012212325449607,0.110036149941322,-60.5669742401325,13.6149067174929,48.1346192559027,0.141353514620066,0.0171657129889737,1,0.394939648270538,32.3200063523552,13.3815321544746,36
R0037,INFEASIBLE,0,-2.08067794583905,0.970122511609162,118.229457229433,8.59687382315794,0.573124921543863,20,32,0,0,0,0,1.36545659868195,0.0153618626197643,0.109524353495566,-41.397089237373,8.87706952663092,28.2728246600207,0.103661961802412,0.186340467086901,4,0.349180440037173,118.229457229433,8.59687382315794,37
R0038,EASY,2,2.45007525554802,2.12927493046043,71.2246991896299,8.07661793621317,0.538441195747545,20,8,1,1,1,1,1.09544705568642,0.0337136127124836,0.212973545257752,-44.109302185119,5.64109946541316,25.1947220006343,0.0619471322672073,0.022234829198465,4,0.285863009194538,71.2246991896299,8.07661793621317,38
R0039,EASY,2,1.96583190123172,1.35409545727019,65.8469292140457,8.69927674258563,0.579951782839042,20,32,1,1,1,1,1.97955381810403,0.0305251155364538,0.173492565139136,-40.5258001370466,6.44416731783639,34.8969706244489,0.142297027955042,0.0590187017225519,5,0.407668835737126,65.8469292140457,8.69927674258563,39
R0040,EASY,2,2.54086988952863,1.33109866018323,98.2057273098239,11.4956746281298,0.766378308541986,20,16,1,1,1,1,1.52765381670881,0.0148925605299854,0.227438498581516,-30.7243585515914,7.0176978551797,35.6725761130982,0.131382213666597,0.0179504499173321,1,0.394206268553204,98.2057273098239,11.4956746281298,40
R0041,EASY,2,2.02258091853598,1.0235781740607,92.1579534215658,12.2304636984604,0.815364246564027,20,32,1,1,1,1,1.97433595418406,0.0327710045569929,0.132824892111411,-47.2744380105466,8.26705805608907,48.7114454220428,0.111759313063582,0.0672819441099207,3,0.0689306169336965,92.1579534215658,12.2304636984604,41
R0042,INFEASIBLE,0,-2.36068642390159,2.11193794718717,23.4904445249989,14.8608256163736,0.990721707758239,20,8,0,0,0,0,1.24948676863055,0.0269770978331428,0.170039401327313,-68.4558660660103,13.6208687158798,39.3205444690013,0.0120825031099294,0.0566205327559517,6,0.343875490369958,23.4904445249989,14.8608256163736,42
R0043,INFEASIBLE,0,-2.0372584119122,1.85074819672624,55.1800199225152,10.8883841255904,0.72589227503936,20,32,0,0,0,0,1.69220382509684,0.0341375591456046,0.18796438775868,-59.4065947424143,10.7669096870301,47.1180331944796,0.120982181484581,0.138639488299107,2,0.264828848954303,55.1800199225152,10.8883841255904,43
R0044,INFEASIBLE,0,-2.13672725137575,0.547616812680281,45.5087901264312,13.9691396647618,0.931275977650788,20,32,0,0,1,0.333333333333333,2.00853114105342,0.0371666294174657,0.0978194054561741,-32.9625984019746,13.6530421843701,44.8746141149656,0.0939930213481099,0.0636862922740759,2,0.332709665753217,45.5087901264312,13.9691396647618,44
R0045,INFEASIBLE,0,-2.36652679096871,2.00977003167781,62.2714358405138,9.6228278982374,0.641521859882494,20,32,0,0,0,0,1.37836009453666,0.0146089464433031,0.199055225185984,-47.4433499259643,13.4807081000003,28.580280220945,0.0989980251055121,0.113092487663182,5,0.318551575578666,62.2714358405138,9.6228278982374,45
R0046,INFEASIBLE,0,-1.92390674708578,0.869616509824396,100.445568970387,14.6653406084591,0.977689373897271,20,16,0,1,0,0.333333333333333,1.47410741300131,0.0108745066895163,0.134868827719207,-36.6896964244348,10.838694296811,41.9099561493939,0.12348887280038,0.0729823183710755,5,0.391902172648134,100.445568970387,14.6653406084591,46
R0047,INFEASIBLE,0,-1.93263428260148,1.80649011222153,83.4334772564913,14.498478308068,0.966565220537867,20,32,0,0,0,0,0.955974790224226,0.0323782461105303,0.173026720565623,-62.0288476621985,12.6100702351117,45.6881905891422,0.0275698967353846,0.101856315505977,2,0.353031418529944,83.4334772564913,14.498478308068,47
R0048,EASY,2,2.10149726434855,0.602568921563469,24.3962638797271,14.168563810619,0.944570920707933,20,32,1,1,1,1,1.45776078225855,0.0307965954167621,0.0708418461883972,-51.5305642043565,5.57469729004521,47.5069814419928,0.108292937352943,0.0483436050982381,2,0.133606542463547,24.3962638797271,14.168563810619,48
R0049,INFEASIBLE,0,-2.5022222712193,1.55494474898388,97.6244778116524,13.8562717761019,0.923751451740124,20,32,0,0,0,0,0.969834590105567,0.0325093713799456,0.182980214653091,-37.9336329161858,6.04852306437838,25.7922109880633,0.0659959725356924,0.182687174377105,3,0.32189537475993,97.6244778116524,13.8562717761019,49
R0050,INFEASIBLE,0,-2.21346454666912,1.23934929476933,87.8074429798532,12.8635773426043,0.857571822840289,20,32,0,0,0,0,1.38783465060742,0.0213891869253004,0.108840132490948,-54.5349689728241,8.76906359416384,29.6894514433354,0.0997820107928752,0.232799798635674,4,0.270569374131941,87.8074429798532,12.8635773426043,50
R0051,FRAGILE,1,0,1.0874869128114,60.0413761499058,10.1687885251467,0.677919235009777,20,32,1,0,0,0.333333333333333,1.71328391178937,0.0397362303079149,0.151825197101575,-33.7574534628073,8.55844010007423,28.7501649747955,0.147686602007516,0.0744954677072258,6,0.268878011059974,60.0413761499058,10.1687885251467,51
R0052,FRAGILE,1,0,2.04779058024359,108.999286713724,13.1539789780577,0.876931931870513,20,32,1,1,0,0.666666666666667,1.42715974196689,0.0258058546655649,0.228008986596378,-44.8217225498791,13.6493094121646,32.2382374533769,0.0803133227290676,0.0693452374324707,5,0.435005742815801,108.999286713724,13.1539789780577,52
R0053,INFEASIBLE,0,-1.81077589157901,1.82399310907265,106.934588022103,8.92586914140801,0.595057942760534,20,32,0,1,0,0.333333333333333,1.57506543024941,0.0306749884121511,0.204156193048786,-41.6997447369366,12.5043752880263,28.1972581869791,0.112952353865042,0.101567225381918,6,0.286916695572564,106.934588022103,8.92586914140801,53
R0054,INFEASIBLE,0,-2.2403835125993,0.489714434542452,27.865202888137,10.7030307079682,0.713535380531212,20,8,0,0,0,0,1.38369066552177,0.0120939431996473,0.0653071611286515,-42.3489321533416,5.32315791169948,41.2840300589937,0.0863218180770166,0.193611173076949,1,0.316378661438529,27.865202888137,10.7030307079682,54
R0055,INFEASIBLE,0,-1.91555594660132,0.646233347863601,119.562555680163,13.3656368135707,0.89104245423805,20,32,0,1,0,0.333333333333333,1.86005490932894,0.0360299101275506,0.0755506047967129,-48.822862765369,5.00828711494488,42.1701357447832,0.00699712627507759,0.192554928355909,2,0.0917355176510741,119.562555680163,13.3656368135707,55
R0056,INFEASIBLE,0,-1.89841013637876,2.69060803856473,85.5244475226544,9.61021917662383,0.640681278441589,20,32,0,0,0,0,1.67762289857915,0.0285785401884221,0.212523305394012,-69.6718956404658,10.8522756554005,39.2002524784517,0.106068793360354,0.155036486945089,3,0.321147546851304,85.5244475226544,9.61021917662383,56
R0057,EASY,2,2.20176482160736,2.26816149367878,22.7043652059856,12.0470498733783,0.803136658225219,20,32,1,1,1,1,1.69569877315527,0.0240811688549567,0.228994675246548,-49.6372276901059,9.62556964943382,32.5071738281314,0.128141722123928,0.0208682592171852,5,0.166532528860578,22.7043652059856,12.0470498733783,57
R0058,EASY,2,1.86317373671845,0.95158865994297,109.808937933452,14.9114566516393,0.994097110109288,20,8,1,1,1,1,1.01303819587343,0.0161833871461804,0.11878091344297,-48.3702039147923,10.1934037343551,47.1858735171754,0.135858035811379,0.00467883055545793,3,0.440113076192892,109.808937933452,14.9114566516393,58
R0059,INFEASIBLE,0,-2.18037001130797,1.37364247568296,54.7270943365293,9.81882864610818,0.654588576407212,20,32,0,0,0,0,1.98690707542033,0.020935374877677,0.17402814603715,-44.0202355260654,11.2297437402018,40.2585051368903,0.144303711468443,0.178311159103633,5,0.309130005906534,54.7270943365293,9.81882864610818,59
R0060,EASY,2,2.19173840571995,0.893409375150616,81.9677550615551,10.4460805899617,0.696405372664116,20,32,1,1,1,1,1.58634177545283,0.0250191730498748,0.0718327351709387,-57.9629915028755,13.7417824261264,28.1129704367786,0.0584296106386649,0.0380114096718759,6,0.214722404030007,81.9677550615551,10.4460805899617,60
R0061,INFEASIBLE,0,-1.51588958709555,0.915548455232657,108.651124637392,13.4605679830495,0.897371198869969,20,32,0,0,0,0,1.44011110645491,0.0186820726881805,0.127118609848852,-41.8032832523466,9.85104311827266,43.6051459086981,0.0834628061035531,0.137188782791205,3,0.383039169456904,108.651124637392,13.4605679830495,61
R0062,INFEASIBLE,0,-2.24694330468675,0.389466002039157,70.1439492505483,14.1985223600145,0.946568157334302,20,32,0,0,0,0,1.65113821284991,0.0199678551373082,0.0567714956809252,-32.0810747085151,13.43643207451,28.3061459547093,0.0263362525619553,0.13180066353778,3,0.164313281293971,70.1439492505483,14.1985223600145,62
R0063,INFEASIBLE,0,-2.20176482160736,2.06515852161998,29.2496832617639,11.6153438878223,0.774356259188156,20,8,0,0,0,0,1.49763248429749,0.0200451008277026,0.208046369246054,-50.729861986617,13.1743027960375,33.8066559088886,0.141564073942444,0.185882494000883,6,0.0943401417856858,29.2496832617639,11.6153438878223,63
R0064,EASY,2,1.92390674708578,1.37917207681966,114.558791523701,14.4732598048177,0.964883986987846,20,16,1,1,1,1,1.42530546623984,0.0137472786034816,0.122976678551151,-65.1873106656687,8.12549963555822,43.7316730617674,0.149776341392681,0.0526236007250481,5,0.36895479769817,114.558791523701,14.4732598048177,64
R0065,EASY,2,1.71986985358835,1.30796745621262,31.6821084414599,11.301348049228,0.753423203281868,20,32,1,1,1,1,1.22232881249809,0.0105737550376507,0.203140377721923,-36.9804753954244,6.65035413995989,42.6977481621889,0.00666036254262454,0.0153841169361911,3,0.379608114555643,31.6821084414599,11.301348049228,65
R0066,INFEASIBLE,0,-1.68675917580228,0.967765913293524,55.424077566215,9.65733315579491,0.643822210386327,20,32,0,0,1,0.333333333333333,1.95975402542899,0.020196584850256,0.0773579987375969,-69.5564380448429,13.8806552944163,40.0134348752952,0.0388993972381441,0.104422085614288,4,0.382378861360078,55.424077566215,9.65733315579491,66
R0067,INFEASIBLE,0,-2.2478900296425,1.47990612712603,38.8666934560305,11.6449333134406,0.776328887562706,20,32,0,0,0,0,1.12671389811194,0.0210667688910963,0.13642340768982,-63.1761199587643,12.4423723671541,43.9012318775485,0.0622834759566884,0.15696552664153,2,0.327086303936407,38.8666934560305,11.6449333134406,67
R0068,EASY,2,1.79624321171574,1.10059035356967,82.8109852550678,9.29480791907996,0.619653861271998,20,32,1,1,1,1,1.22340521566617,0.0308280903995372,0.168394296765695,-39.5650304232258,9.9490127058088,47.4337781755593,0.0674653565236397,0.0706387391500133,4,0.33898006911981,82.8109852550678,9.29480791907996,68
R0069,INFEASIBLE,0,-1.98736681152116,1.23303946445141,85.2171476357784,14.6891922228583,0.979279481523886,20,32,0,0,0,0,0.922083394052495,0.0183590090935499,0.113524625463194,-56.2652092761142,13.2495079998273,34.7350106335915,0.100761505336953,0.150588693838378,2,0.261776150752791,85.2171476357784,14.6891922228583,69
R0070,INFEASIBLE,0,-1.79370677317905,2.0399282151316,76.4277401114236,8.89441376612159,0.592960917741439,20,32,0,0,0,0,1.39695123123866,0.0246629802600491,0.15204604937719,-62.1207318690841,5.7923642530247,27.7494893294554,0.0654042742203285,0.196690595848927,2,0.2722456395907,76.4277401114236,8.89441376612159,70
R0071,EASY,2,2.17594866685809,1.29302520266767,97.9640751241051,12.2384918499201,0.81589945666134,20,8,1,1,1,1,2.03621258538876,0.0198174224240573,0.135904168355427,-53.9745350258193,10.3665598049262,41.6572648351114,0.0702085311653718,0.0296292630360526,4,0.365058386728269,97.9640751241051,12.2384918499201,71
R0072,INFEASIBLE,0,-2.37579382428079,1.39364220337855,77.6846162747841,8.34143018150055,0.55609534543337,20,32,0,0,0,0,2.00254131238346,0.0249514581410513,0.192393216611588,-43.9852829920319,12.1282958033311,47.7257838828271,0.0392410256096638,0.235793455556567,2,0.129188851001891,77.6846162747841,8.34143018150055,72
R0073,INFEASIBLE,0,-2.67518345916048,0.902205801485929,42.782923252298,13.7775592408753,0.918503949391688,20,32,0,0,0,0,1.02060144983275,0.0162506453811891,0.12959279620006,-42.6392556259056,12.3160013979208,48.5546777733473,0.0353660142105571,0.221587215175504,6,0.411900155021087,42.782923252298,13.7775592408753,73
R0074,INFEASIBLE,0,-2.20793368104309,0.802858484283418,79.342041858025,10.8258247343801,0.721721648958676,20,32,0,0,0,0,1.97114118288928,0.0165380888017268,0.0847828845527577,-43.7484591301669,11.2468225401189,27.6264609710499,0.0384705190901965,0.249222913943048,2,0.274472620973033,79.342041858025,10.8258247343801,74
R0075,EASY,2,2.01626979324482,2.60148724136175,77.437593107029,14.7506137981298,0.983374253208655,20,8,1,1,1,1,0.970287326125141,0.0170849015726045,0.191564977656198,-60.6825672394663,8.55490565988892,25.845091535566,0.116283887178814,0.0157896795401724,1,0.139957953115396,77.437593107029,14.7506137981298,75
R0076,EASY,2,1.91199599196601,1.52370368119634,82.452275220876,10.6412042554074,0.709413617027162,20,32,1,1,1,1,2.00531858674645,0.020451958398257,0.129441974626957,-62.6811361695564,10.4238389995262,36.7015412396483,0.129014693252136,0.0574232134463261,3,0.406899190002443,82.452275220876,10.6412042554074,76
R0077,EASY,2,2.14233586919657,1.46416963699384,74.3574530304535,14.8467570436472,0.989783802909811,20,16,1,1,1,1,1.45483224495925,0.0104240370900073,0.206893359242214,-42.9368470836875,11.8389910467829,47.6466056754771,0.126705750013164,0.00734447643369705,1,0.369808849633841,74.3574530304535,14.8467570436472,77
R0078,INFEASIBLE,0,-1.99236485932736,2.63423128686189,40.5008036547306,14.3877167950066,0.959181119667108,20,32,0,0,0,0,1.09244495942173,0.0257913795985806,0.218828933363279,-61.804193356677,12.2344348804433,34.1192064726304,0.0472890243977473,0.0477115736296186,2,0.147598273123475,40.5008036547306,14.3877167950066,78
R0079,INFEASIBLE,0,-1.82651846344821,0.523799480776154,66.6451028841847,10.9961828223685,0.733078854824564,20,32,0,0,0,0,1.78027526249735,0.012058680462421,0.0587514610258929,-53.3581808978507,7.66737989770031,46.3629009527286,0.0857861867308328,0.134921002107281,3,0.355785156486813,66.6451028841847,10.9961828223685,79
R0080,EASY,2,2.2572041566392,0.989056250848734,38.5373191263813,13.3908250245436,0.892721668302907,20,8,1,1,1,1,1.32591947334123,0.0124213648231548,0.0822272209325753,-64.3078258007706,9.74613560377802,36.9980002743455,0.03557615117551,0.0091367669561814,5,0.246353318720594,38.5373191263813,13.3908250245436,80
R0081,EASY,2,1.49908249290251,0.440656610859173,48.7095463601689,9.77071286985928,0.651380857990619,20,8,1,1,1,1,1.06633596163869,0.033544040776938,0.0619964019326575,-43.105976854531,8.40765716083154,47.6067715073143,0.143852930343045,0.016846265577698,5,0.297937511160232,48.7095463601689,9.77071286985928,81
R0082,INFEASIBLE,0,-2.02570904252015,1.68751475254687,49.8160959659774,10.8297264571879,0.721981763812525,20,32,0,0,0,0,1.2275163375748,0.013971504790853,0.194747424011024,-50.9691620448801,6.35453161462819,44.7841805131578,0.0902963829435013,0.119220264800374,4,0.41050968990781,49.8160959659774,10.8297264571879,82
R0083,INFEASIBLE,0,-2.47799888879536,0.659340788717715,50.168220110418,9.14529398212809,0.609686265475206,20,32,0,0,0,0,1.82084717407235,0.0320597112220057,0.101813788108155,-39.8837306757391,13.6696461554392,49.0960115876001,0.102760009165507,0.184478170381934,4,0.329871848221307,50.168220110418,9.14529398212809,83
R0084,INFEASIBLE,0,-2.33250921645051,1.20296834056166,49.386790824689,13.9523180058359,0.930154533722396,20,32,0,0,0,0,1.53961373701888,0.0208848474310076,0.125145384901469,-59.165933725511,13.862749936586,49.037247352382,0.110284893589525,0.204895177986553,5,0.160194325837797,49.386790824689,13.9523180058359,84
R0085,INFEASIBLE,0,-2.12037616231659,1.13353364060862,33.3943068296348,8.55825796550022,0.570550531033348,20,32,0,0,0,0,1.51846324922205,0.0228254049550188,0.123242528928758,-44.7257409250654,12.053521835277,30.6075678271194,0.031953779603638,0.141531343057736,4,0.146624851586921,33.3943068296348,8.55825796550022,85
R0086,INFEASIBLE,0,-2.17340445618777,0.959245343346924,48.3611908432215,14.945218689938,0.996347912662536,20,32,0,0,0,0,1.00034614038391,0.0273253020734638,0.0930820633187551,-46.325492529462,9.97540527280485,26.1561640074147,0.118838628632546,0.172938359200461,2,0.237916069369665,48.3611908432215,14.945218689938,86
R0087,INFEASIBLE,0,-2.51717482626033,0.603365248018998,71.2800664444191,9.71594843115489,0.647729895410326,20,32,0,0,0,0,1.61769473331814,0.0241241056021431,0.0834831724036827,-35.3676466425756,11.3696699594222,30.9963806820013,0.106419778741664,0.222022336731699,6,0.108332989220308,71.2800664444191,9.71594843115489,87
R0088,EASY,2,1.97742361354575,0.884433872495526,36.5588465335053,9.85310194382739,0.656873462921826,20,32,1,1,1,1,1.78200627108256,0.0182227351993187,0.17998376978658,-30.4575995635616,8.90211835358702,49.7265874176808,0.00374505778861875,0.0341036092725529,2,0.306927870738378,36.5588465335053,9.85310194382739,88
R0089,FRAGILE,1,0,1.9245029771228,39.8559368789245,12.6502698151944,0.843351321012959,20,32,1,0,0,0.333333333333333,1.90294091061075,0.0237836944006389,0.208556369032522,-48.794085783822,7.50432434402612,36.1914070235836,0.11615312471276,0.0646473959035071,1,0.337964819213269,39.8559368789245,12.6502698151944,89
R0090,EASY,2,2.12911528490892,2.1414638579299,41.9280535328225,12.4938270571484,0.832921803809892,20,32,1,1,1,1,1.30455979141738,0.0373273337140286,0.199568766731531,-61.7507390988456,8.21814883431965,42.8656413636062,0.0551797006968701,0.00271892411852599,2,0.2151894146018,41.9280535328225,12.4938270571484,90
R0091,INFEASIBLE,0,-2.13514873541124,0.777199856436097,92.5768664084393,13.6347541139576,0.908983607597175,20,32,0,0,0,0,0.905790474242593,0.0357571527302808,0.117619566807977,-32.6730101839623,10.2239719845712,31.6470607743509,0.096244321801389,0.157948244960681,4,0.421115352380969,92.5768664084393,13.6347541139576,91
R0092,INFEASIBLE,0,-2.23633052402759,2.94130075327674,78.585278787955,11.2441301955478,0.749608679703184,20,32,0,0,0,0,1.1792517645596,0.0291152965758297,0.20598273858174,-67.4727569827222,9.0451198291805,28.9002138702102,0.0657933342890455,0.128786023468537,4,0.283525645434847,78.585278787955,11.2441301955478,92
R0093,INFEASIBLE,0,-2.30892471538738,0.999909527967228,85.8394397714139,8.45065591136249,0.563377060757499,20,32,0,0,0,0,1.79958241852966,0.0317784794752189,0.104358033664111,-58.8364641037553,12.1001193688856,48.8073073345221,0.0396468088186585,0.187872595861562,2,0.183408891861842,85.8394397714139,8.45065591136249,93
R0094,INFEASIBLE,0,-2.35176359619901,2.07624146661355,41.6608880194163,13.8407814735245,0.922718764901632,20,32,0,0,0,0,1.61320211643078,0.028474758243238,0.146427810704265,-63.2532533537475,5.3017704758892,25.7583778738447,0.143344394873126,0.176660168231478,4,0.161363222739213,41.6608880194163,13.8407814735245,94
R0095,INFEASIBLE,0,-2.09335411339235,1.48833461719367,50.5164855995703,9.29923110185945,0.619948740123963,20,32,0,0,0,0,1.30051766480428,0.0387066874387443,0.137256910036412,-63.0392897302859,10.9833864390799,43.7472994383769,0.0731912627568003,0.0913597160404812,2,0.117117690295734,50.5164855995703,9.29923110185945,95
R0096,INFEASIBLE,0,-2.77327211325302,1.65961723855741,27.6373082187392,10.5400426525975,0.702669510173164,20,8,0,0,0,0,2.01104982055076,0.0398547646345511,0.145971880016572,-56.8710492113689,9.858464619743,32.3866752697492,0.0809383023442623,0.214864025937103,5,0.309324564185975,27.6373082187392,10.5400426525975,96
R0097,INFEASIBLE,0,-1.82626788439052,1.17059386326206,97.7144243168897,11.4395371469768,0.762635809798454,20,32,0,1,0,0.333333333333333,2.01545419954481,0.0238789977119612,0.0979493601846809,-58.876970535046,8.89040088713386,31.4154286083376,0.0726851396601946,0.0912387340715178,5,0.10266316146605,97.7144243168897,11.4395371469768,97
R0098,INFEASIBLE,0,-1.85452893952712,0.789289675686873,108.515572834687,11.8594965218368,0.790633101455784,20,32,0,1,0,0.333333333333333,1.34873451800375,0.0202202695927719,0.0730384842284974,-59.5197687840519,8.03951945182986,39.2658033501948,0.0206396706289435,0.184874640889326,5,0.330408425992446,108.515572834687,11.8594965218368,98
R0099,INFEASIBLE,0,-3.13258537990175,2.62120058926876,31.5121595778409,13.1921779658492,0.879478531056616,20,8,0,0,0,0,1.19481848895622,0.0160430254336731,0.239193675505516,-62.2723769921122,9.80448849913507,41.7975777981646,0.0369832484108152,0.249494299128109,4,0.428493447794144,31.5121595778409,13.1921779658492,99
R0100,FRAGILE,1,0,0.825550024278031,94.1478393340949,12.1755020899607,0.811700139330712,20,16,1,0,0,0.333333333333333,1.13737442158678,0.0349645892182617,0.121396263662558,-39.3038164629119,6.23027675683713,43.2369105893533,0.0190430490881925,0.142790990413158,5,0.375224665694515,94.1478393340949,12.1755020899607,100
R0101,EASY,2,2.32514115745471,0.430559893499719,72.6245059170081,13.9131747001535,0.927544980010235,20,16,1,1,1,1,1.0210834754968,0.0256111153947347,0.0593853231850894,-40.4252056554655,5.81675066654159,40.2399039739548,0.149126955959814,0.00880892913932783,3,0.15413139401278,72.6245059170081,13.9131747001535,101
R0102,FRAGILE,1,0,0.481033948519409,25.7741690083455,13.2823790471088,0.885491936473923,45,16,1,0,0,0.333333333333333,1.04425668764109,0.039177964742675,0.0940640885032947,-31.3438237913363,6.02623310321185,48.6252177911915,0.0974132216531451,0.0896197544987964,6,0.411640200426765,25.7741690083455,13.2823790471088,102
R0103,INFEASIBLE,0,-2.6087630512919,0.994490693400897,48.4935095487599,10.7342026203833,0.715613508025551,20,32,0,0,0,0,0.973985204727932,0.0103753820183276,0.136665025955293,-43.3638297741427,13.1346732160832,45.9652840968538,0.132059589789444,0.190895945131544,3,0.145174216234962,48.4935095487599,10.7342026203833,103
R0104,INFEASIBLE,0,-2.54828389544042,2.13747337214929,29.7358564984627,8.73584255884977,0.582389503923318,20,8,0,0,0,0,0.946217938088381,0.014956480218134,0.180901119316798,-64.9239099835626,10.1330526479442,39.0797496335718,0.103396832618466,0.210523175930449,3,0.317393399173379,29.7358564984627,8.73584255884977,104
R0105,INFEASIBLE,0,-2.67196378908852,1.82377553972737,93.0662615539416,12.1807836889896,0.812052245932642,20,32,0,0,0,0,2.0865701367267,0.0144833397410393,0.148350865438038,-62.4670780265615,10.2973467904484,33.4195913918596,0.0623998844630357,0.191121196303427,3,0.0647279318915058,93.0662615539416,12.1807836889896,105
R0106,EASY,2,2.06160351524242,0.485297608881469,91.3640792533401,11.9412300398089,0.796082002653925,20,32,1,1,1,1,1.20080762619998,0.0336381463228828,0.0478530522164947,-62.0217738663282,10.9010501429316,48.4119646826036,0.0183780488219416,0.0185040362580132,2,0.285597859374786,91.3640792533401,11.9412300398089,106
R0107,EASY,2,2.56458087196175,2.03903151127552,83.5309020590959,14.4553698728103,0.96369132485402,20,16,1,1,1,1,2.0857673693895,0.0217739130587926,0.19685246999882,-60.90133175099,5.72903392295215,44.745441576694,0.0831047128646153,0.00367993477410853,6,0.136663232224427,83.5309020590959,14.4553698728103,107
R0108,INFEASIBLE,0,-2.21876480563682,1.44126356060185,37.6911618713459,9.39500972134679,0.62633398142312,20,32,0,0,0,0,1.15570754430352,0.0207464029420851,0.214044371453154,-39.7948903223626,11.4526206361157,45.2102378960437,0.0382848819175291,0.226322934433738,2,0.307727576974114,37.6911618713459,9.39500972134679,108
R0109,INFEASIBLE,0,-1.99596367331695,0.467533514227995,34.9046176374281,14.3838915432849,0.95892610288566,20,32,0,1,0,0.333333333333333,1.18848584207929,0.027686522889057,0.0777847756786138,-33.914823662278,8.87466153849905,41.2101499871594,0.0882319865213864,0.091773730804679,1,0.281335898925152,34.9046176374281,14.3838915432849,109
R0110,EASY,2,2.71353507725592,1.37156215117415,26.6192719910537,10.1783306195127,0.678555374634181,20,32,1,1,1,1,1.76837742859206,0.0104869494853248,0.180422219825841,-38.6716510813925,6.11121323364305,33.4962235169815,0.0371008488354876,0.00420515722192115,5,0.434228936634444,26.6192719910537,10.1783306195127,110
R0111,FRAGILE,1,0,1.3291130491169,38.2801362918793,8.27952907651512,0.551968605101008,20,32,1,1,0,0.666666666666667,1.13219547427421,0.021697342181054,0.211475404241141,-30.6453677160991,11.2650160446788,30.774210110596,0.0230132013756012,0.0488697141413501,1,0.262595782910008,38.2801362918793,8.27952907651512,111
R0112,EASY,2,2.65801589949424,0.914493231334441,59.978187383343,14.8800564563814,0.992003763758762,20,16,1,1,1,1,1.4063807381369,0.0392682988168115,0.176266409079276,-30.5307572735054,7.1399215107327,44.8244153334299,0.13313687119656,0.00479725752151495,2,0.426122634891066,59.978187383343,14.8800564563814,112
R0113,FRAGILE,1,0,0.454972865516226,106.136469747654,12.8899457221475,0.859329714809831,20,32,1,1,0,0.666666666666667,1.31596846740874,0.026237822893937,0.0694472218943309,-36.3526044047624,7.18763214162777,39.8539324234731,0.0299893162565597,0.162384072302586,3,0.280925080900572,106.136469747654,12.8899457221475,113
R0114,INFEASIBLE,0,-2.49681637540441,1.29047805306405,42.1683933024981,10.3461323766284,0.68974215844189,20,32,0,0,0,0,1.18673047684374,0.0325991478095523,0.0919427660991666,-66.2528811502419,7.74398328360502,28.8406324851436,0.00832066338230448,0.198507540269144,5,0.15769553565023,42.1683933024981,10.3461323766284,114
R0115,INFEASIBLE,0,-2.51947575643679,1.73961537250276,106.282709447794,10.5152900237489,0.701019334916596,20,32,0,0,0,0,1.40813514447137,0.0241633742512458,0.186006328033237,-54.8376940037767,12.705117983648,44.5008893131047,0.0669729227104552,0.201873991286728,2,0.0656831329158907,106.282709447794,10.5152900237489,115
R0116,INFEASIBLE,0,-2.64613663070377,1.98309405259801,30.5799679828459,8.53300405469963,0.568866936979975,20,32,0,0,0,0,1.37966228468477,0.0365899718979871,0.238273498179393,-41.2890706070861,9.65020186779362,31.8563804458754,0.00793337632319242,0.18223545545804,3,0.248813214489889,30.5799679828459,8.53300405469963,116
R0117,INFEASIBLE,0,-2.77011417215092,1.17150287554477,25.1464328394214,11.959664468378,0.797310964558534,20,32,0,0,0,0,1.86373833452747,0.0377027399720377,0.131154798596509,-48.4031853910557,9.53918351657756,38.0093896255622,0.0297050083694264,0.247589757250147,5,0.386442376401607,25.1464328394214,11.959664468378,117
R0118,INFEASIBLE,0,-2.25864410882546,0.307359830646345,41.0846521645541,13.173136941244,0.878209129416264,20,32,0,0,0,0,0.967110454131039,0.0324664349196954,0.0504186519084865,-32.9888000494544,9.6129079241874,37.9037899371733,0.0271688646980906,0.119034016344213,6,0.302598734267837,41.0846521645541,13.173136941244,118
R0119,INFEASIBLE,0,-2.03600978754511,2.00639267379101,51.7062319554023,13.5140725354997,0.900938169033315,20,32,0,0,0,0,1.30890847511455,0.0377917674591219,0.237885335546314,-48.2749026939179,10.171522564055,42.4040800798758,0.112057802410018,0.188992468590323,3,0.334686404815189,51.7062319554023,13.5140725354997,119
R0120,INFEASIBLE,0,-1.92472523858378,1.09643614476427,77.234999106134,13.9964094069728,0.933093960464856,20,32,0,0,0,0,1.07049938537852,0.0153027131287415,0.161635284978468,-34.6931168643513,8.32950865418966,33.8574038543792,0.0506845740582326,0.238404965734108,5,0.216860099304357,77.234999106134,13.9964094069728,120
R0121,INFEASIBLE,0,-2.59587821947375,1.98932129070257,119.466569987502,9.80369582665639,0.653579721777093,20,32,0,0,0,0,0.934017803437473,0.0179909736271324,0.213733016874949,-47.9202199942133,6.79011557650677,34.3109176833691,0.0268087650679439,0.243106196201824,4,0.194607866502861,119.466569987502,9.80369582665639,121
R0122,INFEASIBLE,0,-2.40771426041922,2.09315757047581,81.4264675753622,12.08749518369,0.805833012246,20,32,0,0,0,0,0.902848570609518,0.0111574865052749,0.201380572266727,-61.7048890974424,10.4273902409396,45.6175340701353,0.100542566142104,0.142939696808836,3,0.105802187498159,81.4264675753622,12.08749518369,122
R0123,INFEASIBLE,0,-1.99635263455156,1.20346724563717,29.5578810968224,9.00336116814007,0.600224077876004,20,32,0,0,0,0,1.64353884903657,0.0389290881961344,0.18596635536786,-39.3222401252201,13.3710721725113,47.7901142630882,0.00906349766413459,0.0765092497418926,5,0.158512527433624,29.5578810968224,9.00336116814007,123
R0124,EASY,2,2.2399046844212,0.781283037090946,66.4065171626948,8.28997187357249,0.552664791571499,20,32,1,1,1,1,1.37348824649585,0.013274933022284,0.131595133184999,-36.5907423859375,5.53435431515337,49.1662023817889,0.0848435246483139,0.109261811088577,4,0.0829750164669711,66.4065171626948,8.28997187357249,124
R0125,INFEASIBLE,0,-2.20839436902805,1.8448617469011,21.148869401623,8.64281462008155,0.57618764133877,20,8,0,0,0,0,1.45613422140212,0.0203331860170957,0.158157997006057,-61.5616198515068,9.40580867806498,36.0525589187777,0.0843336090199573,0.176466563714172,2,0.29735168472869,21.148869401623,8.64281462008155,125
R0126,INFEASIBLE,0,-2.00443505066717,0.864658801445927,73.6594568557502,9.07145730018902,0.604763820012601,20,32,0,0,0,0,1.55632288782598,0.0154299763848908,0.145792903824258,-31.4609114349613,12.5682888200818,36.4239630250954,0.130323708521027,0.148877922068864,4,0.286970703645898,73.6594568557502,9.07145730018902,126
R0127,EASY,2,1.49916751499844,1.87232569434088,69.5079795064211,14.8118226070398,0.987454840469317,20,32,1,1,1,1,1.30331154587629,0.0330975225922205,0.184263975454103,-60.743281143658,5.17325975699769,46.2568367723374,0.100909161678767,0.0960951645934024,2,0.286564270297129,69.5079795064211,14.8118226070398,127
R0128,INFEASIBLE,0,-1.6845202216179,2.07394144676209,70.5007840689388,12.9720359180251,0.864802394535005,20,32,0,0,0,0,1.86123992665773,0.037199236373278,0.227528064433441,-54.3503398815862,10.2080114317781,46.0196009664474,0.0839447802715103,0.140988111955902,3,0.276530403267038,70.5007840689388,12.9720359180251,128
R0129,INFEASIBLE,0,-2.06645898602405,1.76858973396995,50.3772559043003,13.6013180166443,0.906754534442954,20,32,0,0,0,0,1.73881877848838,0.0301138303874195,0.18345686028228,-51.6788592776763,10.2825437763824,37.1963999178683,0.0560536982628638,0.133850064571881,1,0.257020034009778,50.3772559043003,13.6013180166443,129
R0130,EASY,2,1.74500309691052,1.71977315916858,66.8631524381576,11.6996032615276,0.77997355076851,20,32,1,1,1,1,0.977861164429954,0.0374540827601089,0.236369054840196,-43.197611562996,7.54821886746785,45.6267705946667,0.0746714580866134,0.00928838703045646,5,0.349588557924825,66.8631524381576,11.6996032615276,130
R0131,EASY,2,2.03886680783979,0.256675886874394,69.096573007089,14.8949761754742,0.992998411698282,20,32,1,1,1,1,1.05727560903297,0.0107828610720354,0.0491230962924625,-31.9425142343747,9.29038323399399,48.3727608012425,0.132797766025471,0.0738540807865881,3,0.210111751028737,69.096573007089,14.8949761754742,131
R0132,EASY,2,2.11453729364123,1.06785499860058,112.081105004728,11.0714538120069,0.738096920800458,20,32,1,1,1,1,1.93642195825262,0.0110737309462974,0.17044065161995,-37.8649475803885,11.872277578883,47.277867472079,0.083228588836477,0.073973095473359,4,0.2325156103692,112.081105004728,11.0714538120069,132
R0133,INFEASIBLE,0,-2.19835881641465,1.26218520613631,63.2093786042543,10.9816994907564,0.732113299383757,20,32,0,0,0,0,1.54737823064833,0.0385178314131665,0.231599454869375,-31.8823548953098,12.7769312727454,44.2987054718753,0.137341115986953,0.138174458543538,2,0.0589932141454629,63.2093786042543,10.9816994907564,133
R0134,INFEASIBLE,0,-2.66759405799392,2.34532185546759,116.370020237965,14.2354463506991,0.949029756713274,20,32,0,0,0,0,1.14724191157918,0.0358921885284289,0.220492137627211,-51.982368472524,12.0877108456179,30.9139712198263,0.0252856417479909,0.134637139833301,6,0.0859290921897787,116.370020237965,14.2354463506991,134
R0135,INFEASIBLE,0,-1.82629617390207,1.81840656852362,95.0475415407988,12.0436354486213,0.802909029908087,20,32,0,0,0,0,1.65280252194592,0.03635252992291,0.193278521225853,-44.8930700323994,5.96668878071754,29.4716990737152,0.0459792846287298,0.166046467906019,5,0.203075144555817,95.0475415407988,12.0436354486213,135
R0136,INFEASIBLE,0,-2.23892132500114,1.00673273722007,93.6785989121816,12.9242346519408,0.861615643462718,20,32,0,0,0,0,1.97601406053375,0.0260990397482338,0.092485609430117,-67.0276788038262,7.89122178799171,49.0783167745856,0.0228913797103985,0.18606734979444,5,0.272963737240217,93.6785989121816,12.9242346519408,136
R0137,EASY,2,2.46583581792343,0.421206515808738,119.791457036372,12.7993304365651,0.853288695771004,20,8,1,1,1,1,1.71645142959007,0.0230945909826941,0.0523744350545345,-45.0372061824557,6.01836149026066,40.593152650875,0.0203724092572035,0.0279082162584555,6,0.115140839771423,119.791457036372,12.7993304365651,137
R0138,INFEASIBLE,0,-1.86694738221132,0.547829483253409,53.4629797047456,14.6576575927146,0.977177172847642,20,32,0,0,0,0,0.918711000422398,0.0387673952588329,0.0528755945939495,-59.4348130205538,8.66869319122962,42.5954179345816,0.0600702628647293,0.143712326870715,2,0.275277544831344,53.4629797047456,14.6576575927146,138
R0139,INFEASIBLE,0,-2.11851906211855,0.848556193703581,33.1258117698956,8.56483423624528,0.570988949083019,20,32,0,0,0,0,1.67853657857437,0.0302889762936308,0.0819799620674644,-55.187850490572,8.68842915816071,36.7961622985367,0.0978815449700735,0.199851940809857,2,0.286124550826903,33.1258117698956,8.56483423624528,139
R0140,INFEASIBLE,0,-2.32351500182381,0.5600893752132,43.5473452832709,12.1385630769558,0.809237538463721,20,32,0,0,0,0,1.78976256852656,0.0183135374182148,0.0644154062134925,-42.2060926903638,5.93607389756526,30.4983598973407,0.117636083352545,0.190643457680813,2,0.116698761470413,43.5473452832709,12.1385630769558,140
R0141,INFEASIBLE,0,-1.86514772483884,1.60585924999799,116.035510469445,14.982909026577,0.998860601771798,20,32,0,0,0,0,1.33523981524292,0.0205270596618241,0.168283435549296,-47.9130682134962,13.7930371402565,32.6315051594887,0.00853085688419236,0.113658725086883,5,0.403039810921631,116.035510469445,14.982909026577,141
R0142,INFEASIBLE,0,-2.45849294494858,1.09510346977117,34.37018323152,13.319981673015,0.887998778200997,20,32,0,0,0,0,1.13764067504405,0.018833476397581,0.129151030719487,-50.4663926355447,9.56553375918697,45.8512652719614,0.0296352311989433,0.209467027458975,6,0.411047809079778,34.37018323152,13.319981673015,142
R0143,INFEASIBLE,0,-2.30096184736222,1.20537068343996,34.2146917455387,11.8084604819677,0.78723069879785,20,32,0,0,0,0,1.31779242000897,0.0120054102539043,0.10563041489893,-50.5761355037399,10.5270550909218,25.426662789242,0.112688814105958,0.17386393230553,3,0.260071240333867,34.2146917455387,11.8084604819677,143
R0144,INFEASIBLE,0,-2.47387510566163,2.19100195867563,53.1659890686478,8.96366184781993,0.597577456521329,20,32,0,0,0,0,1.48682012768632,0.0321360676491428,0.191087749869121,-68.9920459365161,12.0964879044045,46.8640228853795,0.0884155795770707,0.103056536437248,5,0.113141792916877,53.1659890686478,8.96366184781993,144
R0145,EASY,2,1.99635263455156,0.875309467167662,52.4579985588511,10.6602009016929,0.710680060112862,20,8,1,1,1,1,1.17018167341357,0.035325420062723,0.14749553462802,-36.617605622443,13.142809741418,49.2805715776186,0.026057728972662,0.00575671827131426,5,0.226826353085921,52.4579985588511,10.6602009016929,145
R0146,EASY,2,2.32405279765968,0.632558560159844,113.640473350875,9.40253772857312,0.626835848571542,20,8,1,1,1,1,1.97869668537655,0.032653662518948,0.0937801446322535,-40.8147709209214,5.95088712020419,47.393240619773,0.0553779429411123,0.0687454972415481,5,0.141441273841649,113.640473350875,9.40253772857312,146
R0147,INFEASIBLE,0,-2.22687965944393,1.16961742884227,103.347764360886,8.08098503807184,0.538732335871456,20,32,0,0,0,0,1.6959096595697,0.0280403714460283,0.167045639857057,-37.3654292226779,12.9672072366804,36.8624277426548,0.0811024834833285,0.239287461589461,6,0.294326260426708,103.347764360886,8.08098503807184,147
R0148,FRAGILE,1,0,0.669453163911203,109.316589470413,13.7498319327316,0.916655462182108,20,32,1,1,0,0.666666666666667,1.30939025263738,0.0257580285329689,0.0715101495766544,-52.3665799873026,13.9582051326911,40.5009076421619,0.13195553820027,0.0761516743583529,3,0.0876069326181236,109.316589470413,13.7498319327316,148
R0149,INFEASIBLE,0,-2.75876115533765,2.03063582125578,67.7009645588144,13.4705423198733,0.898036154658221,20,16,0,0,0,0,0.911173892363818,0.0290294358012227,0.237345268505899,-52.3563412118486,9.75333909490987,48.4726771667803,0.0643210003907679,0.234769619921659,2,0.10857978777458,67.7009645588144,13.4705423198733,149
R0150,INFEASIBLE,0,-1.82662809907464,3.51600467037562,62.5929750869091,8.47077188439693,0.564718125626462,20,32,0,0,0,0,1.68824974761483,0.0103507251150948,0.238054000621009,-68.0264449442699,7.16871666894835,27.4580056514171,0.0290883560220061,0.112068346919829,5,0.227816503407484,62.5929750869091,8.47077188439693,150
R0151,EASY,2,2.24120811574667,0.430251912588417,24.6489767044234,8.90186547309722,0.593457698206482,20,32,1,1,1,1,1.88452488659774,0.0215504990477176,0.0625442700487716,-39.2540602697261,11.8838733769095,42.1463495110688,0.0987258932351928,0.0467089241543241,2,0.281977843579038,24.6489767044234,8.90186547309722,151
R0152,INFEASIBLE,0,-2.17957001385318,0.386598089975854,66.5769473691578,14.5321795490543,0.968811969936953,20,32,0,0,0,0,1.77970211414539,0.0340518009203304,0.0552052465721391,-31.7855063856396,12.5461156105711,26.6661873738043,0.0648968659598274,0.147133684290929,3,0.401611786696808,66.5769473691578,14.5321795490543,152
R0153,INFEASIBLE,0,-1.83039081145782,0.812846543719342,93.3992404885126,13.4374699876504,0.895831332510025,20,32,0,0,0,0,1.54227326087229,0.0255297594309842,0.109185037030917,-43.8231554671493,11.7583724112581,44.8515826951148,0.0453301222198267,0.165126947001782,4,0.200992729979285,93.3992404885126,13.4374699876504,153
R0154,INFEASIBLE,0,-2.25564652551655,1.66877291493943,97.9105249197996,14.2951143035929,0.953007620239524,20,32,0,0,0,0,1.63895027260359,0.023835219579374,0.181755747515346,-42.1263214815544,10.9781485318673,27.2489802433517,0.148073164168736,0.12690833735378,1,0.207205201482198,97.9105249197996,14.2951143035929,154
R0155,EASY,2,2.06888746182069,1.33068904447533,35.2738778766135,8.49153419704574,0.566102279803049,20,32,1,1,1,1,1.10554570957084,0.0158043127906405,0.149086080315884,-46.4226904231785,5.27340871823386,35.0141026333802,0.128577873579344,0.119636678084175,3,0.408236474448171,35.2738778766135,8.49153419704574,155
R0156,EASY,2,2.72282170190081,1.59627026130669,90.3558605428645,8.81443660528991,0.587629107019327,20,16,1,1,1,1,1.7833226755397,0.0394201488957075,0.205139854154472,-38.0500898708202,6.24409758893562,30.9499513095864,0.114404865305091,0.0122532097042722,1,0.426086744809332,90.3558605428645,8.81443660528991,156
R0157,EASY,2,2.17517937498073,0.598186379016937,52.8880815961579,9.89618327923255,0.659745551948837,20,32,1,1,1,1,1.23141562389388,0.0230617525485918,0.0494469298429616,-58.018443321583,8.11103354491983,29.77139088753,0.139932593734762,0.108488416681538,4,0.300217998400726,52.8880815961579,9.89618327923255,157
R0158,FRAGILE,1,0,1.8601133574522,54.4185822410481,11.4071357849167,0.760475718994446,20,16,1,0,1,0.666666666666667,1.94108860104955,0.0254784271669817,0.165764419066473,-49.7011401449733,9.38146357678596,25.3920561200587,0.149028212174657,0.0399494332511852,4,0.320887198286599,54.4185822410481,11.4071357849167,158
R0159,INFEASIBLE,0,-2.52957117667853,1.82257637746331,22.8541956789022,11.5381985074194,0.769213233827957,20,32,0,0,0,0,2.08469388477692,0.0216763645428363,0.189546662571501,-52.3301079769683,12.6360351846639,38.3376447488727,0.11547500390348,0.222778783073687,2,0.444363288860487,22.8541956789022,11.5381985074194,159
R0160,INFEASIBLE,0,-1.78390580379798,1.91321955466156,59.3052914671653,9.79633835167982,0.653089223445321,20,32,0,0,0,0,1.81566514328561,0.0343462837303674,0.173786860361874,-64.3731217218954,6.55801132325658,44.2562641275865,0.130131507133875,0.14209304101819,4,0.312937737347766,59.3052914671653,9.79633835167982,160
R0161,EASY,2,1.96902713712509,2.14570984819668,30.9220080686632,14.9021321974012,0.993475479826746,45,32,1,1,1,1,1.69364675936565,0.0307800223370391,0.164725143034383,-68.7087895491553,6.30566354458385,36.0133689184604,0.0714985782629483,0.0564387262109896,5,0.167366383192818,30.9220080686632,14.9021321974012,161
R0162,FRAGILE,1,0,0.549090152848445,60.1220981045485,14.4277634934448,0.961850899562984,20,16,1,1,1,1,1.09469934524997,0.0374903916404891,0.0535634155388202,-46.8218314155563,8.80311427898492,27.0027108172531,0.0544929965560244,0.0870796737814914,2,0.416701122648405,60.1220981045485,14.4277634934448,162
R0163,INFEASIBLE,0,-2.36582480649244,1.29608626217549,115.613689555929,12.4304307195281,0.828695381301871,20,32,0,0,0,0,1.08482485113795,0.0375582690706865,0.10933251005373,-66.9203737626786,6.87624597626893,41.2485698674833,0.116983882473095,0.212045805656189,4,0.366401987767026,115.613689555929,12.4304307195281,163
R0164,INFEASIBLE,0,-2.56913148032473,0.522405626012753,39.3301846447195,8.32748507722729,0.555165671815152,20,32,0,0,0,0,0.952879061804452,0.0347314099209436,0.0443286722078531,-52.8480224493949,9.41196607449569,26.0299056413061,0.000316188350186459,0.22673941332828,5,0.367652960304781,39.3301846447195,8.32748507722729,164
R0165,INFEASIBLE,0,-2.21269919627439,2.63492182133483,112.004960259829,14.9723637554509,0.998157583696728,20,32,0,0,0,0,0.952446837000277,0.0345809373913667,0.210329137045383,-58.1768318058243,12.3420371969495,27.9141817745978,0.0180112480703121,0.0806847798907054,1,0.271960499495838,112.004960259829,14.9723637554509,165
R0166,INFEASIBLE,0,-2.34329890328264,0.886364521869725,105.724363838481,13.83417315277,0.922278210184667,20,32,0,0,0,0,1.7195418690198,0.0192072186172127,0.0968615792459874,-52.4607531496482,13.239301543231,42.5411045474184,0.143177751553878,0.214031158394494,5,0.226549357289178,105.724363838481,13.83417315277,166
R0167,EASY,2,1.61636210931308,0.807606898770937,89.4873089979935,9.51827880086212,0.634551920057475,20,8,1,1,1,1,1.40855882462477,0.0114973637162106,0.113215998759437,-37.4295663024689,6.85552613708508,35.6374409741351,0.122483086301227,0.0505988337278517,4,0.253854950244812,89.4873089979935,9.51827880086212,167
R0168,EASY,2,1.56775098856479,1.33331362400094,117.608406469473,11.0177991236123,0.734519941574156,20,32,1,1,1,1,1.49282135334974,0.0288033013133482,0.181425235040717,-39.0611107118862,9.09886892043871,36.5663228174897,0.087165089149916,0.0732957260660223,3,0.322343909563588,117.608406469473,11.0177991236123,168
R0169,FRAGILE,1,0,0.552364976203355,71.585591423309,8.57734375188889,0.571822916792592,20,32,1,0,1,0.666666666666667,1.2203015772721,0.034921937223458,0.0605422740390683,-44.575878411481,11.5062966417082,30.8977154648391,0.0611668623523412,0.0895354381505882,4,0.090202356516891,71.585591423309,8.57734375188889,169
R0170,INFEASIBLE,0,-2.17553888750821,0.360180545219561,48.6771097082737,8.49042435086603,0.566028290057736,20,32,0,0,0,0,1.32686351954311,0.0390686028825985,0.0412870510970503,-49.7561571791314,5.24895616043168,42.1058313353302,0.105360116622913,0.164874030467221,5,0.373201837412304,48.6771097082737,8.49042435086603,170
R0171,INFEASIBLE,0,-1.86347384669086,1.2330554878322,107.373466803161,8.38590350374664,0.559060233583109,20,32,0,1,1,0.666666666666667,2.0730990122088,0.0321043083926026,0.161459299965124,-41.2685263493341,7.98008741025169,37.7972469957116,0.0630334330679664,0.142237841992538,3,0.199570535407018,107.373466803161,8.38590350374664,171
R0172,INFEASIBLE,0,-2.54007239816609,1.32657228223563,53.6439177533013,8.30648733830605,0.553765822553737,20,32,0,0,0,0,0.981467719516229,0.0130910944752848,0.196787202987003,-38.1474631462951,10.633235687592,41.4500014143479,0.109320329560082,0.178680104300446,5,0.093020129039164,53.6439177533013,8.30648733830605,172
R0173,INFEASIBLE,0,-2.17473868987728,0.924031486429155,71.4511380810864,14.3447776523735,0.956318510158236,20,32,0,0,0,0,1.79238240725734,0.0121483326835921,0.0915287331654258,-56.3421722408773,12.5802500945856,40.3152997906309,0.0838268266973177,0.132154605905221,6,0.239010404719116,71.4511380810864,14.3447776523735,173
R0174,INFEASIBLE,0,-2.44587658171347,2.52368402066882,89.0309876949671,13.4781352958958,0.898542353059719,20,32,0,0,0,0,1.89373772581042,0.0217167600164996,0.211211339694978,-69.340633536985,11.1626388140655,43.5914659681151,0.024554030347021,0.137914236266231,4,0.345170490464375,89.0309876949671,13.4781352958958,174
R0175,INFEASIBLE,0,-2.44682730635638,0.701096724939534,20.4716568992152,8.05374123328406,0.536916082218937,45,32,0,0,0,0,1.91147483518264,0.0325653024856949,0.119274963400362,-30.6852972617429,7.24256355186244,35.2748141206179,0.0177899232727018,0.205413292088394,4,0.223500124436583,20.4716568992152,8.05374123328406,175
R0176,INFEASIBLE,0,-2.32642212772799,1.67688236987605,34.4527150341842,13.0289017113002,0.868593447420014,20,32,0,0,0,0,2.09388629629097,0.0141539030315282,0.195780590665955,-41.1543431148439,12.1079746269883,29.8831776508764,0.0711733442368159,0.134458376130085,2,0.0678811358169909,34.4527150341842,13.0289017113002,176
R0177,INFEASIBLE,0,-2.77957704188306,1.22973788163397,49.9626955182326,10.0017826520241,0.666785510134938,20,32,0,0,0,0,1.10808627200265,0.0399355034649591,0.217975744405454,-30.0071812155891,13.3937008053788,36.6187061293981,0.0611368144145335,0.232514071879812,3,0.0726259915565454,49.9626955182326,10.0017826520241,177
R0178,EASY,2,2.19746554304213,0.426416892453809,91.712937191258,11.4096120881877,0.760640805879178,20,32,1,1,1,1,0.941213081365809,0.0173274150949991,0.0460837889606467,-55.1564842666115,12.5391506222389,45.991975631798,0.00927165947249794,0.0617082291196491,5,0.220245344611284,91.712937191258,11.4096120881877,178
R0179,EASY,2,2.10784560827819,1.10849937429518,97.450954863397,10.0884921174202,0.672566141161349,20,16,1,1,1,1,1.85984323876371,0.0240015238722719,0.164103645770107,-39.6684553465715,8.7167291475555,44.6393118646047,0.0595762475482387,0.0063657933639414,4,0.157921363232982,97.450954863397,10.0884921174202,179
R0180,EASY,2,1.92520460446412,0.442001786461947,116.706402962477,9.11677868991269,0.607785245994179,20,32,1,1,1,1,1.84638406395596,0.0283061432558067,0.0773680475812638,-32.2096970728786,11.9922179543613,41.1443175540043,0.0964097583926651,0.0201495467373008,3,0.387414048596096,116.706402962477,9.11677868991269,180
R0181,INFEASIBLE,0,-2.28222092053686,1.38752289987619,73.7496505739461,13.5950168337306,0.90633445558204,20,32,0,0,0,0,1.34157592010882,0.0168792176114081,0.105165176126839,-64.7182778228334,11.4304329441839,31.1443197217437,0.0289147785437699,0.224197107929082,5,0.31109533221396,73.7496505739461,13.5950168337306,181
R0182,EASY,2,1.66698320014122,1.0966692437813,73.449743354659,12.0259441570586,0.801729610470575,20,32,1,1,1,1,1.61126519292917,0.0279029153953853,0.140667675972784,-40.9344208652284,11.3603038285165,35.684199199732,0.00630872942889147,0.0618586902138495,2,0.313991924437745,73.449743354659,12.0259441570586,182
R0183,INFEASIBLE,0,-2.36821351638883,0.359066225728275,40.3328123428518,11.2957986003374,0.753053240022495,20,32,0,0,0,0,1.31164655355038,0.0367710647759293,0.0473039515378846,-36.1779958423629,8.57888209579204,29.4033013421366,0.126591937740424,0.236299615550108,5,0.250391264731525,40.3328123428518,11.2957986003374,183
R0184,INFEASIBLE,0,-2.4591766398391,2.82239442192818,113.762360436062,13.6545001582239,0.910300010548257,20,32,0,0,0,0,1.44872190475148,0.0270003064988332,0.235659219470205,-64.9131553790062,5.83249190787054,38.0242150409019,0.123349799071031,0.21589223109583,4,0.0940285432459585,113.762360436062,13.6545001582239,184
R0185,INFEASIBLE,0,-2.70990350206753,1.01593121793079,74.5357092161096,9.58417241633296,0.638944827755531,20,32,0,0,0,0,0.963998061092536,0.0190116693169018,0.0654675705028756,-69.0575559727163,11.4161260044571,25.6334819511675,0.00939315607250275,0.239868126561584,6,0.169597910498788,74.5357092161096,9.58417241633296,185
R0186,INFEASIBLE,0,-2.53917690561029,1.81510918750781,82.0509422658198,12.1038345199666,0.806922301331109,20,32,0,0,0,0,1.16329258288783,0.0270717113599508,0.197851554209176,-44.0280342720603,10.7439258355661,29.8121550359525,0.0225206978686782,0.213223340103505,4,0.119201515214736,82.0509422658198,12.1038345199666,186
R0187,INFEASIBLE,0,-1.9600282694824,1.18368584873522,63.5519378058377,14.0847753476902,0.938985023179345,20,32,0,0,0,0,1.43035172464653,0.0358974769492634,0.0899347563423312,-68.3366014716409,7.83549081944219,34.8939652249392,0.131087136506817,0.129621093847642,3,0.132791328474377,63.5519378058377,14.0847753476902,187
R0188,INFEASIBLE,0,-2.69927041227733,3.23269953299472,59.4487825444903,12.2540718931916,0.81693812621277,20,8,0,0,0,0,1.03278875903169,0.0218307127027886,0.239556056687996,-65.3207053187932,12.935229223253,30.3282057897945,0.0684547807921823,0.136004235729762,2,0.121077063544402,59.4487825444903,12.2540718931916,188
R0189,EASY,2,2.0528381282125,1.50956212403087,119.901454324352,8.58080719311054,0.572053812874036,20,8,1,1,1,1,1.24150129668994,0.0234632392297892,0.215366039651853,-43.2950939296872,12.188843170347,49.3845604004968,0.0547881559707451,0.0363951733980257,5,0.234439831198069,119.901454324352,8.58080719311054,189
R0190,INFEASIBLE,0,-2.6952974581961,0.771630679091348,118.08109795471,14.9230496248956,0.994869974993038,20,32,0,0,0,0,1.02298305879807,0.0138691102874583,0.126153138638303,-31.7067156015382,9.09315402043982,34.7809162673633,0.129653910831158,0.207183412182403,6,0.405500390137042,118.08109795471,14.9230496248956,190
R0191,INFEASIBLE,0,-2.50775047921126,1.07564066091116,109.924380591927,8.06760331293223,0.537840220862149,20,32,0,0,0,0,0.942498919271757,0.034722793860275,0.151038714278735,-35.1791308676654,13.5391064255515,31.5844782144826,0.0188877889552113,0.174985854047495,4,0.0563222510184586,109.924380591927,8.06760331293223,191
R0192,INFEASIBLE,0,-1.91933267518781,0.329407534681707,112.447969845449,14.0071882308948,0.933812548726323,20,32,0,0,0,0,1.52901018100936,0.0137983525165522,0.0541379804217538,-35.7227128056821,12.9159767821216,44.6156541658192,0.0195278435364268,0.147895182963479,3,0.287267978565206,112.447969845449,14.0071882308948,192
R0193,INFEASIBLE,0,-2.59872080555161,0.768672192159209,44.5276685783063,14.1083349546667,0.940555663644449,20,32,0,0,0,0,1.52022257831743,0.015540414250437,0.0767010115148773,-61.1506670465954,13.9475956874149,48.192959530233,0.0744849861475772,0.158770889690154,6,0.11275279578451,44.5276685783063,14.1083349546667,193
R0194,INFEASIBLE,0,-1.95825558939556,0.591470481676203,110.26080536874,8.33098018042311,0.555398678694874,20,32,0,0,0,0,1.7721561590473,0.0292835151252763,0.0922391598639134,-33.6100944012911,9.44067577249161,35.560294442901,0.0691414433114992,0.214137895535893,3,0.362083452028761,110.26080536874,8.33098018042311,194
R0195,INFEASIBLE,0,-2.05171327293529,1.49739427450485,42.436291941734,9.08463294022984,0.605642196015322,20,32,0,0,0,0,1.30118148832131,0.025975986063897,0.10825063183977,-66.3168809209799,11.6797341434919,29.750761353598,0.0412162371259193,0.151378979988222,2,0.102055565014438,42.436291941734,9.08463294022984,195
R0196,INFEASIBLE,0,-2.42120977606655,2.03697226952154,98.2910948059764,9.67399388329364,0.644932925552909,20,32,0,0,0,0,1.20934876254553,0.0314560423565121,0.142368950538606,-69.8735720528665,13.0865235570395,30.8707785462353,0.00405951686274841,0.116438597793255,2,0.210503948893166,98.2910948059764,9.67399388329364,196
R0197,INFEASIBLE,0,-2.60408329703035,1.65510796754938,23.8960565030861,12.9597209183019,0.863981394553462,20,32,0,0,0,0,1.74085776749425,0.0154656534918252,0.207912144728932,-43.7004576195233,9.88320460902669,39.0068055064482,0.104547918379837,0.230890358720741,4,0.25469279744392,23.8960565030861,12.9597209183019,197
R0198,EASY,2,2.15894942980366,1.56265284760341,50.4661653269915,8.5382702441319,0.56921801627546,20,16,1,1,1,1,1.92882678831461,0.0359493696215779,0.133486134946557,-62.9047028032681,8.20916781679167,37.3744566938237,0.105139320553823,0.0335595058070057,4,0.446550412395495,50.4661653269915,8.5382702441319,198
R0199,EASY,2,2.09335411339235,1.42136565553679,91.2275028730712,11.7204535971658,0.781363573144389,20,32,1,1,1,1,1.34296939461848,0.0398944499566186,0.130974143424052,-62.1808562852835,5.95752027363282,42.4946496204869,0.0760060709120969,0.0533917172836818,2,0.280652426971755,91.2275028730712,11.7204535971658,199
R0200,EASY,2,2.09381901613662,1.50715191282179,99.2270446923177,14.795818413981,0.9863878942654,20,32,1,1,1,1,1.9965801547736,0.0178527678009268,0.223570257793786,-38.5457414649603,12.0066466257711,42.318295072975,0.0508742748153837,0.0510715804936388,5,0.190027303892421,99.2270446923177,14.795818413981,200
R0201,INFEASIBLE,0,-1.93307901568225,0.461191472139616,63.0337369994283,12.463532011502,0.830902134100132,20,32,0,0,0,0,1.71040688883398,0.0100927589962731,0.0427220431021246,-50.8138328500465,9.32348502630953,28.6791818461879,0.101478521659369,0.160505870023465,6,0.247620176240611,63.0337369994283,12.463532011502,201
R0202,INFEASIBLE,0,-2.23955587031944,0.410531329554996,43.5264550589092,13.5576394408338,0.903842629388922,20,32,0,0,0,0,1.69817403577103,0.0318359664439942,0.0667025660794347,-36.8119628105736,6.09590334261267,46.305414732715,0.00153279367846315,0.162923195163992,4,0.360910429247036,43.5264550589092,13.5576394408338,202
R0203,INFEASIBLE,0,-2.16449250920202,2.37924827674116,108.168025973233,13.9571476386625,0.930476509244169,20,32,0,1,0,0.333333333333333,1.75287391457305,0.0147038189060847,0.229672181493238,-54.2917184808775,13.4813393490048,35.5521441474222,0.0880576211887147,0.0794093090300135,2,0.125217961070027,108.168025973233,13.9571476386625,203
R0204,INFEASIBLE,0,-2.39673233887303,0.993219820725969,91.164146012606,11.2388280015827,0.749255200105512,20,32,0,0,0,0,1.33864020059229,0.0200313943152879,0.0870402672633915,-55.9966039416074,9.26908452776899,31.1698283836675,0.0783591688648323,0.236697661469218,2,0.247115856178952,91.164146012606,11.2388280015827,204
R0205,INFEASIBLE,0,-2.26470095322697,0.35094220847847,83.2191951862708,14.5938576796929,0.972923845312859,20,32,0,0,0,0,1.3229138306756,0.0184888286668003,0.0608025152796607,-31.0843365184957,13.7943665508528,37.5419167748083,0.0373568400955639,0.220517764334864,5,0.339625114077034,83.2191951862708,14.5938576796929,205
R0206,INFEASIBLE,0,-2.60276914184447,2.8082345898511,66.3710992526607,14.0118008938153,0.934120059587687,20,8,0,0,0,0,1.50190462144649,0.0284408871235026,0.237076971302907,-60.2992082402279,6.90289412919078,33.5425865066058,0.00390657441276712,0.196326973487805,3,0.354848450349044,66.3710992526607,14.0118008938153,206
R0207,EASY,2,1.72216765617015,0.933506409004224,107.445655406986,12.0696592015637,0.804643946770912,20,32,1,1,1,1,1.67194488557433,0.0235129085161125,0.101034470764539,-54.109643331349,11.7707326347896,44.3930754997947,0.0524473731886157,0.0422966097889462,5,0.111924967204653,107.445655406986,12.0696592015637,207
R0208,INFEASIBLE,0,-2.24779805805564,2.02960469738576,45.307338363914,10.1353437582922,0.675689583886147,20,32,0,0,0,0,1.16562557215048,0.0333609570425934,0.198779487499957,-46.7606893769436,13.6817101717421,27.1483463942188,0.099568910115467,0.163997739458612,2,0.403919183239956,45.307338363914,10.1353437582922,208
R0209,INFEASIBLE,0,-2.32716385798958,1.42867031753099,94.3183158180871,11.501726447059,0.766781763137269,20,32,0,0,0,0,1.68249421837766,0.0248469951057749,0.206405595387307,-41.2347397080625,5.34111880389884,45.9374370115505,0.0374063478289099,0.237559516694516,4,0.132069372366667,94.3183158180871,11.501726447059,209
R0210,INFEASIBLE,0,-2.35164090610306,2.03733420676124,35.1973419151566,11.8792097886543,0.791947319243622,20,8,0,0,0,0,1.71161133301707,0.0118645155056001,0.235297049653685,-45.6387681962827,13.0614710678565,35.9614831308597,0.110645099777836,0.17018302681157,1,0.217765642159407,35.1973419151566,11.8792097886543,210
R0211,INFEASIBLE,0,-2.30399114633289,1.15701921375024,32.173995584778,13.2933322492514,0.886222149950095,20,32,0,0,0,0,1.12760338394074,0.0265414331424632,0.143247798547494,-44.3238872842947,11.559604916652,38.9791003662516,0.060292231903316,0.154703384391197,1,0.147079201045056,32.173995584778,13.2933322492514,211
R0212,INFEASIBLE,0,-2.26066089990524,0.764929921149645,52.6049239931179,11.2797307113155,0.751982047421035,20,32,0,0,0,0,1.42381247492046,0.0395739001794598,0.0691921216994141,-62.751084676935,8.29227484818915,41.7036271306316,0.0638723109457383,0.164080412176403,5,0.42454958528437,52.6049239931179,11.2797307113155,212
R0213,EASY,2,2.47386266634121,1.26560094153491,23.6436851635409,14.7678274120357,0.984521827469045,20,32,1,1,1,1,1.86834220126802,0.0155961329138753,0.179508088143422,-40.5680366412761,5.19503525945282,42.8552271262721,0.0670793171706989,0.0306640057195492,5,0.242900172322633,23.6436851635409,14.7678274120357,213
R0214,INFEASIBLE,0,-1.97742785150261,1.24938471886054,68.4708712293094,8.70217476744241,0.580144984496161,20,32,0,0,0,0,1.34663142953568,0.0284821653053772,0.086445347990533,-65.8778495198632,11.2881843905055,26.8924926748969,0.0629425973105615,0.182531809004596,4,0.154818509590244,68.4708712293094,8.70217476744241,214
R0215,INFEASIBLE,0,-2.50224664701786,1.27953403159644,22.5084344128496,9.1697766280603,0.611318441870687,20,32,0,0,0,0,1.08587187558577,0.0143746162467764,0.0997202431111736,-62.1394907790729,7.40248521233034,30.3570601927744,0.0290322585055565,0.124869340387289,6,0.233263947962784,22.5084344128496,9.1697766280603,215
R0216,EASY,2,2.2116409611375,0.492325427572958,52.1915912152618,9.64800190832674,0.643200127221782,20,32,1,1,1,1,2.02825815417314,0.0135042937175315,0.076256948483398,-30.7645193839784,5.75565722765323,29.3911066034395,0.146350677185552,0.105152883280072,6,0.241029880672956,52.1915912152618,9.64800190832674,216
R0217,EASY,2,1.96340579151852,1.05649289409304,99.2606103536367,10.5295366751737,0.701969111678245,20,16,1,1,1,1,1.85217662263803,0.0287363535425933,0.0957387737105154,-65.2937193137889,5.68624587387249,45.3154954986775,0.115141967044435,0.0901379333628216,5,0.0580943762538392,99.2606103536367,10.5295366751737,217
R0218,EASY,2,2.10368327102651,1.81015627350612,25.2140161092045,9.62907116136133,0.641938077424089,20,32,1,1,1,1,1.25466147521565,0.0224921589786047,0.135595979973302,-61.828430126517,10.0469320472424,27.7651027454705,0.0576924680805025,0.0245732177867488,4,0.131272686192999,25.2140161092045,9.62907116136133,218
R0219,EASY,2,2.1801610779241,0.825144299012683,107.66402974372,13.3999773370814,0.893331822472094,20,8,1,1,1,1,1.84040113320831,0.0174317959523332,0.0878297153508694,-50.7008308832628,5.28070122979411,37.6976826298096,0.0348773743174068,0.0183967096091869,3,0.3409322143671,107.66402974372,13.3999773370814,219
R0220,INFEASIBLE,0,-1.81434768025371,0.866737515423731,32.6089781292699,11.942826844779,0.796188456318602,20,32,0,0,0,0,1.00333362179755,0.0115502872417316,0.0897330100032051,-49.373073166383,5.38634820358003,33.8197941518328,0.117909878318415,0.129091171147901,4,0.215322299209545,32.6089781292699,11.942826844779,220
R0221,INFEASIBLE,0,-2.36978135263166,1.87689065678609,79.9738511017989,11.4789589046795,0.765263926978637,20,32,0,0,0,0,1.99119300223713,0.0298037559303458,0.228653299642446,-49.54533128449,6.23501256071059,47.1567462304024,0.139248860079054,0.206952055770404,5,0.40481372383248,79.9738511017989,11.4789589046795,221
R0222,INFEASIBLE,0,-2.15993012494027,1.40322547110981,50.1167499235607,11.1316030815126,0.74210687210084,20,32,0,0,0,0,1.8905600001032,0.0285034153845916,0.121766123656401,-68.7916686645091,10.0672474654284,46.124438078147,0.00921824175583027,0.219529745596145,1,0.193811716914197,50.1167499235607,11.1316030815126,222
R0223,INFEASIBLE,0,-2.34457726082706,1.11733369473483,115.408641483198,10.5203572328212,0.701357148854748,20,32,0,0,0,0,1.69882312672294,0.02274818519861,0.0917182052927377,-55.9499202932379,9.70348222331433,27.3027005614441,0.0858892605046627,0.206262308791449,3,0.151413507238687,115.408641483198,10.5203572328212,223
R0224,INFEASIBLE,0,-2.05671383958671,2.0124035863062,59.5703230266378,8.01046812055252,0.534031208036835,20,32,0,0,0,0,1.01037449580387,0.0128508166309396,0.155978857056714,-62.8576380462346,11.1306193868508,30.724072052797,0.0257605280683211,0.152740406846909,4,0.172660741440036,59.5703230266378,8.01046812055252,224
R0225,INFEASIBLE,0,-2.23146353241829,1.5637482380535,109.164037240433,12.3785494054435,0.825236627029568,20,32,0,0,0,0,1.00710647492153,0.0170741595608326,0.206310699365517,-42.6796643248349,5.92479255623967,41.0405510095915,0.0284617599539865,0.196036213987376,4,0.172396673780594,109.164037240433,12.3785494054435,225
R0226,INFEASIBLE,0,-2.28530350519118,0.745412837124021,111.082030498399,14.8241339806133,0.988275598707555,20,32,0,0,0,0,1.76662748565846,0.0244958052644473,0.11951889464118,-35.8168045080924,7.03218030333022,42.6888475604673,0.0735883759166287,0.193324073008129,6,0.162496299595076,111.082030498399,14.8241339806133,226
R0227,EASY,2,2.32236319576438,2.92676559440099,110.919171655625,12.8572200218353,0.857148001455688,20,32,1,1,1,1,1.30196554540374,0.0145957655262381,0.233005659692578,-66.7526666791781,11.4574712497284,36.5557463318106,0.142907241513791,0.0665001367263105,2,0.36181123737338,110.919171655625,12.8572200218353,227
R0228,INFEASIBLE,0,-1.89748769322569,0.975035196015244,47.1614886731928,8.11381061978857,0.540920707985905,20,32,0,0,0,0,1.79266124435293,0.0262121708757569,0.129845623863339,-36.0211840822236,9.78077409571467,29.7845728251637,0.0519526308795152,0.136727190350854,1,0.0804780616199439,47.1614886731928,8.11381061978857,228
R0229,INFEASIBLE,0,-1.98071778370494,2.31997067257254,84.750865625144,13.4051031888025,0.893673545920169,20,32,0,0,0,0,1.56796134530544,0.0376100561812587,0.217010304855306,-63.3765840175994,13.6766998202687,45.4898741842409,0.115985336406763,0.1503967305509,4,0.1714286375753,84.750865625144,13.4051031888025,229
R0230,INFEASIBLE,0,-2.33049658128683,0.874582189968584,107.935221844962,9.55251888163574,0.63683459210905,20,32,0,0,0,0,1.99876967773526,0.0337874423804084,0.135252115741516,-38.400476182788,10.2500779936855,45.6479683829238,0.112893768984623,0.229744772669337,3,0.339740299434208,107.935221844962,9.55251888163574,230
R0231,EASY,2,2.00190851325101,1.52829626350527,102.064480721679,13.9253839085892,0.928358927239277,20,16,1,1,1,1,1.98996225387516,0.0380801139176973,0.147881612923277,-45.6856135492769,11.6917891677195,25.2949331181673,0.143614077619696,0.016521378427177,4,0.329143563801329,102.064480721679,13.9253839085892,231
R0232,EASY,2,1.91026219535596,0.877433465939161,93.4782277530689,8.15711551380493,0.543807700920329,20,8,1,1,1,1,1.37713182066436,0.0317932311553247,0.10428628096547,-42.5993817513915,7.17124937291633,33.1813399603501,0.0940694690624463,0.0280108991712438,4,0.365795179209517,93.4782277530689,8.15711551380493,232
R0233,INFEASIBLE,0,-2.1003234326407,2.61647885782404,75.3869790138125,8.44527358121224,0.563018238747482,20,32,0,0,0,0,1.12121016898341,0.0110471898871192,0.177979933690327,-65.9926713306635,6.82441059412063,26.0831714401044,0.0584904112272572,0.123264139127869,3,0.164746408389734,75.3869790138125,8.44527358121224,233
R0234,INFEASIBLE,0,-2.25975701888335,1.57227366667087,98.8010091773265,10.7726918963978,0.718179459759852,20,32,0,0,0,0,1.20235055032664,0.0353849101916566,0.166078209731024,-47.524202356002,9.83007955438772,32.6182049990883,0.119348890895776,0.132870174989462,2,0.194130103737572,98.8010091773265,10.7726918963978,234
R0235,FRAGILE,1,0,1.70113898340943,61.5424158183589,12.1278304087194,0.80852202724796,20,32,1,1,1,1,1.56055462304891,0.0207186918562373,0.184895192657577,-53.3113521583427,13.9395382897028,43.4582663931418,0.025401714555513,0.0735782817928851,5,0.158713564047602,61.5424158183589,12.1278304087194,235
R0236,EASY,2,2.11845106309028,1.01909828460279,115.876548732677,11.9005524333737,0.793370162224911,20,16,1,1,1,1,1.07961933410946,0.0354079103627161,0.133673835547372,-39.8976115840412,5.71174517164127,35.4499666671974,0.0716654895749387,0.0101271054331306,2,0.343049016483099,115.876548732677,11.9005524333737,236
R0237,FRAGILE,1,0,0.462141014200807,80.2310843963913,9.16559082458371,0.611039388305581,20,32,1,0,1,0.666666666666667,1.34973145575649,0.0206387518877481,0.0455599027997181,-61.6636620409926,10.078253525945,47.833981816381,0.0853627252314326,0.121311017222127,3,0.313870720156073,80.2310843963913,9.16559082458371,237
R0238,INFEASIBLE,0,-2.69246427364789,0.889626500707642,40.9435306358604,14.9358749531748,0.995724996878319,20,32,0,0,0,0,1.342275305763,0.0185176726135873,0.137139183201826,-38.2907675957698,13.5036191745409,45.0979910623308,0.0808164051944366,0.164538615176383,6,0.0801702873145256,40.9435306358604,14.9358749531748,238
R0239,EASY,2,1.51950251678503,0.627426129279723,78.9953618257039,10.4836893894748,0.698912625964985,20,32,1,1,1,1,1.74386216559324,0.0252448669536655,0.0690629950754331,-53.1357512103944,12.9446889028388,44.2792872853282,0.125401803311835,0.0343585255783527,4,0.419985989970633,78.9953618257039,10.4836893894748,239
R0240,FRAGILE,1,0,0.554339343944551,27.8389253217603,8.55369778832167,0.570246519221445,20,32,1,0,1,0.666666666666667,0.977431718622408,0.0352084190787356,0.0664806721048909,-39.38181803567,9.87731595885484,28.8730242270102,0.109899188043237,0.0663618550150679,2,0.420845413153599,27.8389253217603,8.55369778832167,240
R0241,INFEASIBLE,0,-2.68333536229902,1.27577539489502,44.8903602005725,14.5849556616546,0.972330377443641,20,8,0,0,0,0,1.69083219382261,0.0190713926837326,0.112624892156676,-51.3465094580205,13.8011849042672,26.5952171440907,0.0578186484528082,0.234512621750173,3,0.131763953464194,44.8903602005725,14.5849556616546,241
R0242,FRAGILE,1,0,1.30031222385652,101.958575919441,14.4396776268287,0.962645175121913,20,32,1,0,1,0.666666666666667,1.39176732634847,0.0119359058676638,0.151264414575157,-49.4870336174926,6.6980774996237,42.8965586026924,0.0409624825177803,0.096949824784807,6,0.404400229344053,101.958575919441,14.4396776268287,242
R0243,INFEASIBLE,0,-2.47281950938281,2.53459752739214,88.7686032027273,11.1006507238694,0.740043381591295,45,32,0,0,0,0,1.30682453572378,0.0129969361985808,0.215744147908833,-57.243457038109,10.6663159343753,30.7307457355797,0.108788962824416,0.216909536355419,5,0.434590780324876,88.7686032027273,11.1006507238694,243
R0244,EASY,2,2.3388616306205,1.34360858624044,107.228509712326,8.40137326988434,0.560091551325623,20,32,1,1,1,1,0.949749308437896,0.0195935456140938,0.131435483170928,-46.8389653301932,7.36159108880715,27.1741303295385,0.0281589799018849,0.00207692941437889,3,0.0925085276576069,107.228509712326,8.40137326988434,244
R0245,INFEASIBLE,0,-2.51111257768431,1.23585659842601,33.7194562254661,9.99641155177152,0.666427436784768,20,32,0,0,0,0,0.997947034447147,0.0227057101424277,0.139815432970535,-54.6718107393335,13.9011870156647,49.5179133610843,0.000648800673530364,0.0786525715580857,3,0.065903588986459,33.7194562254661,9.99641155177152,245
R0246,INFEASIBLE,0,-2.48157132475185,1.57362873918122,32.5671016612815,13.7719833578315,0.918132223855432,20,8,0,0,0,0,0.939432568618034,0.0394011717793966,0.169138234173164,-56.2849745346984,11.2318903997123,47.3723939591935,0.0885545850516773,0.199297579757603,5,0.359473475740923,32.5671016612815,13.7719833578315,246
R0247,INFEASIBLE,0,-1.97937427721918,0.536335116598998,37.5538881511778,10.8582685563696,0.723884570424643,20,32,0,0,0,0,1.38242505113178,0.0136252605821281,0.0484512006705891,-49.8217194006447,10.3298219425146,26.2201638187873,0.0390700531997458,0.146694312134635,5,0.182916172138863,37.5538881511778,10.8582685563696,247
R0248,INFEASIBLE,0,-2.78061709819069,0.351463277789583,58.6085714015376,11.0740275596144,0.738268503974292,20,32,0,0,0,0,1.31699765799388,0.0396580765352417,0.0530670912943134,-34.0573199782984,11.8116374744132,34.2273246376739,0.0173139249218212,0.247060557998555,2,0.170324938110586,58.6085714015376,11.0740275596144,248
R0249,INFEASIBLE,0,-2.26231671045765,1.6315413359273,36.7998024455161,14.7082276202156,0.980548508014374,20,32,0,0,0,0,1.14503141726584,0.0327327616049319,0.159793978653014,-48.8654700481662,13.8265261851846,29.6476432592464,0.131787596660058,0.109705062684076,4,0.432339029575746,36.7998024455161,14.7082276202156,249
R0250,EASY,2,1.9600282694824,1.24582817382154,90.6544271935429,14.2715893935517,0.951439292903448,20,16,1,1,1,1,1.56155360540881,0.0367948417036418,0.11154539530495,-66.2356782582231,5.66946683319586,45.5231526173795,0.14256542496749,0.039503215004768,4,0.117740444841621,90.6544271935429,14.2715893935517,250
R0251,EASY,2,1.84467466090267,0.449610105759208,64.9855056683772,10.0510792372468,0.670071949149789,20,32,1,1,1,1,1.01862142493347,0.0295968637858415,0.0468566892327073,-54.1744354461359,8.72284046157307,41.2592392136765,0.105749590416229,0.0767813824638519,4,0.261599179856899,64.9855056683772,10.0510792372468,251
R0252,INFEASIBLE,0,-1.748608624329,0.803122162597704,88.7324415131102,12.4499830541401,0.82999887027601,20,32,0,0,0,0,1.70493970387114,0.0332792175778273,0.110906964014919,-37.7549904890046,5.37806925788755,35.1855626474966,0.123006315442837,0.180134245416812,4,0.252525130192804,88.7324415131102,12.4499830541401,252
R0253,INFEASIBLE,0,-2.07403907820934,3.16230452483945,95.6453932725259,10.0190852994192,0.66793901996128,20,32,0,1,1,0.666666666666667,1.08066093749494,0.0366064228780953,0.222962067055373,-68.428958915882,6.60753078838911,30.129769378745,0.0988927933899914,0.102857955353787,2,0.224076906227229,95.6453932725259,10.0190852994192,253
R0254,INFEASIBLE,0,-3.02260774519824,0.581174321513117,117.460042882059,14.596858284331,0.973123885622064,20,32,0,0,0,0,1.90686322429522,0.0116238932160164,0.053441506487639,-64.0439832095157,11.8679091338031,44.8913407896338,0.0313573957373242,0.182941755645444,3,0.427823016801362,117.460042882059,14.596858284331,254
R0255,EASY,2,1.83651450109439,0.901615623072718,103.411615536205,8.32262785306192,0.554841856870794,20,32,1,1,1,1,1.29348026219341,0.036667556098791,0.111149336863428,-47.840101231458,5.01516120143574,45.0211342132559,0.143701006487182,0.122290659778786,5,0.228555610922447,103.411615536205,8.32262785306192,255
R0256,INFEASIBLE,0,-2.04060458531976,1.03945510965904,83.0561806482736,13.0629868392642,0.870865789284279,20,32,0,0,0,0,0.920542941355569,0.0175071698739143,0.140902247891646,-41.7623514886105,9.2117370333633,41.4816107685771,0.120523661582297,0.1646037755518,6,0.056009489380093,83.0561806482736,13.0629868392642,256
R0257,INFEASIBLE,0,-2.2209479129335,3.21608056652209,78.7196840579241,8.03203531135191,0.535469020756794,45,32,0,0,0,0,1.89260908212992,0.0136722133318355,0.233357881088202,-67.0320450759181,11.8201776980296,30.620861263799,0.146360965285219,0.132762879692792,2,0.0544946327262944,78.7196840579241,8.03203531135191,257
R0258,INFEASIBLE,0,-1.72504983996281,0.902234749613828,29.1341297289287,12.5739495883864,0.838263305892426,20,32,0,0,0,0,1.23734650329448,0.015727267514336,0.105769823510247,-39.4429543457929,11.3443892494627,27.674812701433,0.079744912203029,0.0821254052821543,3,0.352189744945239,29.1341297289287,12.5739495883864,258
R0259,INFEASIBLE,0,-1.89239383190212,0.553110586741076,66.0260884794875,12.0970743913106,0.806471626087376,20,32,0,0,0,0,1.00223457905363,0.0336843029758044,0.051189317866793,-58.1216744776553,10.2920702618484,37.4517689153231,0.0601820529263927,0.145760845511236,1,0.17779768995679,66.0260884794875,12.0970743913106,259
R0260,INFEASIBLE,0,-2.2572041566392,1.34828985974219,28.5774629639104,12.5983442073273,0.839889613821822,20,32,0,0,0,0,1.32098529066022,0.0314685225314433,0.114906734883932,-67.1765876466537,10.503808171335,42.4249820781529,0.0135892806346108,0.111033186826149,5,0.326906189615226,28.5774629639104,12.5983442073273,260
R0261,INFEASIBLE,0,-1.95618474511565,0.752852777262775,64.3091577499973,12.9281152171342,0.861874347808948,20,32,0,0,0,0,1.41466717385313,0.0157909854906754,0.080315176539906,-44.9261855015026,12.6221299449664,29.7327837366868,0.106887185931931,0.131125682411997,6,0.444797730116173,64.3091577499973,12.9281152171342,261
R0262,EASY,2,1.95740623316108,1.7428682381162,99.4941734641549,13.553798195185,0.903586546345664,20,8,1,1,1,1,2.02444639579344,0.0150011607209622,0.231300863381611,-38.3104989010476,9.90276188692741,33.4597251560045,0.148513977063625,0.0198912282141017,2,0.147425393025429,99.4941734641549,13.553798195185,262
R0263,INFEASIBLE,0,-1.56175021949121,0.351925780286002,102.196117581782,12.5892890670884,0.839285937805896,20,32,0,0,0,0,0.984364692265081,0.0312773195513526,0.0591281055337299,-34.3401187162475,13.2313236811261,43.087441417689,0.0725786731422651,0.220110795516402,4,0.176333479628113,102.196117581782,12.5892890670884,263
R0264,EASY,2,1.99285950382195,0.986441942726567,47.5867199804446,11.9547144198492,0.796980961323281,20,32,1,1,1,1,1.98872267364395,0.0184477114103621,0.106873742326415,-46.8744699167801,10.7829756315451,33.3835925053954,0.0828760465426053,0.0219033675962934,4,0.340187570012187,47.5867199804446,11.9547144198492,264
R0265,EASY,2,2.48141859775433,1.94084454457985,83.3487835921071,14.5657004159152,0.971046694394348,20,32,1,1,1,1,1.44675254353522,0.0163368336716128,0.127229550781892,-67.1464130234728,10.7057211288816,25.0784954082667,0.136256295687931,0.0407869878505499,3,0.103251057365111,83.3487835921071,14.5657004159152,265
R0266,INFEASIBLE,0,-2.30342982717522,1.15790133932015,32.6404200345031,10.3513301143043,0.690088674286953,20,32,0,0,0,0,2.08044866160891,0.0207932980182182,0.183477405262645,-35.6556553485356,10.0554912073092,41.3180931379741,0.115585161638144,0.230099768042641,3,0.402331093133915,32.6404200345031,10.3513301143043,266
R0267,EASY,2,2.62557234946946,1.27222188603461,119.15493167592,8.60272496187503,0.573514997458335,20,16,1,1,1,1,2.09437392220079,0.0197687189045343,0.163661131545,-45.4097240727709,7.92114158650993,44.1697007731726,0.147062336337551,0.00102795651360609,2,0.331936749913235,119.15493167592,8.60272496187503,267
R0268,INFEASIBLE,0,-1.71665237904119,1.32783863423312,106.535068986232,10.1108151796217,0.674054345308113,20,32,0,0,0,0,1.8078032004466,0.0141044478172444,0.138711002598075,-43.8027568147045,10.1596567881742,27.1016334241816,0.0218734437076336,0.128934243407492,1,0.360423458298344,106.535068986232,10.1108151796217,268
R0269,INFEASIBLE,0,-2.25189904133296,1.05370003378821,61.3451054756561,10.9646862838989,0.73097908559326,20,32,0,0,0,0,1.40507473918412,0.0181702724571241,0.175763950624071,-37.0358422274323,11.1082302919216,49.4005098293197,0.00750004834409355,0.17507482728426,1,0.210779544267085,61.3451054756561,10.9646862838989,269
R0270,FRAGILE,1,0,1.67443576207287,111.690717095783,12.7255892788735,0.848372618591564,20,32,1,0,1,0.666666666666667,1.15715731457497,0.019648261137627,0.187167010471832,-52.8216407912562,11.1443797135261,45.1239134390805,0.0309054022486159,0.0683432167913018,2,0.422603946364175,111.690717095783,12.7255892788735,270
R0271,EASY,2,2.38696393855669,0.518604130910817,59.1475865592626,10.2103363164916,0.680689087766106,20,8,1,1,1,1,2.04742225304318,0.0377639375641007,0.0439727449786937,-66.1961826247015,5.97756891085547,40.7776748474346,0.0724101766770364,0.0258086899122051,2,0.234792125118395,59.1475865592626,10.2103363164916,271
R0272,INFEASIBLE,0,-2.38752167904558,0.928194141300594,49.5490002311521,13.446717625704,0.896447841713602,20,32,0,0,0,0,1.79574290865032,0.0249639053842952,0.0840912178910741,-68.5781812297577,11.8180514181946,49.9639680632842,0.109654161212103,0.200602314679056,3,0.148920813596651,49.5490002311521,13.446717625704,272
R0273,INFEASIBLE,0,-2.15610448703792,0.924083413700671,105.882039705928,11.8875368530552,0.792502456870349,20,32,0,0,0,0,1.9581430671119,0.0355633267711841,0.0679305892791931,-65.5867200300462,11.5171767898499,30.0885733199382,0.023075231078347,0.132591767147736,4,0.186449481956596,105.882039705928,11.8875368530552,273
R0274,EASY,2,2.29249041795286,0.28531125870688,63.6792899644155,10.7027643125126,0.713517620834172,20,32,1,1,1,1,2.07968330696639,0.029784901953923,0.0457076633879336,-30.2705535753052,8.45975128218055,30.4398357563015,0.118632643014366,0.0210778866832864,3,0.36394646646441,63.6792899644155,10.7027643125126,274
R0275,INFEASIBLE,0,-2.28041874374787,0.619685735166111,92.0685687319522,12.9850581953693,0.865670546357953,20,32,0,0,0,0,1.28173959000759,0.027562841648783,0.0571619392446082,-66.8449502237133,7.95725076143384,49.211825510435,0.0078495887403474,0.168620974134778,1,0.0853889675059128,92.0685687319522,12.9850581953693,275
R0276,EASY,2,2.07474488172863,1.27745701290998,52.1153352141345,13.9457604228287,0.929717361521916,20,32,1,1,1,1,1.36750271939817,0.0159373974603448,0.128001066423859,-60.6580945958218,6.3668637501205,47.8160251651484,0.10131528691635,0.0601949153202128,3,0.445715461385482,52.1153352141345,13.9457604228287,276
R0277,INFEASIBLE,0,-2.07022633797717,1.10387135709598,32.8106179546757,14.0265263611363,0.935101757409087,20,32,0,0,0,0,1.92506609158824,0.0309517510231269,0.105441407380544,-60.0332371714648,6.21603819309559,42.5628147581092,0.0861327514493561,0.187712253146756,4,0.241186251448294,32.8106179546757,14.0265263611363,277
R0278,INFEASIBLE,0,-2.1801610779241,0.643655742964211,109.445977951213,13.2004655701527,0.880031038010183,20,32,0,0,0,0,1.76504406240518,0.0183361235207147,0.0508821425033819,-67.8850495263418,11.1964971031603,37.2763274594748,0.0301400015896016,0.130332564728002,2,0.346301236303106,109.445977951213,13.2004655701527,278
R0279,FRAGILE,1,0,0.658007050388652,60.1551728386329,13.5505224070225,0.90336816046817,20,16,1,0,0,0.333333333333333,1.34704954793938,0.0134378754383541,0.0523332386657137,-55.3116324718184,6.74467936450916,25.0488873793906,0.0976564675711251,0.15092476586858,5,0.413557732828821,60.1551728386329,13.5505224070225,279
R0280,INFEASIBLE,0,-2.43483688405335,0.492873792785674,68.3882321152267,14.7846889380773,0.985645929205152,20,32,0,0,0,0,1.74286077715296,0.0172188474828051,0.0400970585514408,-69.7672332457365,9.54523826571034,41.6982601863385,0.0634872546943368,0.178005930344985,3,0.388270886051984,68.3882321152267,14.7846889380773,280
R0281,EASY,2,1.9001074102392,0.646821801286728,103.627851535444,12.6084966248419,0.840566441656128,20,32,1,1,1,1,1.86640025887004,0.0376739852128049,0.0739179830425689,-49.2815696045911,13.526338314694,41.0545538827012,0.0739312269238941,0.0346733652244638,2,0.233402069654282,103.627851535444,12.6084966248419,281
R0282,INFEASIBLE,0,-2.46403088835255,1.3589534716077,42.3853635990297,10.7609292883188,0.717395285887918,20,32,0,0,0,0,1.03682902007514,0.0357147235061877,0.121218787083603,-52.8013866892841,10.3212067877719,28.7132734561104,0.0740439607000998,0.242072379594724,3,0.2206707232633,42.3853635990297,10.7609292883188,282
R0283,EASY,2,2.62599817303358,1.80558934506762,20.1899252012899,9.85877260877364,0.657251507251576,20,32,1,1,1,1,1.40452486164431,0.0363025425777329,0.218903032447724,-40.043046729686,10.711814472758,30.5057125850793,0.110329431443725,0.0289380752676638,2,0.061665828798838,20.1899252012899,9.85877260877364,283
R0284,INFEASIBLE,0,-2.00413671314322,1.10280999942654,101.913020111543,13.944491660071,0.929632777338068,20,32,0,0,0,0,1.72433339254223,0.0390392797027245,0.145417721413712,-46.3418037753935,12.1709342364957,48.3326385961925,0.0356775951992841,0.0852087762737866,3,0.362410451898658,101.913020111543,13.944491660071,284
R0285,FRAGILE,1,0,0.940245027206106,54.9046816095248,8.99648536891834,0.599765691261223,45,32,1,1,0,0.666666666666667,1.295437872499,0.0128824565604328,0.106370378858719,-50.2202963612288,7.80086336599814,41.7810376184418,0.0246036742539707,0.0736371267238595,2,0.43493244823417,54.9046816095248,8.99648536891834,285
R0286,INFEASIBLE,0,-2.19536496474249,1.71435612042874,50.8622559539864,12.8278767695865,0.855191784639102,20,32,0,0,0,0,1.0062880593519,0.0300122575034891,0.150515334652409,-55.1973390496321,9.44927034549995,30.3988429192652,0.132844124206513,0.231678909263208,5,0.124455637287859,50.8622559539864,12.8278767695865,286
R0287,INFEASIBLE,0,-2.3804983196951,1.67347770720409,27.2744483713671,8.54327589973089,0.569551726648726,20,8,0,0,0,0,1.39257232284452,0.0229680142731104,0.186874621376768,-50.3385144341762,9.02433267742937,40.8999648934603,0.0162392547071297,0.237185647708439,5,0.261078253771447,27.2744483713671,8.54327589973089,287
R0288,INFEASIBLE,0,-2.04186335371921,0.73065230968468,112.277697958647,9.75154255884594,0.650102837256396,20,32,0,0,0,0,0.999787159567164,0.0316249397202,0.0684158947126197,-61.9387921713265,13.2141610467687,43.5390872413696,0.0109802331297979,0.175702448345477,4,0.215572450093732,112.277697958647,9.75154255884594,288
R0289,EASY,2,1.83591049458006,1.02553648461438,60.9068448046688,9.33170371215614,0.62211358081041,20,32,1,1,1,1,1.93462321779452,0.0134799393449972,0.11832585197618,-52.998695426025,9.32934703739708,48.4003793358641,0.097276033288551,0.0697932410175159,3,0.204883942467401,60.9068448046688,9.33170371215614,289
R0290,INFEASIBLE,0,-2.30806052103518,1.71008145592408,59.9177143712134,10.5477598865786,0.703183992438576,20,32,0,0,0,0,1.3601338870454,0.0292003781541755,0.209154060672816,-41.4252081204549,5.9707273929333,33.2268951817636,0.066468403308267,0.214653498634258,3,0.267430687894351,59.9177143712134,10.5477598865786,290
R0291,FRAGILE,1,0,1.13113527850155,111.44613501084,9.18295265085487,0.612196843390325,20,32,1,0,1,0.666666666666667,1.90414010718403,0.0240480016278557,0.114173880724619,-59.1087772585182,13.4560965973614,46.0754662261593,0.0429775061525664,0.0898419374309739,5,0.347879512901054,111.44613501084,9.18295265085487,291
R0292,EASY,2,2.20067173394742,1.86489299172928,108.822149344138,12.0351498192139,0.802343321280926,20,8,1,1,1,1,0.926482727093989,0.0206734305156245,0.223309693213122,-45.0041060425251,7.95376361629707,37.5900541937858,0.0481328473495095,0.0137623986826709,4,0.430749552772078,108.822149344138,12.0351498192139,292
R0293,INFEASIBLE,0,-2.30740248057366,1.94287953915722,86.6122559033257,13.8624219854204,0.924161465694696,20,32,0,0,0,0,1.22427838114073,0.0106140330973553,0.215904117317908,-51.058366035396,11.5325944225731,41.670170895932,0.133457191910525,0.201478728309118,6,0.438033707758823,86.6122559033257,13.8624219854204,293
R0294,INFEASIBLE,0,-1.84221809322118,0.375730779096472,68.1317295400471,10.850555720465,0.723370381364336,20,32,0,0,0,0,1.68043877956604,0.0252514622045272,0.0502081764452802,-44.2908689198668,6.43197086024514,45.3403750698702,0.0954074170748313,0.195079769693394,6,0.198538082754671,68.1317295400471,10.850555720465,294
R0295,INFEASIBLE,0,-2.27162388925179,1.75944657937724,94.6347523418795,10.1317962635188,0.675453084234587,20,32,0,0,0,0,1.86778440052353,0.0343569594808484,0.172722887479754,-54.4593560556731,8.64598795465283,36.9959317444007,0.0799342224782391,0.18811078961023,5,0.0731597641193981,94.6347523418795,10.1317962635188,295
R0296,INFEASIBLE,0,-2.14233586919657,1.86522882356097,25.0580950760483,14.3264190490095,0.955094603267302,20,32,0,0,0,0,1.72568345670286,0.0191540374357994,0.235836159338507,-47.7695400927257,11.6281825527943,47.219352603027,0.135762520741699,0.0809111450006519,2,0.39852896474472,25.0580950760483,14.3264190490095,296
R0297,EASY,2,1.84003572788663,0.562495316228121,94.5372387236622,9.42605458600344,0.628403639066896,20,32,1,1,1,1,2.0724767999891,0.0225477584305929,0.0789969932397547,-38.9126298721718,8.93419838772055,38.6567933417629,0.117748998379061,0.0756484042801217,3,0.230270410251102,94.5372387236622,9.42605458600344,297
R0298,INFEASIBLE,0,-2.41935512270146,1.44181070792886,56.5163292057036,10.7267114932743,0.715114099551623,20,32,0,0,0,0,1.95000704265807,0.0364231306310083,0.120849366482912,-62.3211431742878,12.6589770363281,35.3186782471669,0.0662304082358664,0.241937492609654,5,0.436975828725905,56.5163292057036,10.7267114932743,298
R0299,INFEASIBLE,0,-2.4226431681823,1.28660425768175,52.5690704862547,9.53616564300707,0.635744376200471,20,32,0,0,0,0,1.16053289041077,0.0187974381739963,0.195428827721009,-40.7624969929027,12.3374108579634,49.6215358334296,0.0639937728866541,0.228892571736987,5,0.417729837468182,52.5690704862547,9.53616564300707,299
R0300,FRAGILE,1,0,1.0072459938735,91.9640925161689,11.4582361223103,0.763882408154019,20,32,1,0,0,0.333333333333333,0.958027057904214,0.0122942259654077,0.0912908686139622,-53.5459700928449,10.4744110144636,30.4858648808234,0.0615880777974053,0.112743139331221,5,0.383841230046233,91.9640925161689,11.4582361223103,300
R0301,EASY,2,2.77580646527425,1.33078522923495,21.4090963298448,10.9368187028709,0.72912124685806,20,32,1,1,1,1,1.8486435726883,0.0154563359205624,0.233486381660382,-34.0132688393072,5.02566235370045,46.0962150184632,0.14400874198337,0.0242304951338261,5,0.113956066630698,21.4090963298448,10.9368187028709,301
R0302,INFEASIBLE,0,-2.04274578879435,0.650441860902918,114.897004825904,13.5715169106286,0.904767794041907,20,32,0,0,0,0,1.59976491845848,0.0221266662910535,0.0704991840859931,-55.2616967640697,11.8955155373145,46.4366628885057,0.0623161889454146,0.220143366427348,5,0.312642585124388,114.897004825904,13.5715169106286,302
R0303,FRAGILE,1,0,1.21347084308713,117.157375377144,10.9686246682552,0.73124164455035,20,32,1,1,1,1,1.82998039321116,0.038383414397513,0.156625266467359,-47.5375266356216,5.6139983766801,48.7303437483268,0.102070639617983,0.205633021115296,1,0.412371557335102,117.157375377144,10.9686246682552,303
R0304,EASY,2,2.18615840686805,0.502360528617948,73.0332031317046,14.1003782283899,0.940025215225996,20,32,1,1,1,1,1.5251620777352,0.0339886351540525,0.0453144504691092,-66.9942553734306,7.68102259853969,47.2692709018129,0.0185650953514604,0.0459961938305794,4,0.141869233480844,73.0332031317046,14.1003782283899,304
R0305,INFEASIBLE,0,-2.18678679655463,1.82715349764586,36.4197570542733,12.717587301378,0.847839153425201,20,32,0,0,0,0,1.53438106317093,0.0250334200322377,0.137432986843201,-59.4972721710452,9.42940402372654,25.9231259262075,0.0163357992746758,0.170356158217297,2,0.0644908689483232,36.4197570542733,12.717587301378,305
R0306,EASY,2,2.4754046710155,1.60723311074902,71.6052856490277,12.3621704691243,0.824144697941623,20,32,1,1,1,1,1.39629170697248,0.0186638857175483,0.227068271091893,-35.5745891840524,6.96576447863588,32.6961268100665,0.134463167389591,0.00177785255382669,2,0.243913766305251,71.6052856490277,12.3621704691243,306
R0307,INFEASIBLE,0,-2.11994554193989,0.421097676233909,68.6835329073587,12.6578249252341,0.843854995015606,20,32,0,0,0,0,1.41744658934867,0.0205559878499097,0.0666549735039216,-38.4884471932649,9.52808545396165,48.042054055401,0.0324608868396102,0.11588506288999,6,0.32331976021598,68.6835329073587,12.6578249252341,307
R0308,EASY,2,1.90938418770739,0.917410086629239,51.1600086755877,10.6588298803118,0.710588658687454,20,32,1,1,1,1,1.91455541246998,0.0276920635087235,0.160367549016576,-32.1263340692178,11.0688414528508,40.8215660047533,0.0528547697486398,0.0292111353561035,2,0.375946309546827,51.1600086755877,10.6588298803118,308
R0309,FRAGILE,1,0,1.41979180369346,119.648251045573,12.8796297306259,0.858641982041724,20,16,1,1,1,1,1.34756019624379,0.0117918100649673,0.161012038858542,-48.7291269368263,5.85802067948927,39.528104332014,0.147502809916826,0.120924667811101,6,0.161506583825608,119.648251045573,12.8796297306259,309
R0310,EASY,2,1.94819934356248,0.387836208470759,96.9812893312007,11.3538829625321,0.756925530835476,20,32,1,1,1,1,0.9574387221293,0.0270241352358183,0.0542984314254044,-42.3829033062015,11.2249913985364,45.5743650385825,0.13360186223902,0.0471118639181943,5,0.28474731316053,96.9812893312007,11.3538829625321,310
R0311,INFEASIBLE,0,-2.25552300582653,1.28072197989087,111.324893190758,9.21588310560253,0.614392207040169,20,32,0,0,1,0.333333333333333,1.50057618532108,0.0115112704992755,0.10717661118948,-66.3832868526135,13.4051440200672,39.945620982109,0.129556600281125,0.123169651643676,4,0.393953245044923,111.324893190758,9.21588310560253,311
R0312,EASY,2,2.120806268815,1.47902686954199,47.3580057601813,13.2453616257142,0.883024108380947,20,16,1,1,1,1,0.989429069751353,0.017454076631533,0.208793942952133,-31.9494793122711,10.4503950565447,26.3313175313575,0.036968791466986,0.0239264791349197,1,0.0610648945380261,47.3580057601813,13.2453616257142,312
R0313,INFEASIBLE,0,-2.04810096144689,1.50692297530377,38.1134666105802,8.45220601393653,0.563480400929102,20,32,0,0,0,0,0.982799117132612,0.0191407309614015,0.232166890896978,-36.7787158736987,10.0864925253426,41.5597515735594,0.119515329670865,0.0991926525779905,5,0.315170492576263,38.1134666105802,8.45220601393653,313
R0314,INFEASIBLE,0,-1.79345223942212,1.11672255729195,56.1967552920635,10.0545349765683,0.67030233177122,20,32,0,0,0,0,1.0503533939191,0.0370471625654289,0.121910152954969,-51.4221469844792,9.96901456098579,40.7897405245778,0.0934177466571876,0.126113618763327,3,0.184125932115901,56.1967552920635,10.0545349765683,314
R0315,EASY,2,2.14790905054428,0.403788533202036,35.4741055413432,10.4031862184755,0.693545747898365,20,32,1,1,1,1,0.960628224522347,0.0360166835817001,0.0544394196897163,-44.4300342621794,5.32671801813337,46.4444328799631,0.0817854820517001,0.0275697438657627,3,0.156627154953089,35.4741055413432,10.4031862184755,315
R0316,EASY,2,2.37772061854937,2.34424973510671,116.054252240665,8.73068232163065,0.58204548810871,20,8,1,1,1,1,1.43929847139465,0.0149135784334788,0.222782233357368,-52.475601505099,11.3524410753104,32.1906364573804,0.0712995075662614,0.00528979210482883,2,0.28911669773329,116.054252240665,8.73068232163065,316
R0317,INFEASIBLE,0,-2.08791915091924,0.539538387975799,54.1235268104579,13.8640593050674,0.924270620337827,20,32,0,0,0,0,1.94428206758595,0.0330648255468035,0.0510726160751867,-54.8705319988506,7.2248851442642,34.9197565423929,0.0418116141816506,0.158526843539475,5,0.164624653144493,54.1235268104579,13.8640593050674,317
R0318,EASY,2,2.36705270924618,1.74853442685102,36.1632619792511,10.9177511993934,0.727850079959559,20,32,1,1,1,1,0.988879509471211,0.0267033699324842,0.178688531391812,-48.4662824056498,7.2567207059733,31.7530727210785,0.0276097267934754,0.0368046893519049,2,0.063519664289323,36.1632619792511,10.9177511993934,318
R0319,EASY,2,2.00176977330036,1.93600292307425,46.233612341083,8.21544466473933,0.547696310982622,20,32,1,1,1,1,1.91381705079542,0.0177317643070125,0.221203578438344,-46.0403880840202,6.74080015911993,35.8188458377737,0.100025482414428,0.0757283361954033,4,0.198624822674195,46.233612341083,8.21544466473933,319
R0320,EASY,2,2.07147371639566,0.512879360341645,81.3668990879371,8.8747785858666,0.59165190572444,20,32,1,1,1,1,1.83266487003871,0.0300374671519531,0.0447770927312208,-66.5135178942374,12.7609367916826,43.6478176262626,0.0591198140563655,0.0662836768881238,5,0.118226872183915,81.3668990879371,8.8747785858666,320
R0321,EASY,2,2.0372584119122,0.859981734543971,58.0428943617658,10.6784194533577,0.711894630223849,20,32,1,1,1,1,1.65213219686024,0.0331070258226637,0.0845784108711426,-57.6465505998847,9.5138581547367,41.6052940405193,0.117238642474233,0.0254151535248992,1,0.262445200664503,58.0428943617658,10.6784194533577,321
R0322,EASY,2,1.91555594660132,0.550468367535513,116.212425808919,8.63082880184552,0.575388586789701,20,8,1,1,1,1,1.88110803189979,0.0328407916385294,0.0738790127497747,-44.5103125761237,5.29890248264702,46.1912885082536,0.0165029851094118,0.0998012976290405,2,0.213992018715945,116.212425808919,8.63082880184552,322
R0323,FRAGILE,1,0,1.57080135088346,49.6019163429923,9.39775203378564,0.626516802252376,20,32,1,0,0,0.333333333333333,2.05405539677789,0.0219734080065213,0.132650566084323,-64.4367766232402,11.5280134366746,38.3269848148808,0.0176202422899542,0.0581415266763997,2,0.0665154413874753,49.6019163429923,9.39775203378564,323
R0324,INFEASIBLE,0,-2.28414173231815,1.04210068699915,45.6601761109528,14.4649171600496,0.964327810669977,20,32,0,0,0,0,1.17383201846029,0.0109370027817683,0.078830031898744,-62.0739807350114,12.3807108925961,28.5393837697324,0.0700800984613781,0.226587135016405,5,0.222886638920954,45.6601761109528,14.4649171600496,324
R0325,EASY,2,2.00413671314322,1.15157895468006,114.377977645652,11.8742528812,0.791616858746665,20,8,1,1,1,1,1.81588819943137,0.0390473022352432,0.130083672574328,-54.9283849922904,5.87937505560017,49.8325553096927,0.00204275447196141,0.0494452403883662,3,0.333964383959187,114.377977645652,11.8742528812,325
R0326,INFEASIBLE,0,-2.61563319930019,1.85096739979454,56.6362408718073,9.63548003179564,0.642365335453043,20,32,0,0,0,0,1.58690687270551,0.0257412374393966,0.18003311850268,-45.5093663397283,11.6578418578017,25.3612236092826,0.0695719921359472,0.235343957128371,4,0.435539622319047,56.6362408718073,9.63548003179564,326
R0327,INFEASIBLE,0,-2.52325254620468,1.40255273686005,82.531777013922,8.3770899331025,0.558472662206834,20,32,0,0,0,0,2.08921652408189,0.0211037095697255,0.175370144560292,-44.0683530967456,6.59924508408756,39.2995808265585,0.0687419964655423,0.202715968726068,6,0.133934109017096,82.531777013922,8.3770899331025,327
R0328,EASY,2,2.10217157935051,1.53368641244975,49.0887313723352,8.1996236336122,0.546641575574146,20,8,1,1,1,1,1.8453967418647,0.0245339174295205,0.156895995361525,-54.0777957662845,10.0091406821579,39.6141094416626,0.0144749584812519,0.0441501519769735,6,0.360141141212579,49.0887313723352,8.1996236336122,328
R0329,INFEASIBLE,0,-2.16119409909996,0.484699260303854,55.2693295457791,11.8753831981983,0.791692213213221,20,32,0,0,0,0,1.43719778275444,0.0250630275442666,0.0764850064803328,-38.0892296726707,11.6499077275058,46.7599068925901,0.0332530874303416,0.17228980121974,4,0.183744170081378,55.2693295457791,11.8753831981983,329
R0330,INFEASIBLE,0,-2.50137891474799,2.61263605977842,65.4353618604274,11.8959397976796,0.793062653178638,20,32,0,0,0,0,0.959479006380416,0.0171725299400029,0.202692501715721,-65.5498103657566,8.6122871156535,33.4750911949389,0.0395438304939897,0.0950466564131334,6,0.403456398801437,65.4353618604274,11.8959397976796,330
R0331,INFEASIBLE,0,-1.76375530942532,1.35072359921408,66.9906756661775,9.8511273147891,0.65674182098594,20,32,0,0,0,0,0.986875090460109,0.0292706091150688,0.157051442913914,-38.238876780907,8.6000269280225,25.5871842945812,0.132487253226491,0.114376403096696,6,0.372216291163702,66.9906756661775,9.8511273147891,331
R0332,INFEASIBLE,0,-2.55665590061801,1.93486620760651,46.9341851879174,11.1519230422995,0.743461536153297,20,32,0,0,0,0,1.72736613434788,0.0214164934895097,0.171510530261909,-69.3129903843016,10.6487410412815,48.8618975884362,0.112292044915011,0.222232456497597,4,0.291192447680545,46.9341851879174,11.1519230422995,332
R0333,INFEASIBLE,0,-2.64534170493509,2.51236617476423,46.0098787753845,9.18648065731955,0.612432043821303,45,32,0,0,0,0,1.13264027408134,0.0380899473227087,0.212265229328429,-52.027054983753,8.67410573102383,25.0098845253974,0.0359215279957503,0.203271510106446,2,0.200203178447213,46.0098787753845,9.18648065731955,333
R0334,INFEASIBLE,0,-1.73922375250128,0.964899295164729,58.3247998432665,10.3430225907121,0.689534839380804,20,32,0,1,0,0.333333333333333,2.06829491764039,0.0368350560457808,0.173627507632517,-33.2145569555051,7.34058418181442,46.2371831952412,0.00547393422198889,0.140684377178789,2,0.174422428633539,58.3247998432665,10.3430225907121,334
R0335,INFEASIBLE,0,-2.18783491171394,1.78826107796231,119.70729892577,10.4871869441929,0.699145796279526,20,32,0,0,0,0,1.86958322687863,0.0399911550153447,0.180257748577023,-54.4047133316882,10.3446160292509,38.9278525197068,0.0160261489658492,0.188438981130394,5,0.0682270111665635,119.70729892577,10.4871869441929,335
R0336,INFEASIBLE,0,-2.20574810975773,0.374373645865934,116.290170631531,13.5618906893148,0.904126045954323,20,32,0,0,0,0,1.75387700603155,0.0145820460028162,0.0550525361776179,-36.9271757786803,7.11211081012788,38.1678475372512,0.109866705111448,0.227490018153507,1,0.381325578053,116.290170631531,13.5618906893148,336
R0337,EASY,2,2.15060971294443,2.62264113772249,82.1475406931116,10.276567269983,0.685104484665537,20,8,1,1,1,1,0.932160973575906,0.0344033519542747,0.231205591640158,-57.8495454373835,8.00157689071903,33.6651215397034,0.10400704910739,0.0247467067374363,5,0.250169484471119,82.1475406931116,10.276567269983,337
R0338,INFEASIBLE,0,-2.15205316294895,1.37328103291464,106.526709822171,11.5126397399956,0.767509315999705,20,32,0,0,0,0,2.06218741200125,0.0167792395828051,0.231685206362166,-30.999348874478,10.5785633306834,35.4033423665809,0.0626489297677052,0.174446467325701,2,0.169345719356832,106.526709822171,11.5126397399956,338
R0339,FRAGILE,1,0,0.9650915361144,59.8099632509559,13.0012370784201,0.866749138561343,45,32,1,0,0,0.333333333333333,0.982234206851226,0.0157297102364565,0.0966360647233994,-51.7986754078277,12.8713656586379,34.8209105616517,0.0494150422522262,0.0544970347243885,1,0.302351192706095,59.8099632509559,13.0012370784201,339
R0340,EASY,2,1.76345962555919,1.64093733762544,78.6354486806139,12.1920656251831,0.812804375012209,20,32,1,1,1,1,1.29193634903943,0.0200787599346435,0.200184840849976,-47.3240460730121,7.33592588393365,43.1423178655369,0.138532969088231,0.0549757513189896,3,0.180713765914377,78.6354486806139,12.1920656251831,340
R0341,INFEASIBLE,0,-2.93419488007451,0.42110334687067,22.2986509986719,12.0194313895664,0.801295425971097,20,32,0,0,0,0,1.01927538804073,0.0275438537680033,0.0411422726963414,-51.2371294302618,11.881050314753,32.4362103578676,0.145916639484169,0.240234444940145,5,0.0505117770881022,22.2986509986719,12.0194313895664,341
R0342,EASY,2,2.04287874815752,0.267375080854031,63.2959745011172,13.1072782317013,0.873818548780086,20,32,1,1,1,1,1.1114430611928,0.0193962954728679,0.0458696698064603,-35.4603648020754,12.6833823295489,47.9023837133309,0.0235282432905502,0.0457132146192469,2,0.277120410188833,63.2959745011172,13.1072782317013,342
R0343,INFEASIBLE,0,-2.08382999069034,1.05222756617856,20.3319343561769,11.114793020571,0.740986201371399,20,8,0,0,0,0,1.96953943831938,0.029957437761263,0.113909630583133,-52.9346448082586,7.65576081229686,42.5052818276295,0.091480184268241,0.128382668649157,3,0.357278142348444,20.3319343561769,11.114793020571,343
R0344,INFEASIBLE,0,-2.07433318004886,1.41072293113097,20.7413475448093,12.2155766071377,0.814371773809183,20,32,0,0,0,0,1.56869896724255,0.0301972311935663,0.167287423976586,-42.7902799014645,10.7384375959372,33.3268868747464,0.0222715350320089,0.185660999358152,3,0.248282753919521,20.7413475448093,12.2155766071377,344
R0345,EASY,2,2.05952702417552,2.50860796983215,63.3787782401676,9.98508361299241,0.665672240866161,45,16,1,1,1,1,1.83176403984868,0.0293921160866264,0.230787194722919,-60.77174146129,5.65912199478534,40.459689105604,0.139346520252519,0.0137108486819987,1,0.343178124442064,63.3787782401676,9.98508361299241,345
R0346,INFEASIBLE,0,-2.11427503022662,0.74705074507063,101.244754201621,13.2518681884187,0.883457879227913,20,32,0,1,0,0.333333333333333,0.963261320171575,0.0336882541293209,0.0742815865999599,-45.1593768258222,9.72125803867562,26.0987299661168,0.0612516197592508,0.149622188065206,2,0.0855561389060149,101.244754201621,13.2518681884187,346
R0347,INFEASIBLE,0,-2.17465724039415,1.2291036149022,28.0585666204234,13.125408306681,0.875027220445399,20,32,0,0,0,0,1.66558565340444,0.0356704797004362,0.141042988471134,-50.5947453112214,11.1925296394388,43.6313043171836,0.0918450229540684,0.0943006974778491,4,0.350634620105103,28.0585666204234,13.125408306681,347
R0348,EASY,2,2.30670363726532,2.35473717818106,106.966927106412,12.4466488246499,0.829776588309993,20,8,1,1,1,1,1.35644894134402,0.0158174258437122,0.194531785851031,-66.0148763308673,9.59414706412521,38.4982732825298,0.149685475912212,0.01312228788447,6,0.235210786980358,106.966927106412,12.4466488246499,348
R0349,EASY,2,1.82626788439052,1.08333179353482,110.13623410343,8.08727376498081,0.539151584332054,20,8,1,1,1,1,1.68725960013782,0.0185848216395532,0.0782009018717697,-65.0801449113102,6.45853654008976,28.5666244321259,0.0778314015107131,0.0774148093539467,5,0.109129286019105,110.13623410343,8.08727376498081,349
R0350,INFEASIBLE,0,-3.103828068939,2.2596657764211,101.734435956867,8.38204447630301,0.558802965086868,20,32,0,0,0,0,2.07407736158866,0.0240271420625815,0.177762700404396,-66.899778410182,5.51003977798304,35.8511901528484,0.00735878361849189,0.247948624521475,4,0.433760703142399,101.734435956867,8.38204447630301,350
R0351,INFEASIBLE,0,-1.86068818730616,1.73691518930106,38.9171477448741,10.91021885431,0.72734792362067,20,32,0,0,0,0,1.6072152802479,0.0368250770491532,0.222361752053584,-47.100722145622,6.98236422513988,47.0629815257911,0.0133926306596914,0.186243744663266,5,0.260582746711914,38.9171477448741,10.91021885431,351
R0352,FRAGILE,1,0,1.33878174796291,103.216740753404,11.5491479281365,0.769943195209102,20,32,1,1,0,0.666666666666667,1.14664211231408,0.0316862834518375,0.168516502766099,-45.1835306092646,5.73986638500465,41.8684606090499,0.0935141917014819,0.117217600496144,5,0.0793526181885407,103.216740753404,11.5491479281365,352
R0353,INFEASIBLE,0,-2.3695700225684,1.04002277700246,58.0954435270087,8.46363583810835,0.564242389207223,20,32,0,0,0,0,1.52204461125175,0.0227908212256404,0.159991356651753,-40.0056282593824,13.6898541451468,49.0242420602381,0.0699938679718698,0.145105676191454,2,0.252045684320893,58.0954435270087,8.46363583810835,353
R0354,EASY,2,2.38523865356902,1.20608467174136,31.4133694722475,13.7902887665438,0.919352584436252,20,8,1,1,1,1,1.49204916414601,0.0231149664787957,0.106682569682631,-63.634461854896,5.48314431176094,41.0088365907297,0.0912139893505068,0.00296522602740314,3,0.054751615509951,31.4133694722475,13.7902887665438,354
R0355,EASY,2,1.76375530942532,1.09276128564884,103.084292617644,9.95147326584945,0.66343155105663,20,16,1,1,1,1,1.27309494753323,0.032932519149049,0.130217244099532,-37.3966586492854,10.8863368799456,25.7047483302624,0.127308649985614,0.0452056061226917,5,0.363884960954821,103.084292617644,9.95147326584945,355
R0356,INFEASIBLE,0,-2.6316027626668,2.14598586245862,83.8916855472357,11.755505021665,0.783700334777669,20,32,0,0,0,0,1.96391341822566,0.0377735692428533,0.141297488420833,-68.4165090399353,5.8546032667223,26.2662666924401,0.0302925679873947,0.182387495584534,4,0.289703905983007,83.8916855472357,11.755505021665,356
R0357,INFEASIBLE,0,-1.84769048571248,1.69583177533839,69.2132177114133,10.6393864972464,0.709292433149762,20,32,0,0,0,0,1.46213336763936,0.0163317594373601,0.187453056267865,-54.5622705264238,10.6921027347762,47.0831748979002,0.0336569664043123,0.1279119473026,3,0.374327865651899,69.2132177114133,10.6393864972464,357
R0358,INFEASIBLE,0,-2.90175359891755,1.35914260168456,71.7103068007882,10.6070065583416,0.707133770556105,20,32,0,0,0,0,0.965531396243538,0.0366524281697222,0.148114946644544,-53.4673130307213,13.2763326768738,43.9446285603248,0.14561981155828,0.215450372960975,1,0.414160538841917,71.7103068007882,10.6070065583416,358
R0359,INFEASIBLE,0,-2.44909449165047,0.616339393277266,25.1230574346851,10.3765810897605,0.691772072650698,20,32,0,0,0,0,1.38163200969418,0.0236642873858446,0.100135553143472,-38.2509932487116,11.6747486203341,49.9900464171889,0.0304689647336859,0.0988693546990485,1,0.1740901254873,25.1230574346851,10.3765810897605,359
R0360,INFEASIBLE,0,-1.97222974709357,1.38970469111523,50.0456566630523,14.1730647620153,0.944870984134356,20,32,0,1,0,0.333333333333333,1.57794990774706,0.0312072410929964,0.147059439653822,-51.1555771013742,9.18886249686583,37.9304592076028,0.0435592733071018,0.0591380962624091,1,0.264469303751392,50.0456566630523,14.1730647620153,360
R0361,INFEASIBLE,0,-1.79624321171574,1.37481854372468,94.7436928267176,10.459475037264,0.697298335817602,20,32,0,1,0,0.333333333333333,1.12167744660422,0.0214577780276624,0.192877872719585,-38.7522311384352,12.0635763663446,38.2585787931685,0.0717896058408766,0.0930181088836453,4,0.273480111547273,94.7436928267176,10.459475037264,361
R0362,INFEASIBLE,0,-1.91418395884895,0.348890615956007,89.6165158037285,12.3064650949204,0.820431006328027,20,32,0,0,0,0,1.49100395543275,0.0310159612309094,0.0527592588985421,-34.4479971726046,7.62276380738135,35.1243346843969,0.00472558884503393,0.233239762097251,4,0.159140204361994,89.6165158037285,12.3064650949204,362
R0363,INFEASIBLE,0,-1.49908249290251,0.421275742213829,27.9292792413064,10.6700502404469,0.71133668269646,20,32,0,0,0,0,1.06005848006247,0.0322492601777435,0.0757258390085001,-33.128339408476,7.73391068325587,45.9003475374383,0.136098874424113,0.0993099720640692,4,0.272521796751038,27.9292792413064,10.6700502404469,363
R0364,INFEASIBLE,0,-1.5863122763696,0.595128890588078,42.6330029573152,11.8683457507611,0.791223050050738,20,32,0,0,0,0,2.08911515476426,0.0328586009271322,0.0611534635648082,-49.1930818031547,9.8711252627852,33.074209258167,0.0991024435050014,0.16533969322758,4,0.101016010770584,42.6330029573152,11.8683457507611,364
R0365,FRAGILE,1,0,1.12925516047899,37.4972203348194,9.22315928901404,0.614877285934269,20,16,1,1,1,1,0.953927597387645,0.0118358079596883,0.197094080563558,-32.7694750412731,9.49434492911183,42.3412153527813,0.0172209737992479,0.0791207447074546,4,0.399761268355717,37.4972203348194,9.22315928901404,365
R0366,INFEASIBLE,0,-2.22369058769978,0.766273182937966,117.404342268116,10.032369755312,0.668824650354134,20,32,0,0,0,0,1.66984289022172,0.0364767895500219,0.0629797024154719,-54.5177867149332,6.92988335493669,25.9879333440971,0.0951824720894863,0.211740263118256,6,0.227623123236879,117.404342268116,10.032369755312,366
R0367,EASY,2,2.37559017268891,0.697001167443975,85.5829194561498,11.1264162756279,0.741761085041857,20,8,1,1,1,1,0.936378329748624,0.010756735245314,0.100720747812922,-34.4170889201343,6.73092185987559,32.0169897493289,0.04015347504718,0.0432452508235298,3,0.103376112635164,85.5829194561498,11.1264162756279,367
R0368,EASY,2,2.2379289734102,1.79865571087391,96.4452190323727,12.4152577812025,0.827683852080167,20,8,1,1,1,1,2.0689664371285,0.037144841571649,0.155141041781781,-68.5361878527238,12.2749104928628,45.2333310023821,0.137070745848666,0.0194877644495304,4,0.125861813010706,96.4452190323727,12.4152577812025,368
R0369,EASY,2,2.00337623967493,0.791526899244593,67.157078923269,13.4312362213829,0.895415748092193,20,32,1,1,1,1,1.47144837600859,0.0246100190710818,0.105838205399907,-45.6469807854754,6.26763112698679,48.2213150060734,0.0620517262979041,0.0449825120345419,4,0.437603142284799,67.157078923269,13.4312362213829,369
R0370,EASY,2,2.18362540962655,0.505074571094782,27.0959889407805,8.43205043671637,0.562136695781092,20,32,1,1,1,1,1.44181578521814,0.0360567312128938,0.0721168882777474,-42.7759327222866,8.85380247387596,48.2862284192718,0.116132286297833,0.010922500698803,4,0.106625669983108,27.0959889407805,8.43205043671637,370
R0371,INFEASIBLE,0,-2.35202902571392,1.29847132183183,83.8453453175108,11.8458424746159,0.789722831641063,20,32,0,0,0,0,1.37795898165276,0.0122873232592203,0.126389875935158,-61.8741308120765,7.41398707999337,46.9504144245852,0.113646109431588,0.186741476427256,4,0.106233902926216,83.8453453175108,11.8458424746159,371
R0372,INFEASIBLE,0,-2.05236116271797,0.648542078596676,40.8431400055114,12.0813709323334,0.805424728822227,20,32,0,0,0,0,1.82294600391412,0.0149705721414492,0.0833996948309459,-43.3178457927676,6.61446985498545,40.1649900415609,0.0804474242613177,0.125043210583875,2,0.103730874939235,40.8431400055114,12.0813709323334,372
R0373,INFEASIBLE,0,-2.86986400084514,2.66575394460207,63.8521848183502,14.7351524362262,0.982343495748413,20,8,0,0,0,0,1.23197146213646,0.0164413581913128,0.215138502830653,-64.4857934222807,7.63976248150037,35.0578771977176,0.0750710219431397,0.248374313061563,4,0.19059352145793,63.8521848183502,14.7351524362262,373
R0374,INFEASIBLE,0,-1.76026462557629,1.16063786167696,43.9774856950182,9.54114463489078,0.636076308992719,20,32,0,0,0,0,2.01069832555506,0.0310668321289394,0.145151159318163,-37.2305657438965,8.36070335993885,28.0613253191503,0.101899895207407,0.0987262133082903,5,0.198296292073407,43.9774856950182,9.54114463489078,374
R0375,EASY,2,2.36583464279163,0.441992702706959,67.4407228626743,11.2045560501419,0.746970403342795,20,32,1,1,1,1,1.58837989533569,0.0356415981489949,0.0451212434651351,-60.1465851840906,13.8929647425503,48.7994838467591,0.0730886056218411,0.0431139693373523,6,0.288045628756971,67.4407228626743,11.2045560501419,375
R0376,INFEASIBLE,0,-2.05998080133634,0.695585329119935,105.801390501234,8.89651402989202,0.593100935326134,20,32,0,0,1,0.333333333333333,1.93208999663126,0.0189191943171857,0.0617612442494733,-63.8310861526423,5.15717674003461,41.577375566075,0.00452216068835474,0.178237285185847,2,0.304482402108967,105.801390501234,8.89651402989202,376
R0377,INFEASIBLE,0,-2.38908165638233,1.25359777325148,38.3726424434161,11.7524097070977,0.783493980473182,20,32,0,0,0,0,1.56994610379765,0.020185644857559,0.16763356453205,-46.0071285411409,5.0511584036835,48.9910953350967,0.120670991710516,0.231121208363973,4,0.170052704163192,38.3726424434161,11.7524097070977,377
R0378,INFEASIBLE,0,-2.11840671227898,1.07416526099342,113.841778713788,9.25732029548332,0.617154686365554,20,32,0,0,1,0.333333333333333,1.61471131451056,0.0171580902313264,0.142573620707662,-37.1445703337356,9.57854064374817,31.4621347545237,0.121115690293635,0.154415579828129,5,0.19630995230399,113.841778713788,9.25732029548332,378
R0379,INFEASIBLE,0,-2.61477563652221,0.43510527768511,47.241253625332,12.9941939545291,0.866279596968609,20,32,0,0,0,0,1.19372613254876,0.0277431461103345,0.0657718255970332,-30.4111583735446,11.4785789481747,27.3538444929074,0.0478901052975652,0.241806238899568,2,0.0966278986278861,47.241253625332,12.9941939545291,379
R0380,EASY,2,2.11522047698851,0.675160961076366,35.5373986467032,11.1208371749411,0.741389144996074,20,32,1,1,1,1,0.979308928635131,0.0323988430367161,0.066323834079208,-61.2126196328931,7.42696387429918,46.8023749520079,0.0179158899969013,0.0360051238219574,4,0.402606926401175,35.5373986467032,11.1208371749411,380
R0381,INFEASIBLE,0,-2.66634878784438,0.443018806234829,70.7462553755257,9.60485963153241,0.640323975435494,20,32,0,0,0,0,1.94863619566325,0.0211729364550583,0.0907008186404909,-30.0377299481683,12.8303975027989,48.9523632471083,0.122751902569807,0.248538759981706,5,0.274257175003984,70.7462553755257,9.60485963153241,381
R0382,INFEASIBLE,0,-2.02258091853598,1.09770691315761,78.8551188521163,12.063467584699,0.804231172313269,20,32,0,0,0,0,1.64986621672902,0.0295321501806742,0.171827039833668,-37.1998580782514,10.4874199873132,43.8888439053829,0.0754040153354395,0.130655238477032,3,0.100460230547361,78.8551188521163,12.063467584699,382
R0383,INFEASIBLE,0,-2.1363975291108,1.93268144026131,26.7213064844755,14.3126609372238,0.95417739581492,20,32,0,0,0,0,1.1008621067812,0.0303528171348761,0.220350055639346,-54.332619424684,7.89541774707148,49.669343574036,0.110146297863627,0.180442183186995,2,0.216160781090461,26.7213064844755,14.3126609372238,383
R0384,INFEASIBLE,0,-2.14584851640224,0.483136959900364,57.1191945246661,11.9202279832602,0.794681865550677,20,32,0,0,0,0,1.29964649999449,0.0195471206442042,0.0486621068935425,-50.160710982279,8.99069932332337,33.0392375578189,0.034355276240299,0.112504768558701,3,0.141197997526174,57.1191945246661,11.9202279832602,384
R0385,INFEASIBLE,0,-1.35665341024967,0.763785821700173,42.1234041075362,12.2646491830561,0.817643278870404,20,32,0,0,0,0,2.06444477953433,0.0258463654899077,0.0926339321730177,-49.4252186991808,5.73569093802441,46.5109886609052,0.104755126775934,0.167975427034641,5,0.298998740518968,42.1234041075362,12.2646491830561,385
R0386,INFEASIBLE,0,-2.27821394247007,2.62308230414514,28.0449968039896,11.021058799564,0.734737253304267,20,16,0,0,0,0,1.23525252390542,0.0135901826421845,0.205130418318877,-65.9169037147627,7.9369709574602,34.394678295234,0.14138040309637,0.151953171899433,2,0.384091965857068,28.0449968039896,11.021058799564,386
R0387,EASY,2,2.09336156939675,2.54047894056084,48.8032588810438,9.28851942592807,0.619234628395204,20,32,1,1,1,1,1.67160019450997,0.0143141356804039,0.236095767823819,-64.7742648729525,13.7223831519533,46.9041800968309,0.137149968813789,0.0355608963324087,4,0.401194381191036,48.8032588810438,9.28851942592807,387
R0388,INFEASIBLE,0,-2.3783903886905,2.54924807136585,23.1695500329562,8.76876675450246,0.584584450300164,20,8,0,0,0,0,1.89946993782734,0.0156644260546797,0.189698446623739,-69.2277562029151,9.13445033842288,34.3498795584297,0.0213382157538703,0.132105338401446,5,0.420645665992595,23.1695500329562,8.76876675450246,388
R0389,INFEASIBLE,0,-2.31976919687091,0.816761515095134,104.887278490321,14.3307239369845,0.955381595798968,20,32,0,0,0,0,1.48389518690925,0.0145315004084443,0.107685775363839,-38.9298444748146,10.822906354981,34.0998792546959,0.0278592814202896,0.213743202928804,3,0.41971658922543,104.887278490321,14.3307239369845,389
R0390,INFEASIBLE,0,-1.84194730208813,1.05512921131555,105.671810931433,14.5577574897323,0.970517165982151,20,32,0,0,0,0,1.51678729629845,0.0218653805594759,0.141231638496991,-40.8839426463615,12.9571708897236,38.7631980115695,0.137544906462171,0.118092963219792,3,0.185503217198765,105.671810931433,14.5577574897323,390
R0391,INFEASIBLE,0,-2.46980996611889,1.54629467456297,107.85887696227,9.08324769435246,0.605549846290164,20,32,0,0,0,0,1.09830136608629,0.0348059138009017,0.160084387391363,-42.9665909103908,11.5677233055544,25.6115927400421,0.146883933197555,0.194108908728418,2,0.241881196559751,107.85887696227,9.08324769435246,391
R0392,FRAGILE,1,0,0.975508305850807,43.4413198690833,10.183381400023,0.678892093334864,20,16,1,0,1,0.666666666666667,1.76186155954268,0.0346858485950019,0.174671180154347,-33.2463544614783,7.1470756205465,45.8701314730526,0.0279720993532386,0.0808736473591735,1,0.415313307581724,43.4413198690833,10.183381400023,392
R0393,EASY,2,1.71206513657605,2.0847590689383,54.8220563936302,14.7634261646849,0.984228410978991,20,32,1,1,1,1,1.47254246606472,0.0351695014075017,0.219136686195151,-54.0302028176891,7.10391169032239,41.749664420397,0.0641227549477637,0.0387932257835635,4,0.323856396125338,54.8220563936302,14.7634261646849,393
R0394,EASY,2,1.97544089821567,0.430835936415347,79.1888398718186,9.76677968029987,0.651118645353325,20,32,1,1,1,1,1.57969770614913,0.0114374421462169,0.0554213282340056,-40.1750313358871,7.79574187616569,34.5703537200417,0.0757049464545275,0.062314296105129,2,0.32955906485946,79.1888398718186,9.76677968029987,394
R0395,EASY,2,1.51184410782658,1.17386331295925,61.75238023082,11.6013076723815,0.773420511492099,45,16,1,1,1,1,1.1428493473196,0.014068993329542,0.117740182494776,-57.452652321554,8.68241923468052,42.9829157512938,0.0489351572937146,0.00332551740691816,2,0.436371200816498,61.75238023082,11.6013076723815,395
R0396,INFEASIBLE,0,-2.01270017477746,0.811974966347016,42.3562161549826,11.4694424292896,0.764629495285976,20,32,0,0,0,0,1.0478436874263,0.0223173587770635,0.148213104233569,-32.5717191342128,12.9188312554787,45.7541663183048,0.00285947793878196,0.11217375815106,4,0.448156115729393,42.3562161549826,11.4694424292896,396
R0397,EASY,2,2.61015338011455,0.841693782875153,113.95662127055,10.2014138067379,0.680094253782524,20,16,1,1,1,1,2.08334473592194,0.0198342939481908,0.119730064045758,-35.6211180226342,5.76026356300181,33.2333897449839,0.0249532785835894,0.00255495398230468,5,0.360825062898218,113.95662127055,10.2014138067379,397
R0398,EASY,2,1.60687762755616,1.15625222646595,89.34681972303,11.7658952123887,0.784393014159244,20,32,1,1,1,1,1.64643477467825,0.0376419626311293,0.0933079654540756,-56.893044591074,5.24003834078646,27.2842476952492,0.10114955397182,0.00561374498380473,2,0.0568336819160294,89.34681972303,11.7658952123887,398
R0399,INFEASIBLE,0,-2.23844706602373,1.38260002304513,68.0720514549547,13.4252131897902,0.895014212652682,20,32,0,0,0,0,1.6616175265528,0.0381161038568328,0.111843019444614,-59.7882681735279,6.62945259456341,30.277356309915,0.111802665428951,0.222938191358721,3,0.273853245696998,68.0720514549547,13.4252131897902,399
R0400,INFEASIBLE,0,-1.83651450109439,1.30711972588455,67.56059716081,9.60381797295417,0.640254531530278,20,32,0,0,0,0,1.54133891532771,0.0338815834691388,0.144145886802384,-50.8367399097447,5.31121885045038,40.6808962581294,0.11415429222824,0.166943566114083,5,0.209794125462801,67.56059716081,9.60381797295417,400
R0401,INFEASIBLE,0,-2.48586063885112,2.06317981608129,41.1514854958697,11.7979264811544,0.786528432076962,20,32,0,0,0,0,2.00706788499218,0.0378943594451099,0.135976010228714,-66.8737307770681,6.08320422426364,25.1433354284029,0.103093573994164,0.174248235109591,2,0.297066458619897,41.1514854958697,11.7979264811544,401
R0402,INFEASIBLE,0,-2.02850988900715,1.82094678979512,39.7446391096143,13.9055937180664,0.927039581204429,20,32,0,0,0,0,1.3909115671116,0.0251409700469559,0.15623673597372,-53.207121733497,13.1438813039703,26.9756981441475,0.0430982522507589,0.0642688721112128,3,0.277749986188266,39.7446391096143,13.9055937180664,402
R0403,INFEASIBLE,0,-1.87754950542356,1.7739022487515,85.9459841364238,10.7627269256718,0.717515128378118,20,32,0,0,0,0,1.87955743071762,0.0395287031797744,0.168838068096884,-51.2641495195371,8.05037672006866,30.8155731954007,0.144940038613849,0.0983335102059151,5,0.348893472572783,85.9459841364238,10.7627269256718,403
R0404,INFEASIBLE,0,-2.56734584411922,1.42187605534118,24.6815654578426,9.43934867460391,0.629289911640261,20,32,0,0,0,0,2.046617078091,0.0266179162416712,0.185354263272355,-45.4365638176923,12.4258271384894,45.410260665188,0.0957582684250473,0.136935735436435,6,0.292641355324943,24.6815654578426,9.43934867460391,404
R0405,EASY,2,2.05241979390296,1.27986141231829,106.429310192453,10.0810273564764,0.672068490431761,20,32,1,1,1,1,0.99605613924069,0.0333987047474542,0.123551597397246,-53.7592883865301,7.40768549114273,34.8609500499226,0.0168808640534925,0.0882193189201742,3,0.153461543340421,106.429310192453,10.0810273564764,405
R0406,INFEASIBLE,0,-2.35892432247484,0.544675926128881,68.6448048494162,14.3667776988788,0.957785179925252,20,32,0,0,0,0,1.16972527428416,0.0131770734125345,0.088777821659874,-31.2773063882971,6.05462800388555,33.6397418170486,0.101374191072501,0.217899993593019,4,0.0536990315665964,68.6448048494162,14.3667776988788,406
R0407,EASY,2,2.0745452591972,0.890744410747527,82.1926990534051,11.3950170526787,0.759667803511912,20,32,1,1,1,1,1.0010775861838,0.020144963576432,0.160257599208137,-31.6925350383964,9.86347749139336,42.0829686200899,0.0124173379912187,0.0369860012619001,2,0.322654715181694,82.1926990534051,11.3950170526787,407
R0408,INFEASIBLE,0,-2.31143281255903,0.359611214694865,78.3279781032704,11.3288948250365,0.755259655002431,20,32,0,0,0,0,1.20127221194315,0.0192790568263943,0.0470596880011318,-47.2871507213647,9.71553445971981,49.5654762071829,0.0514494161360729,0.151508096778059,6,0.0758917450456548,78.3279781032704,11.3288948250365,408
R0409,INFEASIBLE,0,-2.2941240748732,2.50250816447312,104.84944098421,8.39294130318641,0.559529420212428,20,32,0,0,0,0,1.45096836774511,0.0103613923273442,0.209842936947014,-64.1438757791594,7.55226745605688,37.4463471071488,0.105001863343263,0.244408839859842,1,0.186742238212079,104.84944098421,8.39294130318641,409
R0410,INFEASIBLE,0,-2.3697452976679,1.26421167791493,28.515542847558,13.3777306561415,0.891848710409434,20,32,0,0,0,0,1.79122906312777,0.0120683778776407,0.165871245027126,-40.3347470637289,6.57077267178257,36.2512216186803,0.0816646816405417,0.179210303083872,2,0.139705873947482,28.515542847558,13.3777306561415,410
R0411,FRAGILE,1,0,1.26183109841555,64.1201101368215,13.80878379321,0.920585586214,20,32,1,1,1,1,1.92660221135138,0.0319831419981489,0.158546313680445,-41.0884582005756,7.59055944369466,34.4993483451649,0.0931577044310332,0.10047886437906,3,0.308691900219012,64.1201101368215,13.80878379321,411
R0412,EASY,2,1.77934989113819,0.787778198921026,43.6651405064165,13.230210832292,0.882014055486133,20,16,1,1,1,1,1.34473034272309,0.0212215339037518,0.116044014413598,-33.0643702584111,10.5647485276196,30.7057310088,0.0888313145822256,0.0265470693011948,5,0.300700044230005,43.6651405064165,13.230210832292,412
R0413,INFEASIBLE,0,-2.21516933427697,1.86558584588939,63.9033071724382,11.7721894307113,0.784812628714084,20,32,0,0,0,0,1.5802410556859,0.0248226025985861,0.178835485919808,-61.1165719883724,11.8326706277513,44.4279477651638,0.13029878726969,0.147597193180668,6,0.0625632652155459,63.9033071724382,11.7721894307113,413
R0414,INFEASIBLE,0,-1.92161363635844,0.635913443050053,111.611001435019,10.2851767304776,0.685678448698507,20,32,0,0,0,0,0.97838123086144,0.0292948383007588,0.0942611909532487,-31.606607464793,11.7161882111921,28.4110285109304,0.135969123838568,0.205847796660527,5,0.34276763464847,111.611001435019,10.2851767304776,414
R0415,INFEASIBLE,0,-1.5326510127503,0.611036839236702,44.3126724522721,14.6324428665341,0.975496191102272,20,32,0,0,0,0,1.57360285616453,0.0219892991045938,0.0797200377884446,-47.3920157463063,9.7743168959057,49.4848117079806,0.0541038970241982,0.168855704500218,5,0.441296052567477,44.3126724522721,14.6324428665341,415
R0416,INFEASIBLE,0,-2.50992959261457,1.09908550819544,101.370197753104,12.474963975223,0.83166426501487,20,32,0,0,0,0,1.74569211555159,0.0339439310716015,0.13240589502855,-38.4289379764913,11.2115406720978,27.7414911594475,0.127619888210183,0.226556345929372,4,0.117789218282906,101.370197753104,12.474963975223,416
R0417,INFEASIBLE,0,-2.5981223631948,0.754458240333688,73.537094313129,12.6705488225734,0.844703254838225,20,32,0,0,0,0,1.77289223647487,0.0221119294539878,0.0689008065022998,-49.9750683989365,9.62157277254137,26.9616427407762,0.0431514056428734,0.244946411119636,2,0.367030079728298,73.537094313129,12.6705488225734,417
R0418,INFEASIBLE,0,-2.61192641087629,0.830077727980907,22.9579665424071,10.3040039965607,0.686933599770716,20,32,0,0,0,0,1.26549461866848,0.0141423966404224,0.119604276128246,-33.3891617907858,13.7309374760546,29.9590668057927,0.00952976244417245,0.206623704956123,5,0.0944716643613731,22.9579665424071,10.3040039965607,418
R0419,INFEASIBLE,0,-1.95740623316108,1.69094821764514,95.8769367585483,11.696093316944,0.779739554462934,20,32,0,0,0,0,2.08241820911724,0.0222670240363883,0.194115518355229,-46.2790296053616,12.6299422126388,36.5333704235865,0.134359990560845,0.0893714017896595,2,0.21251219620429,95.8769367585483,11.696093316944,419
R0420,INFEASIBLE,0,-2.50040436878947,1.42681734511339,53.5794525845889,9.06650432947426,0.604433621964951,20,32,0,0,0,0,1.67595176830182,0.0379881536124257,0.211847102340565,-33.2644077956643,9.27525294581117,31.5739738595433,0.0336357395949182,0.203305638796763,1,0.140235891122676,53.5794525845889,9.06650432947426,420
R0421,FRAGILE,1,0,0.702361959390701,86.7953347230189,8.51028924102772,0.567352616068515,45,32,1,1,0,0.666666666666667,2.02007598707256,0.0264284717634316,0.122719810070314,-33.4315584142849,8.30068049861217,44.1653814796747,0.0243611834882138,0.127624782132246,3,0.101414636813867,86.7953347230189,8.51028924102772,421
R0422,EASY,2,1.68675917580228,1.14883449312874,77.9865184165139,8.73985261613668,0.582656841075779,20,8,1,1,1,1,1.87810346338056,0.032798148488605,0.0948324392062983,-68.1139178691947,13.6612441813311,40.9196574303882,0.0223998211410981,0.0218115439044842,4,0.446105342916484,77.9865184165139,8.73985261613668,422
R0423,INFEASIBLE,0,-2.3550824839899,1.5146696762044,103.714116150037,14.5071539441993,0.967143596279952,20,32,0,0,0,0,1.62311276027904,0.0346532004565687,0.122300084012284,-58.6315588278654,7.85354934963914,29.0096098313204,0.140277167217967,0.203020261747643,3,0.32476206673764,103.714116150037,14.5071539441993,423
R0424,INFEASIBLE,0,-2.07576834564872,0.593425156427448,35.7650997490731,12.0016153389683,0.800107689264551,20,32,0,0,0,0,1.33697728276707,0.0148296970841222,0.070999272282207,-43.0688133638547,6.42232661282461,34.3686962915002,0.0661056292566754,0.178875952470854,4,0.188723386683077,35.7650997490731,12.0016153389683,424
R0425,INFEASIBLE,0,-2.42898512311817,1.4719287708687,23.7132241233549,14.9676118022313,0.99784078681542,80,16,0,0,0,0,1.87211008250778,0.0261729007328918,0.211604881956409,-42.1827410732487,8.13261040193388,47.6001947036267,0.134636713983808,0.221472720900164,5,0.427191562070167,23.7132241233549,14.9676118022313,425
R0426,INFEASIBLE,0,-2.0417233570073,2.03841066958608,21.3788461684219,8.91685448618668,0.594456965745779,45,32,0,0,0,0,1.16152176844187,0.0161241453487746,0.181364911201907,-63.5651681092053,5.26198864593016,41.4021528433698,0.0802319862861841,0.0704528798594568,2,0.175611677668993,21.3788461684219,8.91685448618668,426
R0427,EASY,2,1.8668267135447,0.452405065017466,72.0735282087246,9.32602980642015,0.62173532042801,20,32,1,1,1,1,1.1658976829437,0.030592583647825,0.0553501170553783,-45.7860691444184,6.47618911473409,40.6172248301809,0.0455327120917397,0.0651798241967806,5,0.140735662307237,72.0735282087246,9.32602980642015,427
R0428,INFEASIBLE,0,-1.58304201062998,0.675499204040408,106.185007243018,9.57910459278042,0.638606972852028,20,32,0,1,0,0.333333333333333,1.03459261758145,0.0183819920348983,0.0693946508017932,-49.5861293494367,10.07011013021,33.58799510222,0.0647515246072715,0.159245746694105,3,0.105084257800595,106.185007243018,9.57910459278042,428
R0429,INFEASIBLE,0,-2.27793500066847,0.71997441841258,69.3635294065472,8.40923751611926,0.560615834407951,20,32,0,0,0,0,1.94564428942662,0.0338387259247325,0.0813508415891111,-53.0250895554655,11.5017066694875,46.4637381702352,0.0306492221105729,0.181068299873185,6,0.190967151160091,69.3635294065472,8.40923751611926,429
R0430,INFEASIBLE,0,-2.34412862556063,1.77163529949847,103.786313403621,12.5834304056665,0.838895360377764,20,32,0,0,0,0,1.49900375590511,0.0230075566496955,0.231433232911036,-46.1000356992446,13.270373733589,46.9425497048316,0.105930196846327,0.15656249820926,4,0.074596236320703,103.786313403621,12.5834304056665,430
R0431,INFEASIBLE,0,-2.10311479443386,0.556652592609945,41.9785195481802,9.69964762742202,0.646643175161468,20,32,0,0,0,0,1.71581894993999,0.0152259321883264,0.0475853391792466,-64.3535114322227,7.51182518162472,39.1727193742015,0.0806323536249343,0.136583799717439,5,0.152557695775204,41.9785195481802,9.69964762742202,431
R0432,INFEASIBLE,0,-2.03444867112473,0.989337582774319,116.452066462597,11.682239908141,0.778815993876069,20,32,0,0,0,0,1.3547747961526,0.0315479110726143,0.150127911363733,-32.65016867571,11.0076277724777,31.7735752906691,0.136639772652154,0.218571206839282,4,0.334250804237648,116.452066462597,11.682239908141,432
R0433,INFEASIBLE,0,-2.45007525554802,1.79199423684544,24.2958905293411,8.11858781254913,0.541239187503275,20,32,0,0,0,0,1.48503740330065,0.0368799923550063,0.191784776309841,-44.4700568296062,5.98675550053822,29.3191765994659,0.0218790442120776,0.199815457046282,4,0.22949101974759,24.2958905293411,8.11858781254913,433
R0434,INFEASIBLE,0,-2.00600726484492,0.570654378036566,97.0547749446223,8.51123702762509,0.567415801841673,20,32,0,0,0,0,1.62027510281336,0.0154931015392357,0.104775784568428,-32.3509479144187,8.11866274729373,45.667886608936,0.0210958658894683,0.189621923837434,5,0.219469692367887,97.0547749446223,8.51123702762509,434
R0435,INFEASIBLE,0,-2.03675081303139,0.417269433846501,110.525818064611,12.4858432765513,0.832389551770084,20,32,0,0,0,0,1.12589809347762,0.0187726362455181,0.0436555347283712,-54.429166037178,13.2052550079295,41.9730178966843,0.11964358291249,0.149906543827581,3,0.381613619495354,110.525818064611,12.4858432765513,435
R0436,INFEASIBLE,0,-2.06236272864174,0.560847512301153,36.9223020167093,10.0247646599942,0.668317643999615,20,32,0,0,0,0,1.17528661475184,0.0235562327711095,0.0647138245285188,-49.8980905088557,12.3275922365816,42.9075530619816,0.0424279128662103,0.0925367016469708,4,0.375678983270897,36.9223020167093,10.0247646599942,436
R0437,INFEASIBLE,0,-1.78786013088226,0.407905070315709,24.5326612673495,9.36249807805291,0.624166538536861,20,32,0,0,0,0,1.87028525839227,0.0226660230049858,0.0560323574647611,-34.5645436192136,7.55696843839169,29.1798190009508,0.0556824127366673,0.0840789678269435,4,0.0816361729307795,24.5326612673495,9.36249807805291,437
R0438,FRAGILE,1,0,0.523701572845726,57.0560009803726,14.5541890029235,0.97027926686157,20,16,1,0,1,0.666666666666667,1.58984140338633,0.0223642280572199,0.0631694986497832,-47.8862421293308,5.64559311400917,43.1847067758029,0.087769220346205,0.169014020636328,6,0.398002131237046,57.0560009803726,14.5541890029235,438
R0439,INFEASIBLE,0,-1.66698320014122,1.34072839519827,80.8544063294797,11.9748420093417,0.798322800622781,20,32,0,0,0,0,1.72222687159483,0.0324270992561262,0.135366191742294,-48.5397999380423,10.5738570377271,31.0882394632721,0.0344380960114153,0.108091929683571,2,0.152277185638265,80.8544063294797,11.9748420093417,439
R0440,EASY,2,2.28617819812246,0.654359552301409,41.7458333292562,14.8103416328794,0.987356108858624,20,16,1,1,1,1,1.87121489121587,0.0372300546204475,0.0485790833198294,-64.9983024890627,9.03169022933959,30.1391586181287,0.0936601717478984,0.00658660535774839,2,0.262210922913493,41.7458333292562,14.8103416328794,440
R0441,INFEASIBLE,0,-2.28294992909513,1.9804250504334,55.5772748288709,11.1414712649394,0.742764750995958,20,32,0,0,0,0,1.5199878622432,0.0125647648016655,0.2290562958716,-51.9139187719745,11.1029712094506,46.6655757146083,0.0907133385316843,0.124301974812702,1,0.323943861247269,55.5772748288709,11.1414712649394,441
R0442,INFEASIBLE,0,-2.69340895926422,1.68834512371196,95.5253491384109,8.26807858534466,0.551205239022977,20,32,0,0,0,0,1.7972923490498,0.0278647185196549,0.186426405107715,-41.6762384339732,8.33593863051541,27.4113723849008,0.0537060426426252,0.236996598816019,2,0.347402751590749,95.5253491384109,8.26807858534466,442
R0443,INFEASIBLE,0,-2.90719852510118,0.997814014300276,39.2928384373136,9.50462553684453,0.633641702456302,20,32,0,0,0,0,1.96706600571176,0.0101637969900201,0.144516258446465,-32.3712969611133,12.5518818801615,28.4521949831115,0.124146825659176,0.182083834331864,2,0.205426734523702,39.2928384373136,9.50462553684453,443
R0444,INFEASIBLE,0,-2.96096988818433,1.3096492480585,29.4299934448841,14.5251283209631,0.968341888064207,20,8,0,0,0,0,0.92089570266883,0.0201653038805439,0.207258212279342,-33.9451309641442,12.6471357647254,37.3533738055118,0.138239996054787,0.200234750888871,3,0.0770554275319422,29.4299934448841,14.5251283209631,444
R0445,INFEASIBLE,0,-2.84576771779088,2.42444392172797,92.7980267341699,13.526701117902,0.901780074526797,20,32,0,0,0,0,1.38914836639226,0.0160757070636697,0.203041366897161,-55.6217943140784,5.07141985142908,28.086402618703,0.024400945731776,0.219765265708863,3,0.193596395884225,92.7980267341699,13.526701117902,445
R0446,INFEASIBLE,0,-2.45866078879414,0.945042989122458,45.7706614928415,10.5277733967332,0.70185155978221,20,32,0,0,0,0,1.42233930752932,0.0221002946002551,0.157661637067587,-35.4424403006918,12.8936139859747,45.2540574968342,0.105706088773295,0.172530870334165,4,0.239446078208526,45.7706614928415,10.5277733967332,446
R0447,INFEASIBLE,0,-2.14873135977861,2.41684065871052,111.178360462267,12.8930309959621,0.859535399730807,20,32,0,0,0,0,1.85636389972221,0.0388080485803799,0.232421673739916,-47.3669475222586,13.3388707247876,26.8577338234817,0.0254862156098833,0.0883701618833299,6,0.352738736923271,111.178360462267,12.8930309959621,447
R0448,INFEASIBLE,0,-2.12575392120943,0.928056771871133,39.4759865926896,13.4977474078208,0.899849827188054,20,32,0,0,0,0,1.57666974725521,0.0262081599781841,0.1395013979423,-38.8423273928551,7.15730254540144,44.1245081446512,0.0697731194316263,0.241632446169218,4,0.35240900741159,39.4759865926896,13.4977474078208,448
R0449,INFEASIBLE,0,-2.38614397417973,0.86959343149493,76.0010141095117,14.2180215690962,0.947868104606416,20,32,0,0,0,0,1.13474260890536,0.0318289855855322,0.0696073178482894,-67.4485224968858,6.2581712289668,37.7297160023795,0.0743138456403117,0.212512845066336,6,0.159885240722968,76.0010141095117,14.2180215690962,449
R0450,FRAGILE,1,0,2.48610271500767,62.8558049251584,9.94014004071702,0.662676002714468,20,16,1,1,0,0.666666666666667,1.70728262671975,0.0355902031344751,0.222731136115543,-61.193104680711,5.87382768812797,38.9036242653314,0.118425870480462,0.0842158765822271,4,0.115628396668573,62.8558049251584,9.94014004071702,450
R0451,INFEASIBLE,0,-2.65959835892752,1.23069172771078,117.820929659336,12.6981730039384,0.846544866929224,20,32,0,0,0,0,1.21482715818169,0.0298131358804661,0.201646250608645,-36.0344505116878,12.5159935358538,45.1210195545439,0.147464953866751,0.210863668680427,5,0.420169007935238,117.820929659336,12.6981730039384,451
R0452,INFEASIBLE,0,-1.98776224167319,2.26208290431612,39.8833822507488,14.9276467764311,0.995176451762074,20,8,0,0,0,0,1.78675023722774,0.0215980972231533,0.174523986842533,-63.9360576420881,7.28433623143312,31.4953385050928,0.0865044252890258,0.170511979772995,4,0.270431511663846,39.8833822507488,14.9276467764311,452
R0453,INFEASIBLE,0,-1.9909123815845,0.552318557967019,45.1843546981281,9.45493063614491,0.630328709076328,20,32,0,0,0,0,1.43807161824175,0.01977841209344,0.0879629692593897,-36.8536324260223,10.1379272571157,44.5905107698701,0.0703806981310882,0.171833703411557,3,0.235625445498552,45.1843546981281,9.45493063614491,453
R0454,EASY,2,1.97937427721918,0.878319907165929,30.4570312943583,11.2638152675827,0.750921017838844,20,32,1,1,1,1,1.06939420215912,0.018824756194211,0.0798793417680266,-48.6779878479832,12.0221584622922,25.3682258554344,0.0384307841069081,0.0484443240350837,6,0.061899911976647,30.4570312943583,11.2638152675827,454
R0455,FRAGILE,1,0,0.563310281304536,66.0905101865984,8.52903005714682,0.568602003809788,20,32,1,0,1,0.666666666666667,1.5911722322109,0.0155534216182184,0.058983624493496,-57.5439826660063,5.6260644031305,46.9925212416345,0.103582415527721,0.227648759716878,5,0.275478768802019,66.0905101865984,8.52903005714682,455
R0456,EASY,2,1.61886443340014,0.375020669971857,96.4962436305068,13.7231406198328,0.914876041322186,20,32,1,1,1,1,1.35260998837944,0.016509820402609,0.0668363885330739,-31.558383169325,5.49637157684392,40.9455195506772,0.0516331049211008,0.104059810593747,4,0.32206664887387,96.4962436305068,13.7231406198328,456
R0457,EASY,2,1.94368943807348,0.970115948056382,64.8257966784588,14.639985029312,0.975999001954136,20,16,1,1,1,1,1.53872675045916,0.0260459406410031,0.120433779353009,-37.7780592654613,10.8734107816169,28.4701651496114,0.0568434738382171,0.00503554741064729,3,0.25754933575886,64.8257966784588,14.639985029312,457
R0458,INFEASIBLE,0,-1.94155265313752,0.611785951171769,43.0644389891027,8.19522348497088,0.546348232331392,20,32,0,1,0,0.333333333333333,1.83635183726297,0.0132708112606318,0.107840942008948,-31.8987731459095,10.0997492166046,40.9239611098729,0.0154516511855177,0.105666140746923,4,0.0822739145356104,43.0644389891027,8.19522348497088,458
R0459,INFEASIBLE,0,-1.85967056031164,2.33719699068709,98.1075423845806,11.5401405905502,0.769342706036681,20,32,0,0,0,0,1.90452418033239,0.0175906390702571,0.202480400024832,-67.9977167556576,13.3839973415414,44.9185119567171,0.121504246895695,0.100209823628872,2,0.258711346774115,98.1075423845806,11.5401405905502,459
R0460,INFEASIBLE,0,-2.78930871880598,0.860219257612434,108.918683252833,9.35429696100578,0.623619797400386,20,32,0,0,0,0,1.13000187822733,0.0192577223606752,0.0971637851860406,-40.3035201764885,13.917084192969,26.8248835537133,0.0237022532409409,0.246751264668641,4,0.0748712653817462,108.918683252833,9.35429696100578,460
R0461,EASY,2,2.07403907820934,3.07987476279881,114.455318972087,9.01896350200703,0.601264233467136,20,8,1,1,1,1,1.27403832952008,0.0304849958288334,0.196178004255398,-69.1223246444758,6.56525551992259,25.0918416360629,0.149984488041817,0.0803512464629798,1,0.368732217794501,114.455318972087,9.01896350200703,461
R0462,EASY,2,1.82094129530673,1.45525816339277,78.8058359853229,12.6143670709019,0.840957804726793,20,32,1,1,1,1,0.968335068780277,0.0265519533867481,0.123472080089181,-61.9500479744632,8.48411681749376,35.7603772765493,0.0911242714973673,0.0862471337296223,5,0.192362844040385,78.8058359853229,12.6143670709019,462
R0463,INFEASIBLE,0,-2.19173840571995,0.667619659894738,74.5922936045923,9.78739113480493,0.652492742320329,20,32,0,0,0,0,1.53521468667353,0.0147710211702777,0.0717038698618988,-43.615002511926,8.91692230943599,28.4027320524957,0.0534750813985054,0.173120403683398,6,0.249039677715849,74.5922936045923,9.78739113480493,463
R0464,INFEASIBLE,0,-2.13035550696536,1.4422070239662,28.3937354074063,10.0098649696547,0.667324331310312,20,32,0,0,0,0,1.69484574562117,0.0274168488726822,0.118540630351922,-58.9887150888543,8.50007845939035,30.4283555053289,0.0650064424396503,0.109817755723164,5,0.314703281468182,28.3937354074063,10.0098649696547,464
R0465,EASY,2,1.98218101167842,0.795483682235647,79.3796786202076,9.49386736763752,0.632924491175835,20,16,1,1,1,1,1.97537166155564,0.030409993390162,0.115282218590099,-31.0670007337682,5.66683048526944,26.2374795630784,0.124005273632624,0.00790465725482184,5,0.0910037966086168,79.3796786202076,9.49386736763752,465
R0466,FRAGILE,1,0,0.911398055579223,66.7141893656107,13.1651063761249,0.877673758408325,20,32,1,0,0,0.333333333333333,1.0737699509527,0.0335629700374695,0.09749490664632,-56.0611426744704,12.6423096611672,46.5514173403856,0.0351629466996119,0.0907784763655745,2,0.152970844395072,66.7141893656107,13.1651063761249,466
R0467,INFEASIBLE,0,-2.38134255698697,1.19217850287363,86.5120038889324,13.7145389682764,0.914302597885093,20,32,0,0,0,0,1.3593999628521,0.0386405444042003,0.124669835497512,-53.4161783909217,13.4721759508389,40.3875198295615,0.0350601430536609,0.215986878506486,5,0.399169695083627,86.5120038889324,13.7145389682764,467
R0468,INFEASIBLE,0,-2.1622331955741,0.494652778742808,39.6837292419771,13.1900356196398,0.879335707975985,20,32,0,0,0,0,1.33428026216249,0.0257003863109961,0.056872229923912,-52.0383643452003,5.56047498614706,46.3349010442068,0.0771705004865157,0.240871122557895,4,0.15428035648693,39.6837292419771,13.1900356196398,468
R0469,INFEASIBLE,0,-1.41212979445192,0.667295347068075,114.330221094236,9.10597359379399,0.607064906252932,20,32,0,1,0,0.333333333333333,1.76147495947658,0.0316540460483306,0.0687117679680178,-57.1599910910738,12.8042507551029,44.8406309684485,0.101636292084806,0.0843835840527293,5,0.431268306761942,114.330221094236,9.10597359379399,469
R0470,INFEASIBLE,0,-1.82470072512246,0.423216739775791,87.4346649799929,13.9728475615092,0.931523170767281,20,32,0,1,0,0.333333333333333,1.62221706972554,0.0396113892538898,0.0697579603564754,-36.9035342880237,6.89452371095891,47.8915785541285,0.0748360259548018,0.143228394413999,3,0.270907320024595,87.4346649799929,13.9728475615092,470
R0471,INFEASIBLE,0,-2.2116409611375,0.742453802090724,33.2650964305066,10.9728303538706,0.731522023591376,20,32,0,0,0,0,1.59576893310528,0.0162083848823219,0.080197859861478,-41.2071381861465,12.1439729850166,25.6444241835319,0.140110589052553,0.131565411363249,6,0.23531691347076,33.2650964305066,10.9728303538706,471
R0472,EASY,2,2.40637511234476,1.33707833019467,24.0391605241512,8.31554535244088,0.554369690162725,20,32,1,1,1,1,1.66264484484114,0.0351581568298206,0.102331717972301,-58.7590003843181,9.83601317798414,26.1768259107176,0.13637609806019,0.0152719608786742,1,0.137251864936166,24.0391605241512,8.31554535244088,472
R0473,INFEASIBLE,0,-2.31891192510808,0.995533962373928,34.5428454784966,11.9508111988643,0.796720746590954,20,32,0,0,0,0,1.10171534581874,0.0392457110776343,0.159367136323684,-30.8398692771523,10.6212030153567,31.5479970026651,0.0274777219004638,0.188348716806872,2,0.194949661652059,34.5428454784966,11.9508111988643,473
R0474,INFEASIBLE,0,-2.63016750048058,0.903728072419158,31.2017340696992,13.8257823882071,0.92171882588047,20,32,0,0,0,0,1.14063811139965,0.0246905989623337,0.158213130774116,-33.0425332611266,7.36561928914569,43.3129268591446,0.135087594810316,0.20960695060763,3,0.0848527040245782,31.2017340696992,13.8257823882071,474
R0475,INFEASIBLE,0,-2.4082686525679,1.161468780173,27.4582866617408,11.7599465320564,0.783996435470428,20,32,0,0,0,0,1.62927632111568,0.0242794932490256,0.0951413412029383,-57.8941285496901,11.962818547081,29.1107809774946,0.0563245353400278,0.177497787936657,2,0.31969911952932,27.4582866617408,11.7599465320564,475
R0476,INFEASIBLE,0,-1.49916751499844,1.78926708991661,75.1988340894709,14.501735534787,0.966782368985801,20,32,0,0,1,0.333333333333333,1.07905424557627,0.0357866490009813,0.162806905233255,-62.2385191918641,5.59256105685748,41.5121429592126,0.114872805016606,0.15117171717629,3,0.366191091722588,75.1988340894709,14.501735534787,476
R0477,INFEASIBLE,0,-2.75219453486945,2.12500812642021,64.697809715582,14.7240174411727,0.98160116274485,20,16,0,0,0,0,1.36689257963494,0.0100464815113852,0.205943955804533,-63.645518251108,10.6974860999393,49.2463357888532,0.142289320597611,0.198703077530325,6,0.128188745663933,64.697809715582,14.7240174411727,477
R0478,EASY,2,2.28530350519118,0.875264166052346,109.584891928351,14.7210287749329,0.981401918328862,20,32,1,1,1,1,1.17890102551048,0.0256365627661735,0.111740012836072,-36.2990278867994,6.83798912839346,27.7965235379983,0.149251466182958,0.105820714223317,6,0.0978839534637435,109.584891928351,14.7210287749329,478
R0479,INFEASIBLE,0,-2.11615874038717,1.05018389418207,61.2901811196388,8.35295727016074,0.556863818010716,20,32,0,0,0,0,1.3240371960397,0.0346880922948171,0.134017929015666,-37.1868661851216,13.2944471995982,29.1498025181759,0.104634302540663,0.160231558682155,2,0.382086784590049,61.2901811196388,8.35295727016074,479
R0480,EASY,2,1.75014292127708,2.9857042583076,72.1493782962468,9.64000132584473,0.642666755056315,20,8,1,1,1,1,2.00752372969167,0.0214893060181763,0.238689556646454,-57.5664857479203,6.86225713557988,27.4141038423982,0.0328788603714033,0.0374527617519534,5,0.173009302002249,72.1493782962468,9.64000132584473,480
R0481,INFEASIBLE,0,-2.14156123399891,0.396452065322858,28.4677879231947,11.5746208539441,0.771641390262937,20,8,0,0,0,0,1.47868701285311,0.0299224313292018,0.0600744971841055,-37.6101046898098,5.89509775285723,42.0406441193352,0.12881652259957,0.176985109667084,2,0.257352065140397,28.4677879231947,11.5746208539441,481
R0482,FRAGILE,1,0,1.31872690748126,44.1776289819393,14.627791055582,0.975186070372134,20,32,1,1,0,0.666666666666667,0.974470280280277,0.0117811056263384,0.192589833882342,-35.475380815,13.5724551081235,34.7434123801215,0.0421206490466779,0.0358071915143861,6,0.242699533744127,44.1776289819393,14.627791055582,482
R0483,EASY,2,2.21269919627439,2.65986303132312,88.0307274792298,14.8395017929705,0.989300119531367,20,16,1,1,1,1,1.80881384768007,0.031310217026696,0.237641644812185,-49.3502519721567,12.8227232332574,25.1632457169343,0.00526799309449002,0.0248857610805834,2,0.308303325457726,88.0307274792298,14.8395017929705,483
R0484,INFEASIBLE,0,-2.33996195138795,1.42391366163889,47.4610660251031,12.3142963257827,0.820953088385515,20,32,0,0,0,0,1.03529192947773,0.0105920232339661,0.152370847052349,-54.7452097350061,7.76082982189393,44.421176324042,0.117380810590582,0.226039161659397,2,0.134406283445708,47.4610660251031,12.3142963257827,484
R0485,EASY,2,2.050409216463,0.841964340792406,57.3401547609943,11.9941970398555,0.799613135990367,20,32,1,1,1,1,1.41631142590284,0.0139108838467606,0.121534978817418,-40.1300527100776,5.3956395641311,43.4326171490731,0.0294971799846248,0.0569546742447063,4,0.327277519920888,57.3401547609943,11.9941970398555,485
R0486,INFEASIBLE,0,-1.77432460378689,2.07304396037937,64.1801758715955,13.6071113691187,0.90714075794125,20,32,0,0,0,0,1.13630916313246,0.0232659512956764,0.236438552911939,-41.896365411233,12.7825722628501,29.5551805264092,0.0386953330109224,0.0572636359755573,4,0.40311191237086,64.1801758715955,13.6071113691187,486
R0487,INFEASIBLE,0,-2.01213196464893,2.32420293666901,106.665447168261,13.8325286940078,0.922168579600517,20,32,0,0,0,0,1.05344498474832,0.0226171556103441,0.199939893432054,-59.4698596001462,6.9810489556208,33.8770827433624,0.0675474527088592,0.131738831218759,2,0.31311634262866,106.665447168261,13.8325286940078,487
R0488,INFEASIBLE,0,-2.54924090341059,0.614487262991131,85.1868259109168,13.7298968861741,0.915326459078276,20,32,0,0,0,0,1.7504779968495,0.0351154774661094,0.0745479373321264,-41.9442835709203,9.6113986372301,33.5160176935054,0.0896708413572288,0.245034161951479,2,0.128548210233304,85.1868259109168,13.7298968861741,488
R0489,INFEASIBLE,0,-1.68768981199718,1.05109822684898,69.6837872550699,11.3159635119532,0.754397567463548,20,32,0,0,0,0,1.73918953934582,0.0237149311897153,0.153670402738978,-39.9185319483603,11.9423785138847,44.0863690194133,0.0386054334353426,0.193041577606394,2,0.335697335168876,69.6837872550699,11.3159635119532,489
R0490,INFEASIBLE,0,-2.34375974953866,0.724469299633903,26.7361555100332,9.68558756667628,0.645705837778418,20,32,0,0,0,0,1.20526600917279,0.0116886176430865,0.108356435658888,-41.0336750866682,9.23443025139798,48.7541552814319,0.104150422026916,0.230490913386402,1,0.189748707934828,26.7361555100332,9.68558756667628,490
R0491,FRAGILE,1,0,1.57859228690111,55.7082271007793,14.511698679899,0.967446578659933,20,16,1,1,0,0.666666666666667,1.59406792189786,0.0328820131486793,0.172193205736606,-54.3870192852841,6.43859164536262,45.5558277620386,0.0438243532170574,0.0928157123007666,5,0.0816769423006052,55.7082271007793,14.511698679899,491
R0492,INFEASIBLE,0,-2.07005123338991,2.38038658010831,45.3551907838024,14.2070771718373,0.947138478122487,20,32,0,1,0,0.333333333333333,1.08145741090672,0.0395133945692707,0.216822494558582,-57.1738156799956,5.43683632125808,35.1050340482372,0.021544640924726,0.0321623035097586,2,0.356122429524464,45.3551907838024,14.2070771718373,492
R0493,INFEASIBLE,0,-2.2406775014131,1.53590482131079,114.160563683338,12.1891276754783,0.812608511698551,20,32,0,0,0,0,1.74764897900995,0.0103169200438954,0.178271703399337,-38.20603321852,13.77074390296,25.4543186229467,0.0820372432612559,0.10215569485835,3,0.344106823019169,114.160563683338,12.1891276754783,493
R0494,INFEASIBLE,0,-2.50480068033329,2.66410156613818,61.9267068831435,9.6602735213371,0.644018234755806,20,8,0,0,0,0,1.4247944082867,0.0302444114261763,0.214327114636626,-60.0177515181725,13.4277615175422,30.1768204171301,0.0790907888146572,0.239485719545531,5,0.146143498909765,61.9267068831435,9.6602735213371,494
R0495,INFEASIBLE,0,-2.42534100086194,2.38381902196629,31.2951396510559,10.7688937972472,0.717926253149813,20,8,0,0,0,0,1.46852889484509,0.028607823326931,0.219222531138436,-51.2182491837502,11.0836394531497,28.716706413264,0.0147525058126787,0.185446626979761,6,0.305692494852126,31.2951396510559,10.7688937972472,495
R0496,INFEASIBLE,0,-2.10036345039344,1.40105305597318,22.7970529507678,9.12126931445925,0.60808462096395,20,32,0,0,0,0,1.14220730228505,0.0138498917055248,0.131919352315995,-63.547741799148,12.5224352798983,46.341432974885,0.011398493632053,0.074459318161306,2,0.22189099924382,22.7970529507678,9.12126931445925,496
R0497,INFEASIBLE,0,-2.20618082239423,1.40870244675047,72.3666332656488,14.8587757248056,0.99058504832037,20,16,0,0,0,0,2.04121597548237,0.0253488100446161,0.149985908740272,-56.6693759051083,6.28404020578428,47.1216616328712,0.0840331173846779,0.135820256315453,1,0.386167844452028,72.3666332656488,14.8587757248056,497
R0498,INFEASIBLE,0,-2.15624520153268,0.660233286917889,30.2538166629612,13.0687535433842,0.871250236225615,20,8,0,0,0,0,1.63576994547246,0.0230291780546786,0.0906621127463839,-36.7149515749308,7.13176527854091,32.9006224699578,0.135324962974078,0.170692794692977,2,0.398714865562504,30.2538166629612,13.0687535433842,498
R0499,INFEASIBLE,0,-2.34864767620959,2.74534033663412,61.8159946277098,9.13547483579529,0.609031655719686,20,32,0,0,0,0,1.08773619575803,0.0336137521215173,0.196426762304507,-62.5418888767797,13.4209203578992,25.9186441159077,0.116691155398788,0.11029738969523,2,0.0598045927323521,61.8159946277098,9.13547483579529,499
R0500,EASY,2,1.9211634927919,1.12011051445282,86.3695038188493,13.9012307403512,0.926748716023413,20,8,1,1,1,1,1.33292761732932,0.013757514079755,0.100489124239178,-52.4024595216299,7.009723624467,28.6075769137425,0.0769213177118505,0.0240259867401911,2,0.440544049426817,86.3695038188493,13.9012307403512,500
R0501,EASY,2,1.95252879623207,1.30273863939156,90.8432267385261,14.8860614375152,0.992404095834348,20,32,1,1,1,1,1.32856215456964,0.0152332738712305,0.193893257138268,-40.412780142281,5.00326599326134,46.8284342265156,0.145085947492656,0.0742419215398196,2,0.157113987057813,90.8432267385261,14.8860614375152,501
R0502,EASY,2,1.86898123859966,0.630822276177749,35.9593027742029,8.6660731162582,0.577738207750547,20,32,1,1,1,1,1.95707944332559,0.0250966663035739,0.0685381309064183,-47.2070409807377,11.5851460028247,34.0506483844605,0.0552894859778916,0.0383345553414397,3,0.0719520899572967,35.9593027742029,8.6660731162582,502
R0503,EASY,2,2.03940972623075,0.410040549704144,67.085494661364,8.9537773112749,0.596918487418327,20,8,1,1,1,1,2.08781282756975,0.0295199997590857,0.0454328158320972,-44.8565720564183,12.5106835840154,31.9741652358259,0.0901524817834341,0.012541401377342,5,0.205641481967362,67.085494661364,8.9537773112749,503
R0504,INFEASIBLE,0,-1.56775098856479,1.33795543329062,118.887357412688,14.5357727147294,0.969051514315295,20,32,0,1,0,0.333333333333333,1.45039160456885,0.0265102023195217,0.169383041385659,-42.0272533913146,7.04552678412135,36.6420642832418,0.0905901570751793,0.134048678927868,4,0.364509043357891,118.887357412688,14.5357727147294,504
R0505,INFEASIBLE,0,-2.36098821472642,0.919509692951909,91.847372105895,12.5314947493907,0.835432983292715,20,32,0,0,0,0,1.88601401483939,0.0396769488195425,0.162288227754992,-34.7818936068562,13.0721077868435,48.7785867649002,0.0415080779847855,0.134826780217489,5,0.336654710183345,91.847372105895,12.5314947493907,505
R0506,INFEASIBLE,0,-2.20841097315218,1.80148986063678,32.4166809138238,9.56212160425454,0.63747477361697,20,32,0,0,0,0,1.34409146294799,0.0246854637702039,0.123681395605664,-69.2895378384259,12.3706796349196,29.2915124159385,0.130771563345128,0.0971205185634581,5,0.303272627101656,32.4166809138238,9.56212160425454,506
R0507,EASY,2,2.32373015314651,1.32868236898294,52.6570725664481,12.2692839196537,0.81795226131025,20,32,1,1,1,1,1.22638826326842,0.0215774580336078,0.23551742918759,-30.4961972263692,5.9987210758952,37.8230452491546,0.144592032500669,0.0389094934713674,4,0.17725458295187,52.6570725664481,12.2692839196537,507
R0508,INFEASIBLE,0,-2.15844907967385,1.09577400625149,30.703163396909,10.2908575172212,0.686057167814749,20,32,0,0,0,0,1.86715568897301,0.0170177166962606,0.132340047038575,-45.2795410358706,9.24729800816703,38.7084668838991,0.070748518946097,0.234187088787439,4,0.373896189291823,30.703163396909,10.2908575172212,508
R0509,EASY,2,1.81434768025371,0.685369023778179,58.8630498452685,12.5284565233585,0.835230434890568,20,32,1,1,1,1,0.922681657482127,0.0193427358483307,0.0632940957976491,-59.2464006224726,5.38754738714095,38.7492012818013,0.121421983952064,0.0594844416574591,5,0.213230959001061,58.8630498452685,12.5284565233585,509
R0510,INFEASIBLE,0,-2.74876295490708,2.86866516863099,68.8584873852272,8.17959937151377,0.545306624767585,20,32,0,0,0,0,1.98218237523176,0.0219176717808541,0.185725120177989,-69.7924638131834,13.5552794596445,26.4277380104321,0.0321348503684846,0.210699911151241,3,0.231105560993219,68.8584873852272,8.17959937151377,510
R0511,INFEASIBLE,0,-2.84476512449116,1.05055126225645,42.231998800378,14.4324861073146,0.962165740487637,20,32,0,0,0,0,1.21971627320264,0.037219544365323,0.14397042282177,-42.7196369451326,12.4936452955453,44.3637782498207,0.127031914455038,0.236206546182562,4,0.06331375363451,42.231998800378,14.4324861073146,511
R0512,EASY,2,2.53734184799996,0.638452920024013,36.2100769700044,8.28630802352836,0.552420534901891,20,32,1,1,1,1,1.64247918057089,0.0104662586790614,0.0893240681270409,-37.8405558456009,6.39746243014089,36.2790248044654,0.142461834958493,0.0270827904279333,5,0.383362744529176,36.2100769700044,8.28630802352836,512
R0513,INFEASIBLE,0,-3.02419261355712,2.190835090114,27.6693421894776,8.13579714416616,0.542386476277744,20,8,0,0,0,0,1.18487545164875,0.020300016149304,0.172014923743284,-68.2254701904712,13.4578627014697,37.1421731036718,0.12984813404661,0.215739733095387,3,0.170716177249481,27.6693421894776,8.13579714416616,513
R0514,INFEASIBLE,0,-2.50307975080282,0.6783029759975,79.8901628239187,8.25094265012334,0.550062843341556,20,32,0,0,0,0,1.49082234700978,0.0398118770331615,0.0558811653752715,-59.8285865800891,12.8753859868451,31.4457753240685,0.00647622561440222,0.133153277201125,3,0.363221587001327,79.8901628239187,8.25094265012334,514
R0515,INFEASIBLE,0,-2.32748907715014,0.99417692901281,84.3364480174175,13.09410294936,0.872940196623998,20,32,0,0,0,0,1.01495997817831,0.0123753124066532,0.0884629174605825,-59.8402764592986,13.3617647170509,36.6981096981,0.0420510124441632,0.195686938482602,4,0.0506949457068719,84.3364480174175,13.09410294936,515
R0516,EASY,2,2.19835881641465,1.32021940724459,53.1947989822524,13.5361974350787,0.902413162338582,20,16,1,1,1,1,1.67666839814061,0.0358161946786676,0.184758719397293,-44.1317857184326,13.1884417687898,49.3721477830596,0.139479016039887,0.0144699570023359,1,0.0654982543885799,53.1947989822524,13.5361974350787,516
R0517,EASY,2,2.19664524976022,0.883301742857623,107.124108190753,10.3126120574146,0.687507470494309,20,16,1,1,1,1,1.85813387855314,0.0266482812709625,0.161315364875681,-30.7159878088737,7.27058128546859,40.7308642293515,0.130478517913481,0.0436548798535271,5,0.299313483096729,107.124108190753,10.3126120574146,517
R0518,EASY,2,1.87658488100073,0.992266092361083,34.62379892639,14.2425336688213,0.949502244588088,20,32,1,1,1,1,1.09011550020356,0.0123376059178456,0.0841924323527114,-58.6465531121836,9.52018907703832,32.0505991457964,0.134740664130343,0.0299600138545079,5,0.339400586918014,34.62379892639,14.2425336688213,518
R0519,EASY,2,2.27821394247007,2.29401069729318,28.7638637556017,9.68737554127493,0.645825036084995,20,32,1,1,1,1,1.5081062146029,0.0124622540867085,0.20281909054277,-56.4003219695744,5.71796390417114,32.1848365550597,0.100163035669246,0.0111217371458793,1,0.419409200766826,28.7638637556017,9.68737554127493,519
R0520,EASY,2,2.15016423043325,1.14982797873289,88.2926325960384,8.79618996353054,0.586412664235369,20,32,1,1,1,1,1.83400834617949,0.0151346728570808,0.139995108579096,-50.8693241416371,6.55099493717909,49.6516026769571,0.00885556895118006,0.101964332641644,5,0.391454383989313,88.2926325960384,8.79618996353054,520
R0521,INFEASIBLE,0,-2.12287811291724,1.00836296124049,51.5637649333925,14.1257614660593,0.941717431070622,20,32,0,0,0,0,1.53115065835983,0.02727811101109,0.113883313092756,-43.4668873749071,12.8549230535353,31.1935539110158,0.129106680995245,0.171918129176874,4,0.257945033959692,51.5637649333925,14.1257614660593,521
R0522,EASY,2,2.25864410882546,0.536002554694316,40.4045681236994,9.96039718158374,0.664026478772249,20,8,1,1,1,1,0.910151825704715,0.0355546499258199,0.0786902968627574,-34.3816756289291,8.14805283750767,32.9779824546735,0.0891597288546883,0.014795619141802,6,0.221501922140949,40.4045681236994,9.96039718158374,522
R0523,INFEASIBLE,0,-1.94288141613074,0.879973628123949,105.088572933975,9.96972961674006,0.664648641116004,20,32,0,0,0,0,1.12268583475853,0.0176366614281327,0.0983926007853757,-52.5537562280867,9.06343368709577,44.6945375664915,0.0359498416451923,0.155031342647045,4,0.05126495253922,105.088572933975,9.96972961674006,523
R0524,EASY,2,2.10120653838273,0.610494477210315,56.9611248815516,13.3247652229379,0.888317681529191,20,16,1,1,1,1,0.990385897957399,0.0342008646139323,0.10962501779153,-34.134899706144,6.98924735129553,48.6311449074089,0.076512795048822,0.0054278190083226,3,0.296636251605119,56.9611248815516,13.3247652229379,524
R0525,FRAGILE,1,0,3.05481712312676,62.395050090513,8.09112205141857,0.539408136761238,20,32,1,0,1,0.666666666666667,1.99188653677076,0.020367588221563,0.218396456354253,-65.0552520294136,6.83268960577019,27.9992776122947,0.090857641669559,0.101395266127065,4,0.0594520651189784,62.395050090513,8.09112205141857,525
R0526,EASY,2,1.87799473337301,1.11593305917252,63.1493730144895,10.3559249208909,0.690394994726059,20,8,1,1,1,1,1.46726795104642,0.0362898420342541,0.138857396008009,-47.3518059116135,8.63115320055435,44.9361848009726,0.099316285441238,0.00763504959576839,5,0.263038895939786,63.1493730144895,10.3559249208909,526
R0527,INFEASIBLE,0,-1.94819934356248,0.954939210609463,62.0632446908894,12.2476870004425,0.816512466696166,20,32,0,0,0,0,0.916476353461897,0.0246420187486966,0.132923485872371,-43.645696873587,11.1554084667658,47.7745068551209,0.140549733594021,0.15360163291318,5,0.209476497940813,62.0632446908894,12.2476870004425,527
R0528,EASY,2,1.85967056031164,2.72416081351715,99.6102923944148,10.5028496311559,0.700189975410392,20,32,1,1,1,1,1.84491155267362,0.0185804379841592,0.236136631600776,-62.7455476589442,10.8295893845824,38.2902701675322,0.0774127809967219,0.0504923317883247,2,0.319143312248286,99.6102923944148,10.5028496311559,528
R0529,EASY,2,2.12106137912443,2.40684608373229,49.2556883641973,11.1986282534235,0.746575216894897,20,32,1,1,1,1,1.57628494524857,0.0153461176548011,0.202575158061026,-69.0974211728912,13.1834655753817,43.7784893627505,0.0496727236097846,0.0163973771751402,3,0.307402533478387,49.2556883641973,11.1986282534235,529
R0530,INFEASIBLE,0,-2.31361534509995,1.69790133357528,35.0409688638139,11.9653006789167,0.797686711927783,20,32,0,0,0,0,1.11030226214496,0.0393042862739437,0.151171123398432,-64.5757576720547,12.7220926623934,42.7871303429175,0.143473556154326,0.0584632524534609,5,0.151724688813656,35.0409688638139,11.9653006789167,530
R0531,INFEASIBLE,0,-2.56217163823375,1.77751553590358,90.8109883237508,9.47693282899429,0.631795521932953,20,32,0,0,0,0,1.63131159707381,0.0218949630459356,0.187234646574211,-52.1675070338648,11.7985600075556,39.0847324719576,0.116932789870473,0.183653326994428,1,0.36284196323215,90.8109883237508,9.47693282899429,531
R0532,FRAGILE,1,0,0.925957111359306,88.5295670864977,8.77415025267203,0.584943350178136,20,32,1,1,1,1,2.03958501348036,0.0344929883182308,0.0954653267953259,-57.3663894542321,12.6804380055437,45.277868653936,0.145471517673087,0.0769685137194488,5,0.348509931658094,88.5295670864977,8.77415025267203,532
R0533,EASY,2,2.03214368839944,0.533946329254614,30.7866951116123,9.27226264134814,0.618150842756543,20,32,1,1,1,1,1.276365603129,0.0282845742694073,0.048061282723722,-68.8752033301353,10.3150049998669,49.7488046303848,0.0686006474297127,0.0443609945150881,4,0.134677846022844,30.7866951116123,9.27226264134814,533
R0534,INFEASIBLE,0,-2.60330867925097,1.84756173982639,46.1660737516688,13.6674035540977,0.911160236939848,20,8,0,0,0,0,2.02139118499882,0.0329894927805768,0.208657788050704,-46.202202036951,9.7849134969497,35.2417921164926,0.0202906670911988,0.248995628273763,2,0.238417048702564,46.1660737516688,13.6674035540977,534
R0535,INFEASIBLE,0,-2.83359467832815,1.81986301419975,24.2050704722829,11.0312803628612,0.735418690857414,20,8,0,0,0,0,1.68394545838813,0.0384216284354679,0.237212998383779,-39.1918213553796,11.4242131314161,33.7793913011472,0.000206291315872316,0.177303359135276,5,0.372817437007051,24.2050704722829,11.0312803628612,535
R0536,EASY,2,2.1003234326407,2.43539529538758,77.5165320440473,11.4858073392502,0.765720489283346,20,16,1,1,1,1,1.09941958603227,0.0101218814571255,0.164534329527877,-67.8555148985517,7.87564330667482,27.2023098944168,0.125603762742679,0.0216554916823457,3,0.327681975990887,77.5165320440473,11.4858073392502,536
R0537,INFEASIBLE,0,-2.4847984861712,0.627060672297223,119.977091042388,11.8048085288087,0.786987235253914,20,32,0,1,0,0.333333333333333,1.16811683619758,0.028779293599522,0.0801369486905662,-48.238386555149,8.82050933016822,49.1918754714253,0.14475789857394,0.193538058258096,4,0.0696136132825276,119.977091042388,11.8048085288087,537
R0538,FRAGILE,1,0,0.416690481824308,48.006404506188,12.3564096811089,0.823760645407259,45,32,1,0,1,0.666666666666667,1.9089844149321,0.0397223010048878,0.0483086009701885,-42.0468776901877,9.02713845734911,30.7574708036494,0.0621306962686844,0.0900014156643429,4,0.081168473999252,48.006404506188,12.3564096811089,538
R0539,INFEASIBLE,0,-2.42030504623497,0.413425119428666,23.4285691434871,12.6283259723649,0.841888398157659,20,8,0,0,0,0,1.20646932626985,0.0379580022751452,0.0733175421818743,-30.1075896730022,7.20469802243715,36.9007682962634,0.0995875448908628,0.174512140081618,2,0.313587282388209,23.4285691434871,12.6283259723649,539
R0540,EASY,2,2.08316499325444,1.78031249497542,100.629619839608,10.7111267893654,0.714075119291026,20,16,1,1,1,1,1.79659566040609,0.0167477696140444,0.221990055996418,-43.5579111557091,6.48676931883325,38.1829965500105,0.0682012782021966,0.00315046321096248,2,0.258084295386398,100.629619839608,10.7111267893654,540
R0541,INFEASIBLE,0,-2.29342318337825,1.19096676817993,68.9781381441021,12.2118550987423,0.814123673249487,20,32,0,0,0,0,1.07583223351806,0.0181431614224648,0.170953647526965,-34.1546260826025,8.79990649934232,31.111280284582,0.0399968570767915,0.223693506767897,2,0.12549732408953,68.9781381441021,12.2118550987423,541
R0542,FRAGILE,1,0,0.852473599784962,30.0377753708031,8.71340371530009,0.580893581020006,20,32,1,0,1,0.666666666666667,1.10961025708197,0.0121080509891894,0.106520278365301,-48.3440271575891,6.94612137920039,47.233455241366,0.0251878024763616,0.119613791316863,2,0.332955318266214,30.0377753708031,8.71340371530009,542
R0543,EASY,2,1.85452893952712,0.533392010173226,107.590360978162,12.1162512878191,0.807750085854605,20,8,1,1,1,1,1.22688389513762,0.0263534750234116,0.054758708251869,-59.8737396932749,8.58676385345757,48.9043514874222,0.00879072328066331,0.025605478742811,5,0.267213734515517,107.590360978162,12.1162512878191,543
R0544,EASY,2,1.82629617390207,0.944464379947836,100.490843519552,11.2269202751136,0.748461351674243,20,32,1,1,1,1,1.9586847311896,0.0335261112859968,0.130720939716844,-34.730239166096,6.27538308068381,29.9085983768066,0.036148899364313,0.0876358896477384,5,0.188003289060875,100.490843519552,11.2269202751136,544
R0545,EASY,2,1.81077589157901,1.29873944752697,98.0353042381902,9.61390570316726,0.640927046877817,20,32,1,1,1,1,1.91912874851563,0.0303309101416499,0.189913125527906,-35.8533882149884,12.0335243566361,35.5785023803094,0.140024212243496,0.0654372562392985,6,0.395519159664672,98.0353042381902,9.61390570316726,545
R0546,INFEASIBLE,0,-2.43402716476629,2.37451273530906,91.9318879464595,13.2950154618276,0.886334364121839,20,32,0,0,0,0,1.35734445362578,0.0297414578617171,0.194677445400143,-61.1070253385351,10.3743915951023,32.4882197507423,0.0862282955613697,0.166428921330687,2,0.121270155505557,91.9318879464595,13.2950154618276,546
R0547,INFEASIBLE,0,-1.86685068542482,0.955852116595641,97.833235719431,11.2203463055107,0.748023087034046,20,32,0,0,0,0,1.01105162894585,0.0193740479714418,0.127577853350265,-37.0244818032481,12.6037156599308,31.6088359937722,0.0775316170397369,0.190092609531996,5,0.165615839898521,97.833235719431,11.2203463055107,547
R0548,INFEASIBLE,0,-2.75266256326106,1.55386834509355,119.435092506509,14.5773269339514,0.971821795596757,20,32,0,0,0,0,0.955766047894244,0.0304727647325393,0.217278799542382,-38.9876326238578,11.1342168183432,38.4699263304066,0.108396823971635,0.218630848410976,6,0.0555705731073836,119.435092506509,14.5773269339514,548
R0549,INFEASIBLE,0,-2.3568126713728,0.405746860469043,54.231558981276,14.5764596634919,0.971763977566129,20,32,0,0,0,0,1.96145968586109,0.0356966386141492,0.0602080352321862,-30.3834644866677,10.8350904126154,26.3108280918405,0.0689423012954327,0.144758960040091,6,0.31181931086761,54.231558981276,14.5764596634919,549
R0550,EASY,2,2.09004607789737,0.566347958801392,44.3951845277272,11.9238344434975,0.794922296233169,20,32,1,1,1,1,1.61229611609428,0.0178901270550041,0.0784522321018369,-44.7771485089984,10.3762882434917,49.798717000111,0.127138289413484,0.0440632644463073,3,0.116115126025873,44.3951845277272,11.9238344434975,550
R0551,INFEASIBLE,0,-2.10217157935051,1.09879700407833,70.8006274400143,8.86842037477695,0.59122802498513,20,32,0,0,0,0,1.72314513081726,0.0194674370299979,0.146744508253604,-41.6123514844311,8.74213470861717,39.9755690518678,0.0416244079931976,0.198087598730723,6,0.387144128393394,70.8006274400143,8.86842037477695,551
R0552,INFEASIBLE,0,-2.36583464279163,0.69605883608798,95.3872981841987,10.6655033577469,0.711033557183128,20,32,0,0,0,0,1.36089969106843,0.0352961187056956,0.0576582884636172,-69.4407701897854,12.0745363381721,42.8274292683127,0.128649637155275,0.196976538785379,6,0.28991313666467,95.3872981841987,10.6655033577469,552
R0553,INFEASIBLE,0,-1.92439295732503,1.46975306570925,75.8296722807049,11.8281449227464,0.78854299484976,20,32,0,0,0,0,1.72105017571989,0.011905702460912,0.167803225728532,-47.13888472313,12.7405906692286,37.4914143396858,0.0280461544898833,0.187454500647117,6,0.242093483802059,75.8296722807049,11.8281449227464,553
R0554,INFEASIBLE,0,-2.53307825753642,2.38340982419112,88.2540479134054,12.914583969091,0.860972264606065,20,32,0,0,0,0,1.44328200846516,0.0247709943549085,0.205716766536356,-67.4158002743417,5.54971009033985,43.8254792777753,0.0136811233841187,0.242934518831733,1,0.424404294476554,88.2540479134054,12.914583969091,554
R0555,INFEASIBLE,0,-2.48673995592487,1.18313090996724,50.7407866406917,11.1557917350416,0.743719449002774,20,32,0,0,0,0,1.91946341899677,0.0156738917957468,0.212461303859368,-32.3091821451233,7.1150032876627,43.5719874463478,0.0733744585298914,0.139267025728041,1,0.165517417412378,50.7407866406917,11.1557917350416,555
R0556,INFEASIBLE,0,-2.68617241963141,1.9107771554861,41.2001403269889,9.0502749324392,0.603351662162613,20,32,0,0,0,0,1.40218692411432,0.0279457222027589,0.151434306782842,-63.9744287721006,6.78561661494179,33.2738195863295,0.0122523757476082,0.181850971567309,6,0.153781622555841,41.2001403269889,9.0502749324392,556
R0557,EASY,2,1.72913936891592,2.15247853338869,58.807777982427,8.4807508706119,0.565383391374127,20,32,1,1,1,1,1.37046570657458,0.0194423873321662,0.166155441841497,-67.7284640292657,8.979539084722,35.3797933375281,0.0892873274586143,0.0418186220814977,4,0.445169028892895,58.807777982427,8.4807508706119,557
R0558,INFEASIBLE,0,-2.55066758162112,1.70729190382297,106.722958598318,8.67164749747304,0.578109833164869,20,32,0,0,0,0,1.65547713504813,0.025912716467984,0.186656750392486,-50.6475919550371,13.715151422682,39.6872310890234,0.00686437905040391,0.178620570515708,3,0.219848340526898,106.722958598318,8.67164749747304,558
R0559,EASY,2,2.51204987833889,1.60906709336834,51.9641139199133,14.3825414100147,0.958836094000983,20,32,1,1,1,1,1.19898002365966,0.0215213986043315,0.125794604691235,-59.7209645616144,7.97212338810303,28.2156920561083,0.0654599581982908,0.0487758207752897,6,0.100589621117345,51.9641139199133,14.3825414100147,559
R0560,EASY,2,2.11235043659744,1.1748975371724,78.3821959075109,14.2815900027637,0.95210600018425,20,16,1,1,1,1,2.07894010533354,0.0158942171104944,0.21855917712942,-31.4306880811269,12.7494237038128,44.2493852423092,0.078241458533701,0.0349108501791211,5,0.224833438125589,78.3821959075109,14.2815900027637,560
R0561,INFEASIBLE,0,-2.25404176069732,0.771293024105294,111.024869720418,10.5742312020445,0.704948746802968,20,32,0,0,0,0,1.23785770922504,0.0271553455084653,0.0704100563763108,-56.6512065892671,12.2510600993569,34.6186607303185,0.0786323518681664,0.194040826424084,5,0.324241351455471,111.024869720418,10.5742312020445,561
R0562,INFEASIBLE,0,-2.10517181917043,1.38598181871896,77.5716790028454,13.2123186118708,0.880821240791388,20,32,0,0,0,0,1.13948969826733,0.0280786394625515,0.154093330380148,-50.0228480360136,9.35840501877478,40.0360112637612,0.00221870333344895,0.184952984688526,2,0.390770361052133,77.5716790028454,13.2123186118708,562
R0563,INFEASIBLE,0,-1.87968038126647,1.57111116328977,75.5823235623013,12.1479471707624,0.809863144717493,20,32,0,0,0,0,1.88816203235234,0.0105319364419045,0.127675415702922,-61.0074830596068,9.18429550057478,31.8147346462994,0.0155320580185376,0.14236386604453,3,0.0714665870260717,75.5823235623013,12.1479471707624,563
R0564,INFEASIBLE,0,-2.38017680701268,0.524378768167834,47.7868989864942,13.9602324026937,0.930682160179577,20,32,0,0,0,0,0.900069929837096,0.011588761448026,0.0854170762558796,-30.8694548059755,11.7472551746225,32.7279257721015,0.0823732214033942,0.204440665554307,4,0.333846215213151,47.7868989864942,13.9602324026937,564
R0565,EASY,2,1.98071778370494,2.1403027444932,72.8059507267528,12.7876495789628,0.852509971930857,20,16,1,1,1,1,1.86464586801424,0.0287594716009423,0.199715595949002,-60.2050774885347,13.9730984478238,40.8508540834942,0.122076095599061,0.0106927025920733,4,0.246712283889629,72.8059507267528,12.7876495789628,565
R0566,EASY,2,2.15179953398873,0.96942571252635,68.2101476705968,12.9456422964863,0.863042819765751,20,16,1,1,1,1,1.60859490033317,0.0261646054776945,0.112822436176465,-39.3944769033279,8.95617292233394,27.2078303313238,0.0487778095191016,0.0220919890084536,3,0.0921317982284025,68.2101476705968,12.9456422964863,566
R0567,EASY,2,1.51588958709555,0.916755752703353,110.821555675621,13.8906798587527,0.926045323916849,20,32,1,1,1,1,1.18645370316607,0.0159712703244676,0.149651555098676,-35.229652735758,7.35071861865635,42.8088205238193,0.0618383390012336,0.0716097039858982,3,0.329284214496845,110.821555675621,13.8906798587527,567
R0568,INFEASIBLE,0,-2.35030849371121,1.28599159287462,47.7538686030584,10.0673781880544,0.671158545870291,20,32,0,0,0,0,1.39763510410446,0.0203450035095983,0.194358269599939,-32.83693096321,11.9443861860505,31.8798497349181,0.138156632473113,0.150188282582197,4,0.39596383248405,47.7538686030584,10.0673781880544,568
R0569,INFEASIBLE,0,-2.21142773750452,1.31008701805731,57.5468083576865,10.7908403260303,0.719389355068689,20,32,0,0,0,0,1.56716732433649,0.0239399542314152,0.0961045249120366,-64.186738455952,13.9811164166523,28.6971891081134,0.0035273782138083,0.152513169133764,3,0.351001126866904,57.5468083576865,10.7908403260303,569
R0570,INFEASIBLE,0,-1.95252879623207,1.085217248242,74.9246384826099,14.4581566799465,0.963877111996433,20,32,0,0,0,0,1.19563965415146,0.0150819005334149,0.155911654845088,-42.427932710938,13.3309901661533,48.0937771568109,0.131677741262541,0.0681380632193345,3,0.163684544731653,74.9246384826099,14.4581566799465,570
R0571,INFEASIBLE,0,-2.2862035751727,2.16394472844368,37.7770084514726,11.2830046201822,0.752200308012148,20,32,0,1,0,0.333333333333333,0.943738029676913,0.0188722039341305,0.165309734149684,-65.8989566320696,13.5674948533066,32.8037098154634,0.01577481040359,0.0291335258977748,5,0.429090450983273,37.7770084514726,11.2830046201822,571
R0572,INFEASIBLE,0,-2.09824660037973,0.450623341082427,92.4892703269188,8.04427480064056,0.536284986709371,20,32,0,0,0,0,1.28789199093806,0.0112776871190947,0.0409440811898904,-65.7050936781355,11.0646226108666,46.1332793975606,0.0193229448575885,0.205921720271274,3,0.168104239811727,92.4892703269188,8.04427480064056,572
R0573,INFEASIBLE,0,-2.51677519527631,1.09546558461015,87.770234746718,14.1016115584793,0.940107437231956,20,32,0,0,0,0,1.47436852740987,0.0175626916936316,0.0970015804634763,-64.6654541723598,7.06253748269194,42.4391000348233,0.00675805203096829,0.197816453688151,2,0.189390245406554,87.770234746718,14.1016115584793,573
R0574,INFEASIBLE,0,-2.09934467454979,0.439228399174658,29.452522922718,12.8242312052313,0.854948747015423,20,32,0,0,0,0,0.917189340666538,0.0243095246266382,0.0556578697534643,-48.2075481260638,10.7241448948108,48.3018516044464,0.0762737397166976,0.115052162820068,4,0.247849830743847,29.452522922718,12.8242312052313,574
R0575,EASY,2,2.21874463138602,1.05181916838705,111.747214542136,9.38783982952304,0.625855988634869,20,8,1,1,1,1,1.36345393024629,0.0206884081820944,0.0817517975985973,-69.9176811005225,5.02483676215625,38.2250312041446,0.00307074067354913,0.112959171525652,4,0.15586551944535,111.747214542136,9.38783982952304,575
R0576,INFEASIBLE,0,-1.73308299100972,1.19946107216492,38.1257382707553,13.8449666472436,0.922997776482906,20,32,0,0,0,0,1.81701081615688,0.0198744182863914,0.163999329448743,-34.920105965844,8.10472430490768,29.5069480505874,0.147802493047109,0.125560685163012,3,0.328283300470783,38.1257382707553,13.8449666472436,576
R0577,INFEASIBLE,0,-1.94027625194228,0.754644240729663,57.9761601216702,14.2105445302901,0.947369635352676,20,32,0,0,0,0,1.50878417435188,0.0359279235398128,0.100250853351877,-33.8297513638897,12.1957294495729,26.1427097486965,0.0879604406379113,0.0674967211701671,4,0.374990188013032,57.9761601216702,14.2105445302901,577
R0578,FRAGILE,1,0,0.84245544661969,48.8993400381437,13.6301063009816,0.908673753398773,20,32,1,1,1,1,1.18132450344673,0.0382814535233146,0.092810073880348,-41.4722658915544,8.92878102617631,27.0192467534058,0.0354729356617789,0.115238971005357,3,0.304089080822363,48.8993400381437,13.6301063009816,578
R0579,INFEASIBLE,0,-1.72913936891592,2.53987929454537,47.5577428215567,8.61715804237262,0.574477202824841,20,32,0,0,0,0,1.64024449065245,0.0259239761670899,0.190705403035599,-67.0947902212443,12.6699470398682,32.8502588227048,0.101028061086426,0.108729153729711,4,0.429696782366042,47.5577428215567,8.61715804237262,579
R0580,EASY,2,2.57131603491759,0.608164846729829,108.340019623286,13.9753866464595,0.9316924430973,20,32,1,1,1,1,2.05900376038959,0.0386619261247966,0.107451704325616,-31.2331067574528,9.41799364341616,39.4162876286061,0.0141959973869205,0.0595700493212133,5,0.128802109767192,108.340019623286,13.9753866464595,580
R0581,FRAGILE,1,0,1.9468686557829,68.4908575782356,13.4549232531526,0.896994883543505,20,32,1,1,0,0.666666666666667,1.6444920925699,0.0298756530165645,0.181112338522842,-63.1152781140402,6.17762410517102,44.6224208410666,0.076674027332175,0.0916507755757963,4,0.41375133089788,68.4908575782356,13.4549232531526,581
R0582,INFEASIBLE,0,-2.11309742863499,0.708996563486419,59.024157900311,9.9228526922961,0.66152351281974,20,32,0,0,0,0,1.372126111501,0.0108898815786637,0.0681307329213561,-51.8682238195942,8.2830085007594,32.1559963767771,0.0666682822515812,0.185217287614228,2,0.109673044895529,59.024157900311,9.9228526922961,582
R0583,INFEASIBLE,0,-2.50113030341762,3.00110666991764,86.2483920550839,12.8678740110236,0.857858267401576,20,8,0,0,0,0,1.87528078799704,0.0283208274031811,0.237388760512934,-61.6904689516723,13.6287894301313,30.8215831108292,0.12975923458118,0.237688567332563,3,0.150903876527979,86.2483920550839,12.8678740110236,583
R0584,INFEASIBLE,0,-2.65147192165663,2.62345260674494,30.9833543051753,11.234421122208,0.748961408147197,20,8,0,0,0,0,0.927575649180456,0.0296950712451598,0.177021283788266,-67.2765305398221,11.3421728097336,26.6743015554899,0.00841958536081623,0.135596328666503,2,0.424963224951836,30.9833543051753,11.234421122208,584
R0585,FRAGILE,1,0,1.26290151715734,81.6850775150605,8.22545523330154,0.548363682220103,20,32,1,1,0,0.666666666666667,1.67500222938005,0.0109538258821383,0.117341779971192,-53.25833898889,8.16112549130398,31.6958910920148,0.116511251272194,0.0946897081554151,4,0.268383701929719,81.6850775150605,8.22545523330154,585
R0586,EASY,2,2.1944463362647,1.45549549405109,74.2663466384977,11.9875761137205,0.799171740914701,20,32,1,1,1,1,1.51234672989613,0.0153218961343944,0.118965117028497,-62.1951713854812,7.86530443236817,33.449700737287,0.140676276811504,0.0538372133468948,2,0.195949725851297,74.2663466384977,11.9875761137205,586
R0587,INFEASIBLE,0,-2.29179817661839,1.1580520974154,46.4183056823144,13.0779186799221,0.871861245328139,20,32,0,0,0,0,1.60555738522149,0.0243383918555491,0.109164084914496,-51.5650594904421,12.5827383147849,30.5826958441817,0.124957315520166,0.181374118465032,4,0.0884736347102938,46.4183056823144,13.0779186799221,587
R0588,INFEASIBLE,0,-2.4754046710155,1.24745456122904,55.924386354076,10.3180698872307,0.687871325815381,20,32,0,0,0,0,1.60447112692213,0.0142163459725269,0.234390776541747,-30.3272862913365,8.89810488570741,42.0300613804425,0.123107265885816,0.167220934676529,2,0.205133191954023,55.924386354076,10.3180698872307,588
R0589,INFEASIBLE,0,-1.80089039829188,1.76111172592908,85.0793902293239,8.95972350626457,0.597314900417638,20,32,0,0,0,0,1.29095162985951,0.0372900550647042,0.155434889365442,-69.1866814637598,9.0769804881393,48.2646939679222,0.0517487161808367,0.107981696987489,1,0.345714628002124,85.0793902293239,8.95972350626457,589
R0590,INFEASIBLE,0,-1.35256277064189,0.798691538880247,65.508594381874,13.3404653218265,0.889364354788435,20,32,0,1,0,0.333333333333333,1.98029160290286,0.0179671862915848,0.134409857191967,-31.2210431104639,7.43767137120086,35.7322403860881,0.104860487093191,0.151630972172597,4,0.233019100983089,65.508594381874,13.3404653218265,590
R0591,INFEASIBLE,0,-2.0745452591972,0.959259552435791,79.7116951378074,11.1799990096703,0.745333267311353,20,32,0,0,0,0,0.912449978646548,0.0326837720769778,0.142016363690272,-35.9445471829951,9.99806193489855,36.654888465296,0.0434145006450311,0.24987476778037,2,0.316819774434568,79.7116951378074,11.1799990096703,591
R0592,INFEASIBLE,0,-1.56905615312695,0.623090877211208,75.2176611232603,13.8790998862878,0.925273325752519,20,32,0,0,0,0,0.987605200120968,0.013435751462779,0.0501370628306898,-59.747357980034,8.70885353939217,29.9167050145764,0.127458124979596,0.121444951615046,6,0.416535465801203,75.2176611232603,13.8790998862878,592
R0593,INFEASIBLE,0,-2.01626979324482,2.54038225200465,117.771336484443,14.5143754227153,0.967625028181022,20,32,0,0,1,0.333333333333333,1.83441911048655,0.0133818590337609,0.193344781178853,-59.5774980610042,8.27596134704531,26.6129272950962,0.112265574540031,0.0904861829614758,1,0.255416069176193,117.771336484443,14.5143754227153,593
R0594,EASY,2,2.05811780610597,0.312215718871461,25.8463902016002,11.7179012156548,0.781193414376984,20,32,1,1,1,1,1.91029807123958,0.0112314381139787,0.0405645800724208,-42.548387660391,6.88917254159264,39.5559675815214,0.0197671939812346,0.0925006488337757,3,0.361442216044192,25.8463902016002,11.7179012156548,594
R0595,INFEASIBLE,0,-1.74762657292014,1.05047431504501,80.7948180937449,9.44569419803574,0.629712946535716,20,32,0,0,0,0,0.95883128725198,0.022839062836513,0.187681227871824,-31.1938636399038,5.25145616763584,40.2041136428147,0.133088553671611,0.213491949781437,5,0.112440445960062,80.7948180937449,9.44569419803574,595
R0596,EASY,2,2.0721370465729,1.78778312280667,93.7251080744996,14.8183864058185,0.987892427054565,20,16,1,1,1,1,1.39528391525053,0.0145044259668466,0.178345617925833,-57.3043849961954,7.75169939083547,42.2992131361032,0.125819907221494,0.00225673494823409,1,0.0728406849369625,93.7251080744996,14.8183864058185,596
R0597,INFEASIBLE,0,-2.023516904224,1.41609987151537,35.3322727387673,11.8183520493029,0.787890136620192,20,32,0,0,0,0,1.73143785241505,0.0195162100578486,0.126775902029456,-56.9595402267324,9.2554543359424,33.6573531047597,0.053888522515793,0.164396442536846,5,0.319960467932423,35.3322727387673,11.8183520493029,597
R0598,INFEASIBLE,0,-2.03730819358816,1.41841073538025,101.511708322514,13.043116161422,0.869541077428131,20,32,0,0,0,0,1.81940912207571,0.0311020353993958,0.177327132068218,-44.2274707422149,7.38710523052618,39.5723577003326,0.0923564992517949,0.222146849660947,5,0.346499068573025,101.511708322514,13.043116161422,598
R0599,INFEASIBLE,0,-2.25991817094287,0.476482556888838,37.3115855551103,11.5948387212887,0.772989248085912,20,32,0,0,0,0,1.74994532886393,0.0268186671836758,0.0432131488891827,-57.861260724241,12.7525596367344,35.6430579058872,0.043722219313228,0.0879259290514091,3,0.345958984246549,37.3115855551103,11.5948387212887,599
R0600,EASY,2,2.13498261429824,1.14861567900947,84.9603347670178,9.36019345905167,0.624012897270111,20,32,1,1,1,1,1.38284619214728,0.0374144973037478,0.143631661357779,-39.4740437160799,11.4894605253643,31.5380966571767,0.0617386599530878,0.0631711995769004,1,0.259973099512944,84.9603347670178,9.36019345905167,600
R0601,INFEASIBLE,0,-2.46124261525062,1.49646902590506,27.7610353877702,12.050147402075,0.803343160138331,20,8,0,0,0,0,1.83858491424265,0.0309952343528119,0.140036715467253,-60.3624390836421,12.4219319804337,41.2993564993529,0.145669406464527,0.189523564809141,4,0.110826874305963,27.7610353877702,12.050147402075,601
R0602,INFEASIBLE,0,-2.44605470841337,1.68376531289253,51.3430337174387,9.30784930232911,0.620523286821941,20,32,0,0,0,0,1.17168442429403,0.0259823087622037,0.183078645208577,-51.396136856894,12.8408839300516,40.4235614775061,0.0613933560302326,0.146729845833547,3,0.238650541547786,51.3430337174387,9.30784930232911,602
R0603,INFEASIBLE,0,-2.84838602318269,2.21490435662325,119.824128024997,14.2595252401409,0.950635016009396,20,32,0,0,0,0,1.78655615741458,0.0142378320970436,0.230898422728541,-58.409759877943,5.11661423516276,47.9914836782241,0.039031387148094,0.2262143162228,5,0.315375570383352,119.824128024997,14.2595252401409,603
R0604,INFEASIBLE,0,-2.52159503172935,1.4950681764277,94.2497917047695,14.4765490846624,0.965103272310825,20,32,0,0,0,0,1.61933156523157,0.0179519389056839,0.169790007982857,-53.43777822288,8.69773879386411,47.6716744228761,0.126162852906254,0.208903855742742,2,0.393599314345125,94.2497917047695,14.4765490846624,604
R0605,INFEASIBLE,0,-2.33150477469276,2.3564991901222,115.301674621285,13.179627013435,0.878641800895664,20,32,0,0,0,0,2.01252987801419,0.035013495791926,0.235770459147333,-54.2682726324167,7.4349816475359,38.1590489569996,0.0504340372181109,0.165620718324799,5,0.120336331915009,115.301674621285,13.179627013435,605
R0606,EASY,2,2.14462301376877,2.10760732777087,111.847402556509,12.8850144716517,0.85900096477678,20,8,1,1,1,1,1.39957766697266,0.0229436054653254,0.216768789899906,-56.5327535870619,10.8758286531157,43.7598417472386,0.118156353729821,0.00897352103505826,6,0.384514775489278,111.847402556509,12.8850144716517,606
R0607,EASY,2,2.24365690262014,1.43628256106855,35.9908862484462,11.5673630778999,0.771157538526661,20,32,1,1,1,1,1.56252833408507,0.0148681736954536,0.142779289082699,-46.8997732601881,10.755189420499,28.135426235641,0.0847847284070316,0.0338837470434531,4,0.0533831513295005,35.9908862484462,11.5673630778999,607
R0608,INFEASIBLE,0,-1.8632274624811,2.08558237185244,92.524386215094,11.996356512554,0.799757100836932,20,32,0,0,0,0,1.03984453824498,0.0337359282046071,0.204451467153296,-45.1303655425495,11.8617109567725,25.335228618106,0.142120115251218,0.0812063685274475,3,0.338746754237595,92.524386215094,11.996356512554,608
R0609,INFEASIBLE,0,-2.35900944953931,0.646971245809264,48.1640854128796,14.4451563068503,0.963010420456684,20,32,0,0,0,0,1.04913745715467,0.0260262499248063,0.0603142496010544,-57.9377567119528,11.7366835906679,37.7619669777275,0.0826388878386869,0.16154289339409,6,0.231700583604887,48.1640854128796,14.4451563068503,609
R0610,EASY,2,1.74870612775264,0.420015180683643,75.5029855180758,9.31985656436578,0.621323770957719,20,32,1,1,1,1,1.19094396211614,0.0249997337540903,0.0729132503481996,-32.5846555680877,7.25041883015096,41.4162305073269,0.138637357869569,0.0766316843636475,5,0.335888552283256,75.5029855180758,9.31985656436578,610
R0611,FRAGILE,1,0,1.91062263418877,24.9622717589118,8.21196510531777,0.547464340354518,20,32,1,1,0,0.666666666666667,1.38728570287084,0.0314826116423533,0.187012656703902,-58.7164679667586,6.01928109310128,42.7536666196267,0.119710833964247,0.0800999526399676,5,0.377498994506885,24.9622717589118,8.21196510531777,611
R0612,INFEASIBLE,0,-2.37693624586741,1.24077143335352,87.9491716103373,8.0176695734384,0.534511304895893,20,32,0,0,0,0,1.66644629129423,0.014410387192043,0.189360270392388,-31.6530483836033,12.7299829676808,30.2055395900607,0.115863234698952,0.200775907031895,4,0.370222521208151,87.9491716103373,8.0176695734384,612
R0613,INFEASIBLE,0,-1.8825078863136,1.06681074184113,87.6293962120897,13.4097911756997,0.893986078379978,20,32,0,0,0,0,1.83822115240649,0.0311091445190539,0.164891696536125,-31.2937353242846,6.50174485454308,30.283005819747,0.0503387741973779,0.217574575687612,3,0.266814014480464,87.6293962120897,13.4097911756997,613
R0614,FRAGILE,1,0,1.00992947300207,77.1129193847396,14.3755400622338,0.958369337482252,20,16,1,0,1,0.666666666666667,1.89155926116141,0.0180388601625952,0.155109939450961,-30.6329977211375,6.82753751233391,28.6508504600459,0.112516916983423,0.100077066744497,5,0.225256854320581,77.1129193847396,14.3755400622338,614
R0615,INFEASIBLE,0,-2.1703763535965,0.707567918480467,117.996945497847,14.7020078738134,0.980133858254224,20,32,0,0,0,0,1.77076228936095,0.0167202288173754,0.0863056450971512,-45.0729393113569,12.1209063418257,39.123279911472,0.0959730326686398,0.139011914828549,2,0.071668734584626,117.996945497847,14.7020078738134,615
R0616,INFEASIBLE,0,-2.04700499207406,0.58284500715894,95.1614611822672,12.6424132772644,0.842827551817626,20,32,0,0,0,0,1.53657674711851,0.0291710590463813,0.0497983010544253,-67.2494020376751,7.61574647475747,42.7327756719132,0.00261537106836599,0.233603834723587,2,0.33155579090949,95.1614611822672,12.6424132772644,616
R0617,FRAGILE,1,0,2.28415389319543,76.781618009795,10.271379606027,0.684758640401801,20,32,1,1,1,1,1.47690972104864,0.0218366122949305,0.209569774732231,-56.7968418343557,10.3829796676366,35.1492695143791,0.0508081195567412,0.0886936063836213,6,0.0650829123963675,76.781618009795,10.271379606027,617
R0618,EASY,2,1.4465392028886,1.04817617772477,109.772888580575,8.25987249316156,0.55065816621077,20,32,1,1,1,1,1.65044135377601,0.0257176279867285,0.117901046131486,-53.747806964651,12.3889526845911,47.3096354428228,0.14842430764378,0.0640127587021027,5,0.430540194516828,109.772888580575,8.25987249316156,618
R0619,INFEASIBLE,0,-1.91843593116812,0.907657651494099,85.7194851207331,10.867371002624,0.724491400174935,20,32,0,0,0,0,1.08946195034267,0.0343798032606231,0.13811609670461,-35.5406520560348,9.23849212371008,37.8579058069678,0.0146730324982285,0.189105301428117,4,0.208111712242882,85.7194851207331,10.867371002624,619
R0620,INFEASIBLE,0,-2.3956284828419,3.2770451000527,83.171047389348,12.6630867942641,0.844205786284272,20,32,0,0,0,0,1.24051545246551,0.0133394991840281,0.227129984923605,-69.2770589625626,6.48918303869334,29.8417542004983,0.120012908290554,0.0834413309378694,4,0.0896377964694198,83.171047389348,12.6630867942641,620
R0621,EASY,2,2.11678268653318,1.11408654555694,91.7918176125787,13.508240900805,0.900549393387003,20,16,1,1,1,1,1.31552207161783,0.0352754523968014,0.0956089792190616,-60.0822691595555,9.48193960034445,34.4122852450436,0.0121552953896446,0.0334909415404212,2,0.389110174103513,91.7918176125787,13.508240900805,621
R0622,FRAGILE,1,0,0.290423321571945,98.8248089405659,11.7454122089065,0.783027480593766,45,32,1,1,0,0.666666666666667,1.06102692303086,0.0181486061988373,0.0463118916676723,-36.583074272114,7.0607835234776,44.0497877013576,0.10634346131953,0.102346674022447,4,0.19972713495243,98.8248089405659,11.7454122089065,622
R0623,INFEASIBLE,0,-2.20167007238277,1.23581535055188,29.010860770585,14.0361353247834,0.935742354985558,20,32,0,0,0,0,1.95185142199807,0.0197926232824267,0.129967486742729,-53.1005246836987,10.993107904263,40.366514610215,0.136824978371698,0.0655471513717138,6,0.0755855523781978,29.010860770585,14.0361353247834,623
R0624,EASY,2,1.92768515826665,0.286909364556399,118.909584940913,9.51035861971462,0.634023907980975,20,8,1,1,1,1,1.16874108796088,0.0202673161200215,0.0494308248852348,-31.7651892333909,6.19348542300923,38.7677431470529,0.121322898455257,0.0721468056068471,2,0.271510195714172,118.909584940913,9.51035861971462,624
R0625,INFEASIBLE,0,-2.12045241380928,0.644954647419856,44.6268358322714,8.54638644798177,0.569759096532118,20,32,0,0,0,0,2.090796517784,0.0345474611110489,0.06451324482598,-60.4591720795675,10.1635226737732,47.3396636313196,0.0850861317364583,0.16584213613967,2,0.314427576089273,44.6268358322714,8.54638644798177,625
R0626,INFEASIBLE,0,-3.13862115163709,2.47635129175815,50.8063042764553,8.79006645044637,0.586004430029758,45,32,0,0,0,0,1.488973240341,0.0222134631567478,0.190003093504105,-57.7495111793744,13.9064515833957,25.4129346473481,0.125993523979487,0.24050916319114,2,0.412096260257015,50.8063042764553,8.79006645044637,626
R0627,EASY,2,1.97193958597459,0.996158621319038,63.7727757847097,14.5717846735953,0.971452311573023,20,8,1,1,1,1,1.92377477708466,0.0307535280498988,0.140365391122414,-42.0983177215476,7.2163596739884,45.5463862115872,0.00993918465104497,0.0158544417881157,5,0.188923621189869,63.7727757847097,14.5717846735953,627
R0628,INFEASIBLE,0,-2.15922544048609,1.94269039694369,64.5177620061409,14.779122118612,0.985274807907467,20,32,0,0,0,0,1.97201569183339,0.0383453572665835,0.173374289896972,-55.529533811057,9.46364348431325,31.7886156793562,0.0541863334619744,0.146197961273504,2,0.244270493877722,64.5177620061409,14.779122118612,628
R0629,INFEASIBLE,0,-2.34980596997753,1.31557117225748,22.2709014751168,8.12746170126244,0.541830780084163,20,32,0,0,0,0,1.25973174191113,0.028953825282739,0.203779084114591,-38.0268104483783,8.74482267659041,44.9088229147727,0.0971796661153779,0.143476502859624,1,0.237169778968342,22.2709014751168,8.12746170126244,629
R0630,INFEASIBLE,0,-1.9001074102392,0.719334723041721,104.010341688768,13.2029855101573,0.880199034010486,20,32,0,0,0,0,2.07754686274556,0.0308661034618784,0.0682071996821483,-61.0312110736623,13.5440596344495,43.3474668030089,0.104179043974923,0.207509545825175,2,0.203947911599512,104.010341688768,13.2029855101573,630
R0631,EASY,2,1.86422762391279,1.87996550891811,114.278274889804,12.6951258802181,0.846341725347873,20,16,1,1,1,1,1.66411223628542,0.0256678601802509,0.164709604572109,-60.9664242533095,11.4813770808085,36.9301346461131,0.0106104326220854,0.00161726901635828,2,0.288423865511239,114.278274889804,12.6951258802181,631
R0632,EASY,2,2.11059169057937,1.51560387544382,40.1049488028366,11.2760131364502,0.751734209096682,20,32,1,1,1,1,1.46391857795753,0.0251691721776578,0.177114671579472,-52.8974423208258,7.45631078704242,49.4616234164955,0.146587431529571,0.0445737676465539,5,0.30584014927064,40.1049488028366,11.2760131364502,632
R0633,FRAGILE,1,0,0.78123110888408,23.0444885254776,12.6777029170508,0.845180194470051,20,32,1,1,1,1,1.87664041486755,0.0165480757450744,0.0891866775171021,-39.6555777212651,10.7146965196671,26.5283862987015,0.0241891036064287,0.0749831807001217,2,0.166121199601178,23.0444885254776,12.6777029170508,633
R0634,INFEASIBLE,0,-2.68949842628379,1.97569342833706,24.1233332260774,14.1792848489946,0.945285656599637,20,8,0,0,0,0,1.8790818231586,0.0286473280488072,0.152695611387078,-67.5491573363118,13.0154888244218,35.2789156714563,0.0497630280468314,0.208082689455613,2,0.17553281255889,24.1233332260774,14.1792848489946,634
R0635,INFEASIBLE,0,-2.13908651890769,0.890378200277539,32.4691894650526,9.86212804924768,0.657475203283178,20,32,0,0,0,0,1.77086535987683,0.0168053134968584,0.0831854338895749,-58.548528763804,7.0713162732074,38.7292302662869,0.13264344558311,0.15364675362678,3,0.15614215487831,32.4691894650526,9.86212804924768,635
R0636,FRAGILE,1,0,0.300949064434902,105.430331490345,10.4360783470876,0.695738556472505,20,32,1,1,0,0.666666666666667,1.83086516988768,0.0297528460861344,0.0462257400402079,-32.735188587511,7.93980063771382,32.7244835745847,0.0892406356583634,0.148383748545226,5,0.243431616548054,105.430331490345,10.4360783470876,636
R0637,FRAGILE,1,0,0.866962843792373,33.550571905412,8.1419190810354,0.54279460540236,20,32,1,1,0,0.666666666666667,1.75133908725811,0.0242440544894544,0.0727632542365298,-55.757849907288,7.65687428486701,28.3463178286085,0.0138303975327476,0.0854933609475997,1,0.116426511383054,33.550571905412,8.1419190810354,637
R0638,EASY,2,2.34658093972285,0.836201692171032,71.0013891476422,8.59103584917844,0.572735723278563,20,32,1,1,1,1,1.01670158635839,0.030843860544993,0.150615611920653,-31.1201083049664,5.1318755408741,40.6688089541141,0.0967733647704343,0.0918915910653983,2,0.355233463386266,71.0013891476422,8.59103584917844,638
R0639,INFEASIBLE,0,-2.17983618753979,1.35135897680288,116.998127635155,10.8795301903047,0.725302012686979,20,32,0,0,0,0,0.935727802018203,0.0378165727121746,0.132174384601319,-48.7527478004786,12.7998229422968,29.4315196052419,0.105228550187988,0.100819441542614,4,0.301253675030883,116.998127635155,10.8795301903047,639
R0640,INFEASIBLE,0,-2.20769724463905,1.88890605576308,101.136776387772,13.1160686154177,0.874404574361182,20,32,0,0,0,0,1.76727292338333,0.0314070562917681,0.234077453303341,-47.0341725249059,12.4832606898812,43.9730735827314,0.0285983458421387,0.216708496983774,4,0.133805223824145,101.136776387772,13.1160686154177,640
R0641,FRAGILE,1,0,1.82001276533784,91.3904491458193,8.00484757844538,0.533656505229692,20,32,1,1,0,0.666666666666667,1.41852014648483,0.0304416469829543,0.139253586869083,-62.9405186762431,6.9382637262598,30.0182869548433,0.125175695136134,0.189328748530871,1,0.149692819654958,91.3904491458193,8.00484757844538,641
R0642,EASY,2,1.79345223942212,1.17770932842443,46.86172263924,9.58956535377338,0.639304356918226,20,32,1,1,1,1,1.00514771353892,0.0375950032353124,0.184039095682059,-35.3218162029335,8.52380967702324,39.4358640612787,0.102356211383244,0.0235798954537992,3,0.247354835107188,46.86172263924,9.58956535377338,642
R0643,EASY,2,1.44896090791937,1.2607024654042,74.6787672171595,11.1452512603794,0.743016750691957,20,32,1,1,1,1,1.71480857609964,0.016992212535494,0.122051114546985,-53.9713801233215,10.411086416463,35.3383851351655,0.0582513727350302,0.061151085176325,6,0.140531874703822,74.6787672171595,11.1452512603794,643
R0644,INFEASIBLE,0,-2.06160716864898,1.38618197071686,29.2037147612251,12.3544994307613,0.823633295384085,20,32,0,0,0,0,1.11601483481413,0.0253158049386029,0.202234051960235,-38.1673661071029,6.54728622164468,40.1341263561988,0.0591679892152773,0.231947105094205,2,0.239875979956324,29.2037147612251,12.3544994307613,644
R0645,EASY,2,1.98107299743264,2.27734644202503,41.5059138243405,8.58612309594636,0.572408206396424,20,32,1,1,1,1,1.23926574733405,0.037720669171061,0.239793467422986,-56.2163626606137,6.28957782850229,45.3527192178841,0.066585028176749,0.0353066180111458,4,0.426447514963294,41.5059138243405,8.58612309594636,645
R0646,INFEASIBLE,0,-1.86422762391279,2.06607167834531,104.70829081961,11.2297762236866,0.748651748245777,20,32,0,0,0,0,1.61706108085428,0.039902594895851,0.175986889442141,-63.959328516115,12.2817145283141,38.4183766370172,0.0486717798169149,0.103625145609911,2,0.306151427814996,104.70829081961,11.2297762236866,646
R0647,INFEASIBLE,0,-2.18588800085335,1.38261495559972,87.4085384215081,12.5650039111422,0.837666927409478,20,32,0,0,0,0,1.83555041185493,0.0121388656303783,0.177621813563682,-46.6778755767527,7.57236691994209,46.5450627962506,0.0522136294745896,0.194776641302143,4,0.426785847843258,87.4085384215081,12.5650039111422,647
R0648,INFEASIBLE,0,-2.28388290646727,0.738438389827366,24.8845204925384,10.6873547289472,0.712490315263146,20,32,0,0,0,0,1.04358008497948,0.0164949026219598,0.120010666415722,-35.7193687837131,9.60098767351039,43.6194384073999,0.14389405884394,0.12357333584784,2,0.387581883566555,24.8845204925384,10.6873547289472,648
R0649,EASY,2,2.24500676227096,0.927610351600089,78.2528669664196,10.727730839304,0.715182055953602,20,8,1,1,1,1,1.6851254923165,0.0261071024773683,0.0825327106925731,-49.8357395498936,8.70407699090784,25.4486188694728,0.00138278266256316,0.0294034664315847,4,0.0879613788323461,78.2528669664196,10.727730839304,649
R0650,EASY,2,2.24779805805564,2.24817289774432,52.264808831732,10.2598418195175,0.683989454634499,20,32,1,1,1,1,1.41249139573835,0.0312643970341057,0.238487410243701,-42.620693637563,13.1143919293329,26.4590278306785,0.0980067861121069,0.0310704455032864,1,0.132689967736333,52.264808831732,10.2598418195175,650
R0651,INFEASIBLE,0,-1.84069118386249,1.03288409067294,96.5719896528957,9.44967004045355,0.629978002696904,20,32,0,0,0,0,1.67027933951933,0.0251127749939306,0.0888917816335311,-59.5511555100995,9.58942272801767,33.9986590230435,0.0240540989753209,0.130767667563083,5,0.367976081860512,96.5719896528957,9.44967004045355,651
R0652,EASY,2,2.05671383958671,2.67614396375069,86.3907767315718,8.1828306549684,0.54552204366456,20,16,1,1,1,1,1.20735740292174,0.0152019280092586,0.221449901211883,-60.3284705237354,12.0850039611603,32.2580435201608,0.065226962832447,0.0409182332241313,4,0.191209024490435,86.3907767315718,8.1828306549684,652
R0653,FRAGILE,1,0,3.12090909334281,92.2881228669973,8.23179707273543,0.548786471515695,20,32,1,1,0,0.666666666666667,1.92708288695017,0.028626503183057,0.238111532034149,-60.7913994742205,9.2218736793121,27.8448101561215,0.0801225447606863,0.102727694434558,5,0.196858164997053,92.2881228669973,8.23179707273543,653
R0654,INFEASIBLE,0,-2.71172510748556,0.986505400665374,51.03626981314,13.4231297992251,0.894875319948337,20,32,0,0,0,0,1.20796607975308,0.0172771346188287,0.155569700508597,-38.6653310730607,13.8190933306729,48.123357563683,0.0963087064186706,0.243774108026731,1,0.0935709479126878,51.03626981314,13.4231297992251,654
R0655,INFEASIBLE,0,-2.09381901613662,1.76688185705813,81.2217709019904,14.6726002424262,0.978173349495081,20,32,0,0,0,0,1.79752288260635,0.0136054135435433,0.208177334823741,-46.3698375879648,13.8337357970435,38.6353074383373,0.0677418680338383,0.177119958641562,4,0.216464936391744,81.2217709019904,14.6726002424262,655
R0656,INFEASIBLE,0,-2.10458191582875,0.51537414283764,30.2822113463304,11.6920369457335,0.779469129715565,20,32,0,0,0,0,1.75454540071011,0.0266373596351132,0.0700813650548738,-40.1494554697588,11.2733734461469,38.5816262923606,0.0952774401867246,0.199619663035285,3,0.0898332849564017,30.2822113463304,11.6920369457335,656
R0657,INFEASIBLE,0,-1.61886443340014,0.368244745109827,97.324900459955,12.5000622751345,0.833337485008964,20,32,0,1,0,0.333333333333333,1.54755290444501,0.0164064258794284,0.0505994858357505,-35.3407154555427,5.46490188371858,30.5232745509968,0.0875610693157865,0.14923538451889,5,0.341882102410632,97.324900459955,12.5000622751345,657
R0658,INFEASIBLE,0,-2.64040453878515,2.95610519921817,53.1132747324463,12.7695251064268,0.851301673761789,20,8,0,0,0,0,1.63597960160786,0.0346123295416991,0.229536828485674,-68.4859977487774,10.7303547916379,36.6041152738143,0.0832786596486166,0.195288829376448,6,0.42575069089932,53.1132747324463,12.7695251064268,658
R0659,INFEASIBLE,0,-2.00431309881924,0.642266694990635,57.2225981410236,8.15541080097681,0.543694053398454,20,32,0,1,1,0.666666666666667,1.99493039821575,0.0243704672035271,0.073423225283243,-40.7990388938644,10.9690966992337,28.157710136368,0.0449289598839067,0.100651301662934,6,0.171891441090586,57.2225981410236,8.15541080097681,659
R0660,INFEASIBLE,0,-2.24783768451272,0.967017831075322,33.5234786730875,8.83161863988197,0.588774575992131,20,32,0,0,0,0,1.35851455425936,0.0222920257322797,0.120360181046574,-39.7148561795323,7.5343186471574,31.62744037423,0.0870371508786563,0.145583179762188,2,0.237403140550573,33.5234786730875,8.83161863988197,660
R0661,INFEASIBLE,0,-2.5417040267005,1.21186155148736,69.9800718195136,8.33869609098811,0.55591307273254,20,32,0,0,0,0,1.75683637021139,0.0366951372503934,0.212109671885982,-35.0989507580809,10.7943041776498,48.8499985806575,0.0425665021956223,0.206874547891677,5,0.421437972308222,69.9800718195136,8.33869609098811,661
R0662,EASY,2,1.88840047767248,1.76324601905909,71.5051733532238,12.4538456309507,0.830256375396716,20,8,1,1,1,1,1.74185116470855,0.0233799254436768,0.154590256079354,-61.5142391696674,7.6044120921783,37.6487949496059,0.0364459201317103,0.0231216081896159,3,0.411143196903168,71.5051733532238,12.4538456309507,662
R0663,FRAGILE,1,0,1.22713703033317,28.9123133634161,11.7095063398509,0.780633755990061,20,32,1,1,0,0.666666666666667,1.11832505240391,0.0144483305268204,0.143488874289905,-47.0096442616666,12.4793511089541,39.1098022576149,0.0790367717206214,0.0523766336929993,4,0.433404369503335,28.9123133634161,11.7095063398509,663
R0664,INFEASIBLE,0,-1.75413605834134,0.471846576175797,53.2661084187855,14.3232496254057,0.954883308360378,20,32,0,0,0,0,1.02523617282356,0.0357499182440364,0.0425577769769495,-52.5013341026801,9.31449296090721,29.0240683608801,0.111617726387963,0.121131972257589,1,0.226088383325169,53.2661084187855,14.3232496254057,664
R0665,INFEASIBLE,0,-2.04333542950895,1.32971064226024,51.4581171943723,14.0944870035175,0.939632466901168,20,32,0,0,0,0,1.03122752722339,0.03386169978419,0.229730976633175,-30.432412288215,6.95812909214379,35.7815330212967,0.035740517546505,0.0936614586356583,5,0.333462750591077,51.4581171943723,14.0944870035175,665
R0666,INFEASIBLE,0,-1.70490221349736,1.25378466009127,77.3923298684763,12.8344468077849,0.855629787185657,20,32,0,0,0,0,1.45331109241771,0.029866473481414,0.157807332592764,-43.5953135543377,8.50848108710275,38.9717064330638,0.077018381307802,0.128601275450194,2,0.386837071392895,77.3923298684763,12.8344468077849,666
R0667,EASY,2,2.06205715246809,0.529527570880101,52.3292076206381,14.1366075817334,0.942440505448894,20,32,1,1,1,1,1.84365858061181,0.0132009091487742,0.0781570867216675,-31.8236587458212,8.42539924006292,28.5575631216762,0.0567629010917262,0.0398507921712677,5,0.097719056493677,52.3292076206381,14.1366075817334,667
R0668,EASY,2,2.03292363478332,1.36309138541553,115.014212504513,9.97755026500843,0.665170017667229,20,8,1,1,1,1,1.65903629083744,0.0305432424678107,0.179233364563911,-44.9722266075972,13.2122431436038,45.2624341910642,0.136488719782327,0.0304998037650701,3,0.104879757932314,115.014212504513,9.97755026500843,668
R0669,INFEASIBLE,0,-1.82094129530673,1.77509277391402,73.2859149823419,10.7848604439388,0.718990696262586,20,32,0,0,0,0,1.03587273750904,0.0268339837233895,0.1486871107849,-64.2419803393144,12.4745771742165,37.4803579871089,0.041681581542662,0.121686162515722,5,0.124018883087815,73.2859149823419,10.7848604439388,669
R0670,INFEASIBLE,0,-2.61495971923383,1.48364910390431,115.772605562183,11.1109031963927,0.740726879759513,20,32,0,0,0,0,0.99306135583198,0.015843589060221,0.136361509177848,-56.9957197727395,11.7646125017135,35.519516315987,0.122684313479526,0.21707094742896,2,0.374602056175335,115.772605562183,11.1109031963927,670
R0671,INFEASIBLE,0,-2.28010156184702,1.42058452817544,106.797867443053,14.9775561501867,0.998503743345783,20,32,0,0,0,0,1.5963153030278,0.0352490337622707,0.133368440246343,-55.5810896223829,12.2275660111873,35.2441834827572,0.044703748416664,0.116561419671578,4,0.362500098471006,106.797867443053,14.9775561501867,671
R0672,INFEASIBLE,0,-2.09043755730137,1.61161618087272,117.957882771263,11.3335793955256,0.75557195970171,20,32,0,0,0,0,1.52386943808122,0.0141957997863121,0.224304803904051,-40.5499656602346,7.47928012258525,41.228378093324,0.0849569617745549,0.165759899726562,6,0.240788976355082,117.957882771263,11.3335793955256,672
R0673,INFEASIBLE,0,-1.84003572788663,0.790530439173984,109.080974142302,10.4185137090842,0.694567580605613,20,32,0,0,0,0,2.0967351211137,0.0331564180326404,0.101520598016736,-42.9003585797351,10.6723753987197,39.2874953151976,0.101759008507934,0.137102368256638,3,0.359409679857963,109.080974142302,10.4185137090842,673
R0674,FRAGILE,1,0,1.17643105734198,96.2878591900896,13.1207601022162,0.874717340147746,20,16,1,0,0,0.333333333333333,2.06620810237465,0.036090480790571,0.0994094285324103,-52.2824873451384,5.70529540647323,25.2636462235255,0.113047020683307,0.079540318924964,2,0.168629347848137,96.2878591900896,13.1207601022162,674
R0675,INFEASIBLE,0,-2.56191218402982,2.64818574541692,80.7009756830495,11.0414833867853,0.736098892452352,20,32,0,1,1,0.666666666666667,1.95366406251065,0.0342455170255616,0.183934925410515,-64.5904069179991,9.89951905444144,26.051270737372,0.144875324925146,0.106043152069462,2,0.10795337723659,80.7009756830495,11.0414833867853,675
R0676,EASY,2,1.79794180086985,1.95286388072722,73.2288077069162,11.4310608562306,0.762070723748704,20,32,1,1,1,1,0.972913254551016,0.0204295560905926,0.231030021200207,-39.9586967642428,11.696544273856,28.925233797224,0.0722458142185651,0.0176887982488473,2,0.353681247504483,73.2288077069162,11.4310608562306,676
R0677,INFEASIBLE,0,-2.87176010937948,0.810900355216694,40.6902363405884,12.6355866340357,0.842372442269045,20,32,0,0,0,0,1.27911217012229,0.0362100672643601,0.0585635600165638,-61.08028136316,7.45380290909343,25.1874018973098,0.127822252074971,0.233722236484687,1,0.0751128104749396,40.6902363405884,12.6355866340357,677
R0678,INFEASIBLE,0,-2.37180728796465,1.56703831012596,60.7325705547909,11.1199817110613,0.741332114070754,20,32,0,0,0,0,1.73616882444311,0.0255559912378014,0.197405107216703,-48.1838162933184,12.9250287719113,47.6893372176907,0.0789201775032047,0.118509464529822,1,0.323426673527485,60.7325705547909,11.1199817110613,678
R0679,INFEASIBLE,0,-1.91759647984115,1.37064474707884,79.2556546765033,12.2035957558657,0.813573050391045,20,32,0,0,0,0,2.02868849181911,0.0332951034725923,0.135113823658765,-58.2161171624741,9.66922896903737,42.6282580328989,0.0015947842292865,0.0775264208279123,1,0.354095012164046,79.2556546765033,12.2035957558657,679
R0680,INFEASIBLE,0,-1.90855691940351,1.10593045205962,64.8850494840632,12.8469405307575,0.856462702050499,20,32,0,0,0,0,1.58383902636158,0.0169319236368572,0.108895814230397,-45.9087070092189,8.19951952818218,26.4495458549205,0.145747730832765,0.202806247352361,5,0.396268601383437,64.8850494840632,12.8469405307575,680
R0681,INFEASIBLE,0,-2.34919938524527,1.03695898466327,20.0659812821816,9.25925489968688,0.617283659979125,20,8,0,0,0,0,1.59747301930296,0.0160163709875096,0.112106117661788,-53.8766042790147,13.0028318065488,43.9134194016276,0.0735355928945015,0.218803047956211,3,0.269518656578748,20.0659812821816,9.25925489968688,681
R0682,INFEASIBLE,0,-1.79347999562613,1.05218980729525,96.365992371283,13.2394834454648,0.882632229697651,20,32,0,0,0,0,1.73419832792709,0.0332188866336335,0.157578533416257,-35.9745913739328,10.9085110553364,37.5715423636728,0.126281007037024,0.0975301300065285,4,0.147847425559026,96.365992371283,13.2394834454648,682
R0683,INFEASIBLE,0,-2.24479472038505,0.324606111728068,94.1782450502498,11.4445023540316,0.762966823602108,20,32,0,0,0,0,2.07061272114004,0.026330011833277,0.0599526935616221,-31.314881652229,13.708307350571,43.2979087957104,0.110766068285602,0.167421906845188,5,0.353556331796829,94.1782450502498,11.4445023540316,683
R0684,INFEASIBLE,0,-2.15523654399712,0.673146352842134,102.452747282984,8.7562730121957,0.58375153414638,20,32,0,0,0,0,1.03839431643683,0.030654766832085,0.109916020859461,-37.514716113323,10.1043984306035,48.569953449096,0.0549270289234103,0.239696626661123,3,0.250664863612695,102.452747282984,8.7562730121957,684
R0685,INFEASIBLE,0,-2.138095208505,1.05421535387434,84.5029017525323,9.09212684293559,0.606141789529039,20,32,0,0,0,0,1.48309649445814,0.0163643016456313,0.075194098117124,-62.7977565990175,9.93759644940401,25.969192802966,0.0586691431427647,0.179521686615175,3,0.171953837222675,84.5029017525323,9.09212684293559,685
R0686,INFEASIBLE,0,-1.73031265813158,0.523287649705057,102.386356000101,11.0946296120822,0.73964197413881,20,32,0,0,0,0,1.06765110847335,0.0287094783774691,0.0642136487059966,-38.0642605705307,10.8131562147289,28.2403372120199,0.0393955978631728,0.175333594215283,3,0.251923196759551,102.386356000101,11.0946296120822,686
R0687,INFEASIBLE,0,-2.03124720825991,0.788023973964849,108.198457724052,10.2802317336983,0.685348782246553,20,32,0,0,0,0,1.94046688333938,0.0394744243017789,0.100307684167706,-36.5067794451216,7.11974203608339,27.9510385064094,0.0814854804407983,0.172657768813252,2,0.251153959612213,108.198457724052,10.2802317336983,687
R0688,FRAGILE,1,0,0.782062238972833,42.6883866214615,9.17778397343753,0.611852264895835,20,32,1,0,0,0.333333333333333,1.303907597274,0.0216131954027107,0.0549195913965767,-63.2840428938319,7.98385345921579,25.5635845213215,0.0104436448507612,0.139096480411242,2,0.330863423911999,42.6883866214615,9.17778397343753,688
R0689,EASY,2,1.7944807773497,1.28564928977599,69.1343366553177,12.3357685440176,0.822384569601174,20,32,1,1,1,1,1.2805293133941,0.0271106651552069,0.193022766607094,-37.6837851098868,6.00584151702816,41.4326239206946,0.070967598643378,0.0474460493831574,1,0.336231692645847,69.1343366553177,12.3357685440176,689
R0690,EASY,2,1.99236485932736,1.62858458115083,21.0298548254496,14.6448309281597,0.976322061877315,20,32,1,1,1,1,1.20498996758687,0.0311601087135467,0.201875273048321,-40.26594172486,11.2576555700204,32.246508274025,0.0413770688270421,0.0233975412697587,2,0.0539598321203479,21.0298548254496,14.6448309281597,690
R0691,INFEASIBLE,0,-2.11141648784038,2.22095069019599,99.1091893407886,10.785918513814,0.719061234254264,20,32,0,0,0,0,1.08717858577647,0.0394485200493,0.230684137167776,-51.4550143824182,10.9157345812672,36.9721235222866,6.06200352901997e-05,0.162050137495593,6,0.340576705754963,99.1091893407886,10.785918513814,691
R0692,EASY,2,1.74594359463863,1.95280404114023,108.32697729297,11.2555114119246,0.750367427461643,20,32,1,1,1,1,1.58133339457332,0.0106427827155797,0.18814822934324,-49.0064581625749,10.8026555621432,28.8569834090873,0.0210123567861572,0.0559141903132132,5,0.0569644674764768,108.32697729297,11.2555114119246,692
R0693,INFEASIBLE,0,-2.10662036882961,1.36566336428554,37.2605350109244,12.5237899039677,0.834919326931179,20,32,0,0,0,0,1.8829011872909,0.0369079800009494,0.21455771700862,-36.0577835550074,5.15334162471125,41.539414684922,0.0520748229551385,0.203790431001408,4,0.337078681510298,37.2605350109244,12.5237899039677,693
R0694,EASY,2,2.23055252916311,1.43920333516648,105.193439774294,14.0751966498479,0.938346443323193,20,32,1,1,1,1,1.63743061360051,0.0194279569079677,0.176594213665018,-43.1606572494501,5.90679865791243,36.3032980356065,0.0241610757000288,0.0931486142784549,1,0.095389087298238,105.193439774294,14.0751966498479,694
R0695,EASY,2,2.36817759112697,0.650302708049495,89.9356156444118,12.9564020081902,0.863760133879347,20,16,1,1,1,1,1.64127678882698,0.0267452446356813,0.0544559995488221,-66.1344876871787,9.121817574967,39.6988281506602,0.131343184594152,0.051511328803019,5,0.250844240948704,89.9356156444118,12.9564020081902,695
R0696,INFEASIBLE,0,-2.79444625006308,2.16115043004888,51.2998660734015,9.8691659665207,0.657944397768047,20,32,0,0,0,0,1.62902767100522,0.0152869687147376,0.22220043572541,-44.6161507784871,10.9484999016131,27.2373826796746,0.0732700479455042,0.244229613609626,1,0.427231586363336,51.2998660734015,9.8691659665207,696
R0697,EASY,2,1.97584961138319,0.679113968707313,114.710340380941,8.72238406710331,0.581492271140221,20,8,1,1,1,1,1.35119585711208,0.0268888893794638,0.0715817679472319,-58.4479378535337,5.99104193544459,49.1268883443501,0.0432545721591237,0.0625545309331392,3,0.124996697021002,114.710340380941,8.72238406710331,697
R0698,INFEASIBLE,0,-1.55527582530115,2.23259740197737,46.9632563097747,11.5590238243797,0.770601588291979,20,32,0,0,0,0,1.93855645420915,0.0221709601631108,0.210892860507264,-54.2191193123937,7.91671148725573,33.9523000372052,0.0303301083440891,0.0878079012876623,6,0.115370348528943,46.9632563097747,11.5590238243797,698
R0699,FRAGILE,1,0,2.30740460908268,60.4122855670411,13.5865134703066,0.905767564687105,20,16,1,0,0,0.333333333333333,1.86271468438528,0.0385377996058947,0.229181733891335,-56.422768958658,5.41203425473769,40.6520674892715,0.107537059778715,0.121800490599993,4,0.330254290747397,60.4122855670411,13.5865134703066,699
R0700,INFEASIBLE,0,-2.46439705818411,0.438414308084668,106.807304688465,13.1428069224271,0.876187128161807,20,32,0,0,0,0,1.77795440285075,0.0107951460261557,0.0760868818842731,-33.6653812433334,9.45020409248608,44.1853770859606,0.0543066400742755,0.129195341010234,2,0.0839774076407273,106.807304688465,13.1428069224271,700
R0701,INFEASIBLE,0,-2.52771886389317,0.435915720782783,57.625138781904,10.1464904332147,0.676432695547644,20,32,0,0,0,0,1.12037292728523,0.0142510465090876,0.0662114262948195,-40.688171765364,11.0925002430256,49.4377313255915,0.0438910058152129,0.220932376325903,5,0.150344121477271,57.625138781904,10.1464904332147,701
R0702,EASY,2,2.12668566727551,0.517090198479758,47.0667220114082,10.4672015565191,0.697813437101275,20,16,1,1,1,1,0.985516590533724,0.0197436885480152,0.0536278342829909,-56.5212453623966,6.88440215691756,44.4767154467675,0.0532854981979927,0.0205306018295271,3,0.291537947558466,47.0667220114082,10.4672015565191,702
R0703,EASY,2,1.35665341024967,0.878371775515533,49.1203033913027,12.0079017622911,0.800526784152742,20,16,1,1,1,1,1.7464855009157,0.0274960627806373,0.0882970680073897,-52.5780148187908,5.28867324089788,36.1580954422347,0.111219252341586,0.124698311334695,5,0.254153280699567,49.1203033913027,12.0079017622911,703
R0704,INFEASIBLE,0,-2.20291101965376,0.716270703583168,46.550382901943,9.43470683822011,0.62898045588134,20,32,0,0,0,0,1.50091424657462,0.0380580578697407,0.0752878520518759,-54.6163711263937,6.60117799594621,42.6581951145269,0.108641661265303,0.229648502578816,2,0.265955285028719,46.550382901943,9.43470683822011,704
R0705,EASY,2,1.59279846760745,1.69788801989549,84.8135354789293,13.7521066209836,0.916807108065574,20,32,1,1,1,1,1.43113744287093,0.0370208154178003,0.151693531911935,-60.2549397393394,10.2339204516682,37.5113512182923,0.00538347908402306,0.0410554521298957,5,0.236487966618585,84.8135354789293,13.7521066209836,705
R0706,EASY,2,1.87968038126647,1.4598110707091,76.8994082760495,10.3642793551935,0.690951957012902,20,32,1,1,1,1,1.51598144499926,0.0100185249002532,0.100855961615817,-66.1607646058638,11.4965124401721,27.0440812268886,0.0145684112331145,0.0273217400266164,3,0.0991659368384935,76.8994082760495,10.3642793551935,706
R0707,INFEASIBLE,0,-2.34435307992141,1.40922459165919,71.9771288585281,11.7389494220754,0.782596628138361,20,32,0,0,0,0,1.36897517654382,0.0379594960833632,0.199287932105301,-39.3375779726782,13.4432494928425,40.0569765011827,0.0954394186943966,0.194813433310101,5,0.377032364082008,71.9771288585281,11.7389494220754,707
R0708,EASY,2,2.02570904252015,1.73590568034566,60.9766738018658,10.581199899786,0.705413326652399,20,8,1,1,1,1,1.26917239056278,0.0160845874280892,0.223628768995608,-44.4934422177393,5.34952232886536,42.526189191267,0.086406159781026,0.0434603414437236,3,0.12364283123582,60.9766738018658,10.581199899786,708
R0709,INFEASIBLE,0,-1.83619516029752,0.969361406903945,81.0315899010635,10.4082427849826,0.693882852332174,20,32,0,1,0,0.333333333333333,1.62705000666874,0.0315364340421605,0.0985152550763641,-58.9618908616035,7.51270655387355,46.4771708725267,0.0317282807206987,0.157627242628921,5,0.244756703254361,81.0315899010635,10.4082427849826,709
R0710,INFEASIBLE,0,-2.30502628840316,1.4265806686572,47.4130427396391,13.4874129026097,0.89916086017398,20,32,0,0,0,0,1.31277234197056,0.0169619529533363,0.105065388241277,-67.4408125279267,13.5907326243429,31.9325510502827,0.126871209997515,0.155244639149617,2,0.414729018764221,47.4130427396391,13.4874129026097,710
R0711,EASY,2,2.04689932734585,1.79871369720375,105.567239416076,12.1222647302735,0.808150982018231,20,16,1,1,1,1,2.0494825768486,0.0361843628511996,0.206950745663774,-50.1854695399426,13.5946419943194,43.1546151679683,0.0521442499562575,0.046076051054805,5,0.207776615456254,105.567239416076,12.1222647302735,711
R0712,INFEASIBLE,0,-1.91826576552018,1.75492200851036,97.6647118584159,11.4145424137345,0.760969494248968,20,32,0,1,0,0.333333333333333,1.71666984771907,0.022857427501547,0.218091263767328,-42.2659739288363,10.6536835360048,35.7111647977177,0.0331926864235247,0.0903113608681977,2,0.448037720054844,97.6647118584159,11.4145424137345,712
R0713,EASY,2,1.70720645008369,0.806417031577416,47.0949512611167,12.4709176415506,0.831394509436708,20,32,1,1,1,1,1.40691543953722,0.0147098454380378,0.0804790810511138,-58.4944550988506,10.1250455309612,44.1100338361606,0.0966420572871783,0.0751003579516462,1,0.135711954624475,47.0949512611167,12.4709176415506,713
R0714,EASY,2,2.19469901833183,1.47166903831963,45.0766717709486,8.84551544556434,0.589701029704289,20,16,1,1,1,1,0.961995774558684,0.0126028526801422,0.153991160052502,-57.1056268498358,7.3792530987014,46.2157961050109,0.078042310549556,0.00295068849720034,5,0.264159488183602,45.0766717709486,8.84551544556434,714
R0715,EASY,2,1.72504983996281,1.01596119658524,38.581374889482,13.2986422490156,0.886576149934376,20,32,1,1,1,1,1.37484642287207,0.0132361902139802,0.141612492672229,-34.1707013603746,8.16261775818823,29.364190687528,0.0637676446421194,0.0228427238313417,3,0.438380996688399,38.581374889482,13.2986422490156,715
R0716,INFEASIBLE,0,-1.70720645008369,0.382932046516613,51.9214663916118,11.3617624728429,0.757450831522863,20,32,0,1,0,0.333333333333333,1.40165099334013,0.0294204450297409,0.0414461714630187,-55.0228182828242,11.7555722095474,45.9063150457673,0.0845589399719997,0.0685732186959301,2,0.148774699184414,51.9214663916118,11.3617624728429,716
R0717,EASY,2,2.24626594371454,1.11605929849499,95.2541543696611,11.0277615365221,0.735184102434808,20,8,1,1,1,1,1.42797636508245,0.0110409276134806,0.118453145215818,-43.4933696548118,12.9773031055918,27.5820233818232,0.0102672550212969,0.0010504510613472,5,0.197676525384754,95.2541543696611,11.0277615365221,717
R0718,INFEASIBLE,0,-2.19718207065149,0.330756779150386,49.6664718243725,11.4645383453156,0.76430255635437,20,32,0,0,0,0,1.21718696742822,0.0207800857877842,0.0435470060439061,-38.4531872086899,8.7895362049066,33.1760851158777,0.00905031213870049,0.132296315861056,4,0.351777947424674,49.6664718243725,11.4645383453156,718
R0719,INFEASIBLE,0,-2.30594735871923,2.64594716691549,116.665634736501,9.11041450241366,0.607360966827577,20,32,0,1,1,0.666666666666667,1.82449021418938,0.0205865852145666,0.210786959993638,-56.1268812862807,13.7348930772121,25.8778579097856,0.0367113947938916,0.0728164935259017,5,0.303533312546827,116.665634736501,9.11041450241366,719
R0720,FRAGILE,1,0,1.65792015995512,111.285083423824,12.9324744583487,0.862164963889913,20,32,1,1,0,0.666666666666667,1.85871209830198,0.0122348127179436,0.197518004904971,-46.558750241567,10.7716487409636,39.8244824844514,0.00961988320160693,0.12277517422008,1,0.355517828783324,111.285083423824,12.9324744583487,720
R0721,INFEASIBLE,0,-2.03215727603898,0.490093573499583,92.9233362582231,14.9995925421457,0.999972836143046,20,32,0,0,0,0,1.24889310933094,0.0378642551742892,0.0452536493357131,-58.0726617748878,13.755144401343,37.2180847997681,0.132946428747079,0.11935356341804,2,0.235840092101274,92.9233362582231,14.9995925421457,721
R0722,INFEASIBLE,0,-1.80234981475229,3.11675217501169,38.6725623589414,10.074321176284,0.671621411752266,20,32,0,0,0,0,1.43358356496591,0.0269250384996984,0.233727352517698,-60.4831307928472,13.7812242135257,26.6283600850763,0.0196639987268215,0.061455139208095,5,0.305439875302136,38.6725623589414,10.074321176284,722
R0723,EASY,2,2.36205198393094,0.401289350777181,75.131348449147,10.6539688330373,0.710264588869156,20,8,1,1,1,1,1.73577516266158,0.0362327167484099,0.0488934703452102,-37.666585328218,12.7744730240228,27.2621634024133,0.032942727685724,0.011768425577724,5,0.206078992087434,75.131348449147,10.6539688330373,723
R0724,EASY,2,1.58304201062998,0.976098275108495,108.715777166767,8.06004839746206,0.537336559830804,20,8,1,1,1,1,1.0340138686862,0.0213110998965676,0.0930185947268875,-52.1078793112448,7.54203255408693,31.9168933128302,0.0511408138931337,0.0597273235943827,3,0.0531311547031053,108.715777166767,8.06004839746206,724
R0725,EASY,2,2.02767767001281,0.406041065416051,104.542761007282,9.28164714976599,0.618776476651066,20,8,1,1,1,1,0.954462658101332,0.0325220109628892,0.0416187319823619,-44.6109601457545,8.6609479794783,27.0633945610795,0.091727719387723,0.0193443379707899,2,0.206367070909509,104.542761007282,9.28164714976599,725
R0726,INFEASIBLE,0,-2.12106137912443,2.06839375676129,98.9664812136266,10.25351737315,0.683567824876663,20,32,0,0,0,0,1.60303860983076,0.0184063040876631,0.178500343450649,-67.5584205170578,13.9675919009556,43.9979060090907,0.075904552042578,0.161637906698388,3,0.406044529388616,98.9664812136266,10.25351737315,726
R0727,INFEASIBLE,0,-1.50923527641396,2.39945602140181,37.4241736516109,14.4219816203248,0.961465441354983,45,16,0,0,0,0,1.78882451776422,0.0385497813735891,0.232706314663448,-60.8362937776229,6.72100900550348,45.0585904737659,0.107484693108914,0.170036810371574,3,0.240464637473773,37.4241736516109,14.4219816203248,727
R0728,INFEASIBLE,0,-1.9211634927919,1.33431983387712,115.663239111523,13.3748346209147,0.891655641394312,20,32,0,0,0,0,1.65734696013639,0.0150247171589195,0.102424725525232,-64.8515759224739,6.07161696540766,32.0768829739544,0.064880940664983,0.148467743209121,2,0.428786730598945,115.663239111523,13.3748346209147,728
R0729,FRAGILE,1,0,1.63840808246615,95.1219098690593,10.6346446199057,0.708976307993715,20,32,1,0,1,0.666666666666667,1.06869128689442,0.0368717258009491,0.213380334515215,-46.6637394675776,10.0581583825019,47.8062913880641,0.0778023361147847,0.118294727325015,5,0.284696617580289,95.1219098690593,10.6346446199057,729
R0730,EASY,2,2.65572302649243,2.06002588234785,44.9844983140947,9.89430985224205,0.659620656816137,20,16,1,1,1,1,1.88187623172918,0.0146545434952367,0.143048290403193,-63.9041866352213,7.78399093107559,25.4882471730423,0.11507665758076,0.0178017463948268,1,0.144274185998994,44.9844983140947,9.89430985224205,730
R0731,INFEASIBLE,0,-2.00783731204288,1.74775208287093,76.662436187853,12.0209194208868,0.801394628059117,20,32,0,0,0,0,0.942754900047412,0.0151632740410799,0.197049028095382,-52.7648362451958,6.8678797735864,45.8078052103996,0.107653988714697,0.199022834608001,5,0.138657796763877,76.662436187853,12.0209194208868,731
R0732,EASY,2,2.23532863850173,1.25893453621816,100.175310486916,12.5771456445089,0.838476376300591,20,32,1,1,1,1,1.28467507455553,0.0389438922456421,0.0905456595500885,-68.2725236079021,5.9056501912947,31.2091720545533,0.037546371123978,0.107562013586063,2,0.184873337482588,100.175310486916,12.5771456445089,732
R0733,INFEASIBLE,0,-2.34893015755002,1.76289935424772,86.1525795462781,10.0961585978755,0.67307723985837,20,32,0,0,0,0,1.79429983699438,0.0109693484933594,0.143823117668347,-65.7486694331348,13.0348984341622,37.2423994555693,0.000891898306865343,0.163303835444619,3,0.266227317384606,86.1525795462781,10.0961585978755,733
R0734,EASY,2,1.86068818730616,1.17964077634941,45.9271274597647,10.717897902584,0.714526526838936,20,32,1,1,1,1,1.29652413548156,0.0352588520701108,0.172502797644709,-39.4641699518402,6.20004504371043,43.1082145486632,0.00483464599220473,0.0656908788242585,5,0.239274771362507,45.9271274597647,10.717897902584,734
R0735,EASY,2,1.80234981475229,2.6856537479474,54.0360291372943,10.0941396102328,0.672942640682188,20,32,1,1,1,1,0.967960906157049,0.0366270864378556,0.221640441180347,-54.7083699893254,11.5995055208625,26.3855942698202,0.0334334773844634,0.0252644391875919,5,0.347736707881873,54.0360291372943,10.0941396102328,735
R0736,EASY,2,1.95606254959781,1.45024076231386,40.7047709550945,11.0867624188523,0.739117494590155,20,32,1,1,1,1,1.54535487399441,0.0351452569607051,0.233216092120121,-37.3303405523209,8.03437755018067,46.6468232709335,0.0101370033871377,0.0725143337936383,2,0.082051242199413,40.7047709550945,11.0867624188523,736
R0737,FRAGILE,1,0,1.19178633239468,103.847196475732,10.9794503254944,0.731963355032963,20,32,1,1,0,0.666666666666667,1.63285419833504,0.0112634022954914,0.13911648758754,-48.9663039620856,10.9292013393082,42.2879285921661,0.0345484458002183,0.0852609471994024,6,0.12014860650994,103.847196475732,10.9794503254944,737
R0738,EASY,2,2.37511985749958,2.68236859935602,84.2973833768377,9.90489546337255,0.660326364224837,20,8,1,1,1,1,1.54400183204657,0.0148106418958187,0.229371956152564,-62.9660192619849,13.9303154190114,37.5247283283893,0.0175510371844561,0.0230493400019165,1,0.052747898264473,84.2973833768377,9.90489546337255,738
R0739,EASY,2,2.60067059695643,0.88781980096326,56.4272386368644,9.66570200030976,0.644380133353984,20,16,1,1,1,1,1.71244336132477,0.0349979263183847,0.080729423276508,-67.5836845598098,5.03958661167351,48.8831443508959,0.00518599315002377,0.00978691918291075,1,0.181868962294738,56.4272386368644,9.66570200030976,739
R0740,EASY,2,2.32172981080429,0.739100251453516,20.3610993177639,13.7372219451908,0.915814796346052,20,32,1,1,1,1,1.78352555742249,0.0341857192477505,0.0876874169522904,-50.6299482175766,5.36345913816645,46.7029353561094,0.0362552354472057,0.0501023865881377,3,0.118972910073128,20.3610993177639,13.7372219451908,740
R0741,INFEASIBLE,0,-2.29194199488295,2.7668073864941,39.1008786732345,13.0081455149907,0.867209700999383,20,16,0,0,0,0,1.21634290574996,0.0143343441315247,0.203197421705981,-66.660370894141,12.9432077786166,31.0223963176603,0.0226746998141095,0.0621522390335846,2,0.435656247686591,39.1008786732345,13.0081455149907,741
R0742,EASY,2,2.18399986777998,0.89092935678472,107.772379150275,14.7105068907261,0.980700459381743,20,32,1,1,1,1,0.928805875379773,0.0174051369551952,0.0910785804939901,-48.4245157815005,6.52259542332504,31.7203447007563,0.110978828294928,0.0380367566579051,2,0.216060786314929,107.772379150275,14.7105068907261,742
R0743,EASY,2,2.17385259772991,1.22842344499307,66.9277517156517,9.26841031808191,0.61789402120546,20,32,1,1,1,1,1.24372332799344,0.0280862492609918,0.115238911124831,-62.4188058626849,5.8853543710474,44.3807224776619,0.0958674886913794,0.00616655077238928,5,0.446385139411338,66.9277517156517,9.26841031808191,743
R0744,EASY,2,2.09610454290785,2.91496463900181,28.2497381725172,10.7779721224098,0.718531474827317,20,32,1,1,1,1,1.09850122394117,0.0302268093988147,0.224830165860724,-66.6366610382073,13.8840280714653,34.1924635635069,0.0846327232417173,0.00831363329013469,6,0.337273163901304,28.2497381725172,10.7779721224098,744
R0745,INFEASIBLE,0,-2.02118725320409,1.78617857894455,41.0093513591022,11.4367496747488,0.762449978316584,20,32,0,0,0,0,1.55950560094336,0.0354478416758332,0.152525868938274,-58.2272133470689,8.29544539452098,32.0000481209759,0.0248260809757175,0.0677469228462555,5,0.370754571783356,41.0093513591022,11.4367496747488,745
R0746,INFEASIBLE,0,-1.98204968319469,0.847792510206403,102.252286200593,8.37176301402306,0.558117534268204,20,32,0,1,0,0.333333333333333,1.82370308054971,0.0231848225989389,0.139318536528839,-36.8814342254416,12.4939052269278,47.5461784776947,0.112179966065453,0.113253955915962,3,0.131478569710704,102.252286200593,8.37176301402306,746
R0747,INFEASIBLE,0,-2.07676361079791,1.52448032257914,103.005316997936,14.231808718639,0.948787247909264,20,32,0,0,0,0,1.75564528292818,0.0108288455570312,0.192089084647943,-40.4503029974552,7.71234684796703,33.6253368176246,0.144503780150573,0.125963479071703,3,0.300411120163874,103.005316997936,14.231808718639,747
R0748,EASY,2,1.8632274624811,2.14420025583074,103.910977633952,14.5912517457616,0.972750116384109,20,32,1,1,1,1,1.44419887338665,0.0320289246779451,0.176867757588441,-55.4561842095307,12.2025993891133,27.0849461649236,0.147820967630377,0.0375172937388837,3,0.437475012485147,103.910977633952,14.5912517457616,748
R0749,EASY,2,2.3568126713728,0.372095321178412,111.218872155232,13.3113828385367,0.887425522569113,20,32,1,1,1,1,1.93523139068166,0.037475013798589,0.0447022649327284,-37.1194746050731,11.614735862065,25.7404204266209,0.148668213796953,0.0468975332719523,6,0.405005769457867,111.218872155232,13.3113828385367,749
R0750,INFEASIBLE,0,-2.22447873349766,1.06768652800762,76.9597799307165,9.59175911668655,0.639450607779103,20,32,0,0,0,0,1.93023448319693,0.0245485364569798,0.0938916516533909,-67.617081989063,9.10282628249845,45.765755784037,0.0948656702189925,0.202236668006673,2,0.0612206320990465,76.9597799307165,9.59175911668655,750
R0751,EASY,2,1.83619516029752,0.948686882447688,102.731993369604,10.4241493741088,0.694943291607253,20,32,1,1,1,1,1.53320315388575,0.0270888133426536,0.0830058211167177,-65.8234451631003,9.37224224257535,42.9332617923105,0.0191583904734623,0.0498421756352587,4,0.217283715209784,102.731993369604,10.4241493741088,751
R0752,INFEASIBLE,0,-2.30156388704858,0.655747558554341,105.529545322768,14.0646238142046,0.937641587613639,20,32,0,0,0,0,1.39873247402512,0.0180901780532122,0.0638087906578015,-60.4392036773712,10.5223137361509,44.7699373922179,0.0347444647893782,0.19211486603651,4,0.0781419458983163,105.529545322768,14.0646238142046,752
R0753,INFEASIBLE,0,-1.83591049458006,1.20314113871536,77.9515011920785,9.72628106297078,0.648418737531385,20,32,0,0,1,0.333333333333333,1.9131064059981,0.0115238086236523,0.120731940740916,-57.7694162702916,8.75535461389343,43.4979235649275,0.119013627933755,0.140810163805517,5,0.105315077432907,77.9515011920785,9.72628106297078,753
R0754,EASY,2,2.18783491171394,1.49479993585015,116.743557735633,10.1537919165224,0.676919461101492,20,32,1,1,1,1,2.0227619596067,0.0392076914268888,0.195930847052923,-41.4498339686058,9.11509956773254,38.2073079358222,0.0283901965627778,0.0658550398800929,5,0.356797266353889,116.743557735633,10.1537919165224,754
R0755,EASY,2,1.56175021949121,0.62039716573784,106.327047457087,13.1014513716588,0.87343009144392,20,32,1,1,1,1,1.02232985092352,0.0354600822336993,0.110498325087506,-32.5081109236909,12.4512705387847,43.3926929319693,0.0773575550706242,0.060964016918696,4,0.224612036523524,106.327047457087,13.1014513716588,755
R0756,FRAGILE,1,0,1.00347620787666,55.821233259422,9.28513990038617,0.619009326692411,20,32,1,0,1,0.666666666666667,1.10030213929252,0.0102732616703562,0.0858620551427169,-69.9630789672844,8.94088394384182,46.3860704716746,0.100225150096897,0.114617813679077,4,0.24506059528672,55.821233259422,9.28513990038617,756
R0757,INFEASIBLE,0,-2.26070362924614,1.27383145570696,36.1050222649838,14.3047862399223,0.953652415994819,20,32,0,0,0,0,1.59750147600626,0.0300768236679219,0.226130993072331,-32.9306644824559,6.3606655809125,44.234241749338,0.0352476932235905,0.166675897407461,1,0.254172355698487,36.1050222649838,14.3047862399223,757
R0758,INFEASIBLE,0,-2.50093395762799,2.06468807734002,88.0802653723704,10.6043474900852,0.706956499339011,20,32,0,0,0,0,1.00761114898237,0.0254091177855598,0.221089278207709,-41.9451748521702,8.19353500826457,26.112703599652,0.0143316845105711,0.196800071379617,3,0.392570215099192,88.0802653723704,10.6043474900852,758
R0759,INFEASIBLE,0,-2.1113983352906,1.41291635537598,74.0298780717964,11.8443540830265,0.7896236055351,20,32,0,0,0,0,1.17155852985383,0.0273829383963695,0.11704913341623,-56.4690086265874,12.0597613515781,28.3259956637858,0.0309570953309796,0.133226816191342,4,0.157288999528319,74.0298780717964,11.8443540830265,759
R0760,INFEASIBLE,0,-2.73544630719216,1.56312236778716,28.1862879765387,14.8026708983518,0.986844726556786,20,32,0,0,0,0,1.98455057818338,0.027461800093297,0.153069602033003,-59.9938972382471,11.638468674033,44.675297938402,0.0490384197546468,0.241358545028397,4,0.396522688950557,28.1862879765387,14.8026708983518,760
R0761,INFEASIBLE,0,-1.86317373671845,0.927783060660764,98.3628562600582,14.9910447113452,0.999402980756344,20,32,0,0,0,0,1.18063961709672,0.0233046940577968,0.116744472684732,-47.4644513876408,11.4678961143176,46.1719339682189,0.1221288561426,0.204743933669464,3,0.34337298362905,98.3628562600582,14.9910447113452,761
R0762,EASY,2,2.09687934700292,0.70283853287668,54.9363950515353,8.86083348739048,0.590722232492698,20,16,1,1,1,1,1.33976923316518,0.0140590948816443,0.0674449711824562,-63.7405292968985,8.54391870582143,48.4262353031576,0.102470295220481,0.0188080253192848,6,0.418770388804717,54.9363950515353,8.86083348739048,762
R0763,FRAGILE,1,0,1.26508735341451,79.516563999823,13.1844453557423,0.878963023716157,45,32,1,1,1,1,1.27105424983024,0.0331395843020328,0.170364492859103,-39.0551503272764,6.77664523705155,35.8042949121097,0.111319949999738,0.104876561033222,5,0.211933995718962,79.516563999823,13.1844453557423,763
R0764,EASY,2,2.05236116271797,0.749579385714189,63.9892292967842,12.7810387176936,0.852069247846239,20,32,1,1,1,1,1.62436432196609,0.0209832618677991,0.113384174410387,-34.221593464683,5.74990478372292,34.6841797336018,0.0126928976220437,0.115663363772774,2,0.159594400796941,63.9892292967842,12.7810387176936,764
R0765,INFEASIBLE,0,-1.95705270331329,1.48034096231064,26.3655142972111,10.3045265081675,0.686968433877832,20,32,0,0,0,0,1.92137262904152,0.0350212971695886,0.211973128771709,-39.0956015194964,8.23138525500162,40.5653533378577,0.0314701921467766,0.200068674493835,3,0.123564822478507,26.3655142972111,10.3045265081675,765
R0766,EASY,2,2.13668621696632,1.88478869947955,40.8250537595285,10.9850992046682,0.732339946977878,20,32,1,1,1,1,1.43843567333185,0.012806362890284,0.167970041109709,-52.6700187981183,12.3075869260638,28.5184962784011,0.0127798293885541,0.0312427508387879,2,0.0880576770200104,40.8250537595285,10.9850992046682,766
R0767,INFEASIBLE,0,-2.06300969060045,0.586775383761592,31.0664797914335,14.6079971120854,0.973866474139025,20,8,0,0,0,0,1.25764831615318,0.0227585773526602,0.0981098469091868,-34.3008835366236,7.92905037463783,42.5748762905997,0.117450720040081,0.169828582333242,4,0.433945352480874,31.0664797914335,14.6079971120854,767
R0768,INFEASIBLE,0,-1.88913420860559,1.83133297723494,117.706590090225,12.8725438520487,0.858169590136583,20,32,0,0,0,0,1.21800761984317,0.0241913469725658,0.166736320370932,-53.7966124535703,13.4960002055724,31.0525314072936,0.142607230950728,0.109115912850108,3,0.107365505544307,117.706590090225,12.8725438520487,768
R0769,EASY,2,2.37411010590086,0.912603246643321,32.0528095378968,9.15293738912494,0.610195825941663,20,32,1,1,1,1,1.68638782605111,0.0214293253890064,0.169868522098946,-33.284642401585,13.1235862302015,49.6833584965587,0.124861282270059,0.0132515798336776,1,0.0961317832294501,32.0528095378968,9.15293738912494,769
R0770,EASY,2,2.27636410516221,1.78773716441234,118.17675416301,12.3913445939896,0.826089639599306,20,8,1,1,1,1,1.80197892679663,0.0279904078316705,0.221827490465263,-44.6520932894929,7.26728414159245,39.7345591450351,0.0768450702297696,0.0071903237636151,4,0.200686486492853,118.17675416301,12.3913445939896,770
R0771,INFEASIBLE,0,-2.21003943455074,1.20390876708501,112.834813088881,13.7595638834919,0.917304258899458,20,32,0,0,0,0,1.47620410447574,0.0168465198070366,0.126574621665484,-55.7420642542099,9.33145951929653,44.4563265613119,0.067245583960355,0.167021308635036,3,0.110494731032862,112.834813088881,13.7595638834919,771
R0772,FRAGILE,1,0,0.847878418828048,99.8138572502307,8.66112145968317,0.577408097312211,20,8,1,1,0,0.666666666666667,1.17613967850202,0.024316885284909,0.0897177227892127,-45.3849843805207,9.57199612532989,29.8521117589685,0.0764041058662193,0.0507226950154044,2,0.443966727568073,99.8138572502307,8.66112145968317,772
R0773,INFEASIBLE,0,-1.79424726629722,0.804371790554458,107.779533135586,13.1466561785067,0.87644374523378,20,32,0,0,0,0,1.07810583078183,0.0336012847260497,0.102642817042877,-39.9807116777348,5.08953863200742,33.6903762276853,0.0215948881555996,0.228465548368827,3,0.333181046685476,107.779533135586,13.1466561785067,773
R0774,EASY,2,2.36230330845234,1.38774230066452,113.388503476313,12.4378182180725,0.829187881204833,20,16,1,1,1,1,1.08256330258867,0.0176972796398463,0.230486081334194,-30.8103306179463,7.42325263789699,33.8942344964424,0.0900610452635947,0.0160344050291154,6,0.0552841838886649,113.388503476313,12.4378182180725,774
R0775,EASY,2,1.82352110472679,1.29694124556788,91.6532584831883,13.6425783810387,0.909505225402581,20,32,1,1,1,1,1.15938923349067,0.0109097290021462,0.171639915426545,-42.5722197910316,7.02967426360247,41.0875199674106,0.12947077892369,0.0479553633329712,4,0.051060844866019,91.6532584831883,13.6425783810387,775
R0776,INFEASIBLE,0,-2.39342827957835,0.251240848805073,25.6401518227038,10.5869188276445,0.705794588509637,20,8,0,0,0,0,1.07094426487594,0.0220022287679732,0.0421261326627182,-35.0017097885273,9.70968143790304,44.5823086777575,0.0718960902918199,0.176097550750232,4,0.442833794383534,25.6401518227038,10.5869188276445,776
R0777,INFEASIBLE,0,-1.91199599196601,1.48568886290961,47.6426182205517,10.1022098882491,0.673480659216606,20,32,0,0,0,0,1.94722164666454,0.0234565025674757,0.137734277547479,-52.0738961324729,12.2087534684829,30.1668412067103,0.127738320719794,0.172214957929351,3,0.371165974849444,47.6426182205517,10.1022098882491,777
R0778,EASY,2,2.23815378934683,1.61047217564155,82.8770078950365,12.5114135930751,0.834094239538341,20,8,1,1,1,1,1.8869088376933,0.0381659792101125,0.231863967304053,-33.3612580314719,13.1285851185839,29.8611321185366,0.0298833702456217,0.0224638048784422,4,0.186990500301825,82.8770078950365,12.5114135930751,778
R0779,INFEASIBLE,0,-2.00305524141977,0.799038979083615,45.5679481397181,12.1177505501347,0.807850036675647,20,32,0,0,0,0,1.52935104997058,0.0270566481237126,0.0723259623827958,-64.3019335472086,7.19547979525457,43.8492260529595,0.0505571250400641,0.180583900216211,4,0.203736269113789,45.5679481397181,12.1177505501347,779
R0780,INFEASIBLE,0,-2.23055252916311,1.73373411035037,85.0294578281634,12.9037870542167,0.860252470281116,20,32,0,0,0,0,1.20257094312654,0.0126220080112569,0.217498113894247,-43.6714398840327,12.5252343431417,38.8510161495627,0.0402690126547186,0.0909224743177521,1,0.0983443130041655,85.0294578281634,12.9037870542167,780
R0781,INFEASIBLE,0,-2.54853314579979,1.51803315346182,43.2173984028051,9.17245956763677,0.611497304509118,80,8,0,0,0,0,1.07194284886889,0.0275200639756073,0.138208082458704,-48.9194381202662,8.02286569097952,25.6760756910858,0.00510160887390431,0.205243003091086,6,0.0723934311011863,43.2173984028051,9.17245956763677,781
R0782,INFEASIBLE,0,-2.30667578780924,0.565758716900937,62.5368301903193,12.7514567663561,0.850097117757074,20,32,0,0,0,0,1.48239965078557,0.0288743960439643,0.0794419105895693,-33.6990357521539,5.94702192626164,28.9823207563255,0.0644889423084272,0.214524937121144,5,0.35905750144684,62.5368301903193,12.7514567663561,782
R0783,INFEASIBLE,0,-2.43951788339494,2.24585980235524,100.5804852686,14.153597071601,0.943573138106732,20,8,0,0,0,0,1.64757611583177,0.0102482359810958,0.165265645071025,-62.5620151765322,10.433875473679,27.4335934228455,0.0593744863190434,0.239193033859938,4,0.0754050945706117,100.5804852686,14.153597071601,783
R0784,EASY,2,1.91595059076535,0.678736608474124,90.9468866271103,14.1634996730135,0.944233311534236,20,32,1,1,1,1,1.27489605274188,0.0316439980179343,0.0848733559293289,-42.2378920693663,8.8424339973365,36.1082159093956,0.0949772519482785,0.0365484180274978,1,0.44737925234575,90.9468866271103,14.1634996730135,784
R0785,EASY,2,2.1685982108148,0.385775254508895,69.6048122820559,9.82978608665985,0.65531907244399,20,32,1,1,1,1,1.19714238313968,0.0191243207755988,0.0609512020935689,-33.7327216968939,8.25219493673672,36.767147837187,0.0805280034483121,0.0614862938392284,1,0.0846748262982287,69.6048122820559,9.82978608665985,785
R0786,INFEASIBLE,0,-2.33797194146577,2.1934386301882,103.588699558523,12.6003514366722,0.840023429111478,20,32,0,1,0,0.333333333333333,1.45701853507337,0.033897396412901,0.209991197051235,-52.636956317011,5.12369258509157,32.8695756372908,0.133737519548029,0.159929266091515,5,0.399573000071748,103.588699558523,12.6003514366722,786
R0787,EASY,2,2.56026014029038,2.94366338317978,46.8027853717619,14.2410920726948,0.949406138179656,20,8,1,1,1,1,1.6305925659064,0.0393143805859809,0.226319966000942,-61.2947703414661,13.3536834750319,28.7460150495213,0.12851132633327,0.00854298498216041,4,0.350434697785291,46.8027853717619,14.2410920726948,787
R0788,INFEASIBLE,0,-2.06454464406007,0.734623150991935,55.662923749555,11.1730705535693,0.744871370237952,20,32,0,0,0,0,1.96024124458359,0.0263822237399337,0.126275501177331,-35.9198285708428,9.81719161909677,49.3445108488728,0.124257313627698,0.094925998704068,4,0.380063943621383,55.662923749555,11.1730705535693,788
R0789,EASY,2,2.15629447962604,0.385368845880349,77.1626981698368,8.90649151627802,0.593766101085201,20,32,1,1,1,1,1.43567536787694,0.0330180761219118,0.0561466865662707,-32.7857644994721,5.47855167459989,29.5343247748097,0.125914303148579,0.126974033202827,3,0.211243127469336,77.1626981698368,8.90649151627802,789
R0790,INFEASIBLE,0,-2.16174023714292,1.11762317702118,110.022248939799,8.04220889086103,0.536147259390735,20,32,0,1,1,0.666666666666667,1.3203540480895,0.0363821736211095,0.0775802963590165,-69.6531656380267,6.92414862982151,30.2590399826414,0.138966647537489,0.192853929913856,5,0.27841550145871,110.022248939799,8.04220889086103,790
R0791,EASY,2,2.4474365728197,2.86510964357864,112.565082617013,10.554142936417,0.703609529094464,20,32,1,1,1,1,1.23324871311435,0.0174862323844308,0.226531307505553,-69.7425050254473,11.9122471205822,39.3577635565459,0.0530359808580365,0.000738858878056982,4,0.0624302446463571,112.565082617013,10.554142936417,791
R0792,INFEASIBLE,0,-2.49705931839902,0.726888203613142,82.2659517330415,12.7308964541444,0.848726430276296,20,32,0,0,0,0,1.82896389836429,0.0131225487712809,0.057862298722326,-67.7166485577886,6.62115949987502,37.6104381628588,0.0829590921274006,0.160617127469049,1,0.29349331186488,82.2659517330415,12.7308964541444,792
R0793,INFEASIBLE,0,-2.11235043659744,1.27899774951007,78.1207294876453,11.4945708425131,0.766304722834209,20,32,0,0,0,0,2.01207394514344,0.0130153701412461,0.221340437417059,-34.9146238731389,11.1215316360267,47.2561199170376,0.0379796603362196,0.198187526621492,6,0.224425781066822,78.1207294876453,11.4945708425131,793
R0794,EASY,2,2.17147721356456,0.666565905519787,93.3114199950951,9.81135682779284,0.654090455186189,20,8,1,1,1,1,0.919907172671057,0.0130537640934714,0.0647822281167957,-59.3297308225618,12.0293507088065,43.0359786243511,0.0897714697694256,0.0261834857626041,4,0.0642781108266017,93.3114199950951,9.81135682779284,794
R0795,EASY,2,2.06452886816174,1.16211658453454,48.2412338167468,9.67070097489071,0.644713398326048,20,32,1,1,1,1,1.12416196155933,0.0169402517662365,0.101948895615766,-63.4895922492873,6.13741224923646,40.1543024549141,0.138338533461825,0.0829169712428878,1,0.245958778363042,48.2412338167468,9.67070097489071,795
R0796,FRAGILE,1,0,2.90627150788591,77.7659933849663,11.9286965980074,0.795246439867162,20,8,1,1,0,0.666666666666667,1.36444495406669,0.0386095261004058,0.188233576813821,-68.5089216780258,10.5874123404714,25.4845777254903,0.0152485769405806,0.0301871892805636,3,0.167110716337537,77.7659933849663,11.9286965980074,796
R0797,EASY,2,2.5580328509552,2.66043236977349,84.2187189574112,10.8629755719243,0.72419837146162,20,16,1,1,1,1,1.19311935508286,0.0264719461144763,0.233159488098425,-66.1820053040751,5.44450504583227,43.5454658435729,0.144198065234726,0.0123287723835695,1,0.263110242563726,84.2187189574112,10.8629755719243,797
R0798,INFEASIBLE,0,-2.67360059591647,2.20227924106248,25.4515100975031,10.8207869194614,0.721385794630759,20,8,0,0,0,0,0.938379706050593,0.0389641124526686,0.201005889580816,-56.5613709226584,5.92716627054836,34.4964184044727,0.0796851008921962,0.245324717623906,2,0.225614792366189,25.4515100975031,10.8207869194614,798
R0799,INFEASIBLE,0,-2.36230330845234,0.9699154867155,102.92111407572,13.8827406131922,0.925516040879482,20,32,0,0,0,0,0.937464309615203,0.0133217089747125,0.170634481773535,-30.527401888532,6.08007326553694,37.3342003217306,0.0349085109560356,0.158306367346931,6,0.104308139834186,102.92111407572,13.8827406131922,799
R0800,INFEASIBLE,0,-1.59279846760745,1.72167552102581,107.055207966742,14.3558098901724,0.957053992678161,20,32,0,0,0,0,1.31873239511848,0.0375147548157487,0.15798807480809,-57.4341237813295,10.5403458179483,35.9540121886286,0.0255882380188986,0.161960948161048,6,0.177581892760147,107.055207966742,14.3558098901724,800
