p_unstable,servo_slew_deg_s,max_gimbal_deg,best_u_max_frac,best_Kp,best_Kd,nominal_success_rate,under_success_rate,over_success_rate,robustness,n_success_gain_sets,rms_error_deg,peak_error_deg,end_error_deg,max_theta_deg,u_cmd_sat_frac,slew_sat_frac,settling_time_s,oscillation_score,under_u_sat_frac,over_u_sat_frac,under_settling_time_s,over_settling_time_s,regime_label,regime_code,wind_strength,latency_steps,robust_success_threshold,mass,Iyy,static_margin,Cm_alpha,control_effectiveness,thrust,deadband,backlash,nominal_servo_slew_deg_s,nominal_max_gimbal_deg,design_id,rocket_id,boundary_distance,pipeline_layer,dataset_name,schema_version,latency,parameter_vector_id
1.30494190362924,47.6736539956504,11.1302263841629,0.742015092277529,20,32,0,0,0,0,0,25.4857738210637,78.0485958689684,78.0485958689684,78.0485958689684,0.692179700499168,0.998333333333333,3,0,0.600665557404326,0.728785357737105,3,3,INFEASIBLE,0,0.300544285349337,5,0.35,1.69281686282779,0.0256972025853978,0.140038272201795,-44.4843832929338,5.95413588816595,29.4976649592651,0.0475775684101295,0.214033731205831,47.6736539956504,11.1302263841629,1,R0001,-2.00637518794312,Exp1,regime_structure,regime-pipeline-v1,3,1
2.13016784471207,108.995985998842,12.3754664163548,0.825031094423655,20,32,0,0,0,0,0,28.4807518573242,57.8846081882443,35.8756601934947,57.8846081882443,0.668885191347754,0.995,3,0,0.517470881863561,0.777038269550749,3,3,INFEASIBLE,0,0.0841429671168382,2,0.35,1.20227566233546,0.0111441636492267,0.182986927798817,-69.3961552849998,6.73759011369174,45.9986048506131,0.0469720308959545,0.209219094038966,108.995985998842,12.3754664163548,2,R0002,-2.27961690149916,Exp1,regime_structure,regime-pipeline-v1,3,2
0.738573262176455,35.5403122686981,9.39690923524871,0.626460615683248,20,32,1,1,1,1,3,1.95633137412949,5.07483960654627,0.828075489860095,5.07483960654627,0.179700499168053,0.973333333333333,2.855,0,0,0.271214642262895,2.935,2.91,EASY,2,0.295644191592587,5,0.35,1.79974532034493,0.0279333915429745,0.0886577107811748,-42.6517206884531,6.49233849742979,33.9297245561293,0.138340249141931,0.0240030253041273,35.5403122686981,9.39690923524871,3,R0003,2.27922737136673,Exp1,regime_structure,regime-pipeline-v1,3,3
1.03041308400653,50.7482486081179,8.69013280177247,0.579342186784831,20,32,0,0,0,0,0,21.59543093323,64.068927567061,64.068927567061,64.068927567061,0.785357737104825,0.996666666666667,3,0,0.692179700499168,0.825291181364393,3,3,INFEASIBLE,0,0.11173901189757,3,0.35,1.34664891580977,0.0388291266719864,0.185343827639385,-34.104294101131,8.28676096005313,48.7094261026083,0.123420693353293,0.200460906226826,50.7482486081179,8.69013280177247,4,R0004,-2.23259998300973,Exp1,regime_structure,regime-pipeline-v1,3,4
1.20567233165703,94.6580049714826,9.69888997358563,0.646592664905709,20,8,1,1,1,1,3,0.116389264933125,0.317047600747091,0.00537591955650187,0.317047600747091,0,0.751666666666667,0,0,0,0,0,0,EASY,2,0.0730886256866294,3,0.35,1.38708822348206,0.0296333430287917,0.16529635098386,-34.2311678645673,10.6956934001195,28.5083927298518,0.100842763947817,0.0252494703540883,94.6580049714826,9.69888997358563,5,R0005,2.08709098826685,Exp1,regime_structure,regime-pipeline-v1,3,5
2.27704530585077,21.5106194375978,9.70604072212652,0.647069381475102,20,32,0,0,0,0,0,38.9724124891233,90,90,90,0.728785357737105,0.996666666666667,3,0,0.618968386023295,0.763727121464226,3,3,INFEASIBLE,0,0.187256594678939,5,0.35,1.70793936038424,0.0119772443558557,0.230568660503551,-59.4340975128939,12.215284008988,46.8802491978399,0.149253509265212,0.0912857554787351,21.5106194375978,9.70604072212652,6,R0006,-2.07473149708356,Exp1,regime_structure,regime-pipeline-v1,3,6
1.9071426627265,60.9391520678829,13.2611879267044,0.884079195113623,80,16,0,0,0,0,0,43.0004446693151,77.1986998095017,77.1986998095017,77.1986998095017,0.747088186356073,0.998333333333333,3,0,0.705490848585691,0.765391014975042,3,3,INFEASIBLE,0,0.411222339745398,1,0.35,1.76196462163729,0.0350467116746019,0.184035785175015,-48.1869951056367,8.29694381297838,27.9871864451276,0.0685351367363516,0.196474817329152,60.9391520678829,13.2611879267044,7,R0007,-2.46750647290165,Exp1,regime_structure,regime-pipeline-v1,3,7
1.09158817166265,43.3062554350243,12.7306681660212,0.848711211068083,20,32,0,0,0,0,0,72.5834134803246,90,65.7766954458552,90,0.863560732113145,0.998333333333333,3,0,0.717138103161398,0.900166389351082,3,3,INFEASIBLE,0,0.157290680876842,4,0.35,1.30638127994177,0.0255166186318096,0.198674015987308,-32.2660612520322,11.6079480287052,44.6393399266909,0.0981984643614826,0.247686423394004,43.3062554350243,12.7306681660212,8,R0008,-2.29781259873265,Exp1,regime_structure,regime-pipeline-v1,3,8
1.5416211945905,50.9948785261629,12.6402598814423,0.842683992096152,20,32,0,0,0,0,0,13.0495292021481,41.6430569467186,41.6430569467186,41.6430569467186,0.524126455906822,0.996666666666667,3,0,0.339434276206323,0.572379367720466,3,3,INFEASIBLE,0,0.32284995121636,4,0.35,1.64511809154926,0.0164100133116269,0.238752928085448,-36.2352828741741,6.46991664274177,40.7630561560467,0.123522335310113,0.155611600423144,50.9948785261629,12.6402598814423,9,R0009,-2.37698017963549,Exp1,regime_structure,regime-pipeline-v1,3,9
1.44839546500848,79.1065008463308,8.90040266666852,0.593360177777902,20,32,1,1,1,1,3,4.77856425724003,12.8287910666659,5.71459349838758,12.8287910666659,0.562396006655574,0.991666666666667,3,0,0.372712146422629,0.640599001663893,3,3,EASY,2,0.20449595179266,4,0.35,1.62303556839988,0.0113921332292436,0.163882005478222,-53.9435388100988,12.4186063109464,48.2201382941224,0.128747628463746,0.0616004370897454,79.1065008463308,8.90040266666852,10,R0010,2.07473149708356,Exp1,regime_structure,regime-pipeline-v1,3,10
1.85243954768383,55.5727084132394,10.6108553816894,0.707390358779295,80,32,0,0,0,0,0,30.2615674498095,81.5009384958033,81.5009384958033,81.5009384958033,0.75873544093178,0.996666666666667,3,0,0.73044925124792,0.873544093178037,3,3,INFEASIBLE,0,0.26907110691325,1,0.35,1.57522334781603,0.0239989621344409,0.202049106203622,-52.2498708142359,5.48866565064236,42.0395034774533,0.0401721514913646,0.23617363102184,55.5727084132394,10.6108553816894,11,R0011,-2.22065513850756,Exp1,regime_structure,regime-pipeline-v1,3,11
0.492369005078886,40.9050777884761,9.1220598670659,0.60813732447106,20,32,1,1,1,1,3,3.51774779132005,8.13166785006794,7.02731279195491,8.13166785006794,0.492512479201331,0.996666666666667,3,0,0.282861896838602,0.587354409317804,3,3,EASY,2,0.100711084961074,2,0.35,0.969177050483106,0.0289877323817385,0.0898812469269171,-31.9414349039825,12.1318966118158,44.0075272594786,0.066836071345738,0.0445926618234534,40.9050777884761,9.1220598670659,12,R0012,2.01887913775432,Exp1,regime_structure,regime-pipeline-v1,3,12
1.89909283987615,89.9721030446331,13.7276970265501,0.915179801770008,20,32,0,0,0,0,0,20.4387970894899,50.9776292802577,50.9776292802577,50.9776292802577,0.687188019966722,0.996666666666667,3,0,0.552412645590682,0.768718801996672,3,3,INFEASIBLE,0,0.159938278677335,5,0.35,0.978070298949355,0.0250701085261281,0.234481923603239,-46.1949148979269,11.1851161637676,42.1091081686971,0.0473071399248795,0.139198165818098,89.9721030446331,13.7276970265501,13,R0013,-2.30649444624979,Exp1,regime_structure,regime-pipeline-v1,3,13
0.737867390738186,36.3674460133747,12.515937923319,0.8343958615546,20,32,0,0,0,0,0,11.6774941113531,29.2428961522402,29.2428961522402,29.2428961522402,0.529118136439268,0.998333333333333,3,0,0.422628951747088,0.680532445923461,3,3,INFEASIBLE,0,0.144439468567448,4,0.35,1.1593973999928,0.0361173431026776,0.113924744052083,-37.3491547394604,9.15604301702477,43.0429868345728,0.0411964566338473,0.112620888041852,36.3674460133747,12.515937923319,14,R0014,-1.80770353015824,Exp1,regime_structure,regime-pipeline-v1,3,14
0.544006050311275,56.582130598786,8.96522590550876,0.597681727033917,20,32,0,0,0,0,0,8.59622990560608,25.7787126952662,25.7787126952662,25.7787126952662,0.683860232945091,0.995,3,0,0.54242928452579,0.733777038269551,3,3,INFEASIBLE,0,0.164796164798774,4,0.35,1.1573106072406,0.0311169175876196,0.0505894992897307,-65.553529165948,9.23358775933662,48.1024076392337,0.0843460970068289,0.108564478015146,56.582130598786,8.96522590550876,15,R0015,-1.81738168169708,Exp1,regime_structure,regime-pipeline-v1,3,15
0.89647076929741,32.5325705595018,14.3531045823775,0.956873638825168,20,32,0,0,0,0,0,73.538733941485,90,90,90,0.821963394342762,0.998333333333333,3,0,0.657237936772047,0.876871880199667,3,3,INFEASIBLE,0,0.440613697621514,5,0.35,1.75538396663241,0.0353428172839987,0.079804012431236,-58.3239847854435,9.02812403928142,34.8925670408816,0.113672627655502,0.221347869798756,32.5325705595018,14.3531045823775,16,R0016,-2.06776906715036,Exp1,regime_structure,regime-pipeline-v1,3,16
1.19890879225764,95.0675866951565,8.79674232234282,0.586449488156188,20,32,0,0,0,0,0,18.4290453719232,54.2591885349628,54.2591885349628,54.2591885349628,0.788685524126456,0.995,3,0,0.715474209650582,0.850249584026622,3,3,INFEASIBLE,0,0.0986784608795089,3,0.35,2.09675807392678,0.0188794548390991,0.145509586563176,-47.6463696689542,10.6889290144408,43.2844508703911,0.0739634344965046,0.167320078106976,95.0675866951565,8.79674232234282,17,R0017,-2.39463896643267,Exp1,regime_structure,regime-pipeline-v1,3,17
1.89167749938396,87.190047199393,14.622369515081,0.974824634338735,20,32,0,0,0,0,0,28.156410311796,90,90,90,0.700499168053245,0.996666666666667,3,0,0.552412645590682,0.748752079866889,3,3,INFEASIBLE,0,0.435239205197799,3,0.35,1.24443890252926,0.0355918582329011,0.159101685853325,-67.2912230688366,12.8850954173038,41.4604076398286,0.149306627024796,0.123165250457235,87.190047199393,14.622369515081,18,R0018,-2.35852558572421,Exp1,regime_structure,regime-pipeline-v1,3,18
1.3706823899453,96.6741693880138,9.91342546141492,0.660895030760995,20,32,0,0,0,0,0,35.3650515900615,90,90,90,0.838602329450915,0.995,3,0,0.73044925124792,0.863560732113145,3,3,INFEASIBLE,0,0.203729780285707,4,0.35,1.07823813927185,0.034617080258431,0.168647795063208,-37.6936252027597,12.477115640398,27.8410007286349,0.141973978608254,0.196252107627609,96.6741693880138,9.91342546141492,19,R0019,-2.18038054857881,Exp1,regime_structure,regime-pipeline-v1,3,19
0.647595091598515,50.5374156049924,14.5172303406243,0.967815356041619,20,32,0,0,0,0,0,17.1068065349737,36.7768325270707,7.08546996117108,36.7768325270707,0.577371048252912,0.996666666666667,3,0,0.420965058236273,0.650582362728785,3,3,INFEASIBLE,0,0.324109230812361,6,0.35,1.7346315290008,0.0353922065784127,0.057521877005376,-69.0129130535713,12.7307459649911,48.6386013106918,0.0895149491291908,0.107784398781148,50.5374156049924,14.5172303406243,20,R0020,-1.98060836246766,Exp1,regime_structure,regime-pipeline-v1,3,20
1.17930393443107,44.4086958642192,10.6230351608727,0.708202344058177,20,32,0,0,0,0,0,23.0179388202925,63.0774355835333,63.0774355835333,63.0774355835333,0.695507487520799,0.996666666666667,3,0,0.635607321131448,0.733777038269551,3,3,INFEASIBLE,0,0.293774430011394,3,0.35,0.997617981686626,0.0377251044218385,0.148687965621594,-45.3359384775732,5.9636114198022,42.2908799388029,0.101336775377835,0.22938374817517,44.4086958642192,10.6230351608727,21,R0021,-2.00840019546097,Exp1,regime_structure,regime-pipeline-v1,3,21
1.94359418007545,79.9147836491555,14.1125573890465,0.940837159269769,20,32,0,0,0,0,0,70.5073965087363,90,90,90,0.768718801996672,0.998333333333333,3,0,0.697171381031614,0.798668885191348,3,3,INFEASIBLE,0,0.41962204844468,4,0.35,1.01687272826623,0.0276733954786866,0.175519073455133,-58.4466852991184,10.507816879986,36.0594073291982,0.0928667329978861,0.233207180839756,79.9147836491555,14.1125573890465,22,R0022,-2.65031240550132,Exp1,regime_structure,regime-pipeline-v1,3,22
1.29682123585128,21.8135568032933,11.8877917549101,0.792519450327342,20,32,0,0,0,0,0,55.3806048953764,90,90,90,0.903494176372712,0.998333333333333,3,0,0.826955074875208,0.928452579034942,3,3,INFEASIBLE,0,0.154252279825594,6,0.35,1.86732687080449,0.0385516719727169,0.12404555507935,-47.7662899061976,10.6129539279608,27.021320199771,0.0464921310425369,0.240513083032038,21.8135568032933,11.8877917549101,23,R0023,-2.35775916876607,Exp1,regime_structure,regime-pipeline-v1,3,23
1.82828138288629,27.3916899053441,10.1374558483755,0.675830389891697,20,8,0,0,0,0,0,90,90,90,90,0.603993344425957,0.995,3,0,0.564059900166389,0.707154742096506,3,3,INFEASIBLE,0,0.407642215188591,4,0.35,2.00987775044544,0.015890519597591,0.237564166304548,-44.105116994834,7.55181233542863,42.5123493956832,0.0850543611666814,0.224437658416596,27.3916899053441,10.1374558483755,24,R0024,-2.29053772662094,Exp1,regime_structure,regime-pipeline-v1,3,24
1.21913399213989,119.805285454499,9.60428877943297,0.640285918628865,20,32,1,1,1,1,3,4.59580099875897,11.7806931417205,6.84821028262299,11.7806931417205,0.59234608985025,0.993333333333333,3,0,0.352745424292845,0.67720465890183,3,3,EASY,2,0.0901401267445622,5,0.35,1.68163928559663,0.0202491655270967,0.161590924119411,-33.2060105092863,10.5932397067725,25.0741261979801,0.119476407343861,0.0823333429342476,119.805285454499,9.60428877943297,25,R0025,1.41410045224912,Exp1,regime_structure,regime-pipeline-v1,3,25
2.37703142220848,71.4179447239536,14.7733129934876,0.984887532899171,20,32,1,1,1,1,3,2.84724490849052,7.57025083784864,7.57025083784864,7.57025083784864,0.232945091514143,0.993333333333333,3,0,0.00332778702163062,0.299500831946755,3,3,EASY,2,0.0530470455326999,4,0.35,1.30577929398922,0.034644800677267,0.203191211723559,-63.825111610376,13.3223747188626,38.5287143902263,0.0128315891744521,0.0319111760224379,71.4179447239536,14.7733129934876,26,R0026,2.40102718090454,Exp1,regime_structure,regime-pipeline-v1,3,26
1.93423990303303,93.9291838360671,10.326232004204,0.688415466946935,20,32,1,1,1,1,3,8.94960710172779,20.5301283570155,12.680230733874,20.5301283570155,0.590682196339434,0.991666666666667,3,0,0.367720465890183,0.657237936772047,2.965,3,FRAGILE,1,0.411575277197826,3,0.35,1.45907075321557,0.019156407204045,0.156560176269861,-68.816924281301,5.98937456210289,40.1600088571393,0.0985573344025754,0.138848342193229,93.9291838360671,10.326232004204,27,R0027,0,Exp1,regime_structure,regime-pipeline-v1,3,27
1.08720418048531,51.1146066903626,9.06089410930043,0.604059607286695,20,16,1,1,1,1,3,0.180501688744587,0.516476743606128,0.433758429641344,0.516476743606128,0,0.846666666666667,0,0,0,0.0366056572379368,0,2.765,EASY,2,0.163890848880714,5,0.35,1.67600489984207,0.030197917287644,0.16118625773125,-31.7337381274792,11.7974027777779,28.6508572987863,0.147016916894714,0.0194462381294229,51.1146066903626,9.06089410930043,28,R0028,2.11116996321414,Exp1,regime_structure,regime-pipeline-v1,3,28
0.837616716720543,24.9760589102986,9.17355860599723,0.611570573733149,20,8,0,0,0,0,0,90,90,90,90,0.805324459234609,0.998333333333333,3,0,0.612312811980033,0.861896838602329,3,3,INFEASIBLE,0,0.410369035363413,1,0.35,1.2680484346631,0.0156209026557768,0.0944231347721741,-39.9841227579571,13.8617709880755,26.2967851508097,0.0537819834599839,0.247036904844262,24.9760589102986,9.17355860599723,29,R0029,-2.825125699981,Exp1,regime_structure,regime-pipeline-v1,3,29
0.672192636594597,99.3703059294062,9.38977729087751,0.625985152725168,20,8,1,1,1,1,3,0.348068849033703,0.937077692470227,0.511639986889865,0.937077692470227,0,0.913333333333333,0,0,0,0.00998336106489185,0,2.945,EASY,2,0.398926000457478,2,0.35,1.68955401837233,0.0150823287354729,0.0924593729981108,-32.0172928038989,6.22790681499605,25.104117501211,0.102839545980583,0.0598049839271545,99.3703059294062,9.38977729087751,30,R0030,2.19990214887122,Exp1,regime_structure,regime-pipeline-v1,3,30
0.618088454450782,26.2044881049556,13.0550687571423,0.870337917142817,20,32,1,1,1,1,3,1.53029628110566,3.50328054930882,2.68970714249857,3.50328054930882,0,0.99,3,0,0,0.118136439267887,3,3,EASY,2,0.123339724153437,3,0.35,1.64235929950436,0.0199868549449404,0.115566500243235,-31.5554315620289,9.61940574583269,45.0580368383105,0.0269636240135041,0.016606864435818,26.2044881049556,13.0550687571423,31,R0031,1.95969488114338,Exp1,regime_structure,regime-pipeline-v1,3,31
0.675886686865617,111.00611583251,9.47646793033037,0.631764528688691,20,32,0,0,0,0,0,13.5598158471528,40.090841459888,40.090841459888,40.090841459888,0.732113144758735,0.996666666666667,3,0,0.562396006655574,0.788685524126456,3,3,INFEASIBLE,0,0.167249262255054,1,0.35,1.2103414762869,0.0164979677963605,0.093249523121911,-34.0465212704908,7.79169108779756,28.5596118146128,0.00369236152598502,0.180658983479394,111.00611583251,9.47646793033037,32,R0032,-2.0554554520293,Exp1,regime_structure,regime-pipeline-v1,3,32
2.25464392559937,53.8913279206898,11.0352540722045,0.735683604813633,20,32,0,0,0,0,0,9.8283717430721,24.0859952008474,24.0859952008474,24.0859952008474,0.610648918469218,0.995,3,0,0.427620632279534,0.658901830282862,3,3,INFEASIBLE,0,0.225378389514201,5,0.35,1.88918375962469,0.0118006026025388,0.232566103769759,-56.9140726138562,10.8443415912217,44.610551367756,0.0405518428199556,0.0777130147426844,53.8913279206898,11.0352540722045,33,R0033,-1.98852741524982,Exp1,regime_structure,regime-pipeline-v1,3,33
0.71788086860021,58.7521463848165,8.81327037285607,0.587551358190405,20,32,0,0,0,0,0,12.6279054819327,30.8676893776788,30.8676893776788,30.8676893776788,0.763727121464226,0.995,3,0,0.658901830282862,0.826955074875208,3,3,INFEASIBLE,0,0.12126036715501,2,0.35,1.4804251141125,0.021410661686207,0.0701702209176228,-48.3285294461278,13.37661644352,28.8848054342425,0.0568727821049332,0.108502528810903,58.7521463848165,8.81327037285607,34,R0034,-2.04395791599814,Exp1,regime_structure,regime-pipeline-v1,3,34
1.8784942706653,109.926876927912,11.9110332337298,0.794068882248654,20,32,0,0,1,0.333333333333333,1,9.70527010730527,23.1261307062075,16.5950761884381,23.1261307062075,0.628951747088186,0.995,3,0,0.464226289517471,0.713810316139767,3,3,INFEASIBLE,0,0.264275467475979,5,0.35,1.78844757001562,0.035312589405376,0.209407595527217,-45.4223771952409,9.4195661171592,33.1868617820562,0.121421513881773,0.113990412704561,109.926876927912,11.9110332337298,35,R0035,-1.79083794704152,Exp1,regime_structure,regime-pipeline-v1,3,35
2.11462998084191,70.1015263383934,14.419319417293,0.961287961152869,20,8,1,1,1,1,3,0.0785482729978007,0.169676279591203,0.0786400998193234,0.169676279591203,0,0.825,0,0,0,0,0,0,EASY,2,0.0664626974957874,3,0.35,1.35061534863658,0.0287293903800097,0.205176377318824,-63.9933358939211,8.63286012073858,49.9018678151148,0.053503318219163,0.0135644137326961,70.1015263383934,14.419319417293,36,R0036,2.12048406803964,Exp1,regime_structure,regime-pipeline-v1,3,36
1.63185406817398,56.2140789185083,10.4863624943275,0.699090832955168,20,32,1,0,1,0.666666666666667,2,6.16502227365684,14.4095893738009,10.2406941536194,14.4095893738009,0.569051580698835,0.995,3,0,0.367720465890183,0.637271214642263,3,3,FRAGILE,1,0.183266456267369,1,0.35,1.60138737792223,0.0337193157205941,0.207520926263418,-37.6181168313309,11.148654887209,29.6221526965507,0.0864604604416229,0.0712836036647779,56.2140789185083,10.4863624943275,37,R0037,0,Exp1,regime_structure,regime-pipeline-v1,3,37
2.47847332400772,80.3016567922299,11.5312048108309,0.768746987388727,20,32,0,0,0,0,0,29.8082893486718,90,90,90,0.768718801996672,0.996666666666667,3,0,0.618968386023295,0.810316139767055,3,3,INFEASIBLE,0,0.122012290798813,6,0.35,1.65559875888926,0.0176276981484714,0.173972824407418,-63.3713375982738,8.73932415856275,25.611878660885,0.105924863595247,0.189257536373516,80.3016567922299,11.5312048108309,38,R0038,-2.40605478643233,Exp1,regime_structure,regime-pipeline-v1,3,38
1.41454441145282,109.422248429973,13.6980673127609,0.913204487517391,20,32,1,0,1,0.666666666666667,2,9.9021619702427,22.0630499312569,0.0231326172318996,22.0630499312569,0.520798668885191,0.995,2.975,0,0.274542429284526,0.603993344425957,3,3,FRAGILE,1,0.23599471749278,1,0.35,1.6568011611145,0.0327327654632341,0.201045741430273,-41.9377217038688,5.68417208353173,45.9862087015679,0.0834909749787426,0.151124653979006,109.422248429973,13.6980673127609,39,R0039,0,Exp1,regime_structure,regime-pipeline-v1,3,39
0.940813658213541,112.520376949243,14.4695447248275,0.9646363149885,20,32,0,1,0,0.333333333333333,1,18.3502275980217,40.6041342149537,23.8596748349608,40.6041342149537,0.657237936772047,0.996666666666667,3,0,0.472545757071547,0.710482529118136,3,3,INFEASIBLE,0,0.17588505176915,2,0.35,1.67484677583814,0.0160531552951538,0.112415651475385,-51.8341591668581,9.52814561630095,49.6523501176961,0.0407144375365502,0.145237714372591,112.520376949243,14.4695447248275,40,R0040,-2.25086058683346,Exp1,regime_structure,regime-pipeline-v1,3,40
1.04399071029068,70.4961662531035,10.6770617214883,0.711804114765884,20,32,0,0,0,0,0,10.69844204508,27.9466842381664,27.1187547936214,27.9466842381664,0.647254575707155,0.996666666666667,3,0,0.45757071547421,0.700499168053245,3,3,INFEASIBLE,0,0.285916120674526,4,0.35,1.70905806248749,0.0213030147131371,0.0807036755743995,-57.2852077921353,13.2616162322747,25.3828102732594,0.121515792600515,0.0763128194423246,70.4961662531035,10.6770617214883,41,R0041,-1.63244360786872,Exp1,regime_structure,regime-pipeline-v1,3,41
0.902956681827216,118.453601513361,12.4212111677649,0.828080744517662,20,32,0,1,1,0.666666666666667,2,5.25816603965091,15.1750662394685,15.1184434455444,15.1750662394685,0.537437603993344,0.993333333333333,3,0,0.35108153078203,0.663893510815308,3,2.97,INFEASIBLE,0,0.274519528829449,3,0.35,1.38264824193937,0.0381196793683906,0.0792009160681902,-66.3870081467528,13.9947270756338,43.8888426015794,0.0120033987536737,0.0738574719965836,118.453601513361,12.4212111677649,42,R0042,-2.02128901408557,Exp1,regime_structure,regime-pipeline-v1,3,42
1.95834649097987,41.4763773285518,13.7212927404699,0.914752849364659,20,8,0,0,0,0,0,90,90,90,90,0.559068219633943,0.998333333333333,3,0,0.579034941763727,0.713810316139767,3,3,INFEASIBLE,0,0.350494824792959,6,0.35,1.35510597779098,0.0367503171719577,0.143189115178582,-66.1289172600851,11.5320824125591,30.2611287689243,0.053029401996995,0.234646388418891,41.4763773285518,13.7212927404699,43,R0043,-2.70381611493916,Exp1,regime_structure,regime-pipeline-v1,3,43
1.47238898310004,112.045026256998,13.2320029236449,0.882133528242995,20,32,0,0,0,0,0,14.7949645409574,33.565032593971,25.880678965435,33.565032593971,0.70216306156406,0.991666666666667,3,0,0.569051580698835,0.773710482529118,3,3,INFEASIBLE,0,0.19200110643551,6,0.35,1.31578525659214,0.0332578330503287,0.221462117027003,-31.5133765216516,11.9616072936053,29.0807102835931,0.139647712468355,0.135074025823944,112.045026256998,13.2320029236449,44,R0044,-2.29284532836711,Exp1,regime_structure,regime-pipeline-v1,3,44
1.30180550590561,83.1398020753378,12.6620254834142,0.844135032227615,20,32,0,0,0,0,0,27.382420203102,55.4146123357385,35.4722456883008,55.4146123357385,0.757071547420965,0.995,3,0,0.663893510815308,0.792013311148086,3,3,INFEASIBLE,0,0.104423170335597,2,0.35,1.62949689755283,0.0307432287728772,0.163546407523459,-41.7413779090643,8.3926474439529,35.5946501913014,0.0391541987022192,0.243683241781027,83.1398020753378,12.6620254834142,45,R0045,-1.62156131951076,Exp1,regime_structure,regime-pipeline-v1,3,45
1.01904792086425,32.9623657517073,14.3781896108145,0.9585459740543,45,32,1,0,0,0.333333333333333,1,13.6803786528909,28.9247460083961,2.5314762610752,28.9247460083961,0.535773710482529,0.996666666666667,3,0,0.392678868552413,0.630615640599002,3,3,FRAGILE,1,0.119220610121642,3,0.35,1.34716570418518,0.0233959971541801,0.146759179571266,-32.6104163751799,13.4724437027673,28.5492945318836,0.0628432661001029,0.0543019261804598,32.9623657517073,14.3781896108145,46,R0046,0,Exp1,regime_structure,regime-pipeline-v1,3,46
2.22726833321233,101.849938594316,9.21911108776509,0.614607405851006,20,32,1,1,1,1,3,6.50256943269852,15.9563072942815,5.92345973538688,15.9563072942815,0.662229617304492,0.991666666666667,3,0,0.415973377703827,0.72712146422629,3,3,FRAGILE,1,0.181211120841819,4,0.35,1.90140957902283,0.0297176366990806,0.17583281233835,-56.2324268889443,11.6509799963547,25.5087848996488,0.0167377807358544,0.0824891560438669,101.849938594316,9.21911108776509,47,R0047,0,Exp1,regime_structure,regime-pipeline-v1,3,47
0.989546071866342,25.3734113483318,10.8752994383325,0.725019962555497,20,32,1,1,1,1,3,6.13367578962837,12.8064270207349,5.20390434032373,12.8064270207349,0.529118136439268,0.993333333333333,3,0,0.267886855241265,0.589018302828619,2.95,3,EASY,2,0.344672228621754,4,0.35,1.47238173478699,0.0104850374145366,0.0980463534356389,-45.1125997090305,11.8159914407798,25.8611551948404,0.0911723326822907,0.0511955194321085,25.3734113483318,10.8752994383325,48,R0048,2.05381278231796,Exp1,regime_structure,regime-pipeline-v1,3,48
0.551347759703822,72.7316782269892,12.9611782464718,0.864078549764787,20,32,0,0,0,0,0,41.0567570366613,83.7104375571643,16.380238718466,83.7104375571643,0.792013311148086,0.998333333333333,3,0,0.73044925124792,0.873544093178037,3,3,INFEASIBLE,0,0.158673913051804,5,0.35,1.21773266114888,0.0301196409965674,0.0520616327118493,-64.1169995271439,13.0593289280743,47.4451777037476,0.0857356054716198,0.234375566881797,72.7316782269892,12.9611782464718,49,R0049,-2.40459972764466,Exp1,regime_structure,regime-pipeline-v1,3,49
1.56223949548657,36.8013625863837,12.6148190227664,0.84098793485109,20,32,0,0,0,0,0,40.5868980872615,90,90,90,0.732113144758735,0.996666666666667,3,0,0.663893510815308,0.760399334442596,3,3,INFEASIBLE,0,0.32802644593719,4,0.35,1.69510651259764,0.0156379472684731,0.15791176741016,-55.1157536104093,12.8734790254679,40.1741428509643,0.101835650494286,0.141555775462129,36.8013625863837,12.6148190227664,50,R0050,-1.88354881343523,Exp1,regime_structure,regime-pipeline-v1,3,50
1.29096937851869,60.5688106970839,9.22358009371384,0.614905339580923,20,16,1,1,0,0.666666666666667,2,2.01416950962758,5.35356771810576,3.80506885209084,5.35356771810576,0.0565723793677205,0.958333333333333,3,0,0,0.371048252911814,3,3,FRAGILE,1,0.140380864713453,4,0.35,1.71263210055553,0.0395668661449064,0.191449151888592,-35.9152305691062,5.85129233525104,36.719240215942,0.125933875147454,0.0669775065942602,60.5688106970839,9.22358009371384,51,R0051,0,Exp1,regime_structure,regime-pipeline-v1,3,51
0.432426330797369,21.1425949716297,13.0494464837604,0.869963098917359,20,32,0,0,0,0,0,19.1578459743831,33.8540713097958,11.6274239508457,33.8540713097958,0.547420965058236,0.998333333333333,3,0,0.419301164725458,0.602329450915141,3,3,INFEASIBLE,0,0.127496914007239,6,0.35,1.32944121840631,0.0225993807513794,0.0518002472598747,-48.779296577186,6.97552076012275,44.1948666582662,0.100778132252691,0.123489387890716,21.1425949716297,13.0494464837604,52,R0052,-1.85844551956437,Exp1,regime_structure,regime-pipeline-v1,3,52
1.03800676714166,85.1607880398514,13.0150266434369,0.867668442895791,20,32,0,0,0,0,0,17.9700215424931,47.9703553973415,47.9703553973415,47.9703553973415,0.680532445923461,0.998333333333333,3,0,0.429284525790349,0.762063227953411,3,3,INFEASIBLE,0,0.185892815882089,3,0.35,1.09409096918916,0.0285492256005037,0.116560663363413,-41.2800301124322,6.17359245626158,27.8128196104217,0.00662644104688496,0.17650366241184,85.1607880398514,13.0150266434369,53,R0053,-1.83208790225085,Exp1,regime_structure,regime-pipeline-v1,3,53
0.51052000217734,104.239775916849,14.4834434032916,0.965562893552774,20,32,1,1,1,1,3,4.01161099386229,9.34025940414899,6.05417355144653,9.34025940414899,0.317803660565724,0.993333333333333,3,0,0.144758735440932,0.480865224625624,3,2.955,EASY,2,0.330569349431878,3,0.35,1.76956754589247,0.0344141413807984,0.0599995141926299,-48.0651525939896,5.12854208463214,41.3039846881223,0.0826259086393264,0.111771766367352,104.239775916849,14.4834434032916,54,R0054,2.07355203746456,Exp1,regime_structure,regime-pipeline-v1,3,54
1.93500531506387,74.8487306519914,9.35470144634224,0.623646763089482,20,32,1,0,1,0.666666666666667,2,10.8981122886096,24.6938738190381,8.20313773030765,24.6938738190381,0.658901830282862,0.995,3,0,0.497504159733777,0.725457570715474,3,3,FRAGILE,1,0.147343864046259,2,0.35,1.94165713134924,0.036877201098607,0.236677945734701,-40.6457749964448,7.23620557454009,31.9921503533338,0.029269210441591,0.133379821408307,74.8487306519914,9.35470144634224,55,R0055,0,Exp1,regime_structure,regime-pipeline-v1,3,55
2.78268378086465,55.3736999130053,8.5908266605261,0.572721777368407,20,32,1,1,0,0.666666666666667,2,8.12180765917591,19.2226511619722,2.52813874511095,19.2226511619722,0.602329450915141,0.996666666666667,3,0,0.452579034941764,0.700499168053245,3,3,FRAGILE,1,0.0571019246651691,2,0.35,1.96640302459577,0.0377986662429703,0.188304766286737,-68.0872893276769,9.8333141155843,27.4782049434286,0.0330879671088653,0.0760000938206407,55.3736999130053,8.5908266605261,56,R0056,0,Exp1,regime_structure,regime-pipeline-v1,3,56
0.904941523568296,48.0070481960925,9.49640089900648,0.633093393267099,20,32,0,0,0,0,0,18.3544623837986,37.8916155197146,11.2754145459747,37.8916155197146,0.73044925124792,0.993333333333333,3,0,0.594009983361065,0.765391014975042,3,3,INFEASIBLE,0,0.434140347072357,4,0.35,1.78293732708976,0.0242257498243683,0.0739507866430737,-63.0627095238965,7.69370762940938,34.3756701527393,0.0863954484632654,0.216016331114047,48.0070481960925,9.49640089900648,57,R0057,-1.07090092900653,Exp1,regime_structure,regime-pipeline-v1,3,57
1.05530043657051,30.903514131619,8.40549422833389,0.560366281888926,20,32,0,0,0,0,0,21.8950548602845,50.7026326946287,48.8397579421193,50.7026326946287,0.703826955074875,0.998333333333333,3,0,0.564059900166389,0.770382695507488,3,3,INFEASIBLE,0,0.443901706280042,4,0.35,0.904069577560352,0.0144090272551901,0.132015151678278,-42.6919931350198,10.8751633943377,36.9189670415476,0.115014725106298,0.131135405802533,30.903514131619,8.40549422833389,58,R0058,-2.2119049865795,Exp1,regime_structure,regime-pipeline-v1,3,58
1.01572654530028,58.5431366028264,12.5218066396354,0.834787109309029,20,16,1,1,1,1,3,0.116725227355005,0.279459432016961,0.111464402398196,0.279459432016961,0,0.763333333333333,0,0,0,0,0,0,EASY,2,0.176112296371866,2,0.35,1.39588321613846,0.0243291350038346,0.144213782294306,-41.4348728943893,6.91938383520017,44.7974515332476,0.135364233280118,0.0122088280275357,58.5431366028264,12.5218066396354,59,R0059,1.77153952319654,Exp1,regime_structure,regime-pipeline-v1,3,59
1.38847690711058,104.350142056455,11.467713442326,0.764514229488399,20,8,1,1,1,1,3,1.15135026020196,3.88267280239684,1.54306633174809,3.88267280239684,0,0.921666666666667,2.895,0,0,0.15973377703827,0,2.96,EASY,2,0.204344906215725,4,0.35,1.56689563828922,0.0167344168905775,0.150853518566848,-54.3823016751024,9.27450284588897,45.1866445609015,0.0165554341328681,0.0457471955316555,104.350142056455,11.467713442326,60,R0060,1.64391652963915,Exp1,regime_structure,regime-pipeline-v1,3,60
2.00399328138621,63.9498106613869,13.6350757204421,0.909005048029476,20,32,0,0,0,0,0,40.5950447084549,86.9980766244882,86.9980766244882,86.9980766244882,0.70216306156406,0.995,3,0,0.522462562396007,0.75540765391015,3,3,INFEASIBLE,0,0.145216698081155,5,0.35,1.72210700718792,0.0361022935245559,0.183766791774347,-58.7732136361891,7.72912901997978,37.5977432247863,0.0971770056374491,0.17140030269841,63.9498106613869,13.6350757204421,61,R0061,-1.94157878043166,Exp1,regime_structure,regime-pipeline-v1,3,61
1.42873279463365,117.434573357248,10.2120876724714,0.680805844831427,20,32,1,1,1,1,3,4.06933087403917,11.5368819463053,10.5423274326134,11.5368819463053,0.517470881863561,0.99,3,0,0.412645590682196,0.653910149750416,3,3,EASY,2,0.323150940728833,5,0.35,1.13713004453683,0.0280365389090755,0.179379902133443,-43.4423895945273,12.6643610828025,38.506523224673,0.0966265616189801,0.0698532360686993,117.434573357248,10.2120876724714,62,R0062,2.03999165110356,Exp1,regime_structure,regime-pipeline-v1,3,62
1.50139613956033,110.776704675362,10.300043064204,0.686669537613603,20,32,0,0,0,0,0,13.215460280872,37.3162468903353,37.3162468903353,37.3162468903353,0.745424292845258,0.996666666666667,3,0,0.599001663893511,0.795341098169717,3,3,INFEASIBLE,0,0.276517894088368,4,0.35,1.47946379709549,0.0372890646989101,0.128821935311474,-54.586585335631,5.87079806992049,28.3937178077192,0.00125756770037538,0.211296145039474,110.776704675362,10.300043064204,63,R0063,-2.46965996663179,Exp1,regime_structure,regime-pipeline-v1,3,63
2.14043164033427,65.125523188237,9.53362067706562,0.635574711804375,20,32,1,1,1,1,3,3.00104030405236,9.34986046604661,9.31966082135671,9.34986046604661,0.316139767054908,0.991666666666667,3,0,0.00166389351081531,0.465890183028286,3,3,EASY,2,0.292480445849358,5,0.35,1.56876782080909,0.0265467051407503,0.189156678071429,-62.0109454078916,9.95423007691294,38.8721618855302,0.0821966157203824,0.051652455757757,65.125523188237,9.53362067706562,64,R0064,1.44936108781145,Exp1,regime_structure,regime-pipeline-v1,3,64
0.663138045109731,100.776978851745,13.0922040678671,0.872813604524475,20,32,0,0,0,0,0,46.05407201455,90,86.2532009226689,90,0.81198003327787,1,3,0,0.732113144758735,0.841930116472546,3,3,INFEASIBLE,0,0.123050754279058,4,0.35,1.0629059760766,0.0162212598580639,0.0812899402351256,-38.7869531704246,13.1600506627999,29.2616228135828,0.00729611232830931,0.219613332009935,100.776978851745,13.0922040678671,65,R0065,-2.48765925651221,Exp1,regime_structure,regime-pipeline-v1,3,65
1.10066055051877,101.227398503239,12.8047128306146,0.853647522040971,20,32,0,0,0,0,0,27.5074009323869,67.2622613032201,66.9366727580702,67.2622613032201,0.733777038269551,0.996666666666667,3,0,0.547420965058236,0.792013311148086,3,3,INFEASIBLE,0,0.0894927530090179,4,0.35,1.67219790943863,0.0170356187233631,0.181328694057591,-34.4249854436109,7.07340156650054,41.6327552407118,0.140331465385571,0.234011856263629,101.227398503239,12.8047128306146,66,R0066,-2.32699942329653,Exp1,regime_structure,regime-pipeline-v1,3,66
2.3468298382943,80.1038092416663,9.09786415355994,0.606524276903996,20,32,0,1,1,0.666666666666667,2,4.19491150768703,15.7528732088987,15.7528732088987,15.7528732088987,0.519134775374376,0.993333333333333,3,0,0.367720465890183,0.670549084858569,3,3,INFEASIBLE,0,0.127133961365591,3,0.35,1.08059446842045,0.0208628433323491,0.173183919927972,-65.2607710662763,10.6557282734444,30.0204837925339,0.0611268932308978,0.0696754042967988,80.1038092416663,9.09786415355994,67,R0067,-1.65360701536876,Exp1,regime_structure,regime-pipeline-v1,3,67
0.471227870680606,32.2596928703412,9.07793223717478,0.605195482478318,20,32,1,1,1,1,3,1.26317127942743,3.51093945965104,0.485377458253832,3.51093945965104,0.111480865224626,0.981666666666667,2.85,0,0,0.193011647254576,2.97,2.9,EASY,2,0.266087450217088,4,0.35,2.06919246610947,0.0145369175009309,0.0580804691710387,-38.1996793861003,7.5634188149444,28.6932067061403,0.0506843241551359,0.0245659829663183,32.2596928703412,9.07793223717478,68,R0068,2.29011276905541,Exp1,regime_structure,regime-pipeline-v1,3,68
1.28464621979184,83.9306353815395,14.0006805372322,0.933378702482149,20,32,0,0,0,0,0,12.2555488180913,36.0298333903365,36.0298333903365,36.0298333903365,0.653910149750416,0.993333333333333,3,0,0.525790349417637,0.720465890183028,3,3,INFEASIBLE,0,0.40997230634232,4,0.35,1.5778054462841,0.0250899731078032,0.121541121692249,-53.2899778739744,13.2770441964341,32.9027221898626,0.131859533549655,0.0969512703907621,83.9306353815395,14.0006805372322,69,R0069,-2.21413977162288,Exp1,regime_structure,regime-pipeline-v1,3,69
0.374697723526912,39.9029838046077,12.8542306162039,0.856948707746928,20,32,0,0,0,0,0,19.3598338770544,46.8670116612697,46.8670116612697,46.8670116612697,0.660565723793677,0.995,3,0,0.502495840266223,0.710482529118136,3,3,INFEASIBLE,0,0.159314968563133,4,0.35,1.38568017324678,0.024809459289869,0.0500165363595926,-45.6927489050889,6.86689796704402,48.1527447897851,0.116965889511634,0.156943416498687,39.9029838046077,12.8542306162039,70,R0070,-1.96713112761851,Exp1,regime_structure,regime-pipeline-v1,3,70
1.02759378247383,37.2354986897636,9.8851975394297,0.659013169295313,20,32,0,0,0,0,0,22.5665024690399,60.6616244603949,60.6616244603949,60.6616244603949,0.693843594009983,0.998333333333333,3,0,0.647254575707155,0.800332778702163,3,3,INFEASIBLE,0,0.35839316302352,3,0.35,1.30447352697379,0.0116289515948785,0.165561971965026,-37.8427098072058,6.65443752489327,48.117611042483,0.0418322437516887,0.216320059610602,37.2354986897636,9.8851975394297,71,R0071,-2.12666931878198,Exp1,regime_structure,regime-pipeline-v1,3,71
1.53986916090101,104.79359200032,11.8146749825461,0.787644998836407,20,32,0,0,0,0,0,14.7507317037455,44.2110485961613,44.2110485961613,44.2110485961613,0.70216306156406,0.998333333333333,3,0,0.584026622296173,0.763727121464226,3,3,INFEASIBLE,0,0.405208526817849,3,0.35,2.03123912686633,0.0132851674830883,0.127844621006659,-66.0280063662069,9.50499302957528,38.896901160028,0.116237514700164,0.136273950768305,104.79359200032,11.8146749825461,72,R0072,-1.91311142942714,Exp1,regime_structure,regime-pipeline-v1,3,72
0.41796547625687,99.4879578642906,14.2032519033568,0.946883460223787,20,8,1,1,1,1,3,0.0740428353800818,0.172397999531013,0.0680386804785031,0.172397999531013,0,0.656666666666667,0,0,0,0,0,0,EASY,2,0.353225134957132,4,0.35,1.61163516552133,0.0332203475456961,0.0559617027279257,-44.6195058373111,8.6712821747469,46.1967994339336,0.00877937529690797,0.00137163182653287,99.4879578642906,14.2032519033568,73,R0073,2.24309008138238,Exp1,regime_structure,regime-pipeline-v1,3,73
1.68644524296611,20.75801247549,10.8779189585116,0.725194597234108,20,32,0,0,0,0,0,28.8138175613774,90,90,90,0.770382695507488,0.998333333333333,3,0,0.577371048252912,0.835274542429285,3,3,INFEASIBLE,0,0.290796272344334,2,0.35,2.04234179340878,0.0316032722508421,0.227851032971927,-41.5790157064358,5.37416014417675,40.8476691254048,0.126430723156164,0.195126197974151,20.75801247549,10.8779189585116,74,R0074,-2.50559126876817,Exp1,regime_structure,regime-pipeline-v1,3,74
0.656354045299493,68.3874336726669,12.1231751141566,0.808211674277109,20,32,1,1,1,1,3,1.10282255125145,2.90544931003571,2.58357424166106,2.90544931003571,0.0881863560732113,0.995,3,0,0,0.334442595673877,3,3,EASY,2,0.207157799145028,2,0.35,1.42956602480174,0.0170439248960832,0.0846916136658997,-43.0444953965146,13.3734456316544,39.9301629110576,0.0677589343787876,0.0255964485656342,68.3874336726669,12.1231751141566,75,R0075,1.95222398911688,Exp1,regime_structure,regime-pipeline-v1,3,75
1.61237914022337,46.6328276216649,8.53555333251338,0.569036888834225,45,8,0,0,0,0,0,74.4402854753466,90,90,90,0.760399334442596,0.998333333333333,3,0,0.733777038269551,0.845257903494176,3,3,INFEASIBLE,0,0.365880155032651,2,0.35,0.923139481788213,0.0396948141951659,0.142870400250133,-65.3432791514505,11.4237205762613,43.3923717143978,0.0230935108246495,0.244471964428428,46.6328276216649,8.53555333251338,76,R0076,-2.18047271851256,Exp1,regime_structure,regime-pipeline-v1,3,76
1.81112531084371,28.3303857311651,8.96073757994443,0.597382505329629,20,8,0,0,0,0,0,90,90,90,90,0.665557404326123,0.995,3,0,0.635607321131448,0.738768718801997,3,3,INFEASIBLE,0,0.425700952157805,2,0.35,1.01813174379327,0.0349588958277674,0.197953180430102,-51.2228279878023,9.19183319431909,40.5710669119053,0.0754752488429501,0.226925784107965,28.3303857311651,8.96073757994443,77,R0077,-2.5020812437675,Exp1,regime_structure,regime-pipeline-v1,3,77
0.815438249702928,97.2009615286494,11.6048033233685,0.773653554891231,20,32,0,0,0,0,0,10.3832213313267,25.4959398460847,25.1835392358969,25.4959398460847,0.625623960066556,0.998333333333333,3,0,0.450915141430948,0.740432612312812,3,3,INFEASIBLE,0,0.247095891784083,4,0.35,1.51007569828904,0.0139406168898128,0.0937773722449358,-51.1174133059922,6.68811908896632,44.7314581527582,0.0072028947244852,0.145515289812486,97.2009615286494,11.6048033233685,78,R0078,-1.4407192062196,Exp1,regime_structure,regime-pipeline-v1,3,78
0.77718059960422,51.5077877462179,13.3272805745729,0.888485371638195,20,16,1,1,1,1,3,0.0729388202329972,0.20491323626556,0.0739510903383081,0.20491323626556,0,0.678333333333333,0,0,0,0,0,0,EASY,2,0.0669165502315416,4,0.35,1.13636861290408,0.0279415454233903,0.0833455060228912,-42.2038388569868,7.12622889128243,26.5146404834923,0.127977063578035,0.00312555313264772,51.5077877462179,13.3272805745729,79,R0079,2.51301372014961,Exp1,regime_structure,regime-pipeline-v1,3,79
1.33610384274644,30.6273239409374,12.6355176130093,0.842367840867289,20,8,0,0,0,0,0,90,90,90,90,0.555740432612313,0.998333333333333,3,0,0.522462562396007,0.637271214642263,3,3,INFEASIBLE,0,0.366665099379646,6,0.35,1.1456055830608,0.0129665908479564,0.199084726787143,-36.7561812953516,11.5482141552591,38.8255474245597,0.0113693449656674,0.205932193122177,30.6273239409374,12.6355176130093,80,R0080,-2.44853930370128,Exp1,regime_structure,regime-pipeline-v1,3,80
0.659733467007346,79.0824927365798,14.0930727592706,0.939538183951372,20,8,1,1,1,1,3,0.173908749549694,0.539736741630865,0.075441925996111,0.539736741630865,0,0.758333333333333,0,0,0,0,0,3,EASY,2,0.307498984946845,5,0.35,1.70975070325488,0.0257578336601976,0.0540120923712301,-56.3021931706109,8.38724772637849,27.5015362472638,0.118369312778011,0.0133890463990195,79.0824927365798,14.0930727592706,81,R0081,2.15030638479483,Exp1,regime_structure,regime-pipeline-v1,3,81
2.03197598444521,26.314559705096,10.7178002086378,0.714520013909187,20,16,0,0,0,0,0,90,90,90,90,0.668885191347754,0.996666666666667,3,0,0.690515806988353,0.81198003327787,3,3,INFEASIBLE,0,0.404877117027815,5,0.35,1.28341106868826,0.0193275647821168,0.214519610920257,-52.6405159495701,13.301490277193,39.9759222083482,0.129445130600188,0.159325379828535,26.314559705096,10.7178002086378,82,R0082,-2.32892832052657,Exp1,regime_structure,regime-pipeline-v1,3,82
0.792233685198783,40.3510571304628,8.1911268006538,0.546075120043587,20,32,0,0,0,0,0,32.5334346589162,84.8230641206702,84.8230641206702,84.8230641206702,0.810316139767055,0.996666666666667,3,0,0.753743760399334,0.861896838602329,3,3,INFEASIBLE,0,0.367772980156723,2,0.35,1.40667741188271,0.010192906497135,0.0948437599549751,-38.8867970457209,13.2156123120374,28.0528261750114,0.0599559082800859,0.167444597025043,40.3510571304628,8.1911268006538,83,R0083,-2.20472361717968,Exp1,regime_structure,regime-pipeline-v1,3,83
0.926433751414272,61.645210175204,9.89517833178199,0.659678555452133,20,32,1,1,1,1,3,3.7058169612464,9.02277485178521,4.22590231363519,9.02277485178521,0.434276206322795,0.995,3,0,0.259567387687188,0.54242928452579,3,3,EASY,2,0.373254645158946,2,0.35,1.27441599796656,0.0122057744409289,0.0858737183009357,-60.6193890994128,10.9624316645606,40.8673301839539,0.0825169848364794,0.064701239863175,61.645210175204,9.89517833178199,84,R0084,2.02991501463511,Exp1,regime_structure,regime-pipeline-v1,3,84
0.947502582910698,44.9179009276954,11.3620525630357,0.757470170869047,20,32,0,0,0,0,0,15.6241441276845,43.3696948168453,43.3696948168453,43.3696948168453,0.582362728785358,0.998333333333333,3,0,0.512479201331115,0.705490848585691,3,3,INFEASIBLE,0,0.402409689637668,4,0.35,1.87437376556627,0.011542125029176,0.093501503544576,-62.4508097708889,8.44942906029045,49.1602280910844,0.147496519926111,0.152418284494288,44.9179009276954,11.3620525630357,85,R0085,-2.32222807372099,Exp1,regime_structure,regime-pipeline-v1,3,85
1.50506849968435,44.6025039577292,12.9027788433584,0.860185256223891,45,32,0,0,0,0,0,10.710208354617,35.8514211150748,35.8514211150748,35.8514211150748,0.51414309484193,0.998333333333333,3,0,0.377703826955075,0.557404326123128,3,3,INFEASIBLE,0,0.19912651123818,2,0.35,1.23064404757179,0.0319524466796083,0.116201804796924,-65.1784386672042,5.92987780302514,32.7780019675865,0.111810326813507,0.122216914032429,44.6025039577292,12.9027788433584,86,R0086,-1.95259044900193,Exp1,regime_structure,regime-pipeline-v1,3,86
0.92341456655027,118.115391595839,8.45952673395136,0.56396844893009,45,32,1,0,0,0.333333333333333,1,14.3874839677846,34.3030795873028,8.34782923020905,34.3030795873028,0.728785357737105,0.991666666666667,3,0,0.62063227953411,0.795341098169717,3,3,FRAGILE,1,0.174864300055944,6,0.35,1.86520952935076,0.0174698075265485,0.115133695761978,-38.6701915235094,6.23922368912817,30.0902261751654,0.0570285186077087,0.169291704153282,118.115391595839,8.45952673395136,87,R0087,0,Exp1,regime_structure,regime-pipeline-v1,3,87
0.927704831288558,112.977536410397,12.2928116261027,0.819520775073514,20,32,0,1,0,0.333333333333333,1,15.3045476107158,35.2289471134657,9.24089085313926,35.2289471134657,0.725457570715474,0.996666666666667,3,0,0.579034941763727,0.770382695507488,3,3,INFEASIBLE,0,0.128548892766853,4,0.35,0.919415422259167,0.0184262252259984,0.138644107752076,-32.4185247742083,13.6826191375041,30.3830278030401,0.142304648509741,0.11822220745615,112.977536410397,12.2928116261027,88,R0088,-2.5211615083902,Exp1,regime_structure,regime-pipeline-v1,3,88
0.782202279481643,25.6507947014569,13.1471246475915,0.876474976506102,20,32,0,0,0,0,0,42.3400602320611,72.5201162110361,30.2513680529134,72.5201162110361,0.790349417637271,1,3,0,0.628951747088186,0.860232945091514,3,3,INFEASIBLE,0,0.38346470831898,4,0.35,1.79084352651735,0.0386214282097948,0.104198397556909,-42.310973031908,11.4540260930008,41.1198298368652,0.00700539617562158,0.175159578721149,25.6507947014569,13.1471246475915,89,R0089,-2.54981957582468,Exp1,regime_structure,regime-pipeline-v1,3,89
1.71393741155834,65.6206461623211,10.50116495434,0.700077663622666,20,32,1,1,1,1,3,3.55008446117819,11.4512701897946,11.4512701897946,11.4512701897946,0.32279534109817,0.99,3,0,0.139767054908486,0.435940099833611,3,3,EASY,2,0.339304545292689,4,0.35,1.16352283015496,0.0266312039690381,0.208097540258207,-41.5538852297055,5.04781810844748,32.9479657163875,0.0766318779580623,0.0708093973132736,65.6206461623211,10.50116495434,90,R0090,1.85779971124832,Exp1,regime_structure,regime-pipeline-v1,3,90
0.872702068739544,94.8636885575271,11.5658285122105,0.771055234147365,20,32,0,0,0,0,0,9.44632948879189,22.5673123201176,21.4845645196421,22.5673123201176,0.597337770382696,0.996666666666667,3,0,0.477537437603993,0.705490848585691,3,3,INFEASIBLE,0,0.354511411101751,4,0.35,1.85959278929633,0.0262491672676911,0.118799964036838,-37.6425779614481,7.49275925611868,33.987614336163,0.0304457481079962,0.126593243614818,94.8636885575271,11.5658285122105,91,R0091,-1.34707045717292,Exp1,regime_structure,regime-pipeline-v1,3,91
2.25299202294374,40.0303927563663,12.1973443412145,0.813156289414298,20,32,1,1,1,1,3,0.810542843360986,1.99406068229022,0.513945927434439,1.99406068229022,0,0.983333333333333,0,0,0,0.209650582362729,0,3,EASY,2,0.25447458575627,5,0.35,1.2803694388937,0.0205239979229906,0.190895789510525,-62.9074719382307,7.9655863090714,36.7738595529,0.0553889118004252,0.0223311758150841,40.0303927563663,12.1973443412145,92,R0092,1.36548919750626,Exp1,regime_structure,regime-pipeline-v1,3,92
0.812301632918238,78.70832609882,14.5947883859149,0.972985892394324,20,32,0,0,0,0,0,18.154299475778,54.2478913050245,54.2478913050245,54.2478913050245,0.582362728785358,0.991666666666667,3,0,0.489184692179701,0.707154742096506,3,3,INFEASIBLE,0,0.449383014368062,1,0.35,1.1091289052487,0.0166361467827118,0.0803035963872558,-57.8071409687435,7.51467861495684,42.2726697418193,0.071568835432561,0.216936594584414,78.70832609882,14.5947883859149,93,R0093,-2.44931727787684,Exp1,regime_structure,regime-pipeline-v1,3,93
2.00664072672673,114.950323241463,10.4313845133544,0.695425634223627,20,32,0,0,0,0,0,35.2842519029435,90,90,90,0.838602329450915,0.996666666666667,3,0,0.765391014975042,0.870216306156406,3,3,INFEASIBLE,0,0.22447769960781,1,0.35,1.16313970449648,0.0279105266420718,0.157607062077634,-57.3933596012269,11.7672738590032,26.3024833472086,0.024262585248793,0.227222871467675,114.950323241463,10.4313845133544,94,R0094,-2.30217374607977,Exp1,regime_structure,regime-pipeline-v1,3,94
1.69137806601609,58.0718452141483,11.2513964065396,0.750093093769307,20,32,0,0,0,0,0,17.4270631435683,36.7261962450609,36.7261962450609,36.7261962450609,0.67720465890183,0.996666666666667,3,0,0.580698835274542,0.770382695507488,3,3,INFEASIBLE,0,0.247388029785148,2,0.35,1.39379475126353,0.0125559256668806,0.157462918094454,-54.7759428569795,11.8219102860715,33.660168296282,0.0797390675033311,0.124730452156274,58.0718452141483,11.2513964065396,95,R0095,-1.83923719908816,Exp1,regime_structure,regime-pipeline-v1,3,95
0.950005037090897,43.4585085541248,11.6779725321624,0.778531502144159,20,32,0,0,0,0,0,29.5886953064536,64.1275982556921,62.8649883029861,64.1275982556921,0.728785357737105,0.993333333333333,3,0,0.580698835274542,0.757071547420965,3,3,INFEASIBLE,0,0.124431063343011,2,0.35,1.11680520393224,0.0389714425324554,0.110178290884299,-49.1704557065076,8.09645105021715,42.0930184861958,0.104656840045918,0.169234293863732,43.4585085541248,11.6779725321624,96,R0096,-1.69368882947877,Exp1,regime_structure,regime-pipeline-v1,3,96
0.893455439251822,86.8062862469799,12.3884095062953,0.825893967086351,20,32,0,0,0,0,0,23.9186082756802,50.3692969815803,49.9038450001472,50.3692969815803,0.790349417637271,0.996666666666667,3,0,0.653910149750416,0.828618968386023,3,3,INFEASIBLE,0,0.0608529854982921,3,0.35,1.84453965994887,0.0394817725619079,0.112078763729466,-46.2926139349572,13.1700184027949,43.6501393859621,0.0226603184555874,0.168191334336891,86.8062862469799,12.3884095062953,97,R0097,-2.73309037785153,Exp1,regime_structure,regime-pipeline-v1,3,97
2.11185265325571,78.5061675956032,9.41135969944009,0.627423979962673,20,8,1,1,1,1,3,0.125124317025622,0.386925141290124,0.271143094738114,0.386925141290124,0,0.831666666666667,0,0,0,0,0,0,EASY,2,0.0866829501996218,1,0.35,1.46826767022128,0.0397606397526427,0.199191358951042,-55.8369745595214,8.56604321630484,35.9020193155088,0.0633805204876532,0.0312238086719847,78.5061675956032,9.41135969944009,98,R0098,1.3626904221091,Exp1,regime_structure,regime-pipeline-v1,3,98
0.547126533834392,108.890247764208,8.41237859277941,0.560825239518627,20,8,1,1,0,0.666666666666667,2,1.95356165275709,6.5891680708257,1.16003493793973,6.5891680708257,0.00665557404326123,0.883333333333333,2.985,0,0,0.276206322795341,0,3,FRAGILE,1,0.291388523673327,4,0.35,1.22528502692846,0.0150974864469064,0.0497727271697461,-61.6301601856034,13.7182747629943,40.6869626978887,0.0611777159110612,0.040151683094893,108.890247764208,8.41237859277941,99,R0099,0,Exp1,regime_structure,regime-pipeline-v1,3,99
1.66675122909737,70.9229949699115,13.8184334325411,0.921228895502738,80,16,0,0,0,0,0,80.8149327626635,90,90,90,0.775374376039933,0.998333333333333,3,0,0.748752079866889,0.873544093178037,3,3,INFEASIBLE,0,0.351119208210262,3,0.35,1.97233014075223,0.0200874070149916,0.162434172949351,-58.2661822224206,12.5578030512025,41.7357014878736,0.0511676639931429,0.22169662960929,70.9229949699115,13.8184334325411,100,R0100,-2.27821002666248,Exp1,regime_structure,regime-pipeline-v1,3,100
1.00796825426107,97.5044400588339,9.8390424358211,0.655936162388073,20,32,0,0,0,0,0,19.780790143728,44.8230751750466,28.4104112576931,44.8230751750466,0.813643926788686,0.995,3,0,0.713810316139767,0.855241264559068,3,3,INFEASIBLE,0,0.433567783451302,2,0.35,1.26491593062222,0.031930124241665,0.0895985250256336,-66.9644695205219,12.7605528543189,45.8625538529816,0.133296848279976,0.170019404909246,97.5044400588339,9.8390424358211,101,R0101,-2.30565763120709,Exp1,regime_structure,regime-pipeline-v1,3,101
1.71201525536231,40.5985906258634,9.28380682636424,0.618920455090949,20,32,1,1,1,1,3,2.88134134649121,7.12187311337227,1.69889170428975,7.12187311337227,0.314475873544093,0.993333333333333,2.995,0,0.064891846921797,0.464226289517471,2.885,3,EASY,2,0.055801183444638,4,0.35,2.06522974447486,0.0267553680063322,0.20174683421242,-49.1147412351102,8.90409811693163,43.3594010325512,0.0720816170447077,0.0429636334641291,40.5985906258634,9.28380682636424,102,R0102,2.09673932306081,Exp1,regime_structure,regime-pipeline-v1,3,102
1.13593994451624,41.9976248223767,9.0253365666494,0.601689104443294,20,16,1,1,1,1,3,1.35883078526375,4.43792589753239,4.43792589753239,4.43792589753239,0,0.941666666666667,3,0,0,0.133111480865225,3,3,EASY,2,0.120771195530056,4,0.35,1.02515801235045,0.0147848871440722,0.124891714788674,-54.4358599526862,11.118999089193,46.3647633593304,0.130582869152672,0.0270306683747597,41.9976248223767,9.0253365666494,103,R0103,1.85160257761243,Exp1,regime_structure,regime-pipeline-v1,3,103
0.928843175972522,67.3784519955492,11.5065775138831,0.767105167592208,20,32,0,0,1,0.333333333333333,1,11.0475299379003,26.0032614713348,21.0744577714844,26.0032614713348,0.615640599001664,0.996666666666667,3,0,0.442595673876872,0.688851913477537,3,3,INFEASIBLE,0,0.201250228466884,5,0.35,1.41823141655249,0.0385403014165527,0.147846558673439,-30.961747390297,12.6544627026714,31.4376398204935,0.0616870570866738,0.0860762483719167,67.3784519955492,11.5065775138831,104,R0104,-1.65583975310337,Exp1,regime_structure,regime-pipeline-v1,3,104
1.16334252724454,62.1667272499079,12.2175369492787,0.81450246328525,20,32,0,0,0,0,0,23.4541647302789,51.0943342843134,6.7602323769145,51.0943342843134,0.752079866888519,0.996666666666667,3,0,0.597337770382696,0.805324459234609,3,3,INFEASIBLE,0,0.212220034047416,4,0.35,1.2867390705033,0.0351140244058379,0.149564644274033,-43.5871122909937,13.8890907650558,40.6462259961657,0.0302432926035826,0.134568534754609,62.1667272499079,12.2175369492787,105,R0105,-2.00078449943724,Exp1,regime_structure,regime-pipeline-v1,3,105
0.994249616224897,69.774438062206,14.0219863767985,0.934799091786566,20,32,1,1,1,1,3,4.53098110572258,11.5055402998968,8.76550207418724,11.5055402998968,0.331114808652246,0.995,3,0,0.108153078202995,0.417637271214642,2.92,2.955,EASY,2,0.0687016295679508,1,0.35,1.24343231121079,0.0343632082631103,0.0940604249709314,-58.0199395755659,13.3454165730406,38.9976925038454,0.00301774639629471,0.0472693900206734,69.774438062206,14.0219863767985,106,R0106,2.20678061672982,Exp1,regime_structure,regime-pipeline-v1,3,106
0.364764831131107,48.7261232907302,14.6570519470304,0.977136796468696,20,32,1,1,1,1,3,0.651312074115639,1.79882812804452,1.00700163194679,1.79882812804452,0,0.983333333333333,0,0,0,0.138103161397671,0,3,EASY,2,0.378727503298169,1,0.35,1.13764861458338,0.0273118599211128,0.0481182476553729,-39.3134262671598,10.5439060128211,34.8126301142745,0.0868577316382716,0.0196413537105501,48.7261232907302,14.6570519470304,107,R0107,2.00443381686193,Exp1,regime_structure,regime-pipeline-v1,3,107
0.654414465479315,115.895221800332,9.05061569694063,0.603374379796042,20,32,1,1,1,1,3,5.20507007705692,13.4494164065148,10.3599047139963,13.4494164065148,0.640599001663893,0.991666666666667,3,0,0.419301164725458,0.75540765391015,2.955,3,FRAGILE,1,0.165585799161801,6,0.35,1.65042624057976,0.0135019069055584,0.0804523715691519,-46.1473344215072,10.5783915003644,41.6606956706109,0.0317173855427859,0.0948316812868835,115.895221800332,9.05061569694063,108,R0108,0,Exp1,regime_structure,regime-pipeline-v1,3,108
0.486308374526509,45.6713830093692,10.6794865072552,0.711965767150345,20,32,1,1,1,1,3,6.72804826269898,15.3982965251447,1.44982559164839,15.3982965251447,0.587354409317804,0.99,2.995,0,0.362728785357737,0.665557404326123,3,2.995,EASY,2,0.317190372208314,4,0.35,1.08225342922876,0.0269928654118497,0.0653788168310607,-40.6984765352707,12.8534016491331,38.7496941553952,0.0529080095173587,0.0602220592154728,45.6713830093692,10.6794865072552,109,R0109,1.80457267265256,Exp1,regime_structure,regime-pipeline-v1,3,109
0.485078967955681,29.7672068726007,13.3839028383824,0.892260189225492,20,32,1,1,1,1,3,1.97898055850221,3.7315616056443,1.31976959723019,3.7315616056443,0.021630615640599,0.993333333333333,2.82,0,0,0.229617304492512,3,2.865,EASY,2,0.385307691711142,6,0.35,1.23417525176809,0.0138746583305979,0.0863031877616423,-32.3600003405614,9.94961118839905,42.904927969467,0.0436955955156566,0.0314681886222241,29.7672068726007,13.3839028383824,110,R0110,2.20092662316786,Exp1,regime_structure,regime-pipeline-v1,3,110
0.369382832080555,42.2968382435793,11.9890503256717,0.799270021711445,20,32,0,0,0,0,0,35.618930483042,79.3649398105557,79.3649398105557,79.3649398105557,0.831946755407654,0.998333333333333,3,0,0.670549084858569,0.885191347753744,3,3,INFEASIBLE,0,0.240427547141262,2,0.35,1.18375209630731,0.0141557825429676,0.0414474356746295,-47.1384758809678,10.2314755583737,36.2121531915067,0.0639847045563236,0.23490026438287,42.2968382435793,11.9890503256717,111,R0111,-2.43195199236144,Exp1,regime_structure,regime-pipeline-v1,3,111
1.12265377882467,73.3772590113366,13.2128212544424,0.880854750296159,20,32,1,1,1,1,3,2.41757609717285,6.02108629474771,0.644838601806788,6.02108629474771,0.133111480865225,0.998333333333333,2.9,0,0,0.256239600665557,3,3,EASY,2,0.139159124962105,4,0.35,1.0673043233622,0.0311508810807547,0.168867446133072,-40.2961577321691,5.50637469456544,47.5541932612591,0.0567527861551321,0.0547001427824426,73.3772590113366,13.2128212544424,112,R0112,1.72431505060555,Exp1,regime_structure,regime-pipeline-v1,3,112
1.44896141445432,55.9422248567062,14.0521673771734,0.936811158478224,20,16,1,1,1,1,3,0.0693912327844374,0.169878129658008,0.0977737339277648,0.169878129658008,0,0.911666666666667,0,0,0,0,0,0,EASY,2,0.174358370615857,5,0.35,1.42360949254702,0.0391722992127318,0.128653661737232,-54.5585421246015,10.7976773083577,30.3750871850132,0.0233620398319827,0.00116690160804046,55.9422248567062,14.0521673771734,113,R0113,2.25803498960971,Exp1,regime_structure,regime-pipeline-v1,3,113
1.67508786463909,103.550773293426,13.5209727372866,0.901398182485771,20,32,1,1,1,1,3,4.88644511928955,12.5370085229652,0.57542377690803,12.5370085229652,0.387687188019967,0.993333333333333,2.975,0,0.161397670549085,0.504159733777038,3,3,EASY,2,0.342947651008989,2,0.35,1.86139686115736,0.0286815716792898,0.131046308534951,-59.3360531277448,10.174643228943,27.8915767086485,0.0549461246346734,0.0543707230304584,103.550773293426,13.5209727372866,114,R0114,1.95963802969214,Exp1,regime_structure,regime-pipeline-v1,3,114
0.486501448191156,67.4773119787122,8.95748456001007,0.597165637334005,20,32,0,1,1,0.666666666666667,2,5.30468726811494,15.7022660059044,15.7022660059044,15.7022660059044,0.562396006655574,0.99,3,0,0.281198003327787,0.627287853577371,3,3,INFEASIBLE,0,0.0726473413215456,4,0.35,1.82195950412504,0.0116515535861657,0.051177281925712,-56.4408275122321,6.87398341192112,45.6282970453719,0.110685386641747,0.0991294140983913,67.4773119787122,8.95748456001007,115,R0115,-2.01454133631141,Exp1,regime_structure,regime-pipeline-v1,3,115
0.478849958998981,39.661629438678,13.7411366762112,0.916075778414077,20,32,0,0,0,0,0,26.098739601758,75.2392317173716,75.2392317173716,75.2392317173716,0.693843594009983,1,3,0,0.613976705490849,0.763727121464226,3,3,INFEASIBLE,0,0.132182524858681,5,0.35,1.37349563831182,0.0203469353002555,0.0553333841028382,-51.6580627253926,8.41445903883688,46.1225321322772,0.000476656210000656,0.184649397187252,39.661629438678,13.7411366762112,116,R0116,-2.22654832484858,Exp1,regime_structure,regime-pipeline-v1,3,116
1.61846930198712,66.7027021825908,14.9644729589454,0.997631530596362,20,32,0,0,0,0,0,23.7139737484216,62.851577768136,62.851577768136,62.851577768136,0.717138103161398,0.998333333333333,3,0,0.54242928452579,0.772046589018303,3,3,INFEASIBLE,0,0.0749375699843851,4,0.35,1.13095588944606,0.03345130186818,0.207084567153874,-35.9209729349364,11.5656880446679,27.3428686259295,0.0266397587065959,0.150057653629162,66.7027021825908,14.9644729589454,117,R0117,-2.00741855094821,Exp1,regime_structure,regime-pipeline-v1,3,117
0.564268654589093,45.3156112658007,13.5694634535304,0.904630896902028,20,32,1,1,1,1,3,2.01149181991423,4.88015901898064,0.63678203070264,4.88015901898064,0,0.991666666666667,1.76,0,0,0.0515806988352745,1.595,2.935,EASY,2,0.407400271720586,6,0.35,1.3911414513962,0.0141000564627804,0.0770308731890723,-32.2801030692862,5.8918333853527,25.135583588752,0.0652989273713745,0.0331284411687078,45.3156112658007,13.5694634535304,118,R0118,2.23332273232891,Exp1,regime_structure,regime-pipeline-v1,3,118
1.07161509576733,92.9021689864312,11.9650377492877,0.797669183285845,20,32,0,0,0,0,0,26.4971348595681,80.0814083829794,80.0814083829794,80.0814083829794,0.798668885191348,0.998333333333333,3,0,0.668885191347754,0.841930116472546,3,3,INFEASIBLE,0,0.0501245064937728,4,0.35,1.15255987288202,0.0207566292640448,0.135354426642623,-47.9784683985833,13.306679039289,47.5358647141899,0.113195171562272,0.163308698395964,92.9021689864312,11.9650377492877,119,R0119,-1.79252994522552,Exp1,regime_structure,regime-pipeline-v1,3,119
0.748931891672049,98.2000285487256,14.9948169638361,0.99965446425574,20,32,0,0,0,0,0,15.2920030641684,34.484751002937,1.50035459810175,34.484751002937,0.655574043261231,0.996666666666667,3,0,0.482529118136439,0.710482529118136,3,3,INFEASIBLE,0,0.133947965101677,4,0.35,1.89976125405052,0.0354992697597911,0.075196058916416,-47.3392502991453,11.9145422544235,29.2421714241648,0.0321420304149065,0.12086397578607,98.2000285487256,14.9948169638361,120,R0120,-2.50233227444606,Exp1,regime_structure,regime-pipeline-v1,3,120
0.539137133900441,95.2213073587621,11.4867251896088,0.765781679307254,20,32,0,0,0,0,0,7.84448579840529,22.4078188319105,22.4078188319105,22.4078188319105,0.594009983361065,0.998333333333333,3,0,0.439267886855241,0.682196339434276,3,3,INFEASIBLE,0,0.14911371327688,3,0.35,1.91898948742372,0.0389142800311044,0.0791344519616332,-41.3150175466934,9.14248842888834,47.600328196298,0.0770031189120561,0.10823460573371,95.2213073587621,11.4867251896088,121,R0121,-2.02452774498074,Exp1,regime_structure,regime-pipeline-v1,3,121
1.6458628850609,34.0011556058431,14.9099301514326,0.993995343428838,20,32,0,0,0,0,0,63.7012735838671,90,90,90,0.597337770382696,0.996666666666667,3,0,0.525790349417637,0.772046589018303,3,3,INFEASIBLE,0,0.174712148917567,1,0.35,1.84404950517391,0.0322661596666154,0.141645618149818,-55.2690027058887,6.05129645476139,29.2848900420535,0.0943053659961328,0.198284814687504,34.0011556058431,14.9099301514326,122,R0122,-2.16127890794308,Exp1,regime_structure,regime-pipeline-v1,3,122
0.584959414919715,68.8869815082608,11.0617968359873,0.737453122399153,20,32,1,1,1,1,3,13.1316825792092,28.3453433553093,5.85946138310911,28.3453433553093,0.584026622296173,0.995,3,0,0.37603993344426,0.683860232945091,3,3,FRAGILE,1,0.199968478570244,6,0.35,1.05570905900556,0.0142130323136673,0.0894855451505014,-37.9394085262361,5.65811584740108,43.6010325971383,0.141541337244383,0.186946057904903,68.8869815082608,11.0617968359873,123,R0123,0,Exp1,regime_structure,regime-pipeline-v1,3,123
1.77584910639401,28.5087607499225,13.7245004462059,0.914966696413725,20,32,0,0,0,0,0,47.1712866791638,90,90,90,0.798668885191348,0.998333333333333,3,0,0.603993344425957,0.868552412645591,3,3,INFEASIBLE,0,0.0640617482983955,2,0.35,1.25677704019029,0.0105531995377706,0.155585887482506,-63.6292876402172,7.08225422030686,40.2257138751192,0.109438992723469,0.225001613610061,28.5087607499225,13.7245004462059,124,R0124,-2.04592481941948,Exp1,regime_structure,regime-pipeline-v1,3,124
0.837783139038945,95.3699803059847,12.5825978581404,0.838839857209363,20,32,1,1,1,1,3,2.00761108922416,5.8786040951909,5.3636768289308,5.8786040951909,0.199667221297837,0.991666666666667,3,0,0,0.409317803660566,3,2.94,EASY,2,0.13015605132102,5,0.35,1.40560452594972,0.0209982003809424,0.076420528391724,-62.84768309664,13.708640176585,42.5399271623059,0.0262357918660452,0.0334639572989152,95.3699803059847,12.5825978581404,125,R0125,2.06419806756682,Exp1,regime_structure,regime-pipeline-v1,3,125
0.924741902157703,104.765333286555,10.4305281157189,0.69536854104793,20,8,1,1,1,1,3,0.0771440129209367,0.177879821118537,0.051912952689538,0.177879821118537,0,0.725,0,0,0,0,0,2.88,EASY,2,0.332935832999736,1,0.35,1.02487895934874,0.0375426788439558,0.0860010452848793,-48.2153323362615,13.6035269418453,26.0254394834662,0.0308097337570773,0.0222111352093558,104.765333286555,10.4305281157189,126,R0126,1.63133843138264,Exp1,regime_structure,regime-pipeline-v1,3,126
1.56503535656629,32.1000784762771,12.3405284895298,0.822701899301988,20,32,1,1,1,1,3,3.35917870996111,8.24883216774288,8.24883216774288,8.24883216774288,0.277870216306156,0.998333333333333,3,0,0.0881863560732113,0.424292845257904,3,3,EASY,2,0.10916354835772,3,0.35,1.27065085294236,0.0159075424471366,0.184475366100799,-51.4692547150178,12.8407038736354,47.641515853545,0.0163420920159549,0.0282932524473646,32.1000784762771,12.3405284895298,127,R0127,1.92081935630539,Exp1,regime_structure,regime-pipeline-v1,3,127
1.45092941698137,72.84885746583,8.25609349880285,0.550406233253523,20,32,0,0,0,0,0,25.833128052346,79.2004154603924,79.2004154603924,79.2004154603924,0.8369384359401,0.998333333333333,3,0,0.765391014975042,0.861896838602329,3,3,INFEASIBLE,0,0.0969616261719664,5,0.35,1.93734958970176,0.0333997312200617,0.122001149498575,-53.8897108989643,11.2364106280873,26.577145742917,0.116091168847756,0.191785716252541,72.84885746583,8.25609349880285,128,R0128,-1.47905696143069,Exp1,regime_structure,regime-pipeline-v1,3,128
1.62237947546653,53.8863134903375,10.9739454505753,0.731596363371686,20,8,1,1,1,1,3,0.119841600249789,0.393672217791211,0.182952319313154,0.393672217791211,0,0.911666666666667,0,0,0,0,0,0,EASY,2,0.180861596496763,2,0.35,1.70450035159381,0.0301504101791746,0.106003078664479,-69.0772477451402,11.7242327252064,26.3671675395926,0.0104985750881641,0.0128441663472708,53.8863134903375,10.9739454505753,129,R0129,2.48867732017677,Exp1,regime_structure,regime-pipeline-v1,3,129
0.508852926207346,57.7359959662256,13.8928279036135,0.92618852690757,20,32,0,0,0,0,0,18.8684934863559,37.6527683506323,17.4332541416783,37.6527683506323,0.627287853577371,0.993333333333333,3,0,0.391014975041597,0.690515806988353,3,3,INFEASIBLE,0,0.243390953751664,4,0.35,1.12342724559538,0.0109973630354011,0.0749304433017075,-33.2573097917742,6.79098012133616,31.0432827231835,0.0942431251703598,0.187601975477744,57.7359959662256,13.8928279036135,130,R0130,-2.34989252295019,Exp1,regime_structure,regime-pipeline-v1,3,130
0.546512511232336,63.1325689184,13.7330358824306,0.915535725495376,20,32,0,0,0,0,0,12.6764721594344,31.3845501378693,30.96987522412,31.3845501378693,0.504159733777038,0.995,3,0,0.284525790349418,0.564059900166389,3,3,INFEASIBLE,0,0.446563040301689,4,0.35,1.61265114606772,0.0111949962631699,0.0818430995776816,-35.1061244305991,6.16286002161183,35.775939943826,0.0561803589368622,0.191369847155769,63.1325689184,13.7330358824306,131,R0131,-2.23332273232891,Exp1,regime_structure,regime-pipeline-v1,3,131
1.07476609326349,104.433511709004,11.1039834809051,0.740265565393675,20,32,1,1,1,1,3,4.19754502340465,12.9016473496614,12.9016473496614,12.9016473496614,0.502495840266223,0.993333333333333,3,0,0.284525790349418,0.663893510815308,3,3,EASY,2,0.180092326855957,4,0.35,1.17225683085424,0.025277264532954,0.162304850682388,-40.1200082214174,10.9778394012506,47.513658178913,0.0936484191878612,0.0790343761446125,104.433511709004,11.1039834809051,132,R0132,1.77368278191255,Exp1,regime_structure,regime-pipeline-v1,3,132
0.448250492532109,50.0925143387585,12.2009635756811,0.813397571712073,20,16,1,1,1,1,3,0.905911774271719,3.00087919686865,3.00087919686865,3.00087919686865,0,0.945,3,0,0,0,0,3,EASY,2,0.0669659636879085,3,0.35,1.07300616308995,0.0275831177951477,0.0586987713659052,-39.791984831499,6.62247874511111,35.1454439064334,0.132847039141435,0.0291469827203704,50.0925143387585,12.2009635756811,133,R0133,2.30440849522363,Exp1,regime_structure,regime-pipeline-v1,3,133
1.06104337356513,28.7332047227544,8.41463731622696,0.560975821081797,20,32,0,0,0,0,0,21.1402278180268,64.295047593147,64.295047593147,64.295047593147,0.712146422628952,0.998333333333333,3,0,0.635607321131448,0.760399334442596,3,3,INFEASIBLE,0,0.190842559851698,4,0.35,1.35746633468995,0.0131029298369334,0.139455552943057,-46.6329414372686,6.25334073131858,48.624184011951,0.0746183389832199,0.178210620791724,28.7332047227544,8.41463731622696,134,R0134,-2.37639147147932,Exp1,regime_structure,regime-pipeline-v1,3,134
0.626909356760263,47.2977509698893,13.9582566387124,0.930550442580824,20,32,1,1,1,1,3,4.49951130413182,11.1567024266976,7.59667447270156,11.1567024266976,0.259567387687188,0.995,3,0,0.0848585690515807,0.405990016638935,3,3,EASY,2,0.178918109278504,3,0.35,1.88527749993973,0.0210059055594733,0.0693326021230657,-55.3568532664186,12.0953972261732,48.5142859023781,0.0420283984478226,0.036058984797259,47.2977509698893,13.9582566387124,135,R0135,1.64294695880768,Exp1,regime_structure,regime-pipeline-v1,3,135
0.585414184556615,103.244871579061,9.29766593777671,0.619844395851781,20,8,1,1,1,1,3,0.238121912091715,0.800028571145392,0.277006126800871,0.800028571145392,0,0.805,0,0,0,0.0465890183028286,0,3,EASY,2,0.399352536158335,2,0.35,1.42053975208922,0.0207163128633026,0.0854522795429644,-36.6617387479361,9.69097361630722,37.0687803066292,0.0831550896090502,0.0389038313080076,103.244871579061,9.29766593777671,136,R0136,2.11678858723774,Exp1,regime_structure,regime-pipeline-v1,3,136
2.36470494748358,103.04653045485,12.5465369724348,0.83643579816232,20,8,1,1,1,1,3,0.0900335344447008,0.217297286572356,0.011130477216674,0.217297286572356,0,0.766666666666667,0,0,0,0.0316139767054908,0,2.965,EASY,2,0.326363380762583,5,0.35,1.18322458258359,0.0217308782538899,0.206931244046724,-55.1670880823413,7.64713455514143,30.1661368077741,0.0341435591409434,0.0375742951059468,103.04653045485,12.5465369724348,137,R0137,1.86549680931107,Exp1,regime_structure,regime-pipeline-v1,3,137
1.51065016088538,50.8160134103947,12.1157069493521,0.807713796623471,20,32,0,0,0,0,0,56.4217206901167,90,90,90,0.880199667221298,0.998333333333333,3,0,0.73044925124792,0.91846921797005,3,3,INFEASIBLE,0,0.0875818593721352,6,0.35,1.61975505268722,0.019539366064042,0.110909223132959,-67.1586237500788,13.7483561471664,31.4682402064567,0.14120940853814,0.234279982485388,50.8160134103947,12.1157069493521,138,R0138,-2.74786953779954,Exp1,regime_structure,regime-pipeline-v1,3,138
0.827355740539085,64.3889498536832,9.28939077116485,0.619292718077657,20,32,0,1,0,0.333333333333333,1,11.4517058556284,27.0581337610544,21.9912413165041,27.0581337610544,0.697171381031614,0.993333333333333,3,0,0.554076539101497,0.748752079866889,3,3,INFEASIBLE,0,0.0814678751342868,5,0.35,1.80953084137825,0.0278754848497448,0.116796904255344,-42.6109215953387,11.803729300565,46.8361627140855,0.148262544235735,0.096704282889972,64.3889498536832,9.28939077116485,139,R0139,-1.99262769023467,Exp1,regime_structure,regime-pipeline-v1,3,139
1.61257327672188,26.3561302515173,14.0478990795624,0.936526605304161,20,32,0,0,0,0,0,26.7620727266477,71.3283879331836,71.3283879331836,71.3283879331836,0.643926788685524,0.998333333333333,3,0,0.444259567387687,0.715474209650582,3,3,INFEASIBLE,0,0.224394512956658,5,0.35,0.941197077352123,0.0151690427006075,0.17650392781708,-54.748142667045,13.4007428480265,46.4804120561584,0.108654352636362,0.0813157886771883,26.3561302515173,14.0478990795624,140,R0140,-2.36484756307803,Exp1,regime_structure,regime-pipeline-v1,3,140
1.35387739298232,36.4283941580781,13.9331652859358,0.928877685729051,20,32,0,0,0,0,0,40.7330997583964,69.6452245250562,49.7095004445931,69.6452245250562,0.642262895174709,0.996666666666667,3,0,0.565723793677205,0.672212978369384,3,3,INFEASIBLE,0,0.352356819441109,3,0.35,2.02312121534216,0.0382676431087605,0.149912709322976,-53.6604131747168,8.23370254243726,45.6969921466321,0.106443431085784,0.16307159153015,36.4283941580781,13.9331652859358,141,R0141,-1.56609413003464,Exp1,regime_structure,regime-pipeline-v1,3,141
1.90758449468819,98.89504792749,11.6579861351123,0.777199075674153,20,16,1,1,1,1,3,0.082290809073873,0.176629757306679,0.096727676597918,0.176629757306679,0,0.805,0,0,0,0,0,0,EASY,2,0.389893852619998,5,0.35,1.32472421350128,0.0171796582696897,0.216672997087611,-41.4075755476479,9.93376088609814,28.6327444227073,0.134334929226708,0.0114779340438758,98.89504792749,11.6579861351123,142,R0142,1.77139884798756,Exp1,regime_structure,regime-pipeline-v1,3,142
2.40512142729214,91.1762406388213,11.7306652429929,0.782044349532862,20,32,1,0,0,0.333333333333333,1,14.6248315475736,31.3993646930547,3.92057323552974,31.3993646930547,0.627287853577371,0.995,3,0,0.48585690515807,0.72712146422629,3,3,FRAGILE,1,0.329086661942214,3,0.35,1.79496995112886,0.0238287085288977,0.191894242579519,-55.5743732380201,7.73700306415733,25.448393914713,0.0901563989152189,0.115238164501364,91.1762406388213,11.7306652429929,143,R0143,0,Exp1,regime_structure,regime-pipeline-v1,3,143
1.43087031744711,105.688969958851,14.2786305623835,0.951908704158902,20,32,0,0,0,0,0,53.3410027069779,90,90,90,0.805324459234609,0.998333333333333,3,0,0.743760399334443,0.846921797004992,3,3,INFEASIBLE,0,0.312928565916454,2,0.35,0.985975388496026,0.0231517855865705,0.206182660376782,-35.3942759447235,13.663089228837,33.6690723502139,0.0654309175290861,0.240310665439976,105.688969958851,14.2786305623835,144,R0144,-2.29198098793672,Exp1,regime_structure,regime-pipeline-v1,3,144
2.87484526032599,39.6407615866348,8.58327968753562,0.572218645835708,20,8,0,0,0,0,0,90,90,90,90,0.743760399334443,0.998333333333333,3,0,0.720465890183028,0.753743760399334,3,3,INFEASIBLE,0,0.429125200551403,3,0.35,1.87134472369833,0.0103167185521163,0.222655666381313,-68.4801149984067,13.4210667944968,36.410687214381,0.0131362389169485,0.218696289581936,39.6407615866348,8.58327968753562,145,R0145,-3.42994048618031,Exp1,regime_structure,regime-pipeline-v1,3,145
0.781496807987161,85.5138734200767,11.1842566653114,0.745617111020759,20,32,1,1,1,1,3,4.1509806193578,11.1306561831481,11.1306561831481,11.1306561831481,0.434276206322795,0.995,3,0,0.204658901830283,0.540765391014975,3,3,EASY,2,0.156377700064889,4,0.35,1.56821223183698,0.0228489099748249,0.116510909973223,-35.1666249916986,5.6260577027375,35.5796366796535,0.0982986935921369,0.0960839753286054,85.5138734200767,11.1842566653114,146,R0146,1.87125584270176,Exp1,regime_structure,regime-pipeline-v1,3,146
2.05485508457751,119.740165661509,11.8206829351039,0.788045529006928,20,32,0,0,0,0,0,35.0155110682425,84.8678364718915,84.8678364718915,84.8678364718915,0.826955074875208,0.998333333333333,3,0,0.720465890183028,0.856905158069884,3,3,INFEASIBLE,0,0.0563069823542799,2,0.35,0.931004795455086,0.0132409818429277,0.218278079189816,-44.1695964486726,12.9459753240967,28.4948298451643,0.0788869444864853,0.205196401359358,119.740165661509,11.8206829351039,147,R0147,-2.57394981506095,Exp1,regime_structure,regime-pipeline-v1,3,147
1.39828307075464,69.1664605644087,9.42354760932885,0.62823650728859,20,32,1,0,1,0.666666666666667,2,9.38715539070704,22.1215743690307,8.99890163730693,22.1215743690307,0.640599001663893,0.996666666666667,3,0,0.449251247920133,0.713810316139767,3,3,FRAGILE,1,0.0597924792470499,2,0.35,0.956991295423464,0.0145873036472625,0.150997208348174,-49.2493384684778,9.5331802908281,36.6108486982133,0.0928093535259958,0.0981613914637171,69.1664605644087,9.42354760932885,148,R0148,0,Exp1,regime_structure,regime-pipeline-v1,3,148
2.88344025715994,87.6535634748234,14.4245413100367,0.961636087335783,20,16,0,0,0,0,0,29.8289902233452,90,90,90,0.534109816971714,0.986666666666667,3,0,0.570715474209651,0.600665557404326,3,3,INFEASIBLE,0,0.412515451865081,5,0.35,1.49021073031516,0.0396534563088488,0.225160633999652,-60.0412185491909,8.51253601195947,28.4526920345312,0.137931225745386,0.110246589818611,87.6535634748234,14.4245413100367,149,R0149,-2.65459587357855,Exp1,regime_structure,regime-pipeline-v1,3,149
1.82316203988174,114.459545130585,9.76893360076352,0.651262240050901,20,32,1,1,1,1,3,4.44451128886077,13.3053580704741,13.3053580704741,13.3053580704741,0.527454242928453,0.991666666666667,3,0,0.242928452579035,0.584026622296173,3,3,EASY,2,0.182322492245627,5,0.35,1.09751030561678,0.0133222039051845,0.207442733713064,-51.0634905708292,8.79521817972702,43.6946504059172,0.138450101020109,0.0778938124879814,114.459545130585,9.76893360076352,150,R0150,2.22834702841203,Exp1,regime_structure,regime-pipeline-v1,3,150
0.800176218852538,38.785460855526,14.4997485819926,0.966649905466172,20,32,1,1,1,1,3,2.60055458892516,6.33861783650083,3.5648266917803,6.33861783650083,0.086522462562396,0.991666666666667,3,0,0,0.227953410981697,3,3,EASY,2,0.141647338058862,3,0.35,0.983396845545711,0.0225146731790702,0.0797208994443046,-58.7889639354571,7.68423822133985,44.4044065102938,0.103020543930258,0.0475115553853756,38.785460855526,14.4997485819926,151,R0151,1.84506433650601,Exp1,regime_structure,regime-pipeline-v1,3,151
1.59617359271205,39.7996733245372,8.98492612731741,0.598995075154494,20,32,1,1,1,1,3,0.354762049381646,0.773910954167008,0.474057560101357,0.773910954167008,0,0.99,0,0,0,0.0915141430948419,0,3,EASY,2,0.251668397061748,6,0.35,1.85385642589422,0.0197204121965931,0.211514853261475,-40.4546667031022,5.41353013022727,37.1980445058126,0.0253450467613799,0.0219314844146816,39.7996733245372,8.98492612731741,152,R0152,2.24442717895396,Exp1,regime_structure,regime-pipeline-v1,3,152
1.49179093433248,28.9862257929521,10.8632357787178,0.724215718581188,20,32,1,1,0,0.666666666666667,2,6.39106530182956,14.0653337174707,4.98987541356025,14.0653337174707,0.509151414309484,0.993333333333333,3,0,0.277870216306156,0.602329450915141,3,3,FRAGILE,1,0.26696399850348,2,0.35,0.910302492204377,0.0173159395183809,0.170917770866428,-44.4257293024989,11.9543811389148,33.5342812180425,0.108010607966476,0.0535209952786101,28.9862257929521,10.8632357787178,153,R0153,0,Exp1,regime_structure,regime-pipeline-v1,3,153
1.48150043727592,68.6749788598286,9.46652219279484,0.631101479519656,20,32,1,1,1,1,3,1.42813672401421,3.77151975502281,2.71931878676292,3.77151975502281,0.217970049916805,0.985,3,0,0.0798668885191348,0.422628951747088,2.9,3,EASY,2,0.143665559225524,6,0.35,1.85191384556242,0.0374799467615025,0.176229345114893,-51.9799563714435,9.67901459901116,49.4864232267665,0.0398139385610503,0.0430872029949408,68.6749788598286,9.46652219279484,154,R0154,1.66204167029007,Exp1,regime_structure,regime-pipeline-v1,3,154
2.15899290747312,33.3024499747314,11.2547323489164,0.750315489927761,20,8,0,0,0,0,0,90,90,90,90,0.570715474209651,0.998333333333333,3,0,0.535773710482529,0.589018302828619,3,3,INFEASIBLE,0,0.1776339792666,5,0.35,1.15574955403929,0.0119978878312645,0.182185448374919,-57.186949102412,8.01944843417526,30.1425613078793,0.0387024610799456,0.21311050722053,33.3024499747314,11.2547323489164,155,R0155,-1.95833113049109,Exp1,regime_structure,regime-pipeline-v1,3,155
1.63248338929043,40.4820846407496,9.24980010603386,0.616653340402257,20,32,1,0,1,0.666666666666667,2,6.89308778799312,16.2393458993401,6.29492057986226,16.2393458993401,0.615640599001664,0.995,3,0,0.412645590682196,0.678868552412646,3,3,FRAGILE,1,0.382330807131817,2,0.35,0.96190317384107,0.038751244638334,0.130575444176603,-56.6150654087457,12.8915422978955,26.5430524732168,0.0792920644184896,0.0579332032725581,40.4820846407496,9.24980010603386,156,R0156,0,Exp1,regime_structure,regime-pipeline-v1,3,156
1.89572915081763,115.560687677848,10.8602767739915,0.724018451599434,20,16,1,1,1,1,3,0.0650765291214655,0.1489746182921,0.0615341687939388,0.1489746182921,0,0.831666666666667,0,0,0,0,0,0,EASY,2,0.11953698811862,2,0.35,1.05632285368326,0.0141691135892865,0.128133809013776,-67.7312995402883,8.69404771927182,27.1278309388441,0.0153246716990323,0.00752166985838803,115.560687677848,10.8602767739915,157,R0157,2.28130749524135,Exp1,regime_structure,regime-pipeline-v1,3,157
0.863089495348466,95.7332923664625,13.5730189325185,0.904867928834567,20,32,1,1,1,1,3,0.081608475290004,0.275067930657645,0.0886233164354069,0.275067930657645,0,0.935,0,0,0,0,0,0,EASY,2,0.297608918144593,3,0.35,1.84788144118466,0.0161135730674767,0.136088395515887,-37.1302131673722,13.5030449381527,44.3656417541717,0.0474499661898446,0.00613711877581787,95.7332923664625,13.5730189325185,158,R0158,2.08567046803419,Exp1,regime_structure,regime-pipeline-v1,3,158
2.09822334485751,85.8223942981471,10.2441124062036,0.682940827080238,20,32,0,0,0,0,0,9.43551895534278,30.2434030228846,30.2434030228846,30.2434030228846,0.612312811980033,0.993333333333333,3,0,0.445923460898502,0.64891846921797,3,3,INFEASIBLE,0,0.152279507239082,1,0.35,1.4003340798195,0.0216199861594175,0.185269683296354,-53.9687812853613,6.92817932138184,29.3935382843539,0.0486023222650784,0.12277928082092,85.8223942981471,10.2441124062036,159,R0159,-1.83321741103346,Exp1,regime_structure,regime-pipeline-v1,3,159
2.25399812382791,60.2799092570086,8.23549217879423,0.549032811919615,20,32,0,0,0,0,0,37.9399210584134,72.6470531357134,63.5041021145483,72.6470531357134,0.826955074875208,0.996666666666667,3,0,0.775374376039933,0.881863560732113,3,3,INFEASIBLE,0,0.236197983603118,4,0.35,1.6170994395007,0.0190244565268535,0.205759219076722,-65.5034465929026,10.1009457557106,46.2808329082969,0.144435552324889,0.228154822522103,60.2799092570086,8.23549217879423,160,R0160,-2.46760797237595,Exp1,regime_structure,regime-pipeline-v1,3,160
2.0559083537388,97.0614570036768,10.1153347337081,0.674355648913877,20,32,0,0,0,0,0,74.4455398143866,90,90,90,0.853577371048253,0.998333333333333,3,0,0.797004991680532,0.868552412645591,3,3,INFEASIBLE,0,0.239609788835319,1,0.35,2.08270149600305,0.0394673455661533,0.211315430499855,-44.2710754507876,12.1252156164667,26.8013346060393,0.0930353920250802,0.236019779687082,97.0614570036768,10.1153347337081,161,R0161,-2.4344532872476,Exp1,regime_structure,regime-pipeline-v1,3,161
1.27632524541873,69.926449515772,12.5919502500091,0.839463350000609,20,32,0,0,0,0,0,35.9412114752336,90,90,90,0.787021630615641,0.998333333333333,3,0,0.700499168053245,0.820299500831947,3,3,INFEASIBLE,0,0.282723548791824,4,0.35,1.01133409752331,0.0185117750411627,0.117705023706272,-52.9660030312556,12.9594200219158,30.8832529328224,0.099135703900331,0.188120631421695,69.926449515772,12.5919502500091,162,R0162,-2.34690184292344,Exp1,regime_structure,regime-pipeline-v1,3,162
1.56380947501263,70.0301163795021,9.63410069015539,0.642273379343692,20,32,0,0,0,0,0,30.5370506630544,86.2416142005458,86.2416142005458,86.2416142005458,0.810316139767055,0.998333333333333,3,0,0.747088186356073,0.870216306156406,3,3,INFEASIBLE,0,0.168003180153739,3,0.35,2.07983804285195,0.0254063632175324,0.171676183932279,-52.3289584178325,9.55811472054708,42.7167260738542,0.0742316946438499,0.249185885690519,70.0301163795021,9.63410069015539,163,R0163,-2.09673932306081,Exp1,regime_structure,regime-pipeline-v1,3,163
1.11049931859955,110.725693447971,11.4727564799139,0.764850431994258,20,16,0,0,0,0,0,13.5012985050566,46.5101298972895,46.5101298972895,46.5101298972895,0.494176372712146,0.99,3,0,0.286189683860233,0.632279534109817,3,3,INFEASIBLE,0,0.334142144660798,5,0.35,1.74105610639346,0.0365708340078412,0.123730880624508,-52.5891775364701,10.0671353109641,44.4399671909042,0.00208859125018986,0.126088582517896,110.725693447971,11.4727564799139,164,R0164,-2.18679015903843,Exp1,regime_structure,regime-pipeline-v1,3,164
1.14243979136276,75.1036524487555,13.3142514628157,0.887616764187717,20,16,1,0,0,0.333333333333333,1,11.0372093885305,25.1332951066162,10.33435429491,25.1332951066162,0.3261231281198,0.983333333333333,3,0,0.226289517470882,0.480865224625624,3,3,FRAGILE,1,0.176638217486042,3,0.35,1.82509983677585,0.0197768830487869,0.104421190326736,-51.5275033379024,8.84909044781239,28.7111239370912,0.134966082409964,0.095482555296339,75.1036524487555,13.3142514628157,165,R0165,0,Exp1,regime_structure,regime-pipeline-v1,3,165
0.601497482207804,24.4269931614581,13.8048215786791,0.920321438578607,20,32,0,0,0,0,0,57.5157577987049,90,90,90,0.826955074875208,0.998333333333333,3,0,0.667221297836938,0.883527454242928,3,3,INFEASIBLE,0,0.0974896121898421,4,0.35,1.52326627106727,0.0199633954631065,0.0830224922134286,-38.3242767930124,9.2142864331543,36.2187283523417,0.0510695952083023,0.208941299080253,24.4269931614581,13.8048215786791,166,R0166,-2.15786864715705,Exp1,regime_structure,regime-pipeline-v1,3,166
2.9257315427873,103.731502428539,12.8453650778679,0.856357671857857,20,32,1,0,0,0.333333333333333,1,12.5702756386963,27.1406755181071,5.52790972209686,27.1406755181071,0.520798668885191,0.995,3,0,0.359400998336107,0.613976705490849,3,3,FRAGILE,1,0.0944838387042604,2,0.35,1.27150803077282,0.0249545809790517,0.22434005510489,-66.5775048615179,6.54802679612933,33.7334751531119,0.0875728089015972,0.129657507188109,103.731502428539,12.8453650778679,167,R0167,0,Exp1,regime_structure,regime-pipeline-v1,3,167
1.24987234270782,107.283344328413,9.54823850470517,0.636549233647011,20,8,1,1,1,1,3,0.0836452925266275,0.206898015998343,0.0493569266300855,0.206898015998343,0,0.675,0,0,0,0,0,0,EASY,2,0.182561856637534,2,0.35,1.79652565530681,0.024886873285716,0.132907072177127,-42.1363891863897,9.38388378412838,25.9860850954778,0.00582327948043658,0.0337353643503055,107.283344328413,9.54823850470517,168,R0168,2.1502278675604,Exp1,regime_structure,regime-pipeline-v1,3,168
2.06252883706545,93.2142863135168,8.66659356829423,0.577772904552949,20,32,0,0,0,0,0,18.5434875999448,59.6958433002237,59.6958433002237,59.6958433002237,0.792013311148086,0.996666666666667,3,0,0.720465890183028,0.820299500831947,3,3,INFEASIBLE,0,0.377718574388972,6,0.35,1.72643576708793,0.0153313845690725,0.210688152018164,-55.8147192212157,10.4387570391726,42.0764426111394,0.0375120173424945,0.154909606635428,93.2142863135168,8.66659356829423,169,R0169,-2.19503605725664,Exp1,regime_structure,regime-pipeline-v1,3,169
1.42769189046788,34.9322935602061,13.1181814264333,0.874545428428883,20,16,1,1,1,1,3,7.80739456489088,16.7315126143311,11.3468315004877,16.7315126143311,0.212978369384359,0.995,3,0,0.0549084858569052,0.346089850249584,3,3,EASY,2,0.0626750716343429,6,0.35,1.04252978553795,0.030170599165942,0.155386325892875,-49.7509033232187,8.68141039562753,37.9507103076748,0.029709075323649,0.0605577651618948,34.9322935602061,13.1181814264333,170,R0170,1.65567920208391,Exp1,regime_structure,regime-pipeline-v1,3,170
0.337552665079242,58.953946504473,9.31668320318898,0.621112213545932,20,8,1,1,1,1,3,0.104117951378566,0.224089720757976,0.0924034114932827,0.224089720757976,0,0.598333333333333,0,0,0,0,0,0,EASY,2,0.4327729961636,4,0.35,1.7578096418602,0.0117426225891813,0.0447605430300212,-45.8097321993373,10.3898043392005,47.7622166109076,0.149748339052226,0.00739232620433087,58.953946504473,9.31668320318898,171,R0171,2.19948083204657,Exp1,regime_structure,regime-pipeline-v1,3,171
1.64632186682759,103.443268457132,9.74050771987942,0.649367181325295,20,32,1,1,0,0.666666666666667,2,5.21845050306333,13.9399680495323,5.40708877297165,13.9399680495323,0.497504159733777,0.983333333333333,3,0,0.37603993344426,0.599001663893511,3,3,FRAGILE,1,0.36529236283436,4,0.35,1.64905163241206,0.0183159903576447,0.180066722892679,-45.6255903095685,9.18102801203155,32.2341170216258,0.132416004142813,0.0798644449599312,103.443268457132,9.74050771987942,172,R0172,0,Exp1,regime_structure,regime-pipeline-v1,3,172
0.590041320344236,37.9059357678994,9.52020951222669,0.634680634148446,20,16,1,1,1,1,3,0.0832675341703327,0.200205860428249,0.116430029470733,0.200205860428249,0,0.775,0,0,0,0,0,0,EASY,2,0.274262204136475,4,0.35,1.55951621781165,0.0153373488967163,0.118227003499536,-30.7611705979676,13.4856191613542,49.1740055673711,0.144821879815735,0.00334079791256699,37.9059357678994,9.52020951222669,173,R0173,2.37742649572287,Exp1,regime_structure,regime-pipeline-v1,3,173
1.95762304179584,24.7921416298869,14.6889701910125,0.979264679400831,20,16,1,0,0,0.333333333333333,1,8.1270869169455,16.1923628165437,10.1112147672193,16.1923628165437,0.0831946755407654,0.955,3,0,0.0748752079866889,0.201331114808652,3,3,FRAGILE,1,0.390973178534916,4,0.35,2.00658105990272,0.0397236378036969,0.166871234535666,-68.6720461852717,8.86957070007898,44.3533221315214,0.149929888565548,0.00417726670438276,24.7921416298869,14.6889701910125,174,R0174,0,Exp1,regime_structure,regime-pipeline-v1,3,174
1.07165873200575,66.8900963204002,14.8813255457147,0.99208836971431,20,32,0,0,0,0,0,19.8105533603978,40.174814472935,6.09835613968789,40.174814472935,0.653910149750416,0.996666666666667,3,0,0.450915141430948,0.722129783693844,3,3,INFEASIBLE,0,0.175214013988406,5,0.35,1.44050303402317,0.0266582018070135,0.104059260219198,-54.876450860846,8.02509738930988,36.7520731608642,0.0818557944197761,0.179659612452339,66.8900963204002,14.8813255457147,175,R0175,-2.02588695245567,Exp1,regime_structure,regime-pipeline-v1,3,175
1.32576113339829,102.741019377534,13.2963201517358,0.886421343449053,20,32,0,0,0,0,0,30.1702995176676,64.791745820854,53.7470529031304,64.791745820854,0.657237936772047,0.996666666666667,3,0,0.537437603993344,0.750415973377704,3,3,INFEASIBLE,0,0.402729302277169,2,0.35,1.74310259278277,0.0280736761322824,0.192974789678614,-34.8589741019024,7.29933488735844,33.3243085698071,0.105381449706864,0.238990228202993,102.741019377534,13.2963201517358,176,R0176,-2.0323157809807,Exp1,regime_structure,regime-pipeline-v1,3,176
0.306324680822306,24.597244629868,8.6235101732957,0.574900678219713,20,32,0,0,0,0,0,20.3470145813922,38.7422584506487,38.7422584506487,38.7422584506487,0.816971713810316,1,3,0,0.59567387687188,0.873544093178037,3,3,INFEASIBLE,0,0.281151742776747,4,0.35,1.41204338388018,0.0111161050374969,0.0446603046745495,-35.7017279807602,6.41868386525551,35.0686634460193,0.0059089804962744,0.230547784340379,24.597244629868,8.6235101732957,177,R0177,-1.83884989777039,Exp1,regime_structure,regime-pipeline-v1,3,177
2.47250325556416,45.1710730537717,9.14568645052182,0.609712430034788,80,32,0,0,0,0,0,29.851844604692,50.2687301842235,5.3860365597887,50.2687301842235,0.780366056572379,0.998333333333333,3,0,0.738768718801997,0.790349417637271,3,3,INFEASIBLE,0,0.243999614431687,5,0.35,1.80853842528204,0.0304812786272774,0.177968854390643,-68.2476910056303,5.38242446290203,31.2357219242301,0.063099501614005,0.201857182830268,45.1710730537717,9.14568645052182,178,R0178,-2.12721618681484,Exp1,regime_structure,regime-pipeline-v1,3,178
1.50636381638227,54.4218125058509,8.51001550437775,0.567334366958517,20,8,1,1,1,1,3,0.0785745341870739,0.193650357824692,0.0706026461117286,0.193650357824692,0,0.818333333333333,0,0,0,0,0,0,EASY,2,0.146006996816852,2,0.35,1.28830978936325,0.0163427355032679,0.231459870474774,-39.7070465349166,10.4690249146225,48.1823732877202,0.0693679551238352,0.013032015991941,54.4218125058509,8.51001550437775,179,R0179,2.19355613820563,Exp1,regime_structure,regime-pipeline-v1,3,179
2.40780145355538,25.1961777026861,8.61441340707331,0.574294227138221,20,32,1,1,1,1,3,3.46662853366737,7.58448130021185,0.0707692925950742,7.58448130021185,0.479201331114809,0.978333333333333,2.945,0,0.251247920133111,0.590682196339434,3,2.955,EASY,2,0.414095493409439,5,0.35,0.918853767963025,0.0307092356258022,0.238263246203744,-62.7845729254369,11.8512497030059,49.9620224707344,0.130340512979173,0.0323952814949287,25.1961777026861,8.61441340707331,180,R0180,2.03273061042095,Exp1,regime_structure,regime-pipeline-v1,3,180
1.38525616776586,98.6095217238576,14.3995965652055,0.959973104347035,20,32,0,0,0,0,0,27.7371975872728,64.8157875487513,63.5192228777626,64.8157875487513,0.627287853577371,0.996666666666667,3,0,0.487520798668885,0.743760399334443,3,3,INFEASIBLE,0,0.269765313741551,2,0.35,1.77278069113424,0.0287109294046151,0.118697492961487,-66.2972742426915,7.33427945848821,41.7710710109947,0.105483257172279,0.208195020304628,98.6095217238576,14.3995965652055,181,R0181,-2.40125362696529,Exp1,regime_structure,regime-pipeline-v1,3,181
0.985245290344664,79.2714653561394,9.65640806421804,0.643760537614536,20,32,1,1,1,1,3,2.35350143192567,7.2357932637129,7.2357932637129,7.2357932637129,0.402662229617304,0.995,3,0,0.126455906821963,0.482529118136439,3,3,EASY,2,0.383649884899563,3,0.35,2.05103353643682,0.0275313790911622,0.111429409433585,-47.5403009557018,13.1671022707119,37.4193408511409,0.0583345232190354,0.0342818081266685,79.2714653561394,9.65640806421804,182,R0182,2.12006776060183,Exp1,regime_structure,regime-pipeline-v1,3,182
0.577663235894582,86.3890257009468,13.1422983754733,0.876153225031551,20,32,0,0,0,0,0,13.0871106357999,29.2361601089162,29.2361601089162,29.2361601089162,0.695507487520799,0.995,3,0,0.570715474209651,0.747088186356073,3,3,INFEASIBLE,0,0.0850342740417474,4,0.35,1.64707722416808,0.0268490470620706,0.0429762374556572,-62.2329111531858,13.9056129724562,27.7465451575976,0.0267582261354846,0.110007335927491,86.3890257009468,13.1422983754733,183,R0183,-2.06419806756682,Exp1,regime_structure,regime-pipeline-v1,3,183
0.490390625616007,57.0197010917748,11.1082945610298,0.740552970735319,20,32,0,0,0,0,0,58.5590300692229,90,90,90,0.851913477537438,0.998333333333333,3,0,0.735440931780366,0.903494176372712,3,3,INFEASIBLE,0,0.126258798662119,2,0.35,1.8045296056378,0.0354239880481466,0.0442432321320056,-65.9391780356117,12.496932062188,45.8097359862675,0.0631341575464943,0.24489220958534,57.0197010917748,11.1082945610298,184,R0184,-2.61647676889109,Exp1,regime_structure,regime-pipeline-v1,3,184
0.411706478193169,74.5268558916864,8.32561787077919,0.55504119138528,20,32,0,0,0,0,0,25.6915417667135,57.67209971391,4.4675672092115,57.67209971391,0.838602329450915,0.998333333333333,3,0,0.743760399334443,0.875207986688852,3,3,INFEASIBLE,0,0.389119524730684,5,0.35,1.82876850662371,0.0387900477064816,0.0592261912539292,-39.9576546122635,13.7368585050709,42.7674683227805,0.110763232418976,0.173261983914944,74.5268558916864,8.32561787077919,185,R0185,-2.03401505360397,Exp1,regime_structure,regime-pipeline-v1,3,185
1.58717225917215,117.209911485172,12.0915720347265,0.806104802315102,20,32,0,0,0,0,0,23.8300373300079,68.6078611410067,68.6078611410067,68.6078611410067,0.718801996672213,0.993333333333333,3,0,0.64891846921797,0.803660565723794,3,3,INFEASIBLE,0,0.398826000074496,2,0.35,0.980229351335071,0.0245482846820904,0.146552673245253,-52.5202529908237,8.16484885457222,30.4406791091419,0.0785749037727289,0.227772702509031,117.209911485172,12.0915720347265,186,R0186,-2.46247002009078,Exp1,regime_structure,regime-pipeline-v1,3,186
2.14842253113841,22.7308627319749,11.4011796387504,0.760078642583357,20,16,1,0,0,0.333333333333333,1,11.1385484145333,21.9233113668552,10.8896576342684,21.9233113668552,0.37936772046589,0.995,3,0,0.189683860232945,0.54242928452579,3,3,FRAGILE,1,0.39849984180093,3,0.35,1.53755515977182,0.0213177211657819,0.214728912584027,-47.0519063155627,11.3057103859654,28.6257884413194,0.0614671909690112,0.0784602900187582,22.7308627319749,11.4011796387504,187,R0187,0,Exp1,regime_structure,regime-pipeline-v1,3,187
0.986314824984662,85.3183113287638,10.1273929331418,0.675159528876122,20,32,0,0,0,0,0,30.4360884185295,84.9006132581678,84.9006132581678,84.9006132581678,0.828618968386023,0.998333333333333,3,0,0.745424292845258,0.851913477537438,3,3,INFEASIBLE,0,0.39043599648948,5,0.35,2.04980606017542,0.0356087645539623,0.14723203367247,-32.7094349660947,12.6766622593019,30.8589355317039,0.106937686783636,0.21176060906727,85.3183113287638,10.1273929331418,188,R0188,-2.7139074076938,Exp1,regime_structure,regime-pipeline-v1,3,188
1.27722247839088,73.151100039812,14.5702700795915,0.971351338639433,20,32,0,0,0,0,0,27.0031986851218,76.0594750895784,76.0594750895784,76.0594750895784,0.670549084858569,0.995,3,0,0.500831946755408,0.717138103161398,3,3,INFEASIBLE,0,0.301324389720076,1,0.35,1.09908258149613,0.0241073547569051,0.119468670469373,-50.9163651821026,5.45852605093221,29.3596650794243,0.111332198749407,0.237259437274601,73.151100039812,14.5702700795915,189,R0189,-2.43411399874703,Exp1,regime_structure,regime-pipeline-v1,3,189
1.68493358082131,21.7180394199291,13.2234305323342,0.881562035488947,20,16,0,0,0,0,0,57.4073817265589,83.5539173357898,53.4828352293215,83.5539173357898,0.792013311148086,0.998333333333333,3,0,0.339434276206323,0.855241264559068,3,3,INFEASIBLE,0,0.388819803502823,3,0.35,0.95375818325912,0.014426566432801,0.160613168746121,-48.956542327476,10.011298783944,28.1889929095912,0.132093344992035,0.205498181760931,21.7180394199291,13.2234305323342,190,R0190,-2.47023513170551,Exp1,regime_structure,regime-pipeline-v1,3,190
1.02979649014581,36.6585197884043,9.05544552399228,0.603696368266152,20,32,0,0,0,0,0,15.9505040101571,35.0716211708801,19.9555728763236,35.0716211708801,0.743760399334443,0.998333333333333,3,0,0.617304492512479,0.797004991680532,3,3,INFEASIBLE,0,0.257982285184003,4,0.35,1.09023081777889,0.0300028788719017,0.125919713316973,-49.436270142687,13.2668153446077,47.2974131631693,0.109258665558855,0.103681962000281,36.6585197884043,9.05544552399228,191,R0191,-1.85160257761243,Exp1,regime_structure,regime-pipeline-v1,3,191
0.40447121626023,42.9513974861942,11.2291551100149,0.748610340667657,20,32,0,0,0,0,0,27.8949020001467,56.1970898031587,9.68379235173408,56.1970898031587,0.740432612312812,0.998333333333333,3,0,0.668885191347754,0.873544093178037,3,3,INFEASIBLE,0,0.378105844918874,3,0.35,1.89783855021308,0.0337043357647413,0.0625515559682507,-31.3424952278478,12.0274027533137,30.4109149353332,0.0123238404144538,0.172047786103676,42.9513974861942,11.2291551100149,192,R0192,-2.02627242270321,Exp1,regime_structure,regime-pipeline-v1,3,192
0.444086341090448,98.6715686428759,8.60638731078399,0.573759154052266,20,32,1,1,1,1,3,3.49296307917527,8.69161725116722,5.56657411958503,8.69161725116722,0.467554076539101,0.993333333333333,3,0,0.277870216306156,0.643926788685524,3,3,EASY,2,0.355325607752965,3,0.35,1.94249811623545,0.0205776091887957,0.0509976972810161,-51.9443400023968,5.271245079614,46.0578991234952,0.00172158751707522,0.124019257097785,98.6715686428759,8.60638731078399,193,R0193,1.6950813637648,Exp1,regime_structure,regime-pipeline-v1,3,193
1.18110956836721,76.3968701481994,10.9697462692347,0.731316417948977,20,32,0,0,0,0,0,17.3745029151349,38.1323829571473,12.8747677334313,38.1323829571473,0.708818635607321,0.998333333333333,3,0,0.565723793677205,0.75873544093178,3,3,INFEASIBLE,0,0.435472317987917,2,0.35,1.19178437183338,0.0237923654364604,0.196385831055057,-33.6077211893959,10.3658576539027,40.4184276309682,0.0852506836800847,0.132130601732269,76.3968701481994,10.9697462692347,194,R0194,-1.87100686193687,Exp1,regime_structure,regime-pipeline-v1,3,194
0.561696981192765,111.586203667315,8.97406880926091,0.598271253950727,20,8,1,1,1,1,3,0.122290723560045,0.387972485898265,0.277797269087505,0.387972485898265,0,0.701666666666667,0,0,0,0.10648918469218,0,3,EASY,2,0.0919767777367773,6,0.35,1.16740713503936,0.0148309234686664,0.0759243636739131,-34.492444745889,5.23335438858627,28.1363302935923,0.109366425188747,0.0755670601725715,111.586203667315,8.97406880926091,195,R0195,2.06862065572214,Exp1,regime_structure,regime-pipeline-v1,3,195
2.8823051686273,27.2414412655973,14.8670085988369,0.991133906589127,45,8,0,0,0,0,0,90,90,90,90,0.509151414309484,0.993333333333333,3,0,0.504159733777038,0.798668885191348,3,3,INFEASIBLE,0,0.447871064927769,4,0.35,2.02756100863068,0.0174104738461169,0.235104403047167,-69.1856832801896,8.75553649671259,41.2226047455101,0.064369007676318,0.135263576062608,27.2414412655973,14.8670085988369,196,R0196,-2.81743332299165,Exp1,regime_structure,regime-pipeline-v1,3,196
0.958150166335773,113.705206658565,12.0495795464108,0.80330530309405,20,8,1,1,1,1,3,0.162479460002631,0.488155249164462,0.212636953339898,0.488155249164462,0,0.745,0,0,0,0,0,3,EASY,2,0.361365603008859,1,0.35,2.06806922009062,0.016879877985356,0.0967634088397098,-60.680762546637,5.33851889636887,48.6092115685287,0.065917215813754,0.0532830284323903,113.705206658565,12.0495795464108,197,R0197,2.40589152546645,Exp1,regime_structure,regime-pipeline-v1,3,197
1.06575285122088,35.0194235556736,12.8223461037755,0.854823073585037,20,32,0,0,0,0,0,56.5739052614732,90,74.9206456204565,90,0.788685524126456,0.998333333333333,3,0,0.615640599001664,0.856905158069884,3,3,INFEASIBLE,0,0.106118618652317,5,0.35,1.43853052488212,0.0294906737028739,0.108120829320168,-59.8926333087778,9.64740732188464,47.7874551592581,0.12885689100873,0.206643218692338,35.0194235556736,12.8223461037755,198,R0198,-2.03355607002553,Exp1,regime_structure,regime-pipeline-v1,3,198
1.08182047462831,110.629302781596,13.6194390838677,0.907962605591178,20,32,0,0,0,0,0,19.3140353754006,51.4143300048175,51.4143300048175,51.4143300048175,0.645590682196339,0.995,3,0,0.417637271214642,0.720465890183028,3,3,INFEASIBLE,0,0.435844919518741,3,0.35,0.968927647339662,0.0148061019700087,0.120621821521813,-48.6640784707596,6.32914384003346,38.1083141090613,0.0705582577358447,0.186059825940186,110.629302781596,13.6194390838677,199,R0199,-2.22694956054864,Exp1,regime_structure,regime-pipeline-v1,3,199
0.51238418905412,23.4560609282791,11.7948825006419,0.786325500042796,20,32,0,0,0,0,0,71.2034890764617,90,90,90,0.881863560732113,0.998333333333333,3,0,0.773710482529118,0.910149750415973,3,3,INFEASIBLE,0,0.307600852895409,3,0.35,1.5716313732178,0.0363484741601341,0.0455603663820913,-68.5156246440338,13.0852899569973,48.0422762082295,0.11000288746343,0.182471927803179,23.4560609282791,11.7948825006419,200,R0200,-1.98577198484758,Exp1,regime_structure,regime-pipeline-v1,3,200
1.36209257685958,112.341053621436,12.5383637704701,0.835890918031337,20,32,0,0,0,0,0,22.3060688727441,47.7584042639895,47.7584042639895,47.7584042639895,0.698835274542429,0.998333333333333,3,0,0.615640599001664,0.801996672212978,3,3,INFEASIBLE,0,0.295254911464245,3,0.35,1.72955916731202,0.014134230737651,0.15522829218128,-53.1321598313587,8.17066287773933,47.4574943270738,0.0985177441184782,0.229150634449054,112.341053621436,12.5383637704701,201,R0201,-2.37032012845637,Exp1,regime_structure,regime-pipeline-v1,3,201
2.56917915487588,73.4921397729417,13.7872104010737,0.919147360071581,20,16,0,0,0,0,0,30.5049530442881,90,90,90,0.549084858569052,0.996666666666667,3,0,0.464226289517471,0.662229617304492,3,3,INFEASIBLE,0,0.215487986738936,2,0.35,1.10119635814878,0.012266694106743,0.197663331092083,-61.2312777795348,13.9809044606931,28.7257543653649,0.0671546964774213,0.0945698064100302,73.4921397729417,13.7872104010737,202,R0202,-2.06001839181025,Exp1,regime_structure,regime-pipeline-v1,3,202
1.50361007190226,58.5257516725598,10.2619972039465,0.684133146929768,20,8,1,1,1,1,3,0.0803668895523892,0.184965072473975,0.0652429896630772,0.184965072473975,0,0.826666666666667,0,0,0,0,0,0,EASY,2,0.19512879628087,4,0.35,1.73750975722271,0.0391884668575559,0.117945964412501,-57.9731791155654,9.68688164996995,26.7677156327488,0.0056405146662395,0.0120187556731152,58.5257516725598,10.2619972039465,203,R0203,2.2443399150765,Exp1,regime_structure,regime-pipeline-v1,3,203
1.97753108052652,85.0167038506621,13.3341660219557,0.888944401463711,20,32,0,0,0,0,0,14.3514423071619,45.5993170068268,45.5993170068268,45.5993170068268,0.62396006655574,0.99,3,0,0.520798668885191,0.667221297836938,3,3,INFEASIBLE,0,0.193489448782032,3,0.35,1.22310802666435,0.0112869523346433,0.205579229377602,-48.8898389023044,12.6857528856602,33.4356985537328,0.0214959416595445,0.0916318940199006,85.0167038506621,13.3341660219557,204,R0204,-1.87094325007282,Exp1,regime_structure,regime-pipeline-v1,3,204
1.48480628671793,110.488423385046,8.31146438645832,0.554097625763888,20,32,0,0,0,0,0,19.8524496435788,43.4092529751162,43.0367434993898,43.4092529751162,0.841930116472546,0.995,3,0,0.748752079866889,0.871880199667221,3,3,INFEASIBLE,0,0.34490618392662,4,0.35,1.31231299184181,0.0360574636271665,0.184306429043584,-43.239001801076,9.86770414952179,37.286708710436,0.0582035046154031,0.223849110888651,110.488423385046,8.31146438645832,205,R0205,-2.1083509330596,Exp1,regime_structure,regime-pipeline-v1,3,205
1.13217085643599,55.700215351805,12.7762178998556,0.851747859990375,45,32,1,0,0,0.333333333333333,1,14.9781925310904,31.8361615860438,11.9313375415442,31.8361615860438,0.605657237936772,0.995,3,0,0.435940099833611,0.778702163061564,3,3,FRAGILE,1,0.164182867699729,5,0.35,1.22018929679979,0.0230558903983855,0.232802900245532,-30.2252921722328,8.20786089491149,49.9982959020756,0.0265147438355545,0.107983187437102,55.700215351805,12.7762178998556,206,R0206,0,Exp1,regime_structure,regime-pipeline-v1,3,206
1.0339558259724,46.7369337224611,11.7996767691633,0.786645117944223,20,16,1,1,0,0.666666666666667,2,8.5192816508761,19.7096600122998,11.9657125982689,19.7096600122998,0.227953410981697,0.99,3,0,0.0599001663893511,0.387687188019967,3,3,FRAGILE,1,0.281521040612935,3,0.35,1.4482847004012,0.0172270143313586,0.156238994557485,-40.08862365345,10.4508625218594,47.4983530067846,0.0346435709618349,0.0521144209212095,46.7369337224611,11.7996767691633,207,R0207,0,Exp1,regime_structure,regime-pipeline-v1,3,207
2.14123239556051,94.2090829840839,13.9494625935116,0.929964172900774,20,32,0,0,0,0,0,7.7668933846433,18.9675878354768,18.9675878354768,18.9675878354768,0.484193011647255,0.995,3,0,0.306156405990017,0.59567387687188,3,3,INFEASIBLE,0,0.36795228321818,2,0.35,1.25859051120987,0.0204884078025977,0.163116159358867,-69.8633429526234,9.10849604685996,36.6628689353921,0.0964147867470905,0.0839252765749136,94.2090829840839,13.9494625935116,208,R0208,-1.64966916603456,Exp1,regime_structure,regime-pipeline-v1,3,208
1.71076715428137,59.7541327049284,10.5746354031966,0.704975693546442,20,32,0,0,0,0,0,51.3984478147664,90,71.4794480507121,90,0.778702163061564,0.996666666666667,3,0,0.710482529118136,0.846921797004992,3,3,INFEASIBLE,0,0.294749554917851,4,0.35,1.57963754452415,0.0288617506297111,0.169775951526731,-59.5043585551424,10.2807889028453,45.1366634511823,0.0238313618621192,0.222848477440294,59.7541327049284,10.5746354031966,209,R0209,-2.14435023298327,Exp1,regime_structure,regime-pipeline-v1,3,209
1.79738337345503,65.8711867619594,14.510824278745,0.967388285249668,20,8,1,1,1,1,3,0.0985921194408353,0.181551746599763,0.0160912533468672,0.181551746599763,0,0.878333333333333,0,0,0,0,0,0,EASY,2,0.301661264447146,2,0.35,2.09233309768251,0.0398101864000929,0.173006366968835,-61.7940142600279,6.8454999618312,45.7927692083266,0.0157892776936509,0.0148263995852231,65.8711867619594,14.510824278745,210,R0210,2.36657323872646,Exp1,regime_structure,regime-pipeline-v1,3,210
1.41250550434389,31.0162440730296,10.4164569919018,0.694430466126787,20,32,0,0,0,0,0,39.3143569059982,70.0909675201556,70.0909675201556,70.0909675201556,0.816971713810316,0.998333333333333,3,0,0.703826955074875,0.886855241264559,3,3,INFEASIBLE,0,0.431870404717862,5,0.35,1.8179718674139,0.0284485415870396,0.181415448537889,-34.3341618498904,13.5318111755469,25.1699581372128,0.118223339008807,0.168576306640083,31.0162440730296,10.4164569919018,211,R0211,-2.52308640041469,Exp1,regime_structure,regime-pipeline-v1,3,211
1.8130387093691,85.5964610828564,14.6797371709002,0.978649144726677,20,32,0,0,0,0,0,60.5531703503068,90,80.1455035148172,90,0.770382695507488,0.998333333333333,3,0,0.685524126455907,0.801996672212978,3,3,INFEASIBLE,0,0.415510400690586,5,0.35,1.62499416116442,0.02686361140244,0.22847756868172,-39.4944878490903,12.2210141951466,32.0632332153775,0.119844361250669,0.220384260924653,85.5964610828564,14.6797371709002,212,R0212,-2.66469688825486,Exp1,regime_structure,regime-pipeline-v1,3,212
2.15173040298807,40.554168214219,14.837187433046,0.989145828869732,20,8,0,0,0,0,0,90,90,90,90,0.657237936772047,0.996666666666667,3,0,0.59234608985025,0.688851913477537,3,3,INFEASIBLE,0,0.130843181312678,5,0.35,1.8234278664117,0.0182840410531981,0.202860135470341,-58.8218361772996,11.2055847710583,39.8067041801313,0.0136971272433751,0.145906820695923,40.554168214219,14.837187433046,213,R0213,-2.17315854339656,Exp1,regime_structure,regime-pipeline-v1,3,213
1.10279920002181,50.9325393516153,14.1740989322171,0.944939928814474,20,32,0,0,0,0,0,13.4414403143704,38.6051099759497,38.6051099759497,38.6051099759497,0.537437603993344,0.993333333333333,3,0,0.430948419301165,0.688851913477537,3,3,INFEASIBLE,0,0.13675682750528,2,0.35,2.02174908934478,0.0381251311220086,0.137219996582108,-45.6954452783096,8.6030290653335,41.8455333829737,0.0382938880014159,0.134238542552213,50.9325393516153,14.1740989322171,214,R0214,-2.12312674514032,Exp1,regime_structure,regime-pipeline-v1,3,214
1.08178960599007,35.1063016201613,10.7002730504341,0.713351536695609,20,32,0,0,0,0,0,21.423430657459,64.2860388084402,64.2860388084402,64.2860388084402,0.687188019966722,0.995,3,0,0.579034941763727,0.722129783693844,3,3,INFEASIBLE,0,0.11274033079669,2,0.35,1.47474491377365,0.0331253268047624,0.0949870286544707,-65.8241372897584,6.19982394416347,43.2389067706196,0.0368664427472829,0.170706729258126,35.1063016201613,10.7002730504341,215,R0215,-2.31659479957707,Exp1,regime_structure,regime-pipeline-v1,3,215
1.6501966118918,38.5344316671181,8.7800585848133,0.585337238987553,20,32,1,1,1,1,3,2.24602667393388,5.56393579534844,1.96515172658357,5.56393579534844,0.256239600665557,0.976666666666667,2.845,0,0,0.494176372712146,2.85,3,EASY,2,0.26240862600471,2,0.35,0.970125557877811,0.0347006001762802,0.134554766874796,-57.2670806324808,6.99306177510436,28.2226792123787,0.0877250394753658,0.0371629230393475,38.5344316671181,8.7800585848133,216,R0216,1.43398381939093,Exp1,regime_structure,regime-pipeline-v1,3,216
1.06697990048913,73.0065444292449,13.9537757098781,0.930251713991871,20,32,0,0,0,0,0,34.4128676624145,72.6905228625395,68.9859584529369,72.6905228625395,0.70216306156406,0.998333333333333,3,0,0.564059900166389,0.75873544093178,3,3,INFEASIBLE,0,0.348989784206831,2,0.35,1.02633293079611,0.019902988104285,0.202455383233043,-31.6938251573835,7.42544460967735,46.811963089675,0.0287467189577191,0.249613536750394,73.0065444292449,13.9537757098781,217,R0217,-2.27714706986493,Exp1,regime_structure,regime-pipeline-v1,3,217
1.21862044971638,53.4133192883531,12.4816533298093,0.832110221987284,20,32,1,1,1,1,3,5.03784290856596,11.6374236102992,0.464835635871514,11.6374236102992,0.40432612312812,0.995,2.97,0,0.198003327787022,0.53910149750416,3,2.955,EASY,2,0.198249279861881,4,0.35,1.03063149244909,0.0324105239975361,0.166158715496381,-32.361855518311,9.89222523646158,25.2021455357031,0.0203388018460031,0.0587490055736436,53.4133192883531,12.4816533298093,218,R0218,2.00741855094821,Exp1,regime_structure,regime-pipeline-v1,3,218
0.654605382300793,65.4840052122692,10.3717857621174,0.691452384141163,20,32,0,0,0,0,0,33.3649135279483,90,90,90,0.80865224625624,0.998333333333333,3,0,0.75540765391015,0.883527454242928,3,3,INFEASIBLE,0,0.136371579824162,3,0.35,1.27806642731649,0.0358236595610705,0.126242122811109,-31.1953020092357,11.7287785783067,46.8477977261748,0.12089258873474,0.226805305210283,65.4840052122692,10.3717857621174,219,R0219,-2.63992840610942,Exp1,regime_structure,regime-pipeline-v1,3,219
0.437678421479941,88.707320939316,9.36875883754552,0.624583922503034,20,32,1,1,1,1,3,1.22573549343569,2.60882228998245,0.915608091523073,2.60882228998245,0.282861896838602,0.991666666666667,2.855,0,0.0848585690515807,0.434276206322795,3,3,EASY,2,0.376667220268984,1,0.35,1.00430396415333,0.0349181907737948,0.0698245240925541,-34.5393326264823,8.81200958614426,39.3002161032416,0.0781076161507258,0.049925509637307,88.707320939316,9.36875883754552,220,R0220,1.60105499259302,Exp1,regime_structure,regime-pipeline-v1,3,220
1.73812270018512,53.529355217458,11.978028416952,0.798535227796801,20,32,0,0,0,0,0,51.4725837019429,90,90,90,0.818635607321131,0.996666666666667,3,0,0.725457570715474,0.886855241264559,3,3,INFEASIBLE,0,0.292533049942503,2,0.35,1.8737715187041,0.0382277016854497,0.186813099209292,-44.1611883652801,11.7817060904889,29.1606129142738,0.0876460578939957,0.226378446714907,53.529355217458,11.978028416952,221,R0221,-1.92249074070808,Exp1,regime_structure,regime-pipeline-v1,3,221
1.95268486630674,44.7055686306009,14.4440088939776,0.96293392626517,45,16,0,0,0,0,0,90,90,90,90,0.602329450915141,0.998333333333333,3,0,0.647254575707155,0.743760399334443,3,3,INFEASIBLE,0,0.409483733190919,2,0.35,1.81950837224404,0.0379937715397301,0.200072734245331,-60.0767290681798,7.40683123713998,49.0439464037267,0.0963118451631228,0.212450579298038,44.7055686306009,14.4440088939776,222,R0222,-2.52719200295094,Exp1,regime_structure,regime-pipeline-v1,3,222
1.21254988535087,75.2019905344131,14.046597164593,0.936439810972866,20,32,0,0,0,0,0,20.5693868132164,58.7439411592486,58.7439411592486,58.7439411592486,0.67720465890183,0.996666666666667,3,0,0.562396006655574,0.760399334442596,3,3,INFEASIBLE,0,0.411719642703529,4,0.35,1.02673779839819,0.0127177469420914,0.195894274396052,-33.8787485258085,13.0517682865814,38.7757610921663,0.0690254242460147,0.134845999211661,75.2019905344131,14.046597164593,223,R0223,-2.4904325785478,Exp1,regime_structure,regime-pipeline-v1,3,223
1.90541496545845,90.5405812757221,8.2296838498729,0.548645589991527,20,32,0,0,0,0,0,42.7630836687881,90,90,90,0.858569051580699,0.996666666666667,3,0,0.737104825291181,0.880199667221298,3,3,INFEASIBLE,0,0.425434539519456,4,0.35,1.1913063844208,0.0287912840517141,0.153091096810109,-69.2089138166258,11.0082402376262,40.0226783887145,0.0590695443504602,0.198930615410807,90.5405812757221,8.2296838498729,224,R0224,-2.21901831344237,Exp1,regime_structure,regime-pipeline-v1,3,224
1.31341866691019,38.9341974928136,13.0309997747189,0.868733318314594,20,32,0,0,0,0,0,23.366395763462,42.1413064145624,33.2613536908452,42.1413064145624,0.670549084858569,0.996666666666667,3,0,0.590682196339434,0.712146422628952,3,3,INFEASIBLE,0,0.136488811874862,6,0.35,1.42661597569337,0.0239653314477603,0.134988153279076,-58.0718874260948,7.67176290677313,46.1082015871411,0.0978511035114299,0.178990758130542,38.9341974928136,13.0309997747189,225,R0225,-1.74729310237717,Exp1,regime_structure,regime-pipeline-v1,3,225
1.71615460066024,95.7777822337056,9.73847358400992,0.649231572267328,20,16,1,0,1,0.666666666666667,2,11.8973390568207,27.6472133441993,5.70055745737235,27.6472133441993,0.427620632279534,0.99,3,0,0.232945091514143,0.499168053244592,3,3,FRAGILE,1,0.0603500052002183,3,0.35,1.2905532419385,0.0265098914010656,0.197843499928056,-40.612927271038,6.16112828468964,28.3740087659966,0.0134037923742711,0.132733393505756,95.7777822337056,9.73847358400992,226,R0226,0,Exp1,regime_structure,regime-pipeline-v1,3,226
0.640122845390422,57.3474227427373,11.7384912608832,0.78256608405888,20,16,1,1,1,1,3,3.03044833251687,6.76120675070432,6.76120675070432,6.76120675070432,0.0615640599001664,0.991666666666667,3,0,0,0.149750415973378,3,2.935,EASY,2,0.442648719580496,3,0.35,1.80366534051996,0.0329993319641411,0.105750797645227,-30.0556003134263,6.36885669241772,31.9119115886726,0.00939795713780119,0.0428087264304318,57.3474227427373,11.7384912608832,227,R0227,1.60261139090384,Exp1,regime_structure,regime-pipeline-v1,3,227
0.829025375738934,29.0983578043852,11.2092788944079,0.747285259627191,20,32,0,0,0,0,0,14.3511693844329,32.4420139175862,32.2005292271926,32.4420139175862,0.630615640599002,0.996666666666667,3,0,0.344425956738769,0.693843594009983,3,3,INFEASIBLE,0,0.338014182618534,2,0.35,1.8456382642478,0.0179768850289724,0.0858272056704339,-46.7578672783931,7.4434085592643,30.3308822414052,0.123668040184498,0.120549133839107,29.0983578043852,11.2092788944079,228,R0228,-1.71792962220308,Exp1,regime_structure,regime-pipeline-v1,3,228
0.915562465028501,60.4727348809731,14.117832758128,0.94118885054187,20,32,0,0,0,0,0,13.3902868904459,40.024020341085,40.024020341085,40.024020341085,0.540765391014975,0.996666666666667,3,0,0.420965058236273,0.662229617304492,3,3,INFEASIBLE,0,0.119104753375153,1,0.35,1.85049259226299,0.027047020287333,0.129304921342238,-36.2197722777434,7.0224984577119,33.8693558777526,0.0925516353662656,0.153940080913014,60.4727348809731,14.117832758128,229,R0229,-1.79444910475324,Exp1,regime_structure,regime-pipeline-v1,3,229
1.02415537368074,47.2768548120193,11.583401327769,0.772226755184597,20,32,0,0,0,0,0,54.9614942501651,90,90,90,0.891846921797005,0.998333333333333,3,0,0.772046589018303,0.923460898502496,3,3,INFEASIBLE,0,0.308282974234182,3,0.35,1.15062083428871,0.0314510671417787,0.174318108563363,-33.1476513239009,13.9563153674841,41.2021799621165,0.0141125803627963,0.246035466509266,47.2768548120193,11.583401327769,230,R0230,-2.46681852233411,Exp1,regime_structure,regime-pipeline-v1,3,230
1.17594839934488,23.8929034496797,13.5578240666556,0.903854937777037,20,32,0,0,0,0,0,62.7221215312011,90,90,90,0.896838602329451,0.998333333333333,3,0,0.821963394342762,0.920133111480865,3,3,INFEASIBLE,0,0.14253038335591,3,0.35,1.01960537160171,0.0348193945996416,0.228845538560305,-30.9975078891681,11.8939799427462,47.1002578930369,0.112425100935615,0.237449265218484,23.8929034496797,13.5578240666556,231,R0231,-3.1170702853019,Exp1,regime_structure,regime-pipeline-v1,3,231
0.801467301927831,52.9402479282503,8.14469711032906,0.54297980735527,20,32,0,0,0,0,0,42.1183452885059,90,78.7795595153013,90,0.831946755407654,0.998333333333333,3,0,0.773710482529118,0.895174708818636,3,3,INFEASIBLE,0,0.364625376522432,2,0.35,1.04521943969106,0.0220261319255259,0.143602320541263,-31.9135572782455,13.5291073787782,42.3216983406997,0.0897188935381478,0.202814038710759,52.9402479282503,8.14469711032906,232,R0232,-2.58730645508876,Exp1,regime_structure,regime-pipeline-v1,3,232
2.01598774414033,20.1041928077139,9.36014976812707,0.624009984541804,20,8,0,0,0,0,0,90,90,90,90,0.788685524126456,0.995,3,0,0.628951747088186,0.853577371048253,3,3,INFEASIBLE,0,0.223113490621501,2,0.35,1.86826109315787,0.0107349208822045,0.219073146663108,-49.043981015091,13.9291110520549,36.7650622655704,0.148954504326895,0.203847727165937,20.1041928077139,9.36014976812707,233,R0233,-2.91336793518341,Exp1,regime_structure,regime-pipeline-v1,3,233
1.07919900648839,80.6892204476339,14.9232988387261,0.994886589248405,20,8,1,1,1,1,3,0.0947571330377172,0.210309285010002,0.0770088778211419,0.210309285010002,0,0.728333333333333,0,0,0,0,0,0,EASY,2,0.349462600523783,5,0.35,1.35094595950903,0.0184671534687792,0.096226364875023,-62.4149497052487,9.40702342554517,40.0888587422213,0.0729381045924512,0.00511058229962341,80.6892204476339,14.9232988387261,234,R0234,2.11503666734939,Exp1,regime_structure,regime-pipeline-v1,3,234
0.652813210593962,97.9909736816281,10.1487421674596,0.676582811163971,20,32,0,0,0,0,0,37.9581130412238,83.2211096626043,15.0097733841599,83.2211096626043,0.848585690515807,0.998333333333333,3,0,0.797004991680532,0.896838602329451,3,3,INFEASIBLE,0,0.103057648912383,4,0.35,1.95373521612705,0.0235165994322246,0.0499005877609527,-66.3358632377316,13.1329027894901,33.2806331896428,0.0697183820926029,0.249897507596401,97.9909736816281,10.1487421674596,235,R0235,-2.67219819019325,Exp1,regime_structure,regime-pipeline-v1,3,235
1.66689980100992,101.289370553176,9.30275272967456,0.620183515311637,20,32,0,0,0,0,0,16.2771058347393,36.505723637931,5.95972429461398,36.505723637931,0.735440931780366,0.993333333333333,3,0,0.633943427620632,0.805324459234609,2.99,3,INFEASIBLE,0,0.261568954066432,1,0.35,1.39042055921488,0.0191184032810516,0.135970811900423,-58.6739612842847,7.36446526034109,29.6499912176853,0.0190624704798372,0.194447091609693,101.289370553176,9.30275272967456,236,R0236,-2.1063995560639,Exp1,regime_structure,regime-pipeline-v1,3,236
1.06026377048656,33.1330848299451,14.7164511394073,0.98109674262715,20,32,0,0,0,0,0,73.5047179554183,90,90,90,0.820299500831947,0.998333333333333,3,0,0.653910149750416,0.885191347753744,3,3,INFEASIBLE,0,0.223595478098896,2,0.35,2.05909022273534,0.0342279594511122,0.193323573238285,-33.9448668289978,12.4206686518146,49.5851189604412,0.146678242255307,0.179087201615626,33.1330848299451,14.7164511394073,237,R0237,-2.38738693057458,Exp1,regime_structure,regime-pipeline-v1,3,237
0.451503082434603,87.292934466538,9.92685547519492,0.661790365012994,20,32,1,1,1,1,3,2.29484603868185,6.59526715009709,6.40941130300227,6.59526715009709,0.317803660565724,0.996666666666667,3,0,0.0133111480865225,0.477537437603993,2.845,3,EASY,2,0.259763593436539,3,0.35,1.91129484124272,0.0363726676929712,0.054409219746952,-39.1777748052922,11.8590637828549,28.8512374404764,0.0859200430128362,0.0367705481334495,87.292934466538,9.92685547519492,238,R0238,1.98624395587151,Exp1,regime_structure,regime-pipeline-v1,3,238
1.22112288160663,68.117808117344,8.42168233065001,0.561445488710001,20,32,1,1,1,1,3,1.92524500437419,5.24922759313962,1.83134473133624,5.24922759313962,0.281198003327787,0.988333333333333,2.995,0,0.0898502495840266,0.46089850249584,3,2.825,EASY,2,0.249507768987705,3,0.35,2.09847672367471,0.0117502671907975,0.234137430454431,-31.30649613549,10.3424472688782,46.6394307923803,0.110295847506195,0.0392711521626539,68.117808117344,8.42168233065001,239,R0239,2.47041909182065,Exp1,regime_structure,regime-pipeline-v1,3,239
1.0393860752065,65.1703013502425,14.5309904694127,0.968732697960845,20,32,0,0,0,0,0,7.64876549640242,19.226379976188,19.226379976188,19.226379976188,0.505823627287854,0.996666666666667,3,0,0.299500831946755,0.580698835274542,3,3,INFEASIBLE,0,0.168821926750281,3,0.35,1.16620834498517,0.0244985535684378,0.124341664202252,-48.1626665724413,10.9102211513937,42.969665030246,0.0472038802384329,0.0814499187022888,65.1703013502425,14.5309904694127,240,R0240,-2.04222150806182,Exp1,regime_structure,regime-pipeline-v1,3,240
1.10116342324831,113.147846698612,13.7097970061516,0.913986467076775,20,32,1,1,1,1,3,0.232308742646145,0.613211696571505,0.401946016897376,0.613211696571505,0,0.965,0,0,0,0.00998336106489185,0,0,EASY,2,0.438800154153206,1,0.35,1.59278676786958,0.0318817862035632,0.163332719872639,-32.799069734349,13.073708875506,30.6356601599415,0.026451864322011,0.0190775329276217,113.147846698612,13.7097970061516,241,R0241,2.62140820987301,Exp1,regime_structure,regime-pipeline-v1,3,241
1.90080003859905,106.165218398337,9.58999521371679,0.639333014247786,20,8,1,1,1,1,3,0.0859461661922188,0.177397303881492,0.0346358342623842,0.177397303881492,0,0.645,0,0,0,0,0,0,EASY,2,0.389271031464414,6,0.35,1.66479451898877,0.0338922462673412,0.215312103180365,-49.2729995121087,7.58286884686442,40.3221221613563,0.0308930299462766,0.0137189899216369,106.165218398337,9.58999521371679,242,R0242,2.19503605725664,Exp1,regime_structure,regime-pipeline-v1,3,242
1.56105318482241,35.7830099579797,10.5502659794155,0.703351065294367,20,32,0,0,0,0,0,38.7983553407858,90,90,90,0.742096505823627,0.998333333333333,3,0,0.6738768718802,0.777038269550749,3,3,INFEASIBLE,0,0.265629637072894,4,0.35,1.17722171191488,0.030992951084482,0.15358329235995,-53.7129133915179,10.3768967030242,36.1469220648573,0.05190615617068,0.153470752273549,35.7830099579797,10.5502659794155,243,R0243,-1.90745310985943,Exp1,regime_structure,regime-pipeline-v1,3,243
1.84982606183288,51.542155313323,11.1250826919185,0.741672179461232,20,32,0,0,0,0,0,22.6641078812048,45.2625569511497,22.4043500943665,45.2625569511497,0.725457570715474,0.995,3,0,0.547420965058236,0.772046589018303,3,3,INFEASIBLE,0,0.412425532872156,6,0.35,1.90429700523134,0.0277342610728423,0.165232287472801,-66.2159263961343,9.90421906186775,45.2808237357735,0.0515452020352089,0.174859732162252,51.542155313323,11.1250826919185,244,R0244,-2.45560373503081,Exp1,regime_structure,regime-pipeline-v1,3,244
2.94172723894121,68.8982505336373,11.5158290146023,0.767721934306822,20,16,0,0,0,0,0,58.228101721162,90,51.5740582397978,90,0.660565723793677,0.996666666666667,3,0,0.698835274542429,0.768718801996672,3,3,INFEASIBLE,0,0.430381446600607,5,0.35,1.38615947914939,0.0268994660258604,0.217476325648249,-68.6117521691409,12.0828446570187,33.3025544803382,0.094062404638642,0.161844602680786,68.8982505336373,11.5158290146023,245,R0245,-2.35504230064367,Exp1,regime_structure,regime-pipeline-v1,3,245
1.11539941597213,65.0241243866395,8.93891844663398,0.595927896442265,20,32,0,0,0,0,0,28.9690714989288,66.5265933922414,63.5211941974687,66.5265933922414,0.773710482529118,0.993333333333333,3,0,0.638935108153078,0.818635607321131,3,3,INFEASIBLE,0,0.235720123459646,1,0.35,1.20652716626953,0.0335094776342792,0.16635933646184,-37.2036571180342,7.75612878891867,39.8534714494922,0.0445651544420686,0.221057151916937,65.0241243866395,8.93891844663398,246,R0246,-2.40394432998831,Exp1,regime_structure,regime-pipeline-v1,3,246
1.15545056353054,34.5355584734941,12.7887361177992,0.852582407853282,20,32,1,1,1,1,3,12.7032412819976,24.9686999706148,14.1687243174718,24.9686999706148,0.419301164725458,0.998333333333333,3,0,0.289517470881864,0.594009983361065,3,3,FRAGILE,1,0.0904063953091292,5,0.35,1.05416448426118,0.0285888960134952,0.143275889848653,-48.2593190572187,6.50777131605832,46.3518665872828,0.0752007912569837,0.113449802795485,34.5355584734941,12.7887361177992,247,R0247,0,Exp1,regime_structure,regime-pipeline-v1,3,247
0.674029905959727,61.0766266872623,13.8371428436974,0.922476189579825,20,32,0,0,0,0,0,19.9719993931762,45.154244701068,41.3758580119077,45.154244701068,0.575707154742097,0.996666666666667,3,0,0.470881863560732,0.722129783693844,3,3,INFEASIBLE,0,0.148513314211237,4,0.35,1.54920898967782,0.023134270254748,0.058334754625464,-69.6770103081766,9.4340143421332,47.0691972023896,0.0932393771196478,0.138685318843172,61.0766266872623,13.8371428436974,248,R0248,-1.73663720330873,Exp1,regime_structure,regime-pipeline-v1,3,248
1.30585641284003,39.1951534189047,14.2378491090518,0.949189940603452,20,32,0,1,0,0.333333333333333,1,10.9397627943068,25.0313226453806,23.9890135849379,25.0313226453806,0.459234608985025,0.99,3,0,0.123128119800333,0.580698835274542,3,3,INFEASIBLE,0,0.436348063483751,2,0.35,1.57481120845309,0.0321656732074724,0.104953464329899,-56.5417369647622,9.82276853148397,26.7302089416609,0.0836964868590243,0.0629494931905713,39.1951534189047,14.2378491090518,249,R0249,-1.95963802969214,Exp1,regime_structure,regime-pipeline-v1,3,249
1.24946916848925,115.307921079665,14.7476840673459,0.983178937823063,20,32,0,0,0,0,0,14.2497990768451,34.3871370341861,33.088798749849,34.3871370341861,0.505823627287854,0.996666666666667,3,0,0.332778702163062,0.640599001663893,3,3,INFEASIBLE,0,0.22491141206911,2,0.35,1.45410787701768,0.0277578577266085,0.166453237363032,-40.0182280355734,5.729593621234,36.788363632246,0.0604807957382923,0.164228038988445,115.307921079665,14.7476840673459,250,R0250,-1.62221149015506,Exp1,regime_structure,regime-pipeline-v1,3,250
0.918805837615758,48.6655393961271,10.467197861571,0.697813190771399,20,32,0,0,0,0,0,25.7312350725853,51.0950754672596,50.94328892914,51.0950754672596,0.778702163061564,0.998333333333333,3,0,0.708818635607321,0.848585690515807,3,3,INFEASIBLE,0,0.245981267768154,5,0.35,1.26570545037588,0.0278728432020904,0.117214768689226,-35.6267037809,12.308092079461,26.7380555265976,0.117988431107591,0.18509965830817,48.6655393961271,10.467197861571,251,R0251,-2.21017142264464,Exp1,regime_structure,regime-pipeline-v1,3,251
0.7164282929272,54.0558641840948,8.74579932304131,0.583053288202754,20,16,1,1,1,1,3,1.30038898185522,4.55584707959734,4.55584707959734,4.55584707959734,0.00166389351081531,0.961666666666667,3,0,0,0.266222961730449,3,3,EASY,2,0.219905614222688,3,0.35,1.05273180994395,0.0366372536644579,0.0683352065843753,-48.4592582113796,8.34193675940351,27.6540311179347,0.100266729860028,0.0452945460085155,54.0558641840948,8.74579932304131,252,R0252,2.13422839748282,Exp1,regime_structure,regime-pipeline-v1,3,252
1.85315048433414,103.614041479928,10.5257291541697,0.701715276944648,20,32,1,1,1,1,3,1.88423110680166,4.79107491482985,0.200670139647304,4.79107491482985,0.267886855241265,0.99,2.94,0,0,0.439267886855241,2.83,3,EASY,2,0.121641094512604,1,0.35,0.963445513099231,0.036485048883227,0.215128604041637,-44.2787850205283,7.47682926113206,34.2001248633547,0.100359249675343,0.0636715511836351,103.614041479928,10.5257291541697,253,R0253,1.81721699225254,Exp1,regime_structure,regime-pipeline-v1,3,253
0.651517741533394,88.5557971297692,13.4144886445295,0.894299242968633,20,32,0,0,0,0,0,25.7884044301486,63.7138233203996,61.9284485385576,63.7138233203996,0.703826955074875,0.995,3,0,0.577371048252912,0.793677204658902,3,3,INFEASIBLE,0,0.331961929268787,3,0.35,0.965508942144984,0.0227320551061881,0.0607846042894504,-48.1125240299014,13.3656920657789,26.0802850379764,0.124018101254267,0.141318146515703,88.5557971297692,13.4144886445295,254,R0254,-2.37990446538111,Exp1,regime_structure,regime-pipeline-v1,3,254
1.24183467512875,109.733399191484,11.0509718182137,0.736731454547579,20,32,0,0,0,0,0,39.1608185103024,84.5121817558718,3.47682205025134,84.5121817558718,0.8369384359401,0.995,3,0,0.763727121464226,0.855241264559068,3,3,INFEASIBLE,0,0.138200255815427,2,0.35,1.91987666556978,0.0236183257700653,0.131533740172527,-51.6880112544253,11.8399862836206,38.7960737924126,0.0160666150417616,0.241536732683759,109.733399191484,11.0509718182137,255,R0255,-2.43155358434637,Exp1,regime_structure,regime-pipeline-v1,3,255
1.38673471629028,103.097921002727,9.62462246157912,0.641641497438608,20,32,1,1,1,1,3,4.36195092617449,11.2074613406671,11.2074613406671,11.2074613406671,0.519134775374376,0.991666666666667,3,0,0.347753743760399,0.56738768718802,3,3,EASY,2,0.426760005194889,5,0.35,2.0811641841285,0.0172754135233151,0.161793014043044,-40.0429491180186,8.27693640739336,28.2518064733777,0.0193244539807361,0.0837323662549132,103.097921002727,9.62462246157912,256,R0256,2.10974117444352,Exp1,regime_structure,regime-pipeline-v1,3,256
1.11321893171314,93.5597318787987,8.15624712060787,0.543749808040525,20,16,1,1,1,1,3,0.064196592449494,0.195802428886767,0.0864573220591018,0.195802428886767,0,0.771666666666667,0,0,0,0,0,0,EASY,2,0.194282839334055,4,0.35,2.03526763461609,0.0236969309448456,0.0975632672317293,-60.6591154767051,7.16053080899161,36.5817946839817,0.0289863554975033,0.0070175964458167,93.5597318787987,8.15624712060787,257,R0257,1.68094071794098,Exp1,regime_structure,regime-pipeline-v1,3,257
1.13426022027226,44.9859953419667,10.0629774036036,0.670865160240237,20,32,0,0,0,0,0,58.2129866960017,90,90,90,0.868552412645591,0.996666666666667,3,0,0.747088186356073,0.911813643926789,3,3,INFEASIBLE,0,0.0616063162178085,1,0.35,1.851224022687,0.0200117919694876,0.187366768285385,-31.4718994054349,11.400289383856,34.9838011524423,0.0709914069270113,0.223555117429148,44.9859953419667,10.0629774036036,258,R0258,-2.34244434257883,Exp1,regime_structure,regime-pipeline-v1,3,258
2.79250434654262,69.4553523377904,11.2230704376145,0.748204695840969,20,32,0,0,0,0,0,61.5706721250676,90,90,90,0.723793677204659,0.996666666666667,3,0,0.590682196339434,0.757071547420965,3,3,INFEASIBLE,0,0.388024565525183,5,0.35,1.24793618841214,0.0276072892370259,0.238048114344133,-62.2927918421827,7.4353828480541,36.4988115863988,0.0212410351588133,0.137434418776524,69.4553523377904,11.2230704376145,259,R0259,-2.15466309862361,Exp1,regime_structure,regime-pipeline-v1,3,259
2.07919160387777,89.4947965501694,14.0867863830985,0.93911909220657,20,32,1,1,1,1,3,3.91289598442751,11.434660581815,11.434660581815,11.434660581815,0.354409317803661,0.996666666666667,3,0,0.103161397670549,0.462562396006656,3,3,EASY,2,0.299630870122848,6,0.35,1.25108220753889,0.0210864165572359,0.213671492495986,-50.2651247472283,13.1279977371713,34.5381465681751,0.0828679646970296,0.044094067843855,89.4947965501694,14.0867863830985,260,R0260,2.16785635312969,Exp1,regime_structure,regime-pipeline-v1,3,260
1.12872164928148,54.6240874051262,13.8718835080813,0.924792233872088,20,32,1,1,1,1,3,1.84998131321938,4.0266549225358,2.75253105906852,4.0266549225358,0,0.995,3,0,0,0.0499168053244592,2.985,2.995,EASY,2,0.314441732285296,1,0.35,1.50294521714339,0.0316117176047516,0.12991941554221,-51.4215591214091,5.71327336888595,45.3446698618859,0.00445235772543616,0.0224676086004058,54.6240874051262,13.8718835080813,261,R0261,2.38841655038039,Exp1,regime_structure,regime-pipeline-v1,3,261
2.27953598183346,26.4067807186221,11.8630331462537,0.790868876416917,20,8,0,0,0,0,0,90,90,90,90,0.64891846921797,0.99,3,0,0.550748752079867,0.668885191347754,3,3,INFEASIBLE,0,0.126913187087234,3,0.35,1.36803743231076,0.0283235737265125,0.181171592502711,-61.8664643268862,13.386476982532,31.2938683071239,0.146268076133497,0.137303635633821,26.4067807186221,11.8630331462537,262,R0262,-2.57886954141579,Exp1,regime_structure,regime-pipeline-v1,3,262
1.11477917998085,116.694898740824,11.3413137780822,0.756087585205479,20,32,0,0,0,0,0,11.146649298375,32.7735828391526,32.7735828391526,32.7735828391526,0.703826955074875,0.99,3,0,0.515806988352745,0.768718801996672,3,3,INFEASIBLE,0,0.168129657235558,3,0.35,1.99890816344591,0.0217279876210459,0.153744782264302,-38.1696063836854,11.1663530597395,35.8690432950423,0.0721780944547427,0.126378100577365,116.694898740824,11.3413137780822,263,R0263,-2.12082193307826,Exp1,regime_structure,regime-pipeline-v1,3,263
0.506290088535093,41.6026881531888,9.91707937319275,0.661138624879516,20,32,0,0,0,0,0,20.3206984910458,58.3381175220808,58.3381175220808,58.3381175220808,0.685524126455907,0.998333333333333,3,0,0.600665557404326,0.720465890183028,3,3,INFEASIBLE,0,0.363496142236883,4,0.35,0.915753614670751,0.0115337582635334,0.0585762708429744,-51.3086094718938,5.36148030420327,45.6127687472372,0.0585005782503274,0.224201606618576,41.6026881531888,9.91707937319275,264,R0264,-2.0191854135326,Exp1,regime_structure,regime-pipeline-v1,3,264
1.80246081915967,97.2234194564939,12.2339747482528,0.815598316550188,20,32,1,1,1,1,3,0.0755348453238532,0.170351399419964,0.0358069679743123,0.170351399419964,0,0.885,0,0,0,0,0,0,EASY,2,0.256152276221742,3,0.35,1.9086685647871,0.0162637429726179,0.201602551708583,-40.895669621017,13.1790802843701,27.0817289920984,0.121079904889813,0.00812424804005153,97.2234194564939,12.2339747482528,265,R0265,2.23086057813833,Exp1,regime_structure,regime-pipeline-v1,3,265
2.4093675421773,111.423022460371,10.887943245811,0.725862883054068,20,8,1,1,0,0.666666666666667,2,0.860536055974403,2.50237694746614,2.47039263065484,2.50237694746614,0,0.903333333333333,3,0,0,0.154742096505824,0,3,FRAGILE,1,0.350122679495281,5,0.35,2.0752756364652,0.0189064672046265,0.22918258007729,-54.2824970909623,7.85497579877553,34.509454179285,0.0915411364003544,0.0447806350231909,111.423022460371,10.887943245811,266,R0266,0,Exp1,regime_structure,regime-pipeline-v1,3,266
1.79763349956056,24.0468059112657,10.7540257244733,0.716935048298218,20,32,0,0,0,0,0,58.6256637550415,90,90,90,0.707154742096506,1,3,0,0.635607321131448,0.815307820299501,3,3,INFEASIBLE,0,0.401777640661309,2,0.35,1.931256337902,0.031412566728861,0.154401967193634,-56.9366138063742,5.29490705151203,30.9562239376522,0.00184145235044482,0.204585358178546,24.0468059112657,10.7540257244733,267,R0267,-2.59946635426971,Exp1,regime_structure,regime-pipeline-v1,3,267
0.431647923784207,100.165676060866,10.4551435089315,0.697009567262102,20,32,0,0,0,0,0,18.0939669345227,44.5658730748282,41.9296624209227,44.5658730748282,0.752079866888519,0.996666666666667,3,0,0.662229617304492,0.823627287853577,3,3,INFEASIBLE,0,0.127844534791686,3,0.35,1.69001238691988,0.0371120899677068,0.0492982637997959,-45.8826811606969,12.709847699039,35.5437192115149,0.04877374571038,0.144467501566855,100.165676060866,10.4551435089315,268,R0268,-1.98624395587151,Exp1,regime_structure,regime-pipeline-v1,3,268
1.67816543915359,104.98595441968,12.2209906472401,0.814732709816005,20,8,1,1,1,1,3,0.169578538933979,0.312958432415004,0.22238197894071,0.312958432415004,0,0.771666666666667,0,0,0,0,0,3,EASY,2,0.346772730915709,3,0.35,1.52585709549318,0.0120300153654919,0.132934278785962,-56.7522267973935,5.63869105081461,26.1596297117068,0.107421730582085,0.0383234935391117,104.98595441968,12.2209906472401,269,R0269,2.05638793924675,Exp1,regime_structure,regime-pipeline-v1,3,269
0.248594079405417,63.3979080389351,8.91123271382454,0.594082180921636,20,8,1,1,1,1,3,0.0844265888530438,0.190546213058317,0.0109439132318476,0.190546213058317,0,0.665,0,0,0,0,0,0,EASY,2,0.418887565799533,3,0.35,1.09689945508421,0.0316271611055555,0.0401768217031804,-34.6564735855838,6.95426574475595,40.6068863158226,0.0672002595602147,0.00472213984702833,63.3979080389351,8.91123271382454,270,R0270,2.1992582517721,Exp1,regime_structure,regime-pipeline-v1,3,270
2.68936949380124,72.5123061724565,13.6069375881715,0.907129172544769,20,32,1,1,1,1,3,0.924318600608044,3.02727678076391,3.0248301798565,3.02727678076391,0,0.965,3,0,0,0.0898502495840266,3,2.825,EASY,2,0.296200132874708,3,0.35,2.07194270660875,0.0198277756922426,0.225599987550699,-58.3359084158465,8.46250167585788,30.9963446773741,0.126983548505261,0.0306186772914131,72.5123061724565,13.6069375881715,271,R0271,2.05175021106792,Exp1,regime_structure,regime-pipeline-v1,3,271
0.745948881168092,72.3936041954521,10.6868877786224,0.712459185241494,20,8,1,1,1,1,3,0.0769536285687356,0.181332076201722,0.107109501133384,0.181332076201722,0,0.458333333333333,0,0,0,0,0,0,EASY,2,0.196830354990446,3,0.35,1.158694250177,0.0329403332175729,0.0680210054720933,-64.9556998305224,13.1141356929799,45.4112911698214,0.12512436455275,0.00270905760684054,72.3936041954521,10.6868877786224,272,R0272,2.09385817454609,Exp1,regime_structure,regime-pipeline-v1,3,272
1.01125077902459,60.6580676909985,11.018229799378,0.734548653291866,20,32,0,0,0,0,0,59.4712543593149,90,90,90,0.838602329450915,0.996666666666667,3,0,0.740432612312812,0.891846921797005,3,3,INFEASIBLE,0,0.240229643604722,5,0.35,0.971657430083404,0.0365404545979737,0.0871366618490627,-52.6165088342324,12.3656660078733,26.6066081142532,0.141850690934002,0.241326047527235,60.6580676909985,11.018229799378,273,R0273,-2.7513804476366,Exp1,regime_structure,regime-pipeline-v1,3,273
0.778874809419658,21.7667197801537,11.3232554927897,0.754883699519312,20,16,1,0,1,0.666666666666667,2,7.69506127592996,15.4268025021424,9.57903212961985,15.4268025021424,0.178036605657238,0.99,3,0,0.0632279534109817,0.382695507487521,3,3,FRAGILE,1,0.362979635990759,1,0.35,1.40495188877786,0.0226575290269558,0.0604135010008607,-59.1052819345639,5.87994106593293,27.2048688031846,0.0288712908776483,0.029364349061556,21.7667197801537,11.3232554927897,274,R0274,0,Exp1,regime_structure,regime-pipeline-v1,3,274
1.34026523210114,98.7429339132446,14.3372103756361,0.955814025042403,20,32,0,0,0,0,0,23.286664499717,50.0070422835935,1.16706777283215,50.0070422835935,0.682196339434276,0.995,2.995,0,0.56738768718802,0.763727121464226,3,3,INFEASIBLE,0,0.302747421167012,2,0.35,1.62169922207229,0.0386735600902215,0.113040719042266,-64.0742296173415,9.63965904548795,37.8021466799283,0.0439067492434201,0.185039120962807,98.7429339132446,14.3372103756361,275,R0275,-2.16083597669887,Exp1,regime_structure,regime-pipeline-v1,3,275
0.469820167574724,23.9869685376296,9.20080848845871,0.613387232563914,20,32,1,1,1,1,3,1.08963524874944,2.95699736572445,1.02043432010768,2.95699736572445,0.0948419301164725,0.971666666666667,2.815,0,0,0.384359400998336,3,3,EASY,2,0.305650431193367,5,0.35,1.94657012961847,0.0146865874068265,0.0707705937661513,-33.122645733384,12.5251675764844,32.2220942839586,0.107501227285317,0.0215689893668747,23.9869685376296,9.20080848845871,276,R0276,2.11476341069519,Exp1,regime_structure,regime-pipeline-v1,3,276
1.46571560378957,49.3548485273772,13.4419534153904,0.896130227692696,20,32,0,0,0,0,0,14.6010488918301,45.8512024696049,45.8512024696049,45.8512024696049,0.557404326123128,0.998333333333333,3,0,0.46089850249584,0.692179700499168,3,3,INFEASIBLE,0,0.153373579574776,4,0.35,1.15483667331584,0.026402944556235,0.169868774669937,-48.9347014862749,9.01510427146215,41.6315834295479,0.0503510784545601,0.130294835948314,49.3548485273772,13.4419534153904,277,R0277,-1.70017257977163,Exp1,regime_structure,regime-pipeline-v1,3,277
0.319268363017129,99.542304948168,8.08126711775796,0.538751141183864,20,8,1,1,1,1,3,0.241915271428172,0.703141644899347,0.679164165456334,0.703141644899347,0,0.806666666666667,0,0,0,0,0,2.85,EASY,2,0.220508133954527,5,0.35,1.89314944166273,0.0258650277873004,0.0578598866752994,-32.9269328106998,13.756297445585,46.0900626439231,0.137429235535264,0.0242642747215644,99.542304948168,8.08126711775796,278,R0278,2.30769419572877,Exp1,regime_structure,regime-pipeline-v1,3,278
1.03687263656623,37.6939710946501,8.99089262761097,0.599392841840731,20,32,0,0,0,0,0,20.6461578344316,44.0388746318585,25.1468857268607,44.0388746318585,0.747088186356073,0.998333333333333,3,0,0.589018302828619,0.793677204658902,3,3,INFEASIBLE,0,0.233070307076982,6,0.35,1.58403134112716,0.0222519166932204,0.129830097540366,-44.6609968531412,11.8279475810449,40.4779138662796,0.0507925156362374,0.123917802824884,37.6939710946501,8.99089262761097,279,R0279,-1.8593046424562,Exp1,regime_structure,regime-pipeline-v1,3,279
1.39891584242546,37.9209547432416,13.3524626798738,0.890164178658252,20,16,0,0,0,0,0,13.5464270285346,36.5741986786205,36.5741986786205,36.5741986786205,0.412645590682196,0.986666666666667,3,0,0.212978369384359,0.477537437603993,3,3,INFEASIBLE,0,0.448315884825987,6,0.35,2.03646371242176,0.0256595434517348,0.148523996050158,-57.5691618842921,11.0041790460371,48.3560975132794,0.0775633955028661,0.0785555338966765,37.9209547432416,13.3524626798738,280,R0280,-2.25238311779009,Exp1,regime_structure,regime-pipeline-v1,3,280
1.54356623207573,81.4618312558751,11.4826028405598,0.765506856037321,20,32,0,1,1,0.666666666666667,2,12.0672622667054,26.9607452099476,18.3984786946594,26.9607452099476,0.554076539101497,0.996666666666667,3,0,0.324459234608985,0.645590682196339,3,3,INFEASIBLE,0,0.0728969492489132,1,0.35,1.33508272712091,0.0204428478576038,0.131289108640884,-63.3402610924443,6.67051056489864,37.5688513440964,0.0784924115426552,0.129462689648358,81.4618312558751,11.4826028405598,281,R0281,-1.71587083102165,Exp1,regime_structure,regime-pipeline-v1,3,281
0.973857726655726,113.484654377699,8.02500314346263,0.535000209564175,20,16,1,1,1,1,3,0.0628598878065728,0.15547260297978,0.14900037819172,0.15547260297978,0,0.811666666666667,0,0,0,0,0,0,EASY,2,0.13071359952899,3,0.35,1.31854317601258,0.024935190320921,0.177914093355612,-30.1103295871115,10.7576917156188,39.1671571657891,0.0109209128247853,0.0152514513988279,113.484654377699,8.02500314346263,282,R0282,2.56374478353269,Exp1,regime_structure,regime-pipeline-v1,3,282
1.23663162070805,118.570800568267,12.7243101462595,0.848287343083967,20,8,1,1,1,1,3,0.0693987902978995,0.154773791208549,0.0639828006514651,0.154773791208549,0,0.731666666666667,0,0,0,0,0,0,EASY,2,0.240842166237748,3,0.35,0.926734981962873,0.0322800028255029,0.103783963229847,-60.9197102866619,9.2869496119848,33.8342710115928,0.0117942463228769,0.0160365340020286,118.570800568267,12.7243101462595,283,R0283,2.16730262046729,Exp1,regime_structure,regime-pipeline-v1,3,283
0.323864679563145,37.4615413971018,13.9043690355651,0.926957935704338,20,32,0,0,0,0,0,35.6378838027623,90,90,90,0.75540765391015,0.998333333333333,3,0,0.658901830282862,0.860232945091514,3,3,INFEASIBLE,0,0.322458878922357,4,0.35,1.06831757253022,0.0352835313285771,0.0549864741964406,-36.3643674032901,13.8944757327838,49.3398703061646,0.0924094111402869,0.171674723874326,37.4615413971018,13.9043690355651,284,R0284,-2.30423698325925,Exp1,regime_structure,regime-pipeline-v1,3,284
0.974485774440191,84.4531610298888,8.81670832131022,0.587780554754014,20,32,1,1,1,1,3,0.0689993275030151,0.210138477046872,0.201030271661487,0.210138477046872,0,0.95,0,0,0,0,0,0,EASY,2,0.408116423693565,3,0.35,1.50989548419708,0.0262768474817639,0.176317288509634,-31.1167342018021,11.0607439823009,41.0287387741215,0.0330206120053689,0.0102623636120896,84.4531610298888,8.81670832131022,285,R0285,2.16916502571827,Exp1,regime_structure,regime-pipeline-v1,3,285
0.951172369145676,101.791982745366,12.9409057707797,0.862727051385314,20,32,0,0,0,0,0,13.8834301140974,33.4606068350622,33.4606068350622,33.4606068350622,0.713810316139767,0.998333333333333,3,0,0.555740432612313,0.757071547420965,3,3,INFEASIBLE,0,0.397232507529421,2,0.35,1.63852421264701,0.0202664879738538,0.115711624229684,-45.1961615534946,11.4664875247358,39.129111776324,0.0450299993457671,0.13132440303519,101.791982745366,12.9409057707797,286,R0286,-1.73568718626482,Exp1,regime_structure,regime-pipeline-v1,3,286
1.6625793421498,33.2062739954034,11.0831276450821,0.738875176338806,20,32,0,0,0,0,0,29.0847427021836,90,90,90,0.715474209650582,0.996666666666667,3,0,0.627287853577371,0.745424292845258,3,3,INFEASIBLE,0,0.251544469850216,3,0.35,1.11036445272743,0.0208976121599367,0.152333095212694,-52.3921821181286,9.14884788043243,29.8275858333907,0.0750917681416923,0.140048099967196,33.2062739954034,11.0831276450821,287,R0287,-1.54869954051637,Exp1,regime_structure,regime-pipeline-v1,3,287
1.29717984354838,23.6601670305767,12.4611152064458,0.830741013763052,20,8,0,0,0,0,0,90,90,90,90,0.53910149750416,0.995,3,0,0.509151414309484,0.742096505823627,3,3,INFEASIBLE,0,0.237202710599658,4,0.35,1.51313132331045,0.0179940443556236,0.0981907991409171,-61.0094425907737,12.3427523777071,27.6055673459296,0.0772348438668055,0.187186361183765,23.6601670305767,12.4611152064458,288,R0288,-2.05381278231796,Exp1,regime_structure,regime-pipeline-v1,3,288
0.62431299256639,56.1783965876494,12.676622428398,0.845108161893197,20,32,0,0,0,0,0,30.2506255030414,60.1000438774497,23.8784344269301,60.1000438774497,0.732113144758735,0.998333333333333,3,0,0.643926788685524,0.767054908485857,3,3,INFEASIBLE,0,0.296941833081258,2,0.35,1.93453547845201,0.0123629492579045,0.0916907868564668,-38.8969490371656,10.2525706764382,42.2414761067132,0.106547354115056,0.198244740005182,56.1783965876494,12.676622428398,289,R0289,-1.96546861412802,Exp1,regime_structure,regime-pipeline-v1,3,289
0.905015636677343,38.1237955618969,12.738631388649,0.849242092576601,20,32,1,1,1,1,3,1.12291919698211,2.76217244355284,1.09833002530742,2.76217244355284,0,0.985,2.935,0,0,0.261231281198003,3,2.97,EASY,2,0.343460123929953,3,0.35,1.51142942237108,0.0326432254278303,0.149666024217429,-33.6378981513797,10.2412155265314,40.0546865887687,0.120965884600251,0.0156294929359956,38.1237955618969,12.738631388649,290,R0290,2.17415337620188,Exp1,regime_structure,regime-pipeline-v1,3,290
1.16712531267092,118.771601708175,13.3494752510566,0.889965016737107,20,32,0,0,0,0,0,53.6426771007277,90,90,90,0.810316139767055,0.995,3,0,0.750415973377704,0.841930116472546,3,3,INFEASIBLE,0,0.0967782468507165,4,0.35,0.909414127831742,0.033665546045923,0.141469045341374,-47.3658995759109,12.4498881689892,42.665889688845,0.0350472245315437,0.248579124220324,118.771601708175,13.3494752510566,291,R0291,-2.91531054830472,Exp1,regime_structure,regime-pipeline-v1,3,291
1.78874625717042,112.167825157001,10.5955567177685,0.706370447851234,20,32,1,1,1,1,3,4.81916162793437,12.7499306740072,7.06810800189052,12.7499306740072,0.459234608985025,0.99,3,0,0.211314475873544,0.529118136439268,3,2.97,EASY,2,0.347885677178086,3,0.35,1.39312461781859,0.0243004006121425,0.192054554001754,-48.9755411746883,8.89121683237643,35.7908149626672,0.0385343233116155,0.0834427142357098,112.167825157001,10.5955567177685,292,R0292,1.81655319240042,Exp1,regime_structure,regime-pipeline-v1,3,292
1.24618878218798,108.326106238245,14.0373848333961,0.935825655559737,20,32,0,0,0,0,0,14.6236783031477,33.5482433726333,16.1761656105037,33.5482433726333,0.672212978369384,0.996666666666667,3,0,0.512479201331115,0.735440931780366,3,3,INFEASIBLE,0,0.179391042828796,4,0.35,1.45543553976574,0.016475342262408,0.140883109081288,-43.3636482915369,11.1069846927932,31.1073605748612,0.102515310279029,0.137945859637042,108.326106238245,14.0373848333961,293,R0293,-2.01045968744444,Exp1,regime_structure,regime-pipeline-v1,3,293
1.93659299589423,20.1420828635075,13.9785352999318,0.931902353328787,20,32,0,0,0,0,0,65.4779416181668,90,90,90,0.62063227953411,0.991666666666667,3,0,0.570715474209651,0.642262895174709,3,3,INFEASIBLE,0,0.421107186277609,1,0.35,1.04479939311017,0.0257240450764432,0.1570679250162,-65.0408086971978,9.41779780816533,36.0189892224774,0.13989472504124,0.0858726023670281,20.1420828635075,13.9785352999318,294,R0294,-2.03050118613696,Exp1,regime_structure,regime-pipeline-v1,3,294
2.85701236687737,25.2991746308201,14.896197868873,0.993079857924868,20,8,0,0,0,0,0,90,90,90,90,0.420965058236273,0.995,3,0,0.439267886855241,0.447587354409318,3,3,INFEASIBLE,0,0.0704072232224445,2,0.35,1.06958678442831,0.0342008811901664,0.23169941659694,-59.6138669877214,7.82489979719632,30.2539152187833,0.066971845180787,0.115064981676786,25.2991746308201,14.896197868873,295,R0295,-2.32729379934644,Exp1,regime_structure,regime-pipeline-v1,3,295
0.292188550900349,68.4723964651599,14.9053687885093,0.993691252567286,20,32,1,1,1,1,3,6.50922407338365,14.9467848582214,4.08992718456585,14.9467848582214,0.512479201331115,0.993333333333333,3,0,0.291181364392679,0.600665557404326,3,2.965,EASY,2,0.325568570408534,6,0.35,0.967426952486011,0.0140064149573845,0.044499824966726,-34.3849938860061,13.6761809713498,35.496822293711,0.12860730047332,0.0662029878533067,68.4723964651599,14.9053687885093,296,R0296,2.10064124752604,Exp1,regime_structure,regime-pipeline-v1,3,296
1.52826264329645,50.2063190569053,10.0729254300586,0.671528362003907,20,32,1,1,1,1,3,0.485785150911897,1.53493564109264,0.688529518319998,1.53493564109264,0,0.988333333333333,0,0,0,0.00166389351081531,0,0,EASY,2,0.262775537311038,3,0.35,1.87668821409281,0.0313839285226654,0.151126200028105,-49.2198070502667,7.74447848387353,30.6637101364654,0.0619419045956785,0.0261100847868972,50.2063190569053,10.0729254300586,297,R0297,2.13360582197503,Exp1,regime_structure,regime-pipeline-v1,3,297
1.47599215193062,106.357699826844,13.3044093410853,0.886960622739019,20,32,0,0,0,0,0,16.9441568158944,39.4008122687255,34.0727478294916,39.4008122687255,0.607321131447587,0.995,3,0,0.444259567387687,0.683860232945091,3,3,INFEASIBLE,0,0.184722343677934,3,0.35,1.08546206422885,0.0211622917049313,0.153037971941368,-54.1585768508801,7.46251712497422,40.8155968344031,0.110409980184283,0.159588794237983,106.357699826844,13.3044093410853,298,R0298,-1.65580875671945,Exp1,regime_structure,regime-pipeline-v1,3,298
2.02683504830182,111.042267764357,11.2904691012059,0.752697940080392,20,32,0,0,0,0,0,12.7218261285822,40.5099855954322,40.5099855954322,40.5099855954322,0.667221297836938,0.99,3,0,0.527454242928453,0.713810316139767,3,3,INFEASIBLE,0,0.40014324451255,1,0.35,1.58948757064631,0.028620915507437,0.200447531157127,-57.7419056424425,10.189069006134,42.2093043366999,0.0481814136961679,0.112239010663914,111.042267764357,11.2904691012059,299,R0299,-1.86321996400229,Exp1,regime_structure,regime-pipeline-v1,3,299
1.14164506311598,66.2499638231227,11.9937343532288,0.799582290215254,20,16,1,1,1,1,3,2.06223655185199,7.43448915549293,7.43448915549293,7.43448915549293,0.0332778702163062,0.958333333333333,3,0,0,0.101497504159734,2.955,3,EASY,2,0.220969219804645,3,0.35,1.44344527401165,0.0249862097029315,0.103410512749375,-65.9644155184921,7.86587810419983,46.2112771787786,0.138303557952116,0.0495597241146693,66.2499638231227,11.9937343532288,300,R0300,2.0496976018154,Exp1,regime_structure,regime-pipeline-v1,3,300
1.5982627082743,110.882666081834,8.49603636370459,0.566402424246973,20,32,0,0,1,0.333333333333333,1,5.53899880724426,18.0066726816626,18.0066726816626,18.0066726816626,0.670549084858569,0.995,3,0,0.489184692179701,0.760399334442596,3,3,INFEASIBLE,0,0.281770274989646,2,0.35,2.04613832935137,0.0139232922625396,0.150329897324391,-57.7587116352856,10.3749258324414,38.2024081930684,0.147242390257826,0.111391153149167,110.882666081834,8.49603636370459,301,R0301,-1.89933157791958,Exp1,regime_structure,regime-pipeline-v1,3,301
0.862791880467946,107.834012197955,13.8609374765118,0.924062498434118,20,32,0,0,0,0,0,26.7575946599289,57.3933351071535,11.2141072827352,57.3933351071535,0.720465890183028,0.996666666666667,3,0,0.577371048252912,0.787021630615641,3,3,INFEASIBLE,0,0.400347429611613,3,0.35,1.84237099496229,0.0218445369484505,0.13670886881979,-33.3252231292278,8.99921145981709,36.0901568643801,0.143932150479711,0.232776041967036,107.834012197955,13.8609374765118,302,R0302,-2.562358526757,Exp1,regime_structure,regime-pipeline-v1,3,302
2.00300800388415,70.8941908063515,8.21995710240537,0.547997140160358,20,32,0,0,0,0,0,68.7420349334153,90,90,90,0.848585690515807,0.996666666666667,3,0,0.801996672212978,0.878535773710483,3,3,INFEASIBLE,0,0.439152892013298,5,0.35,1.5992396554928,0.0204121112958634,0.238990201761877,-45.5494272986334,10.9673527538068,38.2315601657369,0.135531733594854,0.239280539803742,70.8941908063515,8.21995710240537,303,R0303,-2.52738834116706,Exp1,regime_structure,regime-pipeline-v1,3,303
0.858795542514243,39.0204134826267,13.501126701863,0.900075113457532,20,16,1,1,1,1,3,0.390687783267559,1.43989410684656,1.43989410684656,1.43989410684656,0,0.878333333333333,0,0,0,0,3,2.99,EASY,2,0.209824347985696,3,0.35,1.98197598076584,0.0110494497120289,0.119389849007891,-44.0290126622852,10.262861146198,48.4947241205624,0.133783513585866,0.0205670425498904,39.0204134826267,13.501126701863,304,R0304,2.23814012157254,Exp1,regime_structure,regime-pipeline-v1,3,304
0.863277939144048,95.1910576283956,11.5686485650518,0.771243237670117,20,32,0,0,0,0,0,27.4004411053982,58.5347195144132,26.8232559652478,58.5347195144132,0.773710482529118,0.998333333333333,3,0,0.628951747088186,0.813643926788686,3,3,INFEASIBLE,0,0.058507000994762,2,0.35,1.38392363095658,0.033247962857127,0.0969469546035102,-46.5109807186052,8.64977394097722,35.3133897630268,0.0688273060730663,0.229533533861835,95.1910576283956,11.5686485650518,305,R0305,-2.05890622638692,Exp1,regime_structure,regime-pipeline-v1,3,305
0.489260949499743,64.5401100298122,8.03169081144358,0.535446054096239,20,32,0,0,0,0,0,12.1835668303523,33.7959216009429,33.7959216009429,33.7959216009429,0.75540765391015,0.998333333333333,3,0,0.683860232945091,0.830282861896839,3,3,INFEASIBLE,0,0.311164414371279,1,0.35,1.11570459755307,0.0347183157964522,0.0762900246979182,-34.4128874671494,10.3865532118408,37.2698795395323,0.113430361195447,0.139864552404769,64.5401100298122,8.03169081144358,306,R0306,-1.60105499259302,Exp1,regime_structure,regime-pipeline-v1,3,306
2.57988781961181,111.234196508103,12.5017246842713,0.833448312284755,20,32,1,1,1,1,3,1.8338475308488,4.68094546173588,2.55966726022939,4.68094546173588,0.279534109816972,0.991666666666667,3,0,0.149750415973378,0.419301164725458,3,3,EASY,2,0.39466678813096,3,0.35,1.78248114633555,0.0276446484612357,0.21684534589393,-57.9341399932158,12.7855401230989,30.6922730078797,0.133603925939061,0.0417202101062016,111.234196508103,12.5017246842713,307,R0307,2.20598594158493,Exp1,regime_structure,regime-pipeline-v1,3,307
2.11518452580868,98.3171517364459,10.1539367857984,0.676929119053223,20,32,0,0,0,0,0,28.8032698774157,60.2809160314511,4.42319688627241,60.2809160314511,0.797004991680532,0.996666666666667,3,0,0.663893510815308,0.84026622296173,3,3,INFEASIBLE,0,0.190779785217024,5,0.35,2.01806183357087,0.0194862309619869,0.170332955932469,-62.3236401207073,8.57293913194606,32.6037702732253,0.00437379765419455,0.199051474156524,98.3171517364459,10.1539367857984,308,R0308,-2.22184396502142,Exp1,regime_structure,regime-pipeline-v1,3,308
2.03704208621985,77.1053948954774,12.3282586923056,0.821883912820373,20,32,0,0,0,0,0,22.9213595230619,54.2939289709447,52.4955459951847,54.2939289709447,0.665557404326123,0.998333333333333,3,0,0.490848585690516,0.747088186356073,3,3,INFEASIBLE,0,0.29705194321818,5,0.35,1.5692256900014,0.0324932943984717,0.171145640638951,-62.9862310926675,10.3614706930652,36.2480193313341,0.0581168622173802,0.117210366872065,77.1053948954774,12.3282586923056,309,R0309,-1.44936108781145,Exp1,regime_structure,regime-pipeline-v1,3,309
3.21111896900864,74.0032515587933,10.7143432833254,0.714289552221691,20,16,0,0,0,0,0,90,90,90,90,0.610648918469218,0.995,3,0,0.770382695507488,0.713810316139767,3,3,INFEASIBLE,0,0.346589931971944,4,0.35,1.02350796154562,0.0345316916487247,0.219934756954401,-68.8428943995738,7.40404692609911,28.7775980879243,0.140043388738125,0.215213237970028,74.0032515587933,10.7143432833254,310,R0310,-2.45907982420416,Exp1,regime_structure,regime-pipeline-v1,3,310
0.761271738893068,24.731601233207,13.7648203092347,0.917654687282316,20,32,1,1,1,1,3,3.53280302501543,10.0744674676902,10.0744674676902,10.0744674676902,0.154742096505824,0.995,3,0,0,0.327787021630616,3,3,EASY,2,0.364772156001333,2,0.35,1.70026458460497,0.0307077456943812,0.0787068345585587,-59.2402202501738,9.32490094320781,48.5556937431356,0.0200017531402911,0.053854171434811,24.731601233207,13.7648203092347,311,R0311,2.02274901777404,Exp1,regime_structure,regime-pipeline-v1,3,311
0.393619134335409,27.1466855910626,9.00800323793301,0.600533549195534,20,8,1,0,1,0.666666666666667,2,13.810810437363,28.1128338412179,3.18797238372602,28.1128338412179,0.312811980033278,0.99,3,0,0.0682196339434276,0.374376039933444,3,2.985,FRAGILE,1,0.342625469380891,4,0.35,1.07536266661119,0.0143529864770855,0.0655086388431696,-35.1843709485314,7.02710667490049,44.3818791148169,0.0208440531004794,0.0978932377886612,27.1466855910626,9.00800323793301,312,R0312,0,Exp1,regime_structure,regime-pipeline-v1,3,312
0.571757774411656,38.0535644923442,10.2683899633927,0.684559330892846,20,32,0,0,0,0,0,20.820267842984,55.5688964245522,55.5688964245522,55.5688964245522,0.757071547420965,0.996666666666667,3,0,0.590682196339434,0.800332778702163,3,3,INFEASIBLE,0,0.0503336470358204,4,0.35,0.939541170532747,0.0335472125618425,0.0562268747371711,-55.7144556644997,12.2399141706287,38.8562489492637,0.0577263734121549,0.115326878065649,38.0535644923442,10.2683899633927,313,R0313,-1.91385906772783,Exp1,regime_structure,regime-pipeline-v1,3,313
0.398265366136982,109.202943321809,12.1516584534486,0.810110563563239,20,32,0,0,0,0,0,8.29370220099996,24.7767462033365,24.7767462033365,24.7767462033365,0.603993344425957,0.996666666666667,3,0,0.445923460898502,0.662229617304492,3,3,INFEASIBLE,0,0.106103022685865,6,0.35,1.43078341761719,0.0208272602012911,0.0412481411012021,-48.5588568737336,8.94139063032664,32.7387389139686,0.0900205770604381,0.118408001605794,109.202943321809,12.1516584534486,314,R0314,-1.35836488269955,Exp1,regime_structure,regime-pipeline-v1,3,314
1.42917391125635,26.1592940024769,13.3402636500619,0.889350910004128,20,8,0,0,0,0,0,90,90,90,90,0.555740432612313,0.993333333333333,3,0,0.455906821963394,0.763727121464226,3,3,INFEASIBLE,0,0.322645547993492,6,0.35,1.50441795112899,0.027720771486081,0.120422346176123,-67.6020686392078,13.1042546577361,41.99768359562,0.111455025285878,0.208780738251509,26.1592940024769,13.3402636500619,315,R0315,-2.87055012062142,Exp1,regime_structure,regime-pipeline-v1,3,315
1.36446007717199,36.4987513198302,10.124072135492,0.674938142366131,20,32,0,0,0,0,0,37.8250514757915,65.1748574973816,14.9023853166597,65.1748574973816,0.767054908485857,0.998333333333333,3,0,0.64891846921797,0.855241264559068,3,3,INFEASIBLE,0,0.104114966894834,5,0.35,2.06040480768583,0.0180049498460601,0.171653142624831,-35.2235706684292,6.90726522097314,25.416161798755,0.0423790997307534,0.232579687329865,36.4987513198302,10.124072135492,316,R0316,-2.23611831946724,Exp1,regime_structure,regime-pipeline-v1,3,316
1.28489745459268,79.5633919674162,9.93286631236962,0.662191087491308,20,32,0,0,0,0,0,9.21905043774392,23.4070362864735,21.3264596408475,23.4070362864735,0.600665557404326,0.993333333333333,3,0,0.452579034941764,0.693843594009983,3,3,INFEASIBLE,0,0.287329097730087,5,0.35,1.94886198755208,0.0302102517956993,0.106966317066805,-62.4918554529202,8.95434569972924,35.0320332642728,0.0539802803267944,0.0949707864770571,79.5633919674162,9.93286631236962,317,R0317,-1.51321241837697,Exp1,regime_structure,regime-pipeline-v1,3,317
1.72615216798111,58.1430777546264,12.6871515143124,0.845810100954161,20,16,1,1,1,1,3,0.079335696723223,0.153775899265377,0.0784361494901797,0.153775899265377,0,0.89,0,0,0,0,0,0,EASY,2,0.306347262792194,3,0.35,0.957735321462643,0.0355573297126205,0.185502384138475,-46.4698026730417,8.35390266011601,32.2807672857706,0.0187429672532138,0.000403416633285689,58.1430777546264,12.6871515143124,318,R0318,2.10361556485753,Exp1,regime_structure,regime-pipeline-v1,3,318
0.396054894123019,98.504824591708,12.0086469804674,0.800576465364492,20,16,1,1,1,1,3,0.0856578881031423,0.183092243138007,0.085868493064101,0.183092243138007,0,0.768333333333333,0,0,0,0,0,0,EASY,2,0.121787028946966,2,0.35,1.09170591056454,0.0176236587361071,0.0639573729972286,-32.0386376109554,11.3660674808932,34.6481382010923,0.0824468481413614,0.00463927616017513,98.504824591708,12.0086469804674,319,R0319,2.17338250741719,Exp1,regime_structure,regime-pipeline-v1,3,319
2.78852886594034,98.0878252762404,10.0824725394107,0.672164835960713,20,16,1,1,0,0.666666666666667,2,2.15780413290691,6.45892311973959,6.45892311973959,6.45892311973959,0.0732113144758735,0.978333333333333,3,0,0,0.452579034941764,3,3,FRAGILE,1,0.362237749285344,3,0.35,1.96846075840877,0.0352251803835743,0.213323727887563,-65.8783132418259,7.99414739065354,32.8756492866354,0.0787901949364977,0.0657717896655154,98.0878252762404,10.0824725394107,320,R0320,0,Exp1,regime_structure,regime-pipeline-v1,3,320
1.2519665762988,107.142244642956,13.6755390392024,0.911702602613491,45,32,1,0,0,0.333333333333333,1,11.134441030788,25.6837278762059,5.9478005775801,25.6837278762059,0.490848585690516,0.99,3,0,0.339434276206323,0.625623960066556,3,3,FRAGILE,1,0.328609773079103,5,0.35,1.50828429830322,0.027076913908327,0.168018011247118,-37.5584879732604,6.55228570231214,32.8854483842239,0.0536331522722713,0.10132623507142,107.142244642956,13.6755390392024,321,R0321,0,Exp1,regime_structure,regime-pipeline-v1,3,321
1.65674579334773,47.1400674376749,13.6715503436915,0.91143668957943,20,32,0,0,0,0,0,38.426764596996,66.5886356254792,10.9129663223133,66.5886356254792,0.687188019966722,0.996666666666667,3,0,0.62063227953411,0.73044925124792,3,3,INFEASIBLE,0,0.307144415487959,5,0.35,1.63545142943551,0.018232208831475,0.171357825112087,-58.6414561086415,8.31825979725798,47.6175424950781,0.0748937136840809,0.195493051573917,47.1400674376749,13.6715503436915,322,R0322,-2.46533870335292,Exp1,regime_structure,regime-pipeline-v1,3,322
2.00995626565974,119.367034268467,14.7452104112194,0.983014027414627,20,32,1,1,1,1,3,1.59521557049267,4.18743595463848,3.09426585980121,4.18743595463848,0.043261231281198,0.991666666666667,3,0,0,0.314475873544093,3,3,EASY,2,0.264565699165755,6,0.35,1.73676380228053,0.0273196487163751,0.22189118222988,-56.1129525067056,9.36371728297443,49.6700355712176,0.123194458721548,0.0449918617473194,119.367034268467,14.7452104112194,323,R0323,2.23150637979856,Exp1,regime_structure,regime-pipeline-v1,3,323
1.08496383288671,48.8863143450602,9.34450330547256,0.622966887031504,20,32,0,0,0,0,0,15.2110004945634,46.740201477019,46.740201477019,46.740201477019,0.697171381031614,0.995,3,0,0.53910149750416,0.760399334442596,3,3,INFEASIBLE,0,0.131812612702149,3,0.35,1.29392710073986,0.033004207503841,0.128506895707561,-49.7223234014428,6.31885027971318,44.8938165611504,0.12606072311628,0.186160285072482,48.8863143450602,9.34450330547256,324,R0324,-2.28557971000885,Exp1,regime_structure,regime-pipeline-v1,3,324
1.7539173447958,104.524424316591,12.2887325346456,0.819248835643043,20,32,0,0,0,0,0,57.6853422908575,90,90,90,0.821963394342762,0.996666666666667,3,0,0.75540765391015,0.846921797004992,3,3,INFEASIBLE,0,0.113382375943065,5,0.35,1.37460848574886,0.0254380669152335,0.18707858478902,-43.0086485445235,11.499888804233,27.239733541419,0.111186379261777,0.23655618579724,104.524424316591,12.2887325346456,325,R0325,-2.31759960638665,Exp1,regime_structure,regime-pipeline-v1,3,325
0.786513401778722,98.1920847939253,8.86868273550141,0.591245515700094,20,32,1,1,1,1,3,9.29283378922723,22.3906440721458,10.2655421760945,22.3906440721458,0.663893510815308,0.995,3,0,0.504159733777038,0.732113144758735,3,3,FRAGILE,1,0.293365730262971,4,0.35,1.88875334243104,0.0218961880956998,0.073777218026893,-60.8340081956781,8.04393708589758,42.1489263568832,0.0451254568785994,0.120146294457803,98.1920847939253,8.86868273550141,326,R0326,0,Exp1,regime_structure,regime-pipeline-v1,3,326
2.51998984003328,82.0966746433058,11.417716217278,0.761181081151867,20,16,0,0,0,0,0,31.7369754754878,66.4759033500446,66.4759033500446,66.4759033500446,0.617304492512479,0.996666666666667,3,0,0.62063227953411,0.667221297836938,3,2.99,INFEASIBLE,0,0.382066766966643,1,0.35,1.97652616820387,0.0109574656238891,0.207870955536612,-62.5123416155483,7.65752853419811,34.4177865343486,0.10577948394762,0.214541504554842,82.0966746433058,11.417716217278,327,R0327,-2.40792233185629,Exp1,regime_structure,regime-pipeline-v1,3,327
2.98748063266853,97.7881740145855,9.00160649840177,0.600107099893452,20,32,0,0,0,0,0,51.3811425637568,90,90,90,0.78369384359401,0.996666666666667,3,0,0.640599001663893,0.848585690515807,3,3,INFEASIBLE,0,0.0831641616339019,6,0.35,1.73006071040234,0.0356853104073201,0.231924617068069,-64.6286456996959,7.12273664108733,32.5832925031671,0.0367160373663086,0.20746312166247,97.7881740145855,9.00160649840177,328,R0328,-2.71917240502369,Exp1,regime_structure,regime-pipeline-v1,3,328
0.875233508172078,93.7093716905164,12.5945044820909,0.839633632139392,20,8,1,1,1,1,3,0.0995613220030181,0.242906108464334,0.0717818631699671,0.242906108464334,0,0.808333333333333,0,0,0,0,0,0,EASY,2,0.0613442422501472,6,0.35,1.50894190437745,0.0165239032630329,0.121298065040775,-35.6690869442001,13.6607841637747,31.6304387095908,0.0232997009910944,0.00923901849295567,93.7093716905164,12.5945044820909,329,R0329,2.39443269429854,Exp1,regime_structure,regime-pipeline-v1,3,329
2.92849013327219,43.0663953319822,9.16816776252783,0.611211184168522,45,32,0,0,0,0,0,39.0584802863032,67.8446876487038,49.278448062083,67.8446876487038,0.75873544093178,0.998333333333333,3,0,0.653910149750416,0.805324459234609,3,3,INFEASIBLE,0,0.394844450135379,3,0.35,1.78052430583381,0.0168286219745107,0.23159386468947,-58.7285046044563,9.4304479742338,27.9206684834831,0.0586524498426315,0.132503093593375,43.0663953319822,9.16816776252783,330,R0330,-1.96513479378289,Exp1,regime_structure,regime-pipeline-v1,3,330
1.40014077179123,35.9591356717103,11.0965494308449,0.739769962056326,20,32,0,0,0,0,0,43.3933207246823,75.6414056237429,6.53944182955701,75.6414056237429,0.782029950083195,0.996666666666667,3,0,0.667221297836938,0.861896838602329,3,3,INFEASIBLE,0,0.173800441032693,3,0.35,1.61039587156138,0.0367789576948015,0.142186713854054,-60.1475849744691,9.54319181109156,48.2916868129201,0.122775690707287,0.201236439421385,35.9591356717103,11.0965494308449,331,R0331,-2.48105086597344,Exp1,regime_structure,regime-pipeline-v1,3,331
0.991300451879089,89.7766695346349,11.5108188400969,0.767387922673126,20,32,1,1,1,1,3,4.10177641767712,12.5981642470963,12.5981642470963,12.5981642470963,0.427620632279534,0.993333333333333,3,0,0.0199667221297837,0.562396006655574,3,3,EASY,2,0.374938635915596,4,0.35,1.43083475970592,0.0229111242375328,0.123596252366908,-43.7684526585575,8.24443628775056,38.5463925912596,0.0439859947515712,0.0772337891071769,89.7766695346349,11.5108188400969,332,R0332,1.34707045717292,Exp1,regime_structure,regime-pipeline-v1,3,332
1.76514843782942,55.9795098292663,8.70890789305676,0.580593859537117,20,32,1,1,1,1,3,0.341631092343461,0.908231654740251,0.752294320203866,0.908231654740251,0,0.961666666666667,0,0,0,0.201331114808652,0,2.91,EASY,2,0.284422601263884,5,0.35,2.09585094240775,0.0242039844014283,0.180701343041119,-48.0415751842404,5.31724090436398,31.3080580010219,0.0998980681914828,0.0490440580357978,55.9795098292663,8.70890789305676,333,R0333,2.01399260450638,Exp1,regime_structure,regime-pipeline-v1,3,333
2.69732521609808,62.3356172221575,12.9313194827338,0.862087965515585,20,16,0,0,0,0,0,12.5485536820004,27.0749821034986,27.0749821034986,27.0749821034986,0.381031613976705,0.985,3,0,0.492512479201331,0.527454242928453,3,3,INFEASIBLE,0,0.217589623455997,5,0.35,1.14715995788391,0.0174562766886691,0.223674274882008,-57.4937787305801,6.69582550654452,29.421750945865,0.110499127381388,0.106606840782683,62.3356172221575,12.9313194827338,334,R0334,-2.07134260005775,Exp1,regime_structure,regime-pipeline-v1,3,334
0.889715733442685,65.9673124571099,8.54655714889578,0.569770476593052,20,16,1,1,1,1,3,0.0847597987754618,0.166058216773109,0.0476623931120554,0.166058216773109,0,0.846666666666667,0,0,0,0,0,0,EASY,2,0.31494220085317,3,0.35,1.03300090035426,0.0251179241431452,0.135247596426773,-40.5995901738491,5.09848767460634,49.3016241759376,0.0800341609786781,0.0175279324864009,65.9673124571099,8.54655714889578,335,R0335,2.215668326372,Exp1,regime_structure,regime-pipeline-v1,3,335
1.52532268409605,75.5239129088827,10.5129265586523,0.700861770576822,20,32,0,0,0,0,0,16.0001820099435,52.4413518355162,52.4413518355162,52.4413518355162,0.633943427620632,0.996666666666667,3,0,0.490848585690516,0.700499168053245,3,3,INFEASIBLE,0,0.352211797611354,5,0.35,1.91680881290642,0.0121605766194015,0.148768782229576,-53.5287903279807,5.66524355564668,35.2806333857873,0.0855238893400978,0.182013185126587,75.5239129088827,10.5129265586523,336,R0336,-2.03845780004307,Exp1,regime_structure,regime-pipeline-v1,3,336
1.94560577761434,81.2595943617341,9.64497530559316,0.642998353706211,20,32,0,0,0,0,0,20.7335515256206,70.2677743680911,70.2677743680911,70.2677743680911,0.710482529118136,0.995,3,0,0.569051580698835,0.763727121464226,3,3,INFEASIBLE,0,0.396339669873448,3,0.35,1.85519556723073,0.0297584966689797,0.160814132398519,-65.460253013147,6.14462080942165,37.892690774352,0.0921014883692164,0.183557962738822,81.2595943617341,9.64497530559316,337,R0337,-1.38717223012768,Exp1,regime_structure,regime-pipeline-v1,3,337
1.21110882194936,105.005536202074,9.43096347794685,0.62873089852979,20,32,1,1,1,1,3,3.5797622142044,10.1125870044133,10.1125870044133,10.1125870044133,0.40765391014975,0.99,3,0,0.0682196339434276,0.517470881863561,2.86,3,EASY,2,0.322198951441657,3,0.35,1.10014062907082,0.0133696922090727,0.123370729074602,-56.4693901711556,6.91805422833592,42.8297441158575,0.10566897159092,0.0861631220047011,105.005536202074,9.43096347794685,338,R0338,1.93290666143915,Exp1,regime_structure,regime-pipeline-v1,3,338
1.74668858232278,79.9447592976008,13.194196956776,0.879613130451736,20,16,1,1,1,1,3,0.36603333324252,0.912831366817187,0.294730391319055,0.912831366817187,0,0.953333333333333,0,0,0,0.0565723793677205,0,3,EASY,2,0.385243433509623,5,0.35,1.93872308388142,0.0310741693681845,0.238149105735106,-32.823604484933,8.26477266146307,25.9239303611651,0.0454371686938237,0.030735800205207,79.9447592976008,13.194196956776,339,R0339,2.39943147328246,Exp1,regime_structure,regime-pipeline-v1,3,339
1.9107804445214,41.2821665504759,14.9570039252847,0.997133595018979,20,8,0,0,0,0,0,24.0526214906199,77.4929020916955,77.4929020916955,77.4929020916955,0.369384359400998,0.996666666666667,3,0,0.251247920133111,0.537437603993344,3,3,INFEASIBLE,0,0.124967978132875,5,0.35,2.05669594471111,0.0131267961542758,0.186121250881597,-47.5685690900817,7.92238570609791,27.7889336453109,0.0373997329131991,0.120467535748253,41.2821665504759,14.9570039252847,340,R0340,-2.45929650262071,Exp1,regime_structure,regime-pipeline-v1,3,340
2.65567699324653,107.498819347939,10.8417739959164,0.722784933061094,80,32,0,0,0,0,0,83.3118549267957,90,53.2361571659837,90,0.850249584026622,0.996666666666667,3,0,0.801996672212978,0.870216306156406,3,3,INFEASIBLE,0,0.365572146599754,3,0.35,1.89838072351269,0.0112695929097197,0.230006678747879,-61.050678106377,9.08391686970211,36.1886792035864,0.0650240817621533,0.239957304405552,107.498819347939,10.8417739959164,341,R0341,-2.29695241895365,Exp1,regime_structure,regime-pipeline-v1,3,341
2.26193444261935,58.6626654427058,11.4800514397189,0.765336762647927,20,32,0,0,0,0,0,9.25344201889681,33.935361623794,33.935361623794,33.935361623794,0.470881863560732,0.99,3,0,0.256239600665557,0.574043261231281,3,3,INFEASIBLE,0,0.0779676807671693,5,0.35,1.60989570509213,0.0394388130689938,0.23711208224452,-54.6399226342703,5.73299599753117,42.4647772188604,0.10999032158197,0.112955775758826,58.6626654427058,11.4800514397189,342,R0342,-1.87937905486464,Exp1,regime_structure,regime-pipeline-v1,3,342
1.76667366089635,76.3227895959119,9.56046072029619,0.637364048019746,20,32,0,0,0,0,0,8.94587848309567,25.8546519440309,25.8546519440309,25.8546519440309,0.658901830282862,0.998333333333333,3,0,0.585690515806988,0.753743760399334,3,3,INFEASIBLE,0,0.344309403621822,4,0.35,1.23792798981228,0.0197987557370557,0.193767542146788,-48.7441738255951,13.5995883367503,36.9961198101485,0.00600829246607702,0.0856749299368813,76.3227895959119,9.56046072029619,343,R0343,-1.81655319240042,Exp1,regime_structure,regime-pipeline-v1,3,343
1.06670105185219,74.954916833263,10.5317001678597,0.70211334452398,20,32,0,0,0,0,0,11.6597610861954,35.3864084240694,35.3864084240694,35.3864084240694,0.682196339434276,0.995,3,0,0.524126455906822,0.722129783693844,3,3,INFEASIBLE,0,0.330131838444444,5,0.35,1.49871917715053,0.0329171406208925,0.125158693563195,-39.6583210648814,13.4380569848126,28.0263538960452,0.0429855574467174,0.0918236835762879,74.954916833263,10.5317001678597,344,R0344,-1.95187000057583,Exp1,regime_structure,regime-pipeline-v1,3,344
0.715534756039122,114.24556616701,12.3674005332895,0.824493368885964,20,8,1,1,1,1,3,0.0738295819386528,0.183654474523138,0.00599144060793182,0.183654474523138,0,0.556666666666667,0,0,0,0,0,0,EASY,2,0.362160502447329,6,0.35,1.26366148177537,0.0320550724127665,0.0814973057933647,-49.6334916912009,12.2747712722446,41.3652877909997,0.136371244072168,0.00889894656043649,114.24556616701,12.3674005332895,345,R0345,2.4106064348631,Exp1,regime_structure,regime-pipeline-v1,3,345
2.07283620751268,96.1470699250883,8.445246484176,0.5630164322784,20,32,1,1,0,0.666666666666667,2,3.9325040907314,11.6045898783166,11.6045898783166,11.6045898783166,0.509151414309484,0.993333333333333,3,0,0.374376039933444,0.682196339434276,3,3,FRAGILE,1,0.0823223006689251,5,0.35,1.2768749959424,0.017311758520184,0.190497995612132,-63.3308334952329,7.84775280773852,43.8472755179294,0.0362608455793324,0.0931594685027302,96.1470699250883,8.445246484176,346,R0346,0,Exp1,regime_structure,regime-pipeline-v1,3,346
0.941121284957444,25.422350994849,11.4105876403813,0.760705842692088,20,32,0,0,0,0,0,12.5228830573655,34.8058829511948,34.8058829511948,34.8058829511948,0.603993344425957,0.998333333333333,3,0,0.427620632279534,0.662229617304492,3,3,INFEASIBLE,0,0.12759576512561,2,0.35,1.62782112758161,0.038276822606031,0.0775765428266361,-54.1829210578762,6.15622275674586,25.8199762053072,0.0790779959550214,0.128914849036655,25.422350994849,11.4105876403813,347,R0347,-2.07338962100319,Exp1,regime_structure,regime-pipeline-v1,3,347
2.12822762353074,112.243091119634,14.2010685721526,0.946737904810175,20,8,0,0,0,0,0,75.0222944872246,90,90,90,0.625623960066556,0.995,3,0,0.549084858569052,0.668885191347754,3,3,INFEASIBLE,0,0.216384834457473,6,0.35,1.42914871928579,0.0139025965308035,0.216116066829501,-59.5812726536965,13.2065244852949,47.382597668245,0.0220766098142842,0.200209776397725,112.243091119634,14.2010685721526,348,R0348,-2.61725898356289,Exp1,regime_structure,regime-pipeline-v1,3,348
1.1624542172789,40.9924026092632,14.5474512133964,0.96983008089309,20,32,0,0,0,0,0,7.12339415002312,20.8208935094822,20.8208935094822,20.8208935094822,0.29783693843594,0.993333333333333,3,0,0.148086522462562,0.455906821963394,3,3,INFEASIBLE,0,0.162084766323188,5,0.35,1.37538773998911,0.0177425807854179,0.188760397833681,-34.1594164218138,5.5027881707603,39.8246800580261,0.0258288864476445,0.10620549623804,40.9924026092632,14.5474512133964,349,R0349,-1.58361705539297,Exp1,regime_structure,regime-pipeline-v1,3,349
0.844211087686669,78.228204900985,12.7027246962011,0.846848313080074,20,32,0,0,0,0,0,11.0748807650988,31.5256257063955,31.5256257063955,31.5256257063955,0.672212978369384,0.995,3,0,0.512479201331115,0.728785357737105,3,3,INFEASIBLE,0,0.289664149156253,2,0.35,1.05741001943135,0.0113361261902898,0.144989234983549,-33.4571749479641,12.6106268698388,42.7375187956929,0.103619524171341,0.0988278045133872,78.228204900985,12.7027246962011,350,R0350,-2.21781242764611,Exp1,regime_structure,regime-pipeline-v1,3,350
2.29059458419585,62.3643446139453,14.1849407928709,0.945662719524724,20,32,0,0,0,0,0,17.0744956707561,61.9447819395556,61.9447819395556,61.9447819395556,0.560732113144759,0.996666666666667,3,0,0.32279534109817,0.605657237936772,3,3,INFEASIBLE,0,0.059199174980028,6,0.35,2.08401989696178,0.028507957817088,0.200916306204249,-69.4379194835867,7.09751966295115,48.0162974177624,0.0934680166107189,0.117160559474022,62.3643446139453,14.1849407928709,351,R0351,-2.17725615449818,Exp1,regime_structure,regime-pipeline-v1,3,351
0.761043571514641,36.0475908529277,14.4080486063755,0.960536573758365,20,8,0,0,0,0,0,90,90,90,90,0.570715474209651,0.998333333333333,3,0,0.537437603993344,0.717138103161398,3,3,INFEASIBLE,0,0.442793806917621,2,0.35,1.27325823870418,0.0127991518373094,0.0798992846774408,-55.6045002372645,13.0961201392043,44.111109272976,0.019555371791661,0.221005746564402,36.0475908529277,14.4080486063755,352,R0352,-2.68303414653567,Exp1,regime_structure,regime-pipeline-v1,3,352
0.894005570716831,55.2989160899017,11.16124046018,0.744082697345333,20,32,1,1,1,1,3,2.39597983730174,6.01094585489884,4.5719706152206,6.01094585489884,0.222961730449251,0.983333333333333,3,0,0.0532445923460899,0.354409317803661,3,3,EASY,2,0.162606406863021,5,0.35,1.1228751804693,0.0222163214735272,0.0923131396066709,-57.3512536149641,10.1847245594482,45.3935116769518,0.0159113334516799,0.0416208226977573,55.2989160899017,11.16124046018,353,R0353,2.02633837103099,Exp1,regime_structure,regime-pipeline-v1,3,353
0.615341448597546,69.4001998948554,8.61051680950308,0.574034453966872,20,32,0,0,0,0,0,30.8666876599758,69.4622547700099,63.2363050455737,69.4622547700099,0.803660565723794,0.996666666666667,3,0,0.732113144758735,0.843594009983361,3,3,INFEASIBLE,0,0.068199982638375,4,0.35,2.06279896873346,0.023667675989564,0.098229144146864,-37.0691059216547,8.41921047823865,45.3245979916649,0.130761536533601,0.237625133391381,69.4001998948554,8.61051680950308,354,R0354,-2.48282377809165,Exp1,regime_structure,regime-pipeline-v1,3,354
1.86963510500756,76.1889022776982,13.6210551206459,0.908070341376393,20,32,0,0,0,0,0,16.7039768678072,57.524805573713,57.524805573713,57.524805573713,0.53910149750416,0.99,3,0,0.420965058236273,0.637271214642263,3,3,INFEASIBLE,0,0.293271153706556,4,0.35,1.68503769357648,0.0254979828766361,0.193390850909461,-47.6845235061471,7.35824928763476,31.4901255562444,0.0795179713600037,0.1245345411288,76.1889022776982,13.6210551206459,355,R0355,-1.61364108200877,Exp1,regime_structure,regime-pipeline-v1,3,355
1.14854672037213,32.3572117841756,11.7883047680774,0.785886984538491,20,32,1,1,1,1,3,4.32754353597745,10.905572460485,10.5728340656649,10.905572460485,0.202995008319468,0.991666666666667,3,0,0,0.425956738768719,2.97,3,EASY,2,0.11656284783816,2,0.35,2.06880636915724,0.026082495409614,0.138162496739068,-50.6219989227356,5.88248873581573,47.997978963841,0.0156306228123023,0.0690620792377977,32.3572117841756,11.7883047680774,356,R0356,1.74636285428607,Exp1,regime_structure,regime-pipeline-v1,3,356
0.554802403273303,106.780314678935,11.7453779209053,0.783025194727017,20,32,1,1,1,1,3,13.023325633,29.0279184788006,1.78275208850017,29.0279184788006,0.675540765391015,0.993333333333333,3,0,0.497504159733777,0.718801996672213,3,3,FRAGILE,1,0.207339556366806,2,0.35,1.69213160009492,0.0379204603608638,0.081972128408388,-34.4683122196507,7.33758812483002,33.5704489720441,0.115622576874707,0.174603247009767,106.780314678935,11.7453779209053,357,R0357,0,Exp1,regime_structure,regime-pipeline-v1,3,357
2.31747691402299,89.2495619191322,13.7023507451166,0.913490049674438,20,32,0,0,0,0,0,59.3111665504968,90,23.2442942238764,90,0.798668885191348,0.996666666666667,3,0,0.717138103161398,0.8369384359401,3,3,INFEASIBLE,0,0.0861838741591583,2,0.35,1.88682218481429,0.0115750859271797,0.168106581154355,-69.3125923946455,12.7776858890831,32.7208246521555,0.0155868541345102,0.191536240666815,89.2495619191322,13.7023507451166,358,R0358,-2.6819575507115,Exp1,regime_structure,regime-pipeline-v1,3,358
1.28416074766472,69.3038961688463,8.69199208440569,0.579466138960379,20,32,1,1,1,1,3,7.0971928613558,17.5791396483371,14.3051920835397,17.5791396483371,0.630615640599002,0.993333333333333,3,0,0.410981697171381,0.697171381031614,3,3,FRAGILE,1,0.309353508079216,3,0.35,1.17883075977354,0.019675048761019,0.14366447335088,-54.5503373249236,11.3924070610295,48.2076794486152,0.00353703722279306,0.0773187645882408,69.3038961688463,8.69199208440569,359,R0359,0,Exp1,regime_structure,regime-pipeline-v1,3,359
1.23285826517769,78.6388394402144,12.8768812517944,0.858458750119628,20,32,0,0,0,0,0,14.3981681476878,43.1447557337233,43.1447557337233,43.1447557337233,0.56738768718802,0.996666666666667,3,0,0.442595673876872,0.657237936772047,3,3,INFEASIBLE,0,0.142961769349458,4,0.35,1.72335724761893,0.039618564329407,0.191759167112531,-39.0493316295268,5.01390774926508,47.7501273437903,0.0574202193054781,0.200665892416797,78.6388394402144,12.8768812517944,360,R0360,-1.7719805545027,Exp1,regime_structure,regime-pipeline-v1,3,360
3.49465742281199,92.7560866834303,9.66204631328148,0.644136420885432,20,16,1,1,1,1,3,0.0644618519206318,0.158031729664056,0.0349524613404904,0.158031729664056,0,0.83,0,0,0,0,0,0,EASY,2,0.151586212362672,5,0.35,1.12605393849487,0.0269645208090118,0.227673206794062,-67.4854239502197,6.13291034821512,25.0204980199178,0.0946712307910231,0.0112478595944379,92.7560866834303,9.66204631328148,361,R0361,2.43488380139049,Exp1,regime_structure,regime-pipeline-v1,3,361
0.702066793858544,81.0977086082208,13.4394303584092,0.895962023893944,20,32,0,0,0,0,0,40.2582098872849,81.3223329377569,59.2785545119658,81.3223329377569,0.80865224625624,1,3,0,0.75873544093178,0.866888519134775,3,3,INFEASIBLE,0,0.370567792945675,4,0.35,1.75646423438354,0.0370030679992205,0.0734031580349934,-49.952524631726,13.0458316557786,35.306028514368,0.00113379528454735,0.210867999274618,81.0977086082208,13.4394303584092,362,R0362,-2.41845965451668,Exp1,regime_structure,regime-pipeline-v1,3,362
1.36260700736594,62.941223745866,11.3463586065327,0.756423907102178,20,32,0,0,0,0,0,46.2882719209584,90,30.8230372612939,90,0.785357737104825,0.998333333333333,3,0,0.723793677204659,0.861896838602329,3,3,INFEASIBLE,0,0.306605903857394,1,0.35,1.23850397871385,0.0180374383485886,0.128939216430209,-47.5271949179896,11.9005791139519,26.1802952387561,0.149105078541413,0.222740062950589,62.941223745866,11.3463586065327,363,R0363,-2.58621906077934,Exp1,regime_structure,regime-pipeline-v1,3,363
0.356944975706829,111.924843992181,14.9146485287643,0.99430990191762,20,32,0,0,0,0,0,23.9097576513717,55.2118467690977,55.2118467690977,55.2118467690977,0.73044925124792,0.998333333333333,3,0,0.622296173044925,0.795341098169717,3,3,INFEASIBLE,0,0.380282282385988,5,0.35,1.73559489277067,0.038302383096868,0.0406466707997908,-52.8756336490138,11.4586859093927,46.926691994853,0.0951804316939345,0.197953539316757,111.924843992181,14.9146485287643,364,R0364,-2.01405216841386,Exp1,regime_structure,regime-pipeline-v1,3,364
0.550160267859709,47.5966869375582,13.3032627496615,0.886884183310767,20,32,0,0,0,0,0,25.0192934565199,64.1790152922069,64.1790152922069,64.1790152922069,0.688851913477537,0.996666666666667,3,0,0.577371048252912,0.723793677204659,3,3,INFEASIBLE,0,0.201614958072337,5,0.35,1.46383354575601,0.0322097042205767,0.0745408357398637,-43.2789604560825,7.34854000953608,44.5066665859426,0.10704054276302,0.1887580684202,47.5966869375582,13.3032627496615,365,R0365,-1.71796326346114,Exp1,regime_structure,regime-pipeline-v1,3,365
0.557045311935312,30.3285031012082,13.6803478797301,0.912023191982008,20,32,0,0,0,0,0,67.6289430925838,90,90,90,0.848585690515807,0.998333333333333,3,0,0.70216306156406,0.898502495840266,3,3,INFEASIBLE,0,0.255660433942435,1,0.35,1.56638861798944,0.0273542275975994,0.100364415587548,-33.3377748782899,9.56494127443887,46.6995880176658,0.0460361065023916,0.22780928284585,30.3285031012082,13.6803478797301,366,R0366,-2.35522990794152,Exp1,regime_structure,regime-pipeline-v1,3,366
0.392279069971347,40.7786528843364,10.0021548821031,0.666810325473543,45,32,1,1,1,1,3,8.87820790157744,19.378953835015,8.40046671322558,19.378953835015,0.550748752079867,0.99,3,0,0.389351081530782,0.627287853577371,3,3,FRAGILE,1,0.0899857029742431,2,0.35,1.7153225412107,0.0226091752364648,0.0706642935591498,-30.114958842633,5.9567698184002,38.0921665271645,0.0646548217931277,0.100640904251154,40.7786528843364,10.0021548821031,367,R0367,0,Exp1,regime_structure,regime-pipeline-v1,3,367
2.90912689875145,107.195167082889,14.642470278053,0.976164685203532,20,32,0,1,0,0.333333333333333,1,8.11047183216674,28.8584303078855,28.8584303078855,28.8584303078855,0.414309484193012,0.988333333333333,3,0,0.129783693843594,0.549084858569052,3,3,INFEASIBLE,0,0.230654853019123,6,0.35,1.60352127246997,0.0297718105884097,0.229817236342252,-67.3750510882824,6.20800179273128,36.6690311695625,0.144531333910061,0.0986408784377455,107.195167082889,14.642470278053,368,R0368,-2.23150637979856,Exp1,regime_structure,regime-pipeline-v1,3,368
2.32445824782827,62.7199063808671,9.37541434506706,0.625027623004471,20,32,0,0,0,0,0,74.3734274730195,90,68.2223322300608,90,0.843594009983361,0.996666666666667,3,0,0.797004991680532,0.900166389351082,3,3,INFEASIBLE,0,0.0785565106104208,4,0.35,2.04335020944594,0.0156485500066005,0.214949029764298,-62.8755799750199,13.9535389141368,43.7575345179417,0.0969091715911655,0.197742766235545,62.7199063808671,9.37541434506706,369,R0369,-2.63672256543431,Exp1,regime_structure,regime-pipeline-v1,3,369
1.08424372547708,90.7509358403804,11.1167452604711,0.741116350698073,20,32,0,0,0,0,0,37.3017646814116,84.3962711780969,78.3566217282182,84.3962711780969,0.788685524126456,0.996666666666667,3,0,0.692179700499168,0.835274542429285,3,3,INFEASIBLE,0,0.237387707409404,6,0.35,1.12096482923303,0.0116092457988671,0.115927753613016,-45.4047794016109,9.47088238900827,30.5060166383753,0.0950752046592989,0.245473664904122,90.7509358403804,11.1167452604711,370,R0370,-2.42289046265208,Exp1,regime_structure,regime-pipeline-v1,3,370
0.53999407070029,115.077589887195,9.34000329877496,0.622666886584998,20,32,0,0,1,0.333333333333333,1,6.7977279683537,18.5646861949671,18.5646861949671,18.5646861949671,0.608985024958403,0.993333333333333,3,0,0.452579034941764,0.72712146422629,3,3,INFEASIBLE,0,0.163872119222032,2,0.35,1.31471257396946,0.0177222103646951,0.0628066817576864,-40.2400967361399,5.32934945849457,28.353919701255,0.127734757777082,0.181279758550216,115.077589887195,9.34000329877496,371,R0371,-2.06862065572214,Exp1,regime_structure,regime-pipeline-v1,3,371
0.474830420036563,81.9118023425234,13.852649005262,0.923509933684133,20,32,0,0,0,0,0,33.633460593197,85.7697881093143,85.7654984509479,85.7697881093143,0.765391014975042,0.998333333333333,3,0,0.633943427620632,0.801996672212978,3,3,INFEASIBLE,0,0.278275034544203,6,0.35,1.62353312713257,0.0102515372815724,0.0531308480256365,-43.5597568361606,11.6891957755709,30.7502518824887,0.0760611486064101,0.207143389851308,81.9118023425234,13.852649005262,372,R0372,-2.39760958828849,Exp1,regime_structure,regime-pipeline-v1,3,372
1.55320033632736,43.5577528898586,8.20185586051304,0.546790390700869,20,32,0,0,0,0,0,19.6793554313899,41.1112882829971,32.0567400026439,41.1112882829971,0.628951747088186,0.998333333333333,3,0,0.509151414309484,0.72712146422629,3,3,INFEASIBLE,0,0.340435370387537,4,0.35,1.28627736307027,0.0127539622641994,0.126056721413377,-66.6454811293634,6.47704550851248,37.8686510737282,0.0338434917842939,0.17090855348395,43.5577528898586,8.20185586051304,373,R0373,-2.29013602533252,Exp1,regime_structure,regime-pipeline-v1,3,373
0.866280168522536,70.783307107934,11.8686460321884,0.791243068812559,20,32,0,1,0,0.333333333333333,1,11.7996242329574,32.5451817646133,32.5451817646133,32.5451817646133,0.675540765391015,0.996666666666667,3,0,0.440931780366057,0.738768718801997,2.97,3,INFEASIBLE,0,0.320014573918845,6,0.35,1.69954483288214,0.0390732114105299,0.127747224335172,-38.8320653816882,12.3253170891437,42.4451954857226,0.0600937857174249,0.0955872415459225,70.783307107934,11.8686460321884,374,R0374,-1.60255481161414,Exp1,regime_structure,regime-pipeline-v1,3,374
1.3242427797339,73.8552683427464,9.84957572690371,0.656638381793581,20,16,1,1,1,1,3,0.331338257501761,0.804054018558938,0.0892080702108139,0.804054018558938,0,0.965,0,0,0,0.237936772046589,0,3,EASY,2,0.337288531332947,5,0.35,1.80152931732417,0.0219948479102793,0.114794415708754,-53.2299731410623,5.15317308880633,27.5600592910316,0.0336971369890612,0.0533780123962957,73.8552683427464,9.84957572690371,375,R0375,1.89924701075487,Exp1,regime_structure,regime-pipeline-v1,3,375
0.318435730694057,56.7903814043437,13.4080664010892,0.89387109340595,20,32,1,1,1,1,3,0.0603806427747393,0.140149182420491,0.00759033479137531,0.140149182420491,0,0.918333333333333,0,0,0,0,0,0,EASY,2,0.0964587106239278,3,0.35,1.28115985834198,0.0188129080073629,0.0485508084736439,-32.6341476705369,10.3229690312993,32.0446293818439,0.114211224597097,0.00586933332949831,56.7903814043437,13.4080664010892,376,R0376,1.94908654572103,Exp1,regime_structure,regime-pipeline-v1,3,376
0.249238341323241,44.5778801036261,12.0039287259959,0.80026191506639,20,32,1,1,1,1,3,6.39724324002962,14.2443060452984,2.42825543895163,14.2443060452984,0.349417637271215,0.986666666666667,3,0,0.171381031613977,0.522462562396007,3,3,EASY,2,0.128124740599833,2,0.35,1.35203101398181,0.0387228766225922,0.0455156561849274,-32.1848919644865,5.59459239442188,44.7154267695787,0.115908431362071,0.110118828544093,44.5778801036261,12.0039287259959,377,R0377,1.92371661054332,Exp1,regime_structure,regime-pipeline-v1,3,377
2.18865348991987,86.7445790896321,11.0451906899419,0.736346045996126,20,32,0,0,0,0,0,67.5307226404874,90,90,90,0.821963394342762,0.998333333333333,3,0,0.720465890183028,0.848585690515807,3,3,INFEASIBLE,0,0.337048411934127,4,0.35,1.20851193976838,0.0201861744552029,0.189240748181552,-68.5989656221325,11.2936966349132,45.5377728296652,0.0917564113097785,0.207988017945224,86.7445790896321,11.0451906899419,378,R0378,-2.17771232251852,Exp1,regime_structure,regime-pipeline-v1,3,378
1.61461688833756,85.2401652698061,9.27205782872528,0.618137188581685,20,32,1,1,1,1,3,5.02243207010359,13.2939645629903,0.750359687316946,13.2939645629903,0.502495840266223,0.991666666666667,2.985,0,0.372712146422629,0.627287853577371,3,3,EASY,2,0.256867748680199,1,0.35,1.47268308375469,0.0247333490004069,0.15801675628713,-47.9115665936798,11.2524242534671,28.4583295066475,0.0623931761770323,0.0677997371263606,85.2401652698061,9.27205782872528,379,R0379,1.80060394911265,Exp1,regime_structure,regime-pipeline-v1,3,379
0.755393384367711,22.594598037147,13.8426936941179,0.922846246274526,20,32,0,0,0,0,0,20.1291658879658,48.9641759717355,48.9641759717355,48.9641759717355,0.650582362728785,0.998333333333333,3,0,0.557404326123128,0.682196339434276,3,3,INFEASIBLE,0,0.35986383135342,3,0.35,1.72709095934725,0.0369776283824813,0.118388671849906,-39.3531236511964,13.4127820638945,49.237242234751,0.0501068695469661,0.0947109519173847,22.594598037147,13.8426936941179,380,R0380,-1.9224733257825,Exp1,regime_structure,regime-pipeline-v1,3,380
0.938995691871716,39.4229857982625,12.1511550298113,0.810077001987418,20,32,1,1,1,1,3,10.644728270222,21.7014447969153,2.8784705298364,21.7014447969153,0.502495840266223,0.998333333333333,3,0,0.329450915141431,0.630615640599002,2.96,3,FRAGILE,1,0.285234999522245,1,0.35,0.985228842434448,0.0358619627582214,0.0964043949266618,-53.1028892560346,6.35237203476826,38.4737152307794,0.128368786007686,0.144028212457993,39.4229857982625,12.1511550298113,381,R0381,0,Exp1,regime_structure,regime-pipeline-v1,3,381
0.50353782793451,75.6135975418563,12.6199305808748,0.841328705391654,20,16,1,1,1,1,3,0.300544192261721,0.93364435032305,0.930046174773552,0.93364435032305,0,0.905,0,0,0,0,0,3,EASY,2,0.218239078604585,5,0.35,1.47086601312067,0.0171550626478544,0.0699738192862789,-41.9736206226905,7.5220469806825,44.0373499616774,0.103872134428329,0.0238623532404318,75.6135975418563,12.6199305808748,382,R0382,1.49750769838049,Exp1,regime_structure,regime-pipeline-v1,3,382
1.43078532182956,54.1185195702278,13.8459458865829,0.923063059105529,20,32,1,1,1,1,3,13.0024220663155,27.8643195431063,9.04152865098258,27.8643195431063,0.565723793677205,0.995,3,0,0.332778702163062,0.672212978369384,3,3,FRAGILE,1,0.338123429628417,2,0.35,2.07490865465469,0.0355304658885368,0.158406683787434,-53.0179586813124,12.6434011970828,44.5969762534626,0.101389406292138,0.0742440919297186,54.1185195702278,13.8459458865829,383,R0383,0,Exp1,regime_structure,regime-pipeline-v1,3,383
1.80463287843668,64.8752059028299,8.00473966640797,0.533649311093865,20,32,0,0,0,0,0,56.2179427938633,90,90,90,0.848585690515807,0.998333333333333,3,0,0.785357737104825,0.888519134775374,3,3,INFEASIBLE,0,0.255084362976706,4,0.35,0.932984624933649,0.0343852754918695,0.188048893076772,-59.4537129712808,11.3579486100701,49.6801791301205,0.0641572882701232,0.217496708067433,64.8752059028299,8.00473966640797,384,R0384,-2.26611823971377,Exp1,regime_structure,regime-pipeline-v1,3,384
1.40643993381452,23.7122644399199,13.5151163856076,0.901007759040508,20,32,1,1,0,0.666666666666667,2,14.3545667932017,28.6595504615192,13.3872231379015,28.6595504615192,0.494176372712146,0.996666666666667,3,0,0.347753743760399,0.628951747088186,3,3,FRAGILE,1,0.399697067386524,2,0.35,1.22456778054784,0.0346797216879944,0.141755994859877,-52.5505527127452,13.9431951690558,36.3125229189663,0.121870657791161,0.0751020529875674,23.7122644399199,13.5151163856076,385,R0385,0,Exp1,regime_structure,regime-pipeline-v1,3,385
2.39402100143308,86.5268238122551,13.9298055572897,0.928653703819312,20,32,0,0,0,0,0,22.2875462672314,45.5717880876251,38.1392066747524,45.5717880876251,0.668885191347754,0.998333333333333,3,0,0.520798668885191,0.723793677204659,3,3,INFEASIBLE,0,0.401184274083117,2,0.35,2.03004244494478,0.022121226636206,0.23957123129039,-46.7039708562344,10.2203123825404,28.2736832606648,0.0644928196466838,0.137712474207005,86.5268238122551,13.9298055572897,386,R0386,-2.11066586994258,Exp1,regime_structure,regime-pipeline-v1,3,386
0.628959577459062,57.8541851920051,14.3078546392453,0.953856975949689,20,32,0,0,0,0,0,26.871754200786,54.9382216037845,37.7299987675433,54.9382216037845,0.745424292845258,0.998333333333333,3,0,0.647254575707155,0.785357737104825,3,3,INFEASIBLE,0,0.0821658355557276,4,0.35,1.44941721054006,0.0321096205104683,0.0519016541671446,-68.3282147698343,13.5651258739619,41.1508144037625,0.0532746433747694,0.161126303169092,57.8541851920051,14.3078546392453,387,R0387,-2.43614454449807,Exp1,regime_structure,regime-pipeline-v1,3,387
2.60370287629579,36.5286838105788,12.6735495558434,0.844903303722891,20,8,0,0,0,0,0,90,90,90,90,0.610648918469218,0.998333333333333,3,0,0.56738768718802,0.630615640599002,3,3,INFEASIBLE,0,0.354767185338202,2,0.35,1.41148293392935,0.0216348244506495,0.219237807270449,-66.2236058070338,9.48782095451584,40.247143189124,0.0410121954630872,0.171114649762984,36.5286838105788,12.6735495558434,388,R0388,-2.42979253206376,Exp1,regime_structure,regime-pipeline-v1,3,388
1.67475328904687,54.2681771150212,13.155513173208,0.877034211547199,20,32,0,0,0,0,0,28.0838770977291,80.2581524491828,80.2581524491828,80.2581524491828,0.650582362728785,0.998333333333333,3,0,0.564059900166389,0.763727121464226,3,3,INFEASIBLE,0,0.149365410255824,3,0.35,1.33460121316086,0.0331575912139416,0.159192099345948,-57.2245978013221,11.5383603496419,38.2973034815205,0.0625689068041354,0.119214104038504,54.2681771150212,13.155513173208,389,R0389,-1.98779482089996,Exp1,regime_structure,regime-pipeline-v1,3,389
1.03510801886193,31.2807973039645,12.9665439931261,0.864436266208409,20,32,0,0,0,0,0,31.9448585565472,55.4960745277963,31.5940714527013,55.4960745277963,0.612312811980033,0.998333333333333,3,0,0.53910149750416,0.663893510815308,3,3,INFEASIBLE,0,0.397774851362847,5,0.35,1.69801317429306,0.011077653003904,0.137576763226855,-42.725430688012,7.42247027237338,41.740061507197,0.0670037728349195,0.15817960423249,31.2807973039645,12.9665439931261,390,R0390,-1.9867980949671,Exp1,regime_structure,regime-pipeline-v1,3,390
0.567482706417641,80.5366803881923,8.37898322950607,0.558598881967071,20,32,0,0,0,0,0,24.2209525271117,52.4876930724028,42.8432907067909,52.4876930724028,0.8369384359401,0.996666666666667,3,0,0.772046589018303,0.871880199667221,3,3,INFEASIBLE,0,0.110291675027514,1,0.35,1.49324021513384,0.0232684562689458,0.0686750486859513,-46.9955441440032,9.73459824118764,41.8665728468147,0.013636989030502,0.239822693941706,80.5366803881923,8.37898322950607,391,R0391,-2.44314382080442,Exp1,regime_structure,regime-pipeline-v1,3,391
1.36072040469168,113.969017662919,9.81100389405551,0.654066926270368,20,32,1,0,1,0.666666666666667,2,9.0723300053324,22.1350829032097,0.739466605152137,22.1350829032097,0.67720465890183,0.995,2.99,0,0.502495840266223,0.722129783693844,3,2.97,FRAGILE,1,0.0879284391203605,5,0.35,1.72330316418012,0.0302988749341633,0.17338039047307,-38.5233543988324,9.34113908904429,31.1868641114511,0.142968046830373,0.125960802360133,113.969017662919,9.81100389405551,392,R0392,0,Exp1,regime_structure,regime-pipeline-v1,3,392
0.698483615818433,86.1572516658082,9.9777023831405,0.665180158876034,20,32,0,0,0,0,0,31.1395222478121,90,90,90,0.835274542429285,0.998333333333333,3,0,0.75540765391015,0.856905158069884,3,3,INFEASIBLE,0,0.379171420083181,5,0.35,1.00750577217648,0.016619107365663,0.113877529367542,-36.7189834301809,12.9528472306962,46.3880675923822,0.100993990298297,0.204867421891044,86.1572516658082,9.9777023831405,393,R0393,-2.51318775544058,Exp1,regime_structure,regime-pipeline-v1,3,393
1.5837877212927,45.7339517607407,13.9642715154574,0.930951434363827,20,32,0,0,0,0,0,16.0815234886432,32.3689823426753,25.1253415933064,32.3689823426753,0.637271214642263,0.995,3,0,0.472545757071547,0.710482529118136,3,3,INFEASIBLE,0,0.166529171083291,2,0.35,1.17292485179734,0.0134037331018467,0.204191144128612,-34.2571392655306,10.9744734911885,25.2489548285806,0.130668698582692,0.117884054886913,45.7339517607407,13.9642715154574,394,R0394,-1.90580972401686,Exp1,regime_structure,regime-pipeline-v1,3,394
1.36220573907004,30.8866458685209,11.1752964526006,0.745019763506705,20,32,0,0,0,0,0,16.7523212553773,29.5027327297256,24.3311694142522,29.5027327297256,0.663893510815308,0.996666666666667,3,0,0.605657237936772,0.723793677204659,3,3,INFEASIBLE,0,0.375654594155332,4,0.35,0.925931898965852,0.01987325515715,0.121670609721705,-69.0455998640331,5.12483033018303,49.2288089793,0.00762655428495261,0.190298754616112,30.8866458685209,11.1752964526006,395,R0395,-2.85034647641785,Exp1,regime_structure,regime-pipeline-v1,3,395
0.907834240307599,56.8404900812244,8.77285079530793,0.584856719687196,20,32,0,0,0,0,0,11.1999683539678,35.130193755647,35.130193755647,35.130193755647,0.637271214642263,0.995,3,0,0.484193011647255,0.687188019966722,3,3,INFEASIBLE,0,0.199172507902725,3,0.35,2.04683595725252,0.029742599213109,0.127620439181998,-35.813546948173,5.52382884993721,32.8082737423181,0.0871664318923402,0.165076573027862,56.8404900812244,8.77285079530793,396,R0396,-1.97118533771527,Exp1,regime_structure,regime-pipeline-v1,3,396
0.911520686581135,72.305365685654,8.12253935945959,0.541502623963973,20,32,0,0,0,0,0,31.1176785804464,77.989512278297,77.1751538413086,77.989512278297,0.826955074875208,0.996666666666667,3,0,0.713810316139767,0.875207986688852,3,3,INFEASIBLE,0,0.419788986525472,3,0.35,1.80564747228298,0.0163880248055311,0.0872619070332382,-64.6470218173187,10.5738547135672,49.5763721533559,0.00961721989507476,0.193302137668757,72.305365685654,8.12253935945959,397,R0397,-1.58347937323872,Exp1,regime_structure,regime-pipeline-v1,3,397
2.19992825330108,72.0500066518741,14.0677675256522,0.937851168376811,20,32,0,0,0,0,0,32.7020112548424,69.99497770123,69.99497770123,69.99497770123,0.613976705490849,0.995,3,0,0.425956738768719,0.73044925124792,3,3,INFEASIBLE,0,0.139594804119697,4,0.35,1.92761780314887,0.0229731463470353,0.187848551341631,-65.9942458472796,6.09783866278637,41.1028715130594,0.108555173723794,0.179375955547534,72.0500066518741,14.0677675256522,398,R0398,-2.51017860242434,Exp1,regime_structure,regime-pipeline-v1,3,398
2.45840869543251,26.570090865043,13.7908503752989,0.919390025019926,20,8,0,0,0,0,0,90,90,90,90,0.665557404326123,0.995,3,0,0.519134775374376,0.792013311148086,3,3,INFEASIBLE,0,0.221348241005775,1,0.35,1.39483292898637,0.0118916950909046,0.237748109522905,-64.1489153697251,6.39754485346166,49.8156693814271,0.0820093229151446,0.206960021321395,26.570090865043,13.7908503752989,399,R0399,-2.88057352663338,Exp1,regime_structure,regime-pipeline-v1,3,399
0.722224118540066,30.7725791092325,11.0693551429812,0.737957009532078,20,32,0,0,0,0,0,46.5970080296268,80.7109944364407,28.5489297547332,80.7109944364407,0.846921797004992,1,3,0,0.675540765391015,0.891846921797005,3,3,INFEASIBLE,0,0.215159284923394,2,0.35,1.0490718493552,0.0364785904085359,0.0869474541312679,-45.9269589177951,9.33085636089396,39.570041060676,0.000363751678075863,0.240260370722924,30.7725791092325,11.0693551429812,400,R0400,-2.5986373339296,Exp1,regime_structure,regime-pipeline-v1,3,400
2.29271809494849,63.5550810354315,9.73480231166884,0.648986820777923,20,32,0,0,0,0,0,31.7555948526411,90,90,90,0.75540765391015,0.995,3,0,0.625623960066556,0.801996672212978,3,3,INFEASIBLE,0,0.422208188714033,2,0.35,1.47899608784439,0.0251290294571353,0.224217299773955,-46.6542258151817,8.12108642400194,26.9451279552979,0.0430926260977939,0.209735944808438,63.5550810354315,9.73480231166884,401,R0401,-2.25385530166942,Exp1,regime_structure,regime-pipeline-v1,3,401
0.996807969557507,111.728232015075,12.9697587450832,0.864650583005545,20,32,1,1,1,1,3,1.41489439535913,3.50736678017682,3.23153304693569,3.50736678017682,0.0449251247920133,0.983333333333333,3,0,0,0.274542429284526,2.92,2.875,EASY,2,0.11397384306101,2,0.35,1.53170801918779,0.0169987764754048,0.0808942381455167,-56.078274670296,6.2325180396072,26.8079015148371,0.0224999178961987,0.0633457460110067,111.728232015075,12.9697587450832,402,R0402,2.0191588529253,Exp1,regime_structure,regime-pipeline-v1,3,402
0.581022083698803,52.0610311235767,14.35996311022,0.957330874014666,20,32,1,1,1,1,3,3.86627781731443,8.84365147924823,0.788245730286803,8.84365147924823,0.204658901830283,0.991666666666667,2.97,0,0,0.344425956738769,3,3,EASY,2,0.225009165893497,5,0.35,1.86643564979282,0.0239330288442568,0.0426882129200934,-63.1964026499124,7.49945187085892,27.9046603779541,0.0974602371335236,0.0664212617667933,52.0610311235767,14.35996311022,403,R0403,2.21716181393695,Exp1,regime_structure,regime-pipeline-v1,3,403
1.03709164430174,87.05962937314,13.7503274738301,0.916688498255338,20,32,0,0,0,0,0,9.47962766682208,26.5272940581814,26.5272940581814,26.5272940581814,0.557404326123128,0.991666666666667,3,0,0.377703826955075,0.667221297836938,3,3,INFEASIBLE,0,0.0918089310363742,4,0.35,1.9652985569828,0.0351305465234954,0.128442031571713,-38.5896918189581,10.2281933159509,29.5654190934217,0.0704031083620631,0.0995600891301177,87.05962937314,13.7503274738301,404,R0404,-2.1139296982942,Exp1,regime_structure,regime-pipeline-v1,3,404
0.727497883378636,57.483293985551,10.2931421327771,0.686209475518471,20,32,0,0,0,0,0,43.7929870929083,85.5084450099368,36.1443317280774,85.5084450099368,0.805324459234609,1,3,0,0.740432612312812,0.888519134775374,3,3,INFEASIBLE,0,0.0759989731548103,2,0.35,1.75983323415105,0.0313026963692331,0.0696010647995343,-50.1197404294973,10.0888966122142,29.7609837437621,0.00386873598231372,0.241033787790493,57.483293985551,10.2931421327771,405,R0405,-2.58475004649142,Exp1,regime_structure,regime-pipeline-v1,3,405
1.14202049277975,37.3138341916764,14.4406268703223,0.962708458021487,20,32,0,0,0,0,0,22.1369926494436,68.4467107130265,68.4467107130265,68.4467107130265,0.650582362728785,0.998333333333333,3,0,0.517470881863561,0.690515806988353,3,3,INFEASIBLE,0,0.300940355798905,6,0.35,1.98566951794997,0.019126345661099,0.177212719548813,-38.9229111619021,8.99368361658339,47.2186943007977,0.0173015185358515,0.133507233083406,37.3138341916764,14.4406268703223,406,R0406,-2.41526836744549,Exp1,regime_structure,regime-pipeline-v1,3,406
1.16281726239883,22.8496289825036,14.2975627346448,0.953170848976319,20,32,0,0,0,0,0,80.798033853978,90,90,90,0.823627287853577,0.998333333333333,3,0,0.594009983361065,0.880199667221298,3,3,INFEASIBLE,0,0.241373364478927,5,0.35,1.17357280256042,0.0106691952038476,0.101204932164372,-66.2500369971717,13.6510767461465,43.0342286277565,0.0324480332245803,0.148953237721121,22.8496289825036,14.2975627346448,407,R0407,-2.62543065980776,Exp1,regime_structure,regime-pipeline-v1,3,407
1.14610809952397,70.444540565875,8.3508203500776,0.55672135667184,20,32,1,1,1,1,3,5.57507116324904,13.8148522084357,13.8148522084357,13.8148522084357,0.632279534109817,0.985,3,0,0.40432612312812,0.713810316139767,3,3,FRAGILE,1,0.115960031741173,5,0.35,1.8916757213875,0.0339733463891848,0.0963077323354235,-59.1992586618996,10.139348378532,32.0305978050857,0.148781319269016,0.0854318243658749,70.444540565875,8.3508203500776,408,R0408,0,Exp1,regime_structure,regime-pipeline-v1,3,408
0.550266134380169,106.896477812512,14.7951530667326,0.986343537782174,20,32,0,0,0,0,0,27.9004102329361,68.8712392077439,68.6279658173253,68.8712392077439,0.73044925124792,0.998333333333333,3,0,0.559068219633943,0.785357737104825,3,3,INFEASIBLE,0,0.314694981160767,1,0.35,1.1285745243915,0.0234754711750291,0.0437792580306159,-63.910989155251,8.17975025378645,33.4659885791445,0.0810264091764414,0.248714929600248,106.896477812512,14.7951530667326,409,R0409,-2.65298832658605,Exp1,regime_structure,regime-pipeline-v1,3,409
1.29466608544422,72.5976512640061,8.72008096977384,0.581338731318256,20,32,0,0,0,0,0,29.1774339517551,69.5804362144097,64.3833521058716,69.5804362144097,0.821963394342762,0.998333333333333,3,0,0.705490848585691,0.861896838602329,3,3,INFEASIBLE,0,0.1973540582232,5,0.35,1.83977199936166,0.0248307702444473,0.215956991844173,-30.6858906434642,12.7912657353329,33.9123447606898,0.0874181270751568,0.160034053351184,72.5976512640061,8.72008096977384,410,R0410,-2.22204110877307,Exp1,regime_structure,regime-pipeline-v1,3,410
1.75138671051546,66.4983658636573,10.8220324470442,0.721468829802949,45,32,0,0,0,0,0,20.2930349566231,68.3320839694683,68.3320839694683,68.3320839694683,0.683860232945091,0.998333333333333,3,0,0.570715474209651,0.763727121464226,3,3,INFEASIBLE,0,0.371555154487983,4,0.35,0.995909919402977,0.0331041452297626,0.180856696941496,-46.8642152169206,5.93720229514841,30.3144116995533,0.0335553010295766,0.218915816741956,66.4983658636573,10.8220324470442,411,R0411,-1.85779971124832,Exp1,regime_structure,regime-pipeline-v1,3,411
1.61622883122355,106.601775159938,13.8847420480323,0.925649469868821,20,32,0,0,0,0,0,11.3296719128432,35.4937111578384,35.4937111578384,35.4937111578384,0.552412645590682,0.996666666666667,3,0,0.409317803660566,0.6738768718802,3,3,INFEASIBLE,0,0.386202362219007,1,0.35,0.949180365490871,0.0359408561898732,0.235155158768455,-37.8194354169288,10.8728348043426,39.191759500116,0.067828848126292,0.102616311323569,106.601775159938,13.8847420480323,412,R0412,-2.07681808980688,Exp1,regime_structure,regime-pipeline-v1,3,412
0.515760269458413,52.4601038620079,14.7528831450622,0.983525543004144,45,32,1,1,1,1,3,11.9097809444656,26.286001482771,8.49307372547477,26.286001482771,0.569051580698835,0.99,3,0,0.359400998336107,0.632279534109817,3,3,FRAGILE,1,0.417289295583195,5,0.35,1.6565053876289,0.038646642542607,0.0483778349964822,-59.1391048487598,11.5200872588294,39.829782966238,0.138160567822411,0.0639184662683733,52.4601038620079,14.7528831450622,413,R0413,0,Exp1,regime_structure,regime-pipeline-v1,3,413
2.13645733691439,118.37945339868,14.7224419692438,0.981496131282919,45,32,0,0,0,0,0,68.0822158174977,90,90,90,0.833610648918469,0.998333333333333,3,0,0.777038269550749,0.855241264559068,3,3,INFEASIBLE,0,0.386956033949101,5,0.35,1.5459801792998,0.037777099479556,0.177506526913147,-64.2685097804288,13.9445578941033,36.9060886527538,0.0446759370075458,0.224062139400058,118.37945339868,14.7224419692438,414,R0414,-3.14643068390302,Exp1,regime_structure,regime-pipeline-v1,3,414
1.32180990145348,45.5030037574953,12.8729040536019,0.858193603573459,20,32,0,0,0,0,0,27.727641312328,87.0285398175262,87.0285398175262,87.0285398175262,0.703826955074875,0.998333333333333,3,0,0.618968386023295,0.738768718801997,3,3,INFEASIBLE,0,0.0807284420253765,3,0.35,1.83341217619684,0.023885892988293,0.176012448607641,-40.2711267077823,7.67548225115534,37.2218269682267,0.0318104416148721,0.192701467362825,45.5030037574953,12.8729040536019,415,R0415,-1.74002127175171,Exp1,regime_structure,regime-pipeline-v1,3,415
2.18445553239048,106.814808584704,8.66060488976396,0.577373659317597,20,32,1,1,1,1,3,4.36823242609874,11.4789277445133,7.95826142753543,11.4789277445133,0.524126455906822,0.988333333333333,3,0,0.26955074875208,0.632279534109817,3,3,EASY,2,0.361599725491349,2,0.35,1.49220843810536,0.0152097667190734,0.168265344249389,-67.957835473772,8.41121057135257,35.4685449306655,0.113461631103019,0.0972452699069313,106.814808584704,8.66060488976396,416,R0416,1.64966916603456,Exp1,regime_structure,regime-pipeline-v1,3,416
2.77914971255641,57.1238138869689,13.416076767119,0.894405117807936,20,32,0,0,0,0,0,69.5762911072318,90,90,90,0.750415973377704,0.995,3,0,0.643926788685524,0.80865224625624,3,3,INFEASIBLE,0,0.057661045806931,6,0.35,1.48525226194311,0.0311337556035988,0.224710872992235,-57.3779777271542,12.4325634964551,27.859679792419,0.117605463117255,0.109719544828771,57.1238138869689,13.416076767119,417,R0417,-2.6810507469639,Exp1,regime_structure,regime-pipeline-v1,3,417
1.40119650929748,22.025782166847,10.5470012558545,0.703133417056965,20,32,0,0,0,0,0,68.3171193948464,90,90,90,0.911813643926789,0.998333333333333,3,0,0.846921797004992,0.933444259567388,3,3,INFEASIBLE,0,0.416188930543943,2,0.35,1.38171453647432,0.0383550188102914,0.22126758212228,-35.0538480583936,10.3939705590032,39.6616012338529,0.0493843131153848,0.244394496882855,22.025782166847,10.5470012558545,418,R0418,-2.86302996948691,Exp1,regime_structure,regime-pipeline-v1,3,418
1.89895133803814,36.2863443976525,9.81671285968797,0.654447523979198,20,32,0,1,0,0.333333333333333,1,14.4724004082408,29.3642837571611,18.9586535219377,29.3642837571611,0.524126455906822,0.993333333333333,3,0,0.384359400998336,0.607321131447587,2.955,3,INFEASIBLE,0,0.267663964059912,2,0.35,1.08397048716126,0.0243369862996832,0.136569590163421,-65.7367208567693,7.18059621026635,28.9306219721098,0.0493344553060651,0.107093543053154,36.2863443976525,9.81671285968797,419,R0419,-1.50700749530234,Exp1,regime_structure,regime-pipeline-v1,3,419
2.08947138080331,64.9484092492514,12.1314029272034,0.808760195146896,20,32,0,0,0,0,0,36.062454423029,69.4490660804262,61.9142101904818,69.4490660804262,0.792013311148086,0.998333333333333,3,0,0.690515806988353,0.820299500831947,3,3,INFEASIBLE,0,0.189335198380889,6,0.35,1.20164240281775,0.0304604119908124,0.166733019473129,-62.6583228170962,13.2265537847876,32.3585658409171,0.128291545486451,0.168798650090107,64.9484092492514,12.1314029272034,420,R0420,-2.08114522546126,Exp1,regime_structure,regime-pipeline-v1,3,420
1.53303055504062,84.0029775613881,14.8490562461162,0.989937083074416,20,16,1,1,1,1,3,0.0500766634755376,0.11079552273446,0.0881514981443341,0.11079552273446,0,0.861666666666667,0,0,0,0,0,0,EASY,2,0.0982505877238604,5,0.35,2.02139490689571,0.0283890387787695,0.1342380811044,-68.746619679261,7.28427302150015,46.9044343572996,0.0272429136493169,0.0101481658338006,84.0029775613881,14.8490562461162,421,R0421,2.17725615449818,Exp1,regime_structure,regime-pipeline-v1,3,421
2.17957991304172,35.8414106735368,11.5552289116466,0.770348594109777,45,16,0,0,0,0,0,33.6424587718453,67.9485642296725,67.9485642296725,67.9485642296725,0.725457570715474,0.993333333333333,3,0,0.747088186356073,0.752079866888519,3,3,INFEASIBLE,0,0.320409741003963,4,0.35,1.14039426809455,0.0111866941835138,0.229457807276034,-50.7617188334322,10.6625508742289,36.9652868070025,0.12783378224496,0.128711930599424,35.8414106735368,11.5552289116466,422,R0422,-2.15307166774244,Exp1,regime_structure,regime-pipeline-v1,3,422
1.2132821669146,65.6637134686564,13.7118416336239,0.914122775574927,20,32,0,0,0,0,0,28.5812339629705,74.3051210545625,74.3051210545625,74.3051210545625,0.722129783693844,0.996666666666667,3,0,0.582362728785358,0.785357737104825,3,3,INFEASIBLE,0,0.0992093445525922,6,0.35,1.97499567494667,0.0256405382401077,0.172240102493967,-36.816032676512,11.605301918683,35.3573943681471,0.0722549438316794,0.138193164616962,65.6637134686564,13.7118416336239,423,R0423,-2.09851144108013,Exp1,regime_structure,regime-pipeline-v1,3,423
1.98590566410454,71.7153533962091,9.09253494452481,0.606168996301654,20,32,0,0,0,0,0,56.0153174450251,90,90,90,0.835274542429285,0.996666666666667,3,0,0.767054908485857,0.856905158069884,3,3,INFEASIBLE,0,0.122589658809357,3,0.35,1.0869234381872,0.0331090232088927,0.179470321565138,-54.8320696065365,10.9249982531589,31.7832780184832,0.139578262088038,0.200868636058897,71.7153533962091,9.09253494452481,424,R0424,-1.7162466860799,Exp1,regime_structure,regime-pipeline-v1,3,424
1.92198690111319,59.2658073733954,12.2976294163856,0.819841961092372,20,32,1,1,1,1,3,5.05263698775713,11.983505924109,1.48255959724886,11.983505924109,0.389351081530782,0.99,2.935,0,0.204658901830283,0.540765391014975,3,3,EASY,2,0.183550677137329,1,0.35,1.3483261896366,0.0173445572517545,0.205437410690548,-50.9471027890278,8.48063715426819,38.384736118551,0.100110564907388,0.0665985625339207,59.2658073733954,12.2976294163856,425,R0425,1.95332776075435,Exp1,regime_structure,regime-pipeline-v1,3,425
2.58907469562362,113.435921101805,11.3123819173904,0.754158794492695,20,32,0,1,0,0.333333333333333,1,19.8172421371606,45.3924692091739,22.8100229228633,45.3924692091739,0.682196339434276,0.996666666666667,3,0,0.557404326123128,0.787021630615641,3,3,INFEASIBLE,0,0.187178168773616,3,0.35,1.34162914581859,0.014111044899123,0.205936916460987,-56.5966166167967,11.2403461149043,26.231404663946,0.0972528280941927,0.123067748774146,113.435921101805,11.3123819173904,426,R0426,-1.99238210539871,Exp1,regime_structure,regime-pipeline-v1,3,426
0.23515286868016,109.934061555597,9.74679238583772,0.649786159055848,20,8,1,1,1,1,3,0.0657265376830237,0.149682343931089,0.0778252344850353,0.149682343931089,0,0.681666666666667,0,0,0,0,0,0,EASY,2,0.0750262510578528,3,0.35,1.58063646079747,0.0111479170357353,0.0408345005189263,-33.6442785515677,5.69908943824315,44.181222652128,0.00818194400381953,0.0465301287896837,109.934061555597,9.74679238583772,427,R0427,1.64153693156446,Exp1,regime_structure,regime-pipeline-v1,3,427
1.04564910772123,59.1687893523203,9.28034603219899,0.618689735479933,45,32,1,1,0,0.666666666666667,2,13.464653344937,31.0852974854685,11.3490306777285,31.0852974854685,0.670549084858569,0.993333333333333,3,0,0.507487520798669,0.72712146422629,3,3,FRAGILE,1,0.378054111485078,5,0.35,1.66085257031826,0.0121001352050586,0.133496526577437,-47.3202571293112,9.95772597851285,47.2414847300346,0.0460822589193268,0.0846085184391962,59.1687893523203,9.28034603219899,428,R0428,0,Exp1,regime_structure,regime-pipeline-v1,3,428
0.650772780393065,119.0893564605,14.1084310825507,0.940562072170044,20,8,1,1,1,1,3,0.0711112892837711,0.149230191290283,0.0326387942337986,0.149230191290283,0,0.43,0,0,0,0,0,0,EASY,2,0.34875001832136,5,0.35,1.47563407240271,0.0345881255242823,0.054145972979049,-58.4330722221061,7.58907863039761,30.5951342869783,0.119949338773691,0.00659033676492553,119.0893564605,14.1084310825507,429,R0429,1.82304077461918,Exp1,regime_structure,regime-pipeline-v1,3,429
1.35077383191132,33.8193848801937,11.6384730233516,0.775898201556771,20,32,0,0,0,0,0,39.7182829927787,90,90,90,0.750415973377704,0.998333333333333,3,0,0.693843594009983,0.856905158069884,3,3,INFEASIBLE,0,0.0786994321182053,4,0.35,1.39186388842694,0.0303696023626791,0.219855090542072,-33.5165887934194,12.9164521025809,38.5202195462084,0.143134409269134,0.155208735752819,33.8193848801937,11.6384730233516,430,R0430,-2.45020092805116,Exp1,regime_structure,regime-pipeline-v1,3,430
1.26109738308128,113.329745658521,12.5760090980829,0.838400606538858,20,32,0,0,0,0,0,19.5891375163391,56.6180407548367,56.6180407548367,56.6180407548367,0.645590682196339,0.995,3,0,0.509151414309484,0.710482529118136,3,3,INFEASIBLE,0,0.359397221503167,5,0.35,1.13949591647893,0.031545704934127,0.116845411441209,-62.0898415950504,5.98181352185987,42.8379358550764,0.0807613057123774,0.206561786463199,113.329745658521,12.5760090980829,431,R0431,-2.01067531533702,Exp1,regime_structure,regime-pipeline-v1,3,431
1.07594249202087,117.420201860174,9.88667872794734,0.659111915196489,20,8,1,1,1,1,3,0.76339628636671,3.45023522997537,3.45023522997537,3.45023522997537,0,0.856666666666667,3,0,0,0.179700499168053,0,3,EASY,2,0.311640842783085,3,0.35,1.05821835160104,0.0126512495318561,0.169357553401485,-30.6044095230687,11.4764959412665,30.0372652655666,0.0177070674415654,0.0453745246559928,117.420201860174,9.88667872794734,432,R0432,2.27364565987774,Exp1,regime_structure,regime-pipeline-v1,3,432
0.689182316028813,29.4523013018775,13.6303770640679,0.908691804271195,20,32,0,0,0,0,0,53.6800625294728,90,90,90,0.788685524126456,0.996666666666667,3,0,0.550748752079867,0.858569051580699,3,3,INFEASIBLE,0,0.333420892743735,5,0.35,1.01071348572976,0.0138189351009198,0.113455533565014,-35.7317993592205,7.45454228603154,44.7872343461832,0.0827349412200066,0.218545142900946,29.4523013018775,13.6303770640679,433,R0433,-2.20092662316786,Exp1,regime_structure,regime-pipeline-v1,3,433
2.11713698033632,79.7799149438069,9.40951552921813,0.627301035281209,20,32,0,0,0,0,0,21.381092228839,43.8491662265741,10.3062660633375,43.8491662265741,0.690515806988353,0.996666666666667,3,0,0.580698835274542,0.775374376039933,3,3,INFEASIBLE,0,0.0714534365786717,2,0.35,0.920995529923715,0.0296087466632853,0.196066024674665,-64.0220216210005,6.11029283962496,45.5016237694037,0.0216387890502803,0.193827177864124,79.7799149438069,9.40951552921813,434,R0434,-2.03299098460619,Exp1,regime_structure,regime-pipeline-v1,3,434
1.3853333515669,63.2165016606404,11.5002260755543,0.766681738370287,20,16,0,0,0,0,0,15.8922700606629,41.318040110198,41.318040110198,41.318040110198,0.48585690515807,0.993333333333333,3,0,0.306156405990017,0.555740432612313,3,3,INFEASIBLE,0,0.430846263623551,5,0.35,1.09583277508534,0.0211399799988928,0.23396636956664,-35.1285719776562,6.40715208282265,45.5596774528211,0.0579702965870658,0.140184857303671,63.2165016606404,11.5002260755543,435,R0435,-1.73364951679486,Exp1,regime_structure,regime-pipeline-v1,3,435
1.91820914898409,55.1257210864764,13.7587381375502,0.917249209170014,80,32,0,0,0,0,0,51.6637194621976,90,90,90,0.780366056572379,0.996666666666667,3,0,0.75540765391015,0.866888519134775,3,3,INFEASIBLE,0,0.217325602037669,3,0.35,2.00755168326081,0.0161575544566532,0.23268992884638,-45.5589258923414,11.5884305169386,39.5340737046805,0.137574354569374,0.17978359602018,55.1257210864764,13.7587381375502,436,R0436,-2.49639754588943,Exp1,regime_structure,regime-pipeline-v1,3,436
1.9731550662827,71.137804735878,14.2880935482675,0.952539569884499,20,32,1,1,1,1,3,0.0925006745272507,0.231374797821607,0.14370666388877,0.231374797821607,0,0.938333333333333,0,0,0,0,0,0,EASY,2,0.3825779412326,6,0.35,1.8684827545578,0.0362517959949501,0.208200771855183,-52.0001594671257,9.12341441182257,38.9684332106115,0.0883637210852186,0.00545405526967411,71.137804735878,14.2880935482675,437,R0437,2.15108866471422,Exp1,regime_structure,regime-pipeline-v1,3,437
2.32415731370876,73.2876867385615,9.43921514318382,0.629281009545588,20,32,1,1,1,1,3,2.20671819923284,5.98845628319718,5.97344612729926,5.98845628319718,0.369384359400998,0.99,3,0,0.226289517470882,0.618968386023295,3,3,EASY,2,0.120187513562697,2,0.35,1.8568979719655,0.0284917800379394,0.199542154368559,-52.6712618106026,13.3553296849573,26.4695814943872,0.076207933509826,0.0420604377408395,73.2876867385615,9.43921514318382,438,R0438,1.97305106980316,Exp1,regime_structure,regime-pipeline-v1,3,438
1.22094195538866,66.8430156092509,10.9300834234523,0.728672228230153,20,32,0,0,0,0,0,22.0496069805488,65.4343545835575,65.4343545835575,65.4343545835575,0.693843594009983,0.996666666666667,3,0,0.56738768718802,0.762063227953411,3,3,INFEASIBLE,0,0.355921148220011,4,0.35,1.1520535038318,0.037629139188821,0.193747964613179,-30.0053637961602,6.97240675463774,29.3456283182473,0.146526104677313,0.221894766229907,66.8430156092509,10.9300834234523,439,R0439,-2.42958207814308,Exp1,regime_structure,regime-pipeline-v1,3,439
0.760558145985417,76.5812119007802,13.2201029328669,0.881340195524463,20,16,1,1,1,1,3,0.0636742066399928,0.130465126998588,0.0286719280534403,0.130465126998588,0,0.788333333333333,0,0,0,0,0,0,EASY,2,0.116821391556459,5,0.35,2.01155567775754,0.0135269219746818,0.127289142738851,-30.3263929897312,5.59028695887996,33.3442346108233,0.00219703019514679,0.000562783795552378,76.5812119007802,13.2201029328669,440,R0440,2.50283498598375,Exp1,regime_structure,regime-pipeline-v1,3,440
0.48119684361935,38.4004314625051,10.2983155474651,0.686554369831004,20,32,1,1,1,1,3,1.89820027199308,6.0556043204298,6.0556043204298,6.0556043204298,0.271214642262895,0.985,3,0,0.0415973377703827,0.420965058236273,3,3,EASY,2,0.270629190427296,2,0.35,2.02065199074412,0.0113603708067827,0.0651555114220724,-42.8532448436083,13.2539798696804,43.5798326017125,0.0859555897478367,0.0340609401625776,38.4004314625051,10.2983155474651,441,R0441,1.99636392184466,Exp1,regime_structure,regime-pipeline-v1,3,441
1.01212732250782,108.239444944567,10.2002763480436,0.680018423202907,20,32,0,0,0,0,0,16.4798995890911,49.7877461113809,49.7877461113809,49.7877461113809,0.75873544093178,0.996666666666667,3,0,0.667221297836938,0.8369384359401,3,3,INFEASIBLE,0,0.108659876938616,5,0.35,1.88177326369547,0.028333633366107,0.0903729701117705,-50.447859621716,10.5372940019696,26.2635640230151,0.0889800159654196,0.172697914735604,108.239444944567,10.2002763480436,442,R0442,-2.05877370134774,Exp1,regime_structure,regime-pipeline-v1,3,442
1.69865471483064,21.3475215172124,10.2470941963793,0.683139613091956,20,32,0,0,0,0,0,49.1572509241883,90,90,90,0.752079866888519,0.996666666666667,3,0,0.495840266222962,0.831946755407654,3,3,INFEASIBLE,0,0.289414564058421,3,0.35,1.6860672400139,0.0371335777482105,0.190823708245462,-44.7858964505858,5.52732153473371,32.7641077029756,0.110944367982023,0.188476218098653,21.3475215172124,10.2470941963793,443,R0443,-2.12435039308958,Exp1,regime_structure,regime-pipeline-v1,3,443
0.852912683704601,52.2121178262107,9.10256941319056,0.606837960879371,20,32,1,1,1,1,3,4.86697076471253,11.1566666563143,4.33161590183424,11.1566666563143,0.577371048252912,0.991666666666667,3,0,0.362728785357737,0.652246256239601,3,2.95,EASY,2,0.42629616339576,4,0.35,1.45773860479698,0.0241866096082369,0.0744183794651996,-59.5545879185838,7.66636411827565,34.9496697558612,0.08403513867929,0.0831547686467911,52.2121178262107,9.10256941319056,444,R0444,1.07090092900653,Exp1,regime_structure,regime-pipeline-v1,3,444
1.40639129635117,22.3518156419189,8.20450035180912,0.546966690120608,20,32,1,1,1,1,3,7.62803490203153,16.3896924223957,5.49624766507681,16.3896924223957,0.525790349417637,0.986666666666667,3,0,0.324459234608985,0.599001663893511,2.985,3,EASY,2,0.0653289794441812,4,0.35,1.71839458993781,0.0214401912297173,0.167021634536152,-51.7050316506465,8.0565185253658,48.8045252717693,0.142835760698276,0.0694888331344029,22.3518156419189,8.20450035180912,445,R0445,2.39980364377868,Exp1,regime_structure,regime-pipeline-v1,3,445
1.42426245513006,48.4196315949899,9.76340868055422,0.650893912036948,20,32,1,0,1,0.666666666666667,2,7.04910784520693,16.2810154051846,8.11892942593096,16.2810154051846,0.594009983361065,0.99,3,0,0.419301164725458,0.687188019966722,3,2.985,FRAGILE,1,0.115121067422334,5,0.35,1.24663705560328,0.0291613440126064,0.118146952826055,-63.7332785717994,9.16131903778604,36.1791929854136,0.13345082474688,0.0878991139824356,48.4196315949899,9.76340868055422,446,R0446,0,Exp1,regime_structure,regime-pipeline-v1,3,446
1.61452786481705,118.327105358689,10.4930431528926,0.699536210192838,20,32,1,1,1,1,3,3.64231825066112,9.55323328902273,0.398452920991274,9.55323328902273,0.344425956738769,0.988333333333333,2.965,0,0.156405990016639,0.454242928452579,3,3,EASY,2,0.292124265701572,1,0.35,1.53313455163354,0.0192143742730195,0.20843295278428,-45.7857853246398,5.84689258053033,45.2235202050442,0.108507991599916,0.0929798974950821,118.327105358689,10.4930431528926,447,R0447,1.88433215998288,Exp1,regime_structure,regime-pipeline-v1,3,447
1.41727875440648,80.748929251512,13.1808941558501,0.878726277056674,20,32,0,1,0,0.333333333333333,1,17.4613220578764,36.5669147700245,7.39053987257965,36.5669147700245,0.579034941763727,0.995,3,0,0.40432612312812,0.625623960066556,3,2.995,INFEASIBLE,0,0.351826366404729,4,0.35,1.75690251424404,0.0314240239615683,0.169094503080874,-45.3614148857143,6.50346288058633,37.9125475073299,0.0554607323927455,0.180752532559403,80.748929251512,13.1808941558501,448,R0448,-1.73339071019782,Exp1,regime_structure,regime-pipeline-v1,3,448
1.6019056467722,38.415844144975,12.6563508159307,0.843756721062045,20,32,1,1,1,1,3,11.8670369740333,24.3233632827549,10.01073822214,24.3233632827549,0.405990016638935,0.993333333333333,3,0,0.284525790349418,0.505823627287854,3,3,FRAGILE,1,0.256449915619694,5,0.35,1.13255512395149,0.0235964906469366,0.146805671181753,-51.8266656826459,7.80347345594261,29.1997878665086,0.0275792696027702,0.0905801186576678,38.415844144975,12.6563508159307,449,R0449,0,Exp1,regime_structure,regime-pipeline-v1,3,449
0.757311811044426,79.3801960799279,9.27840612697,0.618560408464666,20,16,1,0,0,0.333333333333333,1,13.238401250537,31.0268369618633,7.68199943667828,31.0268369618633,0.504159733777038,0.995,3,0,0.324459234608985,0.640599001663893,3,3,FRAGILE,1,0.287938774980439,4,0.35,1.49928929658681,0.0165607752755666,0.0721745494598167,-58.3897337362342,7.96199042095469,40.0823383280043,0.00610869635982865,0.12361733207009,79.3801960799279,9.27840612697,450,R0450,0,Exp1,regime_structure,regime-pipeline-v1,3,450
0.664614529315211,25.0837526890126,11.4377175649814,0.762514504332091,20,32,0,0,0,0,0,48.8855247148825,85.330760241002,42.4396910334571,85.330760241002,0.810316139767055,0.996666666666667,3,0,0.617304492512479,0.878535773710483,3,3,INFEASIBLE,0,0.345521453991014,1,0.35,1.92718550896457,0.0161307200038024,0.0467429572916351,-67.0692723162048,12.1151581992259,28.800581352003,0.120394430563738,0.164319297545269,25.0837526890126,11.4377175649814,451,R0451,-2.7829648485845,Exp1,regime_structure,regime-pipeline-v1,3,451
0.652473619368419,55.2326416856919,10.6681396931012,0.711209312873411,20,32,0,0,1,0.333333333333333,1,15.9607749216503,35.7877036917967,19.6665473571907,35.7877036917967,0.685524126455907,0.991666666666667,3,0,0.545757071547421,0.750415973377704,3,3,INFEASIBLE,0,0.194714452927819,3,0.35,1.77461752878536,0.0320231477267272,0.0971260482529045,-35.3012182782328,12.6894636165163,35.7426104681676,0.018132713312381,0.103942531743624,55.2326416856919,10.6681396931012,452,R0452,-1.44560789262866,Exp1,regime_structure,regime-pipeline-v1,3,452
1.82351930086545,114.55729990787,10.5997394031651,0.706649293544342,20,32,1,1,1,1,3,5.98003766207066,15.3075537741219,3.11664164964586,15.3075537741219,0.582362728785358,0.988333333333333,3,0,0.402662229617304,0.657237936772047,3,3,EASY,2,0.262845759595166,4,0.35,1.67967332039964,0.0231859989057995,0.172710377628989,-47.448293610399,13.0310243467598,26.1407890613276,0.127573566861356,0.0761323673236509,114.55729990787,10.5997394031651,453,R0453,1.53369475402161,Exp1,regime_structure,regime-pipeline-v1,3,453
0.849443142014228,70.3946419797741,13.6666300025342,0.91110866683561,20,16,1,0,1,0.666666666666667,2,13.3255265275888,28.7209035405123,5.33602108131112,28.7209035405123,0.35108153078203,0.991666666666667,3,0,0.24459234608985,0.417637271214642,3,2.97,FRAGILE,1,0.12863507277447,3,0.35,1.52093838544108,0.0133952413742008,0.0848281955739127,-57.630442720293,6.64213546363731,42.8723310889988,0.0952443473909291,0.128300638693616,70.3946419797741,13.6666300025342,454,R0454,0,Exp1,regime_structure,regime-pipeline-v1,3,454
2.05116660147166,52.994157809004,11.7640058642926,0.784267057619509,80,32,0,0,0,0,0,53.9203985102788,90,90,90,0.821963394342762,0.998333333333333,3,0,0.768718801996672,0.895174708818636,3,3,INFEASIBLE,0,0.280090944493648,4,0.35,1.38142889846212,0.0217064704816032,0.238741637243015,-50.5889440486335,11.1759526230659,44.8773339594556,0.120757404772882,0.19616566702808,52.994157809004,11.7640058642926,455,R0455,-2.27186119212653,Exp1,regime_structure,regime-pipeline-v1,3,455
1.20581693189795,79.0151210609802,8.97168554927746,0.598112369951831,20,32,1,1,1,1,3,4.06864056966197,10.0705037554132,9.39483198439002,10.0705037554132,0.535773710482529,0.996666666666667,3,0,0.198003327787022,0.572379367720466,3,3,EASY,2,0.380079616418054,6,0.35,1.03778763746859,0.0255447851019368,0.218743219954678,-32.5289112350037,9.84258094739876,45.0720029036925,0.101553733712694,0.0576255029134939,79.0151210609802,8.97168554927746,456,R0456,2.17367128613274,Exp1,regime_structure,regime-pipeline-v1,3,456
2.94636578124395,115.554048567778,8.58674323996729,0.572449549331153,20,32,1,1,1,1,3,3.75816468958134,10.1155485479257,1.95273705308075,10.1155485479257,0.59234608985025,0.993333333333333,2.945,0,0.372712146422629,0.690515806988353,3,3,EASY,2,0.0977009659082086,3,0.35,1.92254018272433,0.0335273092856263,0.234783380272378,-61.6924114120333,12.7390461823916,31.2814032907832,0.12976742270648,0.0623373443641655,115.554048567778,8.58674323996729,457,R0457,2.03318573558033,Exp1,regime_structure,regime-pipeline-v1,3,457
1.10053630733418,84.8059905472654,12.9067849233076,0.860452328220506,20,32,1,1,1,1,3,3.65992002223993,10.8322576169748,10.8322576169748,10.8322576169748,0.306156405990017,0.991666666666667,3,0,0.207986688851913,0.402662229617304,3,3,EASY,2,0.421245651726792,3,0.35,0.913544064898466,0.0178754897442535,0.0991703472448039,-57.1118445170759,10.9185197784603,34.2821971905637,0.0455691260283196,0.0550038559926939,84.8059905472654,12.9067849233076,458,R0458,1.74253232550417,Exp1,regime_structure,regime-pipeline-v1,3,458
0.932137540077844,78.2948368623509,13.2583515416846,0.883890102778974,20,32,0,0,0,0,0,18.4713100530695,48.0861329641903,47.9208586524906,48.0861329641903,0.662229617304492,0.995,3,0,0.442595673876872,0.713810316139767,3,3,INFEASIBLE,0,0.211812987824863,5,0.35,1.60225614982955,0.031688236057664,0.162860192793673,-30.8641370514937,10.1310157799816,37.6391256554729,0.047945907382149,0.125645118541838,78.2948368623509,13.2583515416846,459,R0459,-1.51314149754585,Exp1,regime_structure,regime-pipeline-v1,3,459
1.30696209752909,21.0915899653688,12.9192315388168,0.86128210258779,20,32,0,0,0,0,0,28.8477823146841,90,90,90,0.697171381031614,0.998333333333333,3,0,0.399334442595674,0.780366056572379,3,3,INFEASIBLE,0,0.440126481485128,1,0.35,1.36919576410493,0.0273876950377902,0.112094803752035,-65.6107930477487,5.56032189910908,40.9880169676892,0.108369206717033,0.167613660471882,21.0915899653688,12.9192315388168,460,R0460,-2.20303890193924,Exp1,regime_structure,regime-pipeline-v1,3,460
1.80751905011446,101.664474983156,12.1415045198076,0.809433634653843,20,32,0,0,0,0,0,13.9583100705794,35.0196306941688,27.9454469055032,35.0196306941688,0.645590682196339,0.993333333333333,3,0,0.482529118136439,0.738768718801997,3,3,INFEASIBLE,0,0.219112204190169,1,0.35,1.58791801138574,0.0107784742764688,0.226275452259577,-47.0043820572322,13.6296402712717,44.8174527333406,0.0174952309977662,0.0833084442272451,101.664474983156,12.1415045198076,461,R0461,-2.31921794564948,Exp1,regime_structure,regime-pipeline-v1,3,461
2.74969664327438,41.7649491608945,10.8385805148167,0.722572034321112,20,8,0,0,0,0,0,90,90,90,90,0.554076539101497,0.998333333333333,3,0,0.519134775374376,0.570715474209651,3,3,INFEASIBLE,0,0.315169530872549,6,0.35,1.31941767161264,0.0179218667546148,0.228460370688824,-65.0104003955715,5.92284706390091,37.764107568925,0.0371003741930152,0.245841523775852,41.7649491608945,10.8385805148167,462,R0462,-2.354794438312,Exp1,regime_structure,regime-pipeline-v1,3,462
0.430146881815568,70.6274752699743,10.2070775598131,0.680471837320876,20,32,0,0,0,0,0,32.6467484208127,79.0314138548188,78.2396160704727,79.0314138548188,0.80865224625624,0.998333333333333,3,0,0.738768718801997,0.845257903494176,3,3,INFEASIBLE,0,0.0535591050213622,5,0.35,0.925702149857217,0.0358791521548152,0.0750949740103356,-33.9137660855705,10.1660958938233,45.3734270241757,0.102296320411556,0.21807368818527,70.6274752699743,10.2070775598131,463,R0463,-2.33494289116073,Exp1,regime_structure,regime-pipeline-v1,3,463
0.456845827608314,96.4342183345538,11.4513082767194,0.763420551781295,20,32,0,0,0,0,0,8.51131891298095,23.2301220959658,23.2301220959658,23.2301220959658,0.62063227953411,0.998333333333333,3,0,0.369384359400998,0.718801996672213,3,3,INFEASIBLE,0,0.392405203265412,2,0.35,1.62157476079435,0.023625816122068,0.045753704429737,-59.9973878425404,6.19182857881557,46.7346765291916,0.025696607453543,0.155986599242152,96.4342183345538,11.4513082767194,464,R0464,-1.74215470060918,Exp1,regime_structure,regime-pipeline-v1,3,464
1.90218517257962,106.565576331272,10.5883182927008,0.705887886180053,20,32,1,1,1,1,3,2.58126938675955,6.71015955757418,3.39044703588809,6.71015955757418,0.391014975041597,0.991666666666667,3,0,0.108153078202995,0.562396006655574,3,2.98,EASY,2,0.153238020465082,2,0.35,2.06438690768963,0.0183041912873567,0.159659358121785,-69.9136318968081,10.216453120197,44.572629767875,0.0306395426386343,0.055870420160612,106.565576331272,10.5883182927008,465,R0465,2.36244093410021,Exp1,regime_structure,regime-pipeline-v1,3,465
0.375827447629205,71.3239221503463,13.1088349834501,0.873922332230004,20,32,1,1,1,1,3,0.855899601868221,2.31519316119942,1.33304354714191,2.31519316119942,0,0.983333333333333,2.77,0,0.0898502495840266,0.227953410981697,3,3,EASY,2,0.364360290308817,4,0.35,1.69478622561461,0.0356446274971424,0.0413366014478716,-54.0436888113627,10.299329802987,45.7344933546835,0.116591002564365,0.0412402035225949,71.3239221503463,13.1088349834501,466,R0466,1.70064366775054,Exp1,regime_structure,regime-pipeline-v1,3,466
0.942317982992471,61.5628562356811,14.604616151209,0.973641076747266,20,16,1,0,0,0.333333333333333,1,10.3904071308417,23.5682441323641,7.51195270608223,23.5682441323641,0.291181364392679,0.981666666666667,3,0,0.1630615640599,0.377703826955075,3,3,FRAGILE,1,0.195359147446995,6,0.35,1.38079451736052,0.0147044538379291,0.141868646450807,-36.1521910057421,10.4228829441012,38.3449781725109,0.118688992742387,0.0730387204379927,61.5628562356811,14.604616151209,467,R0467,0,Exp1,regime_structure,regime-pipeline-v1,3,467
1.91111663727946,103.889511572119,12.7619686871423,0.850797912476156,20,32,0,0,0,0,0,21.1199449018656,44.3678493499825,42.4823820515532,44.3678493499825,0.703826955074875,0.996666666666667,3,0,0.612312811980033,0.785357737104825,3,3,INFEASIBLE,0,0.0998183206363362,6,0.35,1.98626689604338,0.0386885467504586,0.223069285459807,-49.2981363056819,9.5821698756125,42.8575682449281,0.112974493692223,0.181186015015062,103.889511572119,12.7619686871423,468,R0468,-2.55611641719762,Exp1,regime_structure,regime-pipeline-v1,3,468
2.04175513518575,101.447823533124,13.7514604878285,0.916764032521899,20,32,0,0,0,0,0,35.5420531894494,90,90,90,0.737104825291181,0.996666666666667,3,0,0.655574043261231,0.792013311148086,3,3,INFEASIBLE,0,0.445959767661332,2,0.35,1.37309000117066,0.0373441837595296,0.214151651488369,-48.4247129365771,13.0066629979866,33.3911217886492,0.101727661145206,0.152449948898132,101.447823533124,13.7514604878285,469,R0469,-2.4613056343626,Exp1,regime_structure,regime-pipeline-v1,3,469
0.544153680342232,77.8479786331108,9.26031724976437,0.617354483317625,20,32,1,1,1,1,3,9.32382615543764,21.3271605170313,2.09228595845794,21.3271605170313,0.712146422628952,0.996666666666667,3,0,0.56738768718802,0.765391014975042,3,3,FRAGILE,1,0.356709125663738,5,0.35,1.41976662799982,0.0340080990041836,0.0431031703463643,-69.5376360490246,9.30458866135909,39.2714096205046,0.0868871569044439,0.12523525680929,77.8479786331108,9.26031724976437,470,R0470,0,Exp1,regime_structure,regime-pipeline-v1,3,470
0.70644892679596,62.0080767792619,10.2046820066568,0.680312133777122,20,8,1,1,1,1,3,0.143351777641465,0.46577812180114,0.421022983178775,0.46577812180114,0,0.886666666666667,0,0,0,0,0,3,EASY,2,0.187865718918978,3,0.35,1.59446629564818,0.0224250853404246,0.0918768547933525,-41.8833194475088,11.8079777731388,38.4055726776543,0.00517583754667466,0.0229290416020344,62.0080767792619,10.2046820066568,471,R0471,1.44560789262866,Exp1,regime_structure,regime-pipeline-v1,3,471
0.417558440047557,79.3544364783303,14.7037179714116,0.980247864760774,20,32,0,1,0,0.333333333333333,1,16.7284786916053,37.4217675744823,14.0039095643677,37.4217675744823,0.657237936772047,0.993333333333333,3,0,0.480865224625624,0.718801996672213,3,3,INFEASIBLE,0,0.196957054964824,4,0.35,1.77568687988064,0.0231154084265137,0.0695241027844988,-35.4209791009532,13.9247875947901,45.0213728102698,0.0433037438090171,0.107327314797603,79.3544364783303,14.7037179714116,472,R0472,-2.03513503434116,Exp1,regime_structure,regime-pipeline-v1,3,472
1.64154976885071,28.8400279649088,11.0936596299181,0.739577308661206,20,32,0,0,0,0,0,74.5679417302258,90,90,90,0.728785357737105,0.998333333333333,3,0,0.62396006655574,0.820299500831947,3,3,INFEASIBLE,0,0.428548817446785,2,0.35,1.69867506802976,0.0274963220244218,0.205003265731314,-48.4947223237374,7.18987656018229,47.4748675031628,0.0250663746520335,0.180023441634773,28.8400279649088,11.0936596299181,473,R0473,-2.47925974944411,Exp1,regime_structure,regime-pipeline-v1,3,473
1.08536262136046,41.8920540158085,12.4955564230129,0.833037094867526,20,32,0,0,0,0,0,43.8847346626088,86.082975666678,68.9875815316096,86.082975666678,0.757071547420965,1,3,0,0.675540765391015,0.790349417637271,3,3,INFEASIBLE,0,0.0546097699695888,2,0.35,1.09924092318502,0.0375105382212904,0.103549313391251,-46.889739030978,13.6195366657545,25.9036947473125,0.00360862726299863,0.142280750370137,41.8920540158085,12.4955564230129,474,R0474,-2.25142684959799,Exp1,regime_structure,regime-pipeline-v1,3,474
0.352515037453291,51.6888887604898,14.057918225597,0.937194548373135,20,32,0,0,0,0,0,50.3775669579536,90,90,90,0.810316139767055,0.998333333333333,3,0,0.703826955074875,0.878535773710483,3,3,INFEASIBLE,0,0.160443440820901,5,0.35,1.6883824109546,0.0260208537541684,0.0451500867590489,-42.6185222303168,13.3385029590724,38.5673690461546,0.12228413688072,0.210462121112306,51.6888887604898,14.057918225597,475,R0475,-2.54176192731768,Exp1,regime_structure,regime-pipeline-v1,3,475
1.39976266958599,116.639829712854,8.88057998175028,0.592038665450019,20,8,1,1,1,1,3,0.98871406626761,3.41220673179726,2.80870249534451,3.41220673179726,0,0.858333333333333,3,0,0,0.262895174708819,0,3,EASY,2,0.219564860750729,5,0.35,1.50521635186435,0.0354487572226257,0.177686858944679,-37.7904757185097,12.2000106559716,29.7870765338382,0.0657890310489224,0.0513213006563347,116.639829712854,8.88057998175028,476,R0476,1.20757324428548,Exp1,regime_structure,regime-pipeline-v1,3,476
1.04299882570704,71.2684989274939,14.8703807131493,0.991358714209954,20,32,0,0,0,0,0,13.5271848994659,35.2270644388016,35.2270644388016,35.2270644388016,0.505823627287854,0.998333333333333,3,0,0.264559068219634,0.579034941763727,3,3,INFEASIBLE,0,0.204735574998479,4,0.35,1.6665161524623,0.0296705210299342,0.158989702925955,-33.4127226347145,5.18694331589798,33.5780479521359,0.0960161562626337,0.169010079446208,71.2684989274939,14.8703807131493,477,R0477,-1.87125584270176,Exp1,regime_structure,regime-pipeline-v1,3,477
1.88523556361378,94.7571059256619,10.8192022285436,0.72128014856957,20,8,1,1,1,1,3,0.0835901612384032,0.196842169502806,0.0867926895646867,0.196842169502806,0,0.448333333333333,0,0,0,0,0,0,EASY,2,0.297305689515506,4,0.35,1.75296797889602,0.0293402979384322,0.223424102930676,-49.7148248820489,12.2964466964532,44.9326448621267,0.133058055404179,0.00830991901798581,94.7571059256619,10.8192022285436,478,R0478,2.27186119212653,Exp1,regime_structure,regime-pipeline-v1,3,478
1.35081457835622,38.3055852034493,10.0061881560825,0.667079210405502,20,32,0,0,0,0,0,13.2634872718664,40.7501216036242,40.7501216036242,40.7501216036242,0.589018302828619,0.996666666666667,3,0,0.419301164725458,0.692179700499168,3,3,INFEASIBLE,0,0.0705869045079714,1,0.35,0.977227131221425,0.0292444538171038,0.137649559063928,-43.7364236976562,6.60878402244347,25.7102360760748,0.0192360403692178,0.116314374843407,38.3055852034493,10.0061881560825,479,R0479,-2.14240110893035,Exp1,regime_structure,regime-pipeline-v1,3,479
0.50730551338794,103.12788469913,11.9149398449733,0.794329322998217,20,32,0,0,0,0,0,31.6811412822636,67.2007415336085,22.9156783940646,67.2007415336085,0.818635607321131,0.996666666666667,3,0,0.668885191347754,0.848585690515807,3,3,INFEASIBLE,0,0.445651568404225,2,0.35,1.10615877513447,0.0104295494532775,0.0933904018756794,-33.6912992852795,10.7937436019484,49.7923014568947,0.0064565026066968,0.212870865821779,103.12788469913,11.9149398449733,480,R0480,-1.74681933781596,Exp1,regime_structure,regime-pipeline-v1,3,480
1.34465252745257,62.4598004482423,14.6985304743902,0.97990203162601,20,32,0,1,0,0.333333333333333,1,11.2833951392166,27.5186743723252,27.3368597558824,27.5186743723252,0.450915141430948,0.995,3,0,0.0366056572379368,0.559068219633943,2.995,3,INFEASIBLE,0,0.320580759291191,3,0.35,2.00688012235233,0.0175271282155968,0.132213406559205,-50.6833595903123,6.29866962827681,32.1457077495319,0.0359074493120562,0.101437201921127,62.4598004482423,14.6985304743902,481,R0481,-2.23972487744281,Exp1,regime_structure,regime-pipeline-v1,3,481
0.834258608103626,91.1094874782794,10.9372221121845,0.729148140812299,20,32,1,1,1,1,3,2.6039363822876,8.03165612979036,8.03165612979036,8.03165612979036,0.400998336106489,0.993333333333333,3,0,0.15973377703827,0.519134775374376,3,3,EASY,2,0.306846583325752,3,0.35,0.981575913515494,0.0244061137801497,0.110540104004562,-40.9858204706592,8.81442463670319,38.1739384170649,0.0544877282798713,0.0700350286959991,91.1094874782794,10.9372221121845,482,R0482,1.42780941367815,Exp1,regime_structure,regime-pipeline-v1,3,482
0.579704712713207,74.3784233863947,11.7162580951951,0.781083873013009,20,32,1,1,1,1,3,4.89521019994504,12.507513495868,11.409467331333,12.507513495868,0.3261231281198,0.988333333333333,3,0,0.148086522462562,0.564059900166389,3,3,EASY,2,0.24525765910363,1,0.35,0.990591972892077,0.0132031802197856,0.0552545225969933,-63.8532086245106,6.72080804189316,47.9456055232377,0.145139130364812,0.0795934148049142,74.3784233863947,11.7162580951951,483,R0483,2.42845823040047,Exp1,regime_structure,regime-pipeline-v1,3,483
1.35377197002112,86.8994663880041,11.9022717159229,0.79348478106153,20,32,0,0,0,0,0,30.3326584741668,90,90,90,0.775374376039933,0.998333333333333,3,0,0.637271214642263,0.806988352745424,3,3,INFEASIBLE,0,0.129836225021522,4,0.35,1.52232042342712,0.0217507401430284,0.19885481036796,-42.0863412529452,8.29001687185234,49.4680588248276,0.0867485242333416,0.233687776196939,86.8994663880041,11.9022717159229,484,R0484,-2.18389193077161,Exp1,regime_structure,regime-pipeline-v1,3,484
2.5447878811901,75.3645302555814,10.9613107028054,0.730754046853695,20,32,1,1,1,1,3,0.992208895812902,2.05421149522486,1.90612048490062,2.05421149522486,0.0599001663893511,0.985,2.74,0,0,0.231281198003328,2.98,3,EASY,2,0.18399696255824,4,0.35,1.09596983596878,0.0147186495492165,0.193969946621774,-64.9934665546468,11.6440413138671,31.7662885798409,0.019970604842571,0.0309872798115091,75.3645302555814,10.9613107028054,485,R0485,1.65360701536876,Exp1,regime_structure,regime-pipeline-v1,3,485
0.469301043779993,119.443611864078,12.9485192570709,0.863234617138062,20,16,1,1,1,1,3,0.0675954846697413,0.134377372364088,0.128719294314997,0.134377372364088,0,0.823333333333333,0,0,0,0,0,0,EASY,2,0.11386006225913,4,0.35,2.01923862431672,0.013647076646005,0.062450761778025,-39.6303284418919,12.99098560519,35.9988925555942,0.0154390417729464,0.00602939204359184,119.443611864078,12.9485192570709,486,R0486,2.48765925651221,Exp1,regime_structure,regime-pipeline-v1,3,486
1.89491591412786,94.4872088305874,14.9177422448383,0.994516149655885,20,32,0,0,1,0.333333333333333,1,6.82527770544548,22.5631330006339,22.5631330006339,22.5631330006339,0.394342762063228,0.991666666666667,3,0,0.211314475873544,0.467554076539101,3,3,INFEASIBLE,0,0.215988382218861,4,0.35,1.22837918429865,0.0302337158774954,0.2064623192924,-45.0709391982932,8.43593173885757,31.2144933593024,0.0109955338904454,0.0744118596328019,94.4872088305874,14.9177422448383,487,R0487,-2.04895623299684,Exp1,regime_structure,regime-pipeline-v1,3,487
0.835523550642958,109.654421644942,10.6465108312117,0.709767388747445,20,32,0,0,0,0,0,16.7893879389223,48.6811459033986,48.6811459033986,48.6811459033986,0.678868552412646,0.996666666666667,3,0,0.46089850249584,0.728785357737105,3,3,INFEASIBLE,0,0.239223405703964,3,0.35,1.43420810197841,0.0281084744197196,0.141237733703699,-33.7651762488783,5.17737466532627,42.168047089935,0.0804809590582306,0.242018015156703,109.654421644942,10.6465108312117,488,R0488,-2.20612220742503,Exp1,regime_structure,regime-pipeline-v1,3,488
0.794421448968074,24.500309519725,10.8052615710514,0.720350771403428,20,32,1,1,1,1,3,3.00334682609058,7.17580467675138,7.17580467675138,7.17580467675138,0.292845257903494,0.983333333333333,3,0,0.0981697171381032,0.410981697171381,3,3,EASY,2,0.331163719885798,4,0.35,1.51846525682875,0.0195062940206508,0.130970521075074,-34.8118879100448,11.7603384464813,42.634551435754,0.147728890215975,0.0302956167884572,24.500309519725,10.8052615710514,489,R0489,2.03032169179557,Exp1,regime_structure,regime-pipeline-v1,3,489
0.595075473007557,97.9348110171358,13.5862648464757,0.905750989765044,20,8,1,1,1,1,3,0.73759437759528,2.93490781827302,2.93490781827302,2.93490781827302,0,0.89,3,0,0,0,0,2.885,EASY,2,0.2164015612413,5,0.35,1.71183481004728,0.0360663024157137,0.0995314559892559,-34.7389957958606,6.76029427568855,43.6990998004948,0.0898543140118806,0.0362514796734967,97.9348110171358,13.5862648464757,490,R0490,1.84882701708254,Exp1,regime_structure,regime-pipeline-v1,3,490
0.613361443392226,117.756802926126,13.4720981316595,0.898139875443965,20,32,0,0,0,0,0,10.4745665450142,30.9778003881296,30.9778003881296,30.9778003881296,0.632279534109817,0.995,3,0,0.472545757071547,0.708818635607321,3,3,INFEASIBLE,0,0.10639881110555,2,0.35,1.31833171583736,0.0378223635758616,0.0762191452728863,-46.276077717372,8.59338292711202,42.8025501335761,0.134511731665527,0.142677277905379,117.756802926126,13.4720981316595,491,R0491,-2.03113302684589,Exp1,regime_structure,regime-pipeline-v1,3,491
0.629109589047846,46.0080605429476,10.5557166599201,0.703714443994671,20,32,1,1,0,0.666666666666667,2,13.5609606362676,28.9919518208501,13.3316499719128,28.9919518208501,0.577371048252912,0.998333333333333,3,0,0.400998336106489,0.697171381031614,3,3,FRAGILE,1,0.170253450370186,6,0.35,1.95998840045098,0.0253564966085026,0.061001924518518,-47.7100691119273,7.50081151188922,27.7023053389659,0.0399151400576047,0.131997131409208,46.0080605429476,10.5557166599201,492,R0492,0,Exp1,regime_structure,regime-pipeline-v1,3,492
0.838086720347737,25.7926047959464,12.4324084223754,0.828827228158359,45,32,1,1,1,1,3,10.0925284150608,19.9055327648573,11.0566263488803,19.9055327648573,0.510815307820299,0.98,3,0,0.377703826955075,0.577371048252912,3,3,FRAGILE,1,0.381647843768499,6,0.35,1.92606764592891,0.0369489419345705,0.0821191897330777,-62.424956317349,6.22438940944227,48.4271871279026,0.120095255304922,0.0556074676345587,25.7926047959464,12.4324084223754,493,R0493,0,Exp1,regime_structure,regime-pipeline-v1,3,493
1.30418297714895,85.7220121388509,12.1632303871685,0.810882025811232,20,32,0,0,0,0,0,49.787773795294,90,90,90,0.818635607321131,0.998333333333333,3,0,0.75873544093178,0.848585690515807,3,3,INFEASIBLE,0,0.166262420075693,2,0.35,1.61414785583484,0.028309496005143,0.207704985884879,-34.3045990937354,13.3937566189772,38.6351713302597,0.119779475682682,0.21331326419327,85.7220121388509,12.1632303871685,494,R0494,-2.42164957430467,Exp1,regime_structure,regime-pipeline-v1,3,494
0.817424031392995,53.2154865776386,8.0381739930748,0.535878266204987,20,32,0,0,0,0,0,12.6273490748269,28.5739067372316,23.7846068523644,28.5739067372316,0.75873544093178,0.996666666666667,3,0,0.665557404326123,0.815307820299501,3,3,INFEASIBLE,0,0.118021580606658,3,0.35,2.0376044435724,0.0303133355333534,0.110087195777095,-43.4449619303864,12.5928641347215,44.3117615117518,0.14606099839908,0.111128755520757,53.2154865776386,8.0381739930748,495,R0495,-2.31368814698799,Exp1,regime_structure,regime-pipeline-v1,3,495
1.35867966948887,68.1506923859558,11.6810771447285,0.778738476315234,20,16,1,0,0,0.333333333333333,1,14.1307855969341,31.5480182542185,13.5844107794328,31.5480182542185,0.480865224625624,0.991666666666667,3,0,0.336106489184692,0.577371048252912,3,3,FRAGILE,1,0.311946183578434,2,0.35,1.84733481616922,0.025048891438052,0.184196620720144,-36.8690053678571,9.58791723427233,32.3380153722125,0.0930056743788523,0.0996600857498487,68.1506923859558,11.6810771447285,496,R0496,0,Exp1,regime_structure,regime-pipeline-v1,3,496
1.81254210945572,49.0163928395824,11.2917507289148,0.752783381927651,20,32,0,0,0,0,0,25.530965730012,63.5324464801251,63.5324464801251,63.5324464801251,0.718801996672213,0.995,3,0,0.645590682196339,0.740432612312812,3,3,INFEASIBLE,0,0.33091221044981,2,0.35,0.973085585576319,0.0126693182549727,0.172836823349168,-61.4749971680676,6.66182820464118,44.4789711639801,0.110163783560091,0.217694658038012,49.0163928395824,11.2917507289148,497,R0497,-2.0113587700736,Exp1,regime_structure,regime-pipeline-v1,3,497
1.43974059655404,41.2003658245921,10.7451341993704,0.716342279958026,20,32,0,1,0,0.333333333333333,1,8.49992489817711,24.2503258913145,24.2503258913145,24.2503258913145,0.585690515806988,0.998333333333333,3,0,0.329450915141431,0.628951747088186,3,3,INFEASIBLE,0,0.0984208241616342,4,0.35,1.0021071372313,0.0143256831141325,0.209463783746658,-32.0680442130314,12.5742813345892,28.1744658924309,0.0139544233465898,0.0562687226166472,41.2003658245921,10.7451341993704,498,R0498,-1.67657190063513,Exp1,regime_structure,regime-pipeline-v1,3,498
0.761598950086313,112.661095698308,14.6461548749991,0.976410324999942,20,16,1,1,1,1,3,0.123322306723221,0.37692185501394,0.0923218383878644,0.37692185501394,0,0.808333333333333,0,0,0,0,0,0,EASY,2,0.249073974273884,6,0.35,1.34480166666359,0.0236469927715239,0.0929066319688669,-39.5832245780985,8.12610315876431,30.1803628770331,0.12711234872546,0.0250428967891794,112.661095698308,14.6461548749991,499,R0499,2.197134161733,Exp1,regime_structure,regime-pipeline-v1,3,499
2.34619503333934,22.0964039157952,13.130368280784,0.875357885385599,20,32,1,1,0,0.666666666666667,2,4.5225970026693,9.92092865079695,8.79362761029393,9.92092865079695,0.111480865224626,0.995,3,0,0,0.392678868552413,3,3,FRAGILE,1,0.231948085062216,3,0.35,1.25333175594878,0.0106255635314651,0.237483709230945,-51.2576184154468,9.71595433739129,34.8431675446388,0.0121551756802169,0.0192480914886826,22.0964039157952,13.130368280784,500,R0500,0,Exp1,regime_structure,regime-pipeline-v1,3,500
0.483326374477159,105.599236604105,8.30614370279746,0.553742913519831,20,32,1,0,1,0.666666666666667,2,9.68544767876506,22.5747610532054,14.9885323653919,22.5747610532054,0.750415973377704,0.998333333333333,3,0,0.62063227953411,0.78369384359401,3,3,FRAGILE,1,0.321411405894036,5,0.35,1.43997708233697,0.0373637167965031,0.0691567346774529,-38.3717273127793,7.541604005851,39.0186307916632,0.0823304845801895,0.182423660732078,105.599236604105,8.30614370279746,501,R0501,0,Exp1,regime_structure,regime-pipeline-v1,3,501
2.1177437865539,94.1070656298055,9.6770347063205,0.645135647088033,20,32,0,0,0,0,0,27.8471751828382,56.8363338683957,0.753596435158058,56.8363338683957,0.720465890183028,0.996666666666667,2.985,0,0.645590682196339,0.801996672212978,3,3,INFEASIBLE,0,0.377082321714267,3,0.35,1.28280499743622,0.0386253268360979,0.236195733955139,-53.6347536190914,6.56502843412746,46.3181498333673,0.12331463894213,0.240834811517579,94.1070656298055,9.6770347063205,502,R0502,-2.6964237771354,Exp1,regime_structure,regime-pipeline-v1,3,502
1.03756215477239,116.113210049416,14.7609715174891,0.984064767832606,20,32,1,1,1,1,3,8.33687811503546,20.3845350169956,0.592240866126956,20.3845350169956,0.517470881863561,0.995,2.985,0,0.349417637271215,0.640599001663893,3,3,FRAGILE,1,0.271743203088015,4,0.35,1.34305522323668,0.0164509699527508,0.076074078987064,-63.3924229246159,12.4268826818629,27.9628363551755,0.118831269598376,0.0797047373434052,116.113210049416,14.7609715174891,503,R0503,0,Exp1,regime_structure,regime-pipeline-v1,3,503
1.31713822005931,43.7419614295609,11.0258283131701,0.735055220878005,20,32,0,0,0,0,0,36.6721410667269,90,90,90,0.735440931780366,0.998333333333333,3,0,0.683860232945091,0.850249584026622,3,3,INFEASIBLE,0,0.27105427197338,3,0.35,1.73400781055316,0.0389372526817998,0.235308068654599,-33.0606367424002,9.05014028529011,45.1538430409878,0.0798718525991482,0.210403138358509,43.7419614295609,11.0258283131701,504,R0504,-2.66729225277212,Exp1,regime_structure,regime-pipeline-v1,3,504
1.07651278370797,84.1229420609922,11.1997328915823,0.746648859438818,20,32,0,0,0,0,0,28.4684775958285,67.602873847579,62.5030252628728,67.602873847579,0.752079866888519,0.998333333333333,3,0,0.645590682196339,0.821963394342762,3,3,INFEASIBLE,0,0.209379987908489,1,0.35,1.74580520687128,0.0290035826544564,0.109498750000037,-49.6910207449972,12.6622152631689,33.0671779932267,0.0666631592395607,0.150982986603146,84.1229420609922,11.1997328915823,505,R0505,-1.9261996419519,Exp1,regime_structure,regime-pipeline-v1,3,505
3.24032320117308,115.742191268331,10.2221894849143,0.681479298994288,20,32,1,1,0,0.666666666666667,2,4.50249066758237,11.3174384883815,0.286687057533779,11.3174384883815,0.470881863560732,0.991666666666667,2.965,0,0.292845257903494,0.608985024958403,3,3,FRAGILE,1,0.151018591087539,2,0.35,1.75000397652058,0.0138010287467353,0.235887959653535,-66.633994558045,8.18250163405732,30.4570574229884,0.133343594925062,0.0902369345344773,115.742191268331,10.2221894849143,506,R0506,0,Exp1,regime_structure,regime-pipeline-v1,3,506
1.52770994915967,82.5091126459453,9.63101006486059,0.642067337657373,20,32,0,1,0,0.333333333333333,1,17.3426435868704,38.31002303674,31.5112415024431,38.31002303674,0.693843594009983,0.993333333333333,3,0,0.540765391014975,0.772046589018303,3,3,INFEASIBLE,0,0.418396475303143,4,0.35,1.02035704960751,0.0229491923695901,0.168512678114621,-50.8493666560078,6.06540426371156,40.7207530378341,0.0590559228967235,0.177038172210385,82.5091126459453,9.63101006486059,507,R0507,-2.00269466860918,Exp1,regime_structure,regime-pipeline-v1,3,507
1.33187013631513,22.4938348930425,11.282993959968,0.752199597331198,20,16,1,1,1,1,3,11.8159290969277,24.569277270305,2.19251302608731,24.569277270305,0.336106489184692,0.986666666666667,3,0,0.0748752079866889,0.397670549084859,3,3,FRAGILE,1,0.192455093695551,4,0.35,1.389957338991,0.0224810223850238,0.163371729361051,-45.9869121900193,12.3234310537407,41.1869760049497,0.0610094546479066,0.0519614585570671,22.4938348930425,11.282993959968,508,R0508,0,Exp1,regime_structure,regime-pipeline-v1,3,508
1.73719417596678,48.9181091469866,10.0501298439726,0.670008656264839,20,32,0,0,1,0.333333333333333,1,9.82992285923412,22.0575509967799,16.2926403060894,22.0575509967799,0.67720465890183,0.998333333333333,3,0,0.507487520798669,0.733777038269551,3,3,INFEASIBLE,0,0.194759438166206,5,0.35,1.05852241331478,0.0149664198466142,0.156866396307684,-64.3292809835567,12.0919074635413,43.6758998471121,0.0533461440595299,0.0787856375763043,48.9181091469866,10.0501298439726,509,R0509,-2.02633837103099,Exp1,regime_structure,regime-pipeline-v1,3,509
0.830193150193136,60.5081648983644,12.9547447213956,0.863649648093038,20,8,1,1,1,1,3,0.125015452720413,0.285429907027144,0.0443307591358887,0.285429907027144,0,0.66,0,0,0,0,0,0,EASY,2,0.432480215381762,5,0.35,1.99706698738446,0.0153050876890555,0.134682831260262,-37.714582872417,7.54731279796369,48.4558434851948,0.0862796263651632,0.000926438165015115,60.5081648983644,12.9547447213956,510,R0510,2.01486584006907,Exp1,regime_structure,regime-pipeline-v1,3,510
1.9843567548363,93.4118058836198,14.7702526027086,0.984683506847238,20,8,1,1,1,1,3,0.108215621809829,0.257935018403235,0.0954412491912767,0.257935018403235,0,0.781666666666667,0,0,0,0,0,2.97,EASY,2,0.189036404696429,5,0.35,1.06191961171277,0.0186306258050295,0.236639549314766,-38.9660843457657,5.02377007717166,27.9492424419425,0.0719317621353429,0.0378219781742195,93.4118058836198,14.7702526027086,511,R0511,2.22114413937306,Exp1,regime_structure,regime-pipeline-v1,3,511
1.26850213764607,21.1861875575772,12.691043680599,0.8460695787066,20,32,0,0,0,0,0,16.0055497882737,32.2590831329488,31.6355417392132,32.2590831329488,0.484193011647255,0.978333333333333,3,0,0.291181364392679,0.579034941763727,3,3,INFEASIBLE,0,0.408839899776929,3,0.35,1.89706474642114,0.0388498189184951,0.213568741915337,-35.2046500391743,6.02930375439912,45.4730821810277,0.117131003976493,0.0471079508592362,21.1861875575772,12.691043680599,512,R0512,-2.17415337620188,Exp1,regime_structure,regime-pipeline-v1,3,512
1.50881918231396,117.869491102679,14.6140529453873,0.974270196359156,20,32,0,0,0,0,0,10.3306839742074,31.2538733966218,31.2538733966218,31.2538733966218,0.56738768718802,0.996666666666667,3,0,0.386023294509151,0.663893510815308,3,3,INFEASIBLE,0,0.39548887819767,3,0.35,1.37600362719146,0.011685483755962,0.194725660540745,-36.3105268155854,10.5433141288546,28.4248665756694,0.0718314341653678,0.106272782740494,117.869491102679,14.6140529453873,513,R0513,-2.36046435973959,Exp1,regime_structure,regime-pipeline-v1,3,513
1.30923444271179,118.231630711137,9.8674086408389,0.657827242722594,20,32,0,0,0,0,0,17.0502963877263,45.0061035061593,43.1877402628228,45.0061035061593,0.747088186356073,0.996666666666667,3,0,0.647254575707155,0.81198003327787,3,3,INFEASIBLE,0,0.191532736399294,5,0.35,1.65242005315145,0.0345054104068871,0.166542790359864,-38.5630176151487,12.0339772208614,31.1472858282392,0.0244354507117921,0.14481872959873,118.231630711137,9.8674086408389,514,R0514,-1.20757324428548,Exp1,regime_structure,regime-pipeline-v1,3,514
0.908203118561756,38.6900937786167,13.0320854134178,0.868805694227851,20,32,0,0,0,0,0,34.7102930512,68.8513942092469,53.6237209007619,68.8513942092469,0.718801996672213,0.995,3,0,0.62063227953411,0.757071547420965,3,3,INFEASIBLE,0,0.0827874257341183,6,0.35,1.87046715785046,0.0204317316410254,0.0771530298126129,-62.6099625965699,13.4915290888417,36.6174619701996,0.148538614745489,0.125700569799597,38.6900937786167,13.0320854134178,515,R0515,-2.58313809313934,Exp1,regime_structure,regime-pipeline-v1,3,515
1.64237694653829,29.5337759622223,9.06532449788064,0.604354966525376,20,32,0,0,0,0,0,27.606718583438,49.7096945235596,24.5144372954913,49.7096945235596,0.715474209650582,0.998333333333333,3,0,0.672212978369384,0.80865224625624,3,3,INFEASIBLE,0,0.33150772686116,5,0.35,0.956126329161996,0.0198488089128761,0.145040513174221,-51.2136923983631,8.08167139920151,26.4768618298221,0.0370083074598622,0.173046816556853,29.5337759622223,9.06532449788064,516,R0516,-1.63269258793715,Exp1,regime_structure,regime-pipeline-v1,3,516
2.0293121759389,86.3010965024924,12.0693242254226,0.804621615028173,20,32,0,0,0,0,0,33.1372544269221,73.1399447069594,69.3601144999481,73.1399447069594,0.722129783693844,0.991666666666667,3,0,0.582362728785358,0.806988352745424,3,3,INFEASIBLE,0,0.0537350751981547,5,0.35,1.96931641156651,0.0214699299254096,0.201835449545848,-49.4641885854388,8.82887261961572,31.3285508136838,0.109047906556557,0.169806460792089,86.3010965024924,12.0693242254226,517,R0517,-2.26570817429157,Exp1,regime_structure,regime-pipeline-v1,3,517
0.673704474346308,63.2783300622533,14.7964370520677,0.986429136804514,20,32,0,0,0,0,0,12.2594224109448,36.7592104504668,36.7592104504668,36.7592104504668,0.502495840266223,0.99,3,0,0.291181364392679,0.545757071547421,3,3,INFEASIBLE,0,0.422462780995377,6,0.35,1.59535744615615,0.0156815238786029,0.0571451853898681,-63.4597147901667,6.71849532010373,37.5040369151397,0.0664617140893099,0.118626066901382,63.2783300622533,14.7964370520677,518,R0518,-2.11503666734939,Exp1,regime_structure,regime-pipeline-v1,3,518
0.737030738443378,52.8144366499658,10.3606486471031,0.690709909806872,20,32,0,0,0,0,0,11.9534289991973,29.2357504168603,28.7488649575597,29.2357504168603,0.547420965058236,0.998333333333333,3,0,0.40432612312812,0.625623960066556,3,3,INFEASIBLE,0,0.421832629963758,3,0.35,1.22776383486525,0.0103072158257423,0.104020291914071,-43.5223535522396,5.30090437967363,48.8372315569512,0.0393484373541293,0.209956409253526,52.8144366499658,10.3606486471031,519,R0519,-2.41731652284231,Exp1,regime_structure,regime-pipeline-v1,3,519
1.48692339591498,83.3572296497681,10.3169052203771,0.68779368135847,20,32,1,1,1,1,3,1.08362567370648,2.58191028896462,2.05037711346437,2.58191028896462,0.118136439267887,0.995,3,0,0,0.332778702163062,0,2.895,EASY,2,0.131439247698445,2,0.35,0.988452667286313,0.0196243654928149,0.125487384623962,-59.8504475387321,12.2625683776234,33.0231964169153,0.0674519508694876,0.0275059931926564,83.3572296497681,10.3169052203771,520,R0520,1.67451577343998,Exp1,regime_structure,regime-pipeline-v1,3,520
2.34970471475714,31.2293709223822,8.52179063299191,0.568119375532794,20,32,0,0,0,0,0,12.3281142390272,24.7188520697516,20.2803977978842,24.7188520697516,0.572379367720466,0.998333333333333,3,0,0.51414309484193,0.660565723793677,3,3,INFEASIBLE,0,0.420364477124068,2,0.35,1.54283164999421,0.0290880354275072,0.217726161544243,-59.659758135018,7.89617851910366,39.5566030758864,0.0349145377221652,0.100452235457362,31.2293709223822,8.52179063299191,521,R0521,-2.27913199901926,Exp1,regime_structure,regime-pipeline-v1,3,521
0.571293323295753,92.5209699046106,11.0400525907595,0.736003506050635,20,32,0,0,0,0,0,32.7498692845008,70.930421105315,52.0285953412409,70.930421105315,0.795341098169717,0.995,3,0,0.712146422628952,0.833610648918469,3,3,INFEASIBLE,0,0.0952801239493244,6,0.35,1.66881331884712,0.0323623265245726,0.0925981185488312,-38.0844943815451,9.48242253947635,49.3223514651664,0.0416277309081343,0.247423829240686,92.5209699046106,11.0400525907595,522,R0522,-2.57329865696052,Exp1,regime_structure,regime-pipeline-v1,3,522
1.56112219320768,29.8677915198296,10.3785076447034,0.691900509646891,20,32,1,1,1,1,3,2.45568344062755,6.93194175218024,6.67780737603607,6.93194175218024,0.189683860232945,0.988333333333333,3,0,0,0.462562396006656,2.975,3,EASY,2,0.30871677597389,4,0.35,1.88368346421521,0.0149184566009827,0.178851120980032,-51.6174896670803,13.1467170876768,45.2652218833798,0.0462382146806765,0.0253664107285273,29.8677915198296,10.3785076447034,523,R0523,1.88354881343523,Exp1,regime_structure,regime-pipeline-v1,3,523
3.17584964759177,50.6476696607046,10.4249133080381,0.694994220535872,20,8,1,1,1,1,3,0.0757686460027508,0.182478557754998,0.090782005295743,0.182478557754998,0,0.74,0,0,0,0,0,2.915,EASY,2,0.132374846421379,2,0.35,1.48170910186706,0.0321854390844438,0.22655252799982,-69.5756890395945,7.70846553102758,31.8855818973315,0.0644383058943759,0.0146662633863709,50.6476696607046,10.4249133080381,524,R0524,2.30404403192639,Exp1,regime_structure,regime-pipeline-v1,3,524
1.19613186440003,73.2348405019294,11.8416969982479,0.789446466549862,20,32,0,0,0,0,0,12.148206399077,35.9771446148866,35.9771446148866,35.9771446148866,0.555740432612313,0.996666666666667,3,0,0.414309484193012,0.657237936772047,3,3,INFEASIBLE,0,0.146182567568457,3,0.35,2.05757199438907,0.0267776744782986,0.146157729535938,-49.1624877493106,6.35696617969381,46.7104999278028,0.0931769636732797,0.146112647741454,73.2348405019294,11.8416969982479,525,R0525,-1.74636285428607,Exp1,regime_structure,regime-pipeline-v1,3,525
0.671280641187169,89.8072205438805,14.3774251061848,0.95849500707899,20,32,0,0,0,0,0,40.7012236058932,90,90,90,0.792013311148086,0.995,3,0,0.722129783693844,0.831946755407654,3,3,INFEASIBLE,0,0.078160914983778,6,0.35,1.16028305124112,0.0215757835244396,0.0711620030821429,-58.1959912073498,13.6896949695415,49.2646700926843,0.0495051473081451,0.215371182372141,89.8072205438805,14.3774251061848,526,R0526,-2.21444139150406,Exp1,regime_structure,regime-pipeline-v1,3,526
2.43449876967928,113.783053256575,8.93159128691986,0.59543941912799,20,32,0,0,0,0,0,14.0540041075124,43.6269423591717,43.6269423591717,43.6269423591717,0.732113144758735,0.996666666666667,3,0,0.59567387687188,0.782029950083195,3,3,INFEASIBLE,0,0.296476047452411,3,0.35,1.93532199257268,0.0223864752433982,0.230505749572579,-64.5437723151563,6.30958158308696,48.3408689175457,0.131516989588324,0.187866207038322,113.783053256575,8.93159128691986,527,R0527,-2.59752019160948,Exp1,regime_structure,regime-pipeline-v1,3,527
1.62259171068358,93.1827473095605,12.8686370576254,0.85790913717503,20,32,0,0,0,0,0,11.4602831867598,35.0926049147448,35.0926049147448,35.0926049147448,0.613976705490849,0.993333333333333,3,0,0.459234608985025,0.707154742096506,3,3,INFEASIBLE,0,0.057969378152599,6,0.35,1.02323088669499,0.0369360034963181,0.193160350740272,-39.1144484066928,10.3554684295812,28.0642371858466,0.0103918861063592,0.112440511195685,93.1827473095605,12.8686370576254,528,R0528,-2.23373774227054,Exp1,regime_structure,regime-pipeline-v1,3,528
1.03427063507328,103.495704817882,8.18285604325062,0.545523736216708,20,8,1,1,1,1,3,0.0951288361955469,0.209010730789938,0.121481766616921,0.209010730789938,0,0.696666666666667,0,0,0,0.151414309484193,0,3,EASY,2,0.255453328628084,2,0.35,1.56050120143006,0.0348962522927356,0.14258831115599,-42.0661764966715,11.325274297228,43.533832099423,0.100693695944934,0.0357835727712303,103.495704817882,8.18285604325062,529,R0529,2.32465804889945,Exp1,regime_structure,regime-pipeline-v1,3,529
3.20631438466176,59.422158031003,11.4251306979273,0.761675379861822,20,16,0,0,0,0,0,90,90,90,90,0.608985024958403,0.993333333333333,3,0,0.78369384359401,0.735440931780366,3,3,INFEASIBLE,0,0.426032436376951,4,0.35,1.34863492791286,0.0193612677526306,0.220387511071654,-67.7689585305469,10.9905418169519,28.0856664441356,0.12909014206637,0.160116704140559,59.422158031003,11.4251306979273,530,R0530,-2.55907049519512,Exp1,regime_structure,regime-pipeline-v1,3,530
2.40824174778731,114.170843260533,13.2077075815247,0.880513838768311,20,32,0,1,0,0.333333333333333,1,16.5195846194826,36.285522950168,26.8883096653837,36.285522950168,0.54242928452579,0.995,3,0,0.356073211314476,0.688851913477537,2.985,3,INFEASIBLE,0,0.163287710678225,6,0.35,1.46944903384721,0.0166946927601139,0.233343530062206,-62.3460212627109,6.5288369305736,47.2356840987893,0.145391529016726,0.148778102587048,114.170843260533,13.2077075815247,531,R0531,-2.41206577593062,Exp1,regime_structure,regime-pipeline-v1,3,531
2.26776126842967,49.1766025274577,10.166958435177,0.677797229011799,20,32,0,0,0,0,0,60.6645705675703,90,90,90,0.790349417637271,0.998333333333333,3,0,0.718801996672213,0.813643926788686,3,3,INFEASIBLE,0,0.254850878322989,2,0.35,1.89379320956599,0.0273533118324118,0.212709741936148,-61.6051334891584,10.4086659623295,43.2190540567999,0.0540714507126728,0.174655891755221,49.1766025274577,10.166958435177,532,R0532,-2.26716904382679,Exp1,regime_structure,regime-pipeline-v1,3,532
1.09275879934551,22.4210615912296,8.91950801983547,0.594633867989031,20,32,0,0,0,0,0,13.1130296216631,42.1704368421412,42.1704368421412,42.1704368421412,0.62396006655574,0.996666666666667,3,0,0.509151414309484,0.695507487520799,3,3,INFEASIBLE,0,0.415656604714403,5,0.35,1.04808616811996,0.0175087002549074,0.190402154222153,-35.3104116817454,12.0509544437633,48.9961561340919,0.0221269112127792,0.0679018159483138,22.4210615912296,8.91950801983547,533,R0533,-2.27836566368821,Exp1,regime_structure,regime-pipeline-v1,3,533
2.4688319525717,70.1641563858742,9.15261915167785,0.610174610111857,20,32,1,0,1,0.666666666666667,2,7.03063315971296,16.6753315198544,7.40272862459867,16.6753315198544,0.590682196339434,0.993333333333333,3,0,0.409317803660566,0.660565723793677,3,2.96,FRAGILE,1,0.0693070357780654,3,0.35,0.98790031751624,0.0372224500117827,0.177050416089892,-69.283930583042,8.00877841379839,31.9548834027743,0.143680750573981,0.0852818580985758,70.1641563858742,9.15261915167785,534,R0534,0,Exp1,regime_structure,regime-pipeline-v1,3,534
1.71167557271153,45.833936802619,12.5322116983999,0.835480779893324,45,32,0,0,0,0,0,28.3646541337056,90,90,90,0.737104825291181,0.996666666666667,3,0,0.587354409317804,0.778702163061564,3,3,INFEASIBLE,0,0.406008880291344,4,0.35,1.36457160896618,0.0291837547400671,0.16104688184561,-55.1078015120107,13.2734332376405,34.7975977347996,0.104029876565513,0.122726834569736,45.833936802619,12.5322116983999,535,R0535,-1.77487036060172,Exp1,regime_structure,regime-pipeline-v1,3,535
1.37400012134783,59.8078235880841,12.0811098475148,0.805407323167654,20,16,1,1,1,1,3,0.0611440800151974,0.139231339013857,0.00793801327057952,0.139231339013857,0,0.643333333333333,0,0,0,0,0,0,EASY,2,0.161446778778853,2,0.35,2.01024693698951,0.0361691285438709,0.0942411609363568,-69.8024088026165,11.1055455628398,29.6694769169957,0.131204573260381,0.000155503021521005,59.8078235880841,12.0811098475148,536,R0536,2.36578751500213,Exp1,regime_structure,regime-pipeline-v1,3,536
1.90375768814977,60.8676165513668,9.47258969999015,0.631505979999343,20,8,0,0,0,0,0,90,90,90,90,0.767054908485857,0.995,3,0,0.6738768718802,0.790349417637271,3,3,INFEASIBLE,0,0.263952190047912,1,0.35,1.55503217456046,0.0300551573710653,0.223549027300757,-46.6921039112254,12.0046563063621,38.9108279984214,0.118082065135801,0.241811444865987,60.8676165513668,9.47258969999015,537,R0537,-2.2062015730635,Exp1,regime_structure,regime-pipeline-v1,3,537
1.33632702714425,104.121633274631,9.96848237268357,0.664565491512238,20,32,0,0,0,0,0,33.3512396209234,90,90,90,0.84026622296173,0.995,3,0,0.777038269550749,0.870216306156406,3,3,INFEASIBLE,0,0.0886992553727955,4,0.35,1.05238851808002,0.0163163541632024,0.187215291657746,-34.9398065238714,12.3125557638455,31.0141213715968,0.0515684534920803,0.230244553714915,104.121633274631,9.96848237268357,538,R0538,-2.32600008615915,Exp1,regime_structure,regime-pipeline-v1,3,538
0.95070206585525,33.5887586718566,13.3586259351585,0.890575062343899,20,8,0,0,0,0,0,90,90,90,90,0.584026622296173,0.995,3,0,0.545757071547421,0.742096505823627,3,3,INFEASIBLE,0,0.406244417704223,1,0.35,1.70716664009035,0.0169597881688125,0.072784647049809,-65.5642691905055,10.6290965479165,32.6126802141993,0.0865971981413236,0.243271422622858,33.5887586718566,13.3586259351585,539,R0539,-2.81344284506912,Exp1,regime_structure,regime-pipeline-v1,3,539
0.783745546858803,64.6999677899564,8.51820598900106,0.567880399266738,20,32,0,0,0,0,0,12.1685950389884,27.2783747453485,22.2723880865468,27.2783747453485,0.750415973377704,0.995,3,0,0.630615640599002,0.810316139767055,3,3,INFEASIBLE,0,0.0572288842091157,3,0.35,1.05488239492854,0.0267118792927729,0.151938439758088,-31.6526051440175,10.9322480423154,48.7377447954805,0.116982676546801,0.120832107815673,64.6999677899564,8.51820598900106,540,R0540,-2.1488781515796,Exp1,regime_structure,regime-pipeline-v1,3,540
0.662427296994755,57.4150904625941,14.5833620406112,0.97222413604075,20,32,0,0,0,0,0,30.8493978001387,63.4303791589586,56.1175038075298,63.4303791589586,0.67720465890183,0.998333333333333,3,0,0.537437603993344,0.723793677204659,3,3,INFEASIBLE,0,0.169224762859039,4,0.35,2.08030257722735,0.0220607791589329,0.0663169557775584,-53.5684343898319,8.83705715758377,37.2264812962579,0.0489631097444007,0.191894017769402,57.4150904625941,14.5833620406112,541,R0541,-2.16899814484193,Exp1,regime_structure,regime-pipeline-v1,3,541
2.48150160207559,46.2900606517828,11.1498040804628,0.743320272030855,80,32,0,0,0,0,0,33.0561055288491,90,90,90,0.790349417637271,0.996666666666667,3,0,0.748752079866889,0.798668885191348,3,3,INFEASIBLE,0,0.170600441522687,2,0.35,1.68444896960945,0.0384592955798637,0.222260582205478,-64.0477495266225,7.72134544850027,42.5956138441537,0.130178308817855,0.155397600672479,46.2900606517828,11.1498040804628,542,R0542,-2.23969286497931,Exp1,regime_structure,regime-pipeline-v1,3,542
1.46780140421479,49.1223634227441,9.44832133380462,0.629888088920308,20,32,0,0,0,0,0,32.1885204138783,90,90,90,0.826955074875208,0.998333333333333,3,0,0.768718801996672,0.861896838602329,3,3,INFEASIBLE,0,0.393121765076395,5,0.35,2.02622466558675,0.0175979742142061,0.158060429900558,-53.9732960573031,12.8102837173741,43.725114764046,0.00396399077765893,0.148100107000824,49.1223634227441,9.44832133380462,543,R0543,-2.00992922764078,Exp1,regime_structure,regime-pipeline-v1,3,543
2.16516365197507,40.3306317990968,12.3899984374317,0.825999895828779,20,8,0,0,0,0,0,90,90,90,90,0.610648918469218,0.998333333333333,3,0,0.582362728785358,0.695507487520799,3,3,INFEASIBLE,0,0.305954574482988,4,0.35,1.83482791117056,0.0334765154309355,0.213057893200257,-52.789555899132,11.7697578000744,34.9277954547869,0.0299346997261148,0.224958633467086,40.3306317990968,12.3899984374317,544,R0544,-2.47388775089047,Exp1,regime_structure,regime-pipeline-v1,3,544
0.881424115795621,31.7946385509049,8.66245333640606,0.577496889093737,20,32,1,1,1,1,3,5.78690186831361,13.5227410979332,8.77294064451259,13.5227410979332,0.597337770382696,0.993333333333333,3,0,0.415973377703827,0.70216306156406,3,3,EASY,2,0.214700244586124,5,0.35,1.68732450395829,0.0264771381726534,0.135781797209045,-33.4830917733561,13.8526045179625,34.4370317967356,0.0278929919169784,0.0481187505711882,31.7946385509049,8.66245333640606,545,R0545,1.8593046424562,Exp1,regime_structure,regime-pipeline-v1,3,545
2.12977585488972,59.5227140428012,8.36994676706597,0.557996451137731,20,32,0,1,0,0.333333333333333,1,15.3043711938281,34.60561848768,32.8875018646271,34.60561848768,0.628951747088186,0.998333333333333,3,0,0.490848585690516,0.720465890183028,3,3,INFEASIBLE,0,0.388057693926573,4,0.35,0.99254471838995,0.0210389447201661,0.234305669364214,-51.0835678262761,5.32357276600242,40.8810081360268,0.0139905266837444,0.144731317383816,59.5227140428012,8.36994676706597,546,R0546,-2.37359955495736,Exp1,regime_structure,regime-pipeline-v1,3,546
2.44523538716713,80.9870443754701,10.643688954968,0.709579263664532,20,32,0,0,0,0,0,34.6309500964456,72.6826483050655,62.644340053624,72.6826483050655,0.767054908485857,0.998333333333333,3,0,0.635607321131448,0.843594009983361,3,3,INFEASIBLE,0,0.37389921080007,2,0.35,1.07246359259131,0.029874267676188,0.202685823430194,-61.546315721536,9.93003304284776,33.6876627480879,0.00384841313339061,0.140725125855505,80.9870443754701,10.643688954968,547,R0547,-2.26218415464554,Exp1,regime_structure,regime-pipeline-v1,3,547
0.994763659712702,89.586178133813,14.1909825840431,0.946065505602874,20,32,1,1,0,0.666666666666667,2,8.98393949365509,20.5759345745553,0.188731046819648,20.5759345745553,0.582362728785358,0.993333333333333,2.985,0,0.392678868552413,0.713810316139767,3,3,FRAGILE,1,0.412979884085125,1,0.35,1.04717058365231,0.0215218707959222,0.0758068196377357,-68.9067416407631,12.0396889027101,35.6912300987617,0.148108541451055,0.0914591882467776,89.586178133813,14.1909825840431,548,R0548,0,Exp1,regime_structure,regime-pipeline-v1,3,548
1.79259354426696,74.7512411117698,10.0324517453715,0.668830116358098,20,32,0,0,0,0,0,15.152397334363,34.2375563118699,13.2462568480349,34.2375563118699,0.735440931780366,0.993333333333333,3,0,0.602329450915141,0.775374376039933,3,3,INFEASIBLE,0,0.375443162553288,5,0.35,1.55404582234907,0.0215100902658654,0.197583585936972,-46.9685963042086,11.2937629582824,34.6908219175047,0.135673502541089,0.119318610305403,74.7512411117698,10.0324517453715,549,R0549,-1.41895850837705,Exp1,regime_structure,regime-pipeline-v1,3,549
0.723247354015757,94.437624483614,10.3881072762036,0.69254048508024,20,32,1,1,1,1,3,0.822382066491421,1.74383354249263,1.46817181214563,1.74383354249263,0,0.986666666666667,0,0,0,0.276206322795341,2.945,3,EASY,2,0.443510019359801,2,0.35,0.923683890004648,0.0385948122779098,0.0900603900262208,-43.6669964880555,7.59681024483507,38.2703064154038,0.0125561901908663,0.0406811082332306,94.437624483614,10.3881072762036,550,R0550,1.56794320302325,Exp1,regime_structure,regime-pipeline-v1,3,550
1.27631802674296,30.6970489053255,14.5808248502655,0.972054990017697,20,32,0,0,0,0,0,60.4429576283158,90,90,90,0.690515806988353,0.996666666666667,3,0,0.557404326123128,0.800332778702163,3,3,INFEASIBLE,0,0.253516374037933,6,0.35,0.950550394620928,0.0212303961231534,0.150256590164118,-39.0015681369275,7.35228892515308,27.288191029147,0.111563618215228,0.185710185848237,30.6970489053255,14.5808248502655,551,R0551,-2.29523781955558,Exp1,regime_structure,regime-pipeline-v1,3,551
1.4248464087938,39.1193154110655,12.5176051091438,0.834507007276254,20,32,0,0,0,0,0,83.7691442290783,90,90,90,0.861896838602329,0.998333333333333,3,0,0.70216306156406,0.906821963394343,3,3,INFEASIBLE,0,0.242902405054054,2,0.35,1.54760960722529,0.0299860587081703,0.145705798261972,-55.6607956756738,11.4064927713779,41.9351057547843,0.0313321520801034,0.213540752925931,39.1193154110655,12.5176051091438,552,R0552,-2.54087898753638,Exp1,regime_structure,regime-pipeline-v1,3,552
0.822747839871374,105.983166480514,9.08309342717579,0.605539561811719,20,32,1,1,1,1,3,1.99681159642214,5.63799001009748,5.63799001009748,5.63799001009748,0.400998336106489,0.993333333333333,3,0,0.21630615640599,0.550748752079867,2.96,3,EASY,2,0.346240311912459,4,0.35,2.05587557776887,0.0308366822588759,0.0833146494402911,-47.5968743380894,5.54823285000691,30.0695871772141,0.11645187756879,0.112686222155435,105.983166480514,9.08309342717579,553,R0553,2.20938946305977,Exp1,regime_structure,regime-pipeline-v1,3,553
1.6357990022368,39.7286431671678,8.64852631172915,0.576568420781944,20,8,1,1,1,1,3,0.743499656344589,2.71000368163487,2.63433926749547,2.71000368163487,0,0.945,3,0,0,0.0698835274542429,0,3,EASY,2,0.226538578194391,2,0.35,0.908896623135029,0.0382455690964363,0.160444749887733,-61.4111906159376,7.57538850763468,46.9621028250496,0.0105475420308218,0.0353294828106311,39.7286431671678,8.64852631172915,554,R0554,2.18047271851256,Exp1,regime_structure,regime-pipeline-v1,3,554
0.741686119801785,49.9954104414266,12.3608319401788,0.824055462678584,20,16,1,0,0,0.333333333333333,1,14.6414486705999,31.8172107084494,8.64323670948556,31.8172107084494,0.384359400998336,0.993333333333333,3,0,0.257903494176373,0.540765391014975,3,3,FRAGILE,1,0.133307268602069,6,0.35,1.65912083513566,0.0374450679126712,0.13015937873947,-30.4405923581857,9.91103339563671,36.9384090838512,0.0592843262119068,0.0992202210814177,49.9954104414266,12.3608319401788,555,R0555,0,Exp1,regime_structure,regime-pipeline-v1,3,555
0.363071657170546,101.33525085934,8.49152676657839,0.566101784438559,20,32,1,1,0,0.666666666666667,2,7.42744562663095,18.1432348066913,1.46894773547832,18.1432348066913,0.683860232945091,0.993333333333333,2.965,0,0.550748752079867,0.760399334442596,2.955,3,FRAGILE,1,0.0581150366948869,6,0.35,1.33874950657157,0.0259900437909662,0.0448870740554155,-49.1016935173571,8.53577474340769,47.6993211857737,0.114911203608058,0.136520419992352,101.33525085934,8.49152676657839,556,R0556,0,Exp1,regime_structure,regime-pipeline-v1,3,556
1.93606436417439,20.3784874136032,14.933789413863,0.995585960924202,20,32,1,1,0,0.666666666666667,2,8.1384215435847,15.9995110047917,9.9413696287315,15.9995110047917,0.242928452579035,0.996666666666667,3,0,0,0.386023294509151,3,3,FRAGILE,1,0.184663026614095,2,0.35,1.73983175281777,0.0266867525477265,0.179726946028997,-54.1320326696892,9.75432486577119,32.6856280641494,0.106748713456386,0.0518388865683027,20.3784874136032,14.933789413863,557,R0557,0,Exp1,regime_structure,regime-pipeline-v1,3,557
2.08022193893122,99.2313602154098,12.987376933838,0.865825128922532,20,8,1,1,1,1,3,0.0798839461315216,0.166790264680434,0.0705455958029046,0.166790264680434,0,0.701666666666667,0,0,0,0,0,0,EASY,2,0.347698394020207,3,0.35,1.72424699985849,0.034184735114062,0.175580556168145,-68.8704076227038,9.99058496379522,43.7381248613178,0.0958494126455733,0.0143873167736235,99.2313602154098,12.987376933838,558,R0558,2.05468701838716,Exp1,regime_structure,regime-pipeline-v1,3,558
0.478768255270926,88.4088495893846,13.0617946212117,0.870786308080778,20,32,1,1,1,1,3,6.93900833174748,16.0631886096533,12.9983411645994,16.0631886096533,0.487520798668885,0.996666666666667,3,0,0.246256239600666,0.574043261231281,3,3,EASY,2,0.220743423917082,5,0.35,1.96397227884334,0.0270895191858755,0.0915369699147524,-30.0370389456128,7.21836195269001,42.6891947891963,0.0755348620160997,0.109281166669018,88.4088495893846,13.0617946212117,559,R0559,1.77746676888702,Exp1,regime_structure,regime-pipeline-v1,3,559
1.04450432973704,97.6861229560578,8.86089895691263,0.590726597127509,20,32,1,1,0,0.666666666666667,2,9.40001251910168,21.6325036830233,5.76425539505488,21.6325036830233,0.707154742096506,0.995,3,0,0.552412645590682,0.763727121464226,3,3,FRAGILE,1,0.340678356540866,5,0.35,1.4544491436872,0.0218714334907304,0.120329550556584,-48.0838238770761,6.77851493008232,39.7176415980093,0.136914544497991,0.170516037503154,97.6861229560578,8.86089895691263,560,R0560,0,Exp1,regime_structure,regime-pipeline-v1,3,560
0.430752240648889,27.1729603103579,12.4742668097708,0.831617787318053,20,32,0,0,0,0,0,21.0019957929978,52.8406913332674,52.8406913332674,52.8406913332674,0.685524126455907,1,3,0,0.608985024958403,0.810316139767055,3,3,INFEASIBLE,0,0.252428933141533,2,0.35,1.74015705243245,0.0372530204162981,0.0582530543570164,-43.0587692628598,9.25075798431784,43.8901327388707,0.00466354446756975,0.159183959653959,27.1729603103579,12.4742668097708,561,R0561,-2.06685348854707,Exp1,regime_structure,regime-pipeline-v1,3,561
0.770774143357326,70.7149077211582,13.4261919539599,0.895079463597325,20,32,0,0,0,0,0,34.1154543382849,68.8848495444814,51.5170556258159,68.8848495444814,0.792013311148086,1,3,0,0.675540765391015,0.835274542429285,3,3,INFEASIBLE,0,0.260828687533016,2,0.35,1.37807992821146,0.0357989437057526,0.104553881210458,-41.0589611094414,12.7199018254368,40.1516423198358,0.00694999218382452,0.193436959047775,70.7149077211582,13.4261919539599,562,R0562,-2.20678061672982,Exp1,regime_structure,regime-pipeline-v1,3,562
1.32588757832322,111.49485075431,10.8958667466872,0.726391116445815,20,32,1,0,1,0.666666666666667,2,13.1931153807707,29.9865238729859,12.8593114525564,29.9865238729859,0.705490848585691,0.995,3,0,0.540765391014975,0.750415973377704,3,3,FRAGILE,1,0.398031075323617,4,0.35,1.99252724652189,0.0127365747286891,0.211010093271053,-34.8740479554429,7.11520605886677,39.8711840458125,0.0303979899767897,0.183889615114156,111.49485075431,10.8958667466872,563,R0563,0,Exp1,regime_structure,regime-pipeline-v1,3,563
1.45065694759563,66.977301768893,12.058648458064,0.803909897204268,20,32,0,1,1,0.666666666666667,2,6.86362586836707,16.5519049329374,15.6344157057024,16.5519049329374,0.509151414309484,0.99,3,0,0.251247920133111,0.627287853577371,3,3,INFEASIBLE,0,0.15684289040184,1,0.35,1.64586468449082,0.0243644846187782,0.139752035350672,-64.3488509616296,8.5088986024811,49.7427496849074,0.0117328085493,0.0836710780912865,66.977301768893,12.058648458064,564,R0564,-1.98580060914973,Exp1,regime_structure,regime-pipeline-v1,3,564
1.65954369960357,37.557530602129,14.9723770576354,0.998158470509028,20,32,1,1,1,1,3,5.82432681701834,11.7344694588575,4.08157750639411,11.7344694588575,0.231281198003328,0.995,3,0,0,0.439267886855241,3,3,EASY,2,0.359134564303542,3,0.35,1.80320681592884,0.0348525689459034,0.185769662784982,-49.0067307068767,9.07359560061941,38.9533684954486,0.0131207166374983,0.0381795211100344,37.557530602129,14.9723770576354,565,R0565,2.26679453652909,Exp1,regime_structure,regime-pipeline-v1,3,565
0.653840364873411,109.114262552833,11.3676973467595,0.757846489783964,20,32,1,1,1,1,3,10.234290243358,24.632803512532,8.31740925493955,24.632803512532,0.642262895174709,0.995,3,0,0.494176372712146,0.698835274542429,3,3,FRAGILE,1,0.278055449921985,3,0.35,1.98868706185258,0.0339398263173646,0.0488996397499261,-60.9044271586054,10.6692791333234,26.8551106008121,0.135058633929974,0.11157494087303,109.114262552833,11.3676973467595,566,R0566,0,Exp1,regime_structure,regime-pipeline-v1,3,566
1.04276167463771,58.3098700578482,14.9468587348209,0.996457248988062,20,32,0,0,0,0,0,29.8230753361207,86.2139646167692,86.2139646167692,86.2139646167692,0.685524126455907,0.996666666666667,3,0,0.570715474209651,0.723793677204659,3,3,INFEASIBLE,0,0.263133694322441,4,0.35,1.46844552097226,0.024624050175274,0.169611656024381,-30.470140721219,7.57324414700286,31.7944666541618,0.0902736062340651,0.196661452565219,58.3098700578482,14.9468587348209,567,R0567,-2.18209240517653,Exp1,regime_structure,regime-pipeline-v1,3,567
2.40627127637606,88.1424864782933,11.0223092272503,0.734820615150023,20,32,1,1,1,1,3,3.16736605087557,10.1695909625851,10.1695909625851,10.1695909625851,0.341098169717138,0.983333333333333,3,0,0.0615640599001664,0.434276206322795,3,3,EASY,2,0.120552563692695,3,0.35,1.16531193867895,0.0327926111431763,0.225721775349068,-53.423641020254,8.07965353136919,32.5076866671393,0.123110573933408,0.0675538984433303,88.1424864782933,11.0223092272503,568,R0568,1.77040295177296,Exp1,regime_structure,regime-pipeline-v1,3,568
2.29473906539805,35.4313389044742,10.2774582986815,0.685163886578764,45,16,0,0,0,0,0,90,90,90,90,0.667221297836938,0.996666666666667,3,0,0.692179700499168,0.806988352745424,3,3,INFEASIBLE,0,0.332471321835509,4,0.35,1.17115989632546,0.0363026831952699,0.184632607720865,-62.6151392048864,7.77693887038129,32.8526379084244,0.132214596434916,0.203363411725543,35.4313389044742,10.2774582986815,569,R0569,-2.21301014079922,Exp1,regime_structure,regime-pipeline-v1,3,569
3.41435248564124,110.18791827339,10.3673026216128,0.691153508107518,20,8,0,0,0,0,0,90,90,90,90,0.610648918469218,0.993333333333333,3,0,0.605657237936772,0.708818635607321,3,3,INFEASIBLE,0,0.248415883611188,6,0.35,1.07875092258971,0.0129564172257915,0.229023799075454,-68.5724730125253,6.75353912558904,27.3845432939611,0.0886537705493014,0.247946028713094,110.18791827339,10.3673026216128,570,R0570,-2.43134586344685,Exp1,regime_structure,regime-pipeline-v1,3,570
0.668656571241377,91.8261446735548,8.80634604960544,0.587089736640362,20,32,0,0,0,0,0,7.59029757435161,23.7029268371149,23.7029268371149,23.7029268371149,0.670549084858569,1,3,0,0.509151414309484,0.738768718801997,3,3,INFEASIBLE,0,0.109219579435404,4,0.35,1.87581394699589,0.0134890649840305,0.0648749905700664,-55.2108217873632,8.38019507527863,37.1413907237668,0.00797107568385695,0.12973422510213,91.8261446735548,8.80634604960544,571,R0571,-1.40067035063859,Exp1,regime_structure,regime-pipeline-v1,3,571
2.27445590844923,105.340633546344,8.47071680001109,0.564714453334073,20,8,1,1,1,1,3,1.10409048468425,3.72041916676087,0.115057265626248,3.72041916676087,0,0.88,2.93,0,0,0.0748752079866889,0,3,EASY,2,0.101436307135903,2,0.35,0.933398718983776,0.0161915277865821,0.223966652138262,-60.3509653279753,8.19174866334608,45.7131839607419,0.0148417555656893,0.0577073202426333,105.340633546344,8.47071680001109,572,R0572,1.76829096463616,Exp1,regime_structure,regime-pipeline-v1,3,572
2.12564246760032,31.6606673913839,12.0641152703772,0.80427435135848,45,8,0,0,0,0,0,90,90,90,90,0.59567387687188,0.993333333333333,3,0,0.559068219633943,0.78369384359401,3,3,INFEASIBLE,0,0.209051318858698,2,0.35,1.14654611882711,0.0307618303296995,0.16001627951076,-64.7022428075192,9.65087572923651,30.7077451826885,0.118441986473322,0.195686883477361,31.6606673913839,12.0641152703772,573,R0573,-2.38144805877886,Exp1,regime_structure,regime-pipeline-v1,3,573
1.56111866527575,64.492076492119,10.179104162044,0.678606944136269,20,32,1,1,1,1,3,12.0410867132014,25.9519873369935,14.701297057262,25.9519873369935,0.584026622296173,0.995,3,0,0.459234608985025,0.697171381031614,3,3,FRAGILE,1,0.327509194869689,1,0.35,1.0185738520863,0.0281844039742935,0.172427911666641,-54.8908251059917,6.45883293852062,47.5777805896814,0.0803502825523239,0.131540324279133,64.492076492119,10.179104162044,574,R0574,0,Exp1,regime_structure,regime-pipeline-v1,3,574
0.895665752636094,104.174617193367,11.1913251369854,0.746088342465696,20,32,1,1,0,0.666666666666667,2,4.82983191210522,12.2652590709045,5.09646796390737,12.2652590709045,0.472545757071547,0.991666666666667,3,0,0.264559068219634,0.617304492512479,3,3,FRAGILE,1,0.290415628704281,3,0.35,0.924739571946819,0.0159630479309502,0.0842721508688161,-50.1508219444874,9.00263993675452,28.8199808301983,0.048954861884103,0.0895284529024294,104.174617193367,11.1913251369854,575,R0575,0,Exp1,regime_structure,regime-pipeline-v1,3,575
0.876990421868536,26.7390596013831,11.6874120193399,0.779160801289329,20,32,0,0,0,0,0,10.8171621878942,32.6369582967651,32.6369582967651,32.6369582967651,0.529118136439268,0.995,3,0,0.352745424292845,0.597337770382696,3,3,INFEASIBLE,0,0.10093677269949,3,0.35,0.99094942875113,0.0174961102553424,0.0805795368167745,-53.1785856785273,9.9734988347011,30.9025811519675,0.10488820342453,0.0802883041016373,26.7390596013831,11.6874120193399,576,R0576,-1.90563826886049,Exp1,regime_structure,regime-pipeline-v1,3,576
2.8485022345522,30.4504768385198,14.164397616683,0.94429317444553,20,32,1,0,0,0.333333333333333,1,7.7293158274074,14.9268772845131,5.37517233573826,14.9268772845131,0.277870216306156,0.988333333333333,3,0,0.201331114808652,0.599001663893511,3,3,FRAGILE,1,0.274142173252953,5,0.35,0.968080504354002,0.0203775341715736,0.218565057861664,-67.0956796757735,7.39040238389703,34.3066890222061,0.0442381628734064,0.0263676514706881,30.4504768385198,14.164397616683,577,R0577,0,Exp1,regime_structure,regime-pipeline-v1,3,577
1.51232501558808,20.7850373179122,11.3266574158532,0.755110494390213,20,32,0,0,0,0,0,71.1925678237107,90,90,90,0.903494176372712,0.998333333333333,3,0,0.828618968386023,0.933444259567388,3,3,INFEASIBLE,0,0.107939965519271,6,0.35,1.36301283029585,0.0192478468524726,0.139717799420875,-51.34685411031,11.6614277448642,29.1274348871835,0.0298858277210354,0.214990998479965,20.7850373179122,11.3266574158532,578,R0578,-2.29661079139748,Exp1,regime_structure,regime-pipeline-v1,3,578
2.11059255362367,86.0842298702357,8.44964952855978,0.563309968570652,20,32,1,0,0,0.333333333333333,1,6.65677927209005,17.0909399108558,13.1123643081505,17.0909399108558,0.622296173044925,0.993333333333333,3,0,0.472545757071547,0.710482529118136,3,3,FRAGILE,1,0.213442635003882,3,0.35,1.34978326604975,0.0344177615823732,0.210414971689573,-55.9446898787546,10.3343257120723,40.2646169094024,0.0551683864373266,0.0939711517296905,86.0842298702357,8.44964952855978,579,R0579,0,Exp1,regime_structure,regime-pipeline-v1,3,579
1.31938443623712,106.701739339352,8.01023914253016,0.534015942835344,20,32,0,0,0,0,0,38.4446862156744,88.9099138070696,78.6210749584875,88.9099138070696,0.853577371048253,0.995,3,0,0.778702163061564,0.876871880199667,3,3,INFEASIBLE,0,0.448614698636543,2,0.35,1.36133499112749,0.0365189534336996,0.15672643724566,-41.346886449863,9.77728699185919,31.224018008315,0.122391606332397,0.248102723480841,106.701739339352,8.01023914253016,580,R0580,-2.31975932599594,Exp1,regime_structure,regime-pipeline-v1,3,580
1.67124301655912,104.001078799247,12.1425162158573,0.809501081057153,20,8,1,1,1,1,3,0.119864848695468,0.273907246610026,0.0129063589891615,0.273907246610026,0,0.791666666666667,0,0,0,0,0,3,EASY,2,0.106679809324982,2,0.35,1.8427129297854,0.0206605408389938,0.162759344587653,-47.8496030239355,10.346279428138,28.1080481503974,0.100535142673593,0.0200197493760312,104.001078799247,12.1425162158573,581,R0581,1.30168703138917,Exp1,regime_structure,regime-pipeline-v1,3,581
1.44120992636928,38.5900798998758,10.7044243485127,0.71362828990085,20,32,0,0,0,0,0,15.965328809825,47.2858216879653,47.2858216879653,47.2858216879653,0.668885191347754,0.996666666666667,3,0,0.515806988352745,0.715474209650582,3,3,INFEASIBLE,0,0.37460507432686,2,0.35,1.59653119742023,0.0184460192960339,0.225351828396776,-31.0609508585395,13.5567633292996,30.5322305365877,0.134605823461381,0.0932956017060677,38.5900798998758,10.7044243485127,582,R0582,-2.02490123129263,Exp1,regime_structure,regime-pipeline-v1,3,582
2.27059810168251,43.6501142625535,9.48391821096079,0.632261214064053,20,32,0,0,0,0,0,24.1311191520144,87.000470851099,87.000470851099,87.000470851099,0.72712146422629,0.998333333333333,3,0,0.59567387687188,0.785357737104825,3,3,INFEASIBLE,0,0.33499614556958,3,0.35,1.8865456247275,0.0189184592914991,0.237903800167358,-54.4032854213675,9.7679383996073,42.056568054822,0.104308721428401,0.146374551071248,43.6501142625535,9.48391821096079,583,R0583,-2.39260371045123,Exp1,regime_structure,regime-pipeline-v1,3,583
1.85270841259036,104.676413172022,8.14044774859835,0.542696516573223,20,32,0,0,0,0,0,26.1718064130081,60.4915163585772,53.7518832384147,60.4915163585772,0.770382695507488,0.995,3,0,0.685524126455907,0.841930116472546,3,3,INFEASIBLE,0,0.353634062336522,4,0.35,1.24984407097806,0.0307721221701187,0.227478417591374,-43.5491629255847,6.63315981025373,37.007285487921,0.0414038429357133,0.245778122366167,104.676413172022,8.14044774859835,584,R0584,-2.27823260268604,Exp1,regime_structure,regime-pipeline-v1,3,584
1.51866432389049,42.0716164510259,12.8891467730725,0.859276451538169,20,32,0,0,0,0,0,9.99869632364346,31.0704880509557,31.0704880509557,31.0704880509557,0.319467554076539,0.995,3,0,0.276206322795341,0.515806988352745,3,3,INFEASIBLE,0,0.357968083262281,2,0.35,2.01327505610993,0.026936767778354,0.120995178448665,-67.8622874506165,5.79893906791369,37.8382370194198,0.0201664773750563,0.108987622988828,42.0716164510259,12.8891467730725,585,R0585,-2.1671987153464,Exp1,regime_structure,regime-pipeline-v1,3,585
1.5088454187995,100.448165966073,13.0107654940485,0.867384366269902,20,32,1,1,1,1,3,4.56875456539716,11.4771921734187,1.60446783208599,11.4771921734187,0.354409317803661,0.993333333333333,2.93,0,0.0116472545757072,0.504159733777038,2.93,3,EASY,2,0.0835013979808145,4,0.35,1.6531690180521,0.0274544667805767,0.172107841498572,-51.411869188918,7.32089643595532,44.5143425444455,0.0598142872508022,0.0748510218879331,100.448165966073,13.0107654940485,586,R0586,1.68922718882228,Exp1,regime_structure,regime-pipeline-v1,3,586
1.64928406585536,31.5674781055714,9.5569395694306,0.637129304628707,20,32,1,1,1,1,3,5.14071638169846,11.600744360552,1.55724067736553,11.600744360552,0.410981697171381,0.995,2.99,0,0.173044925124792,0.504159733777038,3,3,EASY,2,0.0881701051077844,1,0.35,1.16859441485561,0.0124112433153716,0.132722397551559,-68.4158635374614,7.53313291397109,39.2348948794145,0.105285995752172,0.0667674621458404,31.5674781055714,9.5569395694306,587,R0587,1.9801385898266,Exp1,regime_structure,regime-pipeline-v1,3,587
0.888402813427706,63.8294889904821,9.36291185687996,0.624194123791997,20,32,0,0,0,0,0,18.0892777826707,53.2478224190468,53.2478224190468,53.2478224190468,0.710482529118136,0.993333333333333,3,0,0.572379367720466,0.748752079866889,3,3,INFEASIBLE,0,0.446217170529977,4,0.35,1.70091832368828,0.0211142917609974,0.0996828046324417,-52.2940333290541,7.03291303603281,44.5642172300458,0.119653905407448,0.166308095965945,63.8294889904821,9.36291185687996,588,R0588,-1.71642226183451,Exp1,regime_structure,regime-pipeline-v1,3,588
0.488442985825198,59.5079892790496,13.4214927525691,0.894766183504606,20,32,0,0,0,0,0,13.3138475614769,28.4407214644178,28.4407214644178,28.4407214644178,0.62063227953411,0.998333333333333,3,0,0.447587354409318,0.710482529118136,3,3,INFEASIBLE,0,0.0655811055893395,6,0.35,1.84072804721333,0.0365898212699298,0.0434714319538252,-69.0874566177955,6.68315865873729,48.9372887114253,0.0166263592849368,0.178461629768218,59.5079892790496,13.4214927525691,589,R0589,-2.8209914205061,Exp1,regime_structure,regime-pipeline-v1,3,589
2.26850678869504,51.6143471471319,8.90832539973101,0.593888359982067,20,32,0,0,0,0,0,8.86720984749659,23.6635050164767,23.6635050164767,23.6635050164767,0.660565723793677,0.993333333333333,3,0,0.472545757071547,0.707154742096506,3,3,INFEASIBLE,0,0.441167392799952,4,0.35,1.68007237199972,0.0105762206723553,0.222168532513374,-54.0954730660339,9.31498366411256,36.3302285071819,0.0478786619520721,0.0877650380705729,51.6143471471319,8.90832539973101,590,R0590,-2.06130785809928,Exp1,regime_structure,regime-pipeline-v1,3,590
0.62228630075634,86.3667906641984,12.5647987489937,0.837653249932916,20,32,0,0,0,0,0,19.2951725622328,54.4718395026504,54.4718395026504,54.4718395026504,0.675540765391015,0.996666666666667,3,0,0.549084858569052,0.763727121464226,3,3,INFEASIBLE,0,0.28220567739479,2,0.35,1.28229675705223,0.0246789622488062,0.0838914862022733,-35.959130103753,9.36199084272996,30.4183047851427,0.118268316484063,0.167784034468294,86.3667906641984,12.5647987489937,591,R0591,-1.74523003505102,Exp1,regime_structure,regime-pipeline-v1,3,591
1.57268439384944,105.506314417746,13.0957019869055,0.873046799127034,20,32,0,0,0,0,0,31.0966459537039,79.9967478697383,79.9967478697383,79.9967478697383,0.723793677204659,0.995,3,0,0.537437603993344,0.785357737104825,3,3,INFEASIBLE,0,0.154945972642376,6,0.35,1.2403142067247,0.0312028711330227,0.218343968353202,-36.4173675475042,7.01327607859369,33.0885472468583,0.104486107037548,0.223013800497679,105.506314417746,13.0957019869055,592,R0592,-2.35764888769144,Exp1,regime_structure,regime-pipeline-v1,3,592
2.6191996219331,58.7294666037099,9.32403300657303,0.621602200438202,20,32,1,1,1,1,3,0.746763641481585,2.07845452100053,1.44067428609967,2.07845452100053,0.0399334442595674,0.973333333333333,2.7,0,0.0782029950083195,0.352745424292845,3,3,EASY,2,0.177421325104808,1,0.35,0.974590267313996,0.0313355271212768,0.236870962276791,-56.7056226316161,5.21626121748089,34.04082318719,0.10764064330431,0.0536664401618267,58.7294666037099,9.32403300657303,593,R0593,2.3904799839244,Exp1,regime_structure,regime-pipeline-v1,3,593
0.587726673277471,59.6490940281016,14.1800746175755,0.945338307838364,20,32,1,1,1,1,3,3.94182531120126,9.0038430096841,3.72621209701799,9.0038430096841,0.32279534109817,0.996666666666667,3,0,0.0715474209650582,0.459234608985025,3,3,EASY,2,0.391756063332428,2,0.35,1.22990763634034,0.0393230769541575,0.0572241699115582,-59.4924290480311,8.33181064293441,43.4303131336293,0.048512045649831,0.065527460186813,59.6490940281016,14.1800746175755,594,R0594,2.34018576730036,Exp1,regime_structure,regime-pipeline-v1,3,594
1.68057332894035,44.1397037364361,8.50167110581457,0.566778073720971,20,32,0,0,0,0,0,24.4447428439441,74.2882458804786,74.2882458804786,74.2882458804786,0.750415973377704,0.998333333333333,3,0,0.680532445923461,0.810316139767055,3,3,INFEASIBLE,0,0.341557153674475,2,0.35,1.84882916763231,0.0145466028941959,0.146947106578382,-64.6711272408807,12.7723758390296,41.3894221726,0.028586346774545,0.105073861790389,44.1397037364361,8.50167110581457,595,R0595,-2.09141486058002,Exp1,regime_structure,regime-pipeline-v1,3,595
0.923626082805504,114.156612387522,8.13085267292888,0.542056844861925,20,32,0,0,0,0,0,26.350415186793,60.1900223186713,9.85649718912609,60.1900223186713,0.861896838602329,0.996666666666667,3,0,0.798668885191348,0.886855241264559,3,3,INFEASIBLE,0,0.0837891072650064,2,0.35,0.951203081141224,0.0306859714157779,0.106352376386032,-39.7407407094662,10.8642593605601,27.1041187517097,0.0341819630218201,0.239577086043106,114.156612387522,8.13085267292888,596,R0596,-2.88749103562611,Exp1,regime_structure,regime-pipeline-v1,3,596
0.73796940658972,83.2187185232937,14.2187566584274,0.947917110561828,20,32,1,1,0,0.666666666666667,2,5.14195781110681,11.9439957720366,0.379211056997237,11.9439957720366,0.37603993344426,0.996666666666667,2.955,0,0.168053244592346,0.574043261231281,2.945,3,FRAGILE,1,0.291645033409092,5,0.35,1.7135443511765,0.0147631538646585,0.102814703420242,-40.3126145536918,7.76242759936818,40.8297788328912,0.0997645762126987,0.0908305047888803,83.2187185232937,14.2187566584274,597,R0597,0,Exp1,regime_structure,regime-pipeline-v1,3,597
1.16372811085616,107.722334587712,11.8558728472536,0.79039152315024,20,8,1,1,1,1,3,1.27980681345321,3.62335472266409,2.21492565941179,3.62335472266409,0,0.92,3,0,0,0.161397670549085,0,2.975,EASY,2,0.368435959540934,5,0.35,1.16457180152437,0.0308292063094281,0.118569705054575,-44.9841918257888,5.84273358898412,27.1910282258557,0.0544441680130947,0.0816804034165718,107.722334587712,11.8558728472536,598,R0598,1.62931906339985,Exp1,regime_structure,regime-pipeline-v1,3,598
2.23722218804558,71.6597167561252,12.7996513501975,0.853310090013164,20,32,0,0,0,0,0,23.1728193831296,45.4198159577892,35.4423352342531,45.4198159577892,0.710482529118136,0.995,3,0,0.550748752079867,0.778702163061564,3,3,INFEASIBLE,0,0.354167816450163,5,0.35,1.83526240749325,0.0398324795447233,0.17968267312333,-55.007561913497,8.96256655644936,25.2638953495831,0.0161908168425969,0.201627312408804,71.6597167561252,12.7996513501975,599,R0599,-2.4888358100642,Exp1,regime_structure,regime-pipeline-v1,3,599
0.589944165099003,106.511905903092,14.9955973692679,0.999706491284527,20,32,0,0,0,0,0,28.0779720320597,61.8987547741766,20.3596753280093,61.8987547741766,0.762063227953411,0.995,3,0,0.612312811980033,0.810316139767055,3,3,INFEASIBLE,0,0.348102316721534,2,0.35,1.10363394466646,0.0177663156740869,0.0676003465288278,-51.6035150026865,12.9990411918061,45.2580617942142,0.115772160995709,0.197203038689685,106.511905903092,14.9955973692679,600,R0600,-2.54337993780392,Exp1,regime_structure,regime-pipeline-v1,3,600
2.95386145518646,59.0554771458937,10.4020633123635,0.693470887490901,20,32,0,0,0,0,0,70.9302849025426,90,90,90,0.762063227953411,0.991666666666667,3,0,0.667221297836938,0.797004991680532,3,3,INFEASIBLE,0,0.198579724022842,5,0.35,2.04017721706776,0.0220941090041024,0.226729734202561,-69.8174562962209,6.84027846143388,37.1728718945064,0.139415363669613,0.216225135702028,59.0554771458937,10.4020633123635,601,R0601,-2.89807795753784,Exp1,regime_structure,regime-pipeline-v1,3,601
0.580962664010669,91.268538896792,11.2787516619658,0.751916777464385,20,32,0,0,0,0,0,20.0898876707212,59.9376267458771,59.9376267458771,59.9376267458771,0.748752079866889,0.995,3,0,0.635607321131448,0.806988352745424,3,3,INFEASIBLE,0,0.152085270699133,1,0.35,1.20329368144236,0.0356551087370807,0.0957646241005299,-30.8094494793082,9.29284578070293,33.3843560787064,0.103413960911538,0.189488606233719,91.268538896792,11.2787516619658,602,R0602,-1.58002481857497,Exp1,regime_structure,regime-pipeline-v1,3,602
2.90065741641105,28.1731868513088,14.2152174519461,0.947681163463076,20,16,0,0,0,0,0,90,90,90,90,0.610648918469218,0.991666666666667,3,0,0.59234608985025,0.64891846921797,3,3,INFEASIBLE,0,0.366828883956639,4,0.35,1.59778163785192,0.0172585417253567,0.203415331838864,-63.8618391421098,8.2606629407005,25.9608368940345,0.103270113728959,0.097182876316501,28.1731868513088,14.2152174519461,603,R0603,-2.31649027386102,Exp1,regime_structure,regime-pipeline-v1,3,603
2.77984464149123,77.6625665389488,9.11258289841145,0.607505526560764,20,32,0,1,0,0.333333333333333,1,10.0427932544244,33.238072536115,33.238072536115,33.238072536115,0.622296173044925,0.991666666666667,3,0,0.37603993344426,0.723793677204659,2.975,3,INFEASIBLE,0,0.214270189072448,3,0.35,1.83617728718129,0.0355181035729813,0.230957051525542,-57.5274234237136,6.51698456076439,29.5687255473621,0.134808268980386,0.107243814405745,77.6625665389488,9.11258289841145,604,R0604,-1.97177916089213,Exp1,regime_structure,regime-pipeline-v1,3,604
1.50043841307594,61.8952697917521,8.80010855089468,0.586673903392979,20,32,1,0,0,0.333333333333333,1,10.1073427551987,22.8555283306174,14.5332321192707,22.8555283306174,0.67720465890183,0.998333333333333,3,0,0.53910149750416,0.735440931780366,3,3,FRAGILE,1,0.185442385833029,5,0.35,1.63070709563881,0.0308013242250238,0.124636473836776,-61.5652441403373,8.22075685153955,33.8521711716871,0.0856936982330692,0.12417794068306,61.8952697917521,8.80010855089468,605,R0605,0,Exp1,regime_structure,regime-pipeline-v1,3,605
1.31339433456041,95.921104927558,12.1725515053619,0.811503433690795,20,8,1,1,1,1,3,0.117878971825256,0.265809779106965,0.203084672057949,0.265809779106965,0,0.645,0,0,0,0,0,2.965,EASY,2,0.0719402608070748,5,0.35,1.92029823142829,0.0283629672093999,0.112792332236412,-55.2807909332129,12.3808685616913,29.1728413129837,0.149586255240266,0.0152876876550846,95.921104927558,12.1725515053619,606,R0606,2.00397811232614,Exp1,regime_structure,regime-pipeline-v1,3,606
2.20725329369546,32.4905630810046,14.8850110980358,0.992334073202389,20,8,0,0,0,0,0,90,90,90,90,0.515806988352745,0.998333333333333,3,0,0.517470881863561,0.53910149750416,3,3,INFEASIBLE,0,0.245788581571738,3,0.35,1.51706226999695,0.0276008113483999,0.179097962654935,-66.9106056527932,8.85019686853786,38.1529587496582,0.0514371047920591,0.158453009302886,32.4905630810046,14.8850110980358,607,R0607,-2.21424678041964,Exp1,regime_structure,regime-pipeline-v1,3,607
0.588561378120376,85.8746004991423,14.3943675019563,0.959624500130417,20,32,0,0,0,0,0,21.2738039768342,56.4292217524044,56.4292217524044,56.4292217524044,0.605657237936772,0.996666666666667,3,0,0.509151414309484,0.718801996672213,3,3,INFEASIBLE,0,0.401050450743864,4,0.35,0.934518128386338,0.030412813845107,0.0436564590459168,-64.5920000561198,7.32823578352156,29.7120294503889,0.0184813787267172,0.225673644647208,85.8746004991423,14.3943675019563,608,R0608,-2.96062903436584,Exp1,regime_structure,regime-pipeline-v1,3,608
1.70635080352864,55.0560909462888,13.6593575227112,0.910623834847415,20,32,0,0,0,0,0,27.5749612306368,48.9734737806177,32.2489469415416,48.9734737806177,0.690515806988353,0.996666666666667,3,0,0.597337770382696,0.722129783693844,3,3,INFEASIBLE,0,0.150497968179241,6,0.35,2.05457718494486,0.0298897205652419,0.193572662549019,-49.928647032796,6.54175018141497,41.5252597084258,0.0688924490251201,0.212622554863541,55.0560909462888,13.6593575227112,609,R0609,-2.5544823589877,Exp1,regime_structure,regime-pipeline-v1,3,609
0.85358429689072,50.2640225407775,8.99661942078059,0.59977462805204,20,32,1,1,1,1,3,5.60877697106896,13.9507974253505,10.1783599704008,13.9507974253505,0.53910149750416,0.991666666666667,3,0,0.222961730449251,0.627287853577371,3,3,EASY,2,0.0547354634276532,2,0.35,1.89420192772361,0.0270320440542624,0.0965886192169683,-39.0593144373174,10.7100793894613,25.2853908565718,0.102624871121108,0.0566146922199083,50.2640225407775,8.99661942078059,610,R0610,2.1709415686852,Exp1,regime_structure,regime-pipeline-v1,3,610
1.47370598408938,55.4547691123921,13.5370965579011,0.902473103860075,20,32,0,0,0,0,0,64.6029201463644,90,90,90,0.775374376039933,0.998333333333333,3,0,0.723793677204659,0.831946755407654,3,3,INFEASIBLE,0,0.050852478115085,3,0.35,2.02893309814207,0.0101615443384356,0.136372471672381,-52.1952656019156,12.4837480150584,30.1964098029787,0.02069055499627,0.180118869151257,55.4547691123921,13.5370965579011,611,R0611,-2.61012491409093,Exp1,regime_structure,regime-pipeline-v1,3,611
1.8635290786374,64.2822312977094,10.560110714864,0.704007380990932,45,32,1,0,0,0.333333333333333,1,14.9060341135671,34.5380132523609,9.23681261709877,34.5380132523609,0.667221297836938,0.993333333333333,3,0,0.512479201331115,0.713810316139767,3,3,FRAGILE,1,0.423874591598516,5,0.35,0.964728353695864,0.0209479319020573,0.167281376155077,-67.226639545698,12.065126768394,47.1375493325382,0.143536100663609,0.0626606385948748,64.2822312977094,10.560110714864,612,R0612,0,Exp1,regime_structure,regime-pipeline-v1,3,612
0.591885758930233,41.8166517705886,13.6929817326549,0.912865448843659,20,32,0,0,0,0,0,19.5794970171451,40.0716635438204,29.0431732486528,40.0716635438204,0.698835274542429,0.996666666666667,3,0,0.534109816971714,0.750415973377704,3,3,INFEASIBLE,0,0.224144102102186,4,0.35,1.73227561786637,0.0230747981521899,0.0604246971103719,-59.9237399384707,13.7550269215007,48.4409175635758,0.0908744267099397,0.124992205696281,41.8166517705886,13.6929817326549,613,R0613,-1.64294695880768,Exp1,regime_structure,regime-pipeline-v1,3,613
0.817726498316479,119.10750526639,9.83275841856883,0.655517227904589,20,32,1,1,0,0.666666666666667,2,12.4976813484844,28.4320773325738,6.28855344674534,28.4320773325738,0.688851913477537,0.993333333333333,3,0,0.562396006655574,0.778702163061564,3,3,FRAGILE,1,0.073883155288933,1,0.35,1.85656644452073,0.0175431379330936,0.114710932417324,-34.0230047942024,5.61295644669063,29.4849344855926,0.0731906418673076,0.235587825399941,119.10750526639,9.83275841856883,614,R0614,0,Exp1,regime_structure,regime-pipeline-v1,3,614
0.743796561755474,39.988291124345,11.1795935065519,0.745306233770124,20,32,0,0,0,0,0,41.3536642534482,90,90,90,0.790349417637271,0.998333333333333,3,0,0.70216306156406,0.876871880199667,3,3,INFEASIBLE,0,0.403994107586761,2,0.35,1.06362567838295,0.0226903367873,0.0914555300318,-39.7599419394981,11.7881723927025,30.9360206736269,0.0660500951854203,0.199450583848981,39.988291124345,11.1795935065519,615,R0615,-2.21179920747733,Exp1,regime_structure,regime-pipeline-v1,3,615
0.704350224604956,65.7576007124711,13.1097260286085,0.873981735240566,20,32,0,0,0,0,0,27.9467728780237,56.2664656619393,43.9516075708079,56.2664656619393,0.685524126455907,0.996666666666667,3,0,0.562396006655574,0.73044925124792,3,3,INFEASIBLE,0,0.213624304673735,2,0.35,0.952613055054059,0.0284742321507017,0.0550751900951136,-64.5811286594692,6.95809374565083,33.0070957748357,0.0845428883978225,0.233575905554564,65.7576007124711,13.1097260286085,616,R0616,-2.55605757535863,Exp1,regime_structure,regime-pipeline-v1,3,616
1.36829508377575,55.6880593552301,11.7620085728233,0.784133904854886,20,32,0,0,0,0,0,25.1648229432076,54.9726027343159,54.5416909192931,54.9726027343159,0.703826955074875,0.996666666666667,3,0,0.424292845257904,0.717138103161398,3,3,INFEASIBLE,0,0.0915429250786027,3,0.35,1.80683077602093,0.0368048100805536,0.146292551818519,-48.4030586007302,5.51772538378028,34.6650528210861,0.0508335058554399,0.195930608084229,55.6880593552301,11.7620085728233,617,R0617,-2.21873516249918,Exp1,regime_structure,regime-pipeline-v1,3,617
0.582217572117018,84.5721154879876,11.377493339653,0.758499555976868,20,32,1,1,1,1,3,4.20835301306972,11.6630848880078,11.6562600606079,11.6630848880078,0.389351081530782,0.995,3,0,0.121464226289517,0.527454242928453,3,3,EASY,2,0.133677782675283,2,0.35,1.81108872148961,0.0218152627052679,0.0503576123734911,-52.7491871296012,5.77221963805297,26.9434089767376,0.0426090335863531,0.0921087593605179,84.5721154879876,11.377493339653,618,R0618,2.07338962100319,Exp1,regime_structure,regime-pipeline-v1,3,618
1.80589630389374,24.8934882801601,13.3941438903959,0.892942926026396,20,32,0,0,0,0,0,42.4487834211043,90,90,90,0.86522462562396,0.998333333333333,3,0,0.768718801996672,0.906821963394343,3,3,INFEASIBLE,0,0.249932420437104,4,0.35,1.20415755866022,0.0209208534916661,0.164724675580002,-63.4291690318146,10.290313986522,43.3282455906447,0.0285094306667867,0.205657279991287,24.8934882801601,13.3941438903959,619,R0619,-2.32241358653185,Exp1,regime_structure,regime-pipeline-v1,3,619
2.08135090154053,86.5342220919203,9.78001985050823,0.652001323367216,20,32,1,1,1,1,3,2.24592396454896,5.46653313217682,2.84305370893179,5.46653313217682,0.251247920133111,0.985,3,0,0.0399334442595674,0.560732113144759,2.91,2.965,EASY,2,0.105015277875065,1,0.35,2.00572421571219,0.0165944228506852,0.221208099152677,-54.5263062601507,6.18270816702537,43.4695306449696,0.127236305763522,0.0781249389410302,86.5342220919203,9.78001985050823,620,R0620,2.41603570647738,Exp1,regime_structure,regime-pipeline-v1,3,620
2.31042989872669,110.350678715583,14.8742042101779,0.991613614011861,20,16,0,0,0,0,0,34.3755463527641,90,90,90,0.555740432612313,0.993333333333333,3,0,0.465890183028286,0.670549084858569,3,3,INFEASIBLE,0,0.232307396782181,5,0.35,1.20807136431398,0.0103839907234675,0.198239341095806,-57.1482467444696,12.1606757929217,31.1215542771073,0.122179187638626,0.136353223266684,110.350678715583,14.8742042101779,621,R0621,-2.23703509522541,Exp1,regime_structure,regime-pipeline-v1,3,621
1.46686999418968,97.75721786828,13.4860072611133,0.89906715074089,20,32,0,0,0,0,0,45.6354097367107,90,90,90,0.816971713810316,0.998333333333333,3,0,0.75873544093178,0.880199667221298,3,3,INFEASIBLE,0,0.136979845493158,6,0.35,2.04844482681151,0.0120818530197791,0.202339587555704,-41.2775714447293,13.9644712843274,41.9631521474338,0.13922718781694,0.247782635981349,97.75721786828,13.4860072611133,622,R0622,-3.21566838895162,Exp1,regime_structure,regime-pipeline-v1,3,622
0.777375206376231,51.3934817911747,12.5856876174676,0.839045841164507,20,32,0,0,0,0,0,14.9940580730761,31.8888007898254,21.0812407360315,31.8888007898254,0.534109816971714,0.998333333333333,3,0,0.324459234608985,0.587354409317804,3,3,INFEASIBLE,0,0.393688962982584,1,0.35,0.948195000918603,0.0347544221114091,0.119968647577466,-38.4385852041307,7.38664445005938,45.5481037911869,0.138636685476526,0.149297562102562,51.3934817911747,12.5856876174676,623,R0623,-1.5427464109955,Exp1,regime_structure,regime-pipeline-v1,3,623
0.562242149645451,20.519714100038,12.8111362227064,0.854075748180427,20,32,0,0,0,0,0,40.2482990676784,90,90,90,0.742096505823627,0.996666666666667,3,0,0.537437603993344,0.833610648918469,3,3,INFEASIBLE,0,0.145690352771634,4,0.35,1.58437778087512,0.0232799002815788,0.0507289784389976,-59.1321755563124,7.561567730707,36.8446559267346,0.118993578996342,0.171344087124762,20.519714100038,12.8111362227064,624,R0624,-2.21640873396356,Exp1,regime_structure,regime-pipeline-v1,3,624
1.06591085825562,27.7628237096393,12.4369495417381,0.829129969449207,20,8,0,0,0,0,0,17.8421136598433,42.6494553479045,42.6494553479045,42.6494553479045,0.374376039933444,0.981666666666667,3,0,0.362728785357737,0.519134775374376,3,3,INFEASIBLE,0,0.240702788866031,2,0.35,1.95238968041824,0.0251633892191893,0.0865792581864378,-68.9835895472127,6.3914575611129,40.6386136002834,0.137615093847028,0.135739761732672,27.7628237096393,12.4369495417381,625,R0625,-1.9671393338633,Exp1,regime_structure,regime-pipeline-v1,3,625
0.554371529042057,69.6556598732385,8.21595742090328,0.547730494726886,20,32,0,0,0,0,0,13.2170210906058,37.4567392662768,37.4567392662768,37.4567392662768,0.75540765391015,0.996666666666667,3,0,0.682196339434276,0.821963394342762,3,3,INFEASIBLE,0,0.228685270669035,1,0.35,1.03857095681688,0.0302885773551311,0.0623308491131262,-45.9039369043111,10.1180840251265,34.4798585330292,0.0572279404353433,0.134053514127255,69.6556598732385,8.21595742090328,626,R0626,-2.08108807585348,Exp1,regime_structure,regime-pipeline-v1,3,626
1.41068841117527,89.4275973644595,10.5205455492953,0.701369703286352,20,32,1,1,1,1,3,4.86507832564818,12.9828548122427,12.9828548122427,12.9828548122427,0.54242928452579,0.993333333333333,3,0,0.410981697171381,0.688851913477537,3,3,EASY,2,0.0645063830718669,2,0.35,1.53614878556623,0.0165738260054241,0.158479411796747,-43.262921097912,12.9249135805879,30.5757092621673,0.0357453518029372,0.0654276485696129,89.4275973644595,10.5205455492953,627,R0627,1.75393521182532,Exp1,regime_structure,regime-pipeline-v1,3,627
1.48243625899146,38.8650061855586,13.2647488447982,0.884316589653216,20,32,1,1,1,1,3,7.05462050538147,14.2711097769102,10.9400075567874,14.2711097769102,0.394342762063228,0.99,3,0,0.149750415973378,0.479201331114809,3,3,EASY,2,0.0526489303202673,3,0.35,1.17486753187175,0.0121759232360768,0.186363288299063,-38.4935008961814,5.22849632393639,30.3113200969995,0.119207841764739,0.101671209130432,38.8650061855586,13.2647488447982,628,R0628,1.90580972401686,Exp1,regime_structure,regime-pipeline-v1,3,628
0.768296461781213,67.5764361853048,14.1556369268271,0.943709128455137,20,32,1,1,0,0.666666666666667,2,2.43452118863354,5.92711220658138,0.851448499956216,5.92711220658138,0.178036605657238,0.98,2.92,0,0.114808652246256,0.495840266222962,3,3,FRAGILE,1,0.317663834015414,5,0.35,2.0449548594596,0.0150368792822312,0.111157586949886,-37.1875022303301,11.2200725177872,37.4693302048989,0.148643603701921,0.0494758529690558,67.5764361853048,14.1556369268271,629,R0629,0,Exp1,regime_structure,regime-pipeline-v1,3,629
2.05313251364382,44.8288996195877,10.9852566120921,0.732350440806143,20,16,0,0,0,0,0,47.7463460902566,84.4443369601619,84.4443369601619,84.4443369601619,0.737104825291181,0.996666666666667,3,0,0.668885191347754,0.757071547420965,3,3,INFEASIBLE,0,0.273240575395819,1,0.35,1.59859770632264,0.0124265415067835,0.180594781093435,-56.0866091725985,11.526942104103,31.5033078177987,0.0843853669606372,0.190538692112627,44.8288996195877,10.9852566120921,630,R0630,-2.43849664331955,Exp1,regime_structure,regime-pipeline-v1,3,630
1.28989721246474,114.589656035077,12.0373492672359,0.802489951149062,20,8,1,1,1,1,3,0.0814845002212289,0.1772859695311,0.0488287555856386,0.1772859695311,0,0.696666666666667,0,0,0,0,0,0,EASY,2,0.423912781025357,5,0.35,0.940014577025615,0.014202222592943,0.11079073007094,-65.7864505523342,9.61000278622853,41.3267170931985,0.031080571568794,0.0172679606799141,114.589656035077,12.0373492672359,631,R0631,2.42193107389967,Exp1,regime_structure,regime-pipeline-v1,3,631
1.38164868930665,57.6624621659668,8.5780505421245,0.571870036141633,20,32,0,0,0,0,0,25.1450131666666,79.7194952646327,79.7194952646327,79.7194952646327,0.813643926788686,0.996666666666667,3,0,0.697171381031614,0.841930116472546,3,3,INFEASIBLE,0,0.216779071172613,1,0.35,1.40121219075625,0.0158594444005153,0.0993399948102613,-62.7254132380846,12.7516630925658,26.3270032217525,0.0807006122911068,0.142989381856125,57.6624621659668,8.5780505421245,632,R0632,-2.24174296707365,Exp1,regime_structure,regime-pipeline-v1,3,632
0.398077150886519,36.1818521779639,12.6239671921175,0.841597812807835,20,32,1,1,1,1,3,0.329737038993071,1.00794770487296,1.00794770487296,1.00794770487296,0,0.97,0,0,0,0.151414309484193,0,2.85,EASY,2,0.20409018930667,5,0.35,1.98711862139695,0.0102488325406127,0.0486802175712171,-45.9592968652054,11.2480406694973,40.8863770259522,0.108884694566924,0.0193713912027142,36.1818521779639,12.6239671921175,633,R0633,2.19447273307454,Exp1,regime_structure,regime-pipeline-v1,3,633
2.345865411,32.7696287991999,13.1760048930949,0.878400326206326,20,8,0,0,0,0,0,90,90,90,90,0.672212978369384,0.991666666666667,3,0,0.392678868552413,0.703826955074875,3,3,INFEASIBLE,0,0.395858609966088,5,0.35,1.23539897618146,0.0213890398805217,0.186769829730214,-69.6369913294995,10.5000321149694,39.7876801019167,0.140256948402638,0.135463571015127,32.7696287991999,13.1760048930949,634,R0634,-1.99665340411288,Exp1,regime_structure,regime-pipeline-v1,3,634
0.694769767886431,21.8854575278192,9.13860774524599,0.609240516349733,20,32,0,0,0,0,0,52.9666062814705,90,90,90,0.871880199667221,0.996666666666667,3,0,0.760399334442596,0.908485856905158,3,3,INFEASIBLE,0,0.217936203846506,3,0.35,1.97885466378439,0.0109301856039709,0.0876414078708277,-40.7758203522771,6.87588331673099,34.2455099482323,0.129906721832623,0.239193882537882,21.8854575278192,9.13860774524599,635,R0635,-2.38563762257204,Exp1,regime_structure,regime-pipeline-v1,3,635
1.09741563325045,93.3950402973393,13.8747798011588,0.924985320077256,20,32,1,1,1,1,3,2.96236539811001,8.51758809389672,8.434481992631,8.51758809389672,0.267886855241265,0.996666666666667,3,0,0.0931780366056572,0.459234608985025,3,2.97,EASY,2,0.294202367578151,2,0.35,1.21216843585644,0.03276671456913,0.148287070932414,-36.4460125938105,11.0982423718272,31.3924844032876,0.0577034157741461,0.0628101751995597,93.3950402973393,13.8747798011588,636,R0636,1.53764172693062,Exp1,regime_structure,regime-pipeline-v1,3,636
1.06477507064028,52.2953215173972,8.48595205309736,0.565730136873157,20,32,0,0,0,0,0,16.4688378179484,35.9061393057229,6.47029125044569,35.9061393057229,0.738768718801997,0.996666666666667,3,0,0.607321131447587,0.800332778702163,3,3,INFEASIBLE,0,0.244225677373898,2,0.35,1.74868637537973,0.0206313177018892,0.0863920921659887,-54.9400591909504,7.81576692314331,25.7200516827237,0.0202235779864084,0.172174262689427,52.2953215173972,8.48595205309736,637,R0637,-2.2000116887234,Exp1,regime_structure,regime-pipeline-v1,3,637
2.10144381490189,83.3054661934746,13.8121912955996,0.920812753039973,80,16,0,0,0,0,0,39.9218686865699,90,90,90,0.772046589018303,0.998333333333333,3,0,0.715474209650582,0.785357737104825,3,3,INFEASIBLE,0,0.272183526267204,1,0.35,2.05251954230257,0.0288242812079443,0.188158245813571,-64.4177650854658,5.06071906329369,43.0609501783846,0.00145389503669815,0.220304392194125,83.3054661934746,13.8121912955996,638,R0638,-2.40680737564826,Exp1,regime_structure,regime-pipeline-v1,3,638
1.55385415054808,35.1447788468803,11.0740205295588,0.73826803530392,20,32,0,1,0,0.333333333333333,1,7.4487623425204,21.9708655590714,21.9708655590714,21.9708655590714,0.56738768718802,0.993333333333333,3,0,0.291181364392679,0.633943427620632,3,3,INFEASIBLE,0,0.259282978257329,5,0.35,1.24137703782303,0.010591653528994,0.145259230272143,-57.4479641713486,13.4803365129714,37.3316869600351,0.106219730872711,0.0546499864192443,35.1447788468803,11.0740205295588,639,R0639,-1.96485338655022,Exp1,regime_structure,regime-pipeline-v1,3,639
0.534211418210767,94.8579044172769,11.1121738687008,0.740811591246723,20,32,1,1,1,1,3,8.16409631407533,20.1004259199441,14.1683078919602,20.1004259199441,0.564059900166389,0.996666666666667,3,0,0.366056572379368,0.655574043261231,3,3,FRAGILE,1,0.326765992655429,3,0.35,1.48762166722044,0.0396874497010146,0.0474450793442973,-67.8342950278633,8.64105091623437,46.9803243396422,0.105191557687084,0.0976322352782406,94.8579044172769,11.1121738687008,640,R0640,0,Exp1,regime_structure,regime-pipeline-v1,3,640
0.968677773474011,81.8245612957123,14.8131775311493,0.987545168743288,20,16,1,1,1,1,3,0.144325808467028,0.289485488510059,0.0478021488101474,0.289485488510059,0,0.766666666666667,0,0,0,0,0,0,EASY,2,0.422787038647889,5,0.35,1.58197009604031,0.0166703293696756,0.120188282982639,-45.8521272352843,5.41998178093913,41.8934307110466,0.129562844794131,0.00193454036356069,81.8245612957123,14.8131775311493,641,R0641,1.7533012285778,Exp1,regime_structure,regime-pipeline-v1,3,641
2.43512379711146,48.3567859954785,13.2734554437941,0.884897029586273,20,8,0,0,0,0,0,90,90,90,90,0.625623960066556,0.998333333333333,3,0,0.589018302828619,0.642262895174709,3,3,INFEASIBLE,0,0.200744380540484,1,0.35,1.763943735232,0.0229892806853953,0.192535060481849,-63.1893969978098,9.45321046166488,32.3092845278457,0.0386257894555727,0.228702714065764,48.3567859954785,13.2734554437941,642,R0642,-2.55258099724697,Exp1,regime_structure,regime-pipeline-v1,3,642
1.21625157398245,45.2183399850611,11.5761660208927,0.771744401392849,20,32,0,0,0,0,0,13.5605163506124,43.3358470587535,43.3358470587535,43.3358470587535,0.610648918469218,0.998333333333333,3,0,0.469217970049917,0.678868552412646,3,3,INFEASIBLE,0,0.345848089377856,2,0.35,0.930268625093437,0.0286600986143885,0.0890709235689602,-65.668241133419,9.96617829114392,29.936236831345,0.0585805884127701,0.103373249064387,45.2183399850611,11.5761660208927,643,R0643,-2.15157044293354,Exp1,regime_structure,regime-pipeline-v1,3,643
1.92601904156483,96.5979682528678,8.36021335745245,0.557347557163496,20,32,1,1,0,0.666666666666667,2,2.37677454495387,6.51614283326675,6.39194016362239,6.51614283326675,0.484193011647255,0.991666666666667,3,0,0.381031613976705,0.635607321131448,3,3,FRAGILE,1,0.30371226396439,1,0.35,1.36855286841855,0.0305786249874952,0.217067967836264,-43.9870508777361,9.26383295247824,31.8112969892444,0.112097895887669,0.072105552381847,96.5979682528678,8.36021335745245,644,R0644,0,Exp1,regime_structure,regime-pipeline-v1,3,644
1.28322453543653,108.606784264994,14.4750575031566,0.965003833543772,20,32,0,0,0,0,0,31.5392093838877,75.6036015790914,74.7231715616859,75.6036015790914,0.745424292845258,0.998333333333333,3,0,0.587354409317804,0.798668885191348,3,3,INFEASIBLE,0,0.114910867728605,4,0.35,1.01528591432257,0.0322387695404538,0.107910355174718,-60.3682829523973,8.5861049537735,33.3579949293357,0.0526097612090371,0.217879842723631,108.606784264994,14.4750575031566,645,R0645,-2.16730262046729,Exp1,regime_structure,regime-pipeline-v1,3,645
0.317443869368983,117.28269418879,14.1354820295078,0.942365468633853,20,32,1,1,0,0.666666666666667,2,13.6176968604961,30.4001121511346,5.30932615636867,30.4001121511346,0.665557404326123,0.998333333333333,3,0,0.500831946755408,0.72712146422629,3,2.99,FRAGILE,1,0.44984700512803,2,0.35,1.17946213230766,0.013770249179801,0.0525533019836166,-33.9790931242071,8.55448225770058,40.9591610888216,0.0134981478118688,0.166391410654008,117.28269418879,14.1354820295078,646,R0646,0,Exp1,regime_structure,regime-pipeline-v1,3,646
0.400849786395474,69.0743931748188,14.8074169550888,0.987161130339255,20,32,1,1,1,1,3,5.95745419644391,13.7279553103719,4.40022794789638,13.7279553103719,0.427620632279534,0.998333333333333,3,0,0.21630615640599,0.574043261231281,3,3,EASY,2,0.395147074284067,3,0.35,1.46132316522085,0.0324729823658302,0.0630307645060132,-39.277705517395,10.6576791488049,49.3736703393166,0.0179477042532814,0.0723612500142668,69.0743931748188,14.8074169550888,647,R0647,2.06559359187308,Exp1,regime_structure,regime-pipeline-v1,3,647
3.62471244828363,118.668668625962,14.6637349771841,0.97758233181227,20,8,0,0,0,0,0,90,90,90,90,0.512479201331115,0.995,3,0,0.530782029950083,0.67720465890183,3,3,INFEASIBLE,0,0.221712426788759,4,0.35,1.67871544436114,0.0293824558170452,0.236070350759319,-68.9422630798252,8.67849517542206,26.0956548608557,0.0142849338940932,0.226151536286873,118.668668625962,14.6637349771841,648,R0648,-2.89622610880371,Exp1,regime_structure,regime-pipeline-v1,3,648
1.35043308485209,31.0547704927249,8.61783633293503,0.574522422195669,20,32,1,0,1,0.666666666666667,2,7.40393031678076,16.2366470380022,8.74619929581473,16.2366470380022,0.534109816971714,0.988333333333333,3,0,0.374376039933444,0.602329450915141,3,3,FRAGILE,1,0.212500228079722,6,0.35,2.00413647210607,0.0211941054916465,0.191578897578581,-32.6445803956805,6.66331384721376,27.7608487100514,0.120206930896544,0.0998627504355884,31.0547704927249,8.61783633293503,649,R0649,0,Exp1,regime_structure,regime-pipeline-v1,3,649
1.74124013077084,84.400591577666,10.9163867016299,0.727759113441992,20,8,1,1,1,1,3,0.264089482071027,0.899276296843658,0.899276296843658,0.899276296843658,0,0.901666666666667,0,0,0,0.141430948419301,0,3,EASY,2,0.157529547085809,5,0.35,0.928054954016127,0.0120497512313845,0.151974297239026,-52.4921658676621,10.943183704133,27.1689774811777,0.0638471809227196,0.0319561001184949,84.400591577666,10.9163867016299,650,R0650,2.12142367965395,Exp1,regime_structure,regime-pipeline-v1,3,650
0.579903959464672,113.207066684172,9.16012920136434,0.610675280090956,20,16,1,0,0,0.333333333333333,1,9.11200505672714,22.9759336894706,9.37948169461106,22.9759336894706,0.497504159733777,0.996666666666667,3,0,0.336106489184692,0.622296173044925,3,3,FRAGILE,1,0.247797616205557,5,0.35,1.57869503581019,0.0128455395095255,0.0554297328233305,-51.967633922146,8.54331797617527,31.9374816067671,0.00711766843408287,0.135785814020865,113.207066684172,9.16012920136434,651,R0651,0,Exp1,regime_structure,regime-pipeline-v1,3,651
0.434960471625711,21.4031552587617,12.7580969747195,0.850539798314634,20,32,1,1,1,1,3,0.691477484849776,1.4728769122283,1.16585496754826,1.4728769122283,0,0.976666666666667,0,0,0,0,0,0,EASY,2,0.13488209437741,3,0.35,1.24913997352424,0.0205101558159865,0.0419878867838642,-63.2551080038577,5.33425985352523,48.2615219516835,0.0547259516297164,0.00977317680548556,21.4031552587617,12.7580969747195,652,R0652,2.32112240893581,Exp1,regime_structure,regime-pipeline-v1,3,652
1.21729479148164,52.6926385849093,12.9991358989807,0.866609059932046,20,32,1,0,0,0.333333333333333,1,11.8892321202166,24.2702281770205,6.41304997354145,24.2702281770205,0.477537437603993,0.995,3,0,0.352745424292845,0.747088186356073,3,3,FRAGILE,1,0.209622061423538,3,0.35,1.1978966510888,0.0194523674707926,0.181053425661147,-36.7439453441463,5.72287181386507,38.6593809240882,0.0130064695783885,0.167105888218066,52.6926385849093,12.9991358989807,653,R0653,0,Exp1,regime_structure,regime-pipeline-v1,3,653
0.570617564762606,67.5234148848683,10.7764527862612,0.718430185750749,20,32,0,0,0,0,0,32.0659481936105,68.4119576747706,22.4468096613613,68.4119576747706,0.798668885191348,0.998333333333333,3,0,0.710482529118136,0.830282861896839,2.985,3,INFEASIBLE,0,0.214980279752322,4,0.35,1.1480281950727,0.0299420378367491,0.0795561171743026,-41.2179570937975,13.511610837981,42.7455754701191,0.106066062040948,0.176289931248403,67.5234148848683,10.7764527862612,654,R0654,-1.80457267265256,Exp1,regime_structure,regime-pipeline-v1,3,654
1.73266004801895,82.945170390437,14.2361701996441,0.949078013309603,20,8,1,1,1,1,3,0.0616119425399566,0.139397118563393,0.0261896373947511,0.139397118563393,0,0.788333333333333,0,0,0,0,0,0,EASY,2,0.13527198319331,5,0.35,1.04920429811342,0.0157370559317669,0.154045234753165,-53.1656589454695,9.33530517602102,28.919685972466,0.0627581790694948,0.0124976145068474,82.945170390437,14.2361701996441,655,R0655,2.14602407377193,Exp1,regime_structure,regime-pipeline-v1,3,655
1.01574084689398,91.4281938381742,11.8239083812322,0.788260558748815,20,8,1,1,1,1,3,0.185634783301079,0.502349809456946,0.353191955620332,0.502349809456946,0,0.818333333333333,0,0,0,0.0715474209650582,0,3,EASY,2,0.1939240517715,3,0.35,2.04798929510754,0.0120201537779752,0.0888937308805005,-57.2005263310989,6.14016318039817,32.4367878254304,0.124293350797091,0.0441837678150148,91.4281938381742,11.8239083812322,656,R0656,1.8505358258601,Exp1,regime_structure,regime-pipeline-v1,3,656
0.904621273917862,50.3894434338434,9.58439707663634,0.63895980510909,20,32,0,0,0,0,0,40.0562889673234,79.5144535299184,23.0985635508978,79.5144535299184,0.821963394342762,0.998333333333333,3,0,0.738768718801997,0.881863560732113,3,3,INFEASIBLE,0,0.387635980829001,4,0.35,1.12780834811125,0.013353437741369,0.105447555757241,-47.4955850789923,11.6771375913397,39.6741181302669,0.0653202008452264,0.227496941690623,50.3894434338434,9.58439707663634,657,R0657,-2.08176229493125,Exp1,regime_structure,regime-pipeline-v1,3,657
1.50647980374201,69.9994396310934,8.06241408050135,0.537494272033423,20,32,0,0,0,0,0,17.863092213146,39.9072572725922,30.9191488746166,39.9072572725922,0.816971713810316,0.996666666666667,3,0,0.735440931780366,0.860232945091514,3,3,INFEASIBLE,0,0.429475476187119,4,0.35,1.66014405218055,0.0320781085483604,0.122628723209734,-63.0150535825926,12.9797221573176,34.0571076613578,0.0647514852226426,0.144981244520914,69.9994396310934,8.06241408050135,658,R0658,-1.87417537343065,Exp1,regime_structure,regime-pipeline-v1,3,658
1.08541183409047,69.5283186812053,13.1842574708327,0.878950498055514,20,32,0,0,0,0,0,17.0823498426642,48.5500568481282,48.5500568481282,48.5500568481282,0.577371048252912,0.995,3,0,0.470881863560732,0.667221297836938,3,3,INFEASIBLE,0,0.321376577106691,4,0.35,1.53950631426543,0.0122334299310457,0.194957170528335,-32.9814881088477,8.80154210187808,45.4246063723622,0.13396761558614,0.127752296306004,69.5283186812053,13.1842574708327,659,R0659,-2.21337788337571,Exp1,regime_structure,regime-pipeline-v1,3,659
2.07378270358025,25.5722204989633,13.6855996430793,0.912373309538619,20,8,0,0,0,0,0,90,90,90,90,0.813643926788686,0.998333333333333,3,0,0.668885191347754,0.853577371048253,3,3,INFEASIBLE,0,0.227595478202801,2,0.35,1.47747993383752,0.0334898584202149,0.212413415221032,-48.2274163573904,9.45888466622016,31.5854259159612,0.0471764327146342,0.229915488132585,25.5722204989633,13.6855996430793,660,R0660,-2.32524982535206,Exp1,regime_structure,regime-pipeline-v1,3,660
0.549232933105179,20.5596812708685,9.35120226923726,0.623413484615818,20,32,0,0,0,0,0,14.6045598286241,39.8991925691176,39.8991925691176,39.8991925691176,0.657237936772047,0.996666666666667,3,0,0.569051580698835,0.685524126455907,3,3,INFEASIBLE,0,0.360098363155844,3,0.35,1.76162365308249,0.0254371429994455,0.109018175720947,-30.6489146724957,7.6172696454906,47.9044917662732,0.0205081651521051,0.121862190705125,20.5596812708685,9.35120226923726,661,R0661,-1.98553983955255,Exp1,regime_structure,regime-pipeline-v1,3,661
2.2243812912477,101.675940684065,13.2744345552459,0.884962303683061,20,32,0,0,0,0,0,39.4219318067889,80.6636925908816,35.6380182353903,80.6636925908816,0.782029950083195,1,3,0,0.652246256239601,0.825291181364393,3,3,INFEASIBLE,0,0.24662712778258,1,0.35,1.15601016950204,0.0299148609269952,0.220833860376466,-59.0000636982667,12.7174179313502,44.409837038687,0.00559379057108541,0.150335351295639,101.675940684065,13.2744345552459,662,R0662,-2.416392202271,Exp1,regime_structure,regime-pipeline-v1,3,662
2.53713589558114,105.220369204522,12.4685690715071,0.831237938100471,20,32,0,1,0,0.333333333333333,1,8.5597773966304,22.2949498922409,22.2949498922409,22.2949498922409,0.569051580698835,0.995,3,0,0.35108153078203,0.705490848585691,3,3,INFEASIBLE,0,0.414935326125526,6,0.35,1.89642967655937,0.0230047263516362,0.224127508853434,-52.4628898878758,13.4345797167882,27.8015266739968,0.0245348272000011,0.0775674410399398,105.220369204522,12.4685690715071,663,R0663,-1.76141498510764,Exp1,regime_structure,regime-pipeline-v1,3,663
1.44019489195475,20.8998522922735,8.31670503852944,0.554447002568629,20,32,1,1,1,1,3,12.6628683628268,27.0642435861348,8.57296696149488,27.0642435861348,0.625623960066556,0.991666666666667,3,0,0.455906821963394,0.687188019966722,3,3,FRAGILE,1,0.392882438602405,5,0.35,1.42450072209611,0.0342635569532335,0.125318072875178,-55.2314326682908,12.5960246128249,29.8963973782835,0.115139210728789,0.0752549392196226,20.8998522922735,8.31670503852944,664,R0664,0,Exp1,regime_structure,regime-pipeline-v1,3,664
1.75045218514464,25.0472289126492,11.3896636649785,0.759310910998567,20,32,1,1,1,1,3,5.39585524219861,11.9909990852835,3.60072366878222,11.9909990852835,0.415973377703827,0.996666666666667,3,0,0.151414309484193,0.510815307820299,3,3,EASY,2,0.13859326473931,4,0.35,1.63159318180664,0.021179640213781,0.174180334532221,-54.2222815950114,12.5031348801207,37.6803275636847,0.016917843052287,0.0411303385099114,25.0472289126492,11.3896636649785,665,R0665,1.30375637164734,Exp1,regime_structure,regime-pipeline-v1,3,665
1.87938316662932,89.1168121213864,8.42455265609838,0.561636843739892,20,32,0,0,0,0,0,40.9198963680415,90,90,90,0.835274542429285,0.996666666666667,3,0,0.743760399334443,0.868552412645591,3,3,INFEASIBLE,0,0.390036276908981,5,0.35,1.87179297489897,0.0221928372079371,0.136928617219936,-63.9465913855303,10.0588180511663,28.0966108423981,0.0681747770583437,0.209526690114865,89.1168121213864,8.42455265609838,666,R0666,-2.45479331694323,Exp1,regime_structure,regime-pipeline-v1,3,666
1.70242145370111,80.0180538915233,10.235691969651,0.682379464643397,20,32,0,0,0,0,0,33.8810938645878,90,90,90,0.793677204658902,0.995,3,0,0.685524126455907,0.841930116472546,3,3,INFEASIBLE,0,0.381235027640412,6,0.35,1.40587832497693,0.0274191912279928,0.210095919464783,-45.0489290355523,11.9327503615166,40.0065744415258,0.138884683949035,0.162695947635019,80.0180538915233,10.235691969651,667,R0667,-2.03999165110356,Exp1,regime_structure,regime-pipeline-v1,3,667
1.57613060399499,103.811759494473,8.27038949354791,0.551359299569861,20,32,0,1,0,0.333333333333333,1,14.1252622920782,38.6229411544625,38.2741063813696,38.6229411544625,0.747088186356073,0.993333333333333,3,0,0.62063227953411,0.805324459234609,3,3,INFEASIBLE,0,0.265517543156752,4,0.35,1.60671016506075,0.0367398150884006,0.203911775974919,-38.3401680095241,9.22283332451058,31.8470779540272,0.0128073382536998,0.145377334758298,103.811759494473,8.27038949354791,668,R0668,-2.00084640352505,Exp1,regime_structure,regime-pipeline-v1,3,668
1.41219848057801,95.6810983985429,14.493639653174,0.966242643544936,20,32,0,0,0,0,0,29.1786430453856,62.2148211934232,62.2148211934232,62.2148211934232,0.75873544093178,0.998333333333333,3,0,0.633943427620632,0.800332778702163,3,3,INFEASIBLE,0,0.137886537975633,3,0.35,1.86250561187279,0.0323032216850166,0.225961196515264,-34.5052787732517,9.513300903801,39.4556034264946,0.147364832062542,0.231416995066653,95.6810983985429,14.493639653174,669,R0669,-2.74257358142988,Exp1,regime_structure,regime-pipeline-v1,3,669
1.28976464079488,34.6165109950069,13.3786296805688,0.891908645371253,20,32,0,0,0,0,0,49.3167814460274,90,90,90,0.602329450915141,0.998333333333333,3,0,0.565723793677205,0.763727121464226,3,3,INFEASIBLE,0,0.267474384506577,6,0.35,1.80593586945306,0.0123227915619562,0.18508066403079,-37.4196260669373,5.17467919935411,37.321699234716,0.0796429925786327,0.211973540691991,34.6165109950069,13.3786296805688,670,R0670,-2.46150884268433,Exp1,regime_structure,regime-pipeline-v1,3,670
0.587516108858672,92.5875331375425,14.5190033808211,0.967933558721408,20,32,0,0,0,0,0,34.2926457074689,90,90,90,0.765391014975042,0.998333333333333,3,0,0.658901830282862,0.805324459234609,3,3,INFEASIBLE,0,0.396703553593496,4,0.35,1.3282822751099,0.0220103830877174,0.0754392765217269,-42.9558480974413,11.3744273554999,39.3787045369257,0.0899274193015585,0.235203969578736,92.5875331375425,14.5190033808211,671,R0671,-2.33090588525237,Exp1,regime_structure,regime-pipeline-v1,3,671
1.09301284144694,102.154171041346,8.75889894571375,0.583926596380917,20,8,1,1,1,1,3,0.126138065441864,0.305583617216772,0.128211451615543,0.305583617216772,0,0.803333333333333,0,0,0,0,0,2.975,EASY,2,0.310049613639629,5,0.35,1.3068342272332,0.0137481234267235,0.101973384591528,-55.6143404887157,8.25516949954228,34.8464130013055,0.0319196239545627,0.0400982869324929,102.154171041346,8.75889894571375,672,R0672,1.34853470963261,Exp1,regime_structure,regime-pipeline-v1,3,672
0.436374247031797,110.441249270306,8.89165273597421,0.592776849064947,20,32,0,1,0,0.333333333333333,1,16.7145027513928,41.2465572312724,39.814472253465,41.2465572312724,0.770382695507488,0.995,3,0,0.6738768718802,0.838602329450915,3,3,INFEASIBLE,0,0.291043531671114,5,0.35,0.972239899570944,0.0376545376424522,0.0725267194250333,-33.8319423455513,9.30693496099283,40.9254123132689,0.0150300243509318,0.18413780717743,110.441249270306,8.89165273597421,673,R0673,-1.48353091662214,Exp1,regime_structure,regime-pipeline-v1,3,673
0.890839101443289,81.6354569832282,12.4853509011829,0.832356726745526,20,32,0,0,0,0,0,21.4233620540551,56.5941251574897,56.5941251574897,56.5941251574897,0.6738768718802,0.993333333333333,3,0,0.550748752079867,0.75540765391015,3,3,INFEASIBLE,0,0.234047126746006,3,0.35,1.28947795866866,0.0184911762574784,0.102925183516784,-40.7986644593611,6.67643961813677,28.7606043842477,0.133735934315628,0.225210283628661,81.6354569832282,12.4853509011829,674,R0674,-1.87223985769383,Exp1,regime_structure,regime-pipeline-v1,3,674
2.27742986973657,78.5983193346185,14.3097717127608,0.953984780850722,20,16,1,0,0,0.333333333333333,1,5.36755948711648,13.7006212392868,1.21628227976726,13.7006212392868,0.141430948419301,0.986666666666667,2.99,0,0.0998336106489185,0.327787021630616,3,3,FRAGILE,1,0.403319182342292,1,0.35,0.954185479302055,0.0228896750851636,0.232996940662063,-53.3921752715008,13.8808374912927,38.6213099087649,0.0427584720342815,0.0468187455891893,78.5983193346185,14.3097717127608,675,R0675,0,Exp1,regime_structure,regime-pipeline-v1,3,675
0.920240552401168,75.2848843703473,12.4488067578765,0.829920450525102,20,32,0,0,0,0,0,17.7449703481078,37.8586492609015,20.6021040087781,37.8586492609015,0.59234608985025,0.996666666666667,3,0,0.46089850249584,0.708818635607321,3,3,INFEASIBLE,0,0.223025430248062,2,0.35,1.7142389093846,0.015583077834276,0.140233693448115,-38.0620843706295,6.93660983270885,43.54602348212,0.142584442438061,0.183142583701901,75.2848843703473,12.4488067578765,676,R0676,-1.57537552893652,Exp1,regime_structure,regime-pipeline-v1,3,676
0.500253401652684,46.9401065179698,12.1669670938067,0.811131139587111,20,32,0,0,0,0,0,13.0811922386957,31.1391889102822,30.0211334036958,31.1391889102822,0.522462562396007,0.998333333333333,3,0,0.29450915141431,0.565723793677205,3,3,INFEASIBLE,0,0.437453771323039,2,0.35,1.68271267623965,0.0293015404112017,0.0999445726616351,-30.7397991381075,7.10018850211902,48.8204454490919,0.0198448922084444,0.157181321938419,46.9401065179698,12.1669670938067,677,R0677,-1.97703357284411,Exp1,regime_structure,regime-pipeline-v1,3,677
0.64176566040502,49.4471009086954,10.9442288576771,0.72961525717847,20,32,1,1,1,1,3,2.33336753102397,5.55670921975906,4.65390553946064,5.55670921975906,0.256239600665557,0.985,3,0,0.021630615640599,0.414309484193012,2.98,3,EASY,2,0.36730902200696,5,0.35,1.94072697569333,0.0258933562371373,0.0851952532374537,-44.5671125507643,12.3939765032099,45.307301696201,0.126341239887741,0.037922286027192,49.4471009086954,10.9442288576771,678,R0678,1.8139423119619,Exp1,regime_structure,regime-pipeline-v1,3,678
1.68389752081514,23.5026671848296,14.2723499840108,0.951489998934056,20,32,0,0,0,0,0,22.121060906113,39.7347170708086,16.3857825606364,39.7347170708086,0.643926788685524,0.998333333333333,3,0,0.525790349417637,0.685524126455907,3,3,INFEASIBLE,0,0.269286784345998,4,0.35,2.07698861186165,0.0100277341403643,0.180485825466775,-49.9112328349189,12.619187091122,37.0435702129612,0.103533353118574,0.0870273053333767,23.5026671848296,14.2723499840108,679,R0679,-2.14958548495345,Exp1,regime_structure,regime-pipeline-v1,3,679
0.240683932705986,115.804799369613,10.3100628358037,0.687337522386917,20,32,0,0,0,0,0,11.1839862419724,27.6946080144424,25.4975201894085,27.6946080144424,0.670549084858569,0.993333333333333,3,0,0.507487520798669,0.75540765391015,3,3,INFEASIBLE,0,0.0619612003811006,2,0.35,1.41715855168111,0.0173909994095537,0.0428895707009067,-32.114050544658,7.09276350959781,42.3897378179369,0.0239565155450228,0.181755837196,115.804799369613,10.3100628358037,680,R0680,-1.64153693156446,Exp1,regime_structure,regime-pipeline-v1,3,680
1.41449514186156,118.475049581192,13.0868867354457,0.872459115696378,20,32,0,0,0,0,0,9.85323821289684,25.8679700142625,25.8679700142625,25.8679700142625,0.612312811980033,0.998333333333333,3,0,0.459234608985025,0.703826955074875,3,3,INFEASIBLE,0,0.133598757611311,6,0.35,1.21833883094102,0.0370406589846452,0.164206028233894,-47.0923442278867,10.6322561490598,38.6845233204029,0.0558365516828966,0.110776587095659,118.475049581192,13.0868867354457,681,R0681,-2.13342700607224,Exp1,regime_structure,regime-pipeline-v1,3,681
1.91211388936381,51.3069922521854,13.8552158836824,0.923681058912158,45,16,0,0,0,0,0,15.0142744829642,47.5660003211174,47.5660003211174,47.5660003211174,0.495840266222962,0.99,3,0,0.237936772046589,0.544093178036606,3,3,INFEASIBLE,0,0.442095828419929,5,0.35,1.55798323350701,0.039280003253617,0.231306409711103,-44.5890518877691,6.94453267836961,37.6587287851102,0.0812847292741796,0.134997133415752,51.3069922521854,13.8552158836824,682,R0682,-2.08608385951477,Exp1,regime_structure,regime-pipeline-v1,3,682
2.81345707882497,42.6577209139241,8.94432975934305,0.59628865062287,20,8,0,0,0,0,0,90,90,90,90,0.767054908485857,0.998333333333333,3,0,0.735440931780366,0.782029950083195,3,3,INFEASIBLE,0,0.376553803864426,5,0.35,1.77688408701398,0.0230984851377088,0.227541178285695,-55.6800197572281,13.1993935725404,26.2482005531181,0.0180543008421204,0.204263919527446,42.6577209139241,8.94432975934305,683,R0683,-2.79099863372378,Exp1,regime_structure,regime-pipeline-v1,3,683
0.523293818930731,26.646588323703,10.6020173451125,0.70680115634083,20,16,1,1,1,1,3,0.220796514209403,0.515101101552867,0.220693103976885,0.515101101552867,0,0.865,0,0,0,0,0,0,EASY,2,0.148161518261878,2,0.35,1.73609509423882,0.0206135345146327,0.0913464260335199,-32.7734859239084,5.38997474601524,42.3641543547824,0.081548739560063,0.00154645208205869,26.646588323703,10.6020173451125,684,R0684,1.40980469764022,Exp1,regime_structure,regime-pipeline-v1,3,684
1.16322733764842,113.037142968065,11.4986448131996,0.766576320879974,20,32,1,1,1,1,3,0.0632266805931217,0.161489379021011,0.0114644086672796,0.161489379021011,0,0.916666666666667,0,0,0,0,0,0,EASY,2,0.340014197435376,6,0.35,2.06607388101387,0.0203611973346439,0.126352991178668,-53.812443257932,6.42362354590125,44.2250806293527,0.0274444110141217,0.00403838153827168,113.037142968065,11.4986448131996,685,R0685,2.18679015903843,Exp1,regime_structure,regime-pipeline-v1,3,685
1.75391347903364,77.1797772786518,9.50162127094718,0.633441418063145,20,32,0,0,0,0,0,23.0051819139555,49.5286009032645,11.0149905779034,49.5286009032645,0.778702163061564,0.993333333333333,3,0,0.647254575707155,0.830282861896839,3,3,INFEASIBLE,0,0.139323621903373,6,0.35,1.96292998767343,0.0345747710612613,0.217914747326133,-41.816111230238,8.72981598249561,34.9386044741122,0.142049629456715,0.194070761468164,77.1797772786518,9.50162127094718,686,R0686,-2.00368474711191,Exp1,regime_structure,regime-pipeline-v1,3,686
1.70788106324782,118.166478957364,11.5503755564784,0.77002503709856,20,32,1,1,1,1,3,2.15099002277225,5.49882237173491,2.49507016193296,5.49882237173491,0.319467554076539,0.991666666666667,3,0,0.0732113144758735,0.430948419301165,2.91,3,EASY,2,0.159482437001855,5,0.35,1.45659120480693,0.0108591155955112,0.147154334858266,-69.6995137999244,10.2084570568388,46.6822444072303,0.124939121907204,0.0491526740196708,118.166478957364,11.5503755564784,687,R0687,2.20805527337328,Exp1,regime_structure,regime-pipeline-v1,3,687
1.88770418626203,88.9155239566006,8.10092662068895,0.540061774712597,20,32,0,0,0,0,0,16.1696020572406,49.0825629388792,49.0825629388792,49.0825629388792,0.775374376039933,0.996666666666667,3,0,0.693843594009983,0.806988352745424,3,3,INFEASIBLE,0,0.413790715189397,3,0.35,2.03731020962759,0.0172014477189881,0.136405122408319,-64.3762990235974,8.6303213010294,28.0095963172962,0.116544669292329,0.164553108628674,88.9155239566006,8.10092662068895,688,R0688,-2.0626277447189,Exp1,regime_structure,regime-pipeline-v1,3,688
1.79485671100985,66.6410084767251,13.5999044028247,0.906660293521645,20,32,0,0,0,0,0,11.9758230124799,41.2106884313756,41.2106884313756,41.2106884313756,0.502495840266223,0.995,3,0,0.27287853577371,0.557404326123128,3,3,INFEASIBLE,0,0.383004519238635,1,0.35,1.92362027036556,0.0262617419858527,0.239289997610969,-38.0055577926418,5.46387814756985,33.2311295211018,0.0711773980704994,0.132825180360978,66.6410084767251,13.5999044028247,689,R0689,-1.97835572369981,Exp1,regime_structure,regime-pipeline-v1,3,689
0.670281965678626,59.1404304315385,8.63271546622711,0.57551436441514,20,32,1,1,1,1,3,2.40086666992934,6.56481186035557,4.18609700355119,6.56481186035557,0.354409317803661,0.991666666666667,3,0,0.1630615640599,0.509151414309484,3,3,EASY,2,0.213943029771052,4,0.35,2.05062826967883,0.0283994170339507,0.0673354289445843,-57.7000776631191,8.73743040085451,43.4896933429822,0.084736068440216,0.0529478861148638,59.1404304315385,8.63271546622711,690,R0690,1.39314152225395,Exp1,regime_structure,regime-pipeline-v1,3,690
1.09956669037498,57.5585567490895,12.4669953766215,0.831133025108098,20,32,1,1,1,1,3,0.592233729232582,1.92740744305366,0.0307801360084696,1.92740744305366,0,0.95,0,0,0,0.0499168053244592,0,3,EASY,2,0.44318305511487,5,0.35,1.20716504215949,0.0263054118908598,0.211774685654245,-31.0486410841693,7.24867355278952,46.2861962561854,0.109086839446671,0.0203349917560529,57.5585567490895,12.4669953766215,691,R0691,1.73364951679486,Exp1,regime_structure,regime-pipeline-v1,3,691
0.796504970179858,52.0075650730804,13.1694612425734,0.877964082838229,20,32,0,0,0,0,0,42.1002508336461,90,90,90,0.777038269550749,0.998333333333333,3,0,0.688851913477537,0.871880199667221,3,3,INFEASIBLE,0,0.17796195152822,3,0.35,1.13008253703018,0.0181932163633041,0.0853930333937629,-46.4960894219322,10.701559343459,32.163412069591,0.114067389819775,0.227386151294067,52.0075650730804,13.1694612425734,692,R0692,-2.04074906667505,Exp1,regime_structure,regime-pipeline-v1,3,692
1.88519061633279,109.604514679848,12.1108790117252,0.807391934115016,20,32,0,1,0,0.333333333333333,1,7.16710695323972,22.0567393980142,22.0567393980142,22.0567393980142,0.540765391014975,0.996666666666667,3,0,0.292845257903494,0.62063227953411,3,3,INFEASIBLE,0,0.0928160174112529,2,0.35,1.75142513384212,0.0154190423667259,0.147615844424628,-56.8705834856126,10.4315069702968,25.6680062851614,0.072523641414403,0.0937937736571724,109.604514679848,12.1108790117252,693,R0693,-1.30168703138917,Exp1,regime_structure,regime-pipeline-v1,3,693
0.790513522652791,29.052830386132,13.0577752799802,0.870518351998679,20,32,1,1,1,1,3,14.4117563836817,28.7832428509356,6.59847157936862,28.7832428509356,0.577371048252912,0.998333333333333,3,0,0.369384359400998,0.670549084858569,3,3,FRAGILE,1,0.115470582341361,5,0.35,1.18650721507589,0.0107586564627372,0.113585905020508,-31.0982417508185,10.444454180055,25.8442126794164,0.0235218626906576,0.0935464482927118,29.052830386132,13.0577752799802,694,R0694,0,Exp1,regime_structure,regime-pipeline-v1,3,694
1.12837138986547,71.4738838655687,12.3947361244452,0.82631574162968,20,32,1,1,1,1,3,1.48732456187812,3.50317459612043,0.0724419771447799,3.50317459612043,0.0732113144758735,0.986666666666667,2.9,0,0,0.296173044925125,3,2.93,EASY,2,0.311832672231236,3,0.35,1.0847809111581,0.0312524745533079,0.109042940424725,-58.2456307506999,8.45236934661574,41.0089867223127,0.0954082381592787,0.042196766370763,71.4738838655687,12.3947361244452,695,R0695,2.07468509102409,Exp1,regime_structure,regime-pipeline-v1,3,695
1.23008652934584,86.2257019251447,11.673952261695,0.778263484112998,20,32,0,0,0,0,0,9.45964310130507,21.9351282882039,20.5130931398687,21.9351282882039,0.630615640599002,0.996666666666667,3,0,0.429284525790349,0.710482529118136,3,3,INFEASIBLE,0,0.173214716794419,1,0.35,1.78765569478757,0.0277759533135469,0.23543485699218,-31.3667594170941,12.292081414527,46.6520639253351,0.112066713008776,0.0885476009596696,86.2257019251447,11.673952261695,696,R0696,-2.31474173898151,Exp1,regime_structure,regime-pipeline-v1,3,696
0.464834916280535,25.9290549535005,9.98808187569918,0.665872125046612,20,32,0,0,0,0,0,19.7315828171541,41.108710389668,36.4177619186496,41.108710389668,0.680532445923461,0.998333333333333,3,0,0.537437603993344,0.717138103161398,3,3,INFEASIBLE,0,0.357449588763941,2,0.35,1.92138359611891,0.0282317004443408,0.0473465577226682,-55.5130155344072,10.1587020557722,41.3837964586939,0.116706196713771,0.121565625866702,25.9290549535005,9.98808187569918,697,R0697,-1.87729212715609,Exp1,regime_structure,regime-pipeline-v1,3,697
0.256394883085622,21.9850782245316,11.6445589162541,0.776303927750276,20,32,0,0,0,0,0,20.2165726901009,47.0809948912706,47.0084712140039,47.0809948912706,0.675540765391015,0.998333333333333,3,0,0.544093178036606,0.717138103161398,3,3,INFEASIBLE,0,0.28477620469821,1,0.35,1.33957839234087,0.0312367593963106,0.0435921111819615,-32.1624837520427,12.1686915321613,38.7041571660721,0.0538770120831261,0.094223588007763,21.9850782245316,11.6445589162541,698,R0698,-2.02520898437756,Exp1,regime_structure,regime-pipeline-v1,3,698
1.2408667288508,24.316956960813,9.67718034553394,0.64514535636893,20,32,0,0,0,0,0,19.7951526446085,42.7251174100376,42.1028831164042,42.7251174100376,0.698835274542429,0.996666666666667,3,0,0.474209650582363,0.752079866888519,3,3,INFEASIBLE,0,0.05132074419054,1,0.35,1.70509796963088,0.0393026618367341,0.0998043674693168,-62.7725396139583,8.07003575851714,32.9951091185257,0.0388158934850616,0.105692092614859,24.316956960813,9.67718034553394,699,R0699,-2.32229008092014,Exp1,regime_structure,regime-pipeline-v1,3,699
1.74546060880612,74.3638504493632,9.22720474258795,0.615146982839197,20,32,1,1,1,1,3,4.01825670783066,9.98403339630289,5.34550155093709,9.98403339630289,0.515806988352745,0.996666666666667,3,0,0.362728785357737,0.643926788685524,2.955,3,EASY,2,0.126595932020683,5,0.35,1.29504416551692,0.0303422736835071,0.152744014228486,-58.8468854485205,11.030221657464,34.3254798416981,0.104758772382884,0.0727543442651893,74.3638504493632,9.22720474258795,700,R0700,1.37073930304725,Exp1,regime_structure,regime-pipeline-v1,3,700
0.934051205012974,94.3617184017269,8.84752474262121,0.589834982841414,20,32,1,1,1,1,3,6.11351930057024,15.129570703774,7.40552308232533,15.129570703774,0.56738768718802,0.993333333333333,3,0,0.0349417637271215,0.560732113144759,2.9,3,EASY,2,0.439445166626875,4,0.35,0.951754001988434,0.0299663320163787,0.107492376480338,-44.4019379784351,7.91024746959766,33.7970790674857,0.130019983685191,0.085011431197505,94.3617184017269,8.84752474262121,701,R0701,2.11390559114913,Exp1,regime_structure,regime-pipeline-v1,3,701
1.20265414350811,111.862882511545,9.40275009281633,0.626850006187755,20,32,1,1,0,0.666666666666667,2,6.31424191112268,16.4713140601456,14.2645774411769,16.4713140601456,0.607321131447587,0.995,3,0,0.410981697171381,0.697171381031614,3,3,FRAGILE,1,0.234764335501703,5,0.35,1.1273223015382,0.0183358179953563,0.119768971848728,-52.702022210192,8.49333260883327,35.6552146612736,0.0121879182160072,0.110543394683456,111.862882511545,9.40275009281633,702,R0702,0,Exp1,regime_structure,regime-pipeline-v1,3,702
0.820644386927155,65.2266240907323,9.30362309673171,0.620241539782114,20,32,0,0,0,0,0,12.9406615922945,39.4410094186126,39.4410094186126,39.4410094186126,0.73044925124792,0.996666666666667,3,0,0.630615640599002,0.806988352745424,3,3,INFEASIBLE,0,0.101794825994779,2,0.35,1.1952222433709,0.0328600274688419,0.0879417465819539,-47.0671213648528,12.0184232035373,32.9288678391451,0.0361356122880467,0.114718423740402,65.2266240907323,9.30362309673171,703,R0703,-2.01887913775432,Exp1,regime_structure,regime-pipeline-v1,3,703
0.609712984152193,79.225876168501,10.8327391631863,0.722182610879084,20,32,0,0,0,0,0,22.6575933058661,49.8309231179628,33.2442572222012,49.8309231179628,0.78369384359401,0.998333333333333,3,0,0.647254575707155,0.833610648918469,3,3,INFEASIBLE,0,0.298767659988979,2,0.35,1.8602408960948,0.0189909749410367,0.0953288017265233,-37.2595820027,10.7233923788055,43.9273186746344,0.0784031108085859,0.194773676463936,79.225876168501,10.8327391631863,704,R0704,-2.02675900436276,Exp1,regime_structure,regime-pipeline-v1,3,704
0.77524658695808,34.334613011404,8.17110696349551,0.544740464233034,20,32,1,1,1,1,3,2.93445892961798,6.45114591662702,1.35879589623168,6.45114591662702,0.384359400998336,0.988333333333333,2.98,0,0.148086522462562,0.529118136439268,2.89,2.975,EASY,2,0.226069092595447,3,0.35,1.47789970002586,0.0399661117114204,0.0567233364289452,-65.8572188211588,5.78904550318361,30.0546683233969,0.0444454549611333,0.0763930340799861,34.334613011404,8.17110696349551,705,R0705,2.27910898791057,Exp1,regime_structure,regime-pipeline-v1,3,705
2.84752773195035,71.062274937607,14.8895862136047,0.992639080906979,20,32,0,0,0,0,0,39.3019847604256,90,90,90,0.597337770382696,0.998333333333333,3,0,0.552412645590682,0.615640599001664,3,3,INFEASIBLE,0,0.259604379223724,4,0.35,1.51629807147577,0.0233647668183736,0.227339253974764,-59.3245511090367,6.11910139306112,29.0364297061368,0.112336214621739,0.164619901735139,71.062274937607,14.8895862136047,706,R0706,-2.126596692823,Exp1,regime_structure,regime-pipeline-v1,3,706
1.02886711352335,22.2278672139216,13.0372157540728,0.869147716938187,20,32,0,0,0,0,0,75.6681727230754,90,90,90,0.910149750415973,0.998333333333333,3,0,0.846921797004992,0.935108153078203,3,3,INFEASIBLE,0,0.0607854276910175,4,0.35,1.4354906366667,0.0338607928238187,0.0904278692419986,-67.1182725308777,13.8295329706416,45.0431673141413,0.095613005658419,0.235308348330039,22.2278672139216,13.0372157540728,707,R0707,-3.11490507215554,Exp1,regime_structure,regime-pipeline-v1,3,707
1.48362444285966,109.807780165934,14.0763731012966,0.938424873419773,20,32,0,0,0,0,0,21.3072018341259,69.8295780054128,69.8295780054128,69.8295780054128,0.672212978369384,0.996666666666667,3,0,0.555740432612313,0.760399334442596,3,3,INFEASIBLE,0,0.254333480103514,5,0.35,1.54712886331523,0.0293544040554524,0.194330433192354,-40.1685933661434,9.03479454658389,35.831771723739,0.0151295016612254,0.17870996503322,109.807780165934,14.0763731012966,708,R0708,-1.60558781575904,Exp1,regime_structure,regime-pipeline-v1,3,708
1.26167415445692,115.645414179,13.1368075599635,0.875787170664236,20,32,0,0,0,0,0,13.1037106145286,38.2789286615579,38.2789286615579,38.2789286615579,0.680532445923461,0.996666666666667,3,0,0.537437603993344,0.772046589018303,3,3,INFEASIBLE,0,0.286823336151147,6,0.35,1.40774417093982,0.0326692314573723,0.12914796916822,-51.38459975017,13.8136195187523,35.8103085229921,0.0292933127479282,0.109742791830946,115.645414179,13.1368075599635,709,R0709,-2.38883580633356,Exp1,regime_structure,regime-pipeline-v1,3,709
0.436410641970879,118.053080789508,8.54078770790059,0.569385847193373,20,32,0,0,0,0,0,12.0495972899184,31.7125800877278,31.7125800877278,31.7125800877278,0.742096505823627,0.996666666666667,3,0,0.657237936772047,0.813643926788686,3,3,INFEASIBLE,0,0.160964999167324,4,0.35,1.31739699325557,0.0332823966506476,0.0687982183456831,-37.0237609136005,5.94940499039688,44.0946744793972,0.08339052800032,0.248915035124479,118.053080789508,8.54078770790059,710,R0710,-1.70199643477121,Exp1,regime_structure,regime-pipeline-v1,3,710
1.24737608947417,116.590665063903,11.8791928817646,0.791946192117639,20,32,0,0,0,0,0,14.9254520924008,40.4625142363582,40.416960613505,40.4625142363582,0.717138103161398,0.995,3,0,0.527454242928453,0.75873544093178,3,3,INFEASIBLE,0,0.079104288928211,3,0.35,0.982756739985171,0.0219367564538769,0.172590304166687,-40.4326275633755,10.0845673500549,40.5100935634555,0.081673139571352,0.140953604747604,116.590665063903,11.8791928817646,711,R0711,-1.77368278191255,Exp1,regime_structure,regime-pipeline-v1,3,711
0.721433313598902,114.335227334645,12.4392155576921,0.829281037179471,20,32,1,1,1,1,3,1.79720453528186,4.65878164423716,1.6703025352673,4.65878164423716,0.222961730449251,0.99,2.895,0,0,0.281198003327787,0,3,EASY,2,0.103727750077841,5,0.35,1.34528382525467,0.0266154704540104,0.068181068076634,-55.7736106753342,11.5044315097703,35.9628493346653,0.115295729507081,0.0403810625895646,114.335227334645,12.4392155576921,712,R0712,1.87024735436228,Exp1,regime_structure,regime-pipeline-v1,3,712
0.501553311568305,111.31923626659,10.9254258907631,0.728361726050875,20,32,1,1,1,1,3,2.84649406220535,8.4747425415637,8.4688890687663,8.4747425415637,0.504159733777038,0.995,3,0,0.19134775374376,0.597337770382696,3,3,EASY,2,0.161133878028973,2,0.35,1.40203336108488,0.0282628203414559,0.0514053071907861,-56.5071829842551,13.5423126341608,43.4160575876397,0.0467126637687009,0.0488425504757651,111.31923626659,10.9254258907631,713,R0713,2.02128901408557,Exp1,regime_structure,regime-pipeline-v1,3,713
0.258407955888387,52.6081499072996,13.990660246628,0.932710683108536,20,32,1,0,1,0.666666666666667,2,10.2384187831402,21.1834777319251,13.4613875191201,21.1834777319251,0.520798668885191,0.995,3,0,0.334442595673877,0.645590682196339,3,3,FRAGILE,1,0.238217938957014,3,0.35,1.88441517674475,0.0380800472870067,0.0409952821223684,-38.7303064884885,6.44129049868699,48.8673988068241,0.128220511345551,0.1604556449217,52.6081499072996,13.990660246628,714,R0714,0,Exp1,regime_structure,regime-pipeline-v1,3,714
1.53131465412289,91.6409897005873,10.4597568945544,0.697317126303628,20,32,0,1,0,0.333333333333333,1,8.17062493183851,21.4882255468871,21.4614339272275,21.4882255468871,0.587354409317804,0.996666666666667,3,0,0.35108153078203,0.682196339434276,3,3,INFEASIBLE,0,0.208062131298743,2,0.35,1.6539756277227,0.0342805553253733,0.182909838236315,-51.7428327339335,6.01818028143642,49.4432503850893,0.0753110176153941,0.139318471404241,91.6409897005873,10.4597568945544,715,R0715,-1.61399093624624,Exp1,regime_structure,regime-pipeline-v1,3,715
1.85459371631191,28.4286505737544,13.5277835526681,0.901852236844538,20,8,0,0,0,0,0,90,90,90,90,0.540765391014975,0.998333333333333,3,0,0.499168053244592,0.560732113144759,3,3,INFEASIBLE,0,0.301837597912136,4,0.35,1.15798017314907,0.0367252612175748,0.151342981399736,-64.8646093365547,10.5311071859754,36.2663603928175,0.015953121932985,0.160642169769973,28.4286505737544,13.5277835526681,716,R0716,-2.36702998900766,Exp1,regime_structure,regime-pipeline-v1,3,716
0.725002386964994,56.9795073528733,9.52452750793593,0.634968500529062,20,32,0,0,0,0,0,19.2913649172644,42.8142268198075,15.3023157013845,42.8142268198075,0.78369384359401,0.993333333333333,3,0,0.657237936772047,0.816971713810316,3,3,INFEASIBLE,0,0.0885040117316966,5,0.35,1.86358962199639,0.0282046301005975,0.10556771516135,-39.5360061758488,11.2740530715805,42.8973357627253,0.13135215401308,0.154641620085049,56.9795073528733,9.52452750793593,717,R0717,-2.09250725237946,Exp1,regime_structure,regime-pipeline-v1,3,717
1.48719706313373,111.736369921804,12.2388351477446,0.815922343182974,20,32,0,0,0,0,0,61.6479370539952,90,90,90,0.831946755407654,0.998333333333333,3,0,0.763727121464226,0.863560732113145,3,3,INFEASIBLE,0,0.170981749112282,3,0.35,0.945302394148689,0.0259137292499424,0.210170022638495,-39.3048645826198,12.7023523176632,39.9354396090752,0.107852422208907,0.246610760731997,111.736369921804,12.2388351477446,718,R0718,-2.31258129459418,Exp1,regime_structure,regime-pipeline-v1,3,718
0.630666233573053,119.298154602822,13.457195189882,0.897146345992136,20,32,0,0,0,0,0,24.4811831615563,55.3033432718222,44.7513283935446,55.3033432718222,0.705490848585691,0.996666666666667,3,0,0.587354409317804,0.757071547420965,3,3,INFEASIBLE,0,0.413508685130541,3,0.35,1.53090671852184,0.0330620508392808,0.0505279799998611,-59.9627253707012,9.73835479358271,29.8736851352023,0.114784651630803,0.182274553295272,119.298154602822,13.457195189882,719,R0719,-1.82304077461918,Exp1,regime_structure,regime-pipeline-v1,3,719
3.09706497999751,102.435610043264,9.87552376142166,0.658368250761444,20,32,1,1,1,1,3,6.2005910262218,15.2403200715898,9.22795874239157,15.2403200715898,0.475873544093178,0.991666666666667,3,0,0.156405990016639,0.562396006655574,3,3,EASY,2,0.110071170977173,5,0.35,0.974003403299471,0.0106951538135227,0.235593021783477,-66.4248837117269,6.45339536476508,33.0481515029502,0.00634693591101648,0.102294719996067,102.435610043264,9.87552376142166,720,R0720,2.24109331724125,Exp1,regime_structure,regime-pipeline-v1,3,720
0.456257071785194,73.6293866923971,12.7671374388311,0.851142495922075,20,32,1,1,1,1,3,7.24794368735001,16.5897469530213,6.65301289035641,16.5897469530213,0.495840266222962,0.991666666666667,3,0,0.331114808652246,0.612312811980033,3,2.96,EASY,2,0.0762091532426804,6,0.35,1.216973654618,0.0261645618367653,0.04530199031064,-46.3410400280935,7.9424157690972,27.403640265718,0.0964878508026575,0.113277140782285,73.6293866923971,12.7671374388311,721,R0721,1.35836488269955,Exp1,regime_structure,regime-pipeline-v1,3,721
1.7024329167547,107.939262724427,13.017843142735,0.867856209515668,20,32,0,0,0,0,0,32.1602849698094,90,90,90,0.747088186356073,0.996666666666667,3,0,0.657237936772047,0.820299500831947,3,3,INFEASIBLE,0,0.284691904814048,4,0.35,1.44720048808156,0.0310880501038884,0.208721248617149,-48.7098729473037,11.8844052749727,46.1624301232687,0.042568872978139,0.16513093042824,107.939262724427,13.017843142735,722,R0722,-2.23215999562674,Exp1,regime_structure,regime-pipeline-v1,3,722
1.18825485279965,118.858928782104,8.71814388593829,0.581209592395886,20,32,0,0,0,0,0,15.2513043827394,35.797867605149,35.797867605149,35.797867605149,0.805324459234609,0.991666666666667,3,0,0.670549084858569,0.828618968386023,3,3,INFEASIBLE,0,0.279523832566419,2,0.35,1.6119605145713,0.0285686743449564,0.102201433750593,-61.4280946415247,10.8329298410746,36.1318526202955,0.0608722641004311,0.175547482472868,118.858928782104,8.71814388593829,723,R0723,-2.27214070848349,Exp1,regime_structure,regime-pipeline-v1,3,723
0.886561515294454,96.7602117617818,13.9741796442521,0.931611976283475,20,8,1,1,1,1,3,0.0616057270225444,0.136146074459269,0.0640369698157689,0.136146074459269,0,0.356666666666667,0,0,0,0,0,0,EASY,2,0.10808850316621,5,0.35,1.95824610707689,0.0291240378750903,0.0589880610440766,-66.8195033184598,6.27860415513645,25.584582545496,0.130420897719389,0.00571692229947774,96.7602117617818,13.9741796442521,724,R0724,2.77029970670347,Exp1,regime_structure,regime-pipeline-v1,3,724
1.95919033269036,46.874502314742,8.11431571859046,0.540954381239364,20,32,0,0,0,0,0,52.4883283136281,90,90,90,0.780366056572379,0.996666666666667,3,0,0.732113144758735,0.850249584026622,3,3,INFEASIBLE,0,0.0962583794328266,3,0.35,1.98324909842757,0.0210618261471398,0.178571049703686,-60.8118691574319,6.10596621238221,39.7655420440893,0.0482969980914521,0.242637612637734,46.874502314742,8.11431571859046,725,R0725,-2.68623408587567,Exp1,regime_structure,regime-pipeline-v1,3,725
1.22111933972684,41.0933852575262,12.8634681001753,0.857564540011685,20,8,0,0,0,0,0,90,90,90,90,0.650582362728785,0.995,3,0,0.600665557404326,0.707154742096506,3,3,INFEASIBLE,0,0.162887703813299,4,0.35,1.23622503175412,0.0323273176800185,0.110309285757066,-56.8464602748789,12.6270380287886,34.1331317816571,0.115689523077532,0.242500122078967,41.0933852575262,12.8634681001753,726,R0726,-2.42822915635344,Exp1,regime_structure,regime-pipeline-v1,3,726
3.06118670524197,47.8312017931196,10.7933935394642,0.719559569297617,20,8,0,0,0,0,0,90,90,90,90,0.670549084858569,0.998333333333333,3,0,0.650582362728785,0.683860232945091,3,3,INFEASIBLE,0,0.162287508939184,4,0.35,1.94259877163996,0.0225252571568562,0.228152421114445,-61.9853243475702,10.6034101679469,27.6254677236325,0.0500312413376786,0.243470086568069,47.8312017931196,10.7933935394642,727,R0727,-2.80968137047968,Exp1,regime_structure,regime-pipeline-v1,3,727
2.43484424398026,32.8606705657225,9.93899431880888,0.662599621253926,20,16,1,1,1,1,3,0.134235685557052,0.313220473363564,0.289205096196193,0.313220473363564,0,0.778333333333333,0,0,0,0,0,3,EASY,2,0.314093312767898,3,0.35,1.2367662974616,0.0167756613502169,0.19521468838841,-69.7644426375367,11.1174036750327,40.4960094360904,0.12559175471696,0.00908365455723812,32.8606705657225,9.93899431880888,728,R0728,1.99665340411288,Exp1,regime_structure,regime-pipeline-v1,3,728
0.373054896333164,74.2686443832282,13.2301915965817,0.882012773105446,20,32,1,1,1,1,3,3.49781611473534,8.43710218388492,3.4075266427745,8.43710218388492,0.178036605657238,0.978333333333333,3,0,0,0.342762063227953,3,3,EASY,2,0.369898287915679,2,0.35,2.00424677567678,0.0166550774990012,0.0472091137359588,-42.5272410132646,5.9709293853545,37.4888380536683,0.131114652500915,0.0554108320320043,74.2686443832282,13.2301915965817,729,R0729,1.97529617396069,Exp1,regime_structure,regime-pipeline-v1,3,729
1.77343072128561,59.9949465662084,9.60960841110503,0.640640560740335,20,32,1,1,1,1,3,10.4150841746164,21.9997454155958,6.53031489790878,21.9997454155958,0.600665557404326,0.995,3,0,0.377703826955075,0.660565723793677,3,3,FRAGILE,1,0.339703664816167,5,0.35,1.57366818864337,0.0378407327261784,0.164016257811229,-58.3747941695053,5.76276476374715,37.7274475670359,0.107370590917665,0.124418490211334,59.9949465662084,9.60960841110503,730,R0730,0,Exp1,regime_structure,regime-pipeline-v1,3,730
2.15469638587343,96.3780600449583,10.5328201038422,0.70218800692281,20,32,0,0,0,0,0,14.6573635199261,40.4025380691551,40.0206516830231,40.4025380691551,0.70216306156406,0.993333333333333,3,0,0.517470881863561,0.773710482529118,3,3,INFEASIBLE,0,0.23834348581704,5,0.35,1.56101155713871,0.0371963960667669,0.217244296017203,-45.7742797878023,13.8633661401352,27.5695066865956,0.0565782181285993,0.0901003506033714,96.3780600449583,10.5328201038422,731,R0731,-1.70323656741084,Exp1,regime_structure,regime-pipeline-v1,3,731
1.36814365021666,35.3632961664908,11.3188914414128,0.754592762760852,20,32,1,1,1,1,3,0.923223243723397,2.65058302181116,2.45931554429992,2.65058302181116,0,0.986666666666667,3,0,0,0.00166389351081531,0,3,EASY,2,0.225744320355567,5,0.35,0.93677292311577,0.027660072099731,0.102495269562284,-66.7803779615655,6.38128939816977,32.3968920056218,0.0459224507536212,0.0113877120226142,35.3632961664908,11.3188914414128,732,R0732,1.98983214430074,Exp1,regime_structure,regime-pipeline-v1,3,732
1.86749284843044,102.379755293396,13.2480131684351,0.883200877895675,20,8,1,1,1,1,3,0.0789188836378795,0.155434239563483,0.0954435843696873,0.155434239563483,0,0.515,0,0,0,0,0,0,EASY,2,0.265163217046238,2,0.35,2.09578527524168,0.0253873061757872,0.239956080156178,-41.6744026699198,12.3535479735361,37.114682303377,0.103171580463156,0.00277880655027807,102.379755293396,13.2480131684351,733,R0733,2.40836171012661,Exp1,regime_structure,regime-pipeline-v1,3,733
0.47294130589834,26.826151476142,14.1489348352786,0.94326232235191,20,32,0,0,0,0,0,72.1791897590492,90,90,90,0.861896838602329,0.998333333333333,3,0,0.743760399334443,0.906821963394343,3,3,INFEASIBLE,0,0.192576956565444,5,0.35,2.07638150625172,0.014492433750158,0.0690116732762575,-32.5651672100716,12.0077010784948,29.2279667535577,0.115410166247804,0.202995977559872,26.826151476142,14.1489348352786,734,R0734,-2.11476341069519,Exp1,regime_structure,regime-pipeline-v1,3,734
1.3691062224358,87.7508417250839,13.6544360782357,0.910295738549048,20,32,0,0,0,0,0,38.9867141473552,90,90,90,0.780366056572379,0.998333333333333,3,0,0.667221297836938,0.815307820299501,3,3,INFEASIBLE,0,0.206941942451107,2,0.35,1.37958669702376,0.0318176408262549,0.132253672833374,-59.8740407151504,11.5938120024208,43.2991816816983,0.126151190834947,0.20773426021576,87.7508417250839,13.6544360782357,735,R0735,-2.58028678002366,Exp1,regime_structure,regime-pipeline-v1,3,735
0.555174917736313,68.5859592093733,9.41876785427962,0.627917856951975,20,32,0,0,0,0,0,25.4043866061221,69.7189409001277,69.7189409001277,69.7189409001277,0.825291181364393,0.996666666666667,3,0,0.743760399334443,0.858569051580699,3,3,INFEASIBLE,0,0.193016536608168,5,0.35,2.07829997332845,0.0121136537061383,0.0748113337797703,-45.4543585763196,13.6112672049693,48.5609915581346,0.0366522515520033,0.176595410700035,68.5859592093733,9.41876785427962,736,R0736,-2.24935586360366,Exp1,regime_structure,regime-pipeline-v1,3,736
2.24252025643451,83.7852551531128,14.3694101211323,0.957960674742152,20,32,0,0,0,0,0,36.7430488307126,90,90,90,0.647254575707155,0.991666666666667,3,0,0.545757071547421,0.765391014975042,3,3,INFEASIBLE,0,0.0628273447588724,2,0.35,1.01192939953097,0.023248444366064,0.20379761740036,-61.7623089292948,9.38874060346381,40.7787453085708,0.0918564530456721,0.136987695527421,83.7852551531128,14.3694101211323,737,R0737,-1.85282135878984,Exp1,regime_structure,regime-pipeline-v1,3,737
1.74964035865942,20.6703246676298,11.9742294217644,0.798281961450958,20,32,1,1,1,1,3,6.82265523393142,14.7921242175019,6.93300167000165,14.7921242175019,0.382695507487521,0.998333333333333,3,0,0.199667221297837,0.437603993344426,3,3,EASY,2,0.172182655589983,5,0.35,1.25750750042525,0.0132603945966694,0.234882479973699,-36.3364421052168,11.9915496921511,30.7999371667472,0.0339487034036907,0.0483366898659528,20.6703246676298,11.9742294217644,738,R0738,1.67657190063513,Exp1,regime_structure,regime-pipeline-v1,3,738
1.51827764266722,42.7563407165339,8.59447395944478,0.572964930629652,20,32,0,0,0,0,0,16.374461305735,49.062367962863,49.062367962863,49.062367962863,0.738768718801997,0.998333333333333,3,0,0.574043261231281,0.780366056572379,3,3,INFEASIBLE,0,0.339089259560003,2,0.35,1.57613188204937,0.0160062991988576,0.204434820629465,-33.5637765967854,7.83238077189673,26.4368888944546,0.0254251728453143,0.186643069389146,42.7563407165339,8.59447395944478,739,R0739,-2.28666935099668,Exp1,regime_structure,regime-pipeline-v1,3,739
0.433645684899888,49.5781256829132,14.6206953105812,0.974713020705416,20,32,0,0,0,0,0,26.1549056499674,52.2309266407664,14.4519892758176,52.2309266407664,0.703826955074875,0.996666666666667,3,0,0.580698835274542,0.742096505823627,3,3,INFEASIBLE,0,0.198815095469776,5,0.35,1.59228012733716,0.0233450768140131,0.0633451109605478,-42.2945269696533,12.1738697581517,49.4066997849449,0.131576414366995,0.147688729834411,49.5781256829132,14.6206953105812,740,R0740,-2.21623480776818,Exp1,regime_structure,regime-pipeline-v1,3,740
2.09380200600653,40.1997998348148,13.6396204350072,0.909308029000482,20,32,0,0,0,0,0,44.2256503980852,87.1725690329636,87.1725690329636,87.1725690329636,0.722129783693844,0.998333333333333,3,0,0.569051580698835,0.740432612312812,3,3,INFEASIBLE,0,0.396554861877916,4,0.35,1.98062528239299,0.0258205320632924,0.212202655282316,-52.4406353532317,7.08010741919121,36.5618069684114,0.0673262283453568,0.141469206921545,40.1997998348148,13.6396204350072,741,R0741,-2.35608871028268,Exp1,regime_structure,regime-pipeline-v1,3,741
0.393615133189491,48.287025015518,12.8321607976052,0.855477386507012,20,32,0,0,0,0,0,39.9066786852942,90,90,90,0.73044925124792,0.998333333333333,3,0,0.675540765391015,0.826955074875208,3,3,INFEASIBLE,0,0.429206694708006,2,0.35,1.23291511316033,0.0301016259654691,0.057929331511758,-39.245064674726,11.0210560889644,43.1802263533974,0.0944647954718445,0.204823704618081,48.287025015518,12.8321607976052,742,R0742,-2.00443381686193,Exp1,regime_structure,regime-pipeline-v1,3,742
1.95542406139219,40.8762024084785,13.203642691355,0.88024284609033,20,32,0,0,0,0,0,63.473992094146,90,90,90,0.70216306156406,0.995,3,0,0.660565723793677,0.718801996672213,3,3,INFEASIBLE,0,0.241764587284958,2,0.35,1.08265529828335,0.0106065122093528,0.180140463629701,-58.5788884930603,6.52044163853689,37.6950439033476,0.130231142575623,0.177528566637994,40.8762024084785,13.203642691355,743,R0743,-2.32248884387699,Exp1,regime_structure,regime-pipeline-v1,3,743
2.51940219814416,116.425562972679,14.2318223094082,0.94878815396055,20,16,1,1,1,1,3,4.23119082200028,11.0932040298323,3.91864553574326,11.0932040298323,0.104825291181364,0.99,3,0,0,0.352745424292845,3,3,EASY,2,0.248796272339918,5,0.35,2.07011663424901,0.0151459853770375,0.210542243806957,-63.9316882246953,9.29738776809343,36.9468305675886,0.010073406329937,0.0687425556054662,116.425562972679,14.2318223094082,744,R0744,2.08223912710246,Exp1,regime_structure,regime-pipeline-v1,3,744
2.70028189969004,43.3729334003538,11.9231863810887,0.794879092072579,20,16,1,1,0,0.666666666666667,2,0.907675127723987,2.67801470231496,2.67801470231496,2.67801470231496,0,0.948333333333333,3,0,0,0.29450915141431,3,3,FRAGILE,1,0.394233594681618,2,0.35,1.8732585754437,0.036145610494793,0.206288875278761,-67.6434803153948,9.61303106402583,34.5658030575359,0.128528787403518,0.0236934312013568,43.3729334003538,11.9231863810887,745,R0745,0,Exp1,regime_structure,regime-pipeline-v1,3,745
1.09605991403246,102.610490895536,8.08916528373916,0.53927768558261,20,32,0,1,0,0.333333333333333,1,10.9037109100762,31.0254841101797,31.0254841101797,31.0254841101797,0.742096505823627,0.991666666666667,3,0,0.572379367720466,0.798668885191348,3,3,INFEASIBLE,0,0.227196125038755,3,0.35,0.97935007325802,0.0309588179996242,0.105860389871232,-57.9487474734328,8.06390289183678,40.5459847534167,0.0531584246385655,0.156971434117654,102.610490895536,8.08916528373916,746,R0746,-2.0039898671308,Exp1,regime_structure,regime-pipeline-v1,3,746
0.816664141092256,43.8886430579542,8.77650312230597,0.585100208153731,45,32,1,0,0,0.333333333333333,1,12.4227442414982,26.5697495839252,10.4181198052339,26.5697495839252,0.637271214642263,0.993333333333333,3,0,0.484193011647255,0.798668885191348,3,3,FRAGILE,1,0.273886759568839,1,0.35,1.81594684690692,0.0131831544264265,0.103235115674169,-45.6591620811149,5.75606386665017,43.1206358113831,0.0258743636410709,0.136949781327042,43.8886430579542,8.77650312230597,747,R0747,0,Exp1,regime_structure,regime-pipeline-v1,3,747
1.4975753481822,39.0348453615224,10.480472238444,0.698698149229602,20,32,1,1,1,1,3,0.183493436219422,0.405688178952642,0.360615244271781,0.405688178952642,0,0.983333333333333,0,0,0,0,0,0,EASY,2,0.253171587524926,1,0.35,1.49564204297646,0.0395574040493877,0.203709650330344,-34.7966697711977,13.5126844338635,28.9989692858795,0.0354382957599391,0.00727533382170496,39.0348453615224,10.480472238444,748,R0748,1.64650775155167,Exp1,regime_structure,regime-pipeline-v1,3,748
1.00855678388217,43.2461014709138,11.7794961040026,0.785299740266838,20,32,0,1,0,0.333333333333333,1,7.77027791064808,17.9063395611256,17.2951383758302,17.9063395611256,0.424292845257904,0.998333333333333,3,0,0.139767054908486,0.527454242928453,3,3,INFEASIBLE,0,0.149995637940999,3,0.35,1.92187810309921,0.0305065072935557,0.146040220861869,-36.6370483683353,5.05284180962762,36.4289425692688,0.00452796307355151,0.0906877205234915,43.2461014709138,11.7794961040026,749,R0749,-1.81234306276954,Exp1,regime_structure,regime-pipeline-v1,3,749
1.1230986135154,52.74000496727,11.5957676877808,0.773051179185389,20,32,0,0,0,0,0,25.7065674303171,57.0483182604646,50.0263312303301,57.0483182604646,0.732113144758735,0.995,3,0,0.56738768718802,0.790349417637271,3,3,INFEASIBLE,0,0.138658629349103,1,0.35,1.24289512839367,0.0102915253311911,0.111030326648516,-58.6074899333031,12.644406913108,43.4525285048554,0.143564183596047,0.129100694530882,52.74000496727,11.5957676877808,750,R0750,-2.40095212217996,Exp1,regime_structure,regime-pipeline-v1,3,750
1.60149114608105,103.860394407875,12.9275805201337,0.861838701342248,20,32,0,0,0,0,0,14.4647143873602,43.899434511393,43.899434511393,43.899434511393,0.707154742096506,0.995,3,0,0.545757071547421,0.762063227953411,3,3,INFEASIBLE,0,0.343889265120135,3,0.35,1.22601020777305,0.0114962858454552,0.147727568547173,-64.2479773599553,11.3762455033839,45.46260241992,0.101999181452867,0.121314429598314,103.860394407875,12.9275805201337,751,R0751,-1.93290666143915,Exp1,regime_structure,regime-pipeline-v1,3,751
1.90732290866065,112.915009058983,8.2514762849313,0.55009841899542,20,16,1,1,1,1,3,0.0536562692112351,0.155202612244703,0.0684886992063825,0.155202612244703,0,0.776666666666667,0,0,0,0,0,0,EASY,2,0.0909224040022797,4,0.35,1.79818084907576,0.0253119085444046,0.151579729659983,-59.7748171644097,6.49679584887638,29.2100080103332,0.0188332543294488,0.0119403897045265,112.915009058983,8.2514762849313,752,R0752,2.03193814857328,Exp1,regime_structure,regime-pipeline-v1,3,752
0.517285898136389,94.6006065656731,8.27853794289161,0.551902529526107,20,32,0,0,0,0,0,17.4157260195605,41.4314855604464,4.63552266917848,41.4314855604464,0.815307820299501,0.993333333333333,3,0,0.698835274542429,0.858569051580699,3,3,INFEASIBLE,0,0.199697919696945,4,0.35,0.943303165743414,0.0381894176961657,0.0547237397788898,-48.8718997158439,12.4047325498891,34.5995188046855,0.102125922290908,0.15295419419118,94.6006065656731,8.27853794289161,753,R0753,-2.17863984094853,Exp1,regime_structure,regime-pipeline-v1,3,753
2.17675093147498,77.9299055565952,12.250216345666,0.816681089711066,20,32,0,0,0,0,0,34.936022745921,90,90,90,0.785357737104825,0.998333333333333,3,0,0.688851913477537,0.825291181364393,3,3,INFEASIBLE,0,0.29919864549137,3,0.35,2.01211469020972,0.0185461912349611,0.142393756418671,-68.4385201160269,11.6396789184388,25.9434060642146,0.136342265955979,0.203687498375963,77.9299055565952,12.250216345666,754,R0754,-2.39489079945421,Exp1,regime_structure,regime-pipeline-v1,3,754
1.84855375093789,34.9110916587078,11.8089029984626,0.787260199897509,20,32,1,1,0,0.666666666666667,2,5.67102405808094,12.8540003090855,0.262054509036671,12.8540003090855,0.336106489184692,0.993333333333333,2.965,0,0.174708818635607,0.497504159733777,3,3,FRAGILE,1,0.0864728744379141,1,0.35,1.46586678357682,0.0398418160010437,0.192116602919865,-50.4001076726977,9.66658839642158,35.5132089416458,0.0754105433225883,0.058536503963803,34.9110916587078,11.8089029984626,755,R0755,0,Exp1,regime_structure,regime-pipeline-v1,3,755
0.980947007857325,53.7180717927917,12.2106591079565,0.814043940530433,20,32,0,0,0,0,0,14.710998028705,29.938825297192,23.5976591281951,29.938825297192,0.652246256239601,0.996666666666667,3,0,0.465890183028286,0.728785357737105,3,3,INFEASIBLE,0,0.238026549576814,2,0.35,1.76027720437362,0.0357333960088602,0.073296717412642,-60.7222882930754,7.39404847897996,26.646217758317,0.0861414700430821,0.182716400820703,53.7180717927917,12.2106591079565,756,R0756,-2.11693648739043,Exp1,regime_structure,regime-pipeline-v1,3,756
0.798834834744169,114.430200309976,11.0285191441508,0.735234609610054,20,32,0,0,0,0,0,9.55597388477357,27.8967794565812,27.8967794565812,27.8967794565812,0.64891846921797,0.995,3,0,0.499168053244592,0.722129783693844,3,3,INFEASIBLE,0,0.232777244265218,3,0.35,1.41605225711852,0.0312138454315915,0.0619286836458078,-61.9388743232834,6.07776192007713,29.8440446670402,0.120699211283479,0.179272416353295,114.430200309976,11.0285191441508,757,R0757,-1.91714280384828,Exp1,regime_structure,regime-pipeline-v1,3,757
0.568548496736042,76.8951186941589,9.59749514065449,0.639833009376966,20,32,0,0,0,0,0,23.8819852605454,52.7980092227562,23.2821331284481,52.7980092227562,0.800332778702163,0.996666666666667,3,0,0.693843594009983,0.830282861896839,3,3,INFEASIBLE,0,0.411097771190818,1,0.35,1.87587731437622,0.0372930981039436,0.044116527972011,-57.0407672294155,9.67031530023515,25.3571064502743,0.0342721653640542,0.228885429892034,76.8951186941589,9.59749514065449,758,R0758,-2.97630392248127,Exp1,regime_structure,regime-pipeline-v1,3,758
1.32542688938689,26.9657881374782,14.4270285082345,0.961801900548968,20,32,1,1,1,1,3,4.27225864359352,11.050443474206,10.8581494092239,11.050443474206,0.164725457570715,0.998333333333333,3,0,0,0.32279534109817,3,3,EASY,2,0.103585967933916,2,0.35,1.87785836107478,0.0183983456662582,0.186412829511833,-32.5258861371443,11.7779549230801,27.0869231014324,0.00914012289704698,0.0314183603145698,26.9657881374782,14.4270285082345,759,R0759,1.90606242573324,Exp1,regime_structure,regime-pipeline-v1,3,759
1.4193336394317,23.1517156284798,8.80798992199087,0.587199328132724,20,32,0,0,0,0,0,37.7852374640081,74.8827075639625,74.8827075639625,74.8827075639625,0.692179700499168,0.998333333333333,3,0,0.655574043261231,0.825291181364393,3,3,INFEASIBLE,0,0.0858524619497542,4,0.35,2.02544762165595,0.0121279478704116,0.190172620466073,-39.4136970403284,5.26671145615053,36.0979629355109,0.0695181736984524,0.184518892242357,23.1517156284798,8.80798992199087,760,R0760,-2.5071455558374,Exp1,regime_structure,regime-pipeline-v1,3,760
2.24986899467734,101.018577647919,11.6261723006911,0.775078153379409,20,32,1,1,1,1,3,0.918646202196817,2.83352266213749,2.83352266213749,2.83352266213749,0.0332778702163062,0.991666666666667,3,0,0.0382695507487521,0.296173044925125,3,2.895,EASY,2,0.33416950892305,4,0.35,1.29908111904431,0.0187396228454608,0.214633540148978,-50.6659421270108,8.82203825273308,30.2394799967895,0.0629512470254069,0.0449172245382836,101.018577647919,11.6261723006911,761,R0761,1.78563729462637,Exp1,regime_structure,regime-pipeline-v1,3,761
0.64519464432802,60.0092971561171,14.1259597217078,0.94173064811385,20,32,0,0,0,0,0,8.10365009697073,19.9392989213677,19.4265563412949,19.9392989213677,0.279534109816972,0.993333333333333,3,0,0.181364392678869,0.672212978369384,3,3,INFEASIBLE,0,0.304550679882411,3,0.35,1.95116420122864,0.0375267233176419,0.0563410731740717,-51.9015112353579,5.25475527797607,26.5882704038545,0.0124015711063773,0.119489714675714,60.0092971561171,14.1259597217078,762,R0762,-2.07355203746456,Exp1,regime_structure,regime-pipeline-v1,3,762
0.694782534869342,83.8799846833849,14.1525027001766,0.943500180011773,20,32,0,0,0,0,0,36.7580253484006,82.7150156015327,75.3082510337243,82.7150156015327,0.757071547420965,0.998333333333333,3,0,0.59567387687188,0.801996672212978,3,3,INFEASIBLE,0,0.245518835622424,3,0.35,1.9731920524583,0.0280099518812422,0.109200267788683,-36.485118320816,13.0906145888358,42.5640060467266,0.144121689149528,0.180979909645125,83.8799846833849,14.1525027001766,763,R0763,-2.2559518690019,Exp1,regime_structure,regime-pipeline-v1,3,763
0.815829913875369,67.7834254032478,11.8266125175055,0.788440834500367,20,16,1,0,0,0.333333333333333,1,13.9111672454629,29.9975557687229,2.94955745302531,29.9975557687229,0.374376039933444,0.99,3,0,0.400998336106489,0.505823627287854,3,3,FRAGILE,1,0.251017544996323,2,0.35,1.81351281853533,0.0240322825966569,0.10145285728745,-42.359124729374,6.02114423792842,35.9157241435296,0.117740984811612,0.165731505159907,67.7834254032478,11.8266125175055,764,R0764,0,Exp1,regime_structure,regime-pipeline-v1,3,764
0.911328164208818,74.6394152684859,8.39787474033356,0.559858316022237,20,32,1,1,1,1,3,4.03126925930288,10.5134997158722,7.67563917831581,10.5134997158722,0.499168053244592,0.996666666666667,3,0,0.302828618968386,0.608985024958403,3,3,EASY,2,0.389633028698161,1,0.35,1.71775054757673,0.0154992202397622,0.0944634900682383,-58.895817065955,9.0235675499886,48.240149962711,0.000899860627026748,0.0740749540476395,74.6394152684859,8.39787474033356,765,R0765,1.58347937323872,Exp1,regime_structure,regime-pipeline-v1,3,765
0.336227690834926,74.2124159360285,10.9943184795505,0.732954565303368,20,32,0,0,0,0,0,14.774869684802,34.6003652492138,29.3210129652465,34.6003652492138,0.64891846921797,0.998333333333333,3,0,0.477537437603993,0.725457570715474,3,3,INFEASIBLE,0,0.135321746548843,3,0.35,1.14943138493984,0.0140352999431288,0.0482701075063057,-31.8177814134471,8.56168277141866,27.0078940482932,0.0998741069923498,0.141061720581729,74.2124159360285,10.9943184795505,766,R0766,-1.94908654572103,Exp1,regime_structure,regime-pipeline-v1,3,766
0.623241253651112,22.17821183919,14.9809187982372,0.998727919882479,20,32,0,0,0,0,0,22.5093402492323,63.7731060445261,63.7731060445261,63.7731060445261,0.698835274542429,0.998333333333333,3,0,0.349417637271215,0.780366056572379,3,3,INFEASIBLE,0,0.404305547323835,6,0.35,1.71679682668117,0.0144724930726921,0.0845692553917462,-37.9740752028705,5.15989847028193,34.3675361296519,0.140647969802683,0.199137250920859,22.17821183919,14.9809187982372,767,R0767,-2.54401323033071,Exp1,regime_structure,regime-pipeline-v1,3,767
2.65061959887316,98.3948622821332,9.61729057978862,0.641152705319242,20,8,0,0,0,0,0,90,90,90,90,0.793677204658902,0.995,3,0,0.652246256239601,0.780366056572379,3,3,INFEASIBLE,0,0.432037545278557,2,0.35,1.33296671369336,0.0243926235814287,0.230296739592169,-68.3046620550469,13.2415963619735,45.5871897133521,0.0939573157194583,0.231816679533256,98.3948622821332,9.61729057978862,768,R0768,-2.69888202861523,Exp1,regime_structure,regime-pipeline-v1,3,768
2.28447284770954,86.9771093106749,11.9035036877515,0.793566912516766,20,8,1,1,1,1,3,0.0819988614098974,0.162647697209746,0.0525911911149167,0.162647697209746,0,0.626666666666667,0,0,0,0,0,0,EASY,2,0.324947133841798,4,0.35,1.92863855622763,0.0271048400457203,0.227086939659338,-46.0627709029018,12.39200029926,27.1377470311025,0.0235853432722982,0.000186515172551214,86.9771093106749,11.9035036877515,769,R0769,1.76141498510764,Exp1,regime_structure,regime-pipeline-v1,3,769
1.37878828995961,66.1058568821253,9.56839731099411,0.637893154066274,20,32,1,1,1,1,3,6.65625575179625,15.8311482017992,5.00015853247269,15.8311482017992,0.590682196339434,0.995,3,0,0.412645590682196,0.662229617304492,3,3,EASY,2,0.25217874572035,1,0.35,1.55711805201761,0.0139821288758582,0.226407218253743,-30.3712791269517,8.10179178191113,32.1938479433599,0.113998309894574,0.104627530985389,66.1058568821253,9.56839731099411,770,R0770,1.9962167707474,Exp1,regime_structure,regime-pipeline-v1,3,770
0.948226342868635,44.0764759459222,10.9971575190051,0.733143834600343,20,16,1,1,1,1,3,0.143413438355207,0.435426231268108,0.0237257053529943,0.435426231268108,0,0.89,0,0,0,0,0,0,EASY,2,0.227953874606356,4,0.35,2.09938396135063,0.0383428280059239,0.106223634293792,-48.3470466993885,6.01074531419384,37.9681587647637,0.0735139906380667,0.00677898314892064,44.0764759459222,10.9971575190051,771,R0771,2.40154980250583,Exp1,regime_structure,regime-pipeline-v1,3,771
0.70763760692123,90.7915119843493,13.9442632146256,0.929617547641709,20,32,0,0,0,0,0,32.1915023778205,74.2472762734178,70.6337058511468,74.2472762734178,0.745424292845258,0.996666666666667,3,0,0.569051580698835,0.800332778702163,3,3,INFEASIBLE,0,0.180569327767984,5,0.35,1.71604673284731,0.0128143200667966,0.0958750484241112,-36.84820938352,10.4044958661491,32.2614227600317,0.0197203778162341,0.198700581642114,90.7915119843493,13.9442632146256,772,R0772,-2.19511538920817,Exp1,regime_structure,regime-pipeline-v1,3,772
0.890054128700836,87.4515806628261,11.5973742333405,0.773158282222701,20,16,1,1,0,0.666666666666667,2,2.39045649091649,6.15046511542004,5.97474435519319,6.15046511542004,0.0682196339434276,0.986666666666667,3,0,0,0.266222961730449,2.905,3,FRAGILE,1,0.370441860910823,2,0.35,1.13368076992825,0.0378746232431975,0.100617780997329,-43.3104580117183,10.6232423496521,31.0286972747039,0.0384121789277152,0.0485689510757937,87.4515806628261,11.5973742333405,773,R0773,0,Exp1,regime_structure,regime-pipeline-v1,3,773
1.54112199467295,100.613510979901,12.7125886237889,0.847505908252591,20,32,0,0,0,0,0,25.9673813575284,82.7094962010119,82.7094962010119,82.7094962010119,0.750415973377704,0.998333333333333,3,0,0.64891846921797,0.823627287853577,3,3,INFEASIBLE,0,0.0794207943056929,4,0.35,1.41508726212525,0.0202083816032524,0.184808043313227,-51.5679971747195,11.8693447932839,49.4982205305417,0.0700457484126018,0.160284546934683,100.613510979901,12.7125886237889,774,R0774,-1.68922718882228,Exp1,regime_structure,regime-pipeline-v1,3,774
1.23121492999076,102.296522123041,13.6044861079896,0.906965740532639,20,32,1,1,0,0.666666666666667,2,6.89937800009243,17.1490554975038,13.8551340057615,17.1490554975038,0.422628951747088,0.995,3,0,0.173044925124792,0.582362728785358,3,3,FRAGILE,1,0.184285676659254,3,0.35,1.00735812577409,0.0189768172114252,0.101700027681672,-59.60871627087,7.85925201420119,31.3801699205473,0.148162161717159,0.086508523609988,102.296522123041,13.6044861079896,775,R0775,0,Exp1,regime_structure,regime-pipeline-v1,3,775
1.64778813477328,75.4636385343735,14.0633298662032,0.937555324413549,20,32,0,0,0,0,0,37.8873450381702,90,90,90,0.70216306156406,0.995,3,0,0.537437603993344,0.748752079866889,3,3,INFEASIBLE,0,0.156968977691461,5,0.35,1.26920417049271,0.0240701538973182,0.142681794839573,-68.7169328507302,5.80536322400086,45.8271949873066,0.134443542113022,0.228422517556418,75.4636385343735,14.0633298662032,776,R0776,-2.52661493735582,Exp1,regime_structure,regime-pipeline-v1,3,776
1.24197254290535,71.7920514907629,9.5163425214052,0.634422834760346,20,32,0,0,0,0,0,16.934363407139,44.6755374359117,44.6755374359117,44.6755374359117,0.685524126455907,0.993333333333333,3,0,0.554076539101497,0.733777038269551,3,3,INFEASIBLE,0,0.372275681988757,3,0.35,1.48418664980505,0.0157138032834812,0.109826654344097,-52.342523301428,6.43514240415231,27.7307863901466,0.115955377619639,0.176023904332259,71.7920514907629,9.5163425214052,777,R0777,-1.96094185209497,Exp1,regime_structure,regime-pipeline-v1,3,777
0.572482510286332,77.6207811333559,10.7385705464371,0.715904703095804,20,8,1,1,0,0.666666666666667,2,12.0485269733067,27.8539366668248,12.1159089928493,27.8539366668248,0.276206322795341,0.983333333333333,3,0,0,0.419301164725458,3,3,FRAGILE,1,0.342143808430247,3,0.35,1.76654304631058,0.0316498104451581,0.073079731496768,-41.9002638970543,6.8609106618416,37.0309039149121,0.00868475845928599,0.0887311321979578,77.6207811333559,10.7385705464371,778,R0778,0,Exp1,regime_structure,regime-pipeline-v1,3,778
0.651974195741462,58.377701773309,11.1359869663557,0.74239913109038,20,32,0,0,0,0,0,30.4800049441998,90,90,90,0.800332778702163,0.996666666666667,3,0,0.733777038269551,0.846921797004992,3,3,INFEASIBLE,0,0.182794144152217,3,0.35,1.49382695348548,0.0160919298096987,0.0973118082184763,-34.7069757444323,13.0343950889475,34.7348295610469,0.0381215633467772,0.187134146398444,58.377701773309,11.1359869663557,779,R0779,-1.86244366735704,Exp1,regime_structure,regime-pipeline-v1,3,779
0.806379439570028,63.6769661953361,12.1833858851424,0.812225725676161,20,32,1,1,1,1,3,1.48127125926691,3.94788975814136,3.45539166963339,3.94788975814136,0.0765391014975042,0.988333333333333,3,0,0,0.332778702163062,2.91,3,EASY,2,0.426555086916843,2,0.35,1.81425073567173,0.0324444036866928,0.122431418909958,-40.4841007793651,13.5525424575207,48.9031940328355,0.100496787283226,0.0316703261617046,63.6769661953361,12.1833858851424,780,R0780,1.9224733257825,Exp1,regime_structure,regime-pipeline-v1,3,780
1.48811698790186,86.6459618208271,9.32146382520365,0.621430921680243,20,32,0,0,0,0,0,15.0469034681675,33.6196162983211,27.6651727562444,33.6196162983211,0.750415973377704,0.996666666666667,3,0,0.663893510815308,0.818635607321131,3,3,INFEASIBLE,0,0.20320571332719,5,0.35,1.72053600777286,0.035752697898819,0.164544322045926,-51.4847082482547,10.0301243948391,41.9478321387522,0.0240650947435023,0.149334950906406,86.6459618208271,9.32146382520365,781,R0781,-1.66204167029007,Exp1,regime_structure,regime-pipeline-v1,3,781
2.11040382702102,27.976945603632,10.618698140692,0.707913209379465,20,32,1,1,1,1,3,13.0772342667831,24.9652358559211,2.44206477611432,24.9652358559211,0.547420965058236,0.991666666666667,3,0,0.415973377703827,0.607321131447587,3,3,FRAGILE,1,0.444353509561326,1,0.35,1.68796514369484,0.0262026129606262,0.138370421530539,-67.1892056278353,7.20610548498079,25.1197762396741,0.0624810477731081,0.0609138017455456,27.976945603632,10.618698140692,782,R0782,0,Exp1,regime_structure,regime-pipeline-v1,3,782
1.21264269263421,28.0963384153986,10.4952051815316,0.69968034543544,20,16,1,0,0,0.333333333333333,1,12.8553315877334,27.8970067830828,14.9529723771582,27.8970067830828,0.366056572379368,0.985,3,0,0.264559068219634,0.509151414309484,3,3,FRAGILE,1,0.220036199893775,3,0.35,1.82116959382882,0.0114759008189787,0.0973842486092684,-67.782961806491,13.8026403427655,38.3543094223966,0.0905327195142529,0.0502544874574587,28.0963384153986,10.4952051815316,783,R0783,0,Exp1,regime_structure,regime-pipeline-v1,3,783
2.1692507309722,90.1890548285867,13.3703266210455,0.891355108069698,20,32,1,0,1,0.666666666666667,2,7.62156583114435,18.4005842958145,4.55993047139361,18.4005842958145,0.450915141430948,0.991666666666667,3,0,0.267886855241265,0.580698835274542,3,3,FRAGILE,1,0.143268528858358,3,0.35,1.53869816030012,0.01014031535143,0.229090363252543,-44.0186328061193,8.94810208943544,27.9723267604466,0.109852258448265,0.0819001158386149,90.1890548285867,13.3703266210455,784,R0784,0,Exp1,regime_structure,regime-pipeline-v1,3,784
0.577610593447684,60.1064421535252,9.59942995771935,0.63996199718129,45,32,1,1,1,1,3,12.8968760488932,30.1489312467055,3.4598728476958,30.1489312467055,0.672212978369384,0.996666666666667,3,0,0.565723793677205,0.733777038269551,3,3,FRAGILE,1,0.397043919283627,5,0.35,2.0274204602688,0.0298345038967975,0.0594498265872704,-55.8017884927104,10.6091746516376,42.6961267791732,0.076473633894671,0.0804050139981017,60.1064421535252,9.59942995771935,785,R0785,0,Exp1,regime_structure,regime-pipeline-v1,3,785
1.64388888474859,117.08865363989,12.9770469023564,0.865136460157095,20,32,0,1,0,0.333333333333333,1,6.83433029786081,15.6794471960168,15.6120088135857,15.6794471960168,0.544093178036606,0.988333333333333,3,0,0.299500831946755,0.62063227953411,3,3,INFEASIBLE,0,0.13738261428411,4,0.35,1.8463188097523,0.0103549706246177,0.142989129296665,-60.9577168340824,7.79637760097008,36.3898165948277,0.0207724722815345,0.103254104699796,117.08865363989,12.9770469023564,786,R0786,-2.01275571735999,Exp1,regime_structure,regime-pipeline-v1,3,786
2.27256389713357,62.7933478365148,12.9811221778662,0.865408145191083,20,32,0,0,0,0,0,24.1146327437348,42.1065220094266,34.7266072122777,42.1065220094266,0.700499168053245,0.998333333333333,3,0,0.594009983361065,0.740432612312812,3,3,INFEASIBLE,0,0.22276741631019,4,0.35,1.51922007378475,0.0129361197526945,0.178135235727545,-66.7085121072315,5.49767711594125,35.3908770073411,0.0896258327344091,0.216740098378224,62.7933478365148,12.9811221778662,787,R0787,-2.50042483365706,Exp1,regime_structure,regime-pipeline-v1,3,787
2.19694331027342,111.617553015702,9.19222139564857,0.612814759709905,20,32,0,0,0,0,0,30.0373327611157,65.3787730009357,41.6482524544591,65.3787730009357,0.775374376039933,0.996666666666667,3,0,0.693843594009983,0.838602329450915,3,3,INFEASIBLE,0,0.34991428531602,2,0.35,1.79188746775409,0.0393902926326202,0.232149611463566,-47.4340138912467,8.7807112808521,32.519160918539,0.0743387346536443,0.190254746008031,111.617553015702,9.19222139564857,788,R0788,-2.10023727808062,Exp1,regime_structure,regime-pipeline-v1,3,788
0.986890812173327,117.528479302402,8.55204031383878,0.570136020922586,20,32,0,0,0,0,0,11.4535192744513,31.4768031373005,31.0435698431328,31.4768031373005,0.692179700499168,0.993333333333333,3,0,0.56738768718802,0.790349417637271,3,3,INFEASIBLE,0,0.338441108285961,6,0.35,1.59346400899708,0.0348938729499065,0.0874678651134489,-65.1455380703438,6.79995249648304,43.1508693350665,0.147182507942647,0.17796139166932,117.528479302402,8.55204031383878,789,R0789,-1.84738310942322,Exp1,regime_structure,regime-pipeline-v1,3,789
0.61089755622044,90.1007235454007,10.5714444802824,0.70476296535216,20,32,0,1,0,0.333333333333333,1,11.4095640845186,30.0955127451529,29.2975608603278,30.0955127451529,0.650582362728785,0.993333333333333,3,0,0.48585690515807,0.707154742096506,3,3,INFEASIBLE,0,0.324304497415181,6,0.35,1.67153456630673,0.0392159554076111,0.0570255366478998,-65.8937147064751,11.06506068717,48.9723929824965,0.0373484705045398,0.104978149400759,90.1007235454007,10.5714444802824,790,R0790,-1.8527128065886,Exp1,regime_structure,regime-pipeline-v1,3,790
1.40400328791929,32.7053260403228,14.5344511181835,0.968963407878901,20,32,0,0,0,0,0,75.6501282511249,90,90,90,0.765391014975042,1,3,0,0.547420965058236,0.853577371048253,3,3,INFEASIBLE,0,0.170446404574368,4,0.35,1.36530088175039,0.0207828947184692,0.198602520837895,-43.1733976901805,8.05608340727409,48.2755330098815,0.00896840931352889,0.217032790521385,32.7053260403228,14.5344511181835,791,R0791,-2.07832105366327,Exp1,regime_structure,regime-pipeline-v1,3,791
1.42305839746212,46.5677192073721,12.0965620169675,0.806437467797836,45,32,1,0,1,0.666666666666667,2,11.4779789858195,26.2981278065934,13.0089062701623,26.2981278065934,0.574043261231281,0.995,3,0,0.352745424292845,0.647254575707155,3,3,FRAGILE,1,0.429953216403084,1,0.35,1.30010038875696,0.0183777258780007,0.184985176946948,-42.0524361344402,13.2193962775232,38.6787197575746,0.0476925882405936,0.0413872124035641,46.5677192073721,12.0965620169675,792,R0792,0,Exp1,regime_structure,regime-pipeline-v1,3,792
0.602658502467809,51.3217359770549,10.1090841046618,0.673938940310784,20,16,1,0,1,0.666666666666667,2,2.82843115057102,7.05821067689147,3.10401609626181,7.05821067689147,0.0266222961730449,0.966666666666667,3,0,0.126455906821963,0.0981697171381032,3,3,FRAGILE,1,0.366314541375346,5,0.35,0.96309192286736,0.0348718597669578,0.0892426911500466,-38.2776894502291,8.66556313005569,41.5868021748209,0.111690147270703,0.0514001762211258,51.3217359770549,10.1090841046618,793,R0793,0,Exp1,regime_structure,regime-pipeline-v1,3,793
1.33157695173422,80.8371206413894,10.0135502142774,0.667570014285162,20,32,1,1,1,1,3,2.25767685920945,5.31154163567731,4.47225301284445,5.31154163567731,0.296173044925125,0.983333333333333,3,0,0,0.425956738768719,3,3,EASY,2,0.232878625993021,6,0.35,1.29629814704775,0.0222718909831329,0.126527108437347,-60.2385798817835,7.21083029767115,42.4077698520017,0.147681829673262,0.0596939616536303,80.8371206413894,10.0135502142774,794,R0794,1.95868774774473,Exp1,regime_structure,regime-pipeline-v1,3,794
1.15711946546716,42.7790624887044,8.29431258171602,0.552954172114401,20,32,0,0,0,0,0,37.6564981279834,73.1509466086407,44.8129577007328,73.1509466086407,0.800332778702163,0.996666666666667,3,0,0.732113144758735,0.876871880199667,3,3,INFEASIBLE,0,0.0776813813478119,4,0.35,1.21604215332517,0.0175689217965616,0.212522343881795,-31.0261186570416,8.98363251324921,42.0309349144469,0.0415203335003108,0.214098499414449,42.7790624887044,8.29431258171602,795,R0795,-2.43338495955918,Exp1,regime_structure,regime-pipeline-v1,3,795
1.62014375425025,81.7744981024274,11.214222455585,0.747614830372333,20,32,0,0,0,0,0,9.19295953669647,28.7964982786221,28.7964982786221,28.7964982786221,0.587354409317804,0.991666666666667,3,0,0.381031613976705,0.690515806988353,3,3,INFEASIBLE,0,0.0907067887082198,3,0.35,1.11496102889332,0.0210723468573108,0.192674476348248,-43.8068184919935,8.22748236377623,35.1306395825619,0.0178717957858522,0.113698082853243,81.7744981024274,11.214222455585,796,R0796,-1.49693294417034,Exp1,regime_structure,regime-pipeline-v1,3,796
0.8875364443239,35.7632816246892,14.4539304584218,0.963595363894789,20,32,1,1,1,1,3,4.01595319483283,11.3637936662136,11.3637936662136,11.3637936662136,0.246256239600666,0.996666666666667,3,0,0,0.442595673876872,3,3,EASY,2,0.0990859905780601,2,0.35,1.01402626021876,0.0252075860723568,0.101585191606625,-54.2078347416295,8.62181054933328,49.8280504416816,0.00482087469578176,0.047038604752886,35.7632816246892,14.4539304584218,797,R0797,2.09216877211548,Exp1,regime_structure,regime-pipeline-v1,3,797
1.18351419488161,87.8668063575612,11.305583424423,0.753705561628202,45,32,1,1,0,0.666666666666667,2,11.9528675370228,28.2800071489117,0.680166014133396,28.2800071489117,0.587354409317804,0.993333333333333,2.98,0,0.462562396006656,0.663893510815308,2.98,3,FRAGILE,1,0.0689033802453853,1,0.35,1.51809389947338,0.0256069522238606,0.150487457992657,-42.4500450362209,8.1146344892747,37.7112855901193,0.0353195023061918,0.102045204667874,87.8668063575612,11.305583424423,798,R0798,0,Exp1,regime_structure,regime-pipeline-v1,3,798
1.35674593164667,49.596805308702,8.35929459241464,0.557286306160976,20,32,0,0,0,0,0,23.3099613645541,49.0083164877412,29.1019103448552,49.0083164877412,0.757071547420965,0.996666666666667,3,0,0.607321131447587,0.803660565723794,2.975,3,INFEASIBLE,0,0.292980220410498,3,0.35,1.34362091459328,0.0257389730009981,0.134099839350127,-45.0257982224317,8.65577581416184,25.6356101118425,0.0708359756200573,0.168245373609746,49.596805308702,8.35929459241464,799,R0799,-2.13360582197503,Exp1,regime_structure,regime-pipeline-v1,3,799
1.36587647237975,42.2186632749808,14.2435526417515,0.949570176116769,20,32,0,0,0,0,0,31.5557625352079,89.0572703919822,89.0572703919822,89.0572703919822,0.690515806988353,0.998333333333333,3,0,0.455906821963394,0.738768718801997,3,3,INFEASIBLE,0,0.11316813669168,5,0.35,2.03276916846029,0.0114191927837938,0.102665857985879,-68.7676498362831,8.3304007519716,34.5827046191369,0.00117309837137141,0.141931585968646,42.2186632749808,14.2435526417515,800,R0800,-2.63902080948315,Exp1,regime_structure,regime-pipeline-v1,3,800
