rank_adrc,factor,importance_pid,importance_adrc
1,aero_scale,0.481089052442703,0.589120344173071
2,mmi_inertia_scale,0.330860081592395,0.559030841716331
3,loop_delay_ms,1.70323744342304,0.443186889678336
4,cg_moment_coeff,0.351110583951532,0.352096029964514
5,thrust_profile_amp,0.175891148518818,0.0603363836535307
6,slew_rate_deg_s,3.17668999103745,0.0551590253634879
