rate_center_deg_s,valid_rows,mean_aero_residual_deg,mean_delay_residual_deg,mean_effect_margin_deg,median_effect_ratio,share_delay_dominant,margin_ci_low_deg,margin_ci_high_deg,delay_ci_low_deg,delay_ci_high_deg,aero_ci_low_deg,aero_ci_high_deg,unstable_share,stability_mismatch_share,mismatch_ci_low,mismatch_ci_high,mean_cp_ahead_share_truth,mean_static_margin_cal_truth,cp_ahead_ci_low,cp_ahead_ci_high
40,42,0.112828452223085,1.38039658316282,1.26756813093974,5.80673937995502,0.857142857142857,0.852239338605753,1.73523471986565,0.888143413959254,1.82695576502303,0.108732205209796,0.11744315677257,0,0,0,0,0,1.46666666666666,0,0
130,42,0.643359612043669,3.0013374444331,2.35797783238943,3.26714817568398,0.857142857142857,1.51456675549664,3.09068131721212,2.34096686658964,3.79454510491179,0.615321281064477,0.670301594823888,0,0,0,0,0,1.46666666666666,0,0
250,42,3.41948388502376,7.95007115359736,4.53058726857359,1.92330485764952,0.80952380952381,2.75284773408804,6.39522524264242,6.33644983027029,9.81535449257492,3.22043791156419,3.60533589637013,0,0,0,0,0,1.46666666666666,0,0
